# File produced by Open Asset Import Library (http://www.assimp.sf.net)
# (assimp v5.0.0)

mtllib base_link.mtl

# 3877 vertex positions
v  0.0086497301 -0.054315481 -1.420969e-10
v  0.005086184 -0.054764222 0.00019997344
v  5.3401455e-10 -0.054999907 0.00019999951
v  -0.0017899194 -0.054970775 -1.4209822e-10
v  -0.0017841602 -0.054882962 0.00019999951
v  5.3401406e-10 -0.054955821 0.0041197985
v  -0.0071789245 -0.054529373 0.00019999951
v  -0.012164823 -0.053637732 -1.4209951e-10
v  -0.0016774604 -0.049853679 -1.4209819e-10
v  -0.00059157558 -0.050428998 -1.4209807e-10
v  0.00063724868 -0.05041742 -1.4209792e-10
v  -0.0071731801 -0.054485742 0.0041197985
v  5.3401406e-10 -0.054955747 0.0041262545
v  0.0071731661 -0.054485593 0.0041262545
v  -0.0071121077 -0.054021824 0.012697171
v  5.3401294e-10 -0.0544875 0.01270223
v  0.0071120453 -0.054021347 0.01270223
v  0.0071722236 -0.054480147 0.00019996226
v  -0.012145667 -0.053541426 0.00019999951
v  5.3401206e-10 -0.053487327 0.01978041
v  0.0069814962 -0.053029735 0.01978041
v  -0.014223634 -0.053083319 0.0041197985
v  0.0086448463 -0.054279607 0.00019995854
v  0.009743032 -0.054130059 0.00019995109
v  0.014223595 -0.053083178 0.0041262545
v  0.014102404 -0.052630883 0.01270223
v  0.011375 -0.053610425 -1.4209657e-10
v  0.0017121068 -0.049821731 -1.4209778e-10
v  0.014332854 -0.053099517 0.00019993246
v  -0.0069816108 -0.053030621 0.019775866
v  -0.014102525 -0.052631345 0.012697171
v  0.013843537 -0.051664788 0.01978041
v  -0.014235019 -0.053125832 0.00019999951
v  -0.017627046 -0.051838156 -1.4210019e-10
v  -0.0023580338 -0.048830461 -1.4209829e-10
v  -0.0024999972 -0.048000004 -1.4209831e-10
v  0.018776514 -0.051695574 -1.4209564e-10
v  0.011375 -0.040476602 -1.4209657e-10
v  0.02025 -0.040703204 -1.4209546e-10
v  0.020685416 -0.042328198 -1.420954e-10
v  0.0023732712 -0.048785869 -1.4209769e-10
v  0.0024999981 -0.048000004 -1.4209768e-10
v  5.3401145e-10 -0.052191909 0.024990382
v  -0.021047555 -0.050813284 0.00019999951
v  0.018775914 -0.051693674 0.00019991011
v  0.021030653 -0.050772492 0.0041262545
v  -0.021030709 -0.050772626 0.0041197985
v  0.020914957 -0.050499592 0.010000002
v  0.020283256 -0.050803754 0.010000002
v  -0.0068124379 -0.05174559 0.02499043
v  -0.013843766 -0.051665653 0.019775866
v  0.0068122861 -0.051744442 0.024994267
v  5.3401145e-10 -0.052190941 0.024994267
v  0.013508012 -0.050412577 0.024994267
v  -0.020851642 -0.050340321 0.012697171
v  0.020160161 -0.05056091 0.012696635
v  0.019994751 -0.050234582 0.016320191
v  -0.0004449407 -0.050460327 0.030031938
v  5.3401084e-10 -0.050500002 0.029930539
v  0.00012594515 -0.05049688 0.029938512
v  0.0005483409 -0.050439347 0.030085556
v  -0.022099726 -0.050364587 -1.4210076e-10
v  -0.017627046 -0.040476602 -1.4210019e-10
v  -0.0024999972 -0.046 -1.4209831e-10
v  -0.00058816321 -0.050416302 0.030144351
v  -0.0010122875 -0.050285924 0.030477231
v  -0.0065511088 -0.049760628 0.030760536
v  -0.013508311 -0.050413694 0.02499043
v  0.0065505882 -0.04975665 0.030771246
v  0.0012237063 -0.050170738 0.03077133
v  0.0011799043 -0.050204139 0.030685861
v  0.00063413434 -0.050407398 0.030167105
v  0.01298909 -0.048475947 0.030771246
v  0.018820696 -0.051679503 0.00019991011
v  0.02822414 -0.047205802 -1.4209446e-10
v  0.023173098 -0.04987983 0.00019989148
v  0.021028284 -0.050766688 0.00019990266
v  0.021874998 -0.04351778 -1.4209525e-10
v  0.023499999 -0.043953199 -1.4209506e-10
v  -0.020469055 -0.049416672 0.019775866
v  0.019559648 -0.049374726 0.021553071
v  0.019707847 -0.049667601 0.01977074
v  0.019924764 -0.050096277 0.017161898
v  -0.022071891 -0.050308142 0.00019999951
v  0.020890545 -0.050402958 0.010000147
v  -0.02747795 -0.047593202 0.0041197985
v  0.027477875 -0.047593076 0.0041262545
v  0.027067535 -0.047537152 0.010000002
v  0.020554677 -0.049735662 0.017156996
v  0.020956472 -0.050359447 0.010000166
v  -0.012990131 -0.048479829 0.030760536
v  -0.019973055 -0.048219215 0.02499043
v  0.019334693 -0.048929904 0.023348145
v  0.019129518 -0.048524197 0.024985353
v  0.019003678 -0.04827537 0.025989505
v  -0.027499951 -0.047631312 0.00019999951
v  -0.031235263 -0.045269724 -1.421019e-10
v  0.021313503 -0.049804736 0.010000035
v  0.020997476 -0.049145799 0.017106745
v  -0.027243987 -0.047187973 0.012697171
v  -0.0011880466 -0.05017494 0.030760655
v  -0.0016298139 -0.049895983 0.031473033
v  0.0017007595 -0.049807046 0.031702064
v  -0.0016699502 -0.049846765 0.031600788
v  0.027357589 -0.047713224 0.00019987658
v  -0.0021846662 -0.049215551 0.03323935
v  0.0018146565 -0.049720209 0.031924281
v  0.021411851 -0.049651939 0.010000002
v  -0.0023143585 -0.048815761 0.034340579
v  -0.0062197889 -0.047243979 0.037923541
v  0.0023220186 -0.048926774 0.034011364
v  0.006219462 -0.047241513 0.037931453
v  0.0024999981 -0.048000004 0.03664529
v  0.0023501893 -0.04878011 0.034428202
v  0.012332507 -0.046025548 0.037931453
v  0.019972745 -0.048583854 0.023342809
v  0.021470197 -0.049111973 0.010000255
v  0.021194719 -0.048449967 0.017024934
v  0.023499999 -0.043953199 0.010000002
v  0.025125001 -0.04351778 0.010000002
v  -0.026744112 -0.046322156 0.019775866
v  0.020419002 -0.048000712 0.023256797
v  0.021519318 -0.048657369 0.010000467
v  -0.0024822275 -0.048298266 0.03576602
v  0.021434743 -0.048389699 0.010000266
v  0.021125652 -0.047721434 0.016920179
v  0.019201685 -0.047059227 0.028672045
v  -0.012333154 -0.046027955 0.037923541
v  -0.019206889 -0.046369527 0.030760536
v  0.018219084 -0.046731103 0.030760979
v  0.017749317 -0.045806494 0.033617865
v  0.017707445 -0.045724656 0.033868663
v  0.018561393 -0.047404852 0.028679233
v  0.020621818 -0.047315795 0.023116756
v  0.021324471 -0.048040707 0.010000002
v  -0.0024999972 -0.048000004 0.036645286
v  -0.026096053 -0.045199689 0.02499043
v  0.020922083 -0.047244053 0.016844235
v  0.021874998 -0.04351778 0.010000002
v  0.018813852 -0.043070164 0.010000002
v  0.019652128 -0.04648358 0.028559281
v  -0.0025000493 -0.046206739 0.042824231
v  -0.0025000121 -0.04762568 0.037935056
v  0.0024999981 -0.046 -1.4209768e-10
v  0.0025002663 -0.047583539 0.037931465
v  0.020734914 -0.046873491 0.020027841
v  0.020559844 -0.046601247 0.022937432
v  0.027496323 -0.047625575 0.00019987658
v  -0.031173244 -0.045176905 0.00019999951
v  -0.0059761922 -0.045393687 0.044893246
v  0.028206047 -0.047177162 0.00019987285
v  -0.033455029 -0.043599445 0.0041197985
v  0.03345494 -0.043599326 0.0041262545
v  0.027338434 -0.047354791 0.010000002
v  0.0025002738 -0.047582466 0.03793478
v  0.0024999981 -0.046 0.043671913
v  0.033274326 -0.04335906 0.010000002
v  0.032293916 -0.043369178 0.010000002
v  0.033116613 -0.043333206 0.010000002
v  0.032475583 -0.043361235 0.010000002
v  0.019861396 -0.045810763 0.028375575
v  0.0059761931 -0.045393687 0.044893246
v  0.011850131 -0.044225287 0.044893246
v  0.034089487 -0.042892281 -1.4209373e-10
v  0.031342961 -0.045195226 0.00019985795
v  0.025125001 -0.04351778 -1.4209485e-10
v  -0.033170179 -0.043228213 0.012697171
v  0.018305372 -0.045309935 0.033831913
v  0.018487196 -0.045183819 0.033820737
v  0.018386427 -0.045253713 0.033826932
v  0.020372149 -0.046155285 0.022804754
v  0.019807439 -0.04511169 0.028140301
v  0.018940415 -0.044359628 0.033626638
v  0.018820692 -0.044577349 0.033677913
v  0.018730342 -0.044741657 0.033716608
v  -0.018235497 -0.044024382 0.037923541
v  -0.025095008 -0.043465827 0.030760536
v  -0.032561563 -0.042435061 0.019775866
v  -0.0024999972 -0.046 0.043671913
v  0.019726142 -0.044876318 0.027749848
v  -0.011850133 -0.044225287 0.044893246
v  0.017214019 -0.044391926 0.038092334
v  0.0171551 -0.044232782 0.038596686
v  0.017009079 -0.043048952 0.042891264
v  0.017232191 -0.044441003 0.037936784
v  -0.0023597102 -0.045174304 -1.4209829e-10
v  0.0023597111 -0.045174304 -1.4209769e-10
v  -0.0024478952 -0.045740899 0.044897802
v  0.0024765586 -0.04572254 0.044894196
v  0.018948577 -0.0434292 0.033324603
v  0.01894521 -0.043813262 0.033449277
v  0.018942747 -0.044094007 0.033540413
v  -0.0023351903 -0.045180496 0.04754927
v  0.0024643396 -0.045577895 0.045531403
v  0.0023136963 -0.045191605 0.047568657
v  -0.0023055668 -0.045033175 0.048246283
v  -0.0057643647 -0.043784719 0.053807486
v  0.0057643657 -0.043784719 0.053807486
v  0.0020997156 -0.044642884 0.050462496
v  0.011430104 -0.042657737 0.053807486
v  0.017821927 -0.044012379 0.038026653
v  -0.033481821 -0.043634359 0.00019999951
v  -0.036935024 -0.040476602 -1.4210261e-10
v  -0.031772539 -0.041406777 0.02499043
v  0.033443995 -0.043585006 0.0001998505
v  0.0016866779 -0.044154707 -1.4209778e-10
v  -0.0016866768 -0.044154707 -1.4209821e-10
v  0.018813852 -0.043070164 0.033185348
v  0.018935077 -0.043393221 0.033310652
v  0.019681651 -0.044788238 0.028014923
v  0.01894531 -0.043420497 0.033321228
v  -0.001773476 -0.04423755 0.053065229
v  0.018274292 -0.04344653 0.037892446
v  0.0016563466 -0.044185396 0.053553768
v  0.018486436 -0.042766634 0.037703868
v  -0.0016769612 -0.044167411 0.053588424
v  -0.011430106 -0.042657737 0.053807486
v  -0.017521307 -0.042300183 0.044893246
v  0.016991328 -0.042540926 0.044899009
v  0.017062068 -0.041757639 0.048354603
v  0.016972344 -0.042751122 0.043971699
v  0.00061085128 -0.043575775 -1.4209792e-10
v  0.001619429 -0.044147301 0.0538112
v  -0.00061085023 -0.043575775 -1.4209807e-10
v  -0.0016361991 -0.04413778 0.053809393
v  0.0014226368 -0.043944251 0.055183254
v  -0.0011300737 -0.043769952 0.056552928
v  -0.023825824 -0.041267533 0.037923541
v  0.017532684 -0.042718459 0.042814627
v  0.00077993475 -0.04362477 0.057766128
v  0.018492017 -0.042412478 0.037596989
v  -0.0055998932 -0.042535413 0.064645775
v  0.0055998941 -0.042535413 0.064645775
v  0.01110397 -0.041440587 0.064645775
v  -0.0006561125 -0.043587636 0.058087874
v  -0.039241001 -0.038537432 -1.421029e-10
v  -0.038890809 -0.038890805 0.00019999951
v  0.00060888432 -0.043585707 0.058109201
v  -0.036342181 -0.040714879 0.011711281
v  -0.036435939 -0.040802632 0.010000002
v  -0.038859688 -0.038859684 0.0041197985
v  0.038859583 -0.038859587 0.0041262545
v  0.033855714 -0.042967696 0.010000002
v  0.035493676 -0.042014148 0.00019984305
v  -0.00061032124 -0.043578897 0.058165316
v  0.00032789313 -0.043521535 0.058672775
v  -0.00027774222 -0.043515418 0.058727715
v  5.3400723e-10 -0.043500002 0.058866858
v  -5.4830934e-06 -0.04350001 0.058866806
v  -8.3870655e-05 -0.043501396 0.058854222
v  0.00013653243 -0.043503705 0.058833349
v  0.020685416 -0.042328198 0.010000002
v  0.026314583 -0.042328198 -1.420947e-10
v  0.026314583 -0.042328198 0.010000002
v  5.3400645e-10 -0.042902451 0.064645775
v  -0.030553743 -0.03981841 0.030760536
v  0.017957315 -0.042253364 0.042701997
v  0.018474251 -0.04209606 0.037498333
v  0.031785585 -0.04317164 0.010000002
v  0.032059338 -0.042752001 0.017147515
v  0.031358123 -0.042574931 0.017065417
v  0.033203553 -0.043290209 0.010000002
v  0.032791574 -0.042663436 0.01719794
v  0.033785254 -0.042859633 0.011718258
v  0.033721339 -0.042761672 0.012698736
v  -0.035863705 -0.040266689 0.01720668
v  -0.036256649 -0.040634755 0.012693658
v  0.03152645 -0.043070946 0.010000002
v  0.026749998 -0.040703204 0.010000002
v  0.031200185 -0.042745326 0.010000002
v  0.030761756 -0.042150889 0.016960297
v  0.018314879 -0.041526016 0.010000002
v  5.3400467e-10 -0.041910481 0.079162575
v  0.0054704142 -0.041551936 0.079162575
v  0.036650881 -0.041008566 -1.4209341e-10
v  0.034089487 -0.040476602 -1.4209373e-10
v  0.03852848 -0.038528483 0.01270223
v  0.018209156 -0.041682933 0.042558834
v  0.033427473 -0.042311292 0.017206714
v  0.030656192 -0.041502286 0.023181543
v  0.031350646 -0.04166894 0.023322264
v  0.030942235 -0.042487893 0.010000002
v  0.030591249 -0.041951556 0.016231142
v  0.017506879 -0.04147001 0.048282098
v  0.033401985 -0.042272229 0.017597698
v  0.03316142 -0.041904088 0.019770468
v  0.032078736 -0.041573945 0.023408692
v  -0.011103972 -0.041440587 0.064645775
v  -0.016900271 -0.040800866 0.053807486
v  0.017099109 -0.041347515 0.050163966
v  0.017109495 -0.041313153 0.050353214
v  0.016900271 -0.040800866 0.053807486
v  0.016418055 -0.039636698 0.064645775
v  0.030068498 -0.041091543 0.023001352
v  -0.005470417 -0.041551936 0.079162575
v  0.01084723 -0.04048242 0.079162575
v  0.026314583 -0.039078202 0.010000002
v  0.027892929 -0.03782836 0.010000002
v  -0.03550981 -0.039934803 0.019765932
v  -0.035829067 -0.040234242 0.017604526
v  -0.034897804 -0.03936075 0.023416232
v  -0.035130866 -0.03957938 0.022331506
v  0.018338706 -0.041523505 0.040245686
v  0.018357992 -0.041762572 0.038974877
v  0.02025 -0.040703204 0.010000002
v  0.026749998 -0.040703204 -1.4209464e-10
v  0.037821248 -0.037821252 0.01978041
v  -0.022892691 -0.039651308 0.044893246
v  0.017890025 -0.041094828 0.048192751
v  0.030512683 -0.041831505 0.016895361
v  0.036615942 -0.040970977 0.0001998356
v  5.3400223e-10 -0.041266251 0.098567002
v  0.0053863269 -0.040913213 0.098567002
v  0.032878429 -0.041471023 0.022326451
v  0.029803779 -0.040748257 0.022888714
v  0.018254668 -0.040481675 0.045783572
v  0.018155221 -0.040632088 0.04808744
v  0.018305846 -0.041116145 0.042411033
v  0.030411944 -0.040233564 0.028649388
v  0.029724713 -0.040078532 0.028465202
v  0.03270283 -0.041202378 0.023416193
v  0.032450739 -0.040816706 0.02498064
v  0.031135648 -0.040131178 0.028762449
v  -0.010847232 -0.04048242 0.079162575
v  -0.0053863297 -0.040913213 0.098567002
v  0.010680494 -0.039860141 0.098567002
v  0.018523917 -0.03902955 0.010000002
v  0.029146388 -0.039682452 0.028229309
v  0.03690457 -0.03690457 0.024994267
v  0.017697979 -0.040316064 0.054391384
v  -0.016418055 -0.039636698 0.064645775
v  0.016038448 -0.038720239 0.079162575
v  -0.034562506 -0.039046217 0.024976797
v  -0.033645526 -0.038188007 0.028776539
v  -0.034148961 -0.038658287 0.026901517
v  0.01729963 -0.04068416 0.053817634
v  -0.029008485 -0.037804592 0.037923541
v  5.3399851e-10 -0.041004766 0.1285
v  0.0053521958 -0.04065397 0.1285
v  0.018031001 -0.040020626 0.054322552
v  0.029655948 -0.040522363 0.024138516
v  0.037184179 -0.040476602 -1.4209335e-10
v  -0.0053521986 -0.04065397 0.1285
v  0.0042543081 -0.040477041 0.1285
v  -0.0042543109 -0.040477041 0.1285
v  0.038873672 -0.038872372 0.00019982815
v  -0.010680488 -0.039860141 0.098567002
v  0.010612817 -0.039607566 0.1285
v  -0.004749536 -0.040723976 0.13850001
v  -0.004749536 -0.040723976 0.1355
v  0.0037548547 -0.040827703 0.1355
v  0.0037548547 -0.040827703 0.13850001
v  0.012097669 -0.039174568 0.1355
v  0.0042543081 -0.040477041 0.1355
v  -0.0042543109 -0.040477041 0.1355
v  0.012097669 -0.039174568 0.13850001
v  0.0038571735 -0.031766687 0.13850001
v  0.011347358 -0.02992052 0.13850001
v  0.032141712 -0.040343937 0.026898418
v  -0.038588569 -0.038591038 0.010000002
v  -0.036866799 -0.040216375 0.010000002
v  -0.022081271 -0.038245875 0.053807486
v  0.017334569 -0.040568564 0.054454282
v  0.017529767 -0.039922815 0.058010995
v  -0.013049549 -0.038867842 0.13850001
v  -0.013049549 -0.038867842 0.1355
v  -0.012576989 -0.038708005 0.1355
v  -0.0038571726 -0.031766687 0.13850001
v  0.020310715 -0.040476602 -1.4209546e-10
v  0.026689284 -0.040476602 -1.4209466e-10
v  0.020685416 -0.039078202 0.010000002
v  -0.010612815 -0.039607566 0.1285
v  -0.036321096 -0.039701816 0.01719794
v  0.018305026 -0.040159021 0.047980625
v  0.018287867 -0.039658602 0.05424583
v  0.028888401 -0.039349508 0.028077111
v  -0.016038448 -0.038720239 0.079162575
v  0.015791912 -0.038125049 0.098567002
v  -0.012576989 -0.038708005 0.1285
v  0.012576991 -0.038708005 0.1285
v  0.012576991 -0.038708005 0.1355
v  -0.017627046 -0.035457108 -1.4210019e-10
v  0.020685416 -0.039078202 -1.420954e-10
v  0.011375 -0.035457108 -1.4209657e-10
v  0.026314583 -0.039078202 -1.4209471e-10
v  0.034089487 -0.035457108 -1.4209373e-10
v  0.040916856 -0.036753241 -1.4209288e-10
v  0.039312683 -0.038464304 0.00019982443
v  0.035486858 -0.035486858 0.030771246
v  0.031765372 -0.03976557 0.028776517
v  0.018793944 -0.03816494 0.06807711
v  0.029204909 -0.038587485 0.033679768
v  0.029458363 -0.038648974 0.033749264
v  0.029996514 -0.038517009 0.033816572
v  -0.036924236 -0.040138233 0.010000002
v  0.018436629 -0.039315801 0.053722378
v  -0.037063152 -0.039511796 0.010000002
v  -0.036535457 -0.038996082 0.017147515
v  0.030092694 -0.038493421 0.033828605
v  0.030401532 -0.038417686 0.033867233
v  0.031366922 -0.039153222 0.030764956
v  0.028697852 -0.038464461 0.033540741
v  0.028556507 -0.038430173 0.033501983
v  0.028459534 -0.038342226 0.033455703
v  -0.035371929 -0.038810622 0.02340869
v  0.018054329 -0.038951065 0.064651616
v  -0.015791908 -0.038125049 0.098567002
v  0.015691847 -0.037883464 0.1285
v  -0.033114523 -0.037691969 0.030754231
v  -0.03139019 -0.035902996 0.037800882
v  -0.032278322 -0.036910828 0.033868615
v  -0.035591915 -0.038110089 0.023322262
v  0.028168235 -0.038078044 0.033316683
v  0.028146528 -0.038058352 0.033306323
v  0.027892929 -0.03782836 0.033185296
v  0.018456928 -0.039265234 0.054167625
v  0.018547907 -0.039038587 0.056163274
v  0.018882602 -0.038204823 0.063504718
v  0.018985093 -0.037977424 0.068036482
v  -0.027872376 -0.036323991 0.044893246
v  -0.021451227 -0.037154611 0.064645775
v  0.018245488 -0.038596932 0.067071617
v  0.01836022 -0.038457666 0.068151928
v  -0.015691847 -0.037883464 0.1285
v  -0.03710252 -0.039334279 0.010000002
v  -0.036004089 -0.033461016 0.010000002
v  -0.03762909 -0.033025596 0.010000002
v  -0.03699626 -0.038799364 0.010000002
v  -0.036482841 -0.038274776 0.017065417
v  0.019919906 -0.035835702 0.1355
v  0.019919906 -0.035835702 0.13850001
v  0.018178072 -0.02633548 0.13850001
v  0.030745 -0.038197439 0.033868615
v  0.021874998 -0.03788862 -1.4209525e-10
v  0.021874998 -0.03788862 0.010000002
v  0.025125001 -0.03788862 -1.4209485e-10
v  0.019866023 -0.036914174 0.010000002
v  0.025125001 -0.03788862 0.010000002
v  -0.034114853 -0.037631329 0.028762447
v  -0.035548374 -0.037397247 0.023181541
v  -0.039218225 -0.038517457 0.00019999951
v  -0.020788021 -0.035339188 0.13850001
v  -0.020788021 -0.035339188 0.1355
v  -0.020350002 -0.035247233 0.1355
v  -0.011347353 -0.02992052 0.13850001
v  -0.043599442 -0.033455025 0.0041197985
v  0.04082964 -0.036724191 0.0041253828
v  0.040766954 -0.036703315 0.0069467463
v  0.040755253 -0.036699418 0.0074733905
v  -0.034341343 -0.036936391 0.028649386
v  -0.036942087 -0.038526688 0.010000002
v  -0.020955242 -0.036295544 0.079162575
v  0.019682817 -0.037002582 0.079163171
v  0.019700196 -0.036986839 0.079275534
v  0.01979772 -0.036898453 0.079906143
v  0.020086359 -0.036676791 0.081129275
v  0.019143503 -0.03750683 0.075527489
v  0.019193824 -0.03744575 0.076001294
v  0.020189114 -0.036597874 0.08156471
v  -0.020350002 -0.035247233 0.1285
v  0.020349998 -0.035247233 0.1285
v  0.020349998 -0.035247233 0.1355
v  0.029204965 -0.03744055 0.03802624
v  0.028488733 -0.03754938 0.037892025
v  -0.04177206 -0.035320353 0.010000002
v  -0.041737624 -0.035457108 -1.4210322e-10
v  0.040367771 -0.036493454 0.0132365
v  0.040327869 -0.036472242 0.013829973
v  0.040403843 -0.036512624 0.012700003
v  -0.034379087 -0.033025596 0.010000002
v  -0.036678068 -0.038148824 0.010000002
v  -0.036168791 -0.037613835 0.016960293
v  -0.043634355 -0.033481818 0.00019999951
v  0.029834677 -0.037131574 0.038097043
v  0.027793851 -0.037393142 0.03770344
v  0.040916856 -0.036753234 0.00019981698
v  0.019426588 -0.037327003 0.075471438
v  0.030437287 -0.0377605 0.03536585
v  0.029868897 -0.037167292 0.03794194
v  -0.035245918 -0.036747154 0.02300135
v  -0.026884452 -0.035036493 0.053807486
v  0.019186489 -0.03778882 0.067994975
v  0.034202259 -0.034160104 0.035868336
v  -0.03646934 -0.037850101 0.010000002
v  -0.036002107 -0.037411314 0.01623112
v  -0.020633124 -0.035737623 0.098567002
v  0.020381849 -0.036467504 0.08201436
v  0.020562459 -0.036345337 0.08243572
v  0.020584267 -0.036330584 0.0824866
v  0.020764694 -0.036219332 0.082657322
v  0.020869162 -0.036158081 0.082679823
v  0.020633124 -0.035737623 0.098567002
v  0.020502385 -0.03551117 0.1285
v  -0.034308009 -0.036232684 0.0284652
v  0.027484354 -0.037220892 0.037596557
v  0.027220711 -0.037037101 0.037496362
v  0.019688491 -0.037101593 0.075412661
v  0.019560285 -0.037218098 0.075442016
v  0.023499999 -0.037453201 -1.4209506e-10
v  0.023499999 -0.037453201 0.010000002
v  0.024538621 -0.035556953 0.010000002
v  0.022035595 -0.035661567 0.010000002
v  0.026805148 -0.03662416 0.010000002
v  -0.020502381 -0.03551117 0.1285
v  -0.032410108 -0.034037996 0.010000002
v  0.039832544 -0.03596035 0.018793359
v  0.039733876 -0.035774086 0.019775851
v  0.03955467 -0.035435762 0.021560332
v  0.039581593 -0.035486583 0.021292264
v  0.039871268 -0.03603347 0.018407725
v  -0.031372651 -0.035871897 0.037924651
v  -0.030686356 -0.034655038 0.042767379
v  -0.031349257 -0.035830412 0.038089741
v  0.033861298 -0.034152593 0.036559705
v  0.033346053 -0.034136128 0.037805509
v  -0.032554857 -0.036610831 0.033867233
v  -0.03272254 -0.03623027 0.033816714
v  -0.032683082 -0.036319826 0.033828601
v  -0.035897523 -0.037313092 0.016895361
v  0.026993912 -0.036611076 0.0425588
v  0.027613841 -0.036678191 0.042701967
v  0.029416457 -0.036695097 0.039992515
v  0.028228946 -0.036543 0.042814601
v  -0.034018368 -0.03559437 0.028229306
v  0.026788577 -0.036646191 0.040262405
v  0.019877452 -0.036878292 0.079230241
v  -0.034953825 -0.036426853 0.022888716
v  0.027047046 -0.036832679 0.038610116
v  0.019870237 -0.036918756 0.077317059
v  0.019969765 -0.036811363 0.079205282
v  0.01971579 -0.037064221 0.075816073
v  0.03328589 -0.034134205 0.037950974
v  -0.026117355 -0.034036804 0.064645775
v  -0.03292992 -0.035462614 0.033679966
v  -0.032946415 -0.035722155 0.033749264
v  0.020061921 -0.036738213 0.079179958
v  0.02085859 -0.036166076 0.081913069
v  0.039371472 -0.034243073 0.024990389
v  0.037613627 -0.034234863 0.028946484
v  0.037593305 -0.034234766 0.028992217
v  0.039447099 -0.03477573 0.023616308
v  0.020199336 -0.036610041 0.081089273
v  0.020094004 -0.036707994 0.079491764
v  0.020261973 -0.036568146 0.081066273
v  0.041261032 -0.036113266 0.00020000697
v  0.04129656 -0.036132369 -1.4209284e-10
v  -0.03475704 -0.036242049 0.024138499
v  0.041230384 -0.035859998 0.0069525018
v  0.020353835 -0.036507253 0.081036054
v  0.03160556 -0.034080502 0.04201382
v  0.028780654 -0.036269683 0.042893533
v  0.026110824 -0.036038946 0.048087295
v  0.026644167 -0.036040653 0.048192609
v  0.026452601 -0.036403786 0.042410132
v  0.026054636 -0.036116656 0.044954143
v  0.020434037 -0.036437001 0.081989013
v  0.020494062 -0.036398914 0.081869483
v  0.020474996 -0.036411215 0.081966914
v  0.028341584 -0.035975907 0.044896901
v  0.028236113 -0.035905335 0.04537813
v  0.027160656 -0.035896432 0.048281956
v  0.040803399 -0.035764609 0.01323244
v  0.020603541 -0.036322538 0.082398579
v  0.020666998 -0.036284331 0.082348853
v  0.020628825 -0.036307398 0.082376875
v  -0.030535139 -0.034171287 0.044903759
v  -0.030677989 -0.034628268 0.042885594
v  -0.030263335 -0.03330176 0.048743851
v  -0.030291185 -0.033390854 0.048350379
v  0.020734575 -0.036240306 0.082543768
v  0.020869732 -0.036159087 0.082642868
v  0.020868976 -0.036158863 0.082664326
v  -0.031799853 -0.035263654 0.038026378
v  0.020708986 -0.036256511 0.082465239
v  -0.025513485 -0.033249822 0.079162575
v  0.031233579 -0.034068789 0.043144874
v  0.020801891 -0.036199559 0.082574561
v  -0.033735283 -0.035282496 0.028077113
v  0.020870369 -0.036159117 0.082621403
v  -0.032896772 -0.034941148 0.033540737
v  -0.032887548 -0.034796011 0.033501986
v  -0.032608286 -0.034352642 0.03331675
v  -0.032817967 -0.034685541 0.033455834
v  0.020869825 -0.036159556 0.082600415
v  0.02204036 -0.035678204 0.07713601
v  0.021770466 -0.035754267 0.079183802
v  0.021668941 -0.035782877 0.07995414
v  0.021435179 -0.035882372 0.081049025
v  0.021241397 -0.03596485 0.081956662
v  0.021223467 -0.03597248 0.082040645
v  0.021081313 -0.036044847 0.082357749
v  0.021013267 -0.036079485 0.08250954
v  0.020925324 -0.036127876 0.082588211
v  0.021147545 -0.036007989 0.082410142
v  0.021172341 -0.035993423 0.082431816
v  0.020893205 -0.036143985 0.082685001
v  0.02087418 -0.036155138 0.082680903
v  0.021019328 -0.036073137 0.082637481
v  0.025121301 -0.032738719 0.098567002
v  0.041428972 -0.035416748 0.00019999951
v  0.041370872 -0.035869848 0.00020005912
v  0.041421503 -0.035457108 -1.4209281e-10
v  0.041364279 -0.035921287 0.00020006284
v  0.025629003 -0.035940241 0.047981538
v  0.021233592 -0.035959449 0.082396671
v  0.021333322 -0.035917249 0.082002364
v  0.025201373 -0.035667036 0.054246049
v  0.025643323 -0.035625588 0.054322768
v  0.024938952 -0.035654228 0.052889623
v  0.04019529 -0.035412636 0.018750455
v  0.021375008 -0.03589366 0.082024418
v  0.030653615 -0.034050543 0.044908322
v  0.021383099 -0.035888884 0.082029194
v  0.021602038 -0.035799596 0.081103258
v  0.021667916 -0.035763692 0.081126176
v  0.029889613 -0.0340265 0.047231354
v  0.027637057 -0.035664979 0.048355639
v  0.026893053 -0.035366472 0.052053601
v  0.026065689 -0.035484914 0.054391596
v  0.027280778 -0.035522033 0.050126467
v  0.021705467 -0.035736728 0.081236824
v  0.025513485 -0.033249822 0.079162575
v  0.041235097 -0.034898352 0.0069375783
v  0.040880222 -0.034913246 0.01319167
v  0.026884966 -0.03095478 0.1355
v  0.026884966 -0.03095478 0.13850001
v  0.021997526 -0.03565399 0.079236247
v  0.022098605 -0.035601418 0.079261035
v  0.040630471 -0.034871031 0.016030818
v  0.02172653 -0.035728786 0.081147283
v  -0.025121301 -0.032738719 0.098567002
v  0.02496212 -0.032531273 0.1285
v  0.022166472 -0.035562906 0.079276763
v  -0.032031812 -0.034576979 0.037892181
v  0.022612799 -0.035487358 0.075473204
v  0.022267677 -0.035614152 0.07541123
v  0.024531994 -0.035597835 0.056254301
v  0.0247842 -0.035632785 0.054169096
v  0.023654819 -0.035358477 0.068077557
v  0.023396853 -0.035430264 0.068036936
v  0.023488209 -0.035453197 0.06488423
v  0.029345334 -0.034010608 0.049357884
v  0.023136966 -0.035487588 0.067996211
v  0.022493094 -0.035550628 0.073700875
v  0.022767961 -0.03541195 0.07550218
v  0.022430085 -0.035463508 0.078155965
v  0.022193082 -0.03555287 0.079163633
v  -0.032592565 -0.034327675 0.033306319
v  -0.032410108 -0.034038004 0.033185299
v  0.02824064 -0.033978347 0.053673983
v  0.026884448 -0.035036493 0.053807486
v  -0.02496212 -0.032531273 0.1285
v  0.023900781 -0.035252076 0.068116702
v  0.035524286 -0.034189213 0.033187617
v  0.03670774 -0.034215268 0.030787895
v  0.039893895 -0.035059523 0.021217154
v  0.02657783 -0.035310436 0.053814631
v  0.026463527 -0.035290111 0.054453224
v  0.025401164 -0.035101261 0.060388297
v  0.024705537 -0.035133403 0.064656384
v  0.02288926 -0.035351675 0.075524613
v  0.025683302 -0.033472467 0.074076235
v  -0.045827374 -0.030411208 -1.4210373e-10
v  -0.038818672 -0.031836014 -1.4210284e-10
v  -0.03762909 -0.033025596 -1.421027e-10
v  -0.039254092 -0.030211011 -1.421029e-10
v  -0.036004089 -0.033461016 -1.421025e-10
v  -0.034379087 -0.033025596 -1.4210229e-10
v  -0.033189505 -0.031836014 -1.4210215e-10
v  -0.032754086 -0.030211011 -1.4210209e-10
v  -0.017627046 1.1817802e-09 -1.4210021e-10
v  0.011375 1.1817802e-09 -1.4209657e-10
v  0.041428972 -0.035416748 -1.4209281e-10
v  0.039999999 -0.0047012293 -1.4209299e-10
v  0.039999999 -0.033500005 -1.4209299e-10
v  0.040710162 -0.03388099 -1.4209291e-10
v  0.041266602 -0.034627367 -1.4209282e-10
v  0.034089487 1.1817802e-09 -1.4209373e-10
v  0.039651722 -0.034481641 0.02349467
v  0.041300412 -0.034887735 0.00020014853
v  0.040353399 -0.034761813 0.018669579
v  0.023570064 -0.03518587 0.071623199
v  0.025300402 -0.033900652 0.072368249
v  0.025376856 -0.033755708 0.073455304
v  0.02542714 -0.033709239 0.073557191
v  -0.027631968 -0.030289838 0.13850001
v  -0.027631968 -0.030289838 0.1355
v  -0.027233616 -0.030245991 0.1355
v  -0.018178076 -0.02633548 0.13850001
v  -0.038818672 -0.031836014 0.010000002
v  -0.043293938 -0.033224914 0.010000002
v  -0.031085461 -0.034146462 0.042814732
v  -0.031325743 -0.033563998 0.04270209
v  0.024135463 -0.035159741 0.068154141
v  -0.027233616 -0.030245991 0.1285
v  0.027233616 -0.030245991 0.1285
v  0.027233616 -0.030245991 0.1355
v  0.025585134 -0.033907745 0.06983237
v  0.026117355 -0.034036804 0.064645775
v  0.026053149 -0.033919778 0.066477306
v  0.040077057 -0.034553003 0.021112261
v  -0.030119233 -0.031831641 0.056260522
v  -0.030153885 -0.032185111 0.054453224
v  -0.03016609 -0.03230964 0.053816516
v  -0.030278929 -0.030423189 0.064649947
v  0.028214946 -0.033977646 0.053808149
v  0.02771949 -0.033964124 0.056395181
v  0.026762504 -0.033938009 0.061392091
v  -0.031998783 -0.03386518 0.037703536
v  0.040781107 -0.034495611 0.013160091
v  0.041064892 -0.034445006 0.0069233738
v  0.041238781 -0.034634132 0.00020021931
v  0.040451154 -0.034121927 0.015942935
v  0.039516497 -0.034243744 0.024664007
v  0.039589077 -0.03417949 0.024609815
v  0.040285736 -0.034099136 0.018562857
v  0.041205909 -0.034498867 0.00020026029
v  0.040813856 -0.034047987 0.00020020068
v  -0.031367458 -0.032941554 0.042558871
v  0.039856542 -0.034187261 0.023372913
v  0.040113334 -0.034019787 0.020987879
v  0.039928302 -0.03384364 0.023230789
v  0.040790718 -0.034045991 0.006905701
v  0.040595014 -0.034109313 0.01312289
v  0.039768994 -0.033881981 0.024385782
v  -0.03188289 -0.033530306 0.037596609
v  -0.031875737 -0.0332545 0.037514068
v  0.039552856 -0.034011502 0.025347214
v  0.039781209 -0.033783037 0.025105231
v  0.038240228 -0.033690859 0.029254774
v  0.039590821 -0.033769023 0.026060548
v  0.039601598 -0.033700172 0.026263084
v  0.036106441 -0.033680726 0.033486273
v  0.03977032 -0.03387979 0.02438413
v  0.039999999 -0.033500005 0.024098136
v  -0.030634269 -0.032982003 0.048282068
v  0.033918478 -0.033663798 0.038066417
v  -0.03086625 -0.032498252 0.048192702
v  0.040256187 -0.033788595 0.015892223
v  0.039999999 -0.033500005 0.018442437
v  0.040330566 -0.033772234 0.013081789
v  0.031810798 -0.033645626 0.043355241
v  0.040686525 -0.033901546 0.00020018205
v  0.040584806 -0.033784565 0.00020016715
v  0.040428679 -0.033724699 0.0068855956
v  -0.031190969 -0.032307778 0.010000002
v  -0.033189505 -0.031836014 0.010000002
v  -0.0302926 -0.030302593 0.065368287
v  0.026307967 -0.033926327 0.064650558
v  0.026381943 -0.033928227 0.064120233
v  0.029898945 -0.033630017 0.049511876
v  0.039999999 -0.033500005 0.02085337
v  0.039794598 -0.033652004 0.025871174
v  0.028258871 -0.033617783 0.056507215
v  0.026918553 -0.033608507 0.064202353
v  0.025861509 -0.033604581 0.072430186
v  0.039999999 -0.033500005 0.00019999951
v  0.040451143 -0.033719521 0.0002001299
v  0.039999999 -0.033500005 0.02484777
v  0.039999999 -0.033500005 0.023088656
v  0.039999999 -0.033500005 0.015839513
v  0.039999999 -0.033500005 0.025675181
v  0.039999999 -0.033500005 0.013038695
v  0.025969677 -0.033460867 0.073315114
v  0.039999999 -0.033500005 0.0068642348
v  0.039608758 -0.033696573 0.026285775
v  0.039766438 -0.033617351 0.0267855
v  0.036844917 -0.033500005 0.033864282
v  0.038962528 -0.033500005 0.029609997
v  0.032591071 -0.033500005 0.043641735
v  0.035399295 -0.033500005 0.036768537
v  0.034721743 -0.033500005 0.038426865
v  0.031981036 -0.033500005 0.045134809
v  0.030739099 -0.033500005 0.049743041
v  0.027704678 -0.033500005 0.064323418
v  0.028952897 -0.033500005 0.056649029
v  0.029067039 -0.033500005 0.055947244
v  0.039999999 -0.033500005 0.027525712
v  0.039999999 -0.033500005 0.026572092
v  0.025864869 -0.033602808 0.072430559
v  0.025868513 -0.033602212 0.072430961
v  0.026791506 -0.033500005 0.069937855
v  0.026497461 -0.033471253 0.072837971
v  0.026494015 -0.033500005 0.072499998
v  -0.030957326 -0.031972494 0.048087347
v  -0.031270996 -0.032367814 0.042412903
v  0.0403 -0.025765562 0.00019999951
v  0.0403 -0.03339443 0.00055278454
v  0.0403 -0.033500005 0.00099999818
v  0.0403 -0.025765562 0.032400001
v  0.0403 -0.033500005 0.032400001
v  0.042300001 -0.033500005 0.00099999818
v  0.042300001 -0.033500005 0.0069801956
v  0.042273216 -0.033500005 0.0071167797
v  0.042100001 -0.033500005 0.0080000013
v  0.042300001 -0.03339443 0.00055278454
v  0.042300001 -0.033099998 0.00019999951
v  0.042300001 -0.031659719 0.0053818375
v  0.042300001 -0.032821614 0.006007079
v  0.041050002 -0.031978276 0.0069297291
v  0.041050002 -0.032368634 0.0075210966
v  0.041050002 -0.032450002 0.0080000013
v  0.042273216 -0.033500005 0.0088832192
v  0.041050002 -0.032368634 0.008478906
v  0.042300001 -0.033500005 0.0090198033
v  0.042300001 -0.033500005 0.036399838
v  0.042300001 -0.032821614 0.0099929199
v  0.041050002 -0.031978276 0.0090702735
v  0.039999999 -0.016712787 0.035301555
v  0.039999999 -0.033500005 0.037212256
v  0.0403 -0.025765562 0.03415069
v  0.0403 -0.033500005 0.03415069
v  0.0403 -0.025765562 0.037050691
v  0.0403 -0.033500005 0.037050691
v  0.042300001 -0.033500005 0.038799837
v  0.042300001 -0.022999996 0.036399838
v  0.042300001 -0.031659719 0.010618161
v  0.0403 -0.033500005 0.05525
v  0.0403 -0.027217278 0.054232977
v  0.0403 -0.027430104 0.041734789
v  0.039999999 -0.027430126 0.041734956
v  0.039999999 -0.033500005 0.071999997
v  0.039999999 -0.019895801 0.037212256
v  0.042300001 -0.033500005 0.057200164
v  0.042300001 -0.023246342 0.041898921
v  0.042300001 -0.023540856 0.042193923
v  0.042300001 -0.022999996 0.041652162
v  0.042300001 -0.024614321 0.043906566
v  0.042300001 -0.024795072 0.044425253
v  0.042300001 -0.025276521 0.045806799
v  0.042300001 -0.025427492 0.047153309
v  0.042300001 -0.025500001 0.047800001
v  0.042300001 -0.022999996 0.038799837
v  0.0403 -0.025765562 0.055038489
v  0.0403 -0.025765562 0.05525
v  0.0403 -0.025765562 0.060748883
v  0.0403 -0.033500005 0.060748883
v  0.042300001 -0.033500005 0.05895
v  0.042300001 -0.025274234 0.04980335
v  0.042300001 -0.024606155 0.051710464
v  0.042300001 -0.024355376 0.052109033
v  0.042300001 -0.025309825 0.049487565
v  0.042300001 -0.022999996 0.057200164
v  0.042300001 -0.023533421 0.053415418
v  0.042300001 -0.033500005 0.066649996
v  0.0403 -0.033500005 0.065949999
v  0.042300001 -0.030340279 0.06538184
v  0.042300001 -0.031659719 0.06538184
v  0.042300001 -0.032821614 0.066007078
v  0.042300001 -0.022999996 0.05895
v  0.0403 -0.025765562 0.065949999
v  0.0403 -0.025765562 0.071499996
v  0.0403 -0.033500005 0.070500001
v  0.042100001 -0.033500005 0.067999996
v  0.042300001 -0.033500005 0.066980198
v  0.042273216 -0.033500005 0.067116775
v  0.042300001 -0.033269811 0.066649996
v  0.041050002 -0.032368634 0.067521095
v  0.041050002 -0.032450002 0.067999996
v  0.042273216 -0.033500005 0.068883218
v  0.041050002 -0.032368634 0.068478905
v  0.042300001 -0.033500005 0.069019802
v  0.042300001 -0.033500005 0.070500001
v  0.042300001 -0.032821614 0.069992922
v  0.041050002 -0.031978276 0.069070272
v  0.0403 -0.033423882 0.070882685
v  0.0403 -0.033207107 0.071207106
v  0.0403 -0.032882687 0.071423881
v  0.0403 -0.032500003 0.071499996
v  0.042300001 -0.033423882 0.070882685
v  0.039999999 -0.016287142 0.060297936
v  0.039999999 -0.0047012293 0.071999997
v  0.039999999 -0.027217301 0.054233149
v  0.042300001 -0.033500005 0.071999997
v  0.042300001 -0.033500005 0.072499998
v  0.042300001 -0.0014653865 0.071999997
v  0.042300001 -0.031500001 0.074500002
v  0.042300001 -0.012305136 0.074500002
v  0.026627682 -0.033402484 0.073087998
v  0.042300001 -0.03217851 0.074381389
v  0.042300001 -0.033374909 0.07319621
v  0.026683751 -0.033372875 0.073195659
v  -0.045729689 -0.030345941 0.00019999951
v  0.025882002 -0.033288803 0.074478857
v  0.026407838 -0.033115055 0.073986299
v  -0.047593199 -0.027477944 0.0041197985
v  0.042300001 -0.033207107 0.071207106
v  0.042300001 -0.032882687 0.071423881
v  0.0403 -0.033099998 0.00019999951
v  0.042300001 -0.032907534 0.073920861
v  0.027108017 -0.033183482 0.07350938
v  0.027752783 -0.032896053 0.073902816
v  0.027618997 -0.032956529 0.073870599
v  0.026695129 -0.03336687 0.073217511
v  0.026734997 -0.033119503 0.07375697
v  -0.030419201 -0.031832095 0.054391682
v  0.025989275 -0.033189651 0.07469622
v  0.027528387 -0.032275844 0.074744336
v  0.027221397 -0.03223731 0.075172812
v  0.041050002 -0.031978276 0.066929728
v  -0.029635184 -0.029635185 0.079162575
v  0.027031261 -0.032268424 0.075538807
v  0.027522594 -0.031834032 0.075936116
v  0.02821527 -0.031184332 0.076102965
v  0.029635187 -0.029635185 0.079162575
v  0.029179648 -0.029179642 0.098567002
v  -0.04650978 -0.028797092 0.010000002
v  -0.039254092 -0.030211011 0.010000002
v  -0.046009623 -0.029325547 0.010000147
v  -0.045955323 -0.029382924 0.010000166
v  -0.045179486 -0.029708521 0.010000002
v  -0.04534705 -0.029638203 0.010000035
v  0.027887363 -0.032423582 0.074385688
v  0.042300001 -0.022999996 0.00019999951
v  0.042300001 -0.030340279 0.0053818375
v  -0.030631289 -0.031440448 0.054322835
v  -0.031005949 -0.031519447 0.047988571
v  -0.031129248 -0.03215998 0.043561168
v  -0.03121873 -0.032291185 0.042836268
v  0.029422257 -0.032141376 0.074304804
v  0.028287578 -0.032654304 0.074031584
v  0.042300001 -0.032500003 0.071499996
v  0.041050002 -0.031354297 0.0065939501
v  0.041050002 -0.031354297 0.066593952
v  0.042300001 -0.031659719 0.07061816
v  -0.029179648 -0.029179642 0.098567002
v  0.02899475 -0.028994748 0.1285
v  -0.028994754 -0.028994748 0.1285
v  0.042300001 -0.022999996 0.071499996
v  0.042300001 -0.030340279 0.07061816
v  -0.030748971 -0.031012231 0.054246087
v  0.041050002 -0.029550003 0.0080000013
v  0.041050002 -0.029550003 0.067999996
v  0.029104438 -0.031686436 0.074646071
v  0.041050002 -0.029631371 0.0075210966
v  0.041050002 -0.030645708 0.0065939501
v  0.041050002 -0.031354297 0.0094060488
v  0.041050002 -0.029631371 0.008478906
v  0.041050002 -0.029631371 0.067521095
v  0.041050002 -0.029631371 0.068478905
v  0.041050002 -0.030021729 0.069070272
v  0.041050002 -0.030645708 0.069406047
v  0.041050002 -0.031354297 0.069406047
v  -0.032754086 -0.030211011 0.010000002
v  -0.030754089 -0.030211018 0.010000002
v  0.028395884 -0.031218523 0.07560315
v  0.028705847 -0.031384025 0.075058341
v  0.03079702 -0.031500001 0.074500002
v  0.03019008 -0.031792294 0.074476093
v  0.030122597 -0.031824794 0.074473441
v  0.029560048 -0.032079089 0.074337982
v  0.029709458 -0.03131656 0.074674278
v  -0.03056597 -0.02965943 0.068116754
v  -0.030713566 -0.029435599 0.068077594
v  0.03070797 -0.031408925 0.074504055
v  -0.011347353 -0.02992052 0.1285
v  -0.0038571726 -0.031766687 0.1285
v  0.0038571735 -0.031766687 0.1285
v  0.018178072 0.026335483 0.1285
v  0.011347358 -0.02992052 0.1285
v  0.030077074 -0.030763628 0.074785523
v  0.042300001 -0.030340279 0.010618161
v  0.041050002 -0.030645708 0.066593952
v  -0.030833654 -0.030624347 0.054175589
v  0.034946207 -0.026660273 0.074500002
v  0.041043006 -0.015547144 0.074500002
v  0.039539214 -0.019425677 0.074500002
v  0.038404007 -0.021325001 0.074500002
v  0.03583435 -0.025624322 0.074500002
v  0.030287851 -0.030979218 0.074691489
v  0.034920108 -0.026647436 0.074504063
v  0.029859852 -0.030541444 0.075093783
v  0.041050002 -0.030645708 0.0094060488
v  0.041050002 -0.030021729 0.066929728
v  0.029554594 -0.03022922 0.075684205
v  0.029604238 -0.030279996 0.07545653
v  0.029401027 -0.030072147 0.076388575
v  -0.030754089 -0.030211018 0.057032548
v  -0.030829124 -0.029193917 0.068036959
v  -0.030840442 -0.029262582 0.065107785
v  0.032693136 -0.024741845 0.1355
v  0.032693136 -0.024741845 0.13850001
v  0.023952343 -0.021219926 0.13850001
v  0.034202673 -0.026099967 0.074785523
v  0.041050002 -0.030021729 0.0069297291
v  0.041050002 -0.030021729 0.0090702735
v  0.042300001 -0.02917839 0.0099929199
v  0.042300001 -0.02917839 0.069992922
v  0.033664972 -0.025689648 0.075456522
v  -0.047631316 -0.027499953 0.00019999951
v  -0.050756134 -0.021184998 -1.4210434e-10
v  -0.038818672 -0.028586017 -1.4210286e-10
v  0.042300001 -0.02917839 0.006007079
v  0.042300001 -0.022999996 0.019077774
v  0.042300001 -0.024608718 0.021095047
v  0.042300001 -0.025500001 0.025
v  0.042300001 -0.024608718 0.028904954
v  0.042300001 -0.02917839 0.066007078
v  -0.030303031 -0.030210586 0.065916352
v  -0.03328687 -0.023937086 0.13850001
v  -0.03328687 -0.023937086 0.1355
v  -0.032926992 -0.023922862 0.1355
v  -0.023952343 -0.021219926 0.13850001
v  0.033365708 -0.02560241 0.076388575
v  0.029738475 -0.029738473 0.076388575
v  -0.032926992 -0.023922862 0.1285
v  0.032926992 -0.023922862 0.1285
v  0.032926992 -0.023922862 0.1355
v  -0.031125635 -0.028271118 0.010000002
v  -0.033189505 -0.028586017 0.010000002
v  -0.038818672 -0.028586017 0.010000002
v  -0.033189505 -0.028586017 -1.4210215e-10
v  -0.043607906 -0.029342683 0.010000002
v  -0.043932453 -0.029511886 0.010000266
v  -0.044181362 -0.02964166 0.010000467
v  -0.044637606 -0.029672222 0.010000255
v  -0.030420147 -0.029859619 0.068151832
v  0.042300001 -0.028451512 0.0088917539
v  0.042300001 -0.028753998 0.066649996
v  0.042300001 -0.028451512 0.068891756
v  -0.018178076 -0.02633548 0.1285
v  0.018178072 -0.02633548 0.1285
v  0.031070139 0.007658103 0.1285
v  0.028334592 0.01487114 0.1285
v  0.031999998 1.1817802e-09 0.1285
v  0.023952343 0.021219926 0.1285
v  0.031070139 -0.0076581039 0.1285
v  -0.030804038 -0.028709168 0.075479619
v  -0.044033483 -0.029285969 0.017024934
v  -0.044753 -0.029212551 0.017106745
v  -0.0309202 -0.028571473 0.075502217
v  -0.031021461 -0.028431708 0.075473234
v  -0.043328017 -0.029091449 0.016920179
v  -0.031436615 -0.027574392 0.081135631
v  -0.031231649 -0.027888747 0.079967588
v  -0.031581029 -0.027352909 0.081958599
v  -0.031166211 -0.028014297 0.079280794
v  -0.031155027 -0.028035762 0.07916338
v  0.033249822 -0.025513487 0.079162575
v  0.032738719 -0.025121303 0.098567002
v  0.042300001 -0.028451512 0.007108245
v  0.042300001 -0.028316991 0.0080999993
v  0.042300001 -0.028451512 0.067108244
v  0.042300001 -0.028299997 0.067999996
v  0.042300001 -0.028299997 0.0080000013
v  -0.031153426 -0.028280715 0.074003324
v  -0.04541079 -0.028878907 0.017157
v  -0.042893231 -0.028808074 0.016844235
v  -0.039148837 -0.02600708 0.010000002
v  -0.046292372 -0.028633947 0.012691569
v  -0.043725759 -0.028444024 0.023256801
v  -0.043016031 -0.028524825 0.023116758
v  -0.030942038 -0.028943868 0.067995273
v  -0.044377536 -0.028105805 0.023342811
v  -0.032738715 -0.025121303 0.098567002
v  -0.03201884 -0.026790412 0.082679793
v  -0.031985894 -0.026829818 0.082677342
v  -0.031925991 -0.026901448 0.082672894
v  -0.031820193 -0.0270331 0.082573093
v  -0.031767368 -0.027103739 0.082437366
v  -0.031612433 -0.027310917 0.082039289
v  0.032531269 -0.024962122 0.1285
v  0.042300001 -0.022999996 0.0080999993
v  -0.042560801 -0.028559396 0.020027841
v  -0.042323105 -0.028339716 0.022937436
v  -0.032531269 -0.024962122 0.1285
v  -0.045491189 -0.028033318 0.019766102
v  -0.045875333 -0.028321149 0.017161895
v  -0.045998998 -0.028413804 0.016323596
v  -0.047187969 -0.027243989 0.012697171
v  0.042300001 -0.022999996 0.066649996
v  -0.031223066 -0.027945118 0.079261065
v  -0.03762909 -0.027396435 -1.421027e-10
v  -0.03762909 -0.027396435 0.010000002
v  -0.034379087 -0.027396435 -1.4210229e-10
v  -0.034379087 -0.027396435 0.010000002
v  -0.031292431 -0.027854675 0.079236269
v  -0.041916497 -0.028077433 0.022804756
v  -0.041665912 -0.027514609 0.028375579
v  -0.042364843 -0.027425358 0.028559282
v  -0.043009959 -0.027081707 0.028672047
v  -0.031244114 -0.027996207 0.076580934
v  -0.031203039 -0.028125079 0.075413398
v  -0.046322159 -0.026744107 0.019775866
v  -0.040986821 -0.027340086 0.028140305
v  -0.031959094 -0.0268643 0.079415165
v  -0.032611802 -0.026204163 0.010000002
v  -0.044465631 -0.027265245 0.024981314
v  -0.04482916 -0.02753746 0.023348125
v  -0.045225382 -0.027834164 0.021568032
v  -0.044236042 -0.027093323 0.026012791
v  -0.040769137 -0.027219148 0.027749848
v  -0.03144256 -0.027634548 0.079180405
v  -0.0314577 -0.027549112 0.081126206
v  -0.031504527 -0.027490446 0.08110328
v  -0.031578846 -0.027386183 0.080965616
v  -0.045199685 -0.026096048 0.02499043
v  -0.031636581 -0.027283194 0.082024448
v  -0.031667069 -0.027246224 0.082002386
v  -0.039479025 -0.026202107 0.033324603
v  -0.039858207 -0.026265541 0.0334494
v  -0.040396735 -0.026355634 0.033626638
v  -0.04013475 -0.026311809 0.033540417
v  -0.050747588 -0.021180781 0.00019999951
v  -0.03159409 -0.027364181 0.081055865
v  -0.050772622 -0.021030711 0.0041197985
v  0.0403 -0.021850513 0.038385473
v  0.0403 -0.025765562 0.040735599
v  -0.040632658 -0.026275294 0.03367807
v  -0.040809445 -0.026215086 0.033716608
v  -0.041287109 -0.026052425 0.033820737
v  -0.036004089 -0.026961016 -1.421025e-10
v  -0.036004089 -0.026961016 0.010000002
v  -0.054994158 -0.00079518813 -1.4210487e-10
v  -0.054929778 1.1817802e-09 -1.4210487e-10
v  -0.053849019 -0.011192511 -1.4210473e-10
v  -0.034895621 -0.025079371 0.010000002
v  -0.037440084 -0.025161223 0.010000002
v  -0.031963922 -0.026858473 0.08100085
v  -0.031744987 -0.027146453 0.081949279
v  -0.039148837 -0.02600708 0.033185348
v  -0.039445952 -0.026182571 0.033310656
v  -0.040690124 -0.027160035 0.028014924
v  -0.039471187 -0.026197473 0.033321299
v  -0.031770036 -0.027100908 0.082431845
v  -0.031788699 -0.02707901 0.082410164
v  -0.031805515 -0.027059117 0.082307629
v  -0.050340325 -0.020851644 0.012697171
v  0.0403 -0.021850513 0.057210822
v  0.0403 -0.025384368 0.05525
v  -0.032013126 -0.026800046 0.081852913
v  -0.03198567 -0.026830854 0.082664356
v  -0.03198576 -0.026831629 0.082642891
v  -0.043461896 -0.026511358 0.02867938
v  -0.043465823 -0.025095003 0.030760536
v  -0.041442886 -0.025895255 0.033831913
v  -0.042000093 -0.025412435 0.033714686
v  -0.042860702 -0.026059406 0.030750258
v  -0.041374244 -0.025964508 0.033826988
v  -0.031899832 -0.026937248 0.082538724
v  -0.031828165 -0.027029844 0.082363136
v  -0.032035977 -0.026773492 0.082151353
v  -0.031953417 -0.026871176 0.082593016
v  -0.031985641 -0.02683259 0.082597665
v  -0.032617107 -0.026210258 0.07964991
v  -0.032415986 -0.026387187 0.081036054
v  -0.031995155 -0.02682119 0.082599029
v  -0.03199134 -0.02682572 0.082614541
v  -0.032089218 -0.026712628 0.082543775
v  -0.03219296 -0.026597852 0.082398593
v  -0.032149009 -0.026641341 0.082571343
v  -0.032045633 -0.026762368 0.082566381
v  -0.03231144 -0.026479149 0.08175654
v  -0.032124192 -0.026674191 0.082432829
v  -0.032260761 -0.026531937 0.081939571
v  -0.049416669 -0.020469056 0.019775866
v  -0.032168433 -0.026625888 0.082398765
v  -0.032302618 -0.026486659 0.081966922
v  0.038400836 -0.021327818 0.074504063
v  -0.032214589 -0.026571432 0.082425646
v  -0.032410949 -0.026362101 0.0819894
v  -0.032335132 -0.026450785 0.081989028
v  -0.032494165 -0.026304113 0.081066281
v  -0.032628089 -0.026154371 0.08112637
v  -0.032546327 -0.026249679 0.081089295
v  -0.038907111 -0.025631951 0.037703965
v  -0.023952343 -0.021219926 0.1285
v  0.023952343 -0.021219926 0.1285
v  -0.03278444 -0.026058571 0.079205289
v  -0.039613821 -0.025540868 0.037892599
v  -0.038557202 -0.025575975 0.037597042
v  -0.03276854 -0.026020015 0.080568127
v  -0.032866418 -0.025979245 0.079230264
v  -0.04024978 -0.025193194 0.038026791
v  -0.032685816 -0.026149819 0.079176389
v  -0.033105984 -0.025856474 0.075409472
v  -0.0335318 -0.025579574 0.071359158
v  -0.033888757 -0.02544217 0.067996643
v  -0.034732781 -0.02511728 0.060046036
v  -0.034898132 -0.025097134 0.058771089
v  -0.038248494 -0.025503481 0.037498325
v  -0.03277348 -0.026072698 0.078572221
v  0.037611891 -0.020889634 0.074785523
v  -0.048219211 -0.019973049 0.02499043
v  -0.033256128 -0.025725925 0.075442031
v  -0.033249825 -0.025513487 0.079162575
v  -0.032993615 -0.025837788 0.079271428
v  -0.033012293 -0.025822671 0.079163834
v  -0.033326223 -0.025568509 0.077355228
v  -0.033386648 -0.025613109 0.075471468
v  -0.040775798 -0.024688872 0.037928931
v  -0.041955128 -0.02537843 0.033868667
v  0.0403 -0.023841845 0.023036009
v  0.0403 -0.022387372 0.020193882
v  0.0403 -0.021850513 0.00019999951
v  0.0403 -0.021850513 0.030155063
v  0.0403 -0.022963548 0.028997816
v  0.0403 -0.024000661 0.026224766
v  0.0403 -0.021850513 0.032400001
v  0.0403 -0.021850513 0.03415069
v  0.0403 -0.021850513 0.037050691
v  0.0403 -0.021850513 0.060748883
v  0.0403 -0.021850513 0.065949999
v  0.0403 -0.021850513 0.071499996
v  -0.034103841 -0.025291311 0.068036504
v  0.037020594 -0.020561235 0.075456522
v  0.036422044 -0.021028275 0.076388575
v  0.033427909 -0.025509315 0.076388575
v  -0.037887976 -0.025170663 0.042558905
v  -0.038493723 -0.025021495 0.042702116
v  -0.034684584 -0.024761947 0.068151593
v  -0.034321785 -0.025135534 0.068077147
v  -0.033607922 -0.025384525 0.075525165
v  -0.033417411 -0.025494682 0.076829858
v  -0.037940279 -0.025331089 0.038974781
v  -0.037431173 -0.025193537 0.041741453
v  -0.036295541 -0.020955244 0.079162575
v  -0.039025612 -0.024683716 0.042814758
v  0.036295544 -0.020955244 0.079162575
v  0.035737623 -0.020633126 0.098567002
v  0.0436 -0.025500001 0.025
v  0.0436 -0.025122309 0.026654774
v  0.0436 -0.025122309 0.023345225
v  0.0436 -0.024718897 0.021577764
v  0.044100001 -0.024986954 0.025470704
v  0.044100001 -0.024995686 0.02499992
v  0.044100001 -0.02499857 0.024844185
v  0.044100001 -0.024705606 0.023419758
v  0.043602824 -0.025303507 0.049487107
v  0.043602858 -0.02549714 0.047800001
v  0.043602854 -0.025472732 0.047147863
v  0.044100001 -0.02499857 0.047644183
v  0.044100001 -0.024995686 0.047799919
v  0.044100001 -0.024986954 0.048270706
v  0.043602854 -0.02547195 0.047127094
v  0.043602817 -0.025284411 0.046103794
v  0.044100001 -0.024705218 0.046217863
v  -0.041267537 -0.023825819 0.037923541
v  0.043602824 -0.025301846 0.049501609
v  0.044100001 -0.024716208 0.049379401
v  0.043602817 -0.02526311 0.049839057
v  -0.03588064 -0.024896609 0.054245867
v  0.043602783 -0.025127294 0.045246463
v  0.043602683 -0.024814034 0.044503246
v  0.043602686 -0.024823288 0.051103607
v  0.044100001 -0.024340162 0.050919291
v  -0.037308156 -0.0251603 0.042409975
v  -0.040728331 -0.024661118 0.038092341
v  -0.039441496 -0.024226325 0.042891324
v  -0.040581547 -0.024575287 0.038597699
v  -0.036788888 -0.025020005 0.045231909
v  -0.036862418 -0.024935039 0.048087493
v  -0.037364379 -0.024754049 0.048192844
v  -0.034843639 -0.024669969 0.067062266
v  -0.035224177 -0.024543853 0.064652011
v  -0.036277123 -0.024194891 0.057982791
v  -0.036630787 -0.02442948 0.054391474
v  -0.036281921 -0.024706358 0.054322619
v  0.044100001 -0.024386616 0.044668805
v  0.044100001 -0.024370247 0.021789199
v  0.0436 -0.024718897 0.028422235
v  0.044100001 -0.02471667 0.026577521
v  -0.035737626 -0.020633126 0.098567002
v  0.03551117 -0.020502383 0.1285
v  -0.0354947 -0.025024461 0.054171283
v  -0.046369523 -0.019206883 0.030760536
v  -0.03635741 -0.024987096 0.047978915
v  -0.036015488 -0.024961019 0.050155766
v  -0.037800491 -0.024441587 0.04828221
v  0.044100001 -0.023548329 0.025
v  0.044100001 -0.023548329 0.047800001
v  -0.035511173 -0.020502383 0.1285
v  0.04360263 -0.024636449 0.051640794
v  0.043602671 -0.024783934 0.044431832
v  0.044100001 -0.024370247 0.044589199
v  0.043602534 -0.024351375 0.043405563
v  -0.037154615 -0.021451222 0.064645775
v  0.037094481 -0.017464237 0.1355
v  0.037094481 -0.017464237 0.13850001
v  0.028334592 -0.014871138 0.13850001
v  0.0436 -0.024608718 0.021095047
v  0.044100001 -0.024345594 0.021752095
v  0.0436 -0.024608718 0.028904954
v  0.044100001 -0.024310106 0.028242342
v  0.044100001 -0.022604028 0.021475837
v  0.044100001 -0.022850322 0.044741847
v  -0.038944006 -0.024120117 0.044899017
v  -0.039151646 -0.024137603 0.04398296
v  0.04360253 -0.024348373 0.052106846
v  0.044100001 -0.024248632 0.0512941
v  0.043602422 -0.024028422 0.042955108
v  0.0436 -0.022731783 0.018741444
v  0.0436 -0.023842389 0.020134099
v  0.044100001 -0.023436749 0.020384008
v  0.0436 -0.023842389 0.029865902
v  0.042300001 -0.022999996 0.030922225
v  0.044100001 -0.024248632 0.028494101
v  -0.039651312 -0.022892693 0.044893246
v  -0.038160697 -0.024054164 0.048354659
v  -0.037745841 -0.024019228 0.050184865
v  -0.037061587 -0.024101065 0.053817797
v  -0.036941722 -0.0241154 0.054454215
v  0.044100001 -0.023507589 0.043290645
v  0.043602414 -0.024017671 0.052641861
v  0.044100001 -0.0235362 0.052325439
v  0.044100001 -0.022604028 0.051324163
v  0.044100001 -0.022604028 0.028524164
v  0.044100001 -0.023463452 0.029630743
v  -0.038245879 -0.022081265 0.053807486
v  0.04360215 -0.0232583 0.041880924
v  0.044100001 -0.022615934 0.041948441
v  0.043602258 -0.023571784 0.053363226
v  0.042300001 -0.024000661 0.026224766
v  0.042300001 -0.023841845 0.023036009
v  0.042300001 -0.022963548 0.028997816
v  0.042300001 -0.020746434 0.031302996
v  0.042300001 -0.01225357 0.018697005
v  0.042300001 -0.022387372 0.020193882
v  -0.037509404 -0.016554298 0.13850001
v  -0.037509404 -0.016554298 0.1355
v  -0.037181303 -0.016554179 0.1355
v  -0.037181303 -0.016554179 0.1285
v  0.037181299 -0.016554179 0.1285
v  0.037181299 -0.016554179 0.1355
v  0.044100001 -0.022510404 0.018989593
v  0.0436 -0.022731783 0.031258553
v  -0.044024378 -0.018235492 0.037923541
v  0.042300001 -0.022999996 0.053947985
v  0.043602087 -0.022993328 0.054003995
v  0.042800002 -0.022604028 0.021475837
v  0.042800002 -0.023548329 0.025
v  0.042800002 -0.022604028 0.028524164
v  0.042800002 -0.022690767 0.025
v  0.042800002 -0.021861361 0.021904616
v  0.0403 -0.022850322 0.044741847
v  0.0403 -0.023548329 0.047800001
v  0.0403 -0.022604028 0.051324163
v  0.0403 -0.022690767 0.047800001
v  0.0403 -0.021861361 0.044704616
v  0.044100001 -0.022619152 0.053652983
v  0.044100001 -0.020894559 0.042289395
v  0.044100001 -0.022510404 0.031010408
v  0.044100001 -0.02002416 0.018895969
v  0.043602124 -0.023180248 0.041772053
v  0.043602068 -0.023003461 0.041586991
v  0.043602016 -0.022824386 0.041399527
v  0.044100001 -0.022510404 0.041789591
v  0.042300001 -0.0065000006 0.00019999951
v  0.042300001 -0.02211141 0.017963517
v  0.042300001 -0.0065000006 0.0080999993
v  0.042300001 -0.014497313 0.016225647
v  0.042300001 -0.018502684 0.016225647
v  0.0436 -0.02211141 0.017963517
v  0.042300001 -0.02211141 0.032036483
v  0.042300001 -0.0065000006 0.036399838
v  0.042300001 -0.018502684 0.03377435
v  0.042300001 -0.016493918 0.038800001
v  0.042300001 -0.01830695 0.03900411
v  0.042300001 -0.018507289 0.039026663
v  0.042300001 -0.020405145 0.039691281
v  0.042300001 -0.020912567 0.040010437
v  0.042300001 -0.022117795 0.040768482
v  0.042300001 -0.022174278 0.040825058
v  0.042300001 -0.0065000006 0.038799837
v  0.043601949 -0.022161687 0.040837634
v  0.042300001 -0.022823879 0.054123819
v  0.042300001 -0.02210422 0.054842331
v  0.042300001 -0.020417335 0.055899583
v  0.042300001 -0.020395095 0.055913527
v  0.042300001 -0.018487209 0.056577884
v  0.042300001 -0.017685855 0.056667726
v  0.042300001 -0.0065000006 0.057200164
v  0.042300001 -0.016506078 0.056799997
v  0.042300001 -0.016499998 0.0603
v  0.042300001 -0.018500002 0.060835898
v  0.042300001 -0.019964101 0.0623
v  0.042300001 -0.0065000006 0.05895
v  0.042300001 -0.020499999 0.064300001
v  0.042300001 -0.020275535 0.065621115
v  0.042300001 -0.01959637 0.066649996
v  0.042300001 -0.0065000006 0.071499996
v  0.0403 -0.0055348896 0.071499996
v  0.042300001 -0.01919868 0.067252472
v  0.042300001 -0.017477358 0.068178758
v  0.043602046 -0.02285439 0.054157898
v  -0.04230018 -0.017521309 0.044893246
v  0.043602016 -0.02275263 0.054270621
v  0.044100001 -0.022510404 0.053810406
v  0.0403 -0.020894559 0.042289395
v  0.0403 -0.019595386 0.042438637
v  0.044100001 -0.021334114 0.040996876
v  0.043601882 -0.021699773 0.055126306
v  0.044100001 -0.021329904 0.054595001
v  0.044100001 -0.021121265 0.018053439
v  0.0436 -0.02211141 0.032036483
v  0.044100001 -0.022690767 0.025
v  0.044100001 -0.021861361 0.028095385
v  0.042800002 -0.021861361 0.028095385
v  0.044100001 -0.021861361 0.021904616
v  0.044100001 -0.02111301 0.023368632
v  0.044100001 -0.021252716 0.02389003
v  0.044100001 -0.02111301 0.024411429
v  0.044100001 -0.022690767 0.047800001
v  0.044100001 -0.021861361 0.050895385
v  0.0403 -0.021861361 0.050895385
v  0.044100001 -0.021861361 0.044704616
v  0.044100001 -0.02111301 0.046168633
v  0.044100001 -0.021252716 0.046690028
v  0.044100001 -0.018513056 0.050988525
v  0.044100001 -0.02111301 0.047211427
v  0.044100001 -0.020731317 0.047593117
v  0.044100001 -0.02002416 0.05390403
v  0.042800002 -0.02002416 0.018895969
v  0.042800002 -0.019595386 0.019638637
v  0.042800002 -0.02002416 0.03110403
v  0.044100001 -0.02002416 0.03110403
v  0.044100001 -0.021116154 0.031937059
v  0.0403 -0.02002416 0.05390403
v  0.0403 -0.021850513 0.01976455
v  0.042300001 -0.01989411 0.018199999
v  0.0403 -0.01989411 0.018199999
v  0.043601912 -0.021776782 0.040511277
v  0.043601889 -0.021704623 0.04046984
v  0.0436 -0.019852387 0.016875632
v  0.0436 -0.021425227 0.017633069
v  0.0436 -0.021425227 0.032366931
v  0.043601863 -0.021552259 0.055246197
v  -0.040800862 -0.016900273 0.053807486
v  0.044100001 -0.019595386 0.019638637
v  0.044100001 -0.020209918 0.022847233
v  0.044100001 -0.020731317 0.022986943
v  0.044100001 -0.019595386 0.030361362
v  0.042800002 -0.019595386 0.030361362
v  0.044100001 -0.020731317 0.024793118
v  0.044100001 -0.018652769 0.028709922
v  0.044100001 -0.019595386 0.042438637
v  0.044100001 -0.020209918 0.045647234
v  0.044100001 -0.020731317 0.045786943
v  0.044100001 -0.019595386 0.053161364
v  0.0403 -0.019595386 0.053161364
v  0.044100001 -0.018652769 0.051509921
v  0.0403 -0.0055348896 0.00019999951
v  0.0403 -0.020746434 0.031302996
v  0.0403 -0.013105887 0.031799998
v  0.0403 -0.01989411 0.031799998
v  0.0403 -0.0055348896 0.032400001
v  0.0403 -0.0055348896 0.03415069
v  0.0403 -0.019626917 0.037050691
v  0.0403 -0.016712764 0.035301384
v  0.0403 -0.01628712 0.060297765
v  0.0403 -0.019599998 0.064300001
v  0.0403 -0.019184681 0.062749997
v  0.0403 -0.018050002 0.061615322
v  0.0403 -0.016499998 0.0612
v  0.0403 -0.0055348896 0.060748883
v  0.0403 -0.018188195 0.0669
v  0.0403 -0.019066462 0.065949999
v  0.0403 -0.01922428 0.065779291
v  0.0403 -0.014811809 0.0669
v  0.043601647 -0.020910108 0.040013574
v  0.043601483 -0.020396622 0.055865858
v  0.044100001 -0.019961657 0.05550437
v  0.055169355 -0.018674867 0.11036976
v  0.054300088 -0.01890781 0.11036976
v  0.054300349 -0.021500001 0.073299997
v  0.056113984 -0.021042505 0.073299997
v  0.052826066 -0.021277817 0.073299997
v  0.053473726 -0.019779155 0.073299997
v  -0.039636694 -0.016418057 0.064645775
v  0.044100001 -0.019814761 0.017172974
v  0.0436 -0.019852387 0.033124369
v  0.044100001 -0.019972334 0.040079162
v  0.044100001 -0.018068397 0.04092839
v  0.040233314 -0.015241775 0.074785523
v  0.052500479 -0.021081636 0.073299997
v  0.042800002 -0.02111301 0.023368632
v  0.042800002 -0.021252716 0.02389003
v  0.042800002 -0.02111301 0.024411429
v  0.042800002 -0.020731317 0.024793118
v  0.042800002 -0.019167127 0.02389003
v  0.0403 -0.02111301 0.046168633
v  0.0403 -0.021252716 0.046690028
v  0.0403 -0.02111301 0.047211427
v  0.0403 -0.020731317 0.047593117
v  0.0403 -0.019306833 0.047211427
v  -0.028334595 -0.014871138 0.1285
v  -0.028334595 -0.014871138 0.13850001
v  0.028334592 -0.014871138 0.1285
v  -0.050813287 -0.021047549 0.00019999951
v  -0.053125829 -0.014235022 0.00019999951
v  0.044100001 -0.019748287 0.032846179
v  0.042800002 -0.020731317 0.022986943
v  0.0403 -0.020731317 0.045786943
v  0.0403 -0.019306833 0.046168633
v  0.053415231 -0.018731872 0.11036976
v  0.050764713 -0.020035783 0.073299997
v  0.052018493 -0.018996062 0.073299997
v  0.055504061 -0.018585155 0.11036976
v  0.056671295 -0.020901928 0.073299997
v  0.055126276 -0.019779155 0.073299997
v  -0.053083315 -0.014223631 0.0041197985
v  0.036730673 -0.020402441 0.076388575
v  -0.038720235 -0.016038449 0.079162575
v  0.038720239 -0.016038449 0.079162575
v  0.038125046 -0.01579191 0.098567002
v  0.043601427 -0.020193094 0.03960181
v  0.055944692 -0.01814446 0.11036976
v  0.057742815 -0.019932525 0.073299997
v  0.056581505 -0.018996062 0.073299997
v  0.042300001 -0.018354433 0.041000001
v  0.0403 -0.018354433 0.041000001
v  0.0403 -0.016499998 0.041609231
v  0.042300001 -0.018068397 0.04092839
v  -0.052631341 -0.014102529 0.012697171
v  0.042300001 -0.01989411 0.031799998
v  0.042300001 -0.013105887 0.031799998
v  0.042300001 -0.010612632 0.029806118
v  0.042300001 -0.008999343 0.023775233
v  0.042800002 -0.020209918 0.022847233
v  0.042800002 -0.020209918 0.024932826
v  0.044100001 -0.020209918 0.024932826
v  0.042800002 -0.019688526 0.024793118
v  0.0403 -0.020209918 0.045647234
v  0.0403 -0.020209918 0.047732826
v  0.044100001 -0.020209918 0.047732826
v  -0.038125046 -0.01579191 0.098567002
v  0.037883468 -0.015691848 0.1285
v  0.038855191 -0.016094344 0.076388575
v  0.039600808 -0.015002157 0.075456522
v  -0.037883468 -0.015691848 0.1285
v  0.0513 -0.020275535 0.065621115
v  0.0513 -0.020499999 0.064300001
v  0.0513 -0.019964101 0.0623
v  0.0513 -0.019499997 0.066945754
v  -0.051665656 -0.01384377 0.019775866
v  0.043601416 -0.02018361 0.055980075
v  0.043600794 -0.018599512 0.039062969
v  0.043601409 -0.020131523 0.03956645
v  0.043601323 -0.019901933 0.05613111
v  0.042800002 -0.019688526 0.022986943
v  0.042800002 -0.019306833 0.023368632
v  0.044100001 -0.019688526 0.022986943
v  0.044100001 -0.019688526 0.024793118
v  0.044100001 -0.018513056 0.028188523
v  0.044100001 -0.01813137 0.027806833
v  0.0403 -0.019688526 0.045786943
v  0.044100001 -0.019688526 0.045786943
v  0.0403 -0.019688526 0.047593117
v  0.044100001 -0.019688526 0.047593117
v  0.044100001 -0.01813137 0.050606832
v  0.044100001 -0.019814761 0.039972972
v  0.044100001 -0.0184543 0.039696768
v  0.053186111 -0.018595928 0.11036976
v  0.052597526 -0.018202709 0.11036976
v  0.05240928 -0.017921025 0.11036976
v  0.049655497 -0.018337982 0.073299997
v  0.05337872 -0.018724607 0.11036976
v  0.042800002 -0.016499998 0.017951671
v  0.042800002 -0.016499998 0.018809233
v  0.044100001 -0.016499998 0.017951671
v  0.044100001 -0.019750202 0.017159868
v  0.042800002 -0.016499998 0.032048326
v  0.044100001 -0.016499998 0.032048326
v  0.040300779 -0.018356206 0.054599795
v  0.044100001 -0.018457795 0.055915575
v  0.044100001 -0.016850309 0.056231216
v  0.044100001 -0.016499998 0.054848328
v  0.042300001 -0.018354433 0.0546
v  -0.050413698 -0.013508308 0.02499043
v  0.0513 -0.019328425 0.061471574
v  0.0513 -0.019499997 0.061654247
v  0.0513 -0.019145751 0.061299998
v  0.044100001 -0.019714111 0.05566889
v  0.058443226 -0.019298868 0.073299997
v  0.056385327 -0.017703766 0.11036976
v  0.056185436 -0.017903687 0.11036976
v  0.04360079 -0.018590914 0.05650489
v  0.0403 -0.013105887 0.018199999
v  0.042300001 -0.013105887 0.018199999
v  0.0436 -0.018502684 0.016225647
v  0.0436 -0.018502684 0.03377435
v  0.044100001 -0.019714111 0.032868892
v  0.052739356 -0.019499997 0.067299999
v  0.053473726 -0.019779155 0.067299999
v  0.055126276 -0.019779155 0.067299999
v  0.055860642 -0.019499997 0.067299999
v  0.052018493 -0.018996062 0.067299999
v  0.044100001 -0.018075446 0.016819853
v  0.044100001 -0.0180785 0.033190053
v  0.044100001 -0.019306833 0.023368632
v  0.044100001 -0.016499998 0.018809233
v  0.042800002 -0.019306833 0.024411429
v  0.044100001 -0.019306833 0.024411429
v  0.044100001 -0.017609971 0.027667126
v  0.044100001 -0.019306833 0.046168633
v  0.044100001 -0.016499998 0.041609231
v  0.044100001 -0.019306833 0.047211427
v  0.044100001 -0.017609971 0.050467126
v  0.042300001 -0.019599998 0.064300001
v  0.042300001 -0.01922428 0.065779291
v  0.042300001 -0.019184681 0.062749997
v  0.042300001 -0.013815324 0.062749997
v  0.044100001 -0.016499998 0.031190768
v  0.042800002 -0.016499998 0.031190768
v  0.044100001 -0.01813137 0.029613009
v  0.044100001 -0.018513056 0.029231319
v  0.044100001 -0.016499998 0.053990766
v  0.0403 -0.016499998 0.053990766
v  0.044100001 -0.018513056 0.05203132
v  0.044100001 -0.01813137 0.052413009
v  0.057300001 -0.019499997 0.061299998
v  0.057300001 -0.019499997 0.067299999
v  0.057300001 -0.018060641 0.067299999
v  0.057300001 -0.014939356 0.067299999
v  0.057300001 -0.0135 0.061299998
v  0.0513 -0.0135 0.061654247
v  0.0513 -0.018060641 0.067982987
v  0.0513 -0.018060641 0.067299999
v  0.056581505 -0.018996062 0.067299999
v  0.044100001 -0.019167127 0.02389003
v  0.0403 -0.019167127 0.046690028
v  0.044100001 -0.019167127 0.046690028
v  0.058820173 -0.0182919 0.073299997
v  0.056474987 -0.017369049 0.11036976
v  0.057491891 -0.017616892 0.073299997
v  0.042300001 -0.018188195 0.0669
v  0.042300001 -0.013775724 0.065779291
v  0.042300001 -0.014811809 0.0669
v  -0.048479825 -0.012990127 0.030760536
v  0.05108811 -0.017557995 0.068157487
v  0.051112209 -0.017615171 0.068137638
v  0.042300001 -0.018050002 0.061615322
v  0.042300001 -0.014950003 0.061615322
v  0.0513 -0.018500002 0.060835898
v  0.051108111 -0.017616892 0.073299997
v  0.055419281 -0.018598424 0.11055093
v  0.054300081 -0.018878268 0.11055093
v  0.053212222 -0.018539721 0.11073302
v  0.053180873 -0.018598506 0.11055093
v  0.054300081 -0.018811652 0.11073302
v  0.055387929 -0.018539647 0.11073302
v  0.055284675 -0.018346058 0.11103136
v  0.054300074 -0.018592255 0.11103136
v  0.042800002 -0.018513056 0.028188523
v  0.042800002 -0.018652769 0.028709922
v  0.042800002 -0.018513056 0.029231319
v  0.042800002 -0.016706878 0.028188523
v  0.0403 -0.018513056 0.050988525
v  0.0403 -0.018652769 0.051509921
v  0.0403 -0.018513056 0.05203132
v  0.0403 -0.016706878 0.05203132
v  0.0403 -0.017609971 0.052552719
v  0.0403 -0.017088572 0.052413009
v  0.043600734 -0.018455574 0.039015666
v  0.052397422 -0.017927015 0.11055093
v  0.052450716 -0.017887043 0.11073302
v  0.056202695 -0.017926859 0.11055093
v  0.053315464 -0.018346133 0.11103136
v  0.055135 -0.018065454 0.11123141
v  0.054300062 -0.018274227 0.11123141
v  0.043600548 -0.017997647 0.056674033
v  0.056149397 -0.017886886 0.11073302
v  0.055973873 -0.017755257 0.11103136
v  0.042800002 -0.01813137 0.027806833
v  0.042800002 -0.01813137 0.029613009
v  0.042800002 -0.016567172 0.028709922
v  0.042800002 -0.016706878 0.029231319
v  0.0403 -0.01813137 0.050606832
v  0.0403 -0.01813137 0.052413009
v  0.043600678 -0.018304707 0.038999025
v  0.0436 -0.016499998 0.015999999
v  0.0436 -0.018200578 0.016191609
v  0.0436 -0.018200578 0.033808388
v  0.042300001 -0.014497313 0.03377435
v  0.0513 -0.016499998 0.0603
v  0.0513 -0.014500002 0.060835898
v  0.043600142 -0.016881602 0.056767903
v  0.043600436 -0.017687211 0.056700144
v  0.044100001 -0.01684946 0.039370947
v  0.042300001 -0.014645572 0.0546
v  0.040300757 -0.014643732 0.054599792
v  0.0403 -0.014645572 0.041000001
v  0.042300001 -0.014645572 0.041000001
v  0.042300001 -0.016499998 0.054848328
v  0.052626234 -0.017755399 0.11103136
v  0.053465113 -0.018065521 0.11123141
v  0.055719443 -0.017564455 0.11123141
v  0.05207552 -0.01742159 0.11036976
v  0.052068252 -0.017385082 0.11036976
v  0.0496419 -0.018317165 0.073299997
v  0.052024864 -0.017167026 0.11036976
v  0.049412131 -0.016486274 0.073299997
v  0.050918341 -0.016499998 0.073299997
v  0.043600142 -0.016879896 0.038841896
v  0.059262674 -0.017109798 0.073299997
v  0.056532871 -0.017152967 0.11036976
v  0.053980432 -0.01787358 0.1113
v  0.055034645 -0.017703803 0.1113
v  0.054407768 -0.017906139 0.1113
v  0.054300983 -0.017898003 0.1113
v  -0.046027951 -0.01233315 0.037923541
v  0.044100001 -0.016499998 0.0165
v  0.0436 -0.016499998 0.033999998
v  0.042800002 -0.017609971 0.027667126
v  0.042800002 -0.017088572 0.027806833
v  0.042800002 -0.017609971 0.029752718
v  0.044100001 -0.017609971 0.029752718
v  0.0403 -0.017609971 0.050467126
v  0.044100001 -0.017609971 0.052552719
v  0.044100001 -0.016499998 0.033500001
v  0.042300001 -0.0149316 0.04092839
v  0.044100001 -0.0149316 0.04092839
v  0.044100001 -0.016149694 0.039368786
v  0.053407215 -0.017591687 0.1113
v  0.052880649 -0.017564574 0.11123141
v  0.053652216 -0.01771217 0.1113
v  0.057491891 -0.017616892 0.067299999
v  0.057491891 -0.015383112 0.067299999
v  0.042300001 -0.016499998 0.0612
v  0.052080832 -0.017147327 0.11073302
v  0.056519229 -0.017147118 0.11073302
v  0.055404242 -0.017322795 0.1113
v  0.056308601 -0.017085703 0.11103136
v  0.052386548 -0.016500087 0.11116417
v  0.052291453 -0.017085889 0.11103136
v  0.052532837 -0.01650008 0.11120763
v  0.056183632 -0.016499909 0.11118086
v  0.057681657 -0.016499998 0.073299997
v  0.057681657 -0.016499998 0.067299999
v  0.051074941 -0.01747595 0.068168543
v  0.044100001 -0.017088572 0.027806833
v  0.044100001 -0.016293118 0.021811476
v  0.044100001 -0.013832877 0.026109969
v  0.044100001 -0.016432824 0.021290079
v  0.042800002 -0.017088572 0.029613009
v  0.044100001 -0.017088572 0.029613009
v  0.0403 -0.017088572 0.050606832
v  0.044100001 -0.017088572 0.050606832
v  0.044100001 -0.015911425 0.044993166
v  0.044100001 -0.016432824 0.044090077
v  0.044100001 -0.016293118 0.044611476
v  0.044100001 -0.017088572 0.052413009
v  0.053200353 -0.017324122 0.1113
v  0.053018693 -0.01708916 0.1113
v  0.052889735 -0.01650005 0.1113
v  0.052839503 -0.01650005 0.11129873
v  0.056068782 -0.016499924 0.11120977
v  0.055710267 -0.016499953 0.1113
v  0.055525579 -0.017197715 0.1113
v  -0.04422529 -0.011850129 0.044893246
v  0.050918341 -0.016499998 0.068300001
v  0.042300001 -0.015522639 0.068178758
v  0.039899606 -0.00943512 0.1355
v  0.039899606 -0.00943512 0.13850001
v  0.031070139 -0.0076581039 0.13850001
v  0.055581305 -0.015910843 0.1113
v  0.055399645 -0.015675874 0.1113
v  0.051892169 -0.016500169 0.11036976
v  0.056707829 -0.016499834 0.11036976
v  0.056703068 -0.016499834 0.11041977
v  0.052044034 -0.016500132 0.11083366
v  0.052008886 -0.01650014 0.11072629
v  0.05658887 -0.016499856 0.11072448
v  0.056537241 -0.016499871 0.11086224
v  0.05918787 -0.016513722 0.073299997
v  0.044100001 -0.016706878 0.028188523
v  0.044100001 -0.016706878 0.029231319
v  0.044100001 -0.013404618 0.030361362
v  0.0403 -0.016706878 0.050988525
v  0.0403 -0.016567172 0.051509921
v  0.044100001 -0.016706878 0.050988525
v  0.044100001 -0.014868635 0.044993166
v  0.044100001 -0.014486942 0.044611476
v  0.044100001 -0.013311478 0.048006881
v  0.044100001 -0.015390034 0.045132875
v  0.044100001 -0.016706878 0.05203132
v  0.052227598 -0.01650011 0.11101079
v  0.056373119 -0.016499886 0.11101013
v  -0.042657733 -0.011430102 0.053807486
v  0.0436 -0.016499998 0.0568
v  0.044100001 -0.016499998 0.056299999
v  0.0436 -0.016499998 0.038800001
v  0.044100001 -0.016499998 0.039299998
v  0.039999999 -0.013269256 0.037212256
v  0.0403 -0.013560104 0.037050691
v  0.0403 -0.0055348896 0.037050691
v  0.044100001 -0.016567172 0.028709922
v  0.044100001 -0.013693164 0.026631368
v  0.044100001 -0.013311478 0.027013058
v  0.044100001 -0.016567172 0.051509921
v  0.044100001 -0.013693164 0.048388571
v  0.044100001 -0.013693164 0.049431369
v  0.044100001 -0.013311478 0.049813058
v  0.044100001 -0.013832877 0.04890997
v  -0.04011786 -0.0084591536 0.13850001
v  -0.04011786 -0.0084591536 0.1355
v  -0.039810605 -0.0084620072 0.1355
v  -0.039810605 -0.0084620072 0.1285
v  -0.039607562 -0.010612818 0.1285
v  0.039607566 -0.010612818 0.1285
v  0.039810609 -0.0084620072 0.1285
v  0.039810609 -0.0084620072 0.1355
v  0.058958102 -0.014682832 0.073299997
v  0.056532808 -0.015846828 0.11036976
v  0.043599859 -0.016120436 0.056756545
v  0.042300001 -0.014693047 0.056595888
v  0.049337324 -0.015890198 0.073299997
v  0.052024793 -0.015833186 0.11036976
v  0.052080773 -0.015852878 0.11073302
v  0.052291397 -0.0159143 0.11103136
v  0.052880559 -0.015435542 0.11123141
v  0.052626126 -0.01524474 0.11103136
v  0.053074419 -0.015802281 0.1113
v  0.044100001 -0.015094618 0.016775955
v  0.0436 -0.014984633 0.01617074
v  0.042800002 -0.012975837 0.018895969
v  0.042800002 -0.013404618 0.019638637
v  0.044100001 -0.012975837 0.018895969
v  0.044100001 -0.013404618 0.019638637
v  0.044100001 -0.014868635 0.02038699
v  0.044100001 -0.015390034 0.020247282
v  0.044100001 -0.015911425 0.02038699
v  0.044100001 -0.016293118 0.02076868
v  0.042800002 -0.013404618 0.030361362
v  0.042800002 -0.012975837 0.03110403
v  0.044100001 -0.012975837 0.03110403
v  0.044100001 -0.013607959 0.032912847
v  0.044100001 -0.015097435 0.033215247
v  0.0436 -0.014984633 0.033829257
v  0.043599989 -0.016116397 0.038808595
v  0.0403 -0.013404618 0.042438637
v  0.044100001 -0.013404618 0.042438637
v  0.044100001 -0.014868635 0.043186989
v  0.044100001 -0.015390034 0.043047283
v  0.044100001 -0.015911425 0.043186989
v  0.044100001 -0.016293118 0.043568682
v  0.044100001 -0.013404618 0.053161364
v  0.0403 -0.013404618 0.053161364
v  0.0403 -0.012975837 0.05390403
v  0.044100001 -0.012975837 0.05390403
v  0.044100001 -0.014545704 0.055903234
v  0.044100001 -0.016150536 0.056229051
v  0.042300001 -0.014500002 0.060835898
v  0.0403 -0.014950003 0.061615322
v  0.057491891 -0.015383112 0.073299997
v  0.050953995 -0.016010227 0.068269856
v  0.051108111 -0.015383112 0.073299997
v  0.055973768 -0.015244599 0.11103136
v  0.055719353 -0.015435423 0.11123141
v  0.056308545 -0.015914107 0.11103136
v  0.056519166 -0.015852669 0.11073302
v  0.042300001 -0.015314142 0.038932271
v  0.043599989 -0.016091118 0.038809162
v  0.042800002 -0.016293118 0.02076868
v  0.042800002 -0.016432824 0.021290079
v  0.042800002 -0.016293118 0.021811476
v  0.042800002 -0.014347236 0.021290079
v  0.042800002 -0.014486942 0.021811476
v  0.042800002 -0.014868635 0.022193165
v  0.042800002 -0.015390034 0.022332875
v  0.042800002 -0.015911425 0.022193165
v  0.0403 -0.016293118 0.043568682
v  0.0403 -0.016432824 0.044090077
v  0.0403 -0.016293118 0.044611476
v  0.0403 -0.014347236 0.044090077
v  0.0403 -0.014486942 0.044611476
v  0.0403 -0.014868635 0.044993166
v  0.0403 -0.015390034 0.045132875
v  0.0403 -0.015911425 0.044993166
v  -0.041440584 -0.011103968 0.064645775
v  0.042800002 -0.015911425 0.02038699
v  0.044100001 -0.015911425 0.022193165
v  0.044100001 -0.013693164 0.025588572
v  0.0403 -0.015911425 0.043186989
v  0.039999999 -0.0055698105 0.053864531
v  0.0403 -0.0078781052 0.05525
v  0.043599319 -0.014690588 0.056592848
v  0.043599825 -0.015312965 0.038928781
v  0.044100001 -0.014542202 0.039684422
v  0.039267931 -0.014878455 0.076388575
v  -0.040482417 -0.010847229 0.079162575
v  0.040482417 -0.010847229 0.079162575
v  0.039860137 -0.010680492 0.098567002
v  0.051108345 -0.015532526 0.068141885
v  0.052450601 -0.015113111 0.11073302
v  0.042800002 -0.015390034 0.020247282
v  0.044100001 -0.015390034 0.022332875
v  0.0403 -0.015390034 0.043047283
v  0.049779829 -0.014708105 0.073299997
v  0.052068129 -0.015615235 0.11036976
v  0.056474868 -0.015630642 0.11036976
v  0.056385159 -0.01529594 0.11036976
v  0.056202576 -0.015072982 0.11055093
v  0.056149282 -0.015112954 0.11073302
v  0.053195756 -0.015677201 0.1113
v  -0.039860137 -0.010680492 0.098567002
v  0.053565353 -0.015296194 0.1113
v  0.055192783 -0.01540831 0.1113
v  0.054947786 -0.015287827 0.1113
v  0.054299016 -0.015101994 0.1113
v  0.054619566 -0.015126417 0.1113
v  0.058944501 -0.014662015 0.073299997
v  0.050156772 -0.013701129 0.073299997
v  0.05207539 -0.01557872 0.11036976
v  0.052397303 -0.015073146 0.11055093
v  0.050857186 -0.013067472 0.073299997
v  0.052409157 -0.015079129 0.11036976
v  0.042299978 -0.011756341 0.074532166
v  0.051152028 -0.015397321 0.068105668
v  0.042300001 -0.013801317 0.067252472
v  0.053464998 -0.014934543 0.11123141
v  0.053315327 -0.014653939 0.11103136
v  0.055134885 -0.014934483 0.11123141
v  0.0513 -0.014939356 0.067982987
v  0.042800002 -0.014868635 0.02038699
v  0.044100001 -0.014868635 0.022193165
v  0.044100001 -0.013311478 0.025206883
v  0.0403 -0.014868635 0.043186989
v  0.052018493 -0.014003935 0.073299997
v  0.056581505 -0.014003935 0.073299997
v  0.042300001 -0.014512788 0.039022118
v  0.043599632 -0.014399092 0.039069258
v  0.05419223 -0.015093858 0.1113
v  0.054299939 -0.01472577 0.11123141
v  0.056185335 -0.015096146 0.11036976
v  0.053212073 -0.014460358 0.11073302
v  0.055284537 -0.014653864 0.11103136
v  0.042012043 -0.0092746643 0.074785523
v  0.055419125 -0.014401491 0.11055093
v  0.055387776 -0.014460276 0.11073302
v  0.0436 -0.014497313 0.03377435
v  0.057835288 -0.012964222 0.073299997
v  0.055944465 -0.014855306 0.11036976
v  0.0436 -0.014497313 0.016225647
v  0.044100001 -0.013603839 0.017068677
v  0.052597288 -0.014797526 0.11036976
v  0.053180721 -0.01440158 0.11055093
v  0.053185947 -0.014404136 0.11036976
v  0.040623512 -0.01088504 0.076388575
v  0.041351572 -0.0091288565 0.075456522
v  0.0403 -0.013815324 0.062749997
v  0.052018493 -0.014003935 0.067299999
v  0.0513 -0.014939356 0.067299999
v  0.0513 -0.013843807 0.067193508
v  0.0513 -0.0135 0.066945754
v  0.056581505 -0.014003935 0.067299999
v  0.057300001 -0.0135 0.067299999
v  0.054299928 -0.014407749 0.11103136
v  0.044100001 -0.012105438 0.042289395
v  0.044100001 -0.013038347 0.040095627
v  0.044100001 -0.013285886 0.039931107
v  -0.031070136 -0.0076581039 0.1285
v  -0.031070136 -0.0076581039 0.13850001
v  0.011347358 0.02992052 0.1285
v  0.0038571735 0.031766683 0.1285
v  -0.0038571726 0.031766683 0.1285
v  -0.011347353 0.02992052 0.1285
v  -0.018178076 0.026335483 0.1285
v  -0.023952343 0.021219926 0.1285
v  0.042800002 -0.014486942 0.02076868
v  0.044100001 -0.014486942 0.02076868
v  0.044100001 -0.014486942 0.021811476
v  0.044100001 -0.012790079 0.025067175
v  0.0403 -0.014486942 0.043568682
v  0.044100001 -0.014486942 0.043568682
v  0.055503771 -0.014414671 0.11036976
v  0.0403 -0.013933542 0.065949999
v  0.051928703 -0.012098077 0.073299997
v  0.042300001 -0.014492708 0.056573335
v  0.043599229 -0.014460306 0.056566484
v  0.054299921 -0.014188345 0.11073302
v  0.0403 -0.012105438 0.042289395
v  0.043599207 -0.014398138 0.056544881
v  0.043598566 -0.012807409 0.055992074
v  0.044100001 -0.013185236 0.055627026
v  0.043599587 -0.014184128 0.039102305
v  0.042300001 -0.01260491 0.039686475
v  0.042300001 -0.013035896 0.0623
v  0.042300001 -0.010888594 0.017963517
v  0.0436 -0.012103285 0.01737855
v  0.0436 -0.013500321 0.016705774
v  0.0436 -0.013500321 0.033294223
v  0.042300001 -0.010888594 0.032036483
v  0.042300001 -0.012594852 0.055908717
v  0.044100001 -0.014347236 0.021290079
v  0.044100001 -0.014347236 0.044090077
v  0.044100001 -0.012790079 0.047867175
v  0.054299917 -0.014121729 0.11055093
v  0.056099519 -0.011918361 0.073299997
v  0.05516905 -0.014325011 0.11036976
v  0.052486017 -0.011957492 0.073299997
v  0.053378407 -0.014275516 0.11036976
v  0.054299831 -0.014092172 0.11036976
v  0.053414918 -0.014268252 0.11036976
v  0.054299653 -0.011500004 0.073299997
v  -0.05373551 -0.011169936 0.00019999951
v  -0.054485738 -0.0071731829 0.0041197985
v  -0.054529376 -0.0071789273 0.00019999951
v  0.043599058 -0.012816663 0.039630421
v  -0.05402182 -0.0071121105 0.012697171
v  0.055773936 -0.011722188 0.073299997
v  0.052739356 -0.0135 0.067299999
v  0.055860642 -0.0135 0.067299999
v  0.053473726 -0.013220842 0.073299997
v  0.055126276 -0.013220842 0.073299997
v  0.0403 -0.013775724 0.065779291
v  0.0403 -0.0055348896 0.065949999
v  0.042300001 -0.013403627 0.066649996
v  -0.053030618 -0.0069816136 0.019775866
v  0.042800002 -0.013693164 0.025588572
v  0.042800002 -0.013832877 0.026109969
v  0.042800002 -0.013693164 0.026631368
v  0.042800002 -0.011886994 0.025588572
v  0.042800002 -0.011747281 0.026109969
v  0.042800002 -0.011886994 0.026631368
v  0.042800002 -0.01226868 0.027013058
v  0.042800002 -0.012790079 0.027152766
v  0.042800002 -0.013311478 0.027013058
v  0.0403 -0.013693164 0.048388571
v  0.0403 -0.013832877 0.04890997
v  0.0403 -0.013693164 0.049431369
v  0.0403 -0.013311478 0.049813058
v  0.0403 -0.011747281 0.04890997
v  0.0403 -0.013399999 0.064300001
v  0.042300001 -0.013399999 0.064300001
v  0.042300001 -0.0065000006 0.066649996
v  0.042800002 -0.013311478 0.025206883
v  0.0403 -0.013311478 0.048006881
v  0.044100001 -0.013185236 0.032827023
v  0.044100001 -0.013285886 0.017131109
v  0.044100001 -0.012347582 0.017754726
v  0.0403 -0.0057826065 0.041366171
v  -0.051745586 -0.0068124332 0.02499043
v  0.0436 -0.012103285 0.032621447
v  0.0513 -0.013035896 0.0623
v  0.042300001 -0.012724469 0.065621115
v  0.0513 -0.012724469 0.065621115
v  0.053473726 -0.013220842 0.067299999
v  0.055126276 -0.013220842 0.067299999
v  0.042800002 -0.011138636 0.021904616
v  0.044100001 -0.011138636 0.021904616
v  0.044100001 -0.01226868 0.025206883
v  0.044100001 -0.011138636 0.028095385
v  0.042800002 -0.011138636 0.028095385
v  0.042800002 -0.010395969 0.028524164
v  0.044100001 -0.012790079 0.027152766
v  0.0403 -0.011138636 0.044704616
v  0.044100001 -0.011138636 0.044704616
v  0.044100001 -0.01226868 0.048006881
v  0.044100001 -0.011138636 0.050895385
v  0.0403 -0.011138636 0.050895385
v  0.0403 -0.010395969 0.051324163
v  0.044100001 -0.012790079 0.049952764
v  0.042800002 -0.012790079 0.025067175
v  0.042800002 -0.01226868 0.025206883
v  0.0403 -0.012790079 0.047867175
v  0.0403 -0.012790079 0.049952764
v  0.0403 -0.01226868 0.049813058
v  0.039999999 -0.0047012293 0.037212256
v  0.039999999 -0.0052024522 0.039122958
v  0.039999999 -0.0057826289 0.041366342
v  0.044100001 -0.012340385 0.032257672
v  0.044100001 -0.013027663 0.05552084
v  0.0403 -0.01225357 0.018697005
v  0.0403 -0.010612632 0.029806118
v  0.043598883 -0.012363615 0.039805386
v  0.044100001 -0.011670101 0.041004997
v  0.043598969 -0.012586522 0.039719298
v  0.042300001 -0.012499998 0.064300001
v  0.0513 -0.012499998 0.064300001
v  0.043598507 -0.012658569 0.055940349
v  0.044100001 -0.011665891 0.054603122
v  0.04359813 -0.011309716 0.055107057
v  0.043598346 -0.012085962 0.055586606
v  -0.049760625 -0.0065511116 0.030760536
v  0.042800002 -0.010395969 0.021475837
v  0.044100001 -0.010395969 0.021475837
v  0.044100001 -0.011099744 0.018584073
v  0.044100001 -0.010395969 0.028524164
v  0.044100001 -0.011097725 0.031420235
v  0.044100001 -0.010081093 0.030395489
v  0.044100001 -0.010489593 0.031010408
v  0.044100001 -0.010395969 0.051324163
v  0.044100001 -0.010384063 0.05365156
v  0.044100001 -0.009492415 0.052309357
v  0.044100001 -0.01226868 0.027013058
v  0.0403 -0.01226868 0.048006881
v  0.0403 -0.011886994 0.048388571
v  0.044100001 -0.01226868 0.049813058
v  0.042300001 -0.01208743 0.055589564
v  0.042300001 -0.012582663 0.039700415
v  0.042300001 -0.010895777 0.040757671
v  0.04359844 -0.011310878 0.040492933
v  0.0436 -0.010888594 0.017963517
v  0.0436 -0.010888594 0.032036483
v  -0.047243975 -0.0062197843 0.037923541
v  0.044100001 -0.011886994 0.025588572
v  0.044100001 -0.011886994 0.026631368
v  0.044100001 -0.011886994 0.048388571
v  0.0403 -0.011886994 0.049431369
v  0.044100001 -0.011886994 0.049431369
v  0.0403 -0.010036449 0.021002185
v  0.042300001 -0.010036449 0.021002185
v  0.0403 -0.010149675 0.044741847
v  0.044100001 -0.010149675 0.044741847
v  0.044100001 -0.010489593 0.041789591
v  0.044100001 -0.010380845 0.041947015
v  0.042300001 -0.010882202 0.054831516
v  0.044100001 -0.011747281 0.026109969
v  0.044100001 -0.01030923 0.025
v  0.044100001 -0.011747281 0.04890997
v  0.044100001 -0.01030923 0.047800001
v  -0.04539369 -0.005976195 0.044893246
v  0.042299874 -0.0093476875 0.074673332
v  0.043598242 -0.010838586 0.040801384
v  0.043597993 -0.010020646 0.053987756
v  0.043598022 -0.010826978 0.054770522
v  0.044100001 -0.010489593 0.053810406
v  0.043598026 -0.010935518 0.054875888
v  -0.043784715 -0.0057643675 0.053807486
v  0.042800002 -0.01030923 0.025
v  0.042800002 -0.0094516752 0.025
v  0.0403 -0.01030923 0.047800001
v  0.0403 -0.0094516752 0.047800001
v  -0.042535417 -0.005599896 0.064645775
v  0.0436 -0.010751816 0.01813503
v  0.044100001 -0.010489593 0.018989593
v  0.0436 -0.010751816 0.031864971
v  0.042300001 -0.010825719 0.05477494
v  0.042300001 -0.010176118 0.041476179
v  0.043598011 -0.010173309 0.04147562
v  0.042300001 -0.0083912788 0.021095047
v  0.0436 -0.0088036014 0.020578016
v  0.0436 -0.009776081 0.019358559
v  0.0436 -0.009776081 0.030641442
v  0.042300001 -0.0083912788 0.028904954
v  0.040988442 -0.0090504242 0.076388575
v  -0.041551933 -0.0054704123 0.079162575
v  0.041551933 -0.0054704123 0.079162575
v  0.040913213 -0.0053863251 0.098567002
v  0.042300001 -0.0097536547 0.05370108
v  0.044100001 -0.010068881 0.019598624
v  -0.040913217 -0.0053863251 0.098567002
v  0.040653966 -0.005352194 0.1285
v  -0.040653966 -0.005352194 0.1285
v  0.0403 -0.0091581596 0.026963992
v  0.042300001 -0.0091581596 0.026963992
v  0.044100001 -0.0094516752 0.025
v  0.044100001 -0.0092300056 0.020813014
v  0.044100001 -0.0087513728 0.0215059
v  0.044100001 -0.0085958643 0.022142682
v  0.044100001 -0.0082671223 0.02644763
v  0.044100001 -0.0085593341 0.027868418
v  0.044100001 -0.0092645911 0.029166423
v  0.044100001 -0.0094516752 0.047800001
v  0.044100001 -0.0082947863 0.049382135
v  0.044100001 -0.0086133806 0.050931193
v  0.043597981 -0.0097380383 0.053713404
v  0.043597806 -0.0089759855 0.052643869
v  0.043597974 -0.00958928 0.053568993
v  0.043597963 -0.010030339 0.041620519
v  0.044100001 -0.0094638048 0.043274559
v  0.042300001 -0.0094665838 0.04218458
v  0.044100001 -0.0086598424 0.044680707
v  0.044100001 -0.0087513728 0.044305898
v  0.0436 -0.0088036014 0.029421985
v  0.0403 -0.008999343 0.023775233
v  0.04359775 -0.0094234748 0.04223555
v  0.042300001 -0.0094591482 0.053406078
v  0.044100001 -0.008629757 0.051010802
v  0.043597534 -0.0082109375 0.051170107
v  0.043597672 -0.0084936349 0.051916275
v  0.042300001 -0.0086446209 0.043490969
v  0.043597594 -0.0089783026 0.042955559
v  0.043597478 -0.0086459098 0.043493148
v  0.042300001 -0.008385676 0.051693432
v  0.044100001 -0.0080130426 0.024529295
v  0.044100001 -0.008004318 0.02500008
v  0.044100001 -0.0080014272 0.025155816
v  0.044100001 -0.00825126 0.023553815
v  0.044100001 -0.0080014272 0.047955815
v  0.044100001 -0.0082837893 0.046220601
v  0.044100001 -0.0080130426 0.047329295
v  0.044100001 -0.008004318 0.047800079
v  0.040987805 -0.0010000009 0.1355
v  0.040987805 -0.0010000009 0.13850001
v  0.0407 -0.0010000009 0.13850001
v  0.042299833 -0.0083830236 0.074729867
v  0.042299867 -0.007726925 0.074806385
v  0.0436 -0.0083912788 0.028904954
v  0.044100001 -0.008629757 0.0282108
v  0.041696757 -0.0054894784 0.076388575
v  0.04223622 -0.0030643444 0.075456522
v  0.0436 -0.0083912788 0.021095047
v  0.043597378 -0.0083581684 0.043958534
v  0.043597195 -0.0077314251 0.045759905
v  0.043597322 -0.0081717176 0.044494424
v  0.042300001 -0.0083938492 0.043889537
v  0.0436 -0.0081879152 0.028013958
v  0.043597519 -0.0081842272 0.051099602
v  0.043597318 -0.0077753761 0.050020482
v  0.0436 -0.0081879152 0.021986041
v  0.0436 -0.0078458143 0.026515111
v  0.042300001 -0.0082049249 0.051174745
v  -0.040700004 1.1817802e-09 0.1285
v  -0.040700004 1.1817802e-09 0.1355
v  0.0407 1.1817802e-09 0.1285
v  0.0407 1.1817802e-09 0.1355
v  0.0407 -0.0010000009 0.1355
v  -0.041000001 1.1817802e-09 0.13850001
v  -0.041000001 1.1817802e-09 0.1355
v  0.042300001 -0.0077257627 0.045796651
v  0.042300001 -0.0075000026 0.025
v  0.0436 -0.0078458143 0.023484889
v  0.043597192 -0.0075584897 0.048446976
v  0.043597277 -0.0077036866 0.049500402
v  0.043597188 -0.0076908865 0.046112906
v  0.043597188 -0.0076926746 0.046097338
v  0.0436 -0.0075000026 0.025
v  0.042300001 -0.0077234753 0.049793199
v  0.043597158 -0.0074971565 0.047800001
v  0.043597158 -0.0074998909 0.048021849
v  0.0403 -0.0055697882 0.05386436
v  0.0403 -0.0055348896 0.05525
v  0.042300113 -0.0030717428 0.075349271
v  0.042300001 -0.0076901787 0.046112433
v  0.042300001 -0.0075725042 0.048446689
v  0.042300001 -0.0075000026 0.047800001
v  -0.031999998 1.1817802e-09 0.1285
v  -0.031999998 1.1817802e-09 0.13850001
v  0.031999998 1.1817802e-09 0.13850001
v  -0.05494798 -0.00079216319 0.00019999951
v  -0.054955892 1.1817802e-09 0.0041197985
v  -0.054487973 1.1817802e-09 0.012697171
v  -0.053488217 1.1817802e-09 0.019775866
v  -0.052192099 1.1817802e-09 0.02499043
v  -0.050190009 1.1817802e-09 0.030760536
v  0.042300001 -0.00030000016 0.00019999951
v  0.042300001 -0.00030000016 0.0080999993
v  0.042300001 -0.00030000016 0.036399838
v  0.042300001 -0.0054999986 0.038800001
v  0.042300001 -0.00030000016 0.038799837
v  0.042300001 -0.0054999986 0.052900001
v  0.042300001 -0.0050999993 0.057599999
v  0.042300001 -0.00030000016 0.057200164
v  0.042300001 -0.0050999993 0.05895
v  0.042300001 -0.0050999993 0.064999998
v  0.042300001 -0.00030000016 0.066649996
v  0.042300001 -0.00030000016 0.071499996
v  0.0403 0.00020000084 0.071499996
v  -0.047651649 1.1817802e-09 0.037923541
v  -0.04578539 1.1817802e-09 0.044893246
v  0.039999999 -0.0052024522 0.052622959
v  -0.044162534 1.1817802e-09 0.053807486
v  -0.042902447 1.1817802e-09 0.064645775
v  0.039999999 -0.0047012293 0.052622959
v  0.0403 0.00020000084 0.032400001
v  0.0403 0.00020000084 0.00019999951
v  0.0403 0.00020000084 0.03415069
v  0.0403 0.00020000084 0.037050691
v  0.0403 -0.0054999986 0.052900001
v  0.0403 -0.0054999986 0.038800001
v  0.0403 0.00020000084 0.052900001
v  0.0403 0.00020000084 0.05525
v  0.0403 -0.0050999993 0.057599999
v  0.0403 -0.0050999993 0.060748883
v  0.0403 -0.0050999993 0.064999998
v  0.0403 0.00020000084 0.064999998
v  0.0403 0.00020000084 0.065949999
v  0.0403 0.00020000084 0.038800001
v  0.042300001 -0.00030000016 0.052900001
v  0.04185747 -0.0030374925 0.076388575
v  -0.041910484 1.1817802e-09 0.079162575
v  0.041910484 1.1817802e-09 0.079162575
v  0.041266251 1.1817802e-09 0.098567002
v  -0.041266255 1.1817802e-09 0.098567002
v  0.04100477 1.1817802e-09 0.1285
v  -0.04100477 1.1817802e-09 0.1285
v  0.039999999 -0.0047012293 0.039122958
v  0.042595644 -0.0052024522 0.039122958
v  0.042595644 -0.0052024522 0.052622959
v  0.042595644 0.026197547 0.039122958
v  0.042595644 0.0079975436 0.041122958
v  0.042595644 -0.0027024548 0.041122958
v  0.042595644 0.026197547 0.052622959
v  0.042595644 -0.0027024548 0.048622958
v  0.042595644 -0.00070245448 0.048622958
v  0.042595644 -0.00070245448 0.050622959
v  0.042595644 0.0059975474 0.050622959
v  0.0403 0.00020000084 0.057599999
v  0.042300001 -0.00030000016 0.057599999
v  0.042300001 -0.00030000016 0.064999998
v  0.041799996 -0.0042000064 0.058323517
v  0.041799996 0.0096249925 0.057813518
v  0.041799996 -0.0048250058 0.057813518
v  0.041799996 -0.0042000064 0.064323522
v  0.041799996 -0.0048250058 0.064833522
v  0.042299997 -0.0048250058 0.057813518
v  0.042299997 -0.0048250058 0.064833522
v  0.042299997 0.0096249925 0.057813518
v  0.042299997 -0.0038500081 0.058763519
v  0.042299997 0.0086499946 0.058763519
v  0.041799996 0.0089999931 0.064323522
v  0.041799996 0.0096249962 0.064833522
v  0.042299997 0.0096249925 0.064833522
v  0.042299997 -0.0038500081 0.063883521
v  0.039999999 0.0085120806 0.018745348
v  0.039999999 0.0062922477 0.021528929
v  0.039999999 0.011719831 0.017200578
v  0.039999999 1.1817802e-09 -1.4209299e-10
v  0.039999999 0.026197547 0.039122958
v  0.039999999 0.0055000014 0.025
v  0.039999999 0.0062922477 0.028471069
v  0.039999999 0.0085120806 0.031254649
v  0.039999999 0.011719831 0.032799423
v  0.039999999 0.033500001 0.037212256
v  0.039999999 0.015280166 0.032799423
v  0.039999999 0.0089999931 0.058323517
v  0.039999999 -0.0042000064 0.058323517
v  0.039999999 -0.0042000064 0.064323522
v  0.039999999 0.026197547 0.052622959
v  0.039999999 0.0089999931 0.064323522
v  0.039999999 0.033500001 0.071999997
v  0.042300001 0.033500001 0.071999997
v  0.042300001 0.0014652994 0.071999997
v  0.042325377 -4.3521702e-08 0.071999997
v  0.041799996 0.0089999931 0.058323517
v  0.039999999 -0.0038500081 0.063883521
v  0.039999999 -0.0038500081 0.058763519
v  0.039999999 0.0086499946 0.058763519
v  0.039999999 0.0086499946 0.063883521
v  0.042299997 0.0086499946 0.063883521
v  0.042300139 -0.0025778662 0.075406872
v  0.042056557 1.1817802e-09 0.076388575
v  0.042300209 -0.0011995758 0.075457014
v  0.039999999 -0.0027024548 0.048622958
v  0.039999999 -0.0027024548 0.041122958
v  0.039999999 0.0079975436 0.041122958
v  0.039999999 -0.00070245448 0.048622958
v  0.042300001 -0.00091922539 0.07215286
v  0.042300314 0.00071274233 0.075526588
v  0.042300001 -0.00019539402 0.072355449
v  0.0407 0.00099999947 0.13850001
v  0.031070139 0.007658103 0.13850001
v  0.042300001 -1.0563742e-05 0.072355449
v  0.042300001 0.00083058816 0.072152868
v  -0.054999903 1.1817802e-09 0.00019999951
v  0.039999999 -0.00070245448 0.050622959
v  0.039999999 0.0059975474 0.048622958
v  0.039999999 0.0059975474 0.050622959
v  0.042300001 0.0105 0.00019999951
v  0.042300001 0.0044999993 0.025
v  0.042300001 0.0053912788 0.021095047
v  0.042300001 0.0105 0.0080999993
v  0.042300001 0.0105 0.01670593
v  0.042300001 0.00788859 0.017963517
v  0.042300001 0.0053912788 0.028904954
v  0.042300001 0.0105 0.036399838
v  0.042300001 0.00788859 0.032036483
v  0.042300001 0.0105 0.038799837
v  0.0403 0.0105 0.038800001
v  0.042300001 0.0105 0.052900001
v  0.042300001 0.0105 0.057200164
v  0.042300001 0.0097999992 0.057599999
v  0.0403 0.0097999992 0.057599999
v  0.042300001 0.0097999992 0.064999998
v  0.042300001 0.0105 0.066649996
v  0.042300001 0.0105 0.071499996
v  0.0403 0.0105 0.071499996
v  0.042300001 -0.00010990234 0.07237938
v  0.042300235 0.0014328409 0.075460553
v  -0.054529376 0.0071789301 0.00019999951
v  -0.054150119 0.0096308971 -1.4210477e-10
v  -0.03762909 0.027396435 -1.421027e-10
v  -0.036004089 0.026961016 -1.421025e-10
v  -0.034379087 0.027396435 -1.4210229e-10
v  -0.033189505 0.028586017 -1.4210215e-10
v  -0.017627046 0.035457108 -1.4210019e-10
v  0.011375 0.035457108 -1.4209657e-10
v  0.039999999 0.033500001 -1.4209299e-10
v  0.034089487 0.035457108 -1.4209373e-10
v  0.039999999 0.015280166 0.017200578
v  -0.054485738 0.007173182 0.0041197985
v  -0.05402182 0.0071121096 0.012697171
v  -0.053030618 0.0069816126 0.019775866
v  -0.051745586 0.006812436 0.02499043
v  -0.049760625 0.0065511107 0.030760536
v  -0.047243975 0.0062197871 0.037923541
v  -0.04539369 0.0059761941 0.044893246
v  -0.043784715 0.0057643666 0.053807486
v  -0.042535417 0.005599895 0.064645775
v  0.04185747 0.0030374874 0.076388575
v  0.041551933 0.0054704151 0.079162575
v  -0.041551933 0.0054704151 0.079162575
v  0.040913213 0.0053863279 0.098567002
v  -0.040913217 0.0053863279 0.098567002
v  0.040653966 0.0053521967 0.1285
v  -0.040653966 0.0053521967 0.1285
v  -0.039810605 0.0084620053 0.1355
v  -0.039810605 0.0084620053 0.1285
v  -0.031070136 0.007658103 0.1285
v  -0.031070136 0.007658103 0.13850001
v  -0.028334595 0.01487114 0.1285
v  0.039810609 0.0084620053 0.1285
v  -0.04011786 0.0084591517 0.1355
v  -0.04011786 0.0084591517 0.13850001
v  0.039810609 0.0084620053 0.1355
v  0.0407 0.00099999947 0.1355
v  0.0403 0.0085120806 0.018745348
v  0.0403 0.0105 0.00019999951
v  0.0403 0.0055000014 0.025
v  0.0403 0.0062922477 0.021528929
v  0.0403 0.0105 0.032211982
v  0.0403 0.0085120806 0.031254649
v  0.0403 0.0062922477 0.028471069
v  0.0403 0.0105 0.032400001
v  0.0403 0.0105 0.03415069
v  0.0403 0.0105 0.037050691
v  0.0403 0.0105 0.05525
v  0.0403 0.0105 0.052900001
v  0.0403 0.0097999992 0.064999998
v  0.0403 0.0105 0.065949999
v  0.042300064 0.0030725871 0.075310186
v  0.040987805 0.00099999947 0.1355
v  0.040987805 0.00099999947 0.13850001
v  0.039899606 0.0094351182 0.1355
v  0.028334592 0.01487114 0.13850001
v  0.023952343 0.021219926 0.13850001
v  0.039899606 0.0094351182 0.13850001
v  0.04223622 0.003064343 0.075456522
v  0.042300001 0.012305134 0.074500002
v  0.042300001 0.011797165 0.074518315
v  0.042300005 0.01015623 0.074577473
v  0.042299982 0.0093483301 0.074664488
v  0.042299934 0.0076048127 0.074852273
v  0.042299863 0.0049612722 0.075136989
v  0.041696757 0.0054894811 0.076388575
v  0.041351572 0.0091288509 0.075456522
v  0.040988442 0.0090504186 0.076388575
v  0.043301243 0.0048776916 0.026654774
v  0.043301243 0.0044999993 0.025
v  0.043301243 0.0052811033 0.021577764
v  0.043301243 0.0048776916 0.023345225
v  0.044301245 0.005782885 0.023511752
v  0.044301245 0.0055000014 0.025
v  0.044301245 0.0060579195 0.022064788
v  0.043301243 0.0052811033 0.028422235
v  0.044301245 0.0058035306 0.02648198
v  0.043301243 0.0053912788 0.021095047
v  0.044301245 0.0061311773 0.021953104
v  0.043301243 0.0053912788 0.028904954
v  0.044301245 0.0061441637 0.028145105
v  0.044301245 0.0061263083 0.028057916
v  -0.039607562 0.010612817 0.1285
v  -0.039860137 0.01068049 0.098567002
v  0.039607566 0.010612817 0.1285
v  -0.040482417 0.01084723 0.079162575
v  0.039860137 0.01068049 0.098567002
v  0.043301243 0.0072682141 0.018741444
v  0.043301243 0.006157612 0.020134099
v  0.044301245 0.0069794967 0.020659814
v  0.043301243 0.006157612 0.029865902
v  0.044301245 0.0069596707 0.029350737
v  -0.041440584 0.01110397 0.064645775
v  0.040482417 0.01084723 0.079162575
v  0.044301245 0.0070000007 0.025
v  -0.042657733 0.011430104 0.053807486
v  -0.04422529 0.011850131 0.044893246
v  0.044301245 0.0078708353 0.021749999
v  -0.046027951 0.012333152 0.037923541
v  0.039999999 0.0079975436 0.048622958
v  0.042595644 0.0059975474 0.048622958
v  0.042595644 0.0079975436 0.048622958
v  0.042595644 0.014997547 0.050622959
v  0.044301245 0.0078708353 0.02825
v  0.044301245 0.0078431452 0.019343145
v  0.043301243 0.0072682141 0.031258553
v  -0.048479825 0.012990129 0.030760536
v  -0.050413698 0.01350831 0.02499043
v  -0.051665656 0.013843768 0.019775866
v  0.044301245 0.0078431452 0.030656854
v  0.044301245 0.010249999 0.019370835
v  -0.052631341 0.014102523 0.012697171
v  0.044101246 0.0078708353 0.021749999
v  0.044101246 0.0070000007 0.025
v  0.044101246 0.0078708353 0.02825
v  0.044101246 0.0077999993 0.025
v  0.044101246 0.0085636536 0.022150001
v  -0.053083315 0.014223632 0.0041197985
v  -0.053125829 0.014235021 0.00019999951
v  -0.054045774 0.0096101398 0.00019999951
v  0.043301243 0.00788859 0.017963517
v  0.043301243 0.00788859 0.032036483
v  0.042012047 0.0092746587 0.074785523
v  -0.028334595 0.01487114 0.13850001
v  -0.037509404 0.016554298 0.13850001
v  0.044301245 0.0077999993 0.025
v  0.044301245 0.0085636536 0.02785
v  0.044101246 0.0085636536 0.02785
v  0.044301245 0.0085636536 0.022150001
v  0.044301245 0.0091458457 0.018453527
v  0.044301245 0.0091598751 0.031520385
v  0.044101246 0.010249999 0.019370835
v  0.044101246 0.010649999 0.020063655
v  0.044101246 0.010249999 0.030629165
v  0.044301245 0.010249999 0.030629165
v  0.043301243 0.01014761 0.016875632
v  0.043301243 0.0085747736 0.017633069
v  0.043301243 0.0085747736 0.032366931
v  0.042300001 0.0105 0.033294071
v  0.042595644 0.012997546 0.041122958
v  0.042595644 0.012997546 0.048622958
v  -0.037181303 0.016554182 0.1355
v  -0.037509404 0.016554298 0.1355
v  -0.037181303 0.016554182 0.1285
v  0.037181299 0.016554182 0.1285
v  0.037181299 0.016554182 0.1355
v  0.0403 0.0105 0.017788015
v  0.044301245 0.010649999 0.020063655
v  0.044301245 0.018436344 0.02785
v  0.044301245 0.018436344 0.022150001
v  0.044301245 0.010649999 0.029936345
v  0.044101246 0.010649999 0.029936345
v  0.044301245 0.016349999 0.029936345
v  0.044301245 0.0102897 0.017672382
v  0.043301243 0.01014761 0.033124369
v  0.039999999 0.012099993 0.058323517
v  0.039999999 0.012099993 0.064323522
v  0.040623512 0.010885038 0.076388575
v  0.040233318 0.015241769 0.074785523
v  0.039600808 0.015002151 0.075456522
v  0.039267931 0.014878453 0.076388575
v  0.044301245 0.010453247 0.0323686
v  0.037094481 0.017464237 0.1355
v  0.037094481 0.017464237 0.13850001
v  -0.051347442 0.019708628 -1.4210441e-10
v  -0.038818672 0.028586017 -1.4210284e-10
v  0.042300001 0.0097999992 0.05895
v  0.0403 0.0097999992 0.060748883
v  0.0403 0.0105 0.060748883
v  0.042300001 0.0105 0.05895
v  0.043301243 0.011497312 0.016225647
v  0.044301245 0.010445003 0.017639857
v  0.042300001 0.011497312 0.03377435
v  0.043301243 0.011497312 0.03377435
v  0.044301245 0.010566046 0.032442573
v  0.044101246 0.013499998 0.0185
v  0.044101246 0.013499998 0.019300001
v  0.044301245 0.013499998 0.0185
v  0.044101246 0.013499998 0.031500001
v  0.044301245 0.013499998 0.031500001
v  0.044301245 0.012011719 0.032717239
v  0.044301245 0.012020101 0.01730996
v  0.0403 0.013749999 0.017003909
v  0.0403 0.033100002 0.00019999951
v  0.0403 0.011719831 0.017200578
v  0.042300001 0.033100002 0.00019999951
v  0.042300001 0.02917839 0.006007079
v  0.042300001 0.028451515 0.007108245
v  0.042300001 0.030340282 0.0053818375
v  0.042300001 0.019111408 0.017963517
v  0.042300001 0.015502688 0.016225647
v  0.042300001 0.011497312 0.016225647
v  0.042300001 0.028316991 0.0080999993
v  0.042300001 0.0283 0.0080000013
v  0.0403 0.010890421 0.032400001
v  0.0403 0.011719831 0.032799423
v  0.0403 0.033500001 0.037050691
v  0.0403 0.033500001 0.03415069
v  0.0403 0.013749999 0.032996092
v  0.042300001 0.033500001 0.036399838
v  0.042300001 0.015502688 0.03377435
v  0.0403 0.0265 0.038800001
v  0.042300001 0.033500001 0.038799837
v  0.042300001 0.0265 0.038800001
v  0.0403 0.0265 0.052900001
v  0.042300001 0.0265 0.052900001
v  0.042300001 0.033500001 0.057200164
v  0.0403 0.011200001 0.057599999
v  0.0403 0.0261 0.057599999
v  0.0403 0.033500001 0.05525
v  0.042300001 0.0261 0.057599999
v  0.042300001 0.011200001 0.057599999
v  0.042300001 0.011200001 0.05895
v  0.0403 0.011200001 0.060748883
v  0.0403 0.011200001 0.064999998
v  0.0403 0.0261 0.064999998
v  0.0403 0.033500001 0.065949999
v  0.0403 0.033500001 0.070500001
v  0.042300001 0.011200001 0.064999998
v  0.042300001 0.028754001 0.066649996
v  0.042300001 0.028451515 0.067108244
v  0.042300001 0.0283 0.067999996
v  0.0403 0.032499999 0.071499996
v  0.042300001 0.032499999 0.071499996
v  0.042300001 0.028451515 0.068891756
v  0.042300001 0.02917839 0.069992922
v  0.042300001 0.030340282 0.07061816
v  -0.037883468 0.015691845 0.1285
v  -0.038125046 0.01579191 0.098567002
v  0.037883468 0.015691845 0.1285
v  0.044301245 0.013499998 0.019300001
v  0.044301245 0.016349999 0.020063655
v  0.044301245 0.013499998 0.0307
v  0.044101246 0.013499998 0.0307
v  -0.038720235 0.016038449 0.079162575
v  0.038125046 0.01579191 0.098567002
v  -0.039636694 0.016418057 0.064645775
v  0.038720239 0.016038449 0.079162575
v  -0.040800862 0.016900269 0.053807486
v  0.042300001 0.0261 0.064999998
v  -0.04230018 0.017521309 0.044893246
v  0.041799996 0.012099993 0.058323517
v  0.041799996 0.025924994 0.057813518
v  0.041799996 0.011474994 0.057813518
v  0.041799996 0.012099993 0.064323522
v  0.041799996 0.011474994 0.064833522
v  0.042299997 0.011474994 0.057813518
v  0.042299997 0.011474994 0.064833522
v  0.042299997 0.025924994 0.057813518
v  0.042299997 0.012449996 0.058763519
v  0.042299997 0.024949996 0.058763519
v  0.041799996 0.025299994 0.064323522
v  0.041799996 0.025924994 0.064833522
v  0.042299997 0.025924994 0.064833522
v  0.042299997 0.012449996 0.063883521
v  0.043301243 0.013499998 0.015999999
v  0.043301243 0.011799418 0.016191609
v  0.043301243 0.011799418 0.033808388
v  0.041077249 0.015561477 0.074504063
v  0.044301245 0.013499998 0.017000001
v  0.043301243 0.013499998 0.033999998
v  -0.044024378 0.018235495 0.037923541
v  0.044301245 0.013499998 0.033
v  0.039999999 0.025299994 0.058323517
v  0.041799996 0.025299994 0.058323517
v  0.039999999 0.025299994 0.064323522
v  0.041196361 0.015606602 0.074500002
v  0.042300001 0.031500001 0.074500002
v  -0.046369523 0.019206887 0.030760536
v  0.039999999 0.012449996 0.063883521
v  0.039999999 0.012449996 0.058763519
v  0.039999999 0.024949996 0.058763519
v  0.039999999 0.024949996 0.063883521
v  0.042299997 0.024949996 0.063883521
v  -0.048219211 0.019973053 0.02499043
v  0.039999999 0.012997546 0.048622958
v  0.039999999 0.012997546 0.041122958
v  0.042595644 0.023697546 0.041122958
v  0.039999999 0.023697546 0.041122958
v  0.039999999 0.023697546 0.048622958
v  0.039999999 0.021697545 0.048622958
v  0.039999999 0.014997547 0.048622958
v  0.042595644 0.014997547 0.048622958
v  0.044301245 0.014825144 0.017251767
v  0.043301243 0.015015365 0.01617074
v  0.044101246 0.016750002 0.019370835
v  0.044101246 0.016349999 0.020063655
v  0.044301245 0.016750002 0.019370835
v  0.044101246 0.016349999 0.029936345
v  0.044101246 0.016750002 0.030629165
v  0.044301245 0.016750002 0.030629165
v  0.044301245 0.016217979 0.032430731
v  0.044301245 0.014817421 0.032724071
v  0.043301243 0.015015365 0.033829257
v  -0.049416669 0.020469056 0.019775866
v  0.042301245 0.013749999 0.017003909
v  0.0403 0.016887387 0.017539237
v  0.042301245 0.015345582 0.017113972
v  0.042301245 0.015280166 0.017200578
v  0.042301245 0.013749999 0.032996092
v  0.042301245 0.015280166 0.032799423
v  0.042301245 0.015345582 0.032886025
v  0.0403 0.016887387 0.032460764
v  -0.050340325 0.020851644 0.012697171
v  -0.050772622 0.021030711 0.0041197985
v  -0.051276021 0.019684384 0.00019999951
v  0.043301243 0.015502688 0.03377435
v  0.043301243 0.015502688 0.016225647
v  0.044301245 0.016229307 0.017518543
v  -0.023952343 0.021219926 0.13850001
v  -0.03328687 0.023937089 0.13850001
v  0.038855191 0.016094347 0.076388575
v  0.039999999 0.014997547 0.050622959
v  0.039999999 0.021697545 0.050622959
v  0.042595644 0.021697545 0.050622959
v  0.037611891 0.020889638 0.074785523
v  0.037020594 0.020561231 0.075456522
v  0.036730677 0.020402437 0.076388575
v  0.038400836 0.021327818 0.074504063
v  0.039999999 0.018487917 0.018745348
v  0.042301245 0.016971072 0.017792251
v  0.042301245 0.016887387 0.017539237
v  0.039999999 0.018487917 0.031254649
v  0.042301245 0.016971072 0.03220775
v  0.042301245 0.016887387 0.032460764
v  0.043301243 0.017896717 0.01737855
v  0.043301243 0.016499681 0.016705774
v  0.043301243 0.016499681 0.033294223
v  0.042300001 0.019111408 0.032036483
v  0.038512189 0.021389661 0.074500002
v  -0.035511173 0.020502387 0.1285
v  -0.035737626 0.020633126 0.098567002
v  0.03551117 0.020502387 0.1285
v  -0.036295541 0.02095524 0.079162575
v  0.035737623 0.020633126 0.098567002
v  -0.037154615 0.021451226 0.064645775
v  0.036295544 0.02095524 0.079162575
v  0.044301245 0.016710302 0.032327615
v  0.044301245 0.016433956 0.017557427
v  0.044301245 0.017401813 0.018192161
v  0.044101246 0.018436344 0.022150001
v  0.044101246 0.018436344 0.02785
v  0.044101246 0.019129166 0.02825
v  -0.038245879 0.022081269 0.053807486
v  0.043301243 0.017896717 0.032621447
v  -0.032926992 0.023922859 0.1355
v  -0.032926992 0.023922859 0.1285
v  0.032926992 0.023922859 0.1285
v  0.032926992 0.023922859 0.1355
v  -0.03328687 0.023937089 0.1355
v  0.044301245 0.017421583 0.031841878
v  0.044101246 0.019129166 0.021749999
v  0.044301245 0.019129166 0.021749999
v  0.044301245 0.01858083 0.018965378
v  0.044301245 0.019129166 0.02825
v  0.044301245 0.018586366 0.031046445
v  0.044301245 0.019537589 0.030076412
v  0.044301245 0.019156856 0.030656854
v  0.0403 0.033500001 0.00099999818
v  0.0403 0.033394426 0.00055278454
v  0.0403 0.019567763 0.019255437
v  0.042301245 0.019567763 0.019255437
v  0.042301245 0.018487917 0.018745348
v  0.0403 0.016982289 0.032400001
v  0.042301245 0.019567763 0.030744562
v  0.042301245 0.018487917 0.031254649
v  -0.039651312 0.022892693 0.044893246
v  0.0403 0.019567763 0.030744562
v  0.0403 0.033500001 0.032400001
v  0.043301243 0.019111408 0.017963517
v  0.043301243 0.019111408 0.032036483
v  0.032693136 0.024741845 0.1355
v  0.032693136 0.024741845 0.13850001
v  -0.041267537 0.023825822 0.037923541
v  -0.043465823 0.025095006 0.030760536
v  0.044101246 0.019199999 0.025
v  0.044301245 0.019199999 0.025
v  0.044101246 0.020000001 0.025
v  0.039999999 0.033500001 0.00019999951
v  0.039999999 0.033500001 0.0068645701
v  0.039999999 0.020707751 0.021528929
v  0.042301245 0.020707751 0.021528929
v  0.042301245 0.021366889 0.021880874
v  0.042301245 0.020707751 0.028471069
v  0.039999999 0.020707751 0.028471069
v  0.043301243 0.019248186 0.01813503
v  0.044301245 0.019156856 0.019343145
v  0.043301243 0.019248186 0.031864971
v  0.042300001 0.028451515 0.0088917539
v  0.042300001 0.02160872 0.021095047
v  0.043301243 0.021196401 0.020578016
v  0.043301243 0.020223917 0.019358559
v  0.043301243 0.020223917 0.030641442
v  0.042300001 0.02160872 0.028904954
v  0.044301245 0.020000001 0.025
v  0.044301245 0.019546637 0.019919395
v  0.044301245 0.020324858 0.021069905
v  0.044301245 0.020948121 0.022305479
v  0.044301245 0.020855835 0.021854896
v  0.044301245 0.021240914 0.026363041
v  0.044301245 0.020986231 0.027702924
v  0.044301245 0.020299165 0.028915359
v  -0.045199685 0.026096052 0.02499043
v  0.043301243 0.021196401 0.029421985
v  0.0403 0.021366889 0.021880874
v  0.042301245 0.021366889 0.028119124
v  0.0403 0.021366889 0.028119124
v  -0.050813287 0.021047553 0.00019999951
v  -0.047631316 0.027499953 0.00019999951
v  -0.046687491 0.029073488 -1.4210384e-10
v  -0.039254092 0.030211017 -1.421029e-10
v  -0.046322159 0.026744111 0.019775866
v  0.044301245 0.021222038 0.023642853
v  0.044301245 0.021500001 0.025
v  0.043301243 0.02160872 0.028904954
v  0.044301245 0.020942079 0.027935211
v  0.036422044 0.021028278 0.076388575
v  -0.047187969 0.027243989 0.012697171
v  -0.032531269 0.024962122 0.1285
v  -0.032738715 0.025121303 0.098567002
v  0.032531269 0.024962122 0.1285
v  0.034202676 0.026099967 0.074785523
v  0.033664975 0.025689648 0.075456522
v  0.033427913 0.025509315 0.076388575
v  -0.033249825 0.025513487 0.079162575
v  0.032738719 0.025121303 0.098567002
v  0.039999999 0.033500001 0.018442079
v  0.039999999 0.033500001 0.020853203
v  0.039999999 0.033500001 0.013038453
v  0.039999999 0.033500001 0.023088656
v  0.039999999 0.033500001 0.024098197
v  0.039999999 0.021500001 0.025
v  0.042301245 0.021500001 0.025
v  0.042301245 0.022000002 0.025
v  0.039999999 0.033500001 0.027525714
v  0.039999999 0.033500001 0.026670082
v  -0.047593199 0.027477948 0.0041197985
v  0.043301243 0.02160872 0.021095047
v  0.034920108 0.026647439 0.074504063
v  0.043301243 0.021812083 0.028013958
v  0.043301243 0.021812083 0.021986041
v  -0.033343226 0.025571281 0.077155672
v  -0.033601023 0.025381414 0.075523444
v  -0.033817537 0.025221961 0.074152641
v  0.033249822 0.025513487 0.079162575
v  0.043301243 0.022154188 0.026515111
v  -0.018178076 0.026335483 0.13850001
v  -0.027631968 0.030289842 0.13850001
v  0.026884966 0.030954782 0.13850001
v  0.018178072 0.026335483 0.13850001
v  0.043301243 0.022154188 0.023484889
v  0.043301243 0.022499999 0.025
v  0.035021368 0.026724709 0.074500002
v  0.0403 0.022000002 0.025
v  -0.034696512 0.024786325 0.068151794
v  -0.0352097 0.024531985 0.064648263
v  -0.035325602 0.024474541 0.063856967
v  0.039999999 0.033500001 0.025811363
v  0.039999999 0.033500001 0.024953699
v  0.042300001 0.02917839 0.0099929199
v  0.042300001 0.022499999 0.025
v  0.042300001 0.030340282 0.010618161
v  0.042300001 0.031659719 0.010618161
v  0.042595644 0.021697545 0.048622958
v  0.042595644 0.023697546 0.048622958
v  -0.036857955 0.024089271 0.054718811
v  -0.036912657 0.024087178 0.054449528
v  -0.037042156 0.024082223 0.053812064
v  -0.038151436 0.024039766 0.048351519
v  -0.038323686 0.024033176 0.047503605
v  -0.038954824 0.024140308 0.044904556
v  -0.03944397 0.024223341 0.042890251
v  -0.039721407 0.024270436 0.04174776
v  -0.040736049 0.024676496 0.038094953
v  -0.040781625 0.024694735 0.037930861
v  -0.041060351 0.024806282 0.036927413
v  -0.041955136 0.025378438 0.033868622
v  -0.027233616 0.030245995 0.1355
v  -0.027233616 0.030245995 0.1285
v  -0.028994754 0.02899475 0.1285
v  0.027233616 0.030245995 0.1285
v  0.02899475 0.02899475 0.1285
v  0.027233616 0.030245995 0.1355
v  -0.027631968 0.030289842 0.1355
v  -0.037800305 0.024441762 0.048282184
v  -0.036630638 0.024429629 0.054391455
v  -0.039025389 0.024683917 0.042814728
v  -0.036281802 0.024706436 0.054322608
v  -0.034321718 0.025135593 0.06807714
v  -0.034516498 0.024951408 0.068116292
v  -0.037364222 0.024754127 0.048192825
v  -0.040249504 0.025193414 0.038026758
v  -0.038493536 0.025021574 0.04270209
v  -0.035880566 0.024896635 0.054245863
v  0.026884966 0.030954782 0.1355
v  -0.036862329 0.024935057 0.048087489
v  -0.035963096 0.024961157 0.050514296
v  -0.03553398 0.025066433 0.054173775
v  -0.034103796 0.025291333 0.068036504
v  -0.034927435 0.02521524 0.059346337
v  -0.037356198 0.025231162 0.042419668
v  -0.037887871 0.025170667 0.042558894
v  -0.036397815 0.025045412 0.04798834
v  -0.033506654 0.025489176 0.075500444
v  -0.033386603 0.02561315 0.075471461
v  -0.034895621 0.025079371 0.010000002
v  -0.029179648 0.029179648 0.098567002
v  -0.039613597 0.025540939 0.037892561
v  -0.036004089 0.026961016 0.010000002
v  -0.037440084 0.025161223 0.010000002
v  -0.034379087 0.027396435 0.010000002
v  -0.032611802 0.026204163 0.010000002
v  -0.037421584 0.025243836 0.042039737
v  -0.042869613 0.026066257 0.030754218
v  -0.04347717 0.026523231 0.028685058
v  -0.031985253 0.026830537 0.08267808
v  -0.032037914 0.026768101 0.082672313
v  -0.032150261 0.026639933 0.082569771
v  -0.032211952 0.026574692 0.08242397
v  -0.03238304 0.026393747 0.082019597
v  -0.032455124 0.026317513 0.081849225
v  -0.032617398 0.026168207 0.081122272
v  0.029179648 0.029179648 0.098567002
v  -0.033610806 0.025538256 0.070574552
v  -0.03762909 0.027396435 0.010000002
v  -0.039148837 0.026007084 0.010000002
v  -0.03800337 0.025356596 0.038659286
v  -0.039148837 0.02600708 0.033185303
v  -0.038246587 0.025494715 0.037496988
v  -0.038906984 0.025631947 0.037703946
v  -0.041539766 0.025797537 0.033838827
v  -0.040946931 0.026168289 0.033746541
v  -0.041287132 0.026052421 0.0338207
v  -0.041373983 0.025964798 0.033826932
v  -0.033912778 0.025464175 0.067999363
v  -0.038557127 0.025575956 0.037597038
v  -0.032943502 0.02589518 0.079255067
v  -0.032866389 0.025979271 0.079230264
v  0.033365708 0.02560241 0.076388575
v  -0.032957047 0.025855688 0.079600677
v  -0.033008151 0.025818052 0.079277106
v  -0.033026136 0.025804808 0.079163253
v  0.029738475 0.029738476 0.076388575
v  0.029635187 0.029635187 0.079162575
v  -0.033087678 0.025890643 0.075404808
v  -0.040517844 0.026314421 0.033653002
v  -0.040632419 0.026275391 0.03367798
v  -0.040396772 0.026355645 0.033626609
v  -0.039471135 0.026197443 0.033321232
v  -0.039807916 0.026257144 0.033432808
v  -0.03985808 0.02626553 0.033449318
v  -0.039479069 0.026202133 0.033324581
v  0.029864304 0.030545997 0.075087465
v  0.029604234 0.03027999 0.075456522
v  -0.043115556 0.026993336 0.028682282
v  -0.032596186 0.026193151 0.081112228
v  -0.032679245 0.02616577 0.079176061
v  -0.032546304 0.026249697 0.081089295
v  -0.032573037 0.026237315 0.080156751
v  -0.032615244 0.026208883 0.079767011
v  -0.040630408 0.027115373 0.027987201
v  -0.043607913 0.029342694 0.010000002
v  -0.043094166 0.028958386 0.01623613
v  -0.04298684 0.0288781 0.016856395
v  -0.041954175 0.028105611 0.02282441
v  -0.041725881 0.027934844 0.024143726
v  -0.042501748 0.027376516 0.028587213
v  -0.044001572 0.026917661 0.026899111
v  -0.044454753 0.027257049 0.024976794
v  -0.044838145 0.027544172 0.023350544
v  0.030290857 0.030982288 0.074690148
v  0.030077077 0.030763626 0.074785523
v  0.042300001 0.0261 0.05895
v  0.0403 0.0261 0.060748883
v  0.0403 0.033500001 0.060748883
v  0.042300001 0.033500001 0.05895
v  0.042300001 0.02917839 0.066007078
v  0.042300001 0.031659719 0.06538184
v  0.042300001 0.030340282 0.06538184
v  -0.032366581 0.026413983 0.082011104
v  -0.042066209 0.027495882 0.028486596
v  -0.032335125 0.0264508 0.081989028
v  -0.04133866 0.027465822 0.028268648
v  -0.033189505 0.028586017 0.010000002
v  -0.031125635 0.028271122 0.010000002
v  -0.031948186 0.026877528 0.079476342
v  -0.031129271 0.028272567 0.074144803
v  -0.032410547 0.026393177 0.081031337
v  -0.031970479 0.02685059 0.081043556
v  -0.011347353 0.02992052 0.13850001
v  -0.013049549 0.038867842 0.13850001
v  -0.020788021 0.035339188 0.13850001
v  0.019919906 0.035835698 0.13850001
v  0.011347358 0.02992052 0.13850001
v  -0.032242775 0.026554106 0.081934355
v  -0.031930916 0.026898654 0.082154959
v  -0.032211751 0.026575146 0.08242029
v  -0.032192953 0.026597863 0.082398601
v  -0.032176569 0.026617611 0.082290694
v  -0.031985655 0.026830873 0.082664348
v  -0.031985745 0.026831651 0.082642883
v  -0.032151602 0.026644805 0.082353145
v  -0.032028586 0.026782041 0.082582049
v  -0.032095797 0.02670558 0.082492732
v  0.03079702 0.031500001 0.074500002
v  0.03070797 0.031408921 0.074504063
v  0.030543387 0.031240581 0.074577488
v  -0.031985313 0.026832895 0.082599819
v  -0.045079313 0.027724782 0.022327555
v  -0.045494318 0.028035661 0.019765928
v  -0.045845352 0.028298618 0.017599184
v  -0.045886703 0.028329635 0.017165914
v  -0.031985655 0.026832284 0.08262141
v  -0.03195069 0.026871515 0.082681857
v  -0.031848855 0.026996901 0.082609713
v  -0.031788692 0.027079014 0.082410134
v  -0.031884514 0.026956232 0.082550995
v  -0.031983577 0.026834933 0.082600534
v  -0.031935684 0.026892805 0.082580842
v  -0.031595245 0.027362915 0.081055775
v  -0.031695746 0.027210904 0.081803977
v  -0.031727575 0.027166596 0.081956774
v  -0.031556331 0.027421763 0.080766104
v  -0.031417586 0.027659813 0.079185694
v  -0.031385392 0.027715048 0.078818992
v  -0.031200022 0.028093496 0.075749882
v  -0.031185247 0.028130898 0.07541462
v  -0.031886972 0.026953431 0.082517691
v  -0.031785607 0.027085824 0.082235321
v  -0.031830803 0.0270268 0.082361214
v  -0.044483513 0.028017795 0.023351334
v  -0.031806849 0.027056707 0.082388446
v  -0.031772181 0.027098386 0.082430705
v  -0.031696454 0.027208393 0.081980258
v  -0.031600893 0.027325111 0.082030796
v  -0.031667069 0.02724622 0.082002357
v  -0.042682275 0.028471032 0.023035958
v  -0.031548895 0.027429918 0.081080258
v  -0.046313487 0.028649786 0.012693685
v  -0.046406709 0.028719718 0.011716783
v  -0.04650978 0.02879709 0.010000002
v  -0.031426586 0.027585516 0.081139542
v  -0.031504534 0.027490431 0.08110325
v  -0.043864071 0.028396329 0.023278803
v  -0.038818672 0.028586017 0.010000002
v  -0.031356268 0.027760265 0.079211272
v  -0.043422617 0.028511005 0.02320209
v  -0.043599442 0.033455029 0.0041197985
v  -0.04661312 0.029023793 0.00019999951
v  -0.031314753 0.02775258 0.080567762
v  -0.031292453 0.027854649 0.079236232
v  -0.029635184 0.029635187 0.079162575
v  -0.031109914 0.028283564 0.075443774
v  -0.031173542 0.028006079 0.079277873
v  -0.031161018 0.028028561 0.079163484
v  -0.030926012 0.02845042 0.077016905
v  -0.031021491 0.028431667 0.075473204
v  -0.045517325 0.028791318 0.017162405
v  -0.032754086 0.030211017 0.010000002
v  -0.030754089 0.030211018 0.010000002
v  -0.030754089 0.030211018 0.057032458
v  -0.030966133 0.028966682 0.067997895
v  -0.031050406 0.028472157 0.072355799
v  -0.030829147 0.02919388 0.068036929
v  0.041050002 0.029631371 0.0075210966
v  0.041050002 0.029550001 0.0080000013
v  0.041050002 0.029631371 0.067521095
v  0.041050002 0.029550001 0.067999996
v  0.041050002 0.029631371 0.008478906
v  -0.044892803 0.029165983 0.017120034
v  -0.030409127 0.029857447 0.068151936
v  -0.03071361 0.02943553 0.068077564
v  -0.0308391 0.02868701 0.075526275
v  0.041050002 0.030021729 0.0069297291
v  0.041050002 0.029631371 0.068478905
v  -0.043694019 0.02922789 0.016978174
v  -0.044445984 0.029276604 0.017075218
v  -0.039254092 0.030211017 0.010000002
v  -0.032754086 0.030211017 -1.4210209e-10
v  -0.046114244 0.02922689 0.010000102
v  -0.046216018 0.02916576 0.01000011
v  0.041050002 0.030021729 0.066929728
v  -0.043293938 0.03322491 0.010000002
v  -0.044301569 0.029649783 0.010000475
v  -0.02496212 0.032531269 0.1285
v  -0.025121301 0.032738719 0.098567002
v  0.02496212 0.032531269 0.1285
v  -0.043634355 0.033481821 0.00019999951
v  -0.04181245 0.035457108 -1.4210323e-10
v  -0.038818672 0.031836014 -1.4210286e-10
v  -0.045406356 0.029652081 0.010000039
v  0.041050002 0.030645708 0.0065939501
v  0.041050002 0.030021729 0.0090702735
v  0.041050002 0.030645708 0.066593952
v  0.041050002 0.030021729 0.069070272
v  -0.025513485 0.033249822 0.079162575
v  0.025121301 0.032738719 0.098567002
v  -0.030748978 0.031012159 0.054246064
v  -0.044429146 0.02970626 0.01000056
v  -0.045046352 0.029672042 0.010000233
v  -0.030345984 0.03002934 0.067068927
v  -0.030302107 0.030328058 0.065253429
v  -0.030287571 0.030427063 0.064651705
v  -0.030126952 0.031520676 0.058005117
v  -0.03041932 0.03183192 0.054391641
v  -0.030631341 0.031440318 0.054322798
v  0.041050002 0.032449998 0.0080000013
v  0.041050002 0.032449998 0.067999996
v  0.041050002 0.03236863 0.0075210966
v  0.041050002 0.03236863 0.008478906
v  0.041050002 0.031354293 0.0094060488
v  0.041050002 0.031978272 0.0090702735
v  0.041050002 0.03236863 0.067521095
v  0.041050002 0.03236863 0.068478905
v  0.029401023 0.030072141 0.076388583
v  0.025513485 0.033249822 0.079162575
v  -0.038818672 0.031836014 0.010000002
v  0.02955737 0.030232055 0.075671487
v  -0.0038571726 0.031766683 0.13850001
v  -0.004749536 0.040723972 0.13850001
v  0.012097669 0.039174564 0.13850001
v  0.0038571735 0.031766683 0.13850001
v  0.041050002 0.031354293 0.0065939501
v  0.041050002 0.031978272 0.0069297291
v  0.041050002 0.030645708 0.0094060488
v  0.041050002 0.030645708 0.069406047
v  0.041050002 0.031354293 0.069406047
v  0.041050002 0.031978272 0.069070272
v  0.028188579 0.031222649 0.076182581
v  0.028379593 0.031238478 0.075588629
v  -0.033189505 0.031836014 -1.4210215e-10
v  -0.033189505 0.031836014 0.010000002
v  -0.030834213 0.030624654 0.054175656
v  -0.031007729 0.031520449 0.047988784
v  -0.031133808 0.032171346 0.04349329
v  -0.031209394 0.032281894 0.042882826
v  -0.031185851 0.032295972 0.010000002
v  -0.020350002 0.035247233 0.1355
v  -0.020350002 0.035247233 0.1285
v  0.020349998 0.035247233 0.1285
v  0.020349998 0.035247233 0.1355
v  0.028689299 0.031402733 0.075050168
v  -0.020788021 0.035339188 0.1355
v  -0.026117355 0.0340368 0.064645775
v  0.042300001 0.031659719 0.0053818375
v  0.041050002 0.031354293 0.066593952
v  0.042300001 0.031659719 0.07061816
v  0.029085409 0.031701706 0.07464207
v  -0.030957334 0.031972401 0.048087321
v  0.041050002 0.031978272 0.066929728
v  0.019919906 0.035835698 0.1355
v  0.029303327 0.031892534 0.074500717
v  0.028068975 0.031336144 0.076162264
v  0.026992954 0.032307215 0.075629495
v  0.02721272 0.032248504 0.075157404
v  0.02751879 0.032287106 0.074733838
v  0.029532526 0.032086056 0.074310742
v  0.042300001 0.032821611 0.0099929199
v  0.042300001 0.032821611 0.069992922
v  -0.03086631 0.032498088 0.048192661
v  0.042300001 0.03217851 0.074381389
v  0.042300001 0.033500001 0.072499998
v  -0.030164309 0.032193102 0.054454464
v  0.042300001 0.032821611 0.006007079
v  0.042300001 0.033500001 0.00099999818
v  0.042300001 0.033394426 0.00055278454
v  0.042300001 0.032821611 0.066007078
v  0.042300001 0.032882683 0.071423881
v  0.029398251 0.03214829 0.074290648
v  0.027875613 0.032433175 0.074378997
v  0.0037548547 0.040827699 0.13850001
v  -0.030209392 0.033004604 0.050169412
v  -0.030634411 0.032981791 0.04828202
v  -0.030171007 0.032313697 0.053817675
v  -0.03762909 0.033025596 -1.421027e-10
v  -0.03762909 0.033025596 0.010000002
v  -0.034379087 0.033025596 -1.421023e-10
v  -0.038588569 0.038591035 0.010000002
v  -0.041772053 0.035320353 0.010000002
v  -0.034379087 0.033025596 0.010000002
v  -0.031367444 0.032941446 0.042558841
v  0.042300001 0.033500001 0.0069801956
v  0.042300001 0.033500001 0.0090198033
v  0.042300001 0.033500001 0.069019802
v  0.028273165 0.032669734 0.074122258
v  0.042300001 0.032907534 0.073920861
v  -0.026884452 0.035036493 0.053807486
v  0.026092295 0.033098951 0.074824639
v  0.026979767 0.032318804 0.075617716
v  0.026405621 0.03311922 0.073977008
v  0.025879107 0.033291563 0.074461892
v  -0.031267643 0.032367088 0.042412374
v  0.026730891 0.033123504 0.073750369
v  -0.032410108 0.034037996 0.033185296
v  -0.032410108 0.034037996 0.010000002
v  -0.031874157 0.033254147 0.037513867
v  -0.031998761 0.033865057 0.037703499
v  -0.03188286 0.033530239 0.037596583
v  0.042273216 0.033500001 0.0071167797
v  0.042273216 0.033500001 0.0088832192
v  0.042273216 0.033500001 0.067116775
v  0.042300001 0.033269811 0.066649996
v  0.042273216 0.033500001 0.068883218
v  0.027781352 0.032885104 0.073898993
v  0.028258868 0.032675996 0.074115768
v  0.042100001 0.033500001 0.0080000013
v  0.042100001 0.033500001 0.067999996
v  -0.031325787 0.0335638 0.042702042
v  0.0403 0.032882683 0.071423881
v  0.0403 0.033207107 0.071207106
v  0.0403 0.033423878 0.070882685
v  -0.020502381 0.03551117 0.1285
v  -0.020633124 0.035737623 0.098567002
v  0.020502385 0.03551117 0.1285
v  -0.020955242 0.036295544 0.079162575
v  0.021711931 0.035737671 0.081140622
v  0.021432783 0.035860874 0.082006656
v  0.021178242 0.035989679 0.08243905
v  0.021102887 0.036027808 0.082567051
v  0.020940028 0.03611733 0.08267583
v  0.020633124 0.035737623 0.098567002
v  0.042300001 0.033500001 0.070500001
v  0.042300001 0.033423878 0.070882685
v  0.042300001 0.033207107 0.071207106
v  0.027146291 0.033163201 0.073610701
v  0.042300001 0.033374909 0.07319621
v  -0.030516408 0.034163993 0.044899005
v  -0.031085618 0.034146208 0.042814683
v  -0.030315116 0.033403859 0.048354466
v  -0.036004089 0.033461016 -1.421025e-10
v  -0.036004089 0.033461016 0.010000002
v  0.025970854 0.033461973 0.073307954
v  0.025477003 0.033654861 0.073777691
v  0.025681745 0.033469878 0.074126072
v  0.02692176 0.033262793 0.073444746
v  0.027070932 0.033196628 0.073555
v  -0.021451227 0.037154611 0.064645775
v  0.022165079 0.035564721 0.079277255
v  0.021877591 0.035664555 0.080626674
v  0.022896815 0.035351034 0.075526439
v  0.022656914 0.03539392 0.076968655
v  0.022189226 0.035556335 0.079163909
v  -0.03265354 0.034322336 0.033321224
v  0.026712146 0.033362184 0.0731913
v  0.042300001 0.033500001 0.066980198
v  0.042300001 0.033500001 0.066649996
v  0.026621427 0.033405196 0.073081613
v  -0.027872376 0.036323991 0.044893246
v  0.026557866 0.033435334 0.07300476
v  0.02647616 0.033493839 0.072656706
v  -0.038859688 0.038859684 0.0041197985
v  -0.04026591 0.037322793 0.00019999951
v  -0.03646934 0.037850101 0.010000002
v  0.025283329 0.033880007 0.072776929
v  0.025433823 0.033705056 0.073554575
v  0.025864828 0.033602826 0.072430551
v  0.025868677 0.033602186 0.072430976
v  0.026494015 0.033500001 0.072499998
v  0.040430959 0.033751328 0.00020011872
v  0.040710162 0.03388099 -1.4209289e-10
v  0.040428683 0.033724684 0.0068859309
v  0.040330574 0.03377223 0.013081547
v  0.040168662 0.033787098 0.018503163
v  0.040113349 0.034019791 0.02098771
v  0.039928302 0.03384364 0.023230789
v  0.03989229 0.034016244 0.023302179
v  0.039769143 0.033878922 0.024383837
v  0.039674919 0.033746295 0.025811899
v  0.039760161 0.033842098 0.02497015
v  0.0396244 0.033688609 0.026334852
v  0.039727911 0.03363663 0.026663039
v  0.039975688 0.033500001 0.027579673
v  0.038964808 0.033500001 0.029611358
v  0.034716465 0.033500001 0.03842444
v  0.032615319 0.033500001 0.04365113
v  0.031794421 0.033500001 0.045693155
v  0.030740067 0.033500001 0.049742017
v  0.036106512 0.033680633 0.033486523
v  0.036847882 0.033500001 0.033865992
v  0.038240332 0.033690758 0.029255051
v  0.035291445 0.033500001 0.036994148
v  0.033918574 0.033663712 0.0380667
v  0.031810932 0.033645552 0.043355439
v  0.029899079 0.03362995 0.049512066
v  0.028258998 0.033617724 0.056507461
v  0.028941344 0.033500001 0.056649338
v  0.028841741 0.033500001 0.057031825
v  0.027734585 0.033500001 0.064326398
v  0.026918713 0.033608451 0.064202391
v  -0.032659516 0.03432931 0.033324562
v  -0.032787785 0.034691587 0.033449311
v  -0.032770813 0.034643639 0.0334328
v  -0.032031842 0.034576744 0.037892126
v  0.026058752 0.033919968 0.066528879
v  0.025300398 0.033900648 0.072368249
v  0.026302811 0.033926185 0.064649634
v  0.026371788 0.033927944 0.064118512
v  0.027698699 0.033963323 0.05639112
v  0.026567128 0.033932917 0.062614374
v  0.028241012 0.033978496 0.053814199
v  0.027942698 0.033969879 0.055049215
v  0.029500369 0.034014866 0.048600424
v  0.029319074 0.034009632 0.049350999
v  0.030659836 0.034050826 0.044909529
v  0.031332698 0.034071691 0.042767633
v  0.031216022 0.034068074 0.043139044
v  0.033329338 0.03413596 0.037743315
v  0.033253361 0.034133516 0.037934501
v  0.03552378 0.034194645 0.033187281
v  0.034239307 0.034160294 0.035854068
v  0.036289621 0.034215126 0.031597264
v  0.036689561 0.034219548 0.030769343
v  0.039608944 0.033696372 0.02628584
v  0.038776834 0.034242619 0.026448432
v  0.037578296 0.034229372 0.02892955
v  0.039601989 0.033699863 0.026263798
v  0.039571963 0.033852145 0.025814528
v  0.040790729 0.034045972 0.00690604
v  0.040595029 0.034109306 0.013122644
v  0.040695731 0.033905737 0.0002001895
v  0.040285762 0.034099143 0.018562499
v  0.039582022 0.034186061 0.024615364
v  0.039516479 0.034243744 0.024664056
v  0.039504942 0.034192029 0.024811802
v  0.039515976 0.034136083 0.024976855
v  0.039380234 0.034243535 0.024992749
v  -0.032950491 0.035332836 0.033652999
v  -0.032970078 0.035206411 0.033626597
v  0.039856628 0.034187116 0.023372853
v  0.040816005 0.033975881 0.00020022303
v  0.041266602 0.034627371 -1.4209282e-10
v  0.041240152 0.034644157 0.00020022303
v  0.040843766 0.034019619 0.00020022303
v  0.024123508 0.035131745 0.068151966
v  0.026117355 0.0340368 0.064645775
v  0.024705466 0.035111051 0.0646521
v  0.024304632 0.035099369 0.067063101
v  0.026884448 0.035036493 0.053807486
v  0.02722276 0.035473004 0.050356027
v  0.027632378 0.03565532 0.048354518
v  0.027253479 0.035480198 0.050189715
v  0.028345812 0.03598506 0.044899013
v  0.040347949 0.034427188 0.018618383
v  0.041064914 0.034444988 0.0069237128
v  -0.022081271 0.038245875 0.053807486
v  0.025815185 0.035143398 0.057977125
v  -0.035814501 0.037235126 0.016884238
v  -0.035514414 0.036953315 0.020038938
v  -0.033789195 0.035333123 0.028103303
v  -0.03388308 0.035421297 0.027757315
v  -0.034916379 0.036391683 0.022868453
v  0.040781129 0.034495607 0.013159845
v  0.028534304 0.03607218 0.043986052
v  0.028777014 0.036255181 0.042891309
v  0.029728889 0.036972888 0.038597893
v  0.029837597 0.037103895 0.038091924
v  0.029870931 0.037144065 0.037936792
v  0.030744996 0.038197435 0.033868618
v  -0.030570231 0.034367248 0.043975037
v  -0.030707009 0.034635372 0.042891249
v  -0.031800024 0.035263348 0.038026329
v  0.030771308 0.038238108 0.033736285
v  0.035486858 0.035486858 0.030771246
v  0.039447099 0.03477573 0.02361631
v  0.039651722 0.034481637 0.02349467
v  0.040077075 0.034553025 0.02111209
v  0.039893914 0.035059556 0.021216983
v  0.03690457 0.03690457 0.024994267
v  -0.034202941 0.035918709 0.028359005
v  0.04035344 0.034761835 0.018669214
v  0.04123513 0.034898333 0.0069379173
v  0.040880248 0.034913242 0.013191421
v  0.039577354 0.035499748 0.021299921
v  0.040195338 0.035412677 0.018750086
v  -0.032826088 0.036135908 0.033820696
v  -0.032881103 0.035780773 0.033746537
v  -0.032931961 0.035452452 0.033677973
v  0.041428972 0.035416748 -1.4209281e-10
v  0.041428972 0.035416748 0.00019999951
v  0.041340034 0.034877002 0.00020018578
v  0.041323237 0.034775071 0.00020022303
v  -0.029008485 0.037804592 0.037923541
v  -0.031249002 0.035697784 0.038596831
v  0.037821248 0.037821248 0.01978041
v  0.041230425 0.035859987 0.0069528334
v  0.040803432 0.035764616 0.01323219
v  -0.022892691 0.039651308 0.044893246
v  0.026583385 0.035323285 0.053817831
v  0.026465815 0.035295755 0.054454401
v  0.039577916 0.035500742 0.021294396
v  0.039732978 0.035773829 0.01977583
v  0.023655385 0.03535828 0.068077631
v  0.022613157 0.035487201 0.075473249
v  0.026067048 0.035484277 0.054391798
v  -0.034358725 0.036629856 0.028577525
v  -0.012576989 0.038708001 0.1355
v  -0.012576989 0.038708001 0.1285
v  -0.015691847 0.037883464 0.1285
v  0.012576991 0.038708001 0.1285
v  0.015691847 0.037883464 0.1285
v  0.012576991 0.038708001 0.1355
v  0.012097669 0.039174564 0.1355
v  -0.031394407 0.03586914 0.037928924
v  -0.032618925 0.036428977 0.03383882
v  -0.03135892 0.035827324 0.038091917
v  -0.032754853 0.036236677 0.033826925
v  -0.013049549 0.038867842 0.1355
v  0.025644299 0.035625383 0.054322917
v  0.025201868 0.035667047 0.054246128
v  0.023397148 0.0354302 0.068036959
v  0.021997761 0.035653878 0.079236276
v  0.040375765 0.036498014 0.013236389
v  0.039904598 0.036076076 0.01809511
v  0.039833486 0.035950836 0.018791527
v  0.041421503 0.035457108 -1.4209281e-10
v  0.0413219 0.035857268 0.00020006284
v  0.022288684 0.035598271 0.075414695
v  0.022451825 0.035548631 0.075443797
v  0.023141246 0.035557386 0.067996413
v  0.024235167 0.035504922 0.058478061
v  -0.034316733 0.037079446 0.028678402
v  -0.040338829 0.037386738 -1.4210304e-10
v  -0.017627046 0.044226598 -1.4210021e-10
v  0.02025 0.0407032 -1.4209546e-10
v  0.020685416 0.039078198 -1.420954e-10
v  0.021874998 0.037888616 -1.4209527e-10
v  0.023499999 0.037453201 -1.4209506e-10
v  0.011375 0.044226598 -1.4209657e-10
v  0.040916856 0.036753237 -1.4209288e-10
v  0.035449877 0.042051107 -1.4209356e-10
v  0.034089487 0.042992204 -1.4209373e-10
v  0.025125001 0.037888616 -1.4209485e-10
v  0.026314583 0.039078198 -1.420947e-10
v  0.04129656 0.036132369 -1.4209282e-10
v  0.027162317 0.035895709 0.048282214
v  0.026645355 0.036040496 0.048192821
v  0.031360943 0.03914379 0.030761024
v  0.03230093 0.040587623 0.026017895
v  0.031755559 0.039749924 0.028769815
v  0.024456814 0.035585538 0.056850843
v  0.021982651 0.035677247 0.010000002
v  -0.015791908 0.038125046 0.098567002
v  0.023499999 0.037453201 0.010000002
v  0.024469703 0.035543524 0.010000002
v  0.025125001 0.037888616 0.010000002
v  0.026738506 0.036571056 0.010000002
v  0.025663767 0.036024533 0.047989964
v  0.026276264 0.036247313 0.04349329
v  0.026445791 0.036413103 0.042412374
v  0.026676636 0.036638863 0.040940478
v  0.024820723 0.035717901 0.054179192
v  0.021983542 0.035679981 0.077777378
v  0.02189365 0.035700377 0.079211287
v  0.022270519 0.035599142 0.075572751
v  0.026111409 0.036039032 0.048087411
v  0.021602191 0.035799518 0.081103288
v  0.021874998 0.037888616 0.010000002
v  0.0198371 0.036942121 0.010000002
v  0.020895306 0.036144897 0.079177909
v  0.021886032 0.035707451 0.078526475
v  0.021776404 0.035748329 0.079184093
v  0.021448661 0.035870545 0.081150167
v  0.021534842 0.035832725 0.081080273
v  -0.016038448 0.038720235 0.079162575
v  0.020874228 0.036155228 0.082678065
v  0.015791912 0.038125046 0.098567002
v  0.021333426 0.035917193 0.082002386
v  0.040774804 0.036705218 0.0069470555
v  0.040418409 0.036529645 0.01270172
v  0.04040214 0.036521632 0.012964401
v  0.021244764 0.035962805 0.081957303
v  0.02129104 0.035939585 0.081980281
v  0.041257352 0.03612284 0.00020009637
v  0.041205846 0.036334746 0.00020012617
v  0.040838413 0.036727708 0.0041256472
v  0.040785484 0.036710478 0.0067746155
v  0.021147612 0.036007948 0.082410172
v  -0.032278322 0.036910824 0.033868618
v  0.028230928 0.036542214 0.04281491
v  0.027615245 0.036678117 0.04270225
v  -0.03543739 0.037077866 0.023100993
v  0.02122473 0.035971873 0.082036622
v  0.021114219 0.036026351 0.082404695
v  0.020886697 0.036149826 0.081945829
v  0.020944487 0.036117144 0.082155712
v  0.021071531 0.036048621 0.082418047
v  0.02101003 0.036081009 0.08255101
v  0.020869751 0.036159076 0.08264292
v  0.020868998 0.036158849 0.0826644
v  0.026994579 0.036611259 0.042558964
v  0.020976897 0.036099236 0.082550697
v  0.03852848 0.03852848 0.01270223
v  0.020907387 0.036138017 0.082595445
v  0.020877961 0.036154885 0.082614586
v  0.020646084 0.036296643 0.082339555
v  0.020655066 0.036291018 0.082354121
v  0.020780008 0.036212727 0.082556762
v  0.020870842 0.036159076 0.082596794
v  0.040916856 0.036753237 0.00019999951
v  -0.034045875 0.037750416 0.028773718
v  0.020308513 0.03653463 0.080969833
v  0.020326328 0.036522072 0.081042111
v  0.019852541 0.036958564 0.076715752
v  0.020115785 0.03671382 0.079171725
v  0.02054622 0.036367048 0.081934348
v  0.020868082 0.036158767 0.082678266
v  0.020823155 0.036184646 0.082679793
v  0.02068796 0.036265746 0.082605906
v  0.020569135 0.036341839 0.08242663
v  0.020577833 0.036337145 0.082420342
v  0.02085058 0.036170751 0.082597539
v  0.020603489 0.036322564 0.082398631
v  0.029207293 0.037439741 0.038026571
v  -0.016418055 0.039636694 0.064645775
v  0.020433947 0.036437053 0.081989065
v  0.020392194 0.036461655 0.082011156
v  -0.023825824 0.041267533 0.037923541
v  0.020426456 0.036433205 0.082211353
v  -0.032339558 0.036967739 0.03364047
v  -0.033106171 0.037684273 0.030750228
v  0.020369109 0.036474433 0.082024872
v  0.016038448 0.038720235 0.079162575
v  0.020199195 0.03661013 0.081089333
v  0.020134792 0.036649462 0.08111228
v  0.02009242 0.03667336 0.081125088
v  0.038859583 0.038859583 0.0041262545
v  0.019877244 0.036878433 0.079230301
v  0.028490346 0.037549432 0.03789239
v  0.026314583 0.039078198 0.010000002
v  0.027892929 0.037828356 0.010000002
v  0.027892929 0.03782836 0.033185296
v  0.027214054 0.037164439 0.037513867
v  0.019780956 0.036939804 0.079255126
v  0.027794573 0.037393458 0.037703667
v  0.027484674 0.037221115 0.037596673
v  -0.035605162 0.037799872 0.023267929
v  0.019971274 0.036760457 0.080731124
v  0.038890805 0.038890805 0.00019999951
v  0.01971557 0.03697896 0.07927122
v  0.019426279 0.03732723 0.075471506
v  0.019283213 0.037423979 0.075500511
v  0.032697182 0.041193765 0.023414463
v  0.032458119 0.040828072 0.024985138
v  0.032977711 0.041622892 0.021571316
v  -0.030553743 0.03981841 0.030760536
v  0.019696686 0.036995098 0.079163402
v  0.019370653 0.037273698 0.077301957
v  0.018515933 0.03905347 0.010000002
v  0.019574568 0.03721701 0.074122325
v  0.019712429 0.037088834 0.075408526
v  0.018586043 0.039085753 0.056140818
v  0.019237973 0.037853319 0.067999579
v  -0.036366738 0.037950609 0.017018169
v  -0.035568811 0.038254458 0.023345012
v  0.030211344 0.038449187 0.03383882
v  -0.016900271 0.040800862 0.053807486
v  0.028130874 0.038117714 0.03332134
v  0.018984895 0.03797764 0.068036541
v  0.01879349 0.038165323 0.068077207
v  0.028136507 0.038124565 0.033324562
v  0.028471563 0.038314112 0.033449519
v  0.028426733 0.038288753 0.033432804
v  -0.036863349 0.038362931 0.010000467
v  0.019166753 0.037502483 0.075524189
v  -0.038890809 0.038890805 0.00019999951
v  0.018578064 0.038325232 0.068116382
v  -0.032666914 0.044226598 -1.4210208e-10
v  0.029074259 0.038585383 0.033652999
v  0.028946355 0.038582712 0.033626597
v  0.01845688 0.038298991 0.069334894
v  0.03000015 0.038548809 0.033827025
v  0.02988673 0.038602315 0.033820692
v  0.029527463 0.038594831 0.033746541
v  0.029196594 0.038587928 0.033678245
v  -0.033631496 0.038175285 0.028769676
v  -0.034367457 0.038863167 0.025994999
v  -0.035303526 0.038930155 0.023417896
v  -0.036545254 0.038682662 0.017115559
v  -0.025095008 0.043465823 0.030760536
v  0.033159278 0.041900817 0.019770637
v  0.033506773 0.042432729 0.016324341
v  0.033418208 0.042297162 0.017202694
v  0.026749998 0.0407032 0.010000002
v  0.030942235 0.04248789 0.010000002
v  0.030450318 0.041736208 0.016884234
v  0.030224897 0.041391749 0.020038938
v  0.028928902 0.039411392 0.028103303
v  0.028999433 0.039519165 0.027757317
v  0.029775649 0.040705271 0.022868453
v  -0.010612815 0.039607566 0.1285
v  -0.010680488 0.039860137 0.098567002
v  0.010612817 0.039607566 0.1285
v  0.020685416 0.039078198 0.010000002
v  -0.036889948 0.038470954 0.010000415
v  0.018287629 0.039659031 0.05424593
v  0.029433746 0.039920539 0.028359005
v  -0.010847232 0.040482417 0.079162575
v  0.010680494 0.039860137 0.098567002
v  0.018030338 0.04002136 0.054322727
v  0.017696753 0.040316921 0.054391611
v  -0.017521307 0.042300183 0.044893246
v  -0.036513895 0.039141882 0.017160531
v  0.018359818 0.038467862 0.068153858
v  0.016418055 0.039636694 0.064645775
v  0.018072356 0.038967986 0.064656176
v  0.03126492 0.040083926 0.028773719
v  -0.037071846 0.03920969 0.010000061
v  0.033855714 0.042967696 0.010000002
v  0.03370693 0.042739592 0.012696628
v  0.030107036 0.040197447 0.028577523
v  0.030557111 0.04023416 0.028678406
v  -0.033455029 0.043599442 0.0041197985
v  -0.036435939 0.040802632 0.010000002
v  -0.037029773 0.039655332 0.010000065
v  -0.036916584 0.040154871 0.010000166
v  -0.036787972 0.040328201 0.010000121
v  -0.03710252 0.039334275 0.010000002
v  -0.0042543109 0.040477041 0.1355
v  -0.0042543109 0.040477041 0.1285
v  0.0042543081 0.040477041 0.1285
v  0.0042543081 0.040477041 0.1355
v  0.0037548547 0.040827699 0.1355
v  -0.011103972 0.041440584 0.064645775
v  0.01084723 0.040482417 0.079162575
v  0.033274326 0.043359056 0.010000002
v  0.03345494 0.043599326 0.0041262545
v  -0.033481821 0.043634359 0.00019999951
v  -0.031772539 0.041406777 0.02499043
v  -0.034572788 0.039055802 0.024981448
v  -0.004749536 0.040723972 0.1355
v  0.035379142 0.04197045 0.00019999951
v  -0.03489022 0.039353617 0.023414491
v  -0.035266593 0.039706726 0.021556597
v  -0.035507165 0.039932311 0.019766165
v  -0.036253355 0.039821964 0.017203055
v  0.017546739 0.039882448 0.058260743
v  0.018316492 0.041536115 0.010000002
v  0.018320281 0.041534986 0.040086579
v  0.018312465 0.041510686 0.040195819
v  0.018329326 0.041146349 0.042414002
v  0.018371724 0.040230043 0.047992676
v  0.018409204 0.039420065 0.052924007
v  0.018477648 0.039290674 0.054169029
v  0.02025 0.0407032 0.010000002
v  0.026749998 0.0407032 -1.4209464e-10
v  0.018155001 0.040632635 0.048087578
v  -0.0053521986 0.040653966 0.1285
v  -0.0053863297 0.040913213 0.098567002
v  0.0053521958 0.040653966 0.1285
v  -0.011430106 0.042657733 0.053807486
v  0.016900271 0.040800862 0.053807486
v  0.01110397 0.041440584 0.064645775
v  -0.018235497 0.044024378 0.037923541
v  0.017889295 0.041095775 0.048192985
v  -0.032561563 0.042435057 0.019775866
v  -0.026096053 0.045199685 0.02499043
v  -0.035851598 0.040255297 0.017202698
v  -0.035970069 0.040366389 0.016320992
v  -0.03623756 0.040616874 0.012691576
v  -0.005470417 0.041551933 0.079162575
v  0.0053863269 0.040913213 0.098567002
v  0.017334819 0.040569048 0.054454297
v  0.030360933 0.041337524 0.023100991
v  0.017505426 0.041471083 0.048282377
v  0.031496849 0.041671257 0.023345016
v  0.032208346 0.041527327 0.023417898
v  0.031042837 0.041628115 0.023267929
v  0.017108139 0.041303471 0.05038273
v  0.017299369 0.040683907 0.053817529
v  -0.033170179 0.043228216 0.012697171
v  5.3399851e-10 0.04100477 0.1285
v  -0.0055998932 0.042535413 0.064645775
v  0.0054704142 0.041551933 0.079162575
v  0.018208984 0.041683596 0.042559016
v  0.017956547 0.042254534 0.042702299
v  5.3400223e-10 0.041266251 0.098567002
v  0.020685416 0.042328198 -1.420954e-10
v  0.020685416 0.042328198 0.010000002
v  0.026314583 0.042328198 -1.420947e-10
v  0.032305118 0.044226598 -1.4209395e-10
v  0.018813852 0.043070164 0.010000002
v  0.026314583 0.042328198 0.010000002
v  -0.011850133 0.044225287 0.044893246
v  0.011430104 0.042657733 0.053807486
v  5.3400467e-10 0.041910484 0.079162575
v  0.017531011 0.042719781 0.042814955
v  -0.019206889 0.046369523 0.030760536
v  0.017107032 0.041307051 0.050362892
v  0.011850131 0.044225287 0.044893246
v  0.017064404 0.041760355 0.048355136
v  0.031059038 0.042404298 0.017018169
v  -0.026744112 0.046322156 0.019775866
v  -0.0057643647 0.043784719 0.053807486
v  0.0055998941 0.042535413 0.064645775
v  0.016991019 0.042540696 0.044898912
v  0.018492047 0.042412862 0.037597124
v  0.018486347 0.042767409 0.037704114
v  0.032921672 0.042617586 0.017203055
v  0.032206681 0.042756081 0.017160531
v  0.018505037 0.04210965 0.037503224
v  0.018813852 0.04307016 0.033185303
v  5.3400645e-10 0.042902447 0.064645775
v  0.031748969 0.042707227 0.017115559
v  0.018273532 0.043447945 0.03789283
v  0.033481821 0.043634359 0.00019999951
v  0.018945463 0.043420907 0.033321347
v  0.017820064 0.044013985 0.038027
v  -0.012333154 0.046027955 0.037923541
v  0.021874998 0.04351778 -1.4209525e-10
v  0.021874998 0.04351778 0.010000002
v  0.025125001 0.04351778 -1.4209485e-10
v  0.021324478 0.048040718 0.010000002
v  0.025125001 0.04351778 0.010000002
v  0.031525768 0.043070499 0.010000002
v  0.032173224 0.043322373 0.010000002
v  0.03147934 0.043024145 0.010000002
v  0.032293238 0.043369066 0.010000002
v  0.027338434 0.047354791 0.010000002
v  -0.027243987 0.047187969 0.012697171
v  5.3400784e-10 0.044162534 0.053807486
v  0.0057643657 0.043784719 0.053807486
v  0.016972229 0.042740498 0.044013962
v  0.033115752 0.043333426 0.010000002
v  0.033326261 0.043229379 0.010000002
v  -0.0059761922 0.045393687 0.044893246
v  0.017137527 0.044157349 0.038849298
v  0.017008167 0.043048549 0.042891059
v  0.032623027 0.043354776 0.010000002
v  0.018948592 0.043429244 0.033324581
v  0.018945668 0.043762647 0.033432808
v  0.01894521 0.043814149 0.033449527
v  0.018940415 0.044359665 0.033626609
v  0.012332507 0.046025548 0.037931453
v  0.019648034 0.044721678 0.027987201
v  0.02103522 0.047468044 0.016236108
v  0.020974789 0.047348402 0.016856395
v  0.02039336 0.046197284 0.02282441
v  0.020264827 0.045942813 0.024143707
v  -0.02747795 0.047593199 0.0041197985
v  0.027477875 0.047593076 0.0041262545
v  0.019870169 0.045480024 0.028268648
v  0.018878795 0.044471737 0.033653002
v  0.018819824 0.044578955 0.033678252
v  0.018660381 0.044868916 0.033746537
v  -0.019973055 0.048219211 0.02499043
v  0.023499999 0.043953199 -1.4209506e-10
v  0.023499999 0.043953199 0.010000002
v  0.021520182 0.048774026 0.010000002
v  0.021537308 0.048838187 0.010000002
v  0.027067535 0.047537148 0.010000002
v  0.027499951 0.047631316 0.00019999951
v  -0.032495022 0.044293717 0.00019999951
v  -0.00019443726 0.044507526 0.051568042
v  -0.00048886187 0.04454824 0.051305063
v  -0.0006078998 0.044586107 0.051068529
v  -0.0010173986 0.044716373 0.050254796
v  -0.0016332561 0.045106929 0.048014566
v  0.0059761931 0.045393687 0.044893246
v  0.0016786164 0.045161601 0.047743294
v  0.0016447312 0.045117222 0.047958862
v  0.001025573 0.044720046 0.050232351
v  0.00060793065 0.044585384 0.051072713
v  0.00049936079 0.044550382 0.051291175
v  0.021431576 0.049523994 0.010000002
v  0.021411847 0.049651943 0.010000002
v  0.017237216 0.044443101 0.037937973
v  0.017220192 0.044394299 0.038093608
v  0.017629284 0.045566931 0.034353804
v  0.018192325 0.045388367 0.033838823
v  0.018487193 0.045183845 0.0338207
v  0.01838417 0.0452553 0.033827033
v  -0.012990131 0.048479825 0.030760536
v  5.3400812e-10 0.044500001 0.051617056
v  5.4841612e-06 0.044500005 0.051617015
v  0.00019896084 0.044507928 0.051565044
v  -0.0062197889 0.047243979 0.037923541
v  -0.03253109 0.044347692 -1.4210207e-10
v  -0.00061085023 0.044575777 -1.4209807e-10
v  -0.0016866768 0.045154702 -1.4209821e-10
v  -0.016511962 0.052249953 -1.4210005e-10
v  -0.0024999972 0.046999998 -1.4209831e-10
v  -0.0023597102 0.046174303 -1.4209829e-10
v  -0.023546681 0.049704563 -1.4210094e-10
v  -0.017627046 0.051846478 -1.4210019e-10
v  0.017128825 0.052249953 -1.4209585e-10
v  0.017273989 0.052216843 -1.4209584e-10
v  0.011375 0.052249953 -1.4209657e-10
v  0.026847478 0.048002109 -1.4209464e-10
v  0.00061085128 0.044575777 -1.4209792e-10
v  0.0016866779 0.045154702 -1.4209778e-10
v  0.0023597111 0.046174303 -1.4209769e-10
v  0.0024999981 0.046999998 -1.4209768e-10
v  -0.027499951 0.047631316 0.00019999951
v  0.019773439 0.046201732 0.028486596
v  0.01298909 0.048475947 0.030771246
v  -0.0016772369 0.045163225 0.047739439
v  0.020626795 0.046977777 0.023035958
v  0.019580264 0.04660992 0.028587209
v  -0.0021317895 0.045744985 0.044896189
v  -0.0023188512 0.046186466 0.043022562
v  -0.0022317166 0.045872882 0.04427113
v  0.0023207446 0.046185441 0.043022402
v  0.0022497256 0.045909703 0.044109624
v  0.0021259938 0.045747627 0.044896863
v  0.019096322 0.04714787 0.028682282
v  -0.020469055 0.049416672 0.019775866
v  0.01822428 0.04674118 0.030764977
v  0.017707448 0.045724664 0.033868622
v  0.006219462 0.047241509 0.037931453
v  0.0024965038 0.046867803 0.040331915
v  0.0205376 0.047713812 0.02320209
v  -0.0065511088 0.049760628 0.030760536
v  -0.0024999972 0.046999998 0.039866816
v  -0.0024931501 0.046813719 0.040525097
v  0.0024999981 0.046999998 0.039866816
v  0.020348016 0.048128638 0.023278801
v  -0.020851642 0.050340325 0.012697171
v  -0.013508311 0.050413698 0.02499043
v  0.019867674 0.048672941 0.023351332
v  0.018570635 0.047422394 0.02868508
v  0.021196466 0.048105579 0.016978178
v  0.021113861 0.048854575 0.017075218
v  -0.0023876275 0.047603354 0.03792733
v  -0.0023468505 0.04782233 0.037223432
v  -0.0023597102 0.047825698 -1.4209829e-10
v  0.0023790677 0.047603685 0.037936091
v  0.0023357649 0.047819845 0.03724476
v  0.0023597111 0.047825698 -1.4209769e-10
v  0.018867519 0.048006311 0.026902257
v  -0.021030709 0.050772626 0.0041197985
v  0.0065505882 0.049756646 0.030771246
v  0.0018520957 0.04867921 0.034756891
v  0.0023070951 0.047962967 0.036787014
v  -0.0023322622 0.047900632 0.036971726
v  0.020914957 0.050499592 0.010000002
v  0.020969346 0.05034643 0.010000002
v  0.021234855 0.049929723 0.010000002
v  0.021030653 0.050772492 0.0041262545
v  0.026828028 0.047962669 0.00019999951
v  -0.023497604 0.049605053 0.00019999951
v  0.02092734 0.049275383 0.01712003
v  -0.0016866768 0.048845299 -1.4209821e-10
v  -0.0016697267 0.048824407 0.034371223
v  -0.0018561402 0.048675321 0.034767408
v  0.0016866779 0.048845299 -1.4209778e-10
v  0.021047551 0.050813287 0.00019999951
v  0.013508012 0.05041258 0.024994267
v  0.019123044 0.048511501 0.024980644
v  0.020449925 0.049825363 0.017162405
v  -0.013843766 0.051665653 0.019775866
v  -0.0068124379 0.05174559 0.02499043
v  0.019339804 0.04894004 0.023350587
v  0.019475155 0.049207631 0.022332732
v  0.019709412 0.049670696 0.019770473
v  0.0016699663 0.048825108 0.034369156
v  -0.0012278253 0.049177807 0.033432085
v  0.0012345245 0.049173925 0.03344214
v  -0.00061809964 0.049422394 0.032800693
v  -0.00061084278 0.049423523 0.032797806
v  -0.00061085023 0.049424224 -1.4209807e-10
v  0.00061085128 0.049424224 -1.4209792e-10
v  0.00060655974 0.049412291 0.032827489
v  0.013843537 0.051664788 0.01978041
v  0.00051894836 0.049445543 0.032741737
v  -0.014102525 0.052631341 0.012697171
v  5.3401072e-10 0.050189745 0.030760443
v  -0.000146761 0.049495712 0.032613244
v  2.5027035e-05 0.049499877 0.032602634
v  5.340105e-10 0.0495 0.03260231
v  -5.4830934e-06 0.049499996 0.032602325
v  5.3401072e-10 0.050185993 0.030771246
v  -0.021047555 0.050813287 0.00019999951
v  0.019907281 0.050061837 0.017606184
v  0.0068122861 0.051744442 0.024994267
v  5.3401145e-10 0.052190941 0.024994267
v  0.020171899 0.050584089 0.012698699
v  0.019931026 0.050108694 0.017165881
v  0.020774715 0.050476164 0.010000002
v  0.014102404 0.052630883 0.01270223
v  -0.014223634 0.053083315 0.0041197985
v  -0.0069816108 0.053030621 0.019775866
v  0.020283259 0.050803754 0.010000002
v  0.020225234 0.050689347 0.011709608
v  0.014223595 0.053083178 0.0041262545
v  -0.014235019 0.053125829 0.00019999951
v  -0.013710572 0.053263586 -1.4209971e-10
v  0.017236669 0.052106906 0.00019999951
v  0.0069814962 0.053029731 0.01978041
v  -0.0071121077 0.05402182 0.012697171
v  5.3401206e-10 0.053487323 0.01978041
v  0.014235024 0.053125829 0.00019999951
v  -0.0033785398 0.054896038 -1.4209842e-10
v  0.0070756902 0.054542866 -1.4209711e-10
v  0.011375 0.05356228 -1.4209657e-10
v  0.0071120453 0.054021351 0.01270223
v  -0.0071731801 0.054485738 0.0041197985
v  5.3401294e-10 0.054487497 0.01270223
v  0.0071789292 0.054529373 0.00019999951
v  0.0071731661 0.054485593 0.0041262545
v  -0.013704172 0.053231422 0.00019999951
v  -0.0071789245 0.054529373 0.00019999951
v  5.3401406e-10 0.054955747 0.0041262545
v  0.0070752506 0.054536168 0.00019999951
v  5.3401406e-10 0.054955821 0.0041197985
v  -0.0033708657 0.054778967 0.00019999951
v  5.3401455e-10 0.054999903 0.00019999951

# 0 UV coordinates

# 5274 vertex normals
vn 0.02668714 -0.57601225 -0.81700534
vn 0.051176429 -0.81530488 -0.57676589
vn -0.059866481 -0.91335285 0.40274382
vn -0.065401375 -0.99779594 0.011221983
vn 0.046285592 -0.99886507 0.011234008
vn -0.059864003 -0.91335303 0.40274382
vn -0.079811238 -0.62116069 -0.77960861
vn 1.2509285e-13 -1.6863054e-33 -1
vn -0.065388545 -0.99779683 0.011216127
vn -0.065388322 -0.99779344 0.011515216
vn 0.065338649 -0.99721223 0.036037158
vn 0.065398775 -0.99779278 0.011515208
vn -0.065334387 -0.99638188 0.054355744
vn -0.065278403 -0.99638301 0.054402322
vn 0.065306254 -0.99638116 0.054402813
vn 0.065306969 -0.99638116 0.054402221
vn -0.065398678 -0.99779636 0.011202138
vn 0.13277584 -0.97499937 0.17817624
vn 0.13493389 -0.99085361 -0.0014068579
vn -0.17512247 -0.88039982 0.44071332
vn -0.19507813 -0.98072374 0.011202149
vn -0.064795561 -0.98808289 0.13961983
vn 0.064763211 -0.98808509 0.13961957
vn 0.064762644 -0.98808503 0.13962013
vn -0.1950781 -0.98072374 0.011202098
vn -0.19480193 -0.97933531 0.054355592
vn 0.1349332 -0.99085373 -0.0014068577
vn 0.13493186 -0.99085391 -0.0014073675
vn 0.19494276 -0.9800449 0.038850062
vn 0.19480112 -0.97933286 0.054402612
vn 0.19480085 -0.97933292 0.054402843
vn 0.13277487 -0.9750011 0.17816767
vn 0.22652605 -0.87559664 -0.42663383
vn 0.13277431 -0.97500116 0.17816767
vn 0.17545371 -0.78144556 -0.5987978
vn 0.21906224 -0.975658 0.010156051
vn -0.064727709 -0.98809683 0.13955274
vn -0.19480176 -0.97933537 0.05435545
vn -0.19318114 -0.97118795 0.13955311
vn 0.19317889 -0.97117871 0.13962035
vn 0.19317968 -0.97117865 0.13961957
vn -0.17512062 -0.88040024 0.44071332
vn -0.24339174 -0.73876274 -0.62848234
vn 0.15788586 -0.6102795 -0.7762931
vn -0.19507606 -0.98072416 0.011203222
vn -0.0635112 -0.96849257 0.24080791
vn 0.063478611 -0.96849459 0.24080841
vn -0.27012065 -0.79574829 -0.5420512
vn -0.32141984 -0.94687051 0.011203003
vn 0.30165705 -0.95336443 0.0099655744
vn 0.32141286 -0.94685149 0.012884319
vn 0.30128908 -0.95220083 0.050383314
vn -0.32141966 -0.94687057 0.01120268
vn -0.32096463 -0.94553012 0.054355495
vn 0.32103324 -0.94573319 0.050263114
vn 0.43176273 -0.89670825 -0.097443476
vn 0.30488369 -0.95083153 0.054455083
vn -0.06345097 -0.96851563 0.24073099
vn -0.19318141 -0.97118783 0.1395534
vn -0.1893532 -0.95194215 0.24073131
vn 0.063478149 -0.96849465 0.24080826
vn 0.063928984 -0.96832162 0.2413841
vn 0.18934955 -0.95192331 0.24080852
vn 0.18934979 -0.95192337 0.24080822
vn -0.3209652 -0.94552988 0.054356001
vn -0.31829497 -0.93766367 0.13955341
vn 0.32182771 -0.94155735 0.099482216
vn 0.32182762 -0.94155705 0.099485144
vn 0.29816961 -0.94422251 0.13978089
vn -0.063440241 -0.9683519 0.24139166
vn -0.061996784 -0.94559979 0.31937036
vn -0.010502497 -0.94598174 0.32404968
vn 0.0029363292 -0.94602984 0.32406616
vn 0.016159043 -0.94601363 0.32372379
vn 0.061991941 -0.94581932 0.31872064
vn -0.28159052 -0.85470372 -0.43610591
vn -0.051207442 -0.95034599 0.30695325
vn -0.051215477 -0.95034271 0.3069621
vn -0.072602719 -0.94210005 0.32737795
vn -0.18935351 -0.95194197 0.24073175
vn -0.18435356 -0.92680556 0.32717773
vn 0.073233932 -0.94202369 0.3274571
vn 0.075299151 -0.9412387 0.32924113
vn 0.056290776 -0.9483006 0.31234163
vn 0.056269638 -0.94830942 0.31231868
vn 0.1843489 -0.92678219 0.32724652
vn 0.18434918 -0.92678225 0.32724622
vn 0.30168569 -0.95335537 0.0099655744
vn 0.26992163 -0.56798398 -0.77751946
vn 0.38209236 -0.92406833 -0.010154188
vn 0.38209274 -0.92406815 -0.010159512
vn 0.30131778 -0.95219272 0.050364923
vn 0.382112 -0.92411464 -0.001596621
vn -0.31829384 -0.93766421 0.13955219
vn -0.31198627 -0.91908264 0.2407316
vn 0.2955974 -0.92440438 0.24103664
vn 0.31741801 -0.93116087 0.17940253
vn 0.31741798 -0.93116194 0.17939688
vn 0.31741831 -0.93116164 0.17939781
vn -0.42189005 -0.85551602 0.30016842
vn -0.44225776 -0.89681804 0.011202828
vn 0.54806149 -0.83046234 0.099804625
vn 0.00064541039 -0.0013404234 0.99999887
vn -0.4422605 -0.89681667 0.011203722
vn -0.44163439 -0.89554703 0.054356009
vn 0.44194493 -0.89617622 0.03940684
vn 0.433276 -0.89985418 0.0503424
vn 0.38211161 -0.92411482 -0.001596621
vn 0.44197893 -0.89624518 0.037406538
vn 0.57505488 -0.81205612 0.099382102
vn 0.5581643 -0.82331759 0.10295965
vn -0.024920283 0.99968696 0.0022276905
vn 0.089868106 0.99594277 0.0046613081
vn 0.00065683795 -0.0013641614 0.99999887
vn 0.00060832733 -0.0013497914 0.99999893
vn -0.1350715 0.99083579 0.00032298581
vn 0.30258483 0.95304352 0.012265182
vn -0.34868312 0.9372406 -0.00034733317
vn 0.46816528 0.88363791 0.0023144346
vn 0.29352191 0.95595223 -0.00043584194
vn -0.0094217602 0.99995553 -0.00042008117
vn -0.4847382 0.87465924 -0.00034059046
vn -0.1843529 -0.92680591 0.32717699
vn -0.31198588 -0.91908288 0.24073105
vn -0.30374777 -0.89481419 0.32717705
vn 0.30742708 -0.91392714 0.26500139
vn 0.3074275 -0.91392839 0.26499662
vn 0.29035443 -0.89913207 0.32749936
vn 0.30742657 -0.91392803 0.26499888
vn -0.35360971 0.93537676 0.0055238497
vn 0.54788488 -0.83017415 0.10311653
vn -0.42189389 -0.85551417 0.30016842
vn -0.30940655 -0.55479306 -0.77231616
vn 0.83768368 -0.53914303 0.087240405
vn 0.79993415 -0.5922727 0.0965316
vn -0.00011630366 0.00030990801 0.99999994
vn -0.44163397 -0.89554727 0.05435561
vn -0.43795994 -0.88809699 0.13955221
vn -0.44226179 -0.89681607 0.01120156
vn 0.53429484 0.84529811 0.00032738544
vn -0.07287173 -0.94319516 0.32414901
vn 0.48969561 -0.85292763 0.18086651
vn -0.60563993 0.79573858 -0.00058743206
vn 0.53429681 0.84529692 0.00032734126
vn -0.072871678 -0.94319451 0.32415092
vn -0.60555631 0.79580224 -0.00058538205
vn 0.073159158 -0.94106126 0.33022931
vn 0.48969558 -0.85292757 0.18086688
vn 0.77457583 0.63248098 -0.00032246881
vn -0.074733831 -0.93818712 0.33796424
vn 0.44488817 -0.85923994 -0.25254956
vn 0.45975423 -0.88794976 0.013086742
vn 0.77458781 0.63246626 -0.00032246843
vn 0.83263844 0.55381304 0.0020733185
vn -0.074729964 -0.93819582 0.33794087
vn -0.84293085 0.53802162 -0.00055093673
vn -0.62103987 0.78368604 0.012069409
vn 0.073161356 -0.94105703 0.33024096
vn 0.83767724 -0.53915286 0.087241039
vn -0.00010805468 0.00028897609 0.99999994
vn -0.072252586 -0.93994778 0.33358312
vn -0.071618691 -0.94023532 0.33290881
vn -0.18392925 -0.92467606 0.33338305
vn 0.075154684 -0.93802077 0.33833233
vn 0.076261826 -0.93962973 0.33358663
vn 0.065747187 -0.94265133 0.3272396
vn 0.065739006 -0.94265485 0.32723117
vn 0.18393449 -0.92469746 0.33332071
vn 0.18393442 -0.92469746 0.33332077
vn 0.55977738 -0.80357265 0.20228757
vn 0.79368633 -0.5802412 0.18270794
vn -0.84361732 0.53694409 0.00095323357
vn 0.65208131 -0.73757577 0.17541939
vn 0.99301332 -0.10732211 0.049055766
vn 0.96166909 -0.26379651 0.074859865
vn 0.0018157746 -0.00066534115 0.99999815
vn -1.2509285e-13 1.6863054e-33 1
vn -0.43796077 -0.88809645 0.1395532
vn -0.42928189 -0.87049735 0.24073099
vn 0.46111026 -0.84607941 0.26744524
vn 0.95010996 0.3119123 -0.0013418949
vn 0.79359859 -0.58036232 0.18270443
vn 0.95707726 -0.25512716 0.13752525
vn 0.99301338 -0.10732161 0.049055722
vn 0.0018085907 -0.00066251453 0.99999815
vn 0.46110997 -0.84607875 0.26744777
vn -0.98168343 0.19051816 -0.00069002638
vn 0.95011353 0.31190142 -0.0013418947
vn 0.98570091 0.16850178 0.00091545191
vn -0.073146619 -0.94018686 0.33271348
vn -0.98169053 0.19048159 -0.00069002504
vn -0.98724616 0.15920125 -1.2349743e-13
vn 0.95344377 0.30126876 0.013493465
vn 0.99401748 0.10041399 0.042968594
vn -0.00088540098 0.00047178526 0.99999952
vn 0.78296292 -0.55887967 0.2731714
vn 0.5797618 -0.75733 0.30054539
vn 0.4611012 -0.84608489 0.26744348
vn -0.1839295 -0.92467588 0.33338326
vn -0.3037481 -0.89481395 0.32717744
vn -0.30305007 -0.89275765 0.33338326
vn 0.29845095 -0.8925882 0.33795464
vn 0.29661331 -0.89217854 0.3406435
vn 0.30196548 -0.89313972 0.33334416
vn 0.29845062 -0.89258724 0.33795747
vn 0.29845065 -0.89258718 0.33795753
vn 0.95703697 -0.25527534 0.13753091
vn 0.99176967 0.10463265 0.07378985
vn 0.95344263 0.30127251 0.013493049
vn -0.00089350663 0.00047555854 0.99999946
vn 0.99822998 0.059471887 1.2487143e-13
vn -0.082419977 -0.94428229 0.31865013
vn 0.44948077 -0.82559693 0.341111
vn -0.42928159 -0.87049764 0.24073052
vn -0.41794616 -0.84751159 0.32717744
vn 0.91935098 0.39335158 0.0082653873
vn 0.89259911 0.45085129 -2.48004e-07
vn 0.94900465 -0.23897408 0.20562471
vn 0.7828359 -0.55905646 0.2731736
vn 1 9.3973055e-25 1.2178635e-06
vn 1 2.5776964e-05 1.3845276e-07
vn 1 3.9808125e-05 1.2509285e-13
vn -1 -9.3973055e-25 -1.2509285e-13
vn -0.09892264 -0.95566088 0.27735636
vn -0.99999982 0.00055114494 3.0080051e-05
vn 0.087158434 -0.94775361 0.30686563
vn 0.91935098 0.39335158 0.008265323
vn 0.99177903 0.10453882 0.073796757
vn 0.93889338 0.34334454 0.024367174
vn 0.5266121 -0.83354133 0.16699874
vn 0.53408843 -0.84537518 0.0095066968
vn -0.48511693 -0.72603124 0.48738095
vn -0.55553406 -0.83141828 0.011201528
vn -0.099398695 -0.96086717 0.2585617
vn -0.058630209 -0.95872045 0.27824026
vn 0.5266248 -0.83351135 0.16710812
vn 0.53411078 -0.84536105 0.0095066847
vn -0.55553538 -0.83141738 0.011203315
vn -0.55474895 -0.83024037 0.054355662
vn 0.55495995 -0.83055568 0.046868358
vn 0.55781412 -0.82864207 0.046858482
vn 0.55550838 -0.83137643 0.014956358
vn -0.99998116 0.0061308327 0.00026301722
vn 0.087175295 -0.94793689 0.30629411
vn -1 -0.00017420373 -1.2509283e-13
vn 0.088265859 -0.96023721 0.26486525
vn 0.4494808 -0.82559699 0.34111089
vn 0.55768895 -0.82847947 0.051037561
vn 0.98741078 0.11333195 0.11034413
vn 0.94899142 -0.23902248 0.20562975
vn 0.89259911 0.45085126 -2.5837906e-07
vn -0.18847835 -0.94754452 0.25813824
vn 0.077211335 -0.96297568 0.25829485
vn 0.18848146 -0.94755697 0.25809014
vn 0.188481 -0.94755697 0.2580905
vn 0.39048356 -0.53096312 -0.75206435
vn 0.52662301 -0.83351249 0.16710812
vn -0.55474937 -0.83024001 0.054356139
vn -0.55013424 -0.82333302 0.13955311
vn 0.53328848 -0.84406316 0.056220986
vn 0.54411781 -0.76131272 0.35261711
vn 0.44947332 -0.82560217 0.3411082
vn 0.7776708 -0.54826629 0.30762357
vn 0.54789764 -0.75870287 0.35238916
vn 0.54790795 -0.75869584 0.35238832
vn 0.9195435 0.39254791 0.018599039
vn 0.89259905 0.45085141 -1.9250841e-07
vn 0.91931307 0.39299622 0.020431945
vn 0.98740923 0.11334768 0.11034165
vn 0.86540639 -0.40707371 0.29216909
vn 0.9453662 -0.23131433 0.22973107
vn 0.86540926 -0.40706867 0.29216769
vn 0.86540312 -0.40707973 0.29217035
vn -0.30305004 -0.89275771 0.33338323
vn -0.41794643 -0.84751129 0.32717785
vn -0.41698605 -0.84556383 0.33338326
vn -0.55013365 -0.82333356 0.13955233
vn -0.53923184 -0.80701786 0.24073057
vn 0.99999994 -0.00025227043 1.2509283e-13
vn -0.085883938 -0.96793294 0.23607154
vn 0.93026006 0.36591429 0.026887603
vn 0.89259875 0.45085195 -3.2315732e-08
vn -0.18847841 -0.94754446 0.2581383
vn -0.31054491 -0.91483688 0.25813827
vn 0.29135197 -0.90198481 0.31864932
vn 0.30415019 -0.91567117 0.26275268
vn 0.30889362 -0.9154014 0.25811824
vn 0.29135287 -0.90198469 0.31864896
vn 0.29135561 -0.9019931 0.31862268
vn 0.98587185 -0.16750117 1.2332552e-13
vn -0.98587185 -0.16750117 -1.2332552e-13
vn 0.98085749 -0.19472606 -0.0005308431
vn -0.096024819 -0.97303075 0.20973894
vn -0.99587971 -0.090671681 0.001484747
vn 0.091278926 -0.97073966 0.22210951
vn 0.98600948 0.043581836 0.16089121
vn 0.98512149 0.11806554 0.12488452
vn 0.98600936 0.043573685 0.16089399
vn 0.98600942 0.043580376 0.16089177
vn 0.54988658 -0.76261479 0.34065145
vn 0.98085272 -0.19475023 -0.0005311576
vn -0.096024849 -0.97303104 0.20973752
vn 0.55484313 -0.77260077 0.30860516
vn -0.99588007 -0.090668045 0.0014847923
vn 0.091278963 -0.97074008 0.22210765
vn -0.93349499 -0.35858896 -0.0010334168
vn 0.086124584 -0.97765851 0.19174556
vn -0.096027002 -0.97303021 0.2097404
vn -0.06688869 -0.98161542 0.17876528
vn -0.19194886 -0.96499163 0.17873657
vn 0.066701852 -0.98162854 0.17876321
vn 0.086126931 -0.97765768 0.19174872
vn 0.19194899 -0.96499169 0.17873611
vn 0.19194826 -0.96499175 0.17873658
vn 0.55558461 -0.77409589 0.30348197
vn 0.52881658 -0.79171383 0.30584669
vn -0.46165657 -0.54898077 -0.69677353
vn -0.4851189 -0.72602993 0.48738095
vn 0.5555737 -0.7741034 0.30348271
vn -0.53923237 -0.80701715 0.2407316
vn -0.52499372 -0.78570747 0.32717782
vn 0.47813621 -0.6238808 -0.61818975
vn 0.60828876 -0.79370254 -0.0045903311
vn -0.92456061 -0.3810153 0.0038816077
vn -0.83457166 -0.55089849 -0.001007666
vn 0.87143999 -0.41924527 0.25460899
vn 0.83457196 -0.55089873 -0.00050209899
vn 0.97213101 -0.23429461 0.0082041919
vn -0.55553633 -0.83141679 0.011202537
vn 0.9309271 0.36339781 0.036287278
vn 0.92731869 0.37292552 0.031726521
vn 0.92731947 0.37292403 0.031721901
vn 0.93087703 0.36353114 0.03623578
vn 0.93094707 0.36334458 0.036308333
vn 0.82987833 -0.55794424 0.00048640234
vn -0.079638802 -0.98205853 0.1709348
vn 0.89259398 0.45086136 1.1739743e-06
vn 0.89259893 0.45085156 1.1165774e-13
vn 0.87484384 -0.4273476 0.22808398
vn 0.78329438 -0.56439561 0.26059082
vn -0.720815 -0.69312704 -0.00080544472
vn 0.086189076 -0.98368001 0.15794
vn 0.87065542 -0.41751966 0.26007012
vn 0.95110619 -0.24438067 0.18887848
vn 0.52728373 -0.79070014 0.3110711
vn 0.52728152 -0.79069269 0.31109363
vn 0.99456239 0.024153644 0.10130254
vn 0.58893991 -0.80817682 -0.00029835443
vn -0.084349096 -0.98543358 0.14766802
vn 0.48808289 -0.83702141 0.24732623
vn -0.19194816 -0.96499187 0.17873611
vn -0.31054515 -0.9148367 0.25813848
vn -0.31626326 -0.93168181 0.17873615
vn 0.30454201 -0.93025857 0.20462939
vn 0.32159784 -0.92986691 0.17866836
vn 0.31018558 -0.91373861 0.26242459
vn 0.30454201 -0.93025851 0.2046295
vn -0.47387201 -0.88059342 -0.00077301078
vn -0.69922936 -0.71487617 0.0055129109
vn 0.086190097 -0.9836821 0.15792668
vn 0.57901889 -0.81531024 0.0025179272
vn 0.47387213 -0.8805936 -0.00029465923
vn -0.084346876 -0.98542887 0.14770103
vn -0.6992045 -0.71490043 0.0055121877
vn 0.086189963 -0.98368043 0.15793695
vn 0.57893497 -0.81536984 0.0025157065
vn -0.084347159 -0.98543227 0.14767793
vn 0.99456245 0.024160773 0.10130028
vn -0.41698647 -0.84556347 0.33338368
vn -0.4272992 -0.86647558 0.25813854
vn 0.54272628 -0.80199033 0.24951896
vn 0.78764921 -0.58114868 0.20463377
vn 0.25881991 0.96592557 3.237652e-14
vn -0.25881991 0.96592557 -3.237652e-14
vn -0.4433946 -0.89632636 0.00053760177
vn 0.08132416 -0.98648345 0.14225616
vn 0.99451679 0.015538665 0.10341638
vn 0.99463958 0.023933053 0.10059481
vn -0.065112926 -0.9912011 0.11524168
vn -0.19378991 -0.97425103 0.11524056
vn 0.059672896 -0.99154842 0.11519916
vn 0.19379003 -0.97425103 0.11524054
vn 0.19379002 -0.97425103 0.11524055
vn 0.35876745 -0.93342698 8.8950605e-05
vn -0.038856894 -0.99079406 0.12968124
vn -0.46165022 -0.54897445 -0.69678271
vn -0.64959514 -0.7407214 -0.17134154
vn -0.65930438 -0.75179267 0.011202597
vn -0.22297344 -0.97482449 -0.00017415777
vn 0.036746774 -0.99068463 0.13112469
vn -0.63045222 -0.77431595 0.054449778
vn -0.60113424 -0.7957387 0.073739938
vn -0.6591664 -0.75163472 0.023343856
vn -0.65930468 -0.75179243 0.011203345
vn 0.6589219 -0.7513572 0.035837628
vn 0.55769342 -0.82847643 0.051037576
vn 0.65884912 -0.75127423 0.038792673
vn 0.60828757 -0.79370344 -0.0045903311
vn 0.18756077 -0.98225302 -5.4424338e-05
vn -0.035051368 -0.99056137 0.13251276
vn -0.22297639 -0.97482383 -0.00017415776
vn 0.036745455 -0.99068451 0.13112567
vn 0.47813365 -0.62387937 -0.61819315
vn 0.187573 -0.98225069 -5.4424323e-05
vn -0.035035718 -0.99056029 0.13252464
vn -1.2856355e-16 -0.99999946 0.0010277451
vn 0.0013458763 -0.99999827 0.0013011463
vn -0.065168776 -0.99787408 0.00060820166
vn 0.017440319 -0.99984682 0.00146946
vn 0.070776932 -0.99748999 0.002096073
vn 0.00018223704 -0.99386823 0.11057077
vn 0.025794229 -0.98972565 0.14063336
vn 0.70710677 0.70710677 8.8453997e-14
vn -0.70710677 0.70710677 -8.8453997e-14
vn -0.02227572 -0.98935598 0.14380036
vn 0.011050113 -0.98797774 0.15420084
vn 0.0010735606 -0.99469602 0.10285289
vn -0.065051585 -0.9924913 0.10358249
vn 0.00033832557 -0.99469644 0.10285363
vn 0.065058008 -0.99258924 0.10263574
vn -0.52499384 -0.78570735 0.32717803
vn -0.52378744 -0.78390181 0.33338362
vn 0.95628649 -0.26281983 0.12822592
vn 0.74698919 -0.63210189 0.20604448
vn 0.93416613 0.35652369 0.014984157
vn 0.93423891 0.35633063 0.015037385
vn 0.99310029 0.081921838 0.083908156
vn 0.93690097 0.34955645 -0.0051777582
vn 0.043510262 -0.99522579 0.08736413
vn -0.25239187 -0.96471274 0.075018018
vn -0.36162919 -0.9305954 0.05671462
vn 0.043516353 -0.99522549 0.087364465
vn 0.44095492 -0.89161372 0.10287718
vn 0.11291508 -0.98884761 0.097111441
vn 0.44206035 -0.89389896 0.074345842
vn 0.34731394 -0.93059433 0.11561684
vn 0.39807323 -0.9116466 0.10216721
vn -0.61721617 -0.77426994 0.1398225
vn -0.63892388 -0.76022303 0.11763149
vn -0.63892376 -0.76022285 0.11763357
vn -0.36161298 -0.9306016 0.056716125
vn -0.58397371 -0.81063306 0.042996403
vn -0.70631748 -0.70771545 0.015950756
vn 0.95155352 0.30748311 1.1903254e-13
vn 0.94595474 0.32429624 0.0012402473
vn 0.54302526 -0.80461109 0.24025945
vn 0.68307054 -0.72662348 0.073708735
vn -0.065251887 -0.99554724 0.068028308
vn 0.065250605 -0.99554735 0.068028316
vn 0.065251887 -0.99554729 0.068027824
vn 0.50285727 -0.68376392 -0.52877355
vn 0.6671195 -0.74295878 0.054440718
vn 0.65627712 -0.74535418 0.11724987
vn 0.9983896 0.0013830491 0.056712143
vn 0.91849631 -0.37152976 0.135389
vn 0.6562773 -0.74535435 0.11724775
vn 0.47981086 -0.86938226 0.11813557
vn -0.25766075 -0.95630878 0.1381463
vn -0.25750515 -0.95634443 0.13818987
vn 0.10556962 -0.97732681 0.18354122
vn 0.44261074 -0.87643951 0.18960363
vn -0.77047509 -0.63744277 0.0059078946
vn -0.70623827 -0.70765883 0.021130074
vn 0.47992375 -0.85480177 0.19745162
vn 0.74797064 -0.64630204 0.15110765
vn 0.47981063 -0.8693819 0.1181394
vn 0.43429753 -0.87896109 0.19701017
vn 0.10571919 -0.9773047 0.18357283
vn 0.41153836 -0.88847637 0.20309089
vn -0.1937899 -0.97425103 0.11524054
vn -0.31626341 -0.93168169 0.17873625
vn -0.31929797 -0.94062132 0.11524055
vn 0.3414591 -0.91812664 0.20111987
vn 0.31473255 -0.9367972 0.15282162
vn 0.31740698 -0.93505126 0.15789844
vn 0.31929779 -0.94062132 0.11524069
vn 0.31929806 -0.94062126 0.11524055
vn -0.5865376 -0.80652326 0.074120373
vn -0.58645773 -0.80657846 0.074151523
vn 0.55454499 -0.8139413 0.1731457
vn -0.065250568 -0.99554735 0.068027802
vn -0.19463772 -0.97851336 0.068027802
vn 0.19463852 -0.97851318 0.068027847
vn 0.19463785 -0.9785133 0.068028107
vn -0.83674842 -0.54758751 8.0497665e-07
vn -0.63446301 -0.74736041 0.19725388
vn -0.6071068 -0.78596574 0.11695795
vn -0.61366552 -0.75184965 0.24111547
vn -0.57651144 -0.76809639 0.27867994
vn -0.63446373 -0.7473613 0.19724835
vn 0.99840677 0.0046283193 0.056235965
vn 0.95986933 0.27790046 -0.03771216
vn 0.99528778 0.075032696 0.061419372
vn 0.96592587 0.25881895 1.2083042e-13
vn -0.96592587 0.25881895 -1.2083042e-13
vn 0.67555326 -0.72800511 0.11677494
vn 0.6664812 -0.73230404 0.13976245
vn -0.42729884 -0.86647582 0.25813818
vn -0.43516672 -0.88243032 0.17873622
vn 0.64592034 -0.73768115 0.196503
vn 0.91925764 -0.38274911 0.092024721
vn 0.70939422 -0.68782157 0.15382235
vn -0.79014069 -0.61268198 0.017275505
vn -0.79009873 -0.61274987 0.016780498
vn 0.94595861 0.32428503 0.0012399928
vn 0.65942842 -0.70942587 0.24873491
vn 0.68081689 -0.73243779 0.004827321
vn -0.83674651 -0.54759037 -1.8904153e-06
vn -0.065366216 -0.99731183 0.033110868
vn 0.065367237 -0.99731177 0.033110864
vn 0.065366253 -0.99731183 0.03311114
vn 0.64592057 -0.73768139 0.19650134
vn 0.38061634 -0.90387744 0.19528647
vn -0.79429901 -0.60732114 0.015817054
vn -0.83674794 -0.54758823 -9.7107964e-08
vn 0.99641538 0.084592044 -0.00079197891
vn 0.55454493 -0.81394207 0.17314233
vn 0.99096596 -0.12965046 0.034310628
vn 0.98664182 -0.15672119 0.04445586
vn 0.98664182 -0.15672103 0.044456489
vn 0.87291175 -0.47766429 0.099307328
vn 0.092342727 -0.95723045 0.2741946
vn -0.26763764 -0.94114691 0.20642813
vn -0.26768023 -0.94113833 0.20641202
vn 0.48826122 -0.82579285 0.28225368
vn 0.48826119 -0.82579285 0.28225377
vn 0.43545488 -0.84698266 0.30495805
vn 0.092572346 -0.95719028 0.27425736
vn -0.19463852 -0.97851318 0.068028107
vn -0.065367192 -0.99731177 0.03311114
vn -0.19498348 -0.98024744 0.033111125
vn 0.19498287 -0.98024762 0.033111129
vn 0.19498348 -0.9802475 0.033110954
vn 0.99651241 -0.08344122 -0.0007781061
vn 0.99940151 0.033434425 0.0088767502
vn -0.59193969 -0.79833466 0.11076652
vn -0.59192914 -0.79834169 0.11077222
vn 0.65378672 -0.71725649 0.24105184
vn 0.6330725 -0.72170579 0.27992851
vn 0.44694719 -0.88146341 0.15251365
vn 0.39009243 -0.90948904 0.14372748
vn 0.70835495 -0.69730312 0.10955183
vn -0.31929824 -0.9406212 0.1152407
vn -0.32069516 -0.94473636 0.0680281
vn 0.32069489 -0.94473648 0.068028107
vn 0.32069495 -0.94473642 0.068028077
vn -0.62070692 -0.73199672 0.28089806
vn -0.59659666 -0.73259598 0.32768214
vn -0.58053863 -0.73925501 0.34128723
vn -0.62070662 -0.73199642 0.28089947
vn 0.27332401 -0.94897461 0.15729326
vn 0.58014953 -0.80641186 0.1145706
vn -0.5237866 -0.78390276 0.3333827
vn -0.53674054 -0.80328965 0.25813827
vn -0.065400563 -0.99782103 0.0087166615
vn 0.06539958 -0.99782109 0.0087166615
vn 0.065400615 -0.99782103 0.0087164761
vn 0.63307256 -0.72170579 0.27992842
vn 0.99940163 0.033431031 0.0088765323
vn 0.87209111 -0.48501554 0.06493862
vn 0.67234105 -0.73160505 0.11274557
vn -0.77781564 -0.62767804 0.03198649
vn -0.79429901 -0.60732108 0.015817314
vn 0.68405306 -0.68576562 0.24858992
vn -0.065399535 -0.99782109 0.0087164752
vn 0.67565608 -0.72688639 0.12298394
vn 0.68081629 -0.73243827 0.0048279073
vn -0.19498314 -0.98024756 0.033111025
vn -0.19508269 -0.98074806 0.0087164808
vn 0.19508323 -0.98074794 0.0087164808
vn 0.19508243 -0.98074812 0.008716628
vn -0.012195967 -0.99992561 -1.5256282e-15
vn 0.19437161 -0.98092794 2.4314497e-14
vn 0.63307285 -0.72170615 0.27992687
vn 0.31735829 -0.90759343 0.27487791
vn -0.71509022 -0.69602501 0.064769655
vn -0.80356175 -0.59056467 0.074309453
vn -0.43516707 -0.88243014 0.17873648
vn -0.43934256 -0.89089715 0.11524072
vn 0.27332327 -0.94897294 0.15730456
vn 0.27334103 -0.94897002 0.15729155
vn 0.45994562 -0.88046384 0.11503672
vn -0.836748 -0.54758811 -6.7987216e-08
vn -0.21823959 -0.97589523 -2.7300211e-14
vn -0.85598731 -0.50390095 0.11562682
vn 0.96592903 -0.258807 1.2083081e-13
vn -0.96592903 -0.258807 -1.2083081e-13
vn 0.96592617 -0.25881785 -2.6354772e-07
vn -0.96592617 -0.25881785 -2.6354795e-07
vn 0.58013797 -0.80641848 0.11458284
vn -0.19508336 -0.98074794 0.0087166037
vn -0.77261919 -0.62378001 0.11814437
vn -0.82854652 -0.55051965 0.10217027
vn 0.95470554 -0.29638869 0.026288018
vn 0.95452112 -0.29734612 0.021789165
vn 0.82058358 -0.56697941 0.071950451
vn 0.58013749 -0.80642021 0.11457308
vn -0.79574353 -0.60511255 0.025120249
vn -0.83674753 -0.54758883 -2.614656e-07
vn -0.3206951 -0.94473636 0.068028077
vn -0.32126349 -0.94641083 0.033111054
vn 0.32126296 -0.94641101 0.033110935
vn 0.32126328 -0.94641089 0.033110835
vn 0.98706359 -0.16032669 0.00092085486
vn -1.4642931e-24 -1 8.01341e-24
vn -0.20791125 -0.97814769 -2.6008209e-14
vn 0.20791116 -0.97814769 2.6008199e-14
vn 0.96592569 -0.25881961 1.2083039e-13
vn -0.96592569 -0.25881961 -1.2083039e-13
vn 0.65730602 -0.65895075 -0.36569482
vn 0.67565131 -0.72688538 0.12301601
vn 0.62454396 -0.70239252 0.34145209
vn 0.6357078 -0.69899213 0.32754478
vn 0.46562165 -0.81523865 0.34435797
vn 0.35562 -0.9272449 0.11726611
vn 0.66954941 -0.74011528 0.062713295
vn -0.77261949 -0.62378037 0.11814059
vn -0.79044491 -0.57995498 0.19710153
vn -0.27419537 -0.93149722 0.23901854
vn -0.28939468 -0.92810172 0.23426038
vn 0.18705252 -0.92765695 0.32320887
vn 0.083481446 -0.94366461 0.32019982
vn -0.80147713 -0.58911014 0.10287675
vn 0.93337971 -0.35753918 0.031113861
vn 0.98706394 -0.16032438 0.00092092576
vn -0.95422137 -0.28289801 0.097109772
vn -0.97255057 -0.21566866 0.087363712
vn 0.18439223 -0.92345756 0.33649015
vn 0.18437158 -0.92346263 0.33648753
vn 0.47710955 -0.81017619 0.34055987
vn 0.46562147 -0.81523836 0.34435886
vn -0.28978029 -0.92746043 0.23631448
vn -0.68947113 -0.72033316 0.075826816
vn -0.59490961 -0.79394859 0.12541221
vn -0.28981429 -0.92745221 0.23630498
vn 0.81833678 -0.57384586 0.032028176
vn -0.80353886 -0.55953503 0.20309085
vn -0.82381415 -0.5321185 0.19539733
vn 0.38405633 -0.91744334 0.10391553
vn 0.51727808 -0.85170746 0.083772562
vn -0.32126296 -0.94641101 0.033110894
vn -0.32142699 -0.94689423 0.0087165888
vn 0.32142773 -0.94689399 0.0087166289
vn 0.32142699 -0.94689423 0.0087167723
vn -0.60071152 -0.72239524 0.34247735
vn -0.59858316 -0.72817671 0.33385149
vn -0.62110364 -0.71395344 0.32326573
vn -0.60071141 -0.72239512 0.34247786
vn 0.62454361 -0.70239252 0.34145281
vn -0.94415116 -0.27366376 0.18353951
vn -0.94409817 -0.27382296 0.18357459
vn -0.69274545 -0.71524209 0.092371583
vn -0.6928314 -0.71516412 0.092330471
vn -0.69274545 -0.71524197 0.092372306
vn -0.79574376 -0.6051122 0.025121329
vn 0.91894782 -0.39436853 0.002893338
vn 0.91894794 -0.39436826 0.0028949205
vn 0.91895026 -0.39436287 0.0028928651
vn 0.70485568 -0.70754242 0.050618481
vn 0.93179196 -0.36298156 -0.0028593303
vn -0.53674066 -0.80328953 0.25813839
vn -0.54662371 -0.8180806 0.17873639
vn -0.43934205 -0.89089739 0.11524042
vn -0.44126412 -0.894795 0.068028055
vn 0.38405621 -0.9174431 0.10391797
vn 0.42501915 -0.90261924 0.068097204
vn 0.41916269 -0.90503937 0.072155103
vn -0.32142773 -0.94689399 0.0087167323
vn -0.72858918 -0.62406003 0.28232405
vn -0.97254664 -0.21568607 0.087364681
vn -0.72858948 -0.62406027 0.2823227
vn -0.83674896 -0.54758668 -1.0467131e-13
vn -0.99388391 0.081037745 0.075017527
vn -0.97925591 0.19452813 0.05671598
vn 0.92969942 -0.36831871 -0.00055533979
vn 0.92970419 -0.36830667 -0.00055526831
vn 0.39257574 -0.9197197 4.9108412e-14
vn 0.62454367 -0.70239264 0.34145245
vn 0.50569695 -0.79078633 0.34485868
vn 0.70710677 -0.70710677 8.8453997e-14
vn -0.70710677 -0.70710677 -8.8453997e-14
vn -0.83850223 -0.47042793 0.27497551
vn -0.75844985 -0.57598042 0.3049596
vn 0.90688515 -0.42132762 0.0065052873
vn 0.84439135 -0.53572655 -0.00054370798
vn -0.98652244 0.087686084 0.13814718
vn -0.98652995 0.087537803 0.13818769
vn 0.51726454 -0.85171515 0.083777249
vn -0.74336237 -0.65190703 0.14976518
vn -0.75179476 -0.659302 0.011203342
vn 0.68081391 -0.73244053 0.0048279059
vn -0.41489089 -0.90987116 -5.189988e-14
vn -0.75026715 -0.65796602 0.064652778
vn -0.75179291 -0.65930408 0.011202988
vn 0.73482531 -0.67792052 0.021342691
vn 0.73482543 -0.6779204 0.021342516
vn 0.70710665 -0.70500201 0.054519106
vn 0.73489112 -0.67798316 0.016550647
vn -0.92657828 -0.25736615 0.2742542
vn -0.9266516 -0.25716382 0.27419627
vn -0.97925168 0.19454995 0.056714054
vn -0.44126406 -0.89479506 0.068028025
vn -0.44204617 -0.89638096 0.03311092
vn 0.42554331 -0.9029007 0.060689908
vn 0.42554078 -0.90289849 0.060739778
vn 0.42505315 -0.90295011 0.063331522
vn 0.43299204 -0.89868557 0.06987223
vn 0.43298727 -0.89868826 0.069867246
vn 0.42554206 -0.90289801 0.060738754
vn 0.4397572 -0.89750594 0.033116259
vn 0.42504761 -0.90295184 0.063344687
vn -0.40673709 -0.91354525 -5.0879897e-14
vn 0.40673724 -0.91354519 5.0879917e-14
vn -0.72205681 -0.60003793 0.34436676
vn 0.19595383 -0.94057077 0.27736032
vn -0.2792567 -0.9422769 0.18474296
vn 0.093670607 -0.95662922 0.27583751
vn 0.56430089 -0.82426822 0.046328746
vn -0.71659344 -0.69748962 0.001435878
vn -0.27927148 -0.9422732 0.18473954
vn -0.76812243 -0.62256837 0.1496547
vn 0.73022622 -0.67925394 0.073373914
vn 0.70584637 -0.69441074 0.13990949
vn 0.73022699 -0.67925328 0.073372208
vn 0.73022717 -0.67925346 0.073368944
vn -0.89971995 0.43434486 0.042994868
vn -0.8196224 0.57268196 0.015952824
vn -0.63950479 -0.56082982 -0.52583605
vn -0.75179309 -0.6593039 0.011202597
vn 0.19598345 -0.9405635 0.27736402
vn 0.39257407 -0.86906868 0.30100697
vn 0.18991664 -0.93196535 0.308824
vn -0.27868769 -0.94294858 0.18215694
vn -0.26340055 -0.94650823 0.18639292
vn 0.72952771 -0.68395126 1.8702016e-05
vn 0.72936279 -0.68379658 0.021263916
vn 0.56419224 -0.82440794 0.045152072
vn 0.54261863 -0.83846182 0.050466031
vn -0.68503916 -0.72643065 0.054952849
vn 0.50747931 -0.79350936 0.33586854
vn 0.61786652 -0.72540253 0.30336803
vn 0.6178543 -0.72541231 0.30336946
vn -0.68503696 -0.72643274 0.054953653
vn -0.89611769 0.4375836 0.074119121
vn -0.89615971 0.4374921 0.074151412
vn -0.54662383 -0.81808048 0.17873649
vn -0.55186874 -0.82593006 0.11524044
vn 0.68569678 -0.7275843 0.021001704
vn 0.8049981 -0.59327722 0.00048480014
vn 0.62427223 -0.70316201 0.34036356
vn 0.62772197 -0.70305514 0.33418354
vn -0.72205633 -0.60003746 0.34436864
vn 0.70236516 -0.71152049 0.020537691
vn -0.76155627 0.64807183 0.0059094992
vn -0.81953657 0.57263726 0.021127675
vn -0.44204667 -0.89638072 0.033111081
vn -0.44227239 -0.89683843 0.0087167053
vn 0.48312378 -0.87432092 0.04641442
vn 0.48312217 -0.87432188 0.04641388
vn 0.48313728 -0.87431324 0.046419296
vn 0.49022654 -0.8702172 0.048989154
vn 0.49683502 -0.86631429 0.05152224
vn 0.44208646 -0.89646077 0.030293221
vn 0.44227186 -0.89683867 0.0087167611
vn 0.44227266 -0.89683831 0.0087166009
vn -0.97332376 0.10013581 0.20643085
vn -0.97332221 0.10019826 0.20640768
vn -0.68119299 -0.73113865 0.037580989
vn -0.507967 -0.85662061 0.090391725
vn -0.67900783 -0.7335673 0.028763389
vn -0.58754462 -0.80643541 0.066733159
vn 0.67524505 -0.73723024 0.023145165
vn 0.6856969 -0.72758412 0.021003107
vn 0.63521016 -0.7717644 0.029795656
vn 0.25881991 -0.96592557 3.237652e-14
vn -0.25881991 -0.96592557 -3.237652e-14
vn -0.44227213 -0.89683855 0.008716655
vn -0.68456918 0.72894794 1.046575e-07
vn -0.74206692 -0.67032576 -9.2827262e-14
vn -0.75765449 -0.65265375 0.0016491682
vn 0.71635479 -0.66883361 0.19873963
vn 0.69056296 -0.68183702 0.24129036
vn 0.71635824 -0.66883057 0.19873746
vn 0.71635383 -0.66883272 0.19874589
vn 0.70158017 -0.69929606 0.13700482
vn 0.71635634 -0.66882759 0.19875413
vn -0.60872853 -0.74478281 0.27340108
vn -0.62966764 -0.73267168 0.25828451
vn -0.6087268 -0.74478036 0.27341154
vn -0.60872602 -0.74477971 0.27341515
vn 0.80500382 -0.59326947 0.00048498428
vn 0.63229263 -0.7057842 0.31949133
vn 0.64919865 -0.7080515 0.27785641
vn 0.63282669 -0.71227109 0.30364501
vn -0.71511579 -0.61042923 0.34056655
vn -0.69095713 -0.63532859 0.34487072
vn -0.91483033 -0.24605922 0.32021916
vn -0.87742102 -0.34191957 0.33648673
vn -0.87741059 -0.34194326 0.33648989
vn -0.74058867 0.67173654 0.017275246
vn -0.74064785 0.67168373 0.016783256
vn -0.24733788 -0.96217233 0.11422965
vn -0.14092137 -0.97834969 0.1515687
vn 0.11116923 -0.97414875 0.19666119
vn 0.54261792 -0.83846265 0.050459765
vn 0.52242219 -0.85181302 0.038595919
vn 0.50652122 -0.82288253 0.25748909
vn 0.39551702 -0.87210673 0.2880905
vn 0.17187233 -0.9613207 0.21522655
vn -0.6845727 0.7289446 -3.703891e-06
vn -0.88899297 0.44432312 0.11076295
vn -0.88899869 0.44431007 0.11076935
vn -0.50017834 -0.86412638 0.055742756
vn -0.49670398 -0.86600286 0.05765539
vn 0.52852428 -0.84807426 0.037843842
vn 0.63363087 -0.77346319 0.016329655
vn -0.73602569 0.67676878 0.015818685
vn -0.68456829 0.72894871 4.7311315e-07
vn -0.58546424 -0.8086822 0.057137508
vn -0.70045942 -0.71309918 -0.029088132
vn 0.67413944 -0.73857576 0.0064724698
vn 0.70893621 -0.70525759 -0.0045986907
vn 0.67518675 -0.73730016 0.022613287
vn 0.59087044 -0.80644232 0.022868002
vn 0.63814098 -0.7197268 0.27344006
vn 0.63205487 -0.7129603 0.303635
vn -0.55186892 -0.82593 0.11524052
vn -0.55428326 -0.82954341 0.068028048
vn 0.63205516 -0.71296072 0.30363348
vn 0.1200345 -0.98925024 0.083520368
vn 0.70970148 -0.70450252 -9.2373222e-05
vn -0.75765729 -0.65265054 0.0016492584
vn 0.52874053 -0.84797525 0.037032939
vn 0.52874827 -0.8479684 0.037079707
vn -0.9649601 0.10826903 0.23901859
vn -0.96425474 0.12383298 0.23426102
vn -0.88108128 -0.34530061 0.32320783
vn 0.6236189 -0.78164268 0.011584845
vn 0.51179606 -0.85856378 0.030545726
vn 0.59379983 -0.8046025 0.0040740403
vn 0.50000107 -0.86602479 -9.0242727e-05
vn -0.69693196 -0.64094311 0.32167968
vn 0.6972304 -0.64579976 0.31114697
vn 0.69720244 -0.64582068 0.31116611
vn 0.67175269 -0.66426688 0.32786861
vn 0.70195162 -0.65020561 0.29068291
vn 0.69786817 -0.67051601 0.25177041
vn 0.51183748 -0.85837823 0.034774326
vn 0.51724094 -0.85517055 0.033839554
vn 0.58947933 -0.80765373 0.014475244
vn -0.58893484 -0.80818003 -0.00091083365
vn 0.63950843 -0.76878405 5.999719e-05
vn 0.62361968 -0.78164196 0.011589742
vn 0.56092739 -0.82762128 0.020088129
vn 0.88071454 -0.47364745 9.4510915e-06
vn 0.83632076 -0.51146513 0.19741072
vn 0.88047737 -0.47352675 0.023065753
vn -0.7532109 0.65700096 0.031986546
vn -0.73602581 0.67676866 0.015817916
vn 0.5117777 -0.85857445 0.030553296
vn 0.87766635 -0.4787696 0.021940855
vn 0.87609005 -0.48159724 0.023028648
vn 0.55577362 -0.83120656 0.014537247
vn 0.53655475 -0.84364277 0.019387459
vn 0.87609005 -0.48159724 0.023028575
vn 0.8872115 -0.45507437 0.075915061
vn 0.62616265 -0.73194921 0.26864606
vn 0.640459 -0.72718745 0.24700341
vn 0.40772873 -0.88636756 0.21933956
vn -0.12600899 -0.98861915 0.082181834
vn -0.025082486 -0.99351156 0.11093062
vn 0.1868256 -0.97151351 0.14580037
vn 0.51703739 -0.85532624 0.033004995
vn -0.36848512 -0.92843741 0.047145288
vn -0.54201543 -0.84030837 0.010052588
vn -0.42599478 -0.90472519 -0.00089190225
vn -0.40476149 -0.91393244 0.029926488
vn -0.36848515 -0.92843741 0.047145348
vn -0.88291907 -0.34705937 0.31623369
vn -0.40309569 -0.87243992 0.27633762
vn -0.40318722 -0.87239194 0.27635553
vn 0.5061205 -0.86183363 0.032936804
vn 0.51530784 -0.85646945 0.030297715
vn 0.55932397 -0.82883918 0.013502054
vn 0.57082522 -0.82103217 0.0080463095
vn 0.55577397 -0.83120626 0.014539009
vn 0.53996128 -0.84147745 0.018908864
vn 0.407729 -0.88636774 0.21933846
vn 0.40770665 -0.88637704 0.21934222
vn 0.53856915 -0.81801629 0.2019719
vn 0.23969106 -0.95756149 0.16007543
vn 0.85607994 -0.51125079 0.075827643
vn 0.8597905 -0.50634426 0.066150017
vn 0.53655136 -0.84364486 0.019390192
vn 0.8560797 -0.51125062 0.07583081
vn 0.87080395 -0.47351068 0.13224255
vn 0.51410902 -0.85730529 0.026824033
vn 0.50716579 -0.86124247 0.032315776
vn 0.53775418 -0.84300083 0.013040416
vn -0.68456924 0.72894782 1.2089717e-07
vn 0.52656472 -0.84995168 0.017655922
vn 0.54877502 -0.83596808 0.0018454466
vn 0.52520728 -0.85077596 0.018373989
vn -0.54201657 -0.84030765 0.010052674
vn 0.53764129 -0.84313965 0.00757621
vn 0.50717282 -0.86123794 0.0323263
vn 0.5030421 -0.86369866 0.031196866
vn -0.61341089 -0.75980407 0.21546413
vn -0.61341512 -0.75979745 0.21547565
vn -0.64798743 -0.74037933 0.17874765
vn -0.61341304 -0.75980324 0.21546121
vn -0.61341101 -0.75980419 0.21546346
vn -0.48017281 0.87496549 -0.062205311
vn 0.52155852 -0.85312414 0.012484306
vn 0.50510877 -0.86263984 0.02678741
vn 0.49962112 -0.86557359 0.034075379
vn -0.89225042 -0.35630035 0.27737927
vn -0.76194286 -0.57176989 0.30417478
vn 0.52472329 -0.85115516 0.01415673
vn 0.53646415 -0.84392285 -0.0006597538
vn -0.5542835 -0.82954323 0.068028145
vn -0.5552659 -0.8310135 0.033111092
vn 0.5376448 -0.84313738 0.0075783674
vn 0.63932365 -0.73741841 0.21789756
vn 0.63314271 -0.73378074 0.24636593
vn 0.5147348 -0.85730028 0.0091813598
vn 0.5213533 -0.85333961 0.0014934137
vn -0.73409218 0.67858517 0.025116969
vn -0.68456942 0.7289477 6.7596616e-08
vn 0.5352816 -0.84289426 -0.054798141
vn 0.50624281 -0.86223841 0.016221004
vn -0.96368927 0.12433792 0.23631135
vn -0.88265091 0.45030427 0.13473448
vn -0.82911527 0.55391139 0.075829282
vn -0.82911557 0.55391085 0.075829543
vn -0.96368843 0.12435188 0.23630756
vn -0.89224869 -0.35630426 0.27737981
vn 0.49937326 -0.86556625 0.037701432
vn 0.50599808 -0.8625204 0.004951498
vn 0.5074386 -0.8616879 -0.00012184354
vn 0.48981458 -0.87123197 0.032195311
vn 0.48982057 -0.87122852 0.032197833
vn 0.46356049 -0.88587272 0.018470207
vn 0.38070753 -0.92469549 -0.00025616999
vn 0.46356156 -0.88587219 0.018471098
vn 0.46355969 -0.88587278 0.018490301
vn 0.46666801 -0.88440186 0.0073682545
vn 0.48756546 -0.87308639 0.00031111966
vn 0.46665269 -0.88440984 0.0073780948
vn 0.49661005 -0.86795753 0.0053085932
vn 0.50145555 -0.86503392 0.016082814
vn 0.40253493 -0.90882742 -0.10953702
vn 0.49192375 -0.87035656 0.022146737
vn 0.49417317 -0.8689605 0.026467845
vn 0.49993077 -0.86566383 0.026370518
vn 0.49932203 -0.86559284 0.037770271
vn 0.49948958 -0.86549938 0.037696656
vn 0.49993199 -0.86528116 0.036831032
vn 0.49989709 -0.86531407 0.036530633
vn 0.50080019 -0.86503124 0.030333748
vn 0.55531555 -0.83108872 0.030268893
vn 0.49640182 -0.86643523 0.053620894
vn 0.50361121 -0.86243302 0.050843507
vn 0.97233194 -0.12470525 -0.19753271
vn 0.98330909 -0.18194288 2.3497721e-06
vn 0.8633064 -0.46434397 0.19770361
vn 0.97232527 -0.12465334 -0.19759834
vn 0.40583286 -0.9079178 -0.10480899
vn -0.20649883 -0.97804725 0.027961131
vn -0.37442631 -0.92725563 0.001391776
vn 0.88050294 -0.47354108 0.021757621
vn 0.47787106 -0.87832165 0.013796302
vn 0.51007324 -0.85876745 0.048412181
vn 0.50122535 -0.86448908 0.037838608
vn 0.47400901 -0.8802914 0.020063749
vn 0.44835126 -0.89385241 -0.0029997409
vn -0.014668145 -0.99820226 0.058112729
vn 0.079260796 -0.99362111 0.080217257
vn 0.25037014 -0.96232605 0.10603459
vn -0.20045295 -0.97925806 0.029534258
vn -0.20649898 -0.97804719 0.027961891
vn 0.82607299 -0.53269339 0.18395977
vn 0.84911722 -0.51288456 0.12629099
vn 0.4823246 -0.87563896 0.024887459
vn 0.48746553 -0.87266713 0.028799932
vn 0.50111556 -0.86456424 0.037574623
vn 0.62459034 -0.75129038 0.21318923
vn 0.61968058 -0.74558431 0.24515302
vn 0.4535422 -0.89109337 0.01587737
vn 0.45354941 -0.89108998 0.015859341
vn 0.82607436 -0.53269517 0.1839485
vn 0.51670301 -0.85492522 0.046052963
vn 0.49318454 -0.86927056 0.033729903
vn -0.37442949 -0.92725432 0.0013918803
vn 0.99166924 -0.12711716 0.020817628
vn 0.44063962 -0.89757109 0.014242927
vn 0.47152245 -0.88148302 0.025578069
vn 0.48028469 -0.876607 0.02977868
vn 0.62048149 -0.75505614 0.21187945
vn 0.63749152 -0.74702668 0.18856212
vn 0.41213611 -0.89777362 0.15539087
vn 0.55316383 -0.81866211 0.15427926
vn 0.41214341 -0.89777052 0.15538935
vn 0.41213617 -0.89777368 0.15539046
vn 0.29661223 -0.94780403 0.1169986
vn 0.49318647 -0.86926961 0.033725716
vn 0.50366557 -0.86300111 0.039371554
vn 0.57428044 -0.81501657 0.077136166
vn 0.55433989 -0.8316316 0.033108514
vn 0.44107258 -0.89738268 0.012623051
vn 0.99166429 -0.12715545 0.020817582
vn 0.9995665 -0.0044485852 0.029104743
vn 0.99387741 -0.086383902 0.068887815
vn 0.9983865 -0.0040154574 0.056642011
vn 0.57388669 -0.81893474 7.1789112e-14
vn -0.77042782 -0.58391225 0.25590518
vn 0.38170734 -0.9242416 0.0087759905
vn 0.45599347 -0.8895669 0.027216202
vn 0.46978208 -0.88221222 0.031724058
vn 0.40029633 -0.91619432 0.018729083
vn 0.82607794 -0.53268814 0.18395261
vn 0.97550875 -0.18480235 0.11929274
vn 0.9924103 -0.085309133 0.088567011
vn 0.50030428 -0.86487979 0.040970031
vn 0.50048918 -0.86480296 0.040329438
vn 0.40029672 -0.9161942 0.018727023
vn -0.55526549 -0.8310138 0.03311095
vn -0.55554903 -0.83143812 0.0087166559
vn 0.55554879 -0.83143824 0.008716587
vn 0.55554903 -0.83143812 0.0087165395
vn 0.56888044 -0.82014984 0.06106795
vn 0.56888032 -0.82014996 0.0610677
vn 0.48668224 -0.87279236 0.037066452
vn -0.97644788 0.1113944 0.1847724
vn -0.92569715 -0.25878248 0.27589208
vn 0.36327356 -0.93150574 0.018148484
vn 0.34319517 -0.93920708 0.010352346
vn 0.26940268 -0.9630276 -0.00025776986
vn -0.083043925 -0.99652362 0.0066588162
vn -0.083043538 -0.99652368 0.0066566835
vn 0.26034212 -0.96418858 0.050619323
vn -0.096672907 -0.99530631 0.0044386224
vn -0.08304926 -0.9965232 0.0066570244
vn 0.087813072 -0.99562192 0.032029413
vn 0.6332792 -0.75552845 0.16773243
vn 0.62464738 -0.75821579 0.18688084
vn 0.10595657 -0.99437028 0.00097078021
vn 0.26942718 -0.96302074 -0.00025786183
vn 0.041758377 -0.99912733 -0.00087708415
vn -0.087598428 -0.9961372 0.0061003347
vn 0.10596342 -0.99436957 0.00097064796
vn -0.14451016 -0.98950291 -0.0008953634
vn 0.43224531 -0.90123105 0.030766265
vn 0.45416293 -0.89019084 0.036004052
vn -0.14452685 -0.98950046 -0.00089526642
vn 0.30616152 -0.94991201 0.062707968
vn 0.34319571 -0.9392069 0.010348932
vn 0.52031952 -0.85252517 0.04968344
vn 0.48670578 -0.87277895 0.037072908
vn 0.4866859 -0.87279111 0.037047587
vn -0.82473576 0.55791581 0.092416704
vn -0.82466495 0.55802846 0.092368707
vn -0.734092 0.67858535 0.025117692
vn 0.56888056 -0.82015109 0.061049972
vn 0.5688799 -0.8201502 0.061067447
vn 0.21339242 -0.97687614 0.013290139
vn 0.24693936 -0.96886545 0.017908931
vn 0.26484495 -0.96404517 0.021772768
vn 0.62185067 -0.76558161 0.16488346
vn 0.61663681 -0.76914686 0.16784562
vn 0.4734869 -0.86518884 0.16510117
vn -0.55554843 -0.83143848 0.0087165385
vn 0.21339256 -0.97687614 0.013289265
vn 0.3914791 -0.91935438 0.039136853
vn 0.42961696 -0.90181965 0.046374861
vn 0.67601186 -0.6535145 0.34048021
vn 0.67601264 -0.65351325 0.34048101
vn 0.67601299 -0.65351361 0.3404797
vn 0.80833453 -0.55823261 0.18700702
vn 0.80889088 -0.56004649 0.17900701
vn 0.42424095 -0.89949197 0.10456505
vn 0.4242419 -0.89949214 0.10455942
vn 0.80140173 -0.58465868 0.12621219
vn 0.56213504 -0.82065803 0.10258944
vn 0.42423579 -0.89949501 0.10455953
vn 0.38560608 -0.9194932 0.076421604
vn 0.58045554 -0.8115474 0.066799574
vn 0.57042783 -0.81950974 0.054917496
vn 0.43895987 -0.89768368 0.038447492
vn -0.97644728 0.11140259 0.18477055
vn -0.51007968 -0.41342461 -0.75425386
vn 0.98331118 -0.18193163 1.2300519e-13
vn 0.81622767 -0.53332698 0.22211431
vn 0.84113789 -0.50057977 0.20471182
vn 0.97171789 0.23614484 1.2155495e-13
vn 0.97495246 0.2005412 0.096181743
vn 0.97167194 0.23613091 0.0097916368
vn 0.96499848 -0.2159398 0.14882167
vn 0.9688158 -0.22157988 0.11089767
vn 0.56440938 -0.82262599 0.068764277
vn 0.43895963 -0.89768374 0.038448878
vn 0.661358 -0.73654121 0.14181899
vn 0.57807451 -0.81316507 0.067767411
vn 0.57650477 -0.81442475 0.065989181
vn 0.58446604 -0.80748117 0.07983464
vn 0.58448726 -0.8074615 0.07987842
vn -0.59368968 -0.80469412 -7.4266324e-14
vn -0.80741185 -0.58640814 0.064896792
vn 0.66135788 -0.73654103 0.14182076
vn 0.66135448 -0.73654473 0.14181711
vn -0.68456823 0.72894883 2.3424715e-07
vn -0.74914449 -0.6115827 0.25445861
vn -0.939906 -0.27905065 0.19674215
vn -0.91672903 -0.33653876 0.2152894
vn 0.35852957 -0.93210137 0.051415473
vn 0.35852987 -0.93210137 0.051413704
vn -0.58778536 -0.80901694 -7.3527739e-14
vn 0.58778512 -0.80901706 7.3527718e-14
vn 0.57618785 -0.81456864 0.066973396
vn 0.58925527 -0.80291957 0.089991093
vn 0.61116493 -0.7859385 0.09369126
vn 0.59265727 -0.80089915 0.085545182
vn 0.58526814 -0.80762607 0.072120458
vn 0.61116493 -0.78593856 0.093690999
vn 0.54728782 -0.82897866 0.1151973
vn 0.94053197 -0.31253576 0.1331204
vn 0.93678689 -0.30223984 0.17629914
vn -0.63054061 -0.75935805 0.16060473
vn -0.63054103 -0.75935811 0.16060296
vn -0.63054091 -0.75935793 0.16060406
vn -0.65474451 -0.74735492 0.11300562
vn -0.65121001 -0.75009125 0.11527642
vn 0.61798251 -0.77660537 0.12239996
vn 0.61798155 -0.77660418 0.12241235
vn 0.61798251 -0.77660352 0.12241177
vn 0.68852246 -0.71607435 0.11477942
vn -0.97701854 0.11072207 0.18214132
vn -0.97788197 0.094787374 0.18644625
vn 0.96832043 0.23597756 0.081670739
vn 0.97051603 0.23452947 0.055628635
vn 0.93604916 0.35173741 0.0096284812
vn 0.93475807 0.35237324 0.045392524
vn 0.96194053 0.23373368 0.14155905
vn 0.97155195 0.23610383 0.018486714
vn 0.96597141 0.24195641 0.091413282
vn 0.96699893 0.24113032 0.082275249
vn -0.834346 0.54849291 0.054975707
vn 0.67136586 -0.67782336 0.29970548
vn 0.74225551 -0.61607087 0.26365396
vn 0.84090972 -0.50855982 0.18503433
vn 0.99188286 0.11120573 0.061657824
vn 0.98787737 0.11725134 0.10173679
vn -0.8343457 0.54849339 0.054975554
vn -0.76295447 -0.61676008 0.19366848
vn 0.9619422 0.23372681 0.14155905
vn 0.97155297 0.23609971 0.018486856
vn -0.76295519 -0.61676198 0.19365957
vn 0.79895252 0.59563541 0.083026029
vn 0.74105215 0.64433932 -0.18886134
vn -0.99051696 0.076250404 0.11428897
vn -0.9879421 -0.031325217 0.15162188
vn 0.84031647 -0.51621968 0.16548559
vn 0.99607217 -0.050863579 0.072478302
vn 0.9951669 -0.047684398 0.085843161
vn 0.98053735 -0.15484942 0.12069879
vn 0.75461775 0.65616024 0.0024086782
vn 0.82385564 0.56665641 0.012740751
vn 0.8980757 0.43723914 0.047769461
vn 0.89834195 0.43704507 0.044422541
vn 0.89385104 -0.41754928 0.16334888
vn 0.84103757 -0.49357119 0.22145712
vn 0.82311666 0.56698769 0.031684838
vn -0.83845311 0.54367173 0.037648454
vn -0.93185782 0.35137406 0.090427928
vn -0.84471554 0.53516418 0.0074128117
vn -0.98616683 0.07047309 0.15002845
vn 0.54483855 -0.80233502 0.24374048
vn 0.77918166 -0.60491902 0.16416113
vn 0.73495352 -0.63918215 0.22647186
vn 0.54482424 -0.80234134 0.24375185
vn 0.56120807 -0.78868514 0.25104028
vn 0.5448119 -0.80235195 0.24374455
vn 0.54482335 -0.80234122 0.24375413
vn 0.55854434 -0.78877985 0.25662145
vn 0.54898626 -0.78778732 0.27929419
vn 0.54898471 -0.78778917 0.27929199
vn 0.54690665 -0.78958786 0.27828795
vn 0.54715556 -0.78958684 0.27780104
vn 0.89738733 -0.39501348 0.19662222
vn 0.89751178 -0.39476332 0.19655676
vn 0.97888732 -0.20440066 6.2622334e-05
vn 0.87146866 -0.4876577 0.052272115
vn -0.7672798 -0.61164337 0.19280571
vn -0.7643404 -0.61492258 0.19404635
vn 0.49201214 -0.83341044 0.25169632
vn 0.52005303 -0.81628311 0.25144929
vn 0.55110079 -0.79962993 0.2384951
vn -0.92416984 -0.35303423 0.14586601
vn -0.90125597 -0.40261286 0.1601266
vn 0.55110013 -0.79962993 0.23849662
vn 0.55110025 -0.79962999 0.23849608
vn 0.85919726 0.50956255 0.046109643
vn 0.86089617 0.50795341 0.02900116
vn 0.8971771 0.43849981 0.05283111
vn 0.78509283 0.61889809 0.024380801
vn 0.78455496 0.61928368 0.031003632
vn 0.8975988 0.43802747 0.049480598
vn 0.49266419 -0.84710294 0.19924501
vn 0.5363254 -0.8235057 0.18491483
vn 0.5363276 -0.82350564 0.18490855
vn 0.53633177 -0.823502 0.18491258
vn 0.74554288 0.64827782 0.15460151
vn 0.75462323 0.65615392 0.0024086989
vn 0.75461614 0.65616208 0.0024089855
vn 0.66346377 0.74815673 0.0087946253
vn 0.6631704 0.74829221 0.016241498
vn -0.82361037 0.56715518 -0.00098288606
vn -0.81745553 0.57599169 1.8509446e-07
vn -0.65134108 -0.75024015 0.1135541
vn -0.65853256 -0.7494716 0.06802386
vn 0.4987621 -0.8636871 0.072669983
vn 0.4987694 -0.86368269 0.072672643
vn 0.49876222 -0.86368722 0.072668076
vn 0.47287753 -0.86843067 0.14904688
vn 0.53343564 -0.83370584 0.14276196
vn 0.97167426 0.22797665 0.062256087
vn 0.97704417 0.21303691 1.2222123e-13
vn 0.7538473 -0.64970458 0.097970545
vn 0.63109881 -0.74404776 0.2193335
vn 0.53343534 -0.83370584 0.14276299
vn 0.52195919 -0.84656024 0.1043763
vn 0.45931759 -0.88153058 0.1092298
vn 0.52191722 -0.84658557 0.10438036
vn 0.5219174 -0.84658557 0.10437956
vn 0.4494909 -0.88975239 0.079363629
vn 0.50219309 -0.86165667 0.073142961
vn 0.50219363 -0.86165667 0.073139459
vn 0.5021947 -0.86165583 0.073141523
vn 0.41713777 -0.90676409 0.061440744
vn 0.47762606 -0.87638837 0.061779682
vn 0.46129385 -0.88558602 0.054271605
vn 0.74553585 0.64828593 0.15460151
vn 0.45752484 -0.88504475 0.085830003
vn 0.87125766 -0.48802865 0.052326713
vn 0.47274372 0.88119996 5.9136859e-14
vn 0.43213201 0.88800812 -0.15717368
vn 0.43216455 0.88800073 -0.15712562
vn 0.81707078 -0.57291418 0.064534292
vn 0.85569102 -0.51748711 1.0704082e-13
vn -0.93774492 0.3426573 0.056748826
vn 0.97891891 -0.2042492 1.2245576e-13
vn 0.74784511 0.66387326 9.3550073e-14
vn 0.7454921 0.66609621 0.023607526
vn 0.43756279 0.89918524 0.002166687
vn 0.65972412 -0.74257857 0.11550418
vn 0.79117024 -0.61159599 9.8969735e-14
vn 0.63570571 0.77193147 7.9522238e-14
vn 0.6343829 0.77285391 0.015974093
vn 0.63110387 -0.74404061 0.21934335
vn 0.47006229 -0.86733884 0.16359954
vn 0.46008506 -0.88357681 0.087256826
vn 0.46424815 0.88570517 5.8074117e-14
vn 0.43753186 0.89920032 0.0021665946
vn 0.47007653 -0.86732179 0.1636489
vn 0.19693099 -0.97602963 0.092651986
vn 0.32864931 -0.94333583 0.045903537
vn 0.19685818 -0.97604746 0.092618451
vn 0.44894463 -0.89355958 -3.1295681e-07
vn 0.71985364 -0.6463033 0.25318536
vn 0.18910453 -0.9770847 0.097698145
vn 0.20654231 -0.97302145 0.10280838
vn 0.20809354 -0.97301918 0.099652961
vn 0.19064659 -0.97708178 0.094684184
vn 0.15927525 -0.98496771 0.066857956
vn 0.19166073 -0.97681361 0.095400907
vn 0.16940707 -0.98311263 0.069215611
vn 0.16940704 -0.98311263 0.0692157
vn 0.15984599 -0.98497915 0.065309294
vn 0.19122782 -0.97959399 0.061866559
vn 0.14248848 -0.98905122 0.038401235
vn 0.14333124 -0.98904383 0.035334054
vn 0.13300318 -0.99081618 0.024360491
vn 0.16201741 -0.98643601 0.026351685
vn 0.17618974 -0.98321027 0.047483888
vn 0.16201743 -0.98643601 0.026351536
vn 0.19046271 -0.97710598 0.094804637
vn 0.44894582 -0.89355898 5.6159911e-14
vn 0.46073443 -0.88553369 0.059613951
vn 0.15915111 -0.98702949 0.021064224
vn 0.16959496 -0.98525935 0.022395594
vn 0.1334139 -0.99082285 0.021699395
vn 0.11252906 -0.98288351 0.14586708
vn 0.45389172 -0.7643826 -0.45793185
vn 0.15209725 -0.98496759 0.081886053
vn 0.15186681 -0.98497331 0.082244016
vn 0.15924567 -0.98706579 0.018490033
vn -0.99546683 -0.047796279 0.082227081
vn -0.98274159 -0.14800179 0.11097022
vn -0.97949696 0.18498315 0.079793006
vn -0.99197382 0.059167005 0.11174593
vn 1 9.3973055e-25 1.2509285e-13
vn 2.8740936e-14 -0.97324806 -0.22975685
vn 0.69831121 0.58719176 0.40934986
vn 0.7048884 0.59197801 0.39076126
vn 0.69660217 0.70433223 0.13660729
vn 0.69522572 0.70863605 0.12040005
vn 0.70040536 0.70040286 0.13736144
vn 0.70205957 0.70205706 -0.11928225
vn 0.69660264 0.70433003 -0.13661623
vn 0.69660193 0.70433247 -0.13660724
vn 0.70488781 0.59197849 -0.39076158
vn 0.69831061 0.58719224 -0.40935022
vn 0.69660228 0.70433176 0.13660918
vn 0.70352578 0.5829857 0.40642235
vn 0.69660282 0.70432997 -0.13661569
vn 0.69660228 0.70433176 -0.13660918
vn 0.70488811 0.59197825 -0.39076144
vn 0.69831115 0.58719218 -0.40934938
vn -2.440501e-14 -0.9807843 0.19509517
vn 1 -5.814476e-08 4.9294846e-07
vn 0.34768149 -0.93453103 0.075956382
vn -2.0467187e-14 -0.98652411 0.16361599
vn 0.0038754842 -0.96470809 0.26329309
vn -0.00013441918 -0.98423821 0.17684773
vn -0.7169289 -0.47903877 0.50649261
vn -0.83141625 -0.55553716 0.011202538
vn 0.6154142 -0.78628504 0.054965105
vn 0.45251423 -0.87784928 0.15688057
vn 0.45296162 -0.87414235 0.17521673
vn 0.15107329 -0.97043592 0.18823126
vn 0.17312118 -0.91697264 0.35943037
vn 0.15106729 -0.97044045 0.18821269
vn -0.82972187 -0.55440247 0.064803414
vn -0.83141738 -0.55553538 0.011204537
vn -6.9498403e-14 -0.83146667 0.5555746
vn 8.0153888e-14 -0.76774526 -0.64075518
vn -0.76727992 -0.61164373 0.19280414
vn -0.00012968517 -0.85601467 0.5169515
vn -0.0013356053 -0.84037018 0.54201126
vn 0.024837552 -0.51224095 0.8584826
vn 0.00028913727 -0.8469249 0.53171247
vn -0.056227259 -0.95484281 0.29174262
vn 0.3669557 -0.92803442 0.063996732
vn 0.11474771 -0.9061749 0.40703809
vn 0.25903317 -0.88507843 0.38670138
vn -0.80338567 -0.5812974 0.12909222
vn -0.74527419 -0.64999443 0.14857212
vn 0.61539871 -0.78629726 0.054963987
vn 0.48530817 -0.84632677 0.21956098
vn 0.59176159 -0.80269903 0.074111089
vn 0.43733332 -0.81207055 0.38636896
vn 0.70195556 0.59440035 0.39236027
vn 0.69831079 0.58719349 0.4093481
vn -0.82361144 0.56715357 -0.00098296721
vn -0.65783578 -0.75011754 0.06764444
vn -0.65898448 -0.75142741 0.033110954
vn 0.63488883 -0.7704792 0.057253327
vn 0.63488954 -0.77047855 0.057253804
vn 0.6691184 -0.73729759 0.09312804
vn 0.65751463 -0.7497521 0.074473582
vn 0.65898412 -0.75142771 0.033111062
vn 0.65898442 -0.75142747 0.033110954
vn -0.80899727 -0.58755934 0.017245194
vn -0.0012486906 -0.00090690027 0.99999881
vn -0.0014479834 -0.0010456962 0.99999839
vn 0.00025818762 0.00013844456 0.99999994
vn 0.00027696669 0.00014919412 0.99999994
vn -1.0401062e-13 -0.55557352 0.83146745
vn 0.54429299 -0.81119281 0.21380204
vn -0.27062327 -0.59509343 0.75672108
vn 0.20915487 -0.8231948 0.52783006
vn 0.28644225 -0.85853416 0.42528808
vn 0.22462378 -0.80107677 0.55481541
vn -0.90409374 -0.41395727 0.10608459
vn -0.88176966 -0.45692885 0.11703958
vn 0.16881035 -0.72761601 0.66488945
vn -0.94935626 0.31363049 -0.018935636
vn -0.97856212 0.18667087 0.08700648
vn -0.97856206 0.18666479 0.08702068
vn -0.992226 -0.087110832 0.088877916
vn -0.006567752 -0.5340572 0.8454228
vn -0.0014654319 -0.46759832 0.88393986
vn -0.0014655472 -0.4676035 0.88393712
vn 0.16881485 -0.72761607 0.66488826
vn -1.2268921e-13 -0.19509058 0.98078525
vn 0.69614315 0.34019125 0.63218248
vn 0.69614404 0.34019274 0.63218063
vn 0.69614279 0.34019139 -0.63218272
vn 0.69614357 0.34019148 0.63218182
vn 0.69614321 0.34019083 0.6321826
vn 0.69614369 0.3401902 -0.63218242
vn -0.65898442 -0.75142747 0.033110935
vn -0.65932089 -0.75181115 0.0087165469
vn 0.65932083 -0.75181121 0.0087165469
vn 0.65932089 -0.75181115 0.0087165255
vn 0.16881801 -0.72761357 0.66489023
vn -0.65932047 -0.7518115 0.0087164436
vn -0.98555297 -0.1590741 0.058144674
vn -0.9647221 -0.25074315 0.080244504
vn 0.14135312 -0.52896339 0.83678973
vn 0.31047818 -0.72837299 0.61079955
vn -0.82359731 0.56717414 -0.00098289421
vn -0.80338728 -0.58129567 0.12909009
vn -0.97897482 0.2039789 -0.0009307299
vn -0.8712014 0.49056765 0.018749578
vn 0.49901456 -0.75498074 0.42542744
vn 0.44371739 -0.75553143 0.48196179
vn 0.2792834 -0.62530416 0.72869438
vn 0.544294 -0.81119198 0.21380264
vn 0.60996622 -0.77432495 0.16841039
vn -0.80338722 -0.58129501 0.12909335
vn -1.232242e-13 -0.17220034 0.98506194
vn 0.0048682387 -0.09154284 0.99578923
vn 0.0048680161 -0.091549665 0.99578863
vn -0.0066069611 -0.45869642 0.88856846
vn -0.0066070319 -0.45870817 0.88856244
vn -0.98197246 0.18902403 1.3100558e-07
vn 0.061146848 -0.57126427 0.81848532
vn 0.22178006 -0.42952964 0.87539583
vn -0.041686025 -0.39632642 0.91716284
vn 0.69614327 0.34019017 -0.6321829
vn 0.69614309 0.34019172 -0.63218224
vn -0.99418378 -0.09609887 0.048617668
vn 0.96592557 0.25881991 1.2083037e-13
vn -0.96592557 0.25881991 -1.2083037e-13
vn 0.62172353 -0.73343223 0.27484003
vn -0.678388 -0.72656351 0.10906501
vn -0.64790249 -0.75339472 0.11233324
vn -0.88218737 -0.46669924 0.062747501
vn -0.83848631 -0.53953451 0.076441385
vn 0.10313452 -0.29192165 0.95086539
vn 0.13915856 -0.25772658 0.95614427
vn -0.012164325 -0.056383431 0.99833506
vn 0.23931576 0.97094178 2.9936689e-14
vn 1.4642931e-24 1 -8.01341e-24
vn -0.23931564 0.97094184 -2.9936675e-14
vn 0.12275609 -0.27354619 0.95399338
vn 0.38775313 -0.52335322 0.75878119
vn 0.69614363 6.5418736e-25 0.71790254
vn 0.69614363 6.5418657e-25 -0.71790254
vn -0.97751546 -0.2031232 0.056608178
vn -0.98197365 0.18901777 -9.219422e-08
vn 0.024272237 -0.020809043 0.99948877
vn -0.9652074 -0.25951371 0.032052249
vn 0.13589877 -0.28146046 0.94990081
vn 0.22353868 -0.19774859 0.95442444
vn 0.10729181 -0.094913557 0.98968679
vn 0.50074852 -0.70684594 0.4996196
vn 0.40401796 -0.58299714 0.70489985
vn 0.13589899 -0.28146085 0.94990063
vn 0.61366504 -0.74107081 0.27245051
vn 0.60797352 -0.73639894 0.29679093
vn 0.4837535 -0.51193225 0.70986474
vn 0.67536449 -0.7351371 0.05878986
vn 0.61423111 -0.73112112 0.29695463
vn -0.97751546 -0.20312287 0.056609947
vn -0.90430534 -0.42387304 0.050631423
vn -0.996023 -0.088898636 0.005932264
vn -0.99850643 0.051992368 -0.016783986
vn 0.2235397 -0.1977497 0.95442396
vn 0.73050189 -0.68291068 9.1380557e-14
vn 0.52820271 -0.46726191 0.70899093
vn 0.22353689 -0.19774631 0.95442528
vn 0.69614393 -0.34019279 0.63218075
vn 0.69614267 -0.34019044 -0.63218343
vn 0.69614393 -0.34019256 -0.63218087
vn 0.6961441 -0.34019125 0.63218135
vn 0.69614381 -0.34019136 -0.63218158
vn 0.69614404 -0.34019172 -0.63218117
vn -0.98197186 0.18902728 -1.2283765e-13
vn 0.52820361 -0.46726131 0.70899069
vn 0.52819955 -0.46725851 0.70899558
vn -0.63073909 -0.7671566 0.11678614
vn -0.59424579 -0.31745374 -0.73898244
vn -0.71693009 -0.47903699 0.50649261
vn -0.83141762 -0.55553502 0.011204164
vn 0.69614398 -0.34019253 0.63218081
vn 0.69614369 -0.34019226 0.63218129
vn -0.87135684 -0.4863176 0.065057151
vn -0.63076639 -0.76713526 0.11677844
vn -0.74694145 -0.66488981 -9.3437031e-14
vn 0.71690947 -0.63419551 0.28954589
vn 0.7249648 -0.63577765 0.26497704
vn 0.6712051 -0.67884666 0.29774302
vn -0.74314451 -0.66913092 -9.2962062e-14
vn 0.74314451 -0.66913092 9.2962062e-14
vn 0.67123514 -0.67882657 0.29772115
vn -0.98214817 -0.18810904 -1.228597e-13
vn -0.99320173 -0.11636604 0.0030464262
vn 0.96592528 -0.25882101 1.2083035e-13
vn -0.96592528 -0.25882101 -1.2083035e-13
vn 0.00022549919 0.0011306575 0.99999934
vn 0.00022398359 0.0011205155 0.99999934
vn -0.00025993498 -0.0030674029 0.99999529
vn -0.00026117358 -0.0030797787 0.99999523
vn -0.73969591 -0.66965902 0.06638322
vn -0.81138688 -0.5824573 0.04893681
vn 0.70214689 -0.71008784 0.052583326
vn 0.69614375 -0.59914213 0.39549029
vn 0.69614446 -0.5991416 -0.3954899
vn 0.69614345 -0.59914106 -0.39549243
vn 0.69614464 -0.59914142 0.39548981
vn 0.69614404 -0.59914017 0.39549285
vn 0.69614476 -0.5991413 -0.39548972
vn 0.69614398 -0.59914094 -0.39549169
vn 0.46472329 0.88545597 5.8133558e-14
vn -0.46472368 0.88545579 -5.8133606e-14
vn -0.73969859 -0.6696561 0.066383347
vn -0.81138694 -0.58245718 0.048937615
vn 0.75080377 -0.65843785 0.05247188
vn 0.066734388 -0.99656403 0.049057055
vn -0.092798233 -0.99286681 0.07485982
vn -0.38547042 -0.91858685 0.087239608
vn 0.066733748 -0.99656409 0.049057115
vn -0.75817806 -0.64934629 0.059290845
vn -0.83732986 -0.54529375 0.039158989
vn -0.81347448 -0.57974786 0.046386082
vn 0.4622767 -0.8866331 0.01349094
vn 0.27149212 -0.96148092 0.042970069
vn -0.38548937 -0.9185788 0.087240711
vn -0.72331786 -0.68805397 0.058249447
vn -0.72332001 -0.68805206 0.058245525
vn -0.72372872 -0.68774581 0.056766212
vn -0.72372639 -0.68774581 0.056796368
vn -0.72372764 -0.687747 0.056766015
vn -0.74013811 -0.67163765 0.033142924
vn 0.75080389 -0.65843767 0.052472256
vn 0.75142741 -0.65898448 0.033110954
vn 0.75142717 -0.65898472 0.033111047
vn 0.70205981 -0.70205683 0.11928222
vn 0.69614476 -0.59913999 0.39549175
vn 0.70205909 -0.70205754 -0.11928234
vn 0.70205951 -0.70205742 -0.11928056
vn 0.70205963 -0.702057 0.11928225
vn 0.69614458 -0.5991419 0.39548919
vn 0.7020604 -0.70205623 -0.11928211
vn 0.70205986 -0.70205641 -0.11928406
vn 0.70206028 -0.70205611 0.11928375
vn 0.70205766 -0.70205343 -0.11931483
vn 0.70206022 -0.70205605 0.11928424
vn 0.46226123 -0.88664114 0.013492778
vn -0.87545192 -0.48243207 0.029038986
vn -0.90313375 -0.42903921 0.016578291
vn -0.44436976 -0.89062732 0.096532248
vn -0.72245932 -0.68368077 0.10311678
vn 0.54701763 -0.8370803 0.008265499
vn 0.5989998 -0.80074918 -3.3090009e-07
vn -0.71396244 -0.69257259 0.10296074
vn -0.72267026 -0.68394578 0.099829152
vn -0.085057974 -0.98683935 0.13752529
vn -0.085211262 -0.98682535 0.13753095
vn 0.2752564 -0.95853472 0.073791176
vn -0.9539603 -0.29993254 -0.00045926523
vn -0.9121272 -0.40969694 0.013128155
vn -0.43360555 -0.88238537 0.18270823
vn -0.43374181 -0.88231915 0.18270467
vn -0.91212726 -0.40969685 0.013128938
vn -0.7513743 -0.65893769 0.035181947
vn -0.76533759 -0.6423744 0.040168215
vn -0.76526093 -0.64246744 0.040140908
vn -0.76396877 -0.64403117 0.039693497
vn -0.76259482 -0.6456849 0.039244726
vn -0.7625891 -0.64569175 0.03924292
vn -0.76257521 -0.64570844 0.039238986
vn -0.75181121 -0.65932077 0.0087164436
vn 0.75181127 -0.65932077 0.0087165367
vn 0.75181085 -0.65932119 0.0087166401
vn 0.54701781 -0.83708018 0.0082668271
vn 0.27516946 -0.95855916 0.073797785
vn 0.50116777 -0.86500698 0.024367491
vn -0.75181162 -0.65932035 0.0087165479
vn -0.95396227 -0.29992625 -0.00045918618
vn -0.75491673 -0.63034147 0.18102586
vn -0.75491548 -0.63034052 0.18103446
vn -0.70001477 -0.70717591 0.099406049
vn -0.69468129 -0.69028205 0.20230825
vn 0.59900111 -0.80074817 7.9487222e-07
vn -0.83619666 -0.53919387 0.10022518
vn -0.87694287 -0.47749963 0.05445455
vn -0.77760071 -0.62744558 0.040609617
vn -0.75969577 -0.64858764 0.046865501
vn -0.83619672 -0.53919393 0.10022441
vn -0.81243861 -0.58223379 0.030778708
vn -0.7977289 -0.60193902 0.036027722
vn 0.54624683 -0.83741766 0.018601766
vn 0.59899718 -0.80075115 -1.3085892e-06
vn 0.28307042 -0.95273036 0.11034512
vn -0.070594892 -0.97608054 0.20562869
vn -0.070552282 -0.97608453 0.2056244
vn -0.41463795 -0.86801547 0.27317491
vn -0.41443241 -0.86811435 0.27317262
vn -0.88064063 -0.47369507 0.0092239864
vn -0.8623414 -0.50568575 0.025479576
vn -0.86234105 -0.50568676 0.025473129
vn -0.82603407 -0.53381497 0.18085702
vn -0.87751764 -0.45873675 0.13972597
vn 0.54664856 -0.83711272 0.020435806
vn 0.28307524 -0.95272899 0.11034433
vn -0.82604414 -0.53380257 0.18084781
vn -0.79897988 -0.60014778 0.038128521
vn -0.86369944 -0.50399625 0.0033283413
vn -0.81191415 -0.58377671 -0.00044006712
vn -0.79896343 -0.60016906 0.038138334
vn -0.7530992 -0.60093945 0.26779351
vn -0.75309938 -0.60093957 0.26779273
vn -0.61415052 -0.76939785 0.17563061
vn -0.64521152 -0.70240396 0.30055076
vn -0.75310582 -0.60093284 0.26778975
vn 0.52189553 -0.85258555 0.0268871
vn 0.59900111 -0.80074817 2.1780462e-08
vn -0.77757847 -0.62747061 0.040648341
vn -0.82604396 -0.53380245 0.18084888
vn -0.77757525 -0.62747657 0.040618081
vn -0.82837343 -0.55998415 0.014670497
vn -0.82781017 -0.56081229 0.014828723
vn -0.75841904 -0.65036851 0.042677268
vn -0.7967968 -0.60363287 0.027243212
vn -0.78717303 -0.61591464 0.031744793
vn -0.77376914 -0.63253009 0.034453295
vn -0.8244741 -0.56565356 0.01668979
vn -0.82780987 -0.56081283 0.014825935
vn -0.81521046 -0.51389188 0.26710868
vn -0.85337067 -0.46218276 0.24113397
vn -0.82837391 -0.55998355 0.014667499
vn -0.77358758 -0.63281471 0.033283919
vn -0.76276404 -0.64544743 0.039857775
vn -0.78615433 -0.61749941 0.02560805
vn -0.77981853 -0.62529516 0.029816948
vn -0.81520939 -0.51389295 0.2671099
vn 0.2141324 -0.96346289 0.16089295
vn 0.2873247 -0.94965637 0.12488902
vn -0.063633434 -0.97117192 0.22972997
vn 0.21411929 -0.96346521 0.16089644
vn 0.21414781 -0.96346051 0.16088687
vn -0.89585626 -0.4417876 0.04759435
vn -0.89681637 -0.44226107 0.011204104
vn -0.81716919 -0.57633042 0.0088184513
vn -0.81616932 -0.57780498 0.0030030264
vn -0.89681643 -0.44226092 0.011204416
vn -0.89554685 -0.44163483 0.054355234
vn 8.4167768e-05 -0.99985504 0.017026063
vn 8.4154555e-05 -0.99985504 0.017026063
vn -0.00045300761 -0.51467186 -0.85738713
vn -0.00044192997 -0.51467234 -0.85738683
vn -0.00044874233 -0.51467144 -0.85738736
vn -0.25060284 -0.92294991 0.29216719
vn -0.25063217 -0.92293954 0.29217479
vn -0.25060406 -0.92294914 0.29216856
vn -0.40490848 -0.8610552 0.30762491
vn -0.80780727 -0.5894466 -0.00029372127
vn -0.80754149 -0.58976465 0.0073759798
vn -0.80753964 -0.58976769 0.0073360815
vn -0.79190439 -0.6104604 0.01501978
vn -0.76357037 -0.6445896 0.038269438
vn 0.51953149 -0.85368043 0.036287192
vn 0.52830142 -0.84846359 0.031735167
vn 0.52829605 -0.84846765 0.031716783
vn 0.51987046 -0.8534801 0.036144491
vn 0.51944345 -0.85373235 0.036325041
vn -0.76357365 -0.64458489 0.038283654
vn -0.76352465 -0.64464051 0.03832335
vn -0.77851647 -0.62712818 0.02494666
vn -0.77468222 -0.63169116 0.028874315
vn -0.81521034 -0.51389354 0.26710585
vn -0.79408044 -0.60768759 0.012332495
vn -0.79190427 -0.61046058 0.015019255
vn -0.89554685 -0.44163483 0.05435523
vn -0.88809651 -0.43796074 0.13955273
vn 0.59903485 -0.80072296 4.8228972e-06
vn 0.00053223083 -0.48518327 0.8744123
vn 0.00052677875 -0.48518288 0.87441254
vn 0.0005329483 -0.48518315 0.87441236
vn 0.00052571 -0.48518226 0.87441289
vn 0.59899867 -0.80075002 7.4930452e-14
vn -0.79028314 -0.6127311 -0.0036200115
vn -0.79266018 -0.60948753 0.014654436
vn -0.76526552 -0.64267135 0.036636997
vn -0.76417977 -0.64381945 0.039061397
vn -0.77165794 -0.63564754 0.022276305
vn -0.77004975 -0.63744503 0.026213737
vn -0.79483825 -0.50236201 0.34038886
vn -0.82471359 -0.46088016 0.32777584
vn -0.73458266 -0.58646119 0.34124997
vn -0.65407765 -0.66925514 0.35253367
vn -0.73457617 -0.58646935 0.34125003
vn -0.73458356 -0.5864619 0.3412469
vn -0.65205139 -0.67130476 0.35239029
vn -0.65202469 -0.67133206 0.35238773
vn -0.86460423 -0.38497397 -0.32288471
vn -0.7834866 -0.62135863 0.0078876279
vn -0.7835176 -0.6213187 0.0079554003
vn -0.7773031 -0.6291163 -0.0035404987
vn -0.78103596 -0.62439626 0.010591099
vn -0.76489061 -0.6430316 0.038115129
vn -0.76551318 -0.64241648 0.035926059
vn -0.78100806 -0.62443233 0.010520136
vn -0.76572639 -0.64262813 0.026310129
vn -0.77246803 -0.63504642 0.003031695
vn -0.78147578 -0.62381768 -0.012125508
vn -0.76681238 -0.64176619 0.011617601
vn -0.70488071 -0.70932573 0.00046013846
vn -0.70498413 -0.70922303 -0.00011575352
vn -0.72144163 -0.69245082 0.0058218399
vn -0.72097254 -0.69277465 0.01618224
vn -0.76762539 -0.6408965 0.0017108882
vn -0.76763111 -0.64088994 0.0016167379
vn -0.75491267 -0.65571648 0.01194544
vn -0.76050133 -0.64917654 0.014408858
vn 0.77823895 0.62489194 -0.062082447
vn -0.76170444 -0.64738095 0.026537593
vn -0.76578313 -0.64205658 0.036599852
vn -0.76546603 -0.64235026 0.038050894
vn -0.76494884 -0.64326143 0.032679908
vn -0.75771391 -0.65257311 -0.0042338702
vn -0.74066287 -0.67025119 -0.046710309
vn -0.75882876 -0.65129012 -0.00019865629
vn -0.73305798 -0.680152 0.0043881806
vn -0.73527968 -0.67746204 0.020222077
vn -0.76460105 -0.64365959 0.03297751
vn -0.74698776 -0.6648376 0.00043993976
vn -0.7356863 -0.67727071 0.0083680851
vn -0.73568881 -0.67726797 0.0083738361
vn -0.75440377 -0.65632796 0.010420744
vn -0.88809663 -0.43796036 0.13955311
vn -0.87049741 -0.42928138 0.24073169
vn -0.75257784 -0.65827453 0.017354745
vn -0.73670137 -0.67621511 -0.0020493942
vn -0.74252677 -0.6696524 0.014822248
vn -0.73234928 -0.68089914 0.0063977158
vn 0.10831471 -0.092860296 0.98977011
vn 0.016584191 -0.010851352 0.9998036
vn 0.24973929 -0.16340916 0.95442533
vn -0.76259279 -0.64602238 0.033276077
vn -0.75860912 -0.65089381 0.029145507
vn -0.75252819 -0.65820503 0.021620665
vn -0.75967866 -0.64958519 0.03045289
vn -0.75861454 -0.65088797 0.029135428
vn -0.73686808 -0.67591 0.013081983
vn -0.76260602 -0.64600682 0.033274252
vn -0.73234814 -0.68090028 0.0064012725
vn -0.79484278 -0.50235713 0.3403855
vn -0.69918567 -0.71493006 0.0037959523
vn -0.73498994 -0.67781359 0.018933717
vn -0.72497553 -0.68855703 0.01731075
vn -0.75289166 -0.65747082 0.029769719
vn -0.75956255 -0.64950413 0.034772534
vn -0.71909505 -0.69478065 0.013497335
vn -0.72497725 -0.68855542 0.017301854
vn -0.75774807 -0.65167159 0.033794295
vn -0.25998688 -0.92993903 0.26003885
vn 0.19648303 -0.97525883 0.10131435
vn 0.66312265 0.74851078 8.2951895e-14
vn -0.66312236 0.74851102 -8.2951861e-14
vn 0.19651102 -0.97525412 0.10130534
vn -0.68847018 -0.72517014 0.011706756
vn -0.71761727 -0.69614804 0.020082289
vn -0.075757764 -0.97906464 0.18892635
vn -0.26896682 -0.93575299 0.22808598
vn 0.19627942 -0.97537452 0.10059318
vn 0.18786526 -0.97673082 0.10345797
vn -0.75729954 -0.65210038 0.035532262
vn -0.75261277 -0.6577307 0.031052787
vn -0.69303143 -0.72076195 0.014478201
vn -0.26151451 -0.93099207 0.25468391
vn -0.4201889 -0.86920047 0.26063728
vn -0.66002285 -0.7512455 -0.00011600618
vn -0.67838132 -0.7346952 0.004660279
vn -0.57263798 -0.81980836 3.1352287e-05
vn -0.54725492 -0.83696592 0.00031432859
vn -0.38825762 -0.92154402 0.0035592192
vn -0.38825729 -0.92154413 0.0035592283
vn -0.21302249 -0.97697127 0.012189526
vn -0.44182631 -0.89710057 -0.0003494657
vn 0.51355106 -0.85792917 0.014926749
vn 0.51310796 -0.85819197 0.015059659
vn 0.50693822 -0.86196685 -0.005177896
vn 0.25315529 -0.96378052 0.083901435
vn -0.75773346 -0.65168846 0.033795387
vn -0.82817847 -0.55832738 0.04889724
vn -0.67838305 -0.73469371 0.0046496284
vn 0.59011418 -0.38612252 0.70899552
vn 0.24973865 -0.16340858 0.95442563
vn -0.87049741 -0.42928147 0.24073157
vn -0.84751147 -0.4179461 0.32717782
vn -0.61307949 -0.78999007 0.0070140399
vn -0.65394449 -0.75635058 0.01704178
vn -0.79484177 -0.50235653 0.34038869
vn -0.69159669 -0.72192168 0.0228722
vn -0.66589248 -0.68154341 0.30345631
vn -0.79202163 -0.60827494 0.051993746
vn -0.76886976 -0.6385451 0.033157572
vn -0.7383123 -0.67362714 0.033487156
vn 0.44363528 -0.89620739 5.5495596e-14
vn 0.4768858 -0.87895989 0.0030797864
vn -0.73830611 -0.67363214 0.033523779
vn -0.73829883 -0.67364204 0.033484641
vn -0.75081825 -0.65931511 0.039693106
vn -0.65173793 -0.75826818 0.016341276
vn -0.66586542 -0.68157089 0.30345407
vn -0.68793768 -0.6581918 0.30581912
vn -0.66452062 -0.68057364 0.3085967
vn -0.65564495 -0.67403179 0.34030986
vn -0.65394443 -0.75635058 0.017042065
vn -0.79202634 -0.6082654 0.052033342
vn -0.79202771 -0.60826665 0.051997874
vn -0.43748692 -0.89922076 -0.0026941488
vn -0.64979082 -0.7595284 0.029806564
vn 0.5901159 -0.38612428 0.70899314
vn 0.80926543 -0.52951807 0.25436193
vn 0.7921477 -0.52929616 0.30388749
vn 0.79215926 -0.52927905 0.3038871
vn 0.17459553 -0.98300356 0.05674861
vn -0.20660183 -0.9690057 0.13543849
vn -0.093013525 -0.98736572 0.12828623
vn 0.81877494 -0.48937318 0.30020249
vn -0.71218956 -0.70055479 0.044821933
vn -0.71248245 -0.70025134 0.044909161
vn -0.75694972 -0.65226465 0.039722856
vn -0.7124818 -0.7002517 0.044913504
vn -0.57882851 -0.81519026 0.020552235
vn 0.83033621 -0.55478686 0.052472185
vn -0.57065725 -0.82074302 0.027041424
vn 0.24675077 -0.96713108 0.06141258
vn 0.43638453 -0.89905566 -0.035601731
vn 0.076993711 -0.99451089 0.070852533
vn -0.82727355 -0.55800611 0.065174557
vn -0.83034557 -0.55481821 0.051990431
vn -0.43592227 -0.8763935 0.20471011
vn -0.49310198 -0.84520316 0.20611168
vn -0.8310141 -0.55526495 0.033111267
vn 0.83032417 -0.55480498 0.052471384
vn 0.83101368 -0.55526567 0.033111092
vn 0.83101392 -0.55526525 0.03311095
vn 0.83032423 -0.55480486 0.052471202
vn 0.47687355 -0.87896651 0.0030793438
vn -2.783584e-14 -0.97492778 0.22252145
vn -2.5157576e-07 -0.97492772 0.22252165
vn 2.7835812e-14 -0.97492784 -0.22252122
vn 8.343325e-08 -0.97492784 -0.22252116
vn -1.2687688e-06 -0.97492772 -0.22252165
vn 0.62032485 -0.76467973 0.17453359
vn 0.710078 -0.70400196 0.013057808
vn 0.71007818 -0.70400214 0.01303427
vn 0.67686534 -0.72101504 -0.14829245
vn 0.64573169 -0.74442017 -0.16990928
vn 0.0048584263 -0.9936983 0.11198241
vn 0.0021816336 -0.99347568 0.11402356
vn 0.0021822811 -0.99377048 -0.11142481
vn -0.034834642 -0.99869382 -0.037378784
vn 0.70370418 -0.70999593 -0.026575573
vn 0.7100929 -0.70398736 0.013033938
vn 0.71009266 -0.70398712 0.013057508
vn 0.67367268 -0.73420846 0.084279463
vn -0.82487446 -0.56056738 0.073118791
vn -0.034835342 -0.9986847 -0.03762199
vn 0.70378715 -0.70990735 -0.026743304
vn -0.037165679 -0.98293859 -0.18013993
vn 0.75239164 -0.6452111 -0.13270073
vn 0.76483661 -0.63366538 -0.11615993
vn -0.57065719 -0.82074302 0.027041603
vn 0.019377943 -0.99358654 -0.11140122
vn -0.79782784 -0.49612197 0.34254014
vn -0.82487631 -0.56056511 0.073114701
vn -0.82436317 -0.46770293 0.31887197
vn -0.78413039 -0.52344024 0.33339143
vn 0.26617634 -0.96392375 -0.0010560104
vn 0.0048788046 -0.99369651 0.11199752
vn 0.004858064 -0.99349123 0.11380477
vn 0.76794398 -0.6222322 0.15195099
vn 0.76776212 -0.63657212 0.072919562
vn 0.0053567141 -0.99346179 0.11403953
vn 0.76776969 -0.63654387 0.073085777
vn -0.57447827 -0.81695217 0.050634354
vn -0.13520931 -0.99075669 -0.010935952
vn 0.035114616 -0.98301178 -0.18015203
vn 0.76483661 -0.63366604 -0.11615646
vn 0.0059563154 -0.94428653 -0.32907066
vn -0.061382007 -0.91975611 -0.3876608
vn -0.003293168 -0.94376236 0.33060822
vn -0.00093955058 -0.94450128 0.32850647
vn 0.78986359 -0.59577525 0.14548984
vn 0.72060382 -0.65484434 0.22783542
vn 0.19801192 -0.98012251 0.01229224
vn 0.03215206 -0.99948245 -0.001026511
vn 0.029220173 -0.9985922 0.044270322
vn -0.68723935 -0.65643501 0.31111923
vn -0.69532871 -0.67399484 0.24949725
vn -0.7398206 -0.62570906 0.24729271
vn -0.68724406 -0.65643734 0.31110388
vn 0.060756288 -0.99766332 0.031249387
vn 0.029219817 -0.99859226 0.044268936
vn -0.31899557 -0.94253516 0.099344149
vn -0.21751937 -0.97170389 0.092070267
vn 0.19800738 -0.98012346 0.0122919
vn -0.74927527 -0.65691954 0.083924733
vn -0.74927115 -0.65692437 0.083922818
vn -0.85128355 -0.51144016 0.11724019
vn -0.71218759 -0.70055586 0.044836562
vn -0.61280578 -0.78773814 0.062750578
vn -0.42316723 -0.9054845 0.032051504
vn 0.77467525 -0.61939412 -0.12739365
vn 0.67756099 -0.67769223 -0.2857348
vn 0.64602906 -0.74766338 -0.15377234
vn 0.61203432 -0.77100337 -0.17597666
vn -1.1406722e-06 -0.97492784 0.22252116
vn 0.63652867 -0.75191605 0.17162012
vn 0.63627809 -0.74943751 0.18301259
vn -0.83101314 -0.55526644 0.033110771
vn -0.83143747 -0.55554998 0.0087165395
vn 0.83143812 -0.55554897 0.0087166429
vn 0.83143824 -0.55554879 0.0087166037
vn -0.30994716 -0.95042032 0.025179455
vn -0.11813011 -0.99299806 -0.00036772649
vn -0.30997872 -0.95040983 0.025186775
vn -0.84751147 -0.41794649 0.32717744
vn -0.84556395 -0.41698611 0.33338287
vn 0.048777074 -0.9988004 0.0043041394
vn 0.048773147 -0.99880064 0.0043039885
vn -0.1181303 -0.99299806 -0.00036772905
vn -0.30997875 -0.95040983 0.025186718
vn -0.50691712 -0.84863579 0.15116996
vn -0.55444837 -0.81786841 0.15387742
vn -0.096731119 -0.99494117 0.027113175
vn -0.096731283 -0.99494117 0.027112409
vn -0.83143783 -0.55554944 0.008716655
vn -0.074962854 -0.99702072 0.018172411
vn -0.41601419 -0.90650499 0.071978532
vn -0.32637832 -0.94300359 0.064971969
vn -0.0043954747 -0.94449258 0.32850325
vn 0.72060382 -0.65484411 0.22783612
vn 0.0098402165 -0.92144275 -0.38838956
vn 0.67258787 -0.72485226 -0.14904599
vn 0.66458005 -0.68852043 -0.29029813
vn 0.06392628 -0.94237429 -0.32839623
vn 0.0098402007 -0.92144728 -0.38837877
vn 0.66458017 -0.6885224 -0.29029322
vn -0.83618402 -0.54312491 0.076234236
vn -0.8328495 -0.5492999 0.068053573
vn -0.56396753 -0.8184914 0.10960151
vn -0.60393918 -0.78900969 0.11278833
vn 0.85568362 -0.51749933 1.070399e-13
vn 2.7836271e-14 -0.97492701 -0.22252488
vn 0.63166833 -0.64569515 -0.42903718
vn 0.62729019 -0.7592591 -0.17329918
vn -2.7836169e-14 -0.97492719 0.22252408
vn 0.65941614 -0.73292893 0.16728874
vn 0.66045606 -0.72942895 0.17813267
vn -0.82435662 -0.46769905 0.31889457
vn -0.75885248 -0.62058645 0.19752318
vn -0.78695375 -0.58716363 0.18958566
vn -0.69788396 -0.674752 0.24014102
vn -0.84364873 -0.52639717 0.10565426
vn -0.82436043 -0.46770537 0.31887555
vn 0.005455778 -0.85060549 0.52577615
vn 0.0087988116 -0.84636486 0.53253084
vn 0.7174086 -0.59251648 0.36640021
vn 0.67818761 -0.71390951 0.17434095
vn -0.0068076211 -0.84729701 -0.53107578
vn -0.059939194 -0.81125528 -0.58161169
vn -7.1646599e-07 -0.78183138 -0.62348998
vn -7.9128978e-07 -0.78183132 -0.62348998
vn 7.7994055e-14 -0.78183186 -0.62348932
vn 0.75893104 -0.54239434 -0.36032212
vn 0.68718731 -0.56798542 -0.45295271
vn -1.1862912e-06 -0.78183109 0.62349033
vn -7.7994055e-14 -0.78183186 0.62348932
vn 0.73230582 -0.53240865 0.42458123
vn 0.66671103 -0.72404349 0.1767977
vn -0.81612873 -0.51672989 0.25869694
vn -0.8170644 -0.51536304 0.25846988
vn -0.84364885 -0.52639723 0.10565305
vn -0.70499444 -0.68780619 0.17293203
vn -0.70499456 -0.68780625 0.17293143
vn -0.79444826 -0.58767289 0.15327282
vn -0.69439983 -0.71037525 0.11478621
vn -0.69439811 -0.7103771 0.11478528
vn -0.69439834 -0.71037704 0.11478407
vn 0.78918457 -0.51156181 -0.33984146
vn 0.0054557766 -0.85060495 0.52577704
vn 0.0015983843 -0.84640205 0.53254205
vn 0.77929854 -0.50919509 -0.36525896
vn 0.75669199 -0.5560357 0.34386268
vn 0.73796195 -0.55524606 0.3835544
vn 0.66519004 -0.61434603 0.42438331
vn -0.81613141 -0.51672685 0.25869462
vn -0.79744345 -0.5876447 0.13695851
vn -0.84902716 -0.48830557 0.20176862
vn -0.8012867 -0.56648487 0.19244364
vn -0.85279018 -0.49058056 0.17910783
vn -0.85329092 -0.49955648 0.1494589
vn -0.85248202 -0.50984401 0.11547089
vn -0.8532905 -0.49955624 0.14946188
vn -0.80128866 -0.56648237 0.1924427
vn 0.036270056 -0.81217438 -0.5822863
vn 0.77965003 -0.52160633 -0.34651497
vn 0.74814183 -0.53917783 -0.3867442
vn -0.0039863065 -0.85061383 0.52577585
vn 0.75669193 -0.5560379 0.34385923
vn 4.3820016e-14 0.93663758 -0.35029995
vn -6.2225564e-15 0.99876201 0.049743507
vn -0.86805069 -0.49647561 -1.0858693e-13
vn -0.86602539 -0.49999997 -1.0833358e-13
vn 0.86602563 -0.49999964 1.083336e-13
vn 0.68963444 -0.60318655 -0.40071219
vn 0.54827511 -0.653844 -0.52142346
vn -9.4290237e-07 -0.78183091 0.62349051
vn 0.66305673 -0.58525449 0.46672574
vn -5.6987984e-14 0.89020228 0.45556551
vn -0.84556407 -0.41698563 0.33338326
vn -0.86647624 -0.42729837 0.25813773
vn 0.007547955 -0.70651668 0.70765615
vn -0.025015337 -0.74204755 0.66988033
vn 0.82332826 -0.42118102 0.38044336
vn -3.237656e-14 0.96592551 0.25882024
vn 3.237656e-14 0.96592551 -0.25882024
vn -2.7835918e-14 0.97492766 0.22252208
vn -0.016261613 -0.70759946 -0.70642662
vn 0.71372193 -0.57629782 0.39809778
vn 0.54284072 -0.69099921 0.47733015
vn -0.015514456 -0.8126235 -0.58258241
vn 0.74814284 -0.53917909 -0.38674051
vn -0.037219327 -0.70720518 -0.70602804
vn -0.030584805 -0.72274715 -0.69043547
vn 0.72873902 -0.49505344 -0.47314006
vn -0.036471892 -0.72262758 -0.69027472
vn 0.72411829 -0.5744608 -0.38163787
vn 0.7060411 -0.51197916 -0.48926818
vn 7.7993899e-14 -0.78183287 -0.62348807
vn 1.1119371e-07 -0.78183293 -0.62348801
vn 3.4727751e-07 -0.78183335 0.62348747
vn 0.013668349 -0.70763367 -0.70644724
vn -0.060658067 -0.64552349 -0.7613278
vn -0.026813157 -0.70628744 0.70741719
vn -0.03491047 -0.74182582 0.66968328
vn 0.71754676 -0.51690626 0.46683466
vn -6.5695014e-07 0.72074044 -0.69320506
vn 8.6715032e-14 0.72074014 -0.69320536
vn -0.86647636 -0.42729789 0.25813812
vn -0.88243073 -0.4351657 0.17873681
vn -0.034910418 -0.74183494 0.6696732
vn 0.69440049 -0.59205657 0.40899509
vn 0.70006883 -0.52995378 0.47859442
vn -7.7994096e-14 0.78183156 0.62348968
vn 0.70778131 -0.39479151 -0.5858202
vn 0.79672867 -0.39078584 -0.46098796
vn 0.064996794 -0.70504808 0.70617467
vn -0.052908789 -0.62981933 0.77493757
vn 0.72046769 -0.3838627 0.57756013
vn 0.79172683 -0.38521749 0.47410557
vn 0.55025971 -0.46663758 -0.69243312
vn 0.85663342 -0.40336758 -0.32167339
vn -7.7993771e-14 -0.78183365 0.62348711
vn 0.5482735 -0.65384674 0.52142167
vn -3.2376418e-14 -0.96592581 0.25881913
vn 3.2376418e-14 -0.96592581 -0.25881913
vn -3.2376425e-14 -0.96592581 0.25881916
vn 3.2376425e-14 -0.96592581 -0.25881916
vn -8.8453997e-14 0.70710677 0.70710677
vn 8.8454031e-14 0.70710653 -0.70710701
vn 8.8454018e-14 0.70710665 -0.70710695
vn 0.78505599 -0.3428655 0.5158782
vn -9.7694856e-14 0.62455755 0.78097874
vn -9.7694984e-14 0.6245563 0.78097981
vn -7.1961068e-07 0.62455595 0.78098005
vn 0.045741946 -0.70695406 -0.70577872
vn 0.013621661 -0.64665413 -0.7626617
vn 0.79672915 -0.39078638 -0.46098664
vn -0.025200412 -0.53224069 -0.84621793
vn -0.040844485 -0.49757636 -0.866458
vn 1.8556376e-06 -0.43388364 -0.90096891
vn -4.7523989e-07 -0.43388253 -0.90096945
vn 1.1270479e-13 -0.43388328 -0.90096909
vn 0.71449953 -0.30356032 -0.63035035
vn -1.2691888e-08 -0.43388325 0.90096909
vn -1.1270479e-13 -0.43388328 0.90096909
vn 0.72176367 -0.30030778 0.62359637
vn -0.037674718 -0.53068703 0.84673011
vn 0.026654733 -0.63047862 0.77574879
vn -0.88243043 -0.43516657 0.17873622
vn -0.89089739 -0.43934205 0.11524042
vn 8.8453923e-14 -0.70710737 -0.70710617
vn -8.8453963e-14 -0.70710707 0.70710647
vn -8.845393e-14 -0.70710737 0.70710623
vn 8.6715066e-14 0.72073984 -0.69320565
vn -0.00045514587 -0.5146721 -0.85738695
vn 0.00053290959 -0.48518264 0.87441266
vn 0.7898618 -0.30523688 -0.53192931
vn 0.0030322315 -0.49799153 -0.86717659
vn 0.7898615 -0.30523163 -0.53193271
vn 0.79172665 -0.3852219 0.47410232
vn 0.030343808 -0.47233391 0.88089722
vn 0.80053335 -0.33171904 0.49910802
vn 0.72454464 -0.32551685 0.6075145
vn 0.25825426 -0.96372348 0.067392483
vn 0.24402529 -0.96738154 0.068004832
vn -0.14866835 -0.98647827 0.068980798
vn -0.89089763 -0.43934149 0.11524072
vn -0.8947953 -0.44126359 0.068028256
vn 0.49417913 -0.37720016 -0.7832669
vn 0.71980971 -0.38793853 -0.57565415
vn -4.4132565e-07 -0.4338834 0.90096903
vn 0.72176367 -0.30030787 0.62359631
vn 0.75761926 -0.36475986 -0.54126078
vn 0.28578827 -0.12995815 0.94943982
vn 0.83791751 -0.38271311 0.3891336
vn 0.27071053 -0.12564889 0.95442557
vn -0.51464587 -0.85411012 0.075070545
vn -3.2375951e-14 0.96592683 0.25881538
vn 3.2375842e-14 0.96592706 -0.25881451
vn -3.2375896e-14 0.96592695 0.25881493
vn 3.2375896e-14 0.96592695 -0.25881493
vn 0.82298386 0.56806475 1.0294939e-13
vn -0.8229841 0.56806445 -1.0294941e-13
vn -0.89586484 -0.44177029 0.04759435
vn -0.94576305 -0.32104322 -0.04963373
vn -0.66086203 -0.20455068 -0.72209448
vn -0.89682496 -0.44224373 0.011203703
vn 0.50082195 -0.47910133 0.72086012
vn -8.8454431e-14 0.70710331 0.70711023
vn 8.8454431e-14 0.70710331 -0.70711023
vn 8.8454404e-14 0.70710355 -0.70710999
vn -0.19457899 -0.97860736 0.066833131
vn -0.51493317 -0.85461748 0.066878922
vn -0.94687074 -0.32141921 0.011203868
vn 0.25829339 -0.96366107 0.068130791
vn 0.24401203 -0.96737522 0.068142027
vn -0.94687068 -0.32141936 0.011203614
vn -0.94553024 -0.32096434 0.054355178
vn 0.89563608 -0.44168171 0.052471418
vn 0.8453722 -0.41689417 0.33398363
vn -0.89479506 -0.44126406 0.068028055
vn -0.89638096 -0.44204617 0.033110738
vn 0.89563721 -0.44167936 0.052472066
vn 0.89638096 -0.44204614 0.033111092
vn 0.89638102 -0.44204611 0.033111081
vn 0.028543353 -0.53219754 -0.84613889
vn 0.0030322347 -0.49799776 -0.86717302
vn 0.7244001 -0.34314463 -0.59790987
vn 0.70560044 -0.70550054 0.066309765
vn 0.66932797 -0.73983461 0.068152755
vn -1.115448e-13 0.45263457 0.8916961
vn -1.1270477e-13 0.43388352 0.90096897
vn -0.33216578 0.22907312 0.91498166
vn 0.63967067 -0.29689986 0.70899361
vn -0.94553024 -0.32096428 0.054355215
vn -0.93766403 -0.31829408 0.13955317
vn 1.0806277e-13 0.50373113 -0.86386049
vn -1.2083035e-13 0.25882095 0.96592534
vn 1.2083046e-13 0.25881773 -0.96592617
vn -1.2083043e-13 0.25881854 0.96592599
vn 1.2083043e-13 0.25881854 -0.96592599
vn -0.89638126 -0.44204557 0.03311092
vn -0.89683896 -0.44227126 0.008716655
vn 0.89683843 -0.44227239 0.0087166
vn 0.89683872 -0.44227183 0.0087164827
vn 0.84537345 -0.41689166 0.3339836
vn 0.88353521 -0.41008773 0.22626001
vn 0.63966918 -0.29689872 0.7089954
vn -0.89683855 -0.44227213 0.0087164827
vn -2.095355e-14 -0.98587137 0.167504
vn 3.2376391e-14 -0.96592587 -0.25881889
vn -0.93766385 -0.31829479 0.13955246
vn -0.91908234 -0.31198719 0.24073148
vn 0.042953018 -0.53068185 0.84648204
vn 0.03034379 -0.47232527 0.88090187
vn 0.0029079164 -0.33051208 -0.94379729
vn -0.025471844 -0.3121213 -0.94970071
vn 0.021519747 -0.49788359 -0.86697686
vn 0.89563739 -0.44167906 0.052471448
vn 0.72454369 -0.32551336 0.60751748
vn -0.033260752 -0.32866696 0.94386005
vn 0.031709623 -0.47231135 0.88086122
vn -6.8913638e-14 -0.8345713 0.55089992
vn -0.0073621105 -0.8629508 0.5052343
vn -1.2083023e-13 -0.25882441 0.96592438
vn 1.2083033e-13 -0.25882119 -0.96592528
vn -1.2083031e-13 -0.25882199 0.96592504
vn 1.2083031e-13 -0.25882199 -0.96592504
vn 0.72130668 -0.38706446 -0.57436728
vn 0.71523482 -0.34788427 -0.60614818
vn 0.72454369 -0.32551393 0.60751718
vn 0.67921901 -0.14602731 -0.71926183
vn 0.79194784 -0.1903463 -0.58016109
vn -0.55420995 -0.82955992 0.068422563
vn -0.82947999 -0.55432957 0.068422593
vn -0.83522123 -0.54567069 0.068183325
vn -0.1948964 -0.97962928 0.048393253
vn -0.55421454 -0.82955688 0.068422742
vn -1.208304e-13 0.2588194 0.96592575
vn 1.208304e-13 0.2588194 -0.96592575
vn 1.1545101e-13 0.38498551 -0.92292261
vn 0.99999988 -0.0003761921 -0.00021719155
vn -0.13221638 0.25654697 -0.9574458
vn -0.00024708163 0.38450608 -0.92312241
vn -0.91908234 -0.31198674 0.24073201
vn -0.89481378 -0.30374867 0.32717746
vn -0.011532102 -0.7288633 -0.68456209
vn 7.300556e-14 -0.81203336 -0.58361101
vn -0.018736007 -0.68449312 -0.72877848
vn -0.01427024 -0.70703548 -0.70703411
vn 0.70008236 -0.39524424 0.59469879
vn 0.66928667 -0.73979455 0.068988144
vn 0.70551401 -0.70540226 0.068247005
vn 0.70550179 -0.70541447 0.068247154
vn 0.032087829 -0.27402824 0.96118617
vn 0.70518672 -0.19413559 0.68192601
vn -0.0004487418 -0.51467264 -0.85738665
vn -0.00045502681 -0.51467222 -0.85738689
vn 1.1270468e-13 -0.43388507 -0.90096819
vn 0.51502931 -0.37191439 -0.77228522
vn 0.51308471 -0.17076018 -0.84118074
vn -1.1270479e-13 -0.43388307 0.90096921
vn 0.50082368 -0.47908628 0.72086889
vn 0.50194204 -0.37526602 0.77924937
vn -0.35532719 -0.93474197 -4.4448887e-14
vn 0.35532719 -0.93474197 4.4448887e-14
vn -0.47386903 -0.88059533 -5.9277622e-14
vn -0.57265949 -0.81916946 0.031977493
vn 0.47380033 -0.88046771 0.017025674
vn 0.80028623 -0.11930259 -0.58762985
vn 0.79490894 -0.11690281 0.59535998
vn 0.77076167 -0.12275828 0.62518549
vn -8.8454431e-14 -0.70710331 0.70711023
vn 8.8454431e-14 -0.70710331 -0.70711023
vn 8.8454404e-14 -0.70710355 -0.70710999
vn -3.2376167e-14 0.96592635 0.25881711
vn 3.0794015e-14 0.96922684 -0.24616928
vn -0.0091660796 -0.83453912 0.55087239
vn 1.2083043e-13 -0.2588183 -0.96592605
vn -1.2083042e-13 -0.25881884 0.96592587
vn 1.2083042e-13 -0.25881884 -0.96592587
vn -1.2083042e-13 -0.25881869 0.96592593
vn 0.99999976 0.00018855897 -0.00070371269
vn -0.041712038 -0.70649415 -0.70648861
vn 0.0080755139 -0.58461916 0.81126761
vn -0.29708886 -0.22819348 0.92718172
vn -0.22613472 -0.32347783 0.91881728
vn 0.57295251 -0.8195886 7.1672255e-14
vn -3.2375951e-14 -0.96592683 0.25881538
vn 3.2375842e-14 -0.96592706 -0.25881451
vn -3.2375896e-14 -0.96592695 0.25881493
vn 3.2375896e-14 -0.96592695 -0.25881493
vn 0.93437678 -0.3497721 0.067820057
vn 0.96392423 -0.25821313 0.06462241
vn 8.491773e-14 0.73428839 -0.6788376
vn -4.0901628e-07 0.73428601 -0.67884022
vn -0.89481378 -0.30374801 0.32717809
vn -0.89275765 -0.30305007 0.33338323
vn -0.0022170118 -0.47386715 0.88059354
vn -0.033254672 -0.34024787 0.93974757
vn -0.03325003 -0.34026945 0.93973994
vn -8.8453963e-14 0.70710707 0.70710647
vn 1.0157962e-13 -0.58361036 -0.81203383
vn -0.058823433 0.062514365 -0.99630904
vn 8.4918109e-14 0.73428559 -0.6788407
vn -0.7930578 -0.60914642 -9.9205854e-14
vn 0.83457226 -0.55089855 1.0439901e-13
vn 0.79290414 -0.6090284 0.019684153
vn -0.83457196 -0.55089831 -0.00084658968
vn -0.9135465 -0.40333304 0.052490469
vn 0.23959242 -0.95821816 0.15624809
vn 0.25851354 -0.96469098 0.050418336
vn -0.19256818 -0.96849424 0.15791255
vn -0.22853273 -0.91426253 0.33450973
vn -0.22853965 -0.91427052 0.33448324
vn 0.22860005 -0.91425568 0.33448249
vn -0.22512312 -0.90062213 0.37175179
vn 0.22860037 -0.91425437 0.33448598
vn 0.19746807 -0.78974515 0.58078301
vn 0.19747579 -0.78975302 0.58076978
vn -0.19741762 -0.78976715 0.58077031
vn -0.1766227 -0.88777822 0.42503443
vn -0.55530053 -0.83118248 -0.027874598
vn 0.25856671 -0.96468079 0.050340671
vn -3.2377455e-14 0.96592361 0.25882739
vn 3.237756e-14 0.96592337 -0.25882825
vn -3.2377513e-14 0.96592349 0.25882787
vn 3.2377513e-14 0.96592349 -0.25882787
vn 0.0043788748 -0.31220767 -0.9500038
vn 0.79194784 -0.19034654 -0.58016104
vn -0.55529594 -0.83118552 -0.027874509
vn -0.59639853 -0.69583797 0.4001478
vn -0.61285532 -0.71503872 0.33634505
vn -0.61285096 -0.71503711 0.33635637
vn 0.63155288 -0.73673868 0.24157208
vn 0.61291254 -0.71499377 0.33633626
vn -0.19741766 -0.78976697 0.58077049
vn 0.13197242 -0.52778929 0.83906001
vn 0.13197082 -0.52778739 0.8390615
vn -0.13193306 -0.52779669 0.83906156
vn -0.070227981 -0.2735281 0.95929682
vn 0.046828963 -0.11129571 0.99268341
vn 0.77041131 -0.17451331 0.6131978
vn 0.69851202 -0.69841307 -0.15588507
vn -0.52865547 -0.61680293 0.58316171
vn 0.61291051 -0.71498358 0.33636165
vn 0.52870744 -0.61675745 0.58316267
vn 0.52870035 -0.61675543 0.58317119
vn -8.8453564e-14 0.70711023 0.70710331
vn 8.8453564e-14 0.70711023 -0.70710331
vn -8.845353e-14 0.70711052 0.70710307
vn 8.8453523e-14 0.70711058 -0.70710301
vn -0.0036913496 -0.11187111 -0.99371588
vn -0.0040473784 -0.10961926 -0.99396539
vn -0.1710185 -1.6071128e-25 -0.98526782
vn 1.0530126e-06 -0.11196502 -0.99371213
vn 1.2430634e-13 -0.11196055 -0.99371266
vn 0.78723031 -0.069041483 -0.61278188
vn -1.2430634e-13 -0.11196055 0.99371266
vn -0.026174096 -2.4596535e-26 0.99965739
vn 0.7823801 -0.069729164 0.61888546
vn 1.2083042e-13 -0.25881878 -0.96592593
vn 0.8207314 -0.047585789 0.56932908
vn 0.820732 -0.047584582 0.56932825
vn 0.72920269 -0.1318482 0.67147559
vn 0.80488926 -0.064746067 -0.58988237
vn 0.79483598 -0.12073615 -0.59469199
vn 0.0001017866 9.6018586e-29 -1
vn 0.0001048119 -1.6299782e-06 -1
vn 0.99999923 6.0186517e-06 -0.0012600619
vn 1.2398613e-13 0.1327253 -0.99115288
vn -0.52865523 -0.61680108 0.58316386
vn -0.13193148 -0.52780485 0.83905673
vn -0.35249811 -0.41127226 0.84059513
vn 0.35252842 -0.41124204 0.84059721
vn 0.35252807 -0.41124192 0.84059745
vn -0.82951534 -0.5543462 0.067857035
vn -0.9784466 -0.19474082 0.068689995
vn -0.83522856 -0.54563385 0.068388283
vn -0.97843957 -0.19468832 0.068937801
vn -0.98995483 -0.12423482 0.067492127
vn -0.0011909516 -0.11187187 -0.9937219
vn -0.0036962172 -0.10961726 -0.993967
vn 0.72698069 -0.074999645 -0.68254977
vn 0.93434054 -0.34975642 0.068397172
vn 0.96374661 -0.25816658 0.067397594
vn -0.052196592 -0.20881757 0.97656065
vn 0.064913936 -0.20111708 0.97741401
vn -0.013660697 -0.17929664 0.98370022
vn -0.013660776 -0.17929664 0.98370022
vn 0.043620903 -0.17445189 0.98369902
vn -0.89275765 -0.30305004 0.33338326
vn -0.91483688 -0.31054491 0.25813818
vn -0.82923484 -0.55416572 -0.072594337
vn 0.70487314 -0.079420522 -0.70487314
vn 0.78829437 -0.12242264 -0.60299641
vn -0.3261106 -0.10584407 0.9393875
vn 0.78238022 -0.069731936 0.61888504
vn 0.69850755 -0.69842106 -0.15586913
vn -1.2083046e-13 0.25881773 0.96592617
vn 1.2083035e-13 0.25882095 -0.96592534
vn -1.2083043e-13 0.25881854 0.96592593
vn 0.70038682 -0.1375246 0.70038939
vn -0.13553759 -0.15813501 0.97807097
vn -0.074642703 -0.15178208 0.98559153
vn -0.074641831 -0.15178253 0.98559153
vn -0.3524968 -0.4112666 0.84059846
vn 0.12873636 -0.15017751 0.98024166
vn 0.91785771 -0.39690962 1.1481743e-13
vn -1.2083044e-13 0.258818 0.96592611
vn -0.02492046 -0.083794951 0.99617136
vn -0.62848318 -0.1250874 0.76769918
vn -0.82923806 -0.55416089 -0.072594389
vn -0.85601115 -0.41846517 0.30353221
vn -0.84155327 -0.42080525 0.33869022
vn 0.92878336 -0.3460373 -0.13273919
vn 0.84158629 -0.42073065 0.33870074
vn 0.54607791 -0.54599136 0.63536787
vn -0.72463763 -0.36234346 0.58618045
vn 0.72467142 -0.36228189 0.58617675
vn 0.72466946 -0.36228231 0.58617896
vn -0.31968006 -0.15985116 0.93394446
vn -0.28137982 -0.15393743 0.94716877
vn -0.72463799 -0.36234421 0.58617955
vn -0.53535628 -0.15638372 0.83002275
vn 0.33221114 -0.16608155 0.92846793
vn 0.51735497 -0.18592592 0.83532947
vn 0.12294406 -0.11926149 0.98522151
vn 0.96515405 -0.2585426 0.040415235
vn -0.02492046 -0.08379592 0.9961713
vn -0.0076492489 -0.111414 0.99374461
vn 0.98587114 -0.16750559 1.2332542e-13
vn -0.92158234 -0.38818201 -0.00086145638
vn -0.98732305 -0.15871076 0.0020223528
vn -0.98586959 -0.16750532 0.0017714031
vn -1.2083046e-13 -0.25881773 0.96592617
vn 1.2083035e-13 -0.25882095 -0.96592534
vn -1.2083043e-13 -0.25881854 0.96592593
vn 1.2083043e-13 -0.25881854 -0.96592599
vn -0.13370042 -0.10336727 0.98561627
vn -0.27206746 -0.059557445 0.96043336
vn -0.02508134 -0.064062342 0.99763066
vn -0.13369927 -0.10336881 0.98561627
vn -0.28402656 -0.071447521 0.95615071
vn 0.24365118 -0.060279496 0.96798784
vn 0.24361797 -0.060268413 0.9679969
vn 0.22903368 -0.060621709 0.97152901
vn 0.12294251 -0.1192635 0.98522145
vn 0.0011752936 -0.13330317 0.99107462
vn -0.91483676 -0.31054595 0.25813735
vn -0.93168151 -0.31626397 0.17873625
vn -0.014066445 -1.3218622e-26 0.99990106
vn 0.0011752936 -0.13330643 0.99107414
vn -0.98736984 -0.1584322 -1.2351291e-13
vn 0.94404393 -0.32981968 1.1809314e-13
vn -0.96819782 -0.19265042 0.15962076
vn 0.96515375 -0.25854355 0.04041585
vn -0.97867173 -0.1947415 0.065402083
vn -0.96819645 -0.19265708 0.15962091
vn 0.96353 -0.25810468 0.070653401
vn 0.96613628 -0.25485104 0.040393304
vn 0.96188396 -0.25766376 0.091589235
vn -0.94542342 -0.10188515 0.30950603
vn -0.94542348 -0.10188516 0.30950585
vn -0.79572815 -0.13698575 0.58995903
vn 0.9321025 -0.095681861 0.34932771
vn 0.93210292 -0.095681921 0.34932661
vn 0.79509139 -0.13994415 0.59012312
vn 0.99004143 0.12424553 0.066189192
vn -8.845439e-14 -0.70710361 0.70710993
vn 8.845439e-14 -0.70710367 -0.70710993
vn -0.69350737 -0.050363384 0.71868706
vn -0.6935125 -0.050364122 0.71868199
vn 0.66867882 -0.046739105 0.74208093
vn 0.66867149 -0.046738051 0.7420876
vn -0.93168175 -0.31626299 0.1787369
vn -0.94062144 -0.31929758 0.11524069
vn 0.00039088679 -0.083811328 0.99648154
vn 0.72920287 -0.13184541 0.67147595
vn 0.70587069 -0.059110481 0.70587003
vn -0.00051407644 -0.10961916 -0.99397355
vn 0.72698057 -0.07500311 -0.68254948
vn 0.69993186 -0.14210065 -0.69993055
vn -0.00053290953 0.48518276 -0.8744126
vn -0.00053268712 0.48518276 -0.8744126
vn -3.2375842e-14 -0.96592706 0.25881451
vn 3.2375951e-14 -0.96592683 -0.25881538
vn -3.2375903e-14 -0.96592689 0.25881499
vn 3.2375903e-14 -0.96592689 -0.25881499
vn -0.95180756 -0.30669591 -1.1906432e-13
vn -0.95105666 -0.30901659 -1.1897039e-13
vn 0.95105648 -0.30901718 1.1897036e-13
vn 0.9898755 0.12422512 0.068663381
vn 0.96390355 0.25834832 0.064390272
vn 2.8788851e-05 0.11187195 0.99372262
vn -0.00053299917 0.1137416 0.99351025
vn -0.99004126 -0.12424706 0.066189155
vn -0.97834969 0.1945339 0.070628814
vn -0.9338485 0.18568534 0.30569258
vn -0.98172408 0.10739839 0.15710965
vn -0.94543731 0.10178529 0.30949646
vn -0.79574281 0.13689847 0.58995944
vn -0.6935212 0.050296485 0.71867836
vn -0.69351703 0.050295886 0.71868241
vn -0.28405732 0.071430892 0.95614278
vn -0.31969455 0.15982237 0.9339444
vn -0.51668495 0.18700232 0.83550394
vn -0.28403977 0.071425036 0.95614845
vn -0.02513241 0.006652093 0.99966198
vn -0.21268639 0.0698414 0.9746213
vn 0.70038801 0.13752523 -0.70038801
vn 0.77527821 0.070719182 -0.62764835
vn 6.7987457e-07 0.11196478 -0.99371219
vn -1.208304e-13 -0.2588194 0.96592575
vn 1.2083042e-13 0.25881886 -0.96592587
vn 1.208304e-13 -0.2588194 -0.96592575
vn 0.70487183 0.0794205 0.70487452
vn 0.78046745 0.12439191 0.61269665
vn 6.7987429e-07 0.11196478 0.99371219
vn 0.70701838 0.015869297 -0.70701706
vn 0.00010335206 0.022405809 -0.99974895
vn 0.74361563 0.12882581 -0.65607899
vn -1.208304e-13 0.25881928 0.96592575
vn 0.99999934 -2.8428896e-05 -0.0011550677
vn 1.208304e-13 -0.25881916 -0.96592581
vn -0.25173202 -0.12845166 -0.95923465
vn 0.7047863 0.080953538 0.70478565
vn 0.72268152 0.13751885 0.6773625
vn 1.2083039e-13 0.25881967 -0.96592563
vn -1.208304e-13 -0.25881916 0.96592581
vn 0.98587096 0.16750668 1.233254e-13
vn -0.0070161629 0.061940294 0.99805522
vn -0.99736065 0.072606631 -1.2476268e-13
vn -0.9858281 0.16749941 0.0093211913
vn 0.24370518 0.053348746 0.96838099
vn 0.24114105 0.15442114 0.95812583
vn 0.53412443 0.15844759 0.83042485
vn 0.25658116 0.064619727 0.96436012
vn 0.66866332 0.046803795 0.74209082
vn 0.33220193 0.16611251 0.92846566
vn 0.66867208 0.04680505 0.74208283
vn 0.93208736 0.095779583 0.34934148
vn 0.79507518 0.14002922 0.59012479
vn 0.93208909 0.095779836 0.34933674
vn 0.9618485 0.25779751 0.091585852
vn 0.96610147 0.25498438 0.040383961
vn 0.00010694605 0.022393439 -0.99974924
vn -0.027508734 0.11137509 -0.99339765
vn -3.2375842e-14 0.96592706 0.25881451
vn 3.2375951e-14 0.96592683 -0.25881538
vn -3.2375924e-14 0.96592689 0.25881514
vn -0.94062132 -0.31929785 0.11524055
vn -0.94473648 -0.32069474 0.068028077
vn -8.8454377e-14 0.70710379 0.70710981
vn 8.8454377e-14 0.70710379 -0.70710981
vn 0.00044408088 0.5146724 0.85738683
vn 0.00044874198 0.51467228 0.85738689
vn 0.72566229 0.078531154 0.68355477
vn 0.79085499 0.12176718 0.59976757
vn 0.76438582 0.12422947 -0.63267791
vn 0.74711841 0.10114336 -0.65695059
vn 0.74639755 0.014902842 -0.66533345
vn 0.0021098522 0.11374292 0.99350798
vn 0.94562548 -0.32099718 0.05247166
vn 0.88492382 -0.3003917 0.35591391
vn -0.002793266 0.15193352 -0.98838675
vn -0.94473654 -0.32069468 0.068028107
vn -0.94641095 -0.32126307 0.033110894
vn 0.94562578 -0.3209962 0.052472129
vn 0.94641107 -0.32126278 0.033110935
vn 0.94641089 -0.32126325 0.033111077
vn 0.0043339604 0.25745246 0.96628124
vn -0.95221847 0.30528846 -0.0088868905
vn -0.72466791 0.36227921 0.58618277
vn -0.72467029 0.3622787 0.58618009
vn 0.72463799 0.36234421 0.58617955
vn -1.2083033e-13 0.25882119 0.96592528
vn 1.2083023e-13 0.25882441 -0.96592438
vn -1.2083031e-13 0.25882199 0.96592504
vn 1.2083031e-13 0.25882199 -0.96592504
vn 0.13370082 0.10336674 0.98561627
vn -0.93441546 0.34978741 0.067204915
vn -0.85099155 0.42543149 0.30793098
vn -0.9682194 0.19252351 0.15964304
vn 0.96511984 0.25867164 0.040406384
vn 0.96511853 0.25867617 0.040409312
vn 0.84396106 0.42047006 0.33306852
vn 0.84155327 0.42080525 0.33869022
vn 0.72463763 0.36234346 0.58618045
vn 0.96346116 0.25822708 0.071142904
vn -0.9787128 0.19461004 0.065177888
vn -0.12294312 0.11926318 0.98522145
vn -0.94641101 -0.32126296 0.033110935
vn -0.94689423 -0.32142699 0.0087164966
vn 0.94689423 -0.32142711 0.0087164966
vn 0.94689417 -0.32142729 0.0087165302
vn -0.94689441 -0.32142648 0.0087165888
vn -0.12294414 0.11926186 0.98522145
vn 0.13370042 0.10336727 0.98561627
vn 0.96347421 0.25823545 0.070935555
vn 0.83514118 0.54557675 0.069894031
vn -0.93447685 0.34980655 0.066245019
vn -0.97900587 0.1946376 0.060528796
vn -0.62834108 0.12492141 0.76784253
vn -0.85041255 0.40359727 0.33750218
vn -0.66913879 0.73963207 0.072095104
vn -0.82975906 0.55434471 0.064821415
vn -0.82931656 0.55404902 -0.072551727
vn 0.29494572 -0.10585693 0.94963223
vn 0.14919846 -0.057847381 0.98711371
vn -0.043686967 0.27164432 0.96140563
vn 0.0042181476 0.47386408 0.88058788
vn -0.95222503 0.30526802 -0.0088862991
vn -0.1287363 0.1501772 0.98024172
vn -0.35252842 0.41124204 0.84059721
vn -0.35252893 0.41124225 0.84059691
vn 0.13553767 0.15813744 0.97807062
vn 0.35249421 0.41126966 0.84059805
vn 0.074643046 0.151785 0.98559105
vn -0.043684065 0.27165836 0.96140182
vn -0.95221877 0.30528739 -0.0088863
vn -1.2083043e-13 -0.25881854 0.96592599
vn 0.91786015 0.39690399 1.1481773e-13
vn -0.83446866 0.55082721 0.015855981
vn 0.83449119 0.55084205 0.014051456
vn 0.026290998 0.11137942 -0.99343014
vn -0.0027932655 0.15193233 -0.98838693
vn 0.78295875 0.094675966 -0.61482692
vn -0.064913936 0.20111708 0.97741401
vn -0.043620832 0.17445181 0.98369902
vn 0.70574778 0.70584977 0.060796384
vn 0.6984241 0.69852501 -0.15577753
vn 0.074643746 0.15178463 0.98559105
vn -0.52870333 0.61676043 0.5831632
vn -0.52870512 0.61676097 0.58316106
vn 0.52865523 0.61680108 0.58316386
vn 0.35249358 0.41126695 0.84059966
vn 0.67582625 -0.20145629 0.70899522
vn 0.23875615 -0.071170554 0.96846801
vn 0.052198857 0.20881918 0.97656018
vn 0.013660816 0.17929664 0.98370022
vn -0.61291283 0.71499532 0.3363325
vn 0.61285532 0.71503872 0.33634505
vn 0.61285096 0.71503711 0.33635637
vn 0.52865547 0.61680293 0.58316171
vn 0.013660697 0.17929664 0.98370022
vn 0.77978259 0.070094481 0.62211406
vn 0.80028534 0.11930293 0.58763099
vn 0.83519888 0.54565829 0.068555631
vn 0.70522898 0.70531899 0.071953014
vn 0.69843 0.69851911 -0.15577734
vn 0.77527821 0.070718057 -0.62764853
vn 0.79491043 0.11690164 -0.59535825
vn -0.82976002 0.55434328 0.064821377
vn -0.82931745 0.55404764 -0.072551742
vn -0.65054572 0.7588948 -0.0294782
vn -0.46553966 0.69662106 0.5458864
vn -0.61291254 0.71499377 0.33633626
vn 0.65069789 0.75919086 -0.014880574
vn 0.88492388 -0.30039147 0.35591391
vn 0.93781 -0.27955073 0.2058247
vn 0.67582625 -0.20145628 0.70899528
vn 1.243063e-13 0.11196299 -0.99371237
vn -1.243063e-13 0.11196299 0.99371237
vn -0.7930578 0.60914642 -9.9205854e-14
vn -0.29708886 0.22819348 0.92718172
vn 0.7930578 0.60914642 9.9205854e-14
vn 0.0080753183 0.58461815 0.81126839
vn -0.13196889 0.5277912 0.83905941
vn -0.13197286 0.52779609 0.83905572
vn 0.13193354 0.52779424 0.83906305
vn -1.2134746e-13 -0.24286856 0.97005922
vn -0.033083659 -0.43364599 0.9004758
vn 0.94562548 -0.32099691 0.052473288
vn 0.93501633 0.3546046 1.1696385e-13
vn -0.93501604 0.35460544 -1.1696381e-13
vn -8.8454377e-14 -0.70710379 0.70710981
vn 8.8454377e-14 -0.70710379 -0.70710981
vn 0.7052263 0.70532167 0.071953014
vn 0.68106896 0.68116105 0.26863489
vn 8.4918109e-14 -0.73428559 -0.6788407
vn -4.0901628e-07 -0.73428601 -0.67884022
vn -0.6694243 0.73994642 0.065957151
vn -0.55425167 0.82936728 0.07039161
vn 0.13193132 0.52780569 0.83905619
vn 0.0021138904 0.11187162 0.99372041
vn 0.0024020206 0.11374252 0.99350739
vn 0.80041891 0.068481937 0.59551638
vn -0.19747531 0.78975254 0.58077055
vn -0.19746779 0.78974485 0.58078355
vn 0.19741215 0.78976887 0.58076978
vn -1.1154487e-13 -0.45263353 0.89169663
vn -0.00025765106 -0.38499445 -0.92291886
vn 1.1546427e-13 -0.38473156 -0.92302853
vn 0.79418594 0.19974026 0.57390988
vn 0.79418474 0.19976206 0.57390392
vn 0.65350378 0.15060024 0.74179
vn 0.7878722 0.11865722 -0.60429955
vn 0.78295875 0.094676562 -0.6148268
vn -0.024887048 0.3287484 -0.94408959
vn 0.022553688 0.15190534 -0.98813766
vn 9.6808642e-14 0.63331473 -0.77389437
vn -0.014270295 0.70703363 -0.7070359
vn -1.5911703e-06 0.43388435 -0.90096855
vn 7.9480071e-07 0.43388331 -0.90096909
vn 1.1270473e-13 0.43388414 -0.90096867
vn 0.596789 0.34814784 -0.72293562
vn -1.1270473e-13 0.43388414 0.90096867
vn 1.578078e-07 0.43388397 0.90096873
vn 0.61533582 0.34201571 0.71020216
vn -0.0064834235 0.33050674 0.94378138
vn -0.0032069937 0.32825848 0.94458252
vn -0.003205427 0.32823899 0.94458926
vn -3.2375924e-14 -0.96592689 0.25881514
vn -0.22860622 0.9142527 0.33448645
vn 0.22853255 0.91426259 0.3345097
vn 0.22853974 0.91427088 0.33448219
vn 0.19741535 0.78975809 0.58078337
vn 0.2581284 0.96364057 0.06904079
vn 0.51497185 0.85467559 0.065830737
vn 0.25841501 0.96471059 0.050548308
vn -0.24401897 0.96735144 0.068453677
vn -0.55445063 0.82965654 0.065227062
vn -0.55541986 0.83110684 -0.027751595
vn -0.17665386 0.88779819 0.42497978
vn -0.23959169 0.95818895 0.15642805
vn -0.17663451 0.88779217 0.42500037
vn -0.22860593 0.91425401 0.33448303
vn 0.24182685 0.96744746 0.074600115
vn 0.25813061 0.96363997 0.069040805
vn 0.25559881 0.95418835 0.15554376
vn -0.19471063 0.97864556 0.065883428
vn -0.19469655 0.97847414 0.068422496
vn -0.2440476 0.96748573 0.066424072
vn -0.84890151 -0.16885626 0.50085306
vn -0.98072392 -0.19507726 0.011203594
vn -0.98072368 -0.1950783 0.011204013
vn -0.98072344 -0.19507951 0.011201772
vn -0.97933531 -0.19480214 0.054355282
vn 0.66797918 0.26832792 -0.69412094
vn 0.018470693 0.36021122 -0.93268788
vn -0.97933537 -0.19480176 0.054355592
vn -0.97118801 -0.19318116 0.13955238
vn 0.51463151 0.8541187 0.075071134
vn 0.14866835 0.98647827 0.06898053
vn -0.57295251 0.8195886 -7.1672255e-14
vn -0.22613472 0.32347783 0.91881728
vn 0.57295251 0.8195886 7.1672255e-14
vn -0.47380033 0.88046771 0.017025674
vn 0.47380033 0.88046771 0.017025674
vn 8.491773e-14 -0.73428839 -0.6788376
vn 0.0075492938 0.83455044 0.55087984
vn -0.020395517 0.58451998 0.81112289
vn -0.97118807 -0.19318041 0.13955311
vn -0.95194215 -0.18935217 0.24073198
vn -3.237756e-14 0.96592337 0.25882825
vn 3.2377455e-14 0.96592361 -0.25882739
vn -3.237671e-14 -0.96592516 0.25882143
vn 3.0794588e-14 -0.9692257 -0.24617386
vn -8.8453536e-14 0.70711046 0.70710313
vn 0.62006009 0.1560991 0.76886839
vn 0.60107124 0.1539865 -0.78422034
vn -0.00053250254 0.48518291 -0.87441254
vn -0.95194221 -0.1893525 0.24073158
vn -0.92680562 -0.18435255 0.32717806
vn 0.66475946 0.32413575 -0.67307568
vn 0.42616016 0.50074124 -0.75342268
vn -1.510862e-06 0.43388331 0.90096909
vn 0.49418154 0.37720025 0.78326535
vn 7.300556e-14 0.81203336 -0.58361101
vn -0.009166087 0.834539 0.55087256
vn -6.3202454e-14 0.86297631 0.50524437
vn -0.35532719 0.93474197 -4.4448887e-14
vn 0.35532719 0.93474197 4.4448887e-14
vn 8.8454072e-14 0.70710617 -0.70710737
vn -8.8454106e-14 0.70710593 0.70710766
vn -8.8454072e-14 0.70710617 0.70710737
vn 0.71351552 0.38782117 -0.58351547
vn -0.00053290953 0.48518291 -0.87441254
vn 0.65565115 0.42196748 0.62615097
vn 0.7157135 0.39029238 0.57915974
vn -1.0806242e-13 -0.50373578 0.86385775
vn 9.7694903e-14 -0.62455708 -0.78097916
vn 0.77533293 0.34957814 -0.52597904
vn 0.71604425 0.25172845 -0.65108633
vn 0.71604222 0.25172248 -0.65109086
vn 3.2376391e-14 0.96592587 -0.25881889
vn 0.7181288 0.22870249 0.65725654
vn 0.77574307 0.35266355 0.52330786
vn 0.73949111 0.35394633 0.57260358
vn 0.73949218 0.35394704 0.5726018
vn -0.92680568 -0.18435308 0.32717752
vn -0.92467594 -0.18392944 0.33338326
vn -8.8453997e-14 -0.70710677 0.70710677
vn 8.8454031e-14 -0.70710653 -0.70710701
vn 8.8454018e-14 -0.70710665 -0.70710695
vn 0.018469132 0.36020252 -0.93269128
vn -0.0069014998 0.32825896 0.94456255
vn 1.2083046e-13 -0.25881773 -0.96592617
vn -2.0954226e-14 0.98587048 0.16750939
vn 0.001344623 0.5255726 0.85074764
vn 0.0055053923 0.53240585 0.84647131
vn 0.01389274 0.5309931 -0.84726226
vn 0.014627922 0.36023736 -0.93274599
vn -0.021078754 0.5309459 -0.84714353
vn 0.77999848 0.34241629 -0.52378756
vn 0.0041059558 0.54681069 -0.83724624
vn 0.66475958 0.32413754 -0.67307472
vn 0.78505433 0.34286731 -0.51587957
vn 0.65258139 0.32876244 0.68268055
vn 0.78228003 0.3481234 0.51657337
vn -0.92467594 -0.1839295 0.3333832
vn -0.94754469 -0.1884784 0.25813735
vn 1 3.2441119e-05 0.00014140653
vn -8.8453564e-14 -0.70711023 0.70710331
vn 8.8453564e-14 -0.70711023 -0.70710331
vn -8.8453536e-14 -0.70711046 0.70710313
vn 8.8453523e-14 -0.70711058 -0.70710301
vn -8.6715181e-14 -0.72073895 0.69320655
vn -7.7994096e-14 -0.78183156 0.62348968
vn 1.1270464e-13 0.43388572 -0.9009679
vn -1.1270471e-13 0.43388462 0.90096843
vn -0.0043361476 0.53240502 0.84647864
vn 0.0013446251 0.52557182 0.85074818
vn -3.237756e-14 -0.96592337 0.25882825
vn 3.2377455e-14 -0.96592361 -0.25882739
vn -3.2377513e-14 -0.96592349 0.25882787
vn 3.2377513e-14 -0.96592349 -0.25882787
vn -0.94754475 -0.18847869 0.25813711
vn -0.96499151 -0.19194908 0.1787369
vn 0.35051608 -0.054782189 0.93495315
vn 1 3.3897581e-05 0.00014732573
vn 0.78214622 0.34489673 -0.51893502
vn 0.77999842 0.34241167 -0.52379072
vn 0.81439614 0.40422684 0.41636473
vn 0.63176173 0.43320009 0.64281785
vn 0.81439227 0.40422204 0.41637701
vn 0.77523315 0.33214936 0.53729916
vn -0.96499157 -0.19194835 0.17873736
vn -0.97425097 -0.19379017 0.11524055
vn 0.00410377 0.54680586 -0.8372494
vn -0.0074918419 0.52555913 0.8507241
vn -0.84890115 -0.16885822 0.50085306
vn -0.6412468 -0.070625581 -0.7640776
vn 3.2376418e-14 0.96592581 -0.25881913
vn -3.2376418e-14 0.96592581 0.25881913
vn 3.2376425e-14 0.96592581 -0.25881916
vn -3.2376425e-14 0.96592581 0.25881916
vn -0.97425079 -0.19379143 0.11523988
vn -0.978513 -0.19463925 0.068028115
vn 0.74115002 0.52487248 -0.41857556
vn 0.7497775 0.36625966 -0.5510785
vn 0.7385534 0.52710503 0.42035595
vn 0.7471838 0.37142316 0.55114537
vn 0.0031182228 0.69652838 0.7175225
vn 0.0049185138 0.70768631 0.70650971
vn -0.007707166 0.71179837 -0.70234156
vn -0.0018335923 0.70654076 -0.70766997
vn 7.7994536e-14 0.78182876 -0.62349319
vn 1.9825816e-06 0.78183097 -0.62349045
vn -6.4469964e-06 0.78183305 -0.62348789
vn -4.0305082e-07 0.78183025 -0.62349129
vn -7.7994536e-14 0.78182876 0.62349319
vn -4.0305099e-07 0.78183025 0.62349129
vn -1.9491436e-06 0.78183097 0.62349045
vn 0.97943413 -0.19482143 0.05247305
vn 0.9110955 -0.18122804 0.37021804
vn -0.97851318 -0.19463851 0.068028398
vn -0.9802475 -0.19498348 0.033110954
vn 0.97943407 -0.1948217 0.052472867
vn 0.9802475 -0.19498348 0.033110939
vn 0.98024744 -0.19498354 0.033110954
vn 0.66390145 0.53242755 -0.52512449
vn 0.0031181925 0.69654125 0.71750993
vn -0.010469953 0.7076599 0.70647568
vn 0.47508362 0.72399449 -0.50012749
vn 0.60366529 0.62330472 -0.49707088
vn 0.54827398 0.6538437 0.52142501
vn -0.98024732 -0.1949842 0.033110749
vn -0.98074788 -0.19508377 0.0087166047
vn 0.98074806 -0.19508277 0.0087165432
vn 0.980748 -0.1950831 0.0087166028
vn -0.980748 -0.1950831 0.0087167248
vn 5.6987984e-14 -0.89020228 -0.45556551
vn 0.61518502 0.65668565 0.43624684
vn 0.65802914 0.61954015 -0.42798087
vn 0.69757617 0.59681219 0.39648798
vn -3.237632e-14 -0.96592599 0.25881833
vn 3.237632e-14 -0.96592599 -0.25881833
vn 0.7016595 0.49631342 0.51122105
vn 0.77469933 0.52670062 0.34989619
vn 0.77563137 0.52614838 0.34866005
vn 0.7016561 0.49631006 0.51122898
vn 0.68647683 0.59828615 -0.4132835
vn 0.6901738 0.51522392 -0.50813824
vn -0.0018427386 0.71182477 -0.70235467
vn -0.00065815786 0.70654166 -0.70767117
vn -2.7835635e-14 -0.97492814 0.22251981
vn 0.61680788 0.61539149 0.49075586
vn 0.72439706 0.57422066 0.38147014
vn 0.60240126 0.6567378 -0.45366082
vn -4.3819766e-14 -0.9366383 0.35029796
vn 0.83368242 0.39323968 -0.38773212
vn 0.0039400649 0.71181262 -0.70235837
vn -0.015191065 0.69646734 0.71742767
vn 0.69245279 0.56406373 -0.44982353
vn 3.6495824e-06 0.78183305 0.62348789
vn -0.01522082 0.70761967 0.70642954
vn -0.02022247 0.6963982 0.71737063
vn 0.014208856 0.8334012 0.55248576
vn 0.65624607 0.62850046 0.41752636
vn 0.84536105 0.49959755 0.18912159
vn 0.77470326 0.52709693 0.34929025
vn -0.0075993389 0.85052902 -0.52587318
vn -0.0020812608 0.84639919 -0.53254491
vn 0.75624847 0.55657804 -0.34396097
vn 0.75624859 0.55657363 -0.34396785
vn 0.73746324 0.55569446 -0.38386413
vn -0.0035365284 0.84730971 0.53108734
vn 0.99178094 -0.12794772 1.240647e-13
vn 0.35051644 -0.054780692 0.93495309
vn 1 3.3852579e-05 0.00014719303
vn 0.69069952 -0.1380147 0.70984936
vn 0.48262164 -0.10147783 0.86993021
vn 0.7206701 0.54202467 0.4322544
vn 0.75893217 0.54239398 0.3603203
vn 0.69581348 0.59093857 -0.40820974
vn 6.2225531e-15 -0.99876201 -0.049743477
vn 0.9110955 -0.18122803 0.37021804
vn 0.97083896 -0.14161918 0.19343153
vn 0.65510303 -0.095561832 0.74947178
vn 0.97943413 -0.19482142 0.052472491
vn 0.0017295902 0.85054797 -0.52589464
vn -0.025537344 0.83320755 0.55237037
vn 0.73230982 0.53240305 -0.42458135
vn 7.799457e-14 0.78182852 -0.62349349
vn -7.799457e-14 0.78182852 0.62349349
vn 0.66672409 0.7240274 -0.17681457
vn 0.71707422 0.59290308 -0.36642945
vn 0.67861766 0.71352369 -0.17424682
vn 0.78908658 0.59674555 -0.14572968
vn 0.7204653 0.65500283 -0.22781807
vn 0.7204653 0.65500265 -0.22781856
vn 0.0017295809 0.85055333 -0.52588594
vn 0.0050437893 0.84639376 -0.53253365
vn 0.61203957 0.77099955 0.17597519
vn 0.61808068 0.76999557 0.15837659
vn 0.67063725 0.72657079 0.14946757
vn 0.66557062 0.69796753 0.26430488
vn 0.78517967 0.60657185 0.12475349
vn 0.67602289 0.68912297 0.26096475
vn 0.65427613 0.73729485 -0.16828267
vn 0.65504223 0.73402226 -0.17925119
vn 0.61940688 0.76538688 0.17469403
vn 0.64876455 0.74538767 0.15330294
vn 0.0056001721 0.93512136 0.35428339
vn 0.022046223 0.94407624 0.32898942
vn -0.99452186 -0.10452908 -1.2440756e-13
vn 0.99452192 -0.10452843 1.2440758e-13
vn -0.99460655 -0.10372 -1.2441816e-13
vn -0.0084985113 0.94443285 -0.3285946
vn -0.0074429242 0.94374013 -0.3306042
vn -9.0375352e-07 0.97492814 -0.22251987
vn -5.9907603e-07 0.97492814 -0.22252002
vn 2.7835768e-14 0.9749279 -0.22252086
vn -3.938402e-07 0.97492814 0.22251987
vn -2.7835712e-14 0.97492802 0.22252043
vn 1 -4.4972552e-05 -5.2554045e-05
vn 0.7272824 0.67226636 0.13826872
vn 0.76740479 0.63516629 0.087485574
vn 0.76740491 0.63516545 0.087490246
vn 0.76725268 0.62303656 -0.15214738
vn 0.76714295 0.63728958 -0.073168851
vn 0.76714402 0.63728565 -0.073192075
vn 0.6483202 0.74227899 0.1694189
vn 0.67685866 0.7210204 0.14829668
vn 0.63464952 0.75342458 -0.17196351
vn 0.63428468 0.75102955 -0.18340537
vn 0.0056001567 0.93512458 0.35427487
vn 0.0039944006 0.94429576 0.32907385
vn -1.4192001e-06 0.97492808 0.22252029
vn -0.024652766 0.93484706 0.35419381
vn -0.0051853745 0.94445497 -0.32859993
vn 0.62031877 0.76468486 -0.17453285
vn 0.71007812 0.70400202 -0.013046618
vn 0.71006364 0.70401663 -0.013046913
vn 0.6740368 0.73387647 -0.084259614
vn 0.71007788 0.70400184 -0.013067945
vn 0.71006346 0.70401639 -0.013068156
vn 0.70673251 0.70742708 0.0087192953
vn 0.70921475 0.69839722 0.096207134
vn 0.00044940715 0.51467288 0.85738653
vn 2.7835551e-14 0.97492832 -0.22251913
vn -2.7835551e-14 0.97492832 0.22251913
vn 0.015706634 0.99051082 0.13653423
vn 0.0011049017 0.99346989 -0.11408921
vn 0.8557393 -0.059978217 0.51391912
vn 1 -4.6015786e-05 -5.4881682e-05
vn 0.00060884014 0.99371076 -0.11197566
vn 0.0099885399 0.99372357 0.11141657
vn -0.010731843 0.99057716 0.13653471
vn 0.00058365625 0.99346912 -0.11409964
vn 0.00058301666 0.99370986 -0.1119837
vn -0.0021797928 0.99346906 -0.11408075
vn 0.99270886 0.12053667 1.2418078e-13
vn -0.99270892 0.12053619 -1.2418078e-13
vn -0.01913684 0.99359214 0.11139337
vn -0.010731836 0.99057633 0.13654067
vn -0.0021939506 0.99992162 0.012324397
vn -0.97217292 -0.063718475 0.2254325
vn -0.99779636 -0.065397896 0.011204034
vn -0.9977963 -0.065398835 0.0112025
vn -0.99638373 -0.065306254 0.054355644
vn -0.99638373 -0.065306522 0.05435542
vn -0.98809445 -0.064763211 0.13955307
vn -0.96851361 -0.063479811 0.24073151
vn -0.96851373 -0.063480131 0.24073112
vn -0.94293958 -0.061803907 0.32717758
vn -0.94293958 -0.06180378 0.32717773
vn -0.94077283 -0.061661765 0.33338314
vn -0.94077301 -0.061662599 0.33338252
vn -0.96403968 -0.063187607 0.25813723
vn -0.9640395 -0.063186288 0.2581383
vn -0.98179024 -0.064349733 0.17873733
vn -8.4167434e-05 0.99985504 -0.017025467
vn -8.4180647e-05 0.99985504 -0.017025467
vn -0.98179024 -0.064350314 0.17873695
vn -0.99121088 -0.064967774 0.11523991
vn -0.99121088 -0.064966299 0.11524068
vn -0.99554735 -0.065250523 0.068028346
vn 8.8815941e-05 3.1163494e-05 1
vn 0.99648422 -0.065313466 0.052472502
vn 0.92411888 -0.060570363 0.37727386
vn -0.99554729 -0.065251961 0.068027802
vn -0.99731177 -0.065367609 0.03311076
vn 0.99648422 -0.065313034 0.052472886
vn 0.99731177 -0.065367274 0.033110961
vn 0.99731177 -0.065367237 0.03311095
vn -0.99731177 -0.065367237 0.033110864
vn -0.99782103 -0.065400615 0.0087167248
vn 0.99782103 -0.065400615 0.0087166
vn 0.99782103 -0.065400615 0.0087165991
vn -0.99782097 -0.065400966 0.0087166606
vn -1.2509285e-13 8.7860613e-08 1
vn 2.4253115e-08 9.701278e-08 1
vn 4.2173096e-07 -1.7572123e-07 -1
vn 1.2509285e-13 -3.2225696e-08 -1
vn 9.3132428e-07 7.6832568e-31 -1
vn -1.2509285e-13 6.4451392e-08 1
vn 1.8626482e-06 1.5659646e-30 1
vn 0.85573924 -0.059979286 0.51391912
vn 1 -4.6379937e-05 -5.5056335e-05
vn 0.92411894 -0.060569681 0.37727386
vn 0.72527009 -0.025068983 0.68800789
vn 0.95575678 -0.032873765 0.29231533
vn 0.99648428 -0.065312736 0.052472565
vn 4.4850381e-08 -7.732825e-32 -1
vn 1.2509285e-13 -5.820765e-08 -1
vn 1 1.0235143e-05 -3.6569247e-05
vn 1 -5.02531e-05 -6.7401445e-05
vn 0.99794245 -0.017281009 0.06174349
vn 0.96428722 -0.0096815033 0.26468167
vn 1 1.97749e-05 -6.1459716e-05
vn 1 -5.0507395e-05 -8.4214749e-05
vn 1 -1.0078053e-05 4.5202196e-05
vn 0.98650092 -3.4862978e-07 0.1637556
vn -0.97160536 0.078663543 0.22314797
vn -0.94187427 -0.061735962 -0.3302446
vn -0.99779612 -0.065401413 0.011203021
vn 1.1212689e-08 -4.3438542e-09 -1
vn 8.1025049e-05 7.629427e-29 1
vn 8.1025049e-05 7.6294078e-29 1
vn 2.3283049e-07 4.4297969e-31 1
vn -1.2126746e-08 -4.850639e-08 1
vn 4.6566134e-07 9.2416049e-32 -1
vn 1 3.0024905e-05 -0.00010727721
vn 1 -1.0077961e-05 3.6007958e-05
vn 1 -4.0169078e-05 -8.8929322e-05
vn 1 9.5069081e-05 -0.00011977584
vn 1 -1.6370941e-05 -6.7973051e-05
vn 0.99727643 0.017269475 0.071704447
vn -0.94187444 0.061733015 -0.33024466
vn -0.74055463 0.059950784 -0.66931659
vn -0.99779636 0.065398291 0.011203023
vn -0.9977963 0.065398872 0.011204096
vn -0.99638373 0.065306291 0.05435542
vn -0.99638373 0.065306552 0.054355644
vn -0.98809445 0.064763248 0.13955307
vn -0.98809445 0.064763241 0.13955307
vn -0.96851373 0.063479848 0.24073112
vn -0.96851361 0.063480124 0.24073148
vn -0.94293958 0.061803903 0.3271777
vn -0.94293958 0.061803818 0.32717761
vn -0.94077307 0.061661813 0.33338252
vn -0.94077277 0.061662585 0.33338314
vn -0.96403939 0.063187584 0.25813827
vn -0.96403974 0.063186347 0.25813723
vn -0.9817903 0.064349778 0.17873695
vn -0.98179018 0.064350352 0.17873733
vn -0.99121076 0.064967811 0.11524066
vn -0.99121094 0.064966351 0.1152399
vn -0.99554735 0.065250568 0.068027802
vn 0.99648422 0.065312892 0.05247283
vn 0.99648422 0.065313034 0.052472565
vn 0.94581848 0.061992094 0.31872308
vn -0.99554724 0.065251954 0.068028331
vn -0.99731177 0.065367609 0.033110864
vn 0.99731177 0.065367274 0.03311095
vn 0.99731177 0.065367237 0.033110961
vn -0.99731177 0.065367237 0.03311076
vn -0.99782103 0.065400615 0.0087166615
vn 0.99782103 0.065400615 0.0087165991
vn 0.99782103 0.065400615 0.0087166
vn -0.99782097 0.065400966 0.0087167248
vn -0.9945218 0.10452912 -1.2440756e-13
vn 0.99270886 -0.12053673 1.2418078e-13
vn -0.99270892 -0.12053625 -1.2418078e-13
vn 0.99452192 0.10452847 1.2440756e-13
vn -0.99460655 0.10372005 -1.2441816e-13
vn 0.92414802 0.03498416 0.38042948
vn 1 9.750732e-05 -8.8707609e-05
vn 1 -4.003994e-06 -1.662495e-05
vn 0.99178094 0.12794772 1.240647e-13
vn 0.92541224 0.037242636 0.37712753
vn 0.91518158 0.036901087 0.40134889
vn 1 3.1943607e-06 -1.3105482e-05
vn 1 5.8144607e-08 4.9294709e-07
vn 1 9.8884209e-07 -4.0569153e-06
vn 1 -2.0352902e-05 6.7904803e-05
vn 1 -1.9626099e-05 6.5754524e-05
vn 1 9.9396166e-05 -6.6831693e-05
vn 1 -1.9680334e-05 6.587126e-05
vn 0.99648422 0.065313272 0.052472498
vn 0.92411882 0.060570173 0.37727407
vn 0.68106723 0.099349372 0.72544956
vn 0.91518158 0.036901075 0.40134889
vn 0.91949004 0.13412884 0.36952335
vn 0.97902113 0.19473916 0.05995189
vn 1.2105048e-06 -0.97492796 0.22252075
vn 1.5316222e-06 -0.97492796 -0.22252075
vn 1.0832839e-07 -0.97492784 -0.22252116
vn 0.67687875 -0.71763909 -0.16379665
vn 0.70080578 -0.70080447 -0.13320774
vn 0.69807428 -0.69807297 0.15933099
vn 0.65451854 -0.73709023 -0.16823621
vn 0.67720306 -0.72285396 -0.13739783
vn 2.146345e-06 -0.97492784 0.22252116
vn 0.68555951 -0.71321124 0.14607513
vn 0.68532604 -0.70997792 0.162048
vn 0.62732255 0.083376177 0.77428341
vn 2.7835376e-14 -0.97492862 -0.22251774
vn 0.67396212 -0.72024399 -0.16438851
vn 0.67572528 -0.61638409 -0.4043093
vn -2.7835275e-14 -0.97492886 0.22251692
vn 0.67023009 -0.72354674 0.16514169
vn 0.66942292 -0.72777337 0.14906006
vn 0.66942096 -0.72777897 0.14904162
vn -0.98074794 0.19508323 0.0087166037
vn -0.98074782 0.19508389 0.0087167248
vn 0.980748 0.1950829 0.0087166028
vn -0.9802475 0.19498348 0.033110749
vn -0.98024732 0.19498433 0.033110991
vn 0.98024744 0.19498366 0.033110939
vn 0.98074794 0.19508323 0.0087165432
vn -5.4927381e-07 -0.78183144 -0.62348986
vn 3.8887301e-06 -0.78183234 -0.62348872
vn 7.7994286e-14 -0.78183037 -0.62349117
vn 0.69638836 -0.56109238 -0.44745788
vn 0.7366575 -0.56547153 -0.3709147
vn -7.7994286e-14 -0.78183037 0.62349117
vn 2.0767434e-06 -0.78183144 0.62348986
vn 0.72392285 -0.57143188 0.38652468
vn 0.68809104 -0.56731516 0.45242038
vn -0.97851306 0.19463912 0.068028346
vn -0.97851318 0.19463852 0.068028107
vn 0.97943407 0.1948217 0.052472487
vn 0.9802475 0.19498348 0.033110991
vn 0.97943413 0.1948213 0.052473266
vn -2.7835691e-14 -0.97492808 0.22252025
vn 2.7835678e-14 -0.97492808 -0.22252014
vn -0.97425109 0.19379005 0.1152399
vn -0.97425073 0.1937913 0.11524056
vn -0.96499151 0.19194895 0.17873734
vn -0.96499169 0.19194825 0.17873688
vn -0.94754475 0.1884784 0.2581372
vn -0.94754469 0.18847857 0.25813735
vn 4.4850381e-08 -7.7328344e-32 -1
vn 1.2509285e-13 -5.820776e-08 -1
vn 0.69831079 -0.59852511 -0.39259359
vn 0.63622409 -0.60318702 -0.48102424
vn -2.0834362e-07 -0.78183192 0.6234892
vn 0.68809116 -0.56731623 0.45241892
vn -0.924676 0.18392934 0.33338314
vn -0.92467588 0.1839295 0.33338326
vn 7.7994136e-14 -0.78183132 -0.62348998
vn -7.7994136e-14 -0.78183132 0.62348998
vn -0.92680573 0.18435258 0.32717764
vn -0.92680556 0.18435293 0.32717806
vn -0.95194227 0.1893522 0.24073146
vn -0.95194215 0.1893525 0.24073185
vn 0.63098419 -0.64259571 0.43466043
vn -0.97118789 0.19318125 0.13955311
vn -0.97118819 0.19318043 0.13955228
vn -3.2376408e-14 0.96592581 0.25881901
vn -0.97933531 0.19480203 0.054355588
vn -0.97933537 0.19480187 0.05435545
vn -0.98072368 0.19507819 0.011203409
vn -0.98072374 0.19507799 0.011203006
vn -0.98072338 0.19507983 0.011204197
vn -0.86589509 0.17223884 0.46963763
vn 7.799417e-14 -0.78183109 -0.62349027
vn 0.63622421 -0.60318601 -0.4810254
vn -7.7994062e-14 -0.7818318 0.62348938
vn 0.63622415 -0.60318661 0.48102471
vn 0.6887514 0.14712299 0.7099129
vn 0.36377233 0.099738799 0.92613274
vn 0.93501639 -0.35460442 1.1696387e-13
vn -0.9350161 -0.35460529 -1.1696383e-13
vn -3.2376391e-14 -0.96592587 0.25881889
vn 0.7440623 -0.37677956 -0.55173224
vn 0.74850422 -0.36366206 0.55451906
vn 8.8453963e-14 0.70710707 -0.70710653
vn -5.2047824e-08 -0.43388331 -0.90096909
vn 8.7242022e-08 -0.43388337 -0.90096903
vn 0.70246035 -0.30880466 -0.64124036
vn 4.4932118e-08 -0.43388331 0.90096909
vn 0.71289557 -0.30426943 0.63182282
vn -0.95180756 0.30669591 -1.1906432e-13
vn -0.95105666 0.30901647 -1.1897039e-13
vn 0.95105648 0.30901706 1.1897036e-13
vn -6.0063976e-06 -0.4338834 -0.90096903
vn 1.1270473e-13 -0.43388414 -0.90096867
vn -2.5396866e-06 -0.43388385 0.90096885
vn -1.1270473e-13 -0.43388414 0.90096867
vn 8.8453997e-14 -0.70710677 -0.70710677
vn 0.61478543 -0.34220138 -0.71058923
vn 0.70696443 -0.39885312 -0.58405268
vn -2.1254011e-06 -0.43388423 0.90096861
vn 0.71289563 -0.30427006 0.63182241
vn 0.97943401 0.194822 0.052472789
vn 0.91109598 0.1812287 0.37021646
vn 0.67582536 0.20145601 0.70899618
vn 0.67582536 0.20145603 0.70899612
vn 0.89577872 0.26702166 0.35535893
vn 0.93853891 0.31859091 0.13283272
vn 0.62450367 -0.42831481 0.6531015
vn 0.36167258 0.10781058 0.92605066
vn 0.34168485 0.10062973 0.93441164
vn 0.94404393 0.32981968 1.1809314e-13
vn -0.86589539 0.17223722 0.46963763
vn 4.9422407e-13 1 -5.3066805e-07
vn 7.4505933e-06 1 9.3200787e-19
vn -0.60660815 0.1687014 -0.77689534
vn -8.1322503e-07 -0.43388507 -0.90096819
vn 0.6329571 -0.33590811 -0.69751775
vn 0.62893224 -0.15936728 -0.76095092
vn -2.1844371e-06 -0.43388438 0.90096855
vn 0.62450451 -0.42830735 0.65310562
vn 0.62270355 -0.33949521 0.70497042
vn 0.18596214 0.035402879 0.98191887
vn -1.208304e-13 0.25881916 0.96592581
vn 1.208304e-13 0.25881916 -0.96592581
vn 0.75974882 -0.13329263 -0.63640773
vn 1.1270464e-13 -0.43388575 -0.9009679
vn 1.1270485e-13 -0.43388221 -0.90096962
vn -3.2745613e-06 -0.43388399 0.90096873
vn -1.2509285e-13 -1.0128134e-05 1
vn 0.7501899 -0.12341888 0.64960212
vn -0.94689435 0.32142672 0.0087165358
vn -0.94689423 0.32142699 0.0087165888
vn 0.94689411 0.32142732 0.0087165302
vn 1.2083042e-13 -0.25881889 -0.96592587
vn -1.2083042e-13 -0.25881889 0.96592587
vn -0.94641089 0.32126328 0.033110995
vn -0.94641101 0.32126296 0.033110894
vn 0.94641089 0.32126325 0.033110995
vn 0.94689417 0.32142729 0.0087165367
vn -0.94473642 0.32069495 0.068028107
vn -0.94473648 0.32069489 0.068028077
vn 0.94562566 0.3209964 0.052472662
vn 0.9456256 0.32099652 0.05247286
vn 0.94641101 0.32126299 0.033111077
vn -1.127048e-13 -0.43388301 0.90096921
vn -0.94062132 0.31929797 0.11524055
vn -0.94062126 0.31929806 0.11524059
vn -1.2509285e-13 3.1252437e-08 1
vn 1.2509285e-13 -6.2504874e-08 -1
vn -0.93168133 0.31626412 0.1787369
vn -0.93168169 0.31626341 0.17873637
vn 1.8626482e-06 1.5659676e-30 1
vn -0.21985373 -2.0660267e-25 -0.97553283
vn 1.3672146e-06 -0.11196502 -0.99371213
vn 0.75061637 -0.073976614 -0.65658396
vn -0.033976045 -3.1928553e-26 0.99942267
vn 0.74237841 -0.075011417 0.66576838
vn -0.5482561 -5.1521373e-25 -0.83631051
vn 1.2450998e-13 -0.096422024 -0.99534053
vn -1.2450998e-13 -0.096422024 0.99534053
vn -0.5482561 -5.1521373e-25 0.83631051
vn 0.28226379 0.095301569 0.95459139
vn 0.09878394 0.035853155 0.99446279
vn 0.70487386 -0.079420447 -0.70487255
vn 0.75171292 -0.13519432 -0.64548445
vn -0.40877277 -0.10218333 0.90689766
vn 0.74237853 -0.075014398 0.66576791
vn -0.91483712 0.31054497 0.25813735
vn -0.91483647 0.31054604 0.25813833
vn 0.70081079 -0.13314821 0.70081079
vn 0.030242456 0.010109659 0.99949145
vn -0.89275765 0.30305007 0.33338326
vn -0.89275771 0.30305004 0.33338323
vn -0.89481354 0.30374861 0.32717806
vn -0.89481395 0.3037481 0.32717744
vn 0.70081151 0.13314794 -0.70081019
vn 0.73857421 0.075483538 -0.66993308
vn 1.2993211e-06 0.11196478 -0.99371219
vn -1.2083042e-13 -0.25881886 0.96592587
vn 1.2083042e-13 0.25881889 -0.96592587
vn -1.2083042e-13 0.25881889 0.96592587
vn 1.2083042e-13 -0.25881886 -0.96592587
vn 0.7048732 0.07942035 0.7048732
vn 0.74661416 0.13637614 0.65112895
vn 1.2993208e-06 0.11196478 0.99371219
vn -0.91908228 0.31198716 0.24073179
vn -0.91908252 0.3119868 0.24073127
vn 1.2407223e-13 0.12747936 -0.9918412
vn 0.07963533 -0.1676635 0.98262262
vn -1.2479629e-13 -0.068816721 0.99762934
vn -1.2407223e-13 0.12747936 0.9918412
vn 1.2479628e-13 -0.068817876 -0.99762923
vn 0.079634421 -0.16766351 -0.98262268
vn -0.93766421 0.31829396 0.1395523
vn -0.93766379 0.31829476 0.13955317
vn -0.94553018 0.32096449 0.054355495
vn -0.9455303 0.32096413 0.054355178
vn -0.94687063 0.32141951 0.01120398
vn -0.94687074 0.32141909 0.011203309
vn -0.88601911 0.30076274 0.35286239
vn 0.74605596 0.074553721 0.66169649
vn 0.75974834 0.13329299 0.63640827
vn 0.73857415 0.075481772 -0.66993332
vn 0.75019026 0.12341727 -0.649602
vn 0.82298368 -0.56806499 1.0294937e-13
vn -0.82298392 -0.56806469 -1.029494e-13
vn 0.94562531 0.3209976 0.052472092
vn 0.88492459 0.30039242 0.35591131
vn 1.1212689e-08 -4.3438568e-09 -1
vn 0.63966841 0.29689839 0.70899624
vn 0.63966852 0.29689842 0.70899612
vn 0.85509735 0.39688846 0.33359858
vn 0.87959236 0.4337669 0.19535482
vn 1.2430631e-13 0.11196215 -0.99371248
vn -1.2430631e-13 0.11196215 0.99371248
vn 0.27071169 0.12564923 0.95442522
vn 0.27071148 0.12564917 0.95442528
vn 1.1807306e-13 0.33027881 -0.94388342
vn -0.086830914 0.43224466 -0.89756614
vn -1.1270475e-13 0.43388385 0.90096885
vn -0.17068411 0.32543135 0.93003303
vn -1.205898e-13 -0.26589346 0.96400243
vn 1.2058984e-13 -0.26589239 -0.96400273
vn -2.06595e-06 0.43388435 -0.90096855
vn 1.0319565e-06 0.43388331 -0.90096909
vn 0.64746714 0.33066022 -0.68662226
vn 2.0489516e-07 0.43388397 0.90096873
vn 0.66904998 0.32247025 0.66961563
vn 0.028977126 0.013449561 0.99948961
vn 0.028977064 0.013449534 0.99948961
vn -0.89683884 0.44227159 0.0087166
vn -0.89683896 0.44227126 0.0087165376
vn 0.89683867 0.44227186 0.0087165376
vn -0.89638084 0.44204643 0.03311092
vn -0.89638126 0.44204557 0.033110652
vn 0.89638102 0.44204611 0.033111092
vn 0.89683872 0.44227183 0.0087165441
vn -0.89479542 0.44126335 0.068028063
vn -0.89479488 0.44126433 0.06802848
vn 0.89563704 0.44167963 0.052472591
vn 0.89563721 0.44167936 0.05247204
vn 0.89638084 0.44204643 0.033110999
vn 0.67015469 0.15215248 0.72645873
vn 0.64718485 0.1423022 -0.74893379
vn 8.8453997e-14 0.70710677 -0.70710677
vn -0.89089763 0.43934152 0.11524057
vn -0.89089781 0.43934125 0.11524041
vn 0.59908199 0.43909827 -0.6695472
vn 0.68789786 0.31491575 -0.65393013
vn -1.9616789e-06 0.43388331 0.90096909
vn 0.61478639 0.34220102 0.71058863
vn -0.86602521 0.50000036 -1.0833356e-13
vn 0.86602539 0.5 1.0833358e-13
vn -0.86805075 0.49647543 -1.0858694e-13
vn 0.67373878 0.41674122 0.61024821
vn 8.8453963e-14 -0.70710707 -0.70710653
vn -1.0534857e-13 -0.53922296 0.84216303
vn 1.0534898e-13 -0.53921783 -0.8421663
vn -3.7045149e-07 -0.53922337 -0.84216279
vn -0.88243079 0.43516573 0.1787364
vn -0.88243061 0.43516603 0.17873664
vn 1.0591914e-13 0.53203207 -0.84672421
vn -1.0591902e-13 0.53203356 0.84672326
vn 1.0534852e-13 -0.53922361 -0.84216267
vn 0.74850321 0.36366269 -0.55451995
vn 0.68789798 0.31491747 -0.65392917
vn 0.67244166 0.32113975 0.66685188
vn 0.74406189 0.37678033 0.5517323
vn 0.85568362 0.51749933 1.070399e-13
vn -0.86647606 0.42729828 0.25813833
vn -0.86647636 0.42729789 0.25813794
vn -0.84556383 0.41698605 0.33338326
vn -0.84556419 0.41698569 0.33338287
vn -3.2376391e-14 0.96592587 0.25881889
vn 7.7994136e-14 0.78183132 -0.62348998
vn -7.7994136e-14 0.78183132 0.62348998
vn 0.72065806 0.54203463 -0.432262
vn 0.7274999 0.37626284 -0.57373351
vn 0.71672517 0.54521281 0.43479654
vn 0.72386867 0.38908979 0.56975722
vn 1.4550302e-07 0.78183144 -0.62348986
vn -2.133959e-06 0.78183186 -0.62348932
vn -9.3108468e-07 0.78183144 -0.62348986
vn -9.3108486e-07 0.78183144 0.62348986
vn -9.1768572e-07 0.78183144 0.62348986
vn -3.2376408e-14 -0.96592581 0.25881901
vn 0.60129023 0.66184276 -0.44767642
vn 0.63622355 0.60318667 0.4810254
vn 0.66222674 0.62654394 0.41097254
vn -0.84751159 0.41794616 0.32717744
vn -0.84751129 0.41794643 0.32717785
vn 0.66028702 0.58716583 -0.4682492
vn 0.66436166 0.58434993 0.46600297
vn 0.71683896 0.58300918 0.38241622
vn 0.65859777 0.62329566 -0.42160589
vn -7.071214e-14 -0.82490098 0.56527728
vn 7.071214e-14 -0.82490098 -0.56527728
vn -0.88601917 0.30076268 0.35286239
vn -0.9468708 0.321419 0.011204174
vn -0.78065097 0.38497445 -0.49231976
vn -0.72656685 0.36153939 -0.58428574
vn -0.87049758 0.42928123 0.24073128
vn -0.87049735 0.42928147 0.2407317
vn 0.7028572 0.5561412 -0.44350725
vn 5.9627894e-07 0.78183186 0.62348932
vn 0.71316653 0.54805958 0.43706319
vn 0.73665756 0.56547219 0.37091351
vn 0.70622045 0.58643425 -0.39667061
vn 0.89563704 0.44167963 0.052472595
vn 0.84537369 0.41689244 0.33398211
vn -0.88809645 0.43796071 0.13955311
vn -0.88809681 0.43796018 0.1395525
vn -0.83143759 0.55554974 0.0087165395
vn -0.83143747 0.55554998 0.008716586
vn 0.83143795 0.55554926 0.0087165348
vn 0.59011489 0.38612291 0.70899469
vn 0.59011358 0.38612241 0.70899606
vn 0.79726213 0.52166313 0.30371147
vn 0.80557877 0.53827029 0.24760449
vn -0.83101434 0.55526465 0.033110671
vn -0.83101314 0.55526644 0.033111271
vn 0.83101392 0.55526525 0.033110987
vn 0.83143824 0.55554879 0.0087166419
vn 2.7835801e-14 0.97492784 -0.22252114
vn -2.7835815e-14 0.97492784 0.22252125
vn -0.89554697 0.44163463 0.05435523
vn -0.89554685 0.44163483 0.054355424
vn 0.66484296 0.73179168 -0.1498826
vn 0.72816372 0.53586972 -0.42734209
vn 0.24973954 0.1634092 0.95442528
vn 0.2497392 0.16340905 0.95442539
vn 0.65451926 0.73708981 0.16823553
vn 0.65611035 0.741391 0.14092065
vn 0.67323774 0.72438818 -0.14836702
vn 0.67440569 0.71984875 -0.16430072
vn -0.82737827 0.55777788 0.065795116
vn -0.83022934 0.55474013 0.054613817
vn -0.82599527 0.55956054 0.067998804
vn -0.82737625 0.55778039 0.065799661
vn 0.83032435 0.55480462 0.052472509
vn 0.83032429 0.55480468 0.052472688
vn 0.83101386 0.55526537 0.03311095
vn 0.65823078 0.73394126 0.16751862
vn 0.67928159 0.72096902 0.13704088
vn -0.89681655 0.44226071 0.011203683
vn -0.89681643 0.44226092 0.01120411
vn 7.7994143e-14 0.78183132 -0.62349004
vn -7.7994143e-14 0.78183132 0.62349004
vn 0.66312289 -0.74851054 8.2951929e-14
vn -0.66312265 -0.74851078 -8.2951895e-14
vn 0.6867938 0.71207052 -0.14584187
vn 0.68642521 0.70896769 -0.16181833
vn 0.67873108 0.71597457 0.16341513
vn 0.70080435 0.70080566 0.13320898
vn 0.026732294 0.017491434 0.99948961
vn 0.026732272 0.017491421 0.99948961
vn -2.4883632e-14 -0.98001546 0.19892131
vn 2.4883646e-14 -0.98001546 -0.19892143
vn -0.84257603 0.53185833 0.084807783
vn -0.84257519 0.53185999 0.084805608
vn -0.83628303 0.53602457 0.11536179
vn -0.84257644 0.53185856 0.084802076
vn 0.69807315 0.69807446 -0.15932958
vn 1.3784725e-06 0.9749276 -0.22252233
vn -2.5808304e-06 0.97492796 -0.22252075
vn 3.1630546e-07 0.97492796 0.22252075
vn -5.5094019e-06 0.97492754 0.2225226
vn -0.84119958 0.52750868 0.11881854
vn -0.84493178 0.50790709 0.16769232
vn -0.84493172 0.50790554 0.16769716
vn -0.82378334 0.53795439 0.1788466
vn -0.8449322 0.50790578 0.16769414
vn -0.80433685 0.57251883 0.15894786
vn -0.85138428 0.47323856 0.22625232
vn -0.85138392 0.47323835 0.22625402
vn -0.79552871 0.54829663 0.25788543
vn -0.85138375 0.47323862 0.22625422
vn -0.8377471 0.46608177 0.28451285
vn -0.83775121 0.46608913 0.2844888
vn -0.83774561 0.46608582 0.28451061
vn -0.78412682 0.52344567 0.33339131
vn -0.80006421 0.50230783 0.32800022
vn -0.74314493 0.6691305 -9.296211e-14
vn 0.74314493 0.6691305 9.296211e-14
vn -0.74694145 0.66488981 -9.3437031e-14
vn -0.7329151 0.66496611 0.14372033
vn -0.77834302 0.59047848 0.21334797
vn -0.73330736 0.66496342 0.14171794
vn -0.75104898 0.64354426 0.14756767
vn -0.75105131 0.64354068 0.14757149
vn -0.75105226 0.64354062 0.1475669
vn -0.77780485 0.61979163 0.10429735
vn -0.73587859 0.64883924 0.19362433
vn -0.70855248 0.67673492 0.19995792
vn -0.70855248 0.67673492 0.19995809
vn -0.76817507 0.57696867 0.2775144
vn -0.60304785 0.78907436 0.11702526
vn -0.61274195 0.78778875 0.062738605
vn -0.67690605 0.73208988 0.076436952
vn -0.89285392 0.43377498 0.1210421
vn -0.56458122 0.81853431 0.10606427
vn -0.55291623 0.81770974 0.16010758
vn -0.67039323 0.74067503 0.044423405
vn -0.67043805 0.74063361 0.044437371
vn -0.68430203 0.67912775 0.2655488
vn -0.68874258 0.68106622 0.24856077
vn -0.50804812 0.84889179 0.14584181
vn -0.49051195 0.84442848 0.21526386
vn -0.68430001 0.67912155 0.26556998
vn -0.41439086 0.90655595 0.080227919
vn -0.42311168 0.90551078 0.032042373
vn 0.73050195 0.68291056 9.1380571e-14
vn -0.31634676 0.94213253 0.11095501
vn -0.32773829 0.94297844 0.058131073
vn -0.67043823 0.74063355 0.044435762
vn -0.72913432 0.60181069 0.32586351
vn -0.080218248 0.9965961 0.019006172
vn -0.43558565 0.8997947 0.025191957
vn -0.57442647 0.81698918 0.050625592
vn -0.50338733 0.86312747 0.040152483
vn -0.43558568 0.8997947 0.02519187
vn -0.097225763 0.9934296 0.06037173
vn -0.21645977 0.9737978 0.069735639
vn -0.21646 0.9737978 0.069734558
vn -0.21985178 0.9720633 0.082208037
vn -0.79880196 0.59799665 0.065692328
vn -0.68237722 0.7299509 0.039152838
vn -0.7121675 0.70047575 0.046381067
vn 0.15160201 0.98841769 0.0068784789
vn -0.21545726 0.97650915 -0.0028275808
vn -0.75181174 0.65932018 0.0087165255
vn -0.75181168 0.65932029 0.0087165479
vn 0.75181139 0.65932059 0.008716641
vn -0.43790105 0.87723875 0.19671011
vn -0.20232636 0.9675135 0.15159708
vn 0.15160386 0.98841739 0.0068785516
vn -0.21545854 0.97650892 -0.0028275994
vn 0.15160851 0.98841667 0.0068789083
vn 0.032151967 0.99947959 -0.0025956472
vn -0.44182467 0.89709717 -0.0027548897
vn -0.79935938 0.49292871 0.34357798
vn -0.81962693 0.46984765 0.32780311
vn -0.79936016 0.49292913 0.34357563
vn -0.75137287 0.65893549 0.035253722
vn -0.7654888 0.64261127 0.032828275
vn -0.76452142 0.64375359 0.032989278
vn -0.76230353 0.64636153 0.033318438
vn -0.76232195 0.64633995 0.033315893
vn -0.76231039 0.64635348 0.033317186
vn -0.7666012 0.64126706 0.033152834
vn -0.75501609 0.65482169 0.034046847
vn 0.75142765 0.65898418 0.033110958
vn 0.75181133 0.65932065 0.0087166196
vn -0.52131265 0.85329717 0.010817757
vn -0.57708347 0.8160302 0.032702118
vn 0.20505069 0.97874779 -0.0026420238
vn 0.44363683 0.89620662 1.4399774e-07
vn 0.48117349 0.8766185 0.0034812123
vn 0.4811787 0.87661558 0.0034814007
vn -0.041189563 0.99382073 0.1030715
vn -0.099886686 0.99372464 0.050338276
vn -0.096841291 0.98871857 0.11426871
vn -0.66588968 0.68154061 0.30346882
vn -0.26156649 0.93098301 0.25466371
vn -0.66585654 0.68157488 0.30346453
vn -0.66586894 0.6815623 0.30346555
vn -0.41846144 0.86841565 0.26597792
vn -0.6638304 0.74575448 0.056386743
vn -0.28494823 0.95852512 0.0058377595
vn -0.74733543 0.66318721 0.040896408
vn 0.44374809 0.89494342 -0.046518032
vn 0.16716532 0.98544323 0.030941265
vn -0.6638301 0.7457546 0.056388829
vn 0.27003253 0.96112037 0.05770668
vn -0.65538174 0.67381227 0.34125039
vn -0.74733609 0.66318673 0.040891513
vn -0.28493685 0.95852852 0.005838058
vn -0.75167298 0.65822488 0.041565843
vn -0.71443373 0.69902539 0.030789204
vn -0.73123038 0.68117905 0.036017526
vn 0.27003223 0.96112055 0.057705551
vn 0.83032084 0.55480981 0.052472278
vn 0.79214448 0.52930087 0.30388758
vn -0.7901262 0.61082584 0.050914928
vn -0.79203916 0.60804468 0.054365631
vn -0.79204339 0.6080364 0.054396652
vn -0.79204446 0.60803729 0.054371543
vn 0.75080407 0.65843749 0.052472316
vn 0.75080407 0.65843749 0.052472256
vn 0.75142753 0.6589843 0.033110917
vn -0.67783839 0.73494446 0.019794296
vn -0.55815184 0.82973886 -8.3648178e-05
vn -0.26903224 0.93573076 0.22809994
vn -0.26890212 0.93577307 0.2280799
vn -0.26893854 0.93576187 0.22808272
vn -0.072486125 0.97712767 0.19991823
vn -0.75932646 0.64919221 0.04441664
vn 0.51319301 0.8581416 0.015029018
vn 0.18749797 0.97696292 0.10192108
vn 0.71951145 0.63099462 0.2900846
vn -0.67752039 0.73517007 0.022159802
vn 0.19637749 0.9752779 0.10133557
vn 0.52169377 0.85205919 0.042786665
vn 0.19648953 0.97525811 0.10130904
vn 0.19648769 0.97525859 0.10130806
vn 0.52819961 0.46725962 0.70899481
vn 0.5281989 0.46725914 0.70899564
vn 0.72179759 0.63852179 0.26701725
vn -0.70561552 0.61179811 0.3575049
vn -0.65135431 0.67081308 0.35460871
vn -0.75933915 0.64917541 0.04444458
vn -0.7593438 0.64917177 0.044418171
vn -0.7546013 0.65530998 0.033848524
vn -0.77127337 0.63509417 0.042342044
vn -0.70216542 0.71160477 0.024131397
vn -0.55815303 0.82973802 -8.3660736e-05
vn -0.73273295 0.67997056 0.027247811
vn -0.7431196 0.66840577 0.031732235
vn -0.65134257 0.6708253 0.35460719
vn -0.70216686 0.7116034 0.024131194
vn -0.67746055 0.73549575 0.0096540479
vn -0.70216566 0.7116046 0.024130097
vn 0.5189181 0.85413921 0.034209091
vn 0.59900123 0.80074811 1.2865999e-07
vn 0.59900004 0.800749 -1.5897157e-08
vn 0.59900075 0.80074847 7.1087453e-07
vn 0.59900045 0.80074871 4.5150964e-07
vn 0.59899223 0.80075485 -2.3658879e-06
vn 0.59900075 0.80074847 7.0482542e-08
vn -0.4663775 0.82577211 0.3171632
vn -0.25077969 0.9230386 0.29173496
vn -0.74302322 0.57358313 0.34484613
vn -0.80600464 0.52046806 0.28190333
vn -0.83662301 0.4291473 0.34043288
vn -0.84158373 0.48327109 0.24121757
vn -0.80600339 0.52046728 0.28190839
vn 0.22353636 0.19774646 0.95442539
vn 0.22353913 0.19774866 0.95442426
vn 0.52819842 0.46725839 0.70899647
vn -0.55816168 0.82973218 -8.3672421e-05
vn -0.76924533 0.63765281 0.040749405
vn -0.75502735 0.65491366 0.031964432
vn -0.19345708 0.94072092 0.27860108
vn -0.25216576 0.92417061 0.28691664
vn -0.74449152 0.66713983 0.025627226
vn -0.75105298 0.65956885 0.029805571
vn 0.45960948 0.88655746 0.052677788
vn 0.5162136 0.85612029 0.02411508
vn 0.21441591 0.96323293 0.1618893
vn -0.70796436 0.7062481 -8.2709339e-05
vn -0.8570143 0.51528275 0.0031918047
vn -0.81191468 0.58377612 -5.9175873e-05
vn -0.70246297 0.71130931 0.024184715
vn -0.72399324 0.6897096 0.011595955
vn -0.72073764 0.6931302 0.010381508
vn -0.71465248 0.6994772 0.0018574892
vn -0.72318381 0.69048375 0.015408404
vn 0.21430662 0.96325111 0.16192594
vn 0.21441476 0.96323293 0.16189083
vn -0.2522583 0.92413968 0.28693491
vn -0.25213152 0.92418295 0.28690681
vn -0.76732165 0.64012212 0.038225707
vn 0.4647229 -0.88545614 5.8133511e-14
vn -0.46472329 -0.88545597 -5.8133558e-14
vn 0.09604302 0.97789431 0.18573751
vn -0.74068302 0.67161554 0.017921804
vn -0.74779236 0.66361082 0.020669188
vn -0.72057331 0.69336522 -0.0043350277
vn -0.76732403 0.64011985 0.03821557
vn -0.76628435 0.64141673 0.037321344
vn -0.75260317 0.65800035 0.024980828
vn -0.75641304 0.653458 0.028843476
vn -0.74068278 0.67161578 0.017922718
vn -0.73570758 0.67718893 0.012225941
vn -0.74302262 0.57358271 0.34484816
vn -0.74779272 0.6636104 0.020670397
vn -0.7663762 0.64130807 0.037302908
vn -0.76572829 0.64212507 0.036545802
vn -0.76592147 0.6418761 0.036869653
vn -0.75965708 0.64993984 0.022346856
vn -0.76140308 0.64773011 0.026665961
vn -0.74625993 0.6656003 0.0085029379
vn -0.6982758 0.71044546 -0.087625116
vn -0.71666032 0.69518405 -0.055831265
vn -0.74624372 0.66561812 0.008536051
vn -0.75001973 0.66130888 0.01187459
vn -0.75000572 0.66132408 0.011909695
vn 0.023927556 0.021166949 0.99948961
vn 0.023927091 0.021166554 0.99948961
vn 0.22353561 0.19774565 0.95442575
vn 0.22353572 0.19774576 0.95442569
vn -0.76584196 0.64249146 0.026282813
vn -0.75693768 0.65347457 0.0040390352
vn -0.87708592 0.39301035 0.27615777
vn -0.82455635 0.53003621 0.19791019
vn -0.82455611 0.53003603 0.19791169
vn -0.87177867 0.46953359 0.13978621
vn -0.8920902 0.43660867 0.11639573
vn -0.76558512 0.64220476 0.038112212
vn -0.76264381 0.64678901 0.0061956816
vn -0.76623541 0.64236665 0.015757883
vn -0.76561087 0.64204258 0.040265355
vn -0.76557785 0.6422134 0.038112212
vn -0.76530552 0.64262509 0.036613002
vn -0.76966029 0.63790989 0.026344154
vn -0.76594257 0.64204788 0.033263914
vn -0.7703321 0.63745219 0.015595852
vn 0.75296026 -0.6554085 -0.059080854
vn -0.76227313 0.64722562 0.0062139193
vn -0.7696712 0.63842559 0.0043611168
vn -0.79307014 0.60448349 -0.075096779
vn -0.76167083 0.64795876 0.0026449335
vn -0.77038598 0.63757777 0.00013035951
vn -0.80674273 0.59090132 -0.0013186255
vn -0.80683613 0.59066093 0.011626408
vn -0.80162567 0.59779239 0.0063648117
vn -0.79581809 0.60553193 0.0021419059
vn -0.76429343 0.64363903 0.039803579
vn -0.81885999 0.57395542 0.0065968581
vn -0.825351 0.56448013 0.012567163
vn -0.82535136 0.56447965 0.012565115
vn -0.82233232 0.56863993 0.020450473
vn -0.80743015 0.58919233 0.030148763
vn -0.80744976 0.58916605 0.030136976
vn -0.77725935 0.62916458 0.0044585457
vn -0.77960497 0.62627155 -0.000128129
vn -0.79229707 0.61002094 0.011823546
vn -0.7906003 0.61232364 0.0033101628
vn -0.79057711 0.61235374 0.0032802122
vn -0.76809609 0.57463497 0.28252974
vn -0.66601467 0.68207943 0.30198026
vn -0.78748339 0.61630374 0.0062951478
vn -0.7813518 0.62396842 0.01236232
vn -0.78431863 0.62029755 0.0086758258
vn -0.47618654 0.83281964 0.28223714
vn -0.76271743 0.64553791 0.039280213
vn -0.7745347 0.63197488 0.026529316
vn -0.78449452 0.62006927 0.0090812016
vn -0.80924106 0.58747649 -0.00054924551
vn -0.78413385 0.62031758 0.018445279
vn -0.77120548 0.63584542 0.030704161
vn -0.77453929 0.6319688 0.026538756
vn -0.79330397 0.60868746 0.012977371
vn -0.80348194 0.59530622 0.0052263909
vn -0.76272792 0.64552534 0.039283521
vn 0.45950872 0.88663012 0.052333783
vn 0.42297637 0.90327328 0.072030254
vn -0.80348891 0.5952965 0.0052528945
vn -0.82318419 0.56775427 0.0047815167
vn -0.79490054 0.606444 0.018941697
vn -0.82320744 0.56772071 0.0047666575
vn -0.84305555 0.5247187 0.11801545
vn -0.84305596 0.524719 0.11801116
vn -0.87694246 0.47750038 0.054454759
vn -0.86006176 0.50473839 0.074383691
vn -0.77851498 0.62693006 0.029549282
vn -0.77178806 0.63493919 0.034573726
vn -0.80886227 0.58784437 0.013447034
vn -0.76808578 0.57464623 0.28253484
vn -0.76291561 0.64530027 0.039336238
vn -0.82320422 0.56772548 0.0047476217
vn -0.47597438 0.83296221 0.28217432
vn -0.20595312 0.94984329 0.23533176
vn -0.8479054 0.53011006 0.0063086841
vn -0.85392553 0.52038401 0.003416612
vn -0.80997211 0.58612317 0.020118732
vn 0.090156592 0.98207843 0.16551049
vn 0.090163693 0.98207831 0.16550753
vn -0.83113068 0.55534369 0.028550951
vn -0.8314175 0.55553526 0.011203701
vn -0.83141756 0.55553514 0.011203635
vn -0.77361774 0.63265508 0.035540648
vn -0.7787143 0.62662315 0.030781463
vn -0.83010328 0.55742246 0.014447825
vn -0.20585649 0.9498713 0.23530324
vn -0.75901818 0.50715947 0.40826544
vn -0.76808703 0.57464719 0.28252959
vn -0.73647565 0.67565125 0.033151038
vn -0.72214395 0.68912637 0.060108218
vn -0.85392529 0.52038443 0.0034145946
vn -0.90495896 0.42549324 -0.0021913017
vn -0.87640709 0.48147589 0.0095686782
vn -0.68293047 0.70368624 0.19603981
vn -0.72395462 0.68758112 0.055873696
vn -0.7905193 0.61151272 0.033636909
vn -0.83099955 0.55580306 0.022861764
vn -0.79051882 0.61151356 0.033632722
vn -0.79051876 0.61151361 0.033633001
vn -0.77685791 0.62837756 0.040415645
vn -0.85992002 0.51016819 0.016308604
vn 0.45661446 0.88893408 0.036048152
vn -0.72395492 0.68758112 0.055870511
vn -0.49587348 0.84762865 0.18877266
vn -0.70734549 0.67715454 0.20279072
vn -0.72395492 0.68758118 0.055869643
vn -0.72612029 0.65857273 0.19756338
vn -0.89745325 0.44100401 0.0096492618
vn 0.45661536 0.88893342 0.03605229
vn -0.89745265 0.4410055 0.0096397977
vn -0.98214811 0.1881094 -1.2285969e-13
vn -0.98485631 0.1733716 0.00062926771
vn -0.93021631 0.36701173 -6.0997016e-05
vn -0.98485535 0.17337698 0.00062920072
vn -0.89744812 0.44101474 0.0096396524
vn -0.95745391 0.2885851 -0.00082606822
vn -0.86082524 0.50802702 0.029806603
vn -0.77491093 0.62088126 0.11840393
vn 0.70205861 0.70205754 0.11928507
vn 0.70205891 0.70205742 0.11928398
vn 0.70205826 0.70205718 -0.11928931
vn 0.70205873 0.70205748 0.11928449
vn 0.70205867 0.7020576 -0.11928426
vn 0.70205843 0.70205772 -0.1192851
vn 0.70205867 0.70205766 -0.1192839
vn -0.77491164 0.6208818 0.11839648
vn -0.22257444 0.96212351 0.15741324
vn -0.49575251 0.8477056 0.18874493
vn -0.8138085 0.5794062 0.04476814
vn -0.81721747 0.57468057 0.04356423
vn -0.81721741 0.57468081 0.04356277
vn -0.90333599 0.42844117 0.020549541
vn -0.73134375 0.6788938 0.065111585
vn 0.69614416 0.59914184 0.39549008
vn 0.69614387 0.59914166 0.39549083
vn 0.69614345 0.59914201 -0.39549103
vn 0.69614363 0.59914267 0.39548969
vn 0.70205891 0.70205724 -0.11928502
vn 0.69614381 0.59914201 -0.39549038
vn 0.44813466 0.89321029 0.036752
vn 0.078466564 0.99075377 0.11067938
vn 0.078337811 0.99075961 0.11071827
vn -0.85877359 0.51068437 0.041344255
vn -0.22242163 0.96216422 0.15738069
vn 0.96592551 0.25882018 1.2083037e-13
vn -0.96592551 0.25882018 -1.2083037e-13
vn -0.63987523 0.75975752 0.11544762
vn -0.69465077 0.7121923 0.10120499
vn -0.73134214 0.67889565 0.065110594
vn -0.50797695 0.84574527 0.16332272
vn -0.77990043 0.62141442 0.074829392
vn 0.69614363 0.59914201 0.39549062
vn 0.69614375 0.59914219 0.39549029
vn -0.50743461 0.85650617 0.094378464
vn -0.80741203 0.58640778 0.064897344
vn -0.0041544614 0.0030173052 0.99998683
vn 0.44828972 0.89307898 0.038029592
vn 0.42760429 0.90379828 0.017414762
vn 0.4047198 0.91415161 0.02299382
vn -0.85877365 0.51068425 0.041344967
vn -0.65932029 0.75181168 0.0087165944
vn -0.65932053 0.75181144 0.0087165367
vn 0.65932059 0.75181139 0.0087166186
vn -0.75901771 0.50716025 0.40826544
vn -0.83141702 0.55553597 0.011202537
vn -0.4975802 0.37999192 -0.77975643
vn 0.00010080884 -4.5954945e-05 1
vn -0.51255834 0.85335523 0.095230497
vn -0.23165087 0.96926177 0.082882307
vn 0.69614357 0.3401919 0.63218164
vn 0.69614291 0.3401922 -0.63218218
vn 0.69614315 0.59914261 -0.39549059
vn 0.69614375 0.59914213 -0.39549029
vn 0.69614381 0.34019101 -0.63218188
vn -0.65898401 0.75142777 0.033110958
vn -0.65898448 0.75142741 0.033110794
vn 0.65898401 0.75142777 0.033110917
vn 0.65932053 0.75181144 0.0087165944
vn -0.9996314 -0.0255497 -0.0091796396
vn -0.90431553 0.42385182 0.050626509
vn 0.0001290192 -6.5855238e-05 1
vn 0.072317734 0.99553692 0.060632825
vn 0.40473145 0.91421604 0.020036196
vn -0.055290345 0.99664199 0.0603965
vn -0.05528713 0.99664217 0.060396235
vn 0.00021183297 -0.0010621435 0.9999994
vn -0.81379694 0.57944161 0.044519898
vn -0.77726072 0.62357086 0.083816461
vn -0.77723736 0.62359834 0.083828546
vn -0.77726007 0.62357146 0.083817951
vn -0.65127259 0.74972749 0.11727214
vn -0.8822279 0.46662438 0.06273479
vn -0.96522379 0.25945374 0.032042805
vn -0.65777898 0.75005281 0.068902731
vn -0.84472305 0.53099918 0.066954486
vn -0.73134869 0.67888856 0.065110914
vn 0.65805054 0.75036311 0.062647022
vn 0.70213348 0.71010107 0.052583795
vn 0.65898412 0.75142771 0.033110958
vn 0.00020973985 -0.0010433189 0.9999994
vn -0.0013900236 0.015366796 0.99988097
vn 6.2062331e-06 -1.6629631e-06 1
vn 2.7342176e-06 8.810126e-06 1
vn -0.0013727368 0.015181019 0.99988383
vn 0.67124128 0.67882371 0.29771379
vn 0.67122322 0.67883593 0.29772678
vn 0.23931576 -0.97094178 2.9936689e-14
vn -0.23931564 -0.97094184 -2.9936675e-14
vn 0.69614381 0.34018993 -0.63218242
vn 0.69614357 0.34019148 -0.63218182
vn 0.67447615 0.73024982 0.10870653
vn 0.64949167 0.72531623 0.22820361
vn 0.60821456 0.73620331 0.2967822
vn 0.96592551 -0.25882018 1.2083037e-13
vn -0.96592551 -0.25882018 -1.2083037e-13
vn -0.98175102 -0.19017063 -1.2281003e-13
vn -0.9817518 -0.19016686 -3.6627341e-08
vn -0.9817521 -0.19016527 -9.3869069e-08
vn -0.87084264 -0.49119931 0.018876536
vn -0.97922367 -0.20278165 -0.00078794302
vn -0.97718757 0.20457827 0.057027575
vn 0.6082176 0.73620588 0.29676977
vn -0.58778536 0.80901694 -7.3527739e-14
vn 0.58778512 0.80901706 7.3527718e-14
vn 0.56076407 0.64491045 0.51926315
vn 0.40320012 0.58366674 0.70481402
vn -0.5936895 0.80469418 -7.4266311e-14
vn -0.6561721 0.7515378 0.068037584
vn -0.65055579 0.75174391 0.10797347
vn -0.65055615 0.75174427 0.1079691
vn 0.37021914 0.54063642 0.75541383
vn 0.42910734 0.56178075 0.70729715
vn -0.97700804 0.20314005 0.064725712
vn -0.99391937 0.10154517 0.042578075
vn 0.13216174 0.28489608 0.94940376
vn 0.57388651 0.81893486 7.1789098e-14
vn 0.21174623 0.41396394 0.88532335
vn 0.10448873 0.31001353 0.94497287
vn -0.96498644 0.25223207 0.07197322
vn 0.67447698 0.73024881 0.108708
vn 0.64949256 0.72531539 0.22820386
vn 0.60240483 0.77415812 0.19439043
vn 0.60339695 0.77582723 0.18440245
vn 0.49618351 0.75572014 0.4274213
vn 0.44048175 0.75611889 0.48400414
vn 0.0518043 0.35627311 0.93294466
vn 0.22846475 0.53066206 0.81621176
vn 0.64910215 0.75750011 0.069713637
vn 0.69614339 -0.34019303 0.63218123
vn 0.69614238 -0.34019056 -0.63218361
vn 0.69614345 -0.34019235 -0.63218147
vn 0.69614357 -0.34019148 0.63218182
vn 0.69614357 -0.34019151 -0.63218182
vn 0.69614357 -0.34019148 -0.63218182
vn 0.27694139 0.62699002 0.7281394
vn -0.087680474 0.12976111 0.98766094
vn -0.88194007 0.45767123 0.11277728
vn -0.9853639 0.15760005 0.06496343
vn -1.1903986e-13 0.30730188 0.95161206
vn -0.0066971839 0.17219602 0.98503995
vn -0.99391937 0.10154525 0.042577725
vn -0.68466365 0.71477956 0.14256887
vn -0.8208043 0.55959308 0.11461194
vn 0.69614339 -0.34019199 0.63218176
vn -0.079087682 0.65009242 0.75572813
vn 0.14976138 0.54450709 0.82527786
vn 0.30838016 0.72957897 0.61042297
vn -0.71696782 0.68005669 0.15323195
vn -0.82080173 0.55959666 0.11461274
vn -0.82080436 0.55959362 0.11460906
vn -0.90403467 0.41317272 0.10958846
vn 0.15588865 0.59176463 0.79089403
vn -0.964863 -0.26148975 0.025740251
vn -0.98362076 0.15041152 0.099330753
vn 0.70488799 -0.59197837 0.39076149
vn 0.69831079 -0.58719212 0.40935013
vn 0.70488739 -0.59197885 -0.39076182
vn 0.69831014 -0.5871926 -0.40935045
vn 0.69614315 -0.59914261 0.39549062
vn 0.69831067 -0.58719254 -0.40934962
vn 0.70488769 -0.59197861 -0.39076167
vn -0.007410625 0.29279581 0.9561463
vn 0.15682168 0.59332603 0.78953862
vn -0.0074106213 0.29277757 0.95615184
vn -0.97761768 -0.19187474 0.086300448
vn 0.0030846838 0.5340656 0.84543741
vn -0.63757569 0.76169825 0.11538228
vn -0.63039267 0.76148051 0.1508394
vn 0.56544161 0.8085891 0.16266379
vn 0.3898415 0.84802675 0.35899064
vn 0.50757825 0.82172835 0.25908849
vn 0.58679587 0.80548692 0.082834065
vn 0.56537169 0.80864686 0.16261961
vn -0.82334763 -0.56753677 -0.00083251751
vn -0.97761762 -0.19187674 0.086296357
vn 0.19903208 0.81946236 0.53746408
vn 0.30948007 0.83229727 0.4598949
vn -0.8181625 -0.57498705 -1.0234627e-13
vn -0.82334054 -0.56754708 -0.00083241489
vn -0.82334143 -0.56754583 -0.00083248201
vn 0.62980521 0.77465475 0.0570563
vn -0.63039243 0.76148015 0.15084212
vn 0.62988257 0.77458823 0.05710578
vn -0.97706473 -0.19281802 0.090364218
vn -0.94041359 -0.33784175 0.038539179
vn -0.99171084 -0.064544521 0.11110161
vn 0.69522518 -0.70863658 0.12040014
vn 0.69660157 -0.70433283 0.13660717
vn 0.69522494 -0.70863676 -0.12040017
vn 0.69660133 -0.70433307 -0.13660713
vn 0.69584846 -0.62748379 0.3493695
vn 0.70352596 -0.58298755 0.40641943
vn 0.69660175 -0.70433229 -0.13660906
vn 0.69522518 -0.70863658 -0.12040014
vn 0.070686847 0.73314446 0.6763894
vn 0.0084107751 0.7288605 0.68461061
vn 0.0083957575 0.72887158 0.68459892
vn 0.70040476 -0.70040351 0.13736132
vn 0.7004047 -0.70040345 -0.13736188
vn 0.70040476 -0.70040351 -0.13736132
vn -0.90176827 0.40390703 0.15386076
vn -0.99471855 0.045398742 0.092053853
vn -1.2268921e-13 0.19509058 0.98078525
vn -0.55554897 0.83143812 0.0087166037
vn -0.55554903 0.83143812 0.0087165907
vn 0.55554926 0.83143795 0.0087165907
vn -0.0021568239 0.71731353 0.69674718
vn -0.0021575983 0.71733868 0.69672126
vn -0.55526549 0.8310138 0.033111092
vn -0.5552659 0.8310135 0.03311095
vn 0.51828539 0.85399294 0.045566365
vn 0.51358998 0.85674036 0.047130153
vn 0.51358241 0.85674477 0.047132898
vn 0.50643975 0.86083788 0.049768198
vn 0.55531025 0.83108079 0.030582791
vn 0.55930001 0.8283034 0.033121102
vn 0.55554903 0.83143812 0.0087165348
vn -1.0401081e-13 0.55557132 0.83146888
vn 0.10828869 0.8239305 0.55624825
vn -0.0021575983 0.71733874 0.69672126
vn 0.0030846496 0.84036654 0.54200971
vn -0.990165 0.03511427 0.13542618
vn -0.74314535 0.63932174 0.19749098
vn -0.79953396 0.57513791 0.1730949
vn -0.79953402 0.57513827 0.17309318
vn -0.92381948 0.35172597 0.1511503
vn -0.65964335 0.72505003 0.19792193
vn 0.25881886 -0.96592587 3.2376388e-14
vn -0.25881886 -0.96592587 -3.2376388e-14
vn 0.6163184 0.7855801 0.054913633
vn 8.0152993e-14 0.76775128 -0.64074802
vn 0.47223535 0.87043619 0.13904895
vn 0.4594782 0.86749911 0.19059123
vn 0.45947811 0.86749941 0.19059016
vn 0.38909367 0.72203922 0.57207125
vn 0.13702299 0.91492015 0.37966534
vn 0.06512329 0.89204651 0.44722694
vn 0.06512364 0.89204627 0.44722745
vn 0.002023577 0.85865122 0.51255631
vn 0.0020235989 0.8586508 0.51255703
vn -6.9497989e-14 0.83146888 0.55557132
vn -0.80741072 0.58640969 0.064897344
vn -0.5542835 0.82954323 0.06802804
vn 0.56903255 0.82008225 0.060556564
vn 0.56421727 0.82270533 0.069389217
vn 0.56903255 0.82008225 0.060555995
vn 0.56903255 0.82008225 0.060556568
vn 0.61632222 0.78557706 0.054913901
vn 0.57770473 0.81439859 0.054883044
vn 0.57070619 0.81837267 0.067532428
vn -0.98348206 -0.079690129 0.16251929
vn -0.7646147 -0.64411312 -0.021968842
vn 0.16624361 0.9569844 0.23778975
vn -0.00087513111 0.93072802 0.36571103
vn 0.94592834 -0.26609737 0.18550397
vn 0.16624312 0.95698547 0.23778567
vn -0.00087513111 0.93073052 0.36570469
vn 0.00060869957 0.9842394 0.17684005
vn 2.8740458e-14 0.97324896 -0.229753
vn -0.63993961 0.74731994 0.17885804
vn -0.6192289 0.75853342 0.202935
vn 0.1662464 0.95698237 0.23779587
vn 0.35285661 0.93275058 0.073949918
vn 0.0016358966 0.97903574 0.20368207
vn -2.4404435e-14 0.98078525 0.19509058
vn 0.11596645 0.98360455 0.13810828
vn -0.75161463 0.65914792 0.024483521
vn -0.75179285 0.6593042 0.011201958
vn -0.75179249 0.65930456 0.011202597
vn 0.45189574 0.88505471 0.1116619
vn 0.45189619 0.88505435 0.11166326
vn 0.46927297 0.87901008 0.084404595
vn 0.12223352 0.98216009 0.14290027
vn 0.58623892 0.80583876 0.08335381
vn -0.71248794 0.62483537 -0.31928319
vn 0.15927477 0.98622048 0.04472886
vn 0.15494105 0.98631048 0.056434888
vn -4.9147486e-15 0.99922788 0.039288808
vn 0.50377399 -0.86383551 6.3018519e-14
vn 0.47090372 -0.87775731 0.088271134
vn 0.46435443 -0.88564306 -0.0033714888
vn 0.63569981 -0.77193642 7.9521493e-14
vn 0.463626 -0.88591814 0.014140688
vn 0.63392216 -0.77311027 0.021051677
vn 0.8622241 -0.50652695 1.0785807e-13
vn 0.97703987 -0.21305667 1.2222069e-13
vn 0.97380143 -0.22337413 0.042599935
vn 0.98164588 0.16593029 0.094013028
vn 0.97891957 0.20424601 1.2245584e-13
vn 0.97892004 0.20424397 -8.4481712e-07
vn 0.89134848 0.42580098 0.15553601
vn 0.85399115 0.52028757 1.0682817e-13
vn 0.60388839 0.79706889 7.5542112e-14
vn 0.81328291 0.5631361 0.14645357
vn 0.81894696 0.57181931 0.048462227
vn 0.44875163 0.89365649 5.6135618e-14
vn 0.59768265 0.78856283 0.14472087
vn 0.44874972 0.89365751 5.6135377e-14
vn 0.44874966 0.89365751 2.7835169e-06
vn 0.20164348 0.97523576 0.090857551
vn 0.18970783 0.9772929 0.094390497
vn 0.18977772 0.97727597 0.094425298
vn 0.20763834 0.97319919 0.09884169
vn 0.20440814 0.97319406 0.10540686
vn 0.18977769 0.97727597 0.094425365
vn 0.1708733 0.98289561 0.068691522
vn 0.1903991 0.9771418 0.094562851
vn 0.15542184 0.9858703 0.062479969
vn 0.16981873 0.98291069 0.071050525
vn 0.15542187 0.9858703 0.062479887
vn 0.14267446 0.98907208 0.037153497
vn 0.19273511 0.97926903 0.06233241
vn 0.16137318 0.98599833 0.042022899
vn 0.14318101 0.98906684 0.035297945
vn 0.16137317 0.98599833 0.042023014
vn 0.17493595 0.98422176 0.026551431
vn 0.12821567 0.99146718 0.023527013
vn 0.15863247 0.9870441 0.024076875
vn 0.12917222 0.9914723 0.017238438
vn -0.75582415 -0.65460354 0.014967288
vn -0.92924243 -0.3546969 0.10343399
vn -0.92649579 -0.36260319 0.10062071
vn -0.92646748 -0.36268309 0.10059331
vn -0.91803986 0.33871642 0.20609227
vn -0.98851198 -0.07994438 0.12826917
vn 0.16190679 0.98657376 0.021411913
vn 0.46032915 0.88553047 0.062712267
vn 0.48574707 0.8718397 0.06281177
vn 0.46018612 0.88551682 0.063942783
vn 0.4955551 0.86597127 0.067222983
vn 0.49555647 0.86597025 0.067225531
vn 0.50929803 0.8558985 0.089739718
vn 0.44174421 0.89313513 0.084685884
vn 0.4955571 0.86597025 0.067221329
vn 0.47765034 0.87118649 0.11350875
vn 0.45237336 0.88432604 0.11543763
vn 0.50793087 0.85597098 0.096539408
vn 0.51729923 0.8457424 0.13084851
vn 0.51729864 0.8457424 0.13085081
vn 0.51518172 0.84160954 0.16211481
vn 0.4751431 0.86566216 0.15769626
vn 0.19675562 0.97607601 0.09253592
vn 0.50090712 0.84147626 0.20250863
vn 0.52743465 0.83163106 0.17378859
vn 0.52743351 0.83163112 0.17379172
vn 0.58070493 0.81109095 0.070094407
vn 0.53263491 0.81667942 0.22211429
vn 0.53263515 0.81667954 0.22211349
vn 0.55598778 0.78662926 0.26849961
vn 0.51398271 0.81805021 0.2581
vn 0.51398349 0.81804973 0.2581
vn 0.55215788 0.78670198 0.27608275
vn 0.53887063 0.7967037 0.27364519
vn 0.56113416 0.78062475 0.27523345
vn 0.1967791 0.97607017 0.092547059
vn 0.11510675 0.98609126 0.11989349
vn 0.56486803 0.78253484 0.26184595
vn 0.52925587 0.80765098 0.25997704
vn 0.52925622 0.80765098 0.25997639
vn 0.54310602 0.8387813 -0.038494054
vn 0.11500094 0.9861052 0.11988023
vn 0.57019126 0.7888667 0.22928409
vn 0.70685655 0.68294036 0.18424511
vn 0.58070475 0.81109113 0.070094064
vn 0.6638338 -0.74787503 -0.0027545267
vn 0.78562582 -0.61846316 0.017187176
vn 0.66259587 -0.74843526 0.028484076
vn 0.71057576 0.6874032 0.15019633
vn 0.49866676 -0.85513967 0.14166005
vn 0.50374317 -0.86378437 0.010927055
vn 0.78344458 -0.61994559 0.043381944
vn 0.93403727 -0.35600683 0.02887056
vn 0.93140799 -0.35988244 0.054440964
vn 0.86766785 0.49515823 0.044393882
vn 0.7362504 0.63167691 0.24273376
vn 0.71023905 0.6453045 0.28132284
vn 0.76089162 0.62830257 0.16211049
vn 0.7608912 0.62830216 0.16211405
vn 0.98164624 0.16592835 0.094012901
vn 0.57471555 0.78276098 0.23872006
vn 0.62157685 0.75358647 0.21389182
vn -0.96094894 0.094576925 0.26006207
vn -0.92631334 -0.36287978 0.10130092
vn -0.97615546 -0.096861228 0.19426374
vn 0.97994196 0.15046534 0.13066708
vn 0.89633113 0.39650232 0.19843498
vn 0.5769738 0.8141548 0.065216571
vn 0.49866551 -0.85514045 0.14166005
vn 0.7921384 -0.59055388 0.1541522
vn 0.82910079 -0.52621698 -0.18891166
vn 0.82908934 -0.52624452 -0.18888497
vn 0.58391529 0.80851781 0.073088221
vn 0.57491922 0.81454492 0.077359125
vn 0.50374299 -0.86378443 0.010927059
vn 0.50997359 0.85741276 0.069067195
vn 0.60430658 0.79383975 0.068058565
vn 0.57591653 0.81140876 0.099679768
vn 0.5713129 0.81767988 0.070718698
vn 0.50997347 0.85741264 0.069069557
vn 0.50996464 0.85741836 0.069064118
vn 0.68487871 0.71955013 0.11484237
vn 0.6323154 0.7655614 0.11871406
vn 0.6323148 0.76556182 0.11871441
vn 0.60736024 0.7797215 0.15214448
vn 0.84425461 -0.53587031 0.00878317
vn 0.60677701 0.77901089 0.15799901
vn 0.61409116 0.77411813 0.15373088
vn 0.63944054 0.75207222 0.15969718
vn 0.62091696 0.75779855 0.20050806
vn 0.61253983 0.77670062 0.14673479
vn 0.62725198 0.75152421 0.20436813
vn 0.63115805 0.74894911 0.20177907
vn 0.99526417 -0.020468153 0.095027953
vn 0.98111463 0.15948965 0.10944039
vn 0.82396477 -0.56657356 0.0087433541
vn 0.84428734 -0.53585565 0.0061315098
vn 0.97851747 -0.19625594 0.06314379
vn -0.55186909 0.82592982 0.11524057
vn -0.55186874 0.82593006 0.1152408
vn 0.53243101 0.83862031 0.11503539
vn 0.60252875 0.79129136 0.10400535
vn -0.684569 -0.72894806 -3.0957591e-07
vn -0.68456733 -0.72894967 1.2434106e-06
vn -0.68456888 -0.72894818 -8.5634665e-14
vn -0.68457884 -0.72893882 -1.4272246e-06
vn -0.68456846 -0.72894853 1.8826339e-07
vn -0.68457019 -0.72894692 -4.4312341e-07
vn -0.75068396 -0.65970224 0.035588536
vn 0.89918447 -0.43634233 0.032752391
vn 0.82257861 -0.56709564 0.042035673
vn 0.6265769 0.75214297 0.20416263
vn 0.62766129 0.75199747 0.20134826
vn 0.64110076 0.73856634 0.20858949
vn 0.62944335 0.73159891 0.26184756
vn 0.63489306 0.7269628 0.26160264
vn 0.63415235 0.72739756 0.26219001
vn 0.97923148 -0.19505623 0.05530671
vn 0.89647448 -0.43820488 0.065650158
vn 0.6302979 0.70791423 0.3187193
vn 0.63029557 0.70791084 0.31873143
vn 0.64134765 0.72036976 0.26408443
vn 0.63214463 0.70627654 0.31869513
vn 0.63540679 0.70494878 0.31512758
vn 0.62157702 0.75358707 0.21388909
vn -0.71535152 0.67254555 0.18961728
vn -0.78548294 0.57035446 0.24023385
vn -0.78430134 0.56798512 0.24952827
vn -0.93882531 0.27696627 0.2046869
vn 0.62163764 0.70546734 0.34041512
vn 0.62352866 0.70537293 0.33713654
vn 0.68193859 0.64923835 0.33682242
vn -0.61922908 0.75853366 0.20293365
vn 0.74039906 0.61785954 0.26468632
vn 0.84095329 0.50802892 0.18629052
vn 0.8409403 0.50804883 0.18629496
vn 0.99308658 0.051977854 0.10524888
vn 0.93992484 0.3104901 0.14190559
vn 0.8411206 0.49613664 0.2153243
vn 0.69014311 0.66454959 0.28648955
vn 0.68193924 0.64923781 0.33682212
vn 0.68398273 0.64861161 0.33387217
vn 0.68552971 0.65008897 0.32777023
vn 0.67737967 0.65709776 0.33072543
vn 0.67737889 0.65709829 0.33072594
vn 0.70058692 0.65161788 0.29081288
vn 0.70058739 0.6516183 0.29081067
vn 0.70145458 0.65316677 0.28519234
vn -0.75052249 -0.65988976 0.035517074
vn -0.9112981 -0.37849391 0.1621052
vn -0.80279934 -0.59325927 0.059637815
vn -0.62340969 0.73704165 0.26101729
vn 0.99343276 -0.032944202 0.1095718
vn 0.99649429 -0.028308993 0.078725301
vn 0.93595052 -0.35185423 0.01397122
vn 0.97115052 -0.23397051 0.046092626
vn 0.93427068 -0.35247332 0.053859301
vn 0.81080431 0.54097515 0.22347757
vn 0.84114045 0.50091958 0.20386846
vn 0.96783227 -0.23624164 0.086548232
vn 0.96726239 0.21904531 0.12815066
vn 0.93855637 0.30654657 0.15855949
vn -0.9250083 0.25774604 0.27915344
vn -0.96824527 0.10236511 0.22808449
vn -0.96824718 0.10235362 0.22808155
vn -0.96824533 0.10236585 0.22808371
vn 0.97949344 -0.20147619 1.2252761e-13
vn 0.97442424 -0.16061383 -0.15716407
vn 0.97442484 -0.16063054 -0.15714344
vn 0.83416128 -0.52941543 0.15457776
vn -0.61836374 0.74114591 0.26139811
vn -0.62254572 0.73869145 0.25840238
vn -0.74475151 0.61981577 0.24733296
vn -0.91132611 -0.37841466 0.16213301
vn 0.84412599 -0.53573966 0.020839831
vn -0.91129571 -0.37850025 0.16210392
vn 0.96968788 0.22320381 0.099425822
vn 0.98656952 -0.1625686 0.0158755
vn 0.69654429 0.67573333 0.24126859
vn 0.6851933 0.68333578 0.25211573
vn 0.98657167 -0.16255568 0.015875492
vn 0.9983862 0.0040061031 0.05664793
vn 0.99956673 0.0044392035 0.029097877
vn 0.99387777 0.086373962 0.068894722
vn 0.989887 0.083833024 0.11443679
vn -0.54662371 0.8180806 0.17873631
vn -0.54662383 0.81808054 0.17873622
vn 0.68399358 0.71236241 0.15713874
vn 0.68399411 0.71236175 0.15713936
vn 0.68399358 0.71236241 0.15713866
vn 0.81424218 0.55126774 0.1819713
vn 0.81996405 0.54401582 0.17806123
vn 0.8142215 0.55120158 0.18226397
vn 0.47953269 0.8734985 0.083956644
vn 0.42941278 0.90200603 0.044607289
vn 0.47952682 0.87350196 0.083954595
vn 0.42938605 0.90200984 0.044787329
vn 0.42563537 0.90382802 0.0439253
vn 0.62523496 0.77157414 0.11727994
vn 0.40979204 0.9049232 0.11482375
vn -0.94636172 -0.26438498 0.18574198
vn -0.9538644 0.087832227 0.28710321
vn -0.40673652 0.91354549 -5.0879829e-14
vn 0.4067367 0.91354543 5.087985e-14
vn -0.76732397 0.56310469 0.30680129
vn -0.76581508 0.56278884 0.3111206
vn -0.76581872 0.56279379 0.31110263
vn -0.78683263 0.53740555 0.3034628
vn -0.78680265 0.53744781 0.30346575
vn 0.40979201 0.9049232 0.11482386
vn -0.71508992 0.69602531 0.064770311
vn 0.40979135 0.90492362 0.11482314
vn -0.95386696 0.087815695 0.28709972
vn -0.80116975 -0.59480667 0.065818213
vn -0.41489106 0.9098711 -5.1899904e-14
vn 0.42563543 0.90382802 0.043924972
vn 0.30676514 0.94971114 0.06280046
vn 0.088181481 0.99558759 0.03208442
vn 0.26053956 0.9641335 0.050653405
vn 0.26522982 0.96396571 0.020573584
vn 0.48372692 0.87428689 0.040382411
vn 0.46364549 0.88539588 0.033271596
vn 0.85656077 0.50029874 0.12651029
vn 0.82254994 0.5391382 0.18094645
vn 0.82255018 0.53913856 0.18094417
vn 0.85724968 0.49916798 0.12631026
vn 0.98331118 0.18193163 1.2300519e-13
vn 0.97164702 0.23616207 0.011379167
vn 0.97162706 0.23615696 0.013066971
vn -0.80851465 -0.58593923 0.054583006
vn 0.28753519 0.95753127 0.021387063
vn 0.43881905 0.89742345 0.045485936
vn 0.43881905 0.89742345 0.045485966
vn -0.2117046 0.97727269 -0.010920588
vn 0.35093796 0.93592364 0.029824551
vn -0.96095866 0.027988456 0.27527276
vn -0.9524951 0.086567543 0.29199177
vn -0.7154187 0.54635078 0.43551916
vn 0.9756397 0.18052331 0.12465377
vn 0.54142523 0.8267588 0.1527371
vn 0.59419036 0.79133308 0.14397843
vn 0.42724541 0.88745081 0.17289416
vn 0.25043768 0.96190071 0.10967227
vn 0.29799685 0.9478727 0.1128504
vn 0.62375724 0.7046957 0.33812845
vn 0.63358915 0.70093352 0.32750127
vn 0.6237573 0.70469576 0.33812824
vn 0.6237573 0.70469576 0.33812827
vn 0.35320351 0.935404 0.016329849
vn 0.71744883 0.66924995 0.19331752
vn 0.71729845 0.66932672 0.19360974
vn 0.12065697 0.99053043 0.065508738
vn 0.056088328 0.99842536 0.000942969
vn -0.24410224 0.96963674 0.01478888
vn -0.44227213 0.89683855 0.0087165385
vn -0.44227183 0.89683872 0.0087165991
vn 0.44227186 0.89683867 0.0087165441
vn -0.34787777 0.93753946 -0.00093648938
vn -0.63737577 0.77033836 0.018191816
vn -0.63737601 0.77033818 0.018191833
vn -0.41255516 0.91092825 -0.0028213626
vn 0.053689357 0.99855727 -0.00088069245
vn -0.34788242 0.93753767 -0.00093645224
vn -0.3478775 0.93753952 -0.00093649869
vn 0.29159981 0.95652896 0.0046758237
vn 0.26808277 0.96339577 -0.00042989833
vn 0.28646636 0.95769119 0.027651617
vn 0.40311658 0.91486269 0.022875872
vn 0.46364567 0.88539577 0.033272266
vn 0.89372361 0.43726122 0.10030306
vn 0.1049612 0.99447632 -4.1526589e-05
vn 0.46364567 0.88539577 0.033272233
vn 0.12066067 0.99052989 0.065509781
vn 0.89375126 0.43720353 0.10030862
vn -0.01557232 0.99776232 0.065022342
vn 0.081109576 0.99409962 0.072021939
vn 0.48870659 0.87172389 0.035543215
vn 0.40486711 0.91426116 0.014461648
vn 0.42724523 0.88745075 0.17289507
vn 0.48269454 0.87523735 0.031074375
vn 0.11851234 0.98993957 0.077294447
vn 0.39282194 0.91961455 -4.2285788e-05
vn 0.50784945 0.86144316 0.0021589731
vn 0.31562346 0.94886369 0.0062908754
vn 0.41518861 0.90949994 0.020694606
vn -0.59667259 0.73643124 0.3188273
vn 0.37748981 0.92599821 0.0053664362
vn 0.37748986 0.92599815 0.0053661298
vn 0.4116388 0.91123176 0.01449961
vn 0.43659648 0.8994323 0.020126553
vn 0.41033024 0.91186166 0.011719831
vn -0.041849814 0.99816549 0.043751605
vn -0.44204611 0.89638102 0.033111006
vn -0.44204587 0.89638114 0.033111081
vn 0.4996137 0.86571699 0.030334743
vn 0.44208622 0.89646167 0.030269854
vn 0.4422721 0.89683855 0.0087165935
vn 0.49169582 0.87007505 0.034707908
vn 0.48302916 0.87509513 0.029855534
vn 0.41033027 0.91186172 0.01171936
vn 0.87809139 0.47379231 0.066905588
vn 0.87117046 0.48613852 0.068784788
vn 0.87117118 0.48613754 0.068782866
vn 0.85723191 0.49915665 0.12647553
vn 0.71729851 0.66932678 0.19360898
vn -0.95249325 0.086579293 0.29199424
vn 0.4384833 0.89863855 0.013458258
vn -0.5966689 0.73642808 0.31884152
vn 0.39913499 0.91688353 -0.0039770282
vn 0.44304261 0.89639765 0.013583821
vn 0.45925522 0.88810199 0.018960614
vn 0.39257553 0.91971976 4.9108392e-14
vn 0.9525407 0.2314979 0.19767398
vn 0.97162628 0.23616011 0.013066959
vn 0.86810744 0.49536517 0.031667717
vn 0.97162783 0.2361538 0.013066718
vn 0.88409048 0.46685696 0.020701809
vn 0.8779707 0.4737404 0.068829812
vn 0.49117506 0.87055027 0.029821031
vn 0.49190083 0.87011713 0.030491838
vn -0.59667188 0.73643172 0.31882757
vn -0.78562236 0.53624749 0.30860347
vn 0.42925635 0.90316772 0.005199899
vn 0.50122893 0.84245408 0.19758728
vn 0.1865948 0.97072309 0.15125827
vn 0.24170414 0.95805883 0.15395577
vn 0.46173704 0.88692147 0.013007145
vn -0.78733474 -0.61454612 0.049366619
vn -0.95135337 -0.2594597 0.1661547
vn 0.44453162 0.89570856 0.0098880539
vn 0.43626195 0.89981705 -0.0021984521
vn 0.47991514 0.8770721 0.020638347
vn 0.71729875 0.66932595 0.19361116
vn 0.46296796 0.88637501 -0.00013889263
vn 0.46267024 0.88646656 0.01064177
vn 0.46566972 0.88480526 0.016473593
vn 0.46461612 0.885472 0.0084379446
vn 0.46271077 0.88647783 0.0074702608
vn 0.53923368 0.82052863 0.18963087
vn 0.49117106 0.8705523 0.029826546
vn -0.51471275 -0.8553226 -0.059110373
vn 0.49462685 0.86870307 0.026443142
vn 0.50017679 0.86523235 0.034585569
vn 0.49791777 0.86662447 0.032247182
vn 0.48070458 0.87675822 0.014769721
vn -0.041849796 0.99816549 0.043751519
vn 0.46198121 0.8868866 -0.0023462421
vn -0.4249374 0.90485573 0.025774485
vn -0.022350391 0.99479681 0.099397264
vn -0.12764318 0.98753148 0.092134476
vn 0.48188898 0.87618113 0.0094692726
vn 0.47287473 0.88112891 0.0011508005
vn 0.42511237 0.87270558 0.24013424
vn 0.6998964 0.70040643 0.13991387
vn 0.71637332 0.68568534 0.12901503
vn 0.46006024 0.88491559 -0.07258752
vn 0.48202887 0.87609214 -0.010521224
vn 0.49340838 0.86967856 0.014398965
vn 0.48705086 0.87337351 -0.00036404841
vn 0.51215047 0.8588649 -0.0072801164
vn 0.51974368 0.85426903 0.009532311
vn 0.51976359 0.85425651 0.0095722955
vn 0.50763363 0.86156833 0.002854933
vn 0.49927816 0.86644119 0.00099662028
vn 0.49967912 0.86536902 0.038173899
vn 0.95254278 0.23148918 0.19767398
vn 0.85310709 0.52173579 1.0671759e-13
vn 0.80666745 0.55699044 -0.19760893
vn -0.89420128 0.31591624 0.31717667
vn -0.77361453 0.52494454 0.35489976
vn 0.49936199 0.86638337 0.0041807601
vn 0.56325293 0.826271 0.0047360435
vn 0.55306268 0.8331396 0.00023615851
vn 0.61567259 0.78800201 -0.00033673798
vn 0.58934718 0.8076942 0.01732018
vn 0.58934718 0.8076942 0.017321333
vn 0.53746319 0.84317029 0.014040652
vn 0.53746319 0.84317029 0.014041297
vn 0.48562622 0.87409103 0.011491559
vn 0.49978641 0.86454499 0.052682966
vn 0.49975267 0.86532825 0.03813494
vn 0.49976683 0.86455679 0.052675247
vn 0.49970892 0.86546129 0.035605133
vn 0.49892089 0.86581039 0.038082827
vn 0.49934745 0.8656351 0.036442105
vn 0.49694642 0.86684036 0.04039776
vn 0.5056209 0.86234063 0.026761537
vn 0.49960929 0.86617017 0.011822445
vn 0.49986705 0.86571085 0.02603155
vn 0.50823349 0.86119169 0.0068983715
vn 0.66891062 0.69486541 -0.26404661
vn 0.50817728 0.86096358 0.022307048
vn 0.49344468 0.86832654 0.050212696
vn 0.52498448 0.85109633 0.0051323674
vn -0.77364486 0.52490294 0.35489506
vn -0.3586663 0.92946702 0.086310975
vn 0.42296204 0.87111425 0.24952574
vn 0.48161843 0.8407588 0.24732229
vn 0.48666468 0.87228715 0.047671571
vn 0.52496117 0.85111094 0.0050950348
vn -0.44126379 0.89479518 0.068028055
vn -0.44126388 0.89479518 0.068028025
vn 0.53470469 0.84490865 0.014840859
vn 0.53433925 0.84513432 0.015152444
vn 0.51730198 0.85543805 0.024988158
vn 0.51221424 0.85837418 0.028816551
vn -0.53674072 0.80328947 0.25813839
vn -0.53674066 0.80328953 0.25813845
vn 0.82269597 0.56812495 0.020133613
vn 0.49628979 0.86727303 0.039165776
vn 0.49747056 0.86664718 0.03802285
vn 0.48666599 0.87228638 0.047672044
vn 0.53433901 0.84513444 0.015151872
vn -0.78826582 -0.61370248 0.044791151
vn -0.35866621 0.92946708 0.086310595
vn -0.7775718 0.52858019 0.34056592
vn -0.77907169 0.52826893 0.33760801
vn -0.71076578 0.60540628 0.35818323
vn 0.42245296 0.90368742 0.069874913
vn 0.4437519 0.89553791 0.033106733
vn 0.50075173 0.86479133 0.037197575
vn 0.57156193 0.82051271 0.0087109515
vn 0.52765793 0.84906936 0.025659394
vn 0.51911569 0.85418385 0.029813012
vn 0.5007847 0.86476898 0.037273869
vn 0.42244828 0.90368897 0.069883212
vn 0.49953407 0.8654722 0.037729852
vn 0.71637332 0.68568534 0.12901495
vn 0.72505707 0.68553662 0.065816425
vn 0.56996971 0.82166255 0.0022797438
vn 0.72555125 0.68600684 0.054497849
vn 0.70192903 0.70926458 0.065110922
vn 0.58065695 0.81397259 0.016915673
vn 0.57126254 0.82051039 0.020536883
vn 0.11046711 0.97254622 0.20481896
vn 0.17478478 0.96277118 0.20620841
vn -0.7366007 0.67632788 -5.4334485e-08
vn -0.70877635 0.70542705 -0.0029633171
vn -0.70877856 0.70542479 -0.0029632302
vn 0.54228038 0.83975452 0.02728275
vn 0.52913952 0.84794062 0.031750489
vn -0.50014883 0.86407483 0.056796122
vn -0.33635834 0.93815058 0.082076445
vn -0.13698198 0.98126048 0.13551305
vn -0.95134836 -0.25947988 0.16615205
vn -0.97096407 0.037681192 0.23623897
vn -0.23614338 0.96535408 0.11103049
vn 0.49182495 0.86966807 0.042256661
vn 0.49953368 0.86547256 0.037727889
vn 0.42244953 0.90368861 0.069880202
vn -0.24996263 0.9597075 0.12837535
vn 0.70192915 0.70926446 0.065110765
vn 0.73279452 0.68018281 0.019066032
vn 0.57126242 0.82051057 0.020535799
vn 0.72565502 0.68779707 0.018972814
vn 0.73288035 0.68026471 0.011237706
vn 0.72578567 0.68792093 9.0790588e-14
vn 0.5900141 0.60884708 -0.53027219
vn 0.42573449 0.9028194 0.060557824
vn 0.52004611 0.85335219 0.036635235
vn 0.62202328 0.78277218 0.018834502
vn 0.56420219 0.8250612 0.030820914
vn 0.54373032 0.8384856 0.036044944
vn 0.63759935 0.72319949 0.26542348
vn 0.63759947 0.72319961 0.26542288
vn 0.63759995 0.72319949 0.26542187
vn 0.65280008 0.71815962 0.24103689
vn -0.60165685 0.7220217 0.34160462
vn -0.61017942 0.71857882 0.33365491
vn 0.52004546 0.85335273 0.036631428
vn 0.52004236 0.85335445 0.036635309
vn 0.47581717 0.87811285 0.05015821
vn 0.68259674 0.73079515 -0.0003381648
vn 0.6826064 0.73078614 -0.00033812618
vn 0.84771329 0.53045207 -0.0016592236
vn 0.87774616 0.47912344 0.0015397386
vn 0.87774581 0.47912413 0.0015397237
vn -0.78961843 -0.61326134 0.020328589
vn -0.82111555 -0.56907874 0.043802362
vn 0.64107126 0.76744205 0.0077666333
vn -0.60426027 0.72105765 0.33903602
vn 0.42157766 0.85174966 0.31111854
vn 0.42573476 0.90281963 0.060552616
vn 0.42573464 0.9028194 0.060556848
vn -0.96202898 -0.24926041 0.11121798
vn -0.97097039 0.037587728 0.23622802
vn -0.90259981 0.32411847 0.28330341
vn 0.64107102 0.76744229 0.0077647688
vn 0.42157584 0.85174775 0.31112626
vn 0.39168385 0.86680549 0.30859685
vn 0.42166913 0.85327703 0.30677915
vn -0.43934178 0.89089751 0.11524057
vn -0.43934178 0.89089751 0.11524057
vn -0.24963267 0.95461422 0.16246589
vn -0.76710713 0.64114273 -0.021970861
vn 0.44787315 0.8915053 0.0680288
vn 0.70615202 0.70778358 0.019791573
vn 0.7022388 0.71163458 0.020901307
vn -0.77580583 0.6307928 0.015026599
vn -0.51047301 0.85364169 0.10350446
vn -0.51800132 0.84944278 0.10060633
vn -0.51805085 0.84941471 0.10058793
vn -0.78966933 -0.61321145 0.019852303
vn -0.79279679 -0.60912424 0.020998446
vn 0.42847538 0.90107948 0.066818006
vn 0.56424963 0.82456559 0.041398801
vn -0.67649704 0.59326923 0.43632945
vn -0.75179416 0.65930271 0.011203029
vn 0.60015273 0.79892462 0.039193008
vn 0.56602341 0.82308197 0.046406768
vn -0.52084309 0.58420253 -0.62243867
vn -0.073772959 0.96278703 0.25999752
vn -0.51821488 0.84922796 0.10131728
vn -0.26448235 0.94459486 0.19439557
vn 0.56424963 0.82456565 0.04139857
vn 0.45732903 0.88694948 0.064581752
vn 0.39260715 0.86821687 0.30341247
vn 0.39262444 0.86820865 0.30341357
vn 0.093931004 0.95559382 0.27931595
vn 0.25881785 0.96592617 3.2376259e-14
vn -0.25881785 0.96592617 -3.2376259e-14
vn 0.42847511 0.9010796 0.066817738
vn -0.067310944 0.97131228 0.22808275
vn -0.067335837 0.97131199 0.22807646
vn -0.067275696 0.97131371 0.22808695
vn -0.60426015 0.72105747 0.33903658
vn -0.67130804 0.65798151 0.34118298
vn -0.6713081 0.65798157 0.34118274
vn -0.90269619 0.32384822 0.28330535
vn -0.795169 0.52555513 0.30248636
vn -0.98604536 0.052035302 0.15813573
vn -0.96199745 -0.24938519 0.11121112
vn -0.5237872 0.78390229 0.33338287
vn -0.52378672 0.78390247 0.33338329
vn 0.64761573 0.74050015 0.17959225
vn 0.66863775 0.73033208 0.13978069
vn 0.64761651 0.74049997 0.17959026
vn 0.64761579 0.74050021 0.17959197
vn -0.8367483 0.54758769 1.1152276e-07
vn -0.83674842 0.54758751 2.3375352e-07
vn -0.83674836 0.54758757 -4.3991843e-08
vn -0.83674628 0.54759079 -4.4494726e-07
vn -0.83674788 0.54758829 -1.0352252e-07
vn -0.83674806 0.54758805 -1.8971859e-08
vn -0.78004014 0.62471676 0.035585631
vn -0.00043406081 -0.0012415056 0.99999911
vn 0.44787318 0.8915053 0.068029001
vn -0.32142743 0.94689411 0.0087165302
vn -0.32142729 0.94689417 0.0087165553
vn 0.32142743 0.94689411 0.0087165954
vn 0.70710731 0.70710623 8.8454065e-14
vn -0.70710731 0.70710623 -8.8454065e-14
vn -0.96955562 -0.23870963 0.054585766
vn -0.96842253 -0.24336158 0.054156359
vn 0.70469856 0.70769632 0.050654154
vn 0.86036992 0.50933063 0.018597949
vn -0.78008759 0.6246587 0.03556399
vn -0.53098875 0.83172882 0.1621051
vn -0.72365105 0.68758458 0.059637614
vn -0.32126325 0.94641089 0.033111054
vn -0.32126349 0.94641083 0.033110987
vn 0.32126325 0.94641089 0.033110924
vn 0.32142729 0.94689417 0.0087165702
vn 0.81812137 0.57414985 0.03208353
vn 0.66908574 0.7405268 0.062803596
vn 0.60320944 0.793908 0.076475188
vn -0.60426003 0.72105771 0.33903629
vn 0.38559291 0.85764062 0.34025094
vn 0.38552061 0.85864955 0.33777916
vn -0.43516672 0.88243032 0.1787363
vn -0.4351663 0.88243049 0.17873658
vn -0.920726 0.34103039 0.18963623
vn -0.9860568 0.051851146 0.15812486
vn -0.53093791 0.83175755 0.16212443
vn 0.37228888 0.92257011 0.10131814
vn 0.43314022 0.89875281 0.068065479
vn 0.5543611 0.82906985 0.072985455
vn -0.5309872 0.83172959 0.16210629
vn 0.44206479 0.89128393 0.10095364
vn 0.5543611 0.82906997 0.072984964
vn -0.00021301414 0.00043035753 0.99999988
vn 0.4723196 0.80537206 0.35817593
vn 0.38257533 0.85304505 0.35489476
vn 0.37228897 0.92257011 0.10131808
vn -0.96958327 -0.23871386 0.054074299
vn -0.00021328343 0.00042654818 0.99999988
vn 0.6544888 0.74949467 0.099509493
vn 0.6544888 0.74949473 0.099509224
vn 0.67100286 0.7394523 0.054455269
vn 0.38259259 0.85303658 0.35489652
vn -0.42470402 0.88607353 0.18574215
vn -0.079194903 0.95462406 0.28709078
vn -0.07910984 0.95462573 0.28710863
vn -0.13929629 0.9512161 0.27528986
vn -0.080147542 0.95305699 0.29199108
vn -0.65796775 0.75026888 0.064614825
vn -0.71623975 0.69714266 -0.031507518
vn 0.00011457461 -0.00022731244 0.99999994
vn -0.0011087719 0.0010806347 0.99999881
vn -0.0010862037 0.0010572423 0.99999887
vn -0.00021304814 0.00042597135 0.99999988
vn 0.00011126568 -0.0002224661 0.99999994
vn -0.080122612 0.95305747 0.2919963
vn 0.15584446 0.93547338 0.31717834
vn -0.9695875 -0.23869623 0.054075919
vn -0.99472445 0.059763219 0.083376303
vn -0.20791167 0.97814763 -2.6008262e-14
vn 0.20791158 0.97814763 2.6008252e-14
vn -0.3206951 0.94473636 0.068027981
vn -0.32069486 0.94473648 0.068028077
vn 0.32069489 0.94473648 0.068028077
vn 0.32126328 0.94641089 0.033110932
vn 0.55539447 0.82506919 -0.10391258
vn 0.65848911 0.75086278 0.050962884
vn 0.65930438 0.75179243 0.011221383
vn -0.6593042 0.75179279 0.011203311
vn -0.65930438 0.75179267 0.011202987
vn -0.62034482 0.73787749 0.26591188
vn -0.59360594 0.73500723 0.32771394
vn -0.68846703 0.67409813 0.2675907
vn -0.21823896 0.97589535 -2.7300133e-14
vn -0.5989691 0.68299353 -0.41803807
vn 0.58103228 0.6625405 0.4726961
vn 0.6593042 0.75179255 0.011220939
vn -0.68846112 0.67410553 0.26758736
vn -0.68846089 0.67410529 0.26758862
vn -0.87011725 0.46074206 0.17496501
vn -0.78645992 0.58302844 0.20385927
vn -0.92077661 0.34089085 0.1896413
vn 0.37228894 0.92257005 0.10131824
vn 0.24425659 0.96255845 0.11755853
vn 0.97772658 -0.20855622 0.023559678
vn 0.99678874 0.080076106 -0.00012252029
vn 0.99829835 0.05827938 0.0019842689
vn 0.99829865 0.058274094 0.0019846121
vn 0.99829853 0.05827656 0.0019845353
vn 0.89050096 0.45497832 -0.0016715352
vn 0.8905099 0.45496076 -0.001671433
vn -0.62034529 0.73787808 0.26590911
vn 0.96592605 0.25881812 1.2083044e-13
vn -0.96592605 0.25881812 -1.2083044e-13
vn 0.88861758 0.45864737 -0.0011842682
vn -0.97168493 0.22015484 0.085791878
vn -0.97168505 0.22015424 0.085791841
vn -0.9310686 0.35031858 0.10192222
vn 0.53079236 0.77572882 0.34132731
vn 0.19437182 0.98092794 2.4314525e-14
vn 0.8886174 0.45864776 -0.0011866387
vn -0.62034553 0.73787749 0.26591021
vn -0.72489333 0.68570894 0.065825
vn 0.88511878 0.4602412 0.068868056
vn 0.94780129 0.31746802 0.029777931
vn -0.7174319 0.69448692 0.054583576
vn -0.19508304 0.980748 0.0087165423
vn -0.19508302 0.980748 0.0087165432
vn 0.1950829 0.980748 0.0087165674
vn -0.31929797 0.94062132 0.11524055
vn -0.31929797 0.94062132 0.11524054
vn 0.31929776 0.94062138 0.11524054
vn 0.45901683 0.88094705 0.11504715
vn 0.32069466 0.94473654 0.068027988
vn -0.42729875 0.86647582 0.25813839
vn -0.42729881 0.86647582 0.25813833
vn 0.87157971 0.48678845 0.058188125
vn 0.82066566 0.56574118 0.080279112
vn -0.60588259 0.75811726 0.24117321
vn -0.63725978 0.74932408 0.18003717
vn 0.5307923 0.77572876 0.3413274
vn -0.52499336 0.78570777 0.32717779
vn -0.52499354 0.78570771 0.32717758
vn -0.72111273 0.66871715 0.18114586
vn -0.79895198 0.59285861 0.10096702
vn -0.72111243 0.66871685 0.18114799
vn -0.80738449 0.58155143 0.099640727
vn -0.8021009 0.58860254 0.10090161
vn -0.19498347 0.9802475 0.033110939
vn -0.19498315 0.98024756 0.033111025
vn 0.1949832 0.9802475 0.03311095
vn 0.19508277 0.98074806 0.0087165423
vn 0.27416629 0.94896024 0.15590808
vn 0.58103591 0.80599034 0.11303467
vn -0.74193013 0.66865736 0.04936637
vn -0.4207204 0.89184469 0.1661547
vn -0.63725996 0.74932432 0.18003541
vn 0.67203528 0.73120302 0.11709293
vn 0.70766956 0.6985237 0.10615304
vn 0.16246378 0.94516879 0.28330448
vn 0.1621871 0.94521576 0.28330639
vn 0.37954348 0.87432671 0.30248892
vn -0.42073339 0.89183891 0.16615289
vn -0.13148506 0.96275741 0.23624104
vn 0.88511878 0.46024108 0.068868496
vn -0.13159075 0.96274602 0.23622862
vn -0.63726068 0.74932337 0.1800371
vn 0.43831727 0.88560188 0.15358162
vn 0.58103865 0.80598843 0.11303403
vn 0.58103603 0.80598992 0.11303682
vn -0.79904681 0.5929262 0.099813312
vn -0.61345869 0.77724832 0.13983399
vn -0.64510208 0.75754732 0.099826775
vn -0.19463819 0.97851324 0.068028048
vn -0.19463836 0.97851318 0.068027988
vn 0.19463819 0.97851324 0.068027981
vn 0.19498315 0.98024756 0.033110939
vn 0.27416396 0.9489606 0.15590979
vn 0.54432207 0.79493886 0.26792842
vn -0.64510196 0.7575472 0.099828243
vn 0.97738415 0.20579581 0.04866467
vn 0.91896325 0.38566247 0.082286261
vn 0.87272501 0.47542083 0.11102299
vn -0.065400571 0.99782103 0.0087165367
vn -0.065400563 0.99782103 0.0087165385
vn 0.065400615 0.99782103 0.0087165385
vn 0.27416408 0.94896084 0.15590823
vn 0.96592605 -0.25881812 1.2083044e-13
vn -0.96592605 -0.25881812 -1.2083044e-13
vn -0.74126112 0.66972059 0.044791631
vn -0.012196186 0.99992561 -1.5256556e-15
vn -0.3162635 0.93168163 0.17873663
vn -0.31626338 0.93168163 0.17873672
vn 0.31747723 0.93525815 0.15652616
vn 0.31929779 0.94062138 0.11524055
vn -0.62397236 0.77954638 0.054460283
vn 0.54432082 0.79493958 0.26792896
vn -0.065367192 0.99731177 0.033111058
vn -0.065367565 0.99731177 0.03311095
vn 0.065367237 0.99731177 0.03311095
vn 0.065400615 0.99782103 0.0087165367
vn 0.70888323 0.68689293 0.16019575
vn 0.74734068 0.64821255 0.1459534
vn 0.97700191 0.21147464 0.027308602
vn 0.544321 0.79493994 0.26792759
vn 0.065367609 0.99731177 0.033111054
vn -0.41698596 0.84556389 0.33338326
vn -0.41698611 0.84556389 0.33338314
vn 0.31482625 0.93698901 0.15144657
vn 0.37586895 0.91539294 0.14414673
vn 0.32897645 0.92730188 0.17856556
vn 0.3046675 0.93044233 0.20360453
vn 0.5599544 0.81065553 0.17113911
vn -0.41252354 0.90413207 0.11121843
vn -0.70301616 0.70982367 0.043802716
vn -0.74106121 0.6711297 0.020327058
vn -0.53923231 0.80701739 0.24073106
vn -0.53923208 0.80701745 0.24073139
vn -0.19379054 0.97425091 0.11524055
vn 0.19379066 0.97425091 0.11524055
vn 0.19463848 0.97851318 0.0680281
vn 0.5599544 0.81065565 0.17113876
vn 0.47888678 0.85535043 0.19759324
vn 0.99694198 0.019517541 0.075668946
vn 0.99771339 -0.0043143081 0.067448683
vn 0.99788535 -0.044916674 0.046982355
vn 0.30417955 0.93636644 0.17519344
vn 0.43807101 0.87551719 0.20387121
vn 0.17583084 0.96598113 0.18964177
vn 0.1759775 0.96595544 0.18963669
vn 0.99695194 0.019301221 0.075593345
vn 0.95183551 -0.30660909 -0.000131343
vn 0.95125365 -0.30840963 -2.4776684e-08
vn 0.95183361 -0.306615 -0.00013120669
vn -0.065251917 0.99554729 0.068027928
vn -0.065251559 0.99554729 0.068028063
vn 0.065251961 0.99554729 0.068028077
vn -0.11998045 0.98010075 0.15813662
vn -0.41265011 0.90407521 0.11121104
vn -0.12014475 0.98008221 0.15812689
vn 0.95675236 0.2674771 0.11437163
vn 0.91752571 0.36760938 0.15169036
vn -0.74106121 0.6711297 0.020326912
vn 0.30466762 0.93044233 0.20360433
vn 0.53332627 0.82625192 0.18130323
vn 0.065251559 0.99554729 0.068027928
vn 0.50208122 0.72577876 0.47027618
vn 0.60991603 0.69547457 -0.37989148
vn 0.65930504 0.75179183 0.011221656
vn 0.93751782 -0.34778443 -0.010313116
vn 0.99415028 0.0092670778 0.10760746
vn 0.74599063 0.6301685 0.21537316
vn 0.7874102 0.58415431 0.19684754
vn 0.53332645 0.82625216 0.18130149
vn -0.31054515 0.91483676 0.25813824
vn -0.31054544 0.91483676 0.25813803
vn -0.70639479 0.7075302 0.020184776
vn -0.40832424 0.91090792 0.059313037
vn -0.70640308 0.70752198 0.02018355
vn 0.99467528 -0.014787068 0.10199219
vn 0.43275714 0.89598429 0.09966664
vn -0.55013353 0.82333344 0.13955317
vn -0.55013418 0.82333314 0.13955247
vn -0.064967327 0.99121082 0.11524067
vn -0.064967498 0.99121082 0.11524058
vn 0.064967327 0.99121082 0.11524058
vn 0.30466765 0.93044239 0.20360406
vn 0.43830964 0.87870985 0.18908636
vn 0.18331414 0.97773725 0.10210668
vn 0.44085258 0.89193332 0.10051864
vn 0.43779102 0.8934449 0.10047507
vn -0.19194871 0.96499163 0.17873669
vn -0.19194876 0.96499163 0.17873667
vn 0.19194888 0.96499163 0.1787367
vn -0.36192787 0.93034667 0.058850084
vn -0.36194491 0.93034011 0.0588485
vn -0.11385772 0.98999262 0.083373129
vn 0.48364002 0.83715045 0.25548288
vn 0.54159552 0.80610341 0.23847766
vn 0.54159558 0.80610389 0.23847593
vn 0.44087499 0.89200532 0.099778257
vn 0.30981138 0.91434419 0.26075193
vn 0.043131404 0.99538416 0.085732378
vn 0.043129679 0.99538428 0.085732289
vn 0.92977923 -0.3656112 0.042883951
vn 0.99456024 -0.024167081 0.10132041
vn 0.9945603 -0.024049168 0.10134789
vn 0.99456042 -0.024150133 0.10132305
vn 0.94956571 0.24147409 0.20003797
vn 0.064967491 0.99121076 0.11524067
vn 0.42036346 0.60765207 -0.67383498
vn 0.30611148 0.91553015 0.26096046
vn 0.30901986 0.91535938 0.25811613
vn 0.9312737 -0.36271051 0.034210432
vn 0.89259857 -0.45085225 -3.622015e-08
vn 0.89259893 -0.45085153 1.6570779e-08
vn 0.89259875 -0.45085195 3.7887511e-07
vn 0.89259905 -0.45085129 -1.2983357e-07
vn 0.89259768 -0.45085403 7.0393634e-07
vn 0.89259964 -0.45085019 -2.7412537e-07
vn -0.55474901 0.83024031 0.05435542
vn -0.55474871 0.83024055 0.054355755
vn 0.55484641 0.83038634 0.051028948
vn 0.55780381 0.82864904 0.046858128
vn 0.95290071 -0.29867309 0.052674942
vn 0.93282658 -0.35951149 0.024207775
vn 0.98583239 -0.043904297 0.16188559
vn 0.87480074 0.42742991 0.22809508
vn 0.8748641 0.42731065 0.22807534
vn 0.7820999 0.56348878 0.26608291
vn 0.87484753 0.42734328 0.2280779
vn -0.41794634 0.84751147 0.32717758
vn -0.41794637 0.84751147 0.32717755
vn 0.55553508 0.83141738 0.011221614
vn 0.55553526 0.83141726 0.011221258
vn -0.55553496 0.83141768 0.011203326
vn -0.5555355 0.83141732 0.011203142
vn -0.54494143 0.81556332 0.19466709
vn 0.432441 0.64719391 -0.62780154
vn 0.98583126 -0.043789946 0.16192342
vn -0.064587839 0.98541838 0.15741353
vn -0.045549888 0.97823358 0.20244563
vn -0.054497562 0.98131609 0.184523
vn -0.054499585 0.98131669 0.18451937
vn -0.053531166 0.98113483 0.18576564
vn -0.063624948 0.98183912 0.17872821
vn 0.065526806 0.98171008 0.1787501
vn 0.024928853 0.9783721 0.20534509
vn 0.053372107 0.98111153 0.18593444
vn 0.054590102 0.98133796 0.18437925
vn 0.054591157 0.98133826 0.18437736
vn 0.064512156 0.9842636 0.16450927
vn 0.19194883 0.96499163 0.17873667
vn 0.98583204 -0.043888498 0.16189188
vn 0.5338074 0.78844911 0.30561033
vn 0.53380698 0.7884478 0.30561444
vn 0.53380644 0.78844851 0.30561352
vn 0.53087574 0.7900961 0.30646229
vn 0.87140238 0.41920903 0.2547974
vn 0.55557346 0.77412933 0.30341709
vn 0.55558532 0.77412117 0.30341625
vn -0.30305022 0.89275765 0.33338314
vn -0.30305031 0.89275765 0.33338305
vn 0.29103351 0.90333962 0.31508264
vn -0.00012812107 0.98833942 0.15226686
vn 7.9003345e-05 0.98833942 0.15226686
vn -0.00095829705 0.98835731 0.15214765
vn 0.00042613971 0.98833919 0.15226769
vn -0.18847835 0.94754452 0.25813806
vn -0.18847826 0.94754452 0.25813812
vn 0.18848088 0.94755709 0.25809014
vn -0.63353938 0.71061349 0.30603325
vn 0.54004759 0.78065902 -0.31451574
vn -0.52842999 0.79085153 0.30873224
vn -0.55553526 0.8314175 0.011202713
vn -0.32480115 0.54474849 -0.77314508
vn 0.86636198 0.40878084 0.28690624
vn 0.97971606 0.075221434 0.18573673
vn 0.2910341 0.90334094 0.31507829
vn 0.28906307 0.89730811 0.33358756
vn 0.31738603 0.8943941 0.31515917
vn 0.86629748 0.40889776 0.28693423
vn -0.0010086335 0.99999845 0.0014561056
vn -0.00044055318 0.98815203 0.1534775
vn 0.096554346 0.99532431 0.0026038317
vn -0.040654454 0.99917275 0.00098992535
vn -0.13975675 0.99018586 0.00018649298
vn 0.29092696 0.95672148 0.0067494479
vn -0.30722684 0.95163631 -0.00019662037
vn 0.76569861 0.64313388 0.0091899578
vn 0.47386798 0.88059586 -0.00025088998
vn 2.5303998e-17 1 -0.00020228172
vn 0.30352151 0.95282453 -0.00021027462
vn 0.53056246 0.84764367 0.0019206891
vn -0.30722836 0.95163578 -0.00019662037
vn -0.53475296 0.84500611 0.001988081
vn -0.77206641 0.63547134 0.0094695985
vn -0.47386801 0.88059586 -0.00020728273
vn 0.86634445 0.40881124 0.28691581
vn 0.95295393 -0.29856277 0.052335687
vn 0.96299744 -0.25970796 0.072025783
vn 0.86547077 0.40724874 0.29173413
vn 0.89283931 0.35386482 0.27859953
vn -0.089064702 0.9729175 0.21330488
vn 0.78862041 0.61488032 -0.00026569754
vn 0.83457237 0.55089748 -0.00094834855
vn 0.95592731 0.29351974 0.0070072515
vn 0.7886256 0.61487365 -0.00026555834
vn -0.83457243 0.55089754 -0.00089854724
vn -0.96080643 0.277118 0.0075211688
vn -0.79537278 0.60612047 -0.00022190037
vn -0.79537296 0.60612029 -0.00022189575
vn 0.089613594 0.97264135 0.214332
vn -0.089067668 0.97291631 0.21330924
vn 0.54750127 0.75795364 0.35461056
vn 0.73224622 0.60268044 0.31716198
vn -0.42928153 0.87049741 0.2407314
vn -0.42928174 0.87049741 0.24073114
vn 0.54751241 0.75794613 0.35460937
vn 0.54977107 0.76242501 0.34126213
vn 0.48027381 0.80095714 0.35749781
vn 0.55047214 0.76381338 0.33700082
vn -0.089067668 0.97291625 0.21330948
vn -0.082291678 0.9652167 0.24816298
vn -0.076611243 0.96301293 0.25833479
vn 0.089613594 0.97264135 0.21433207
vn 0.069752127 0.9635722 0.25819215
vn 0.081034534 0.96484941 0.24999794
vn 0.081034653 0.96484947 0.24999774
vn 0.18848091 0.94755709 0.25809017
vn 0.98281455 0.081745245 0.16550916
vn 0.98281491 0.081742801 0.16550814
vn 0.29839104 0.89250481 0.33822772
vn 0.29600957 0.89206505 0.34146491
vn 0.95471948 -0.29531488 0.036053617
vn 0.18393388 0.92469758 0.33332071
vn -0.18392938 0.924676 0.33338305
vn -0.18392953 0.924676 0.33338293
vn 0.98587191 0.16750079 1.2332552e-13
vn 0.99894786 0.045788512 0.0025668445
vn 0.96450335 0.26406875 -0.00099065492
vn -0.98587191 0.16750079 -1.2332552e-13
vn -0.99934244 0.036152672 0.0027678048
vn -0.96928179 0.24595109 -0.00094159244
vn -0.060869109 0.96706802 0.24713247
vn 0.95471966 -0.29531449 0.036052044
vn 0.89965338 0.36775497 0.23532978
vn 0.89969617 0.36766779 0.23530224
vn -0.43796062 0.88809663 0.1395525
vn -0.43796051 0.88809663 0.13955265
vn -0.30374831 0.89481384 0.32717758
vn -0.30374819 0.89481384 0.3271777
vn 0.73748326 0.61356425 0.28223625
vn 0.73766118 0.61337936 0.28217316
vn 0.29600954 0.89206493 0.34146523
vn 0.43594885 0.83127666 0.34485906
vn -0.079301275 0.9589684 0.27219638
vn 0.079849668 0.95866895 0.27308944
vn 0.9574579 -0.28622317 0.036751509
vn 0.98932731 0.094770595 0.11067984
vn 0.98931092 0.094896652 0.1107182
vn 0.98309559 -0.18309319 1.2297822e-13
vn 0.98309964 -0.18307143 -3.5824283e-07
vn 0.98587191 -0.1675006 -0.00035575064
vn -0.98052019 -0.19641837 -1.2265606e-13
vn -0.98051894 -0.19642453 1.019355e-07
vn -0.98587173 -0.16750057 -0.00066018535
vn -0.089610524 0.95248181 0.29111582
vn 0.090145655 0.95214152 0.29206219
vn 0.43594888 0.83127671 0.34485886
vn 0.55601496 0.77437305 0.301983
vn -0.44163463 0.89554691 0.054355711
vn -0.44163471 0.89554691 0.054355618
vn 0.090145677 0.95214176 0.29206139
vn 0.067199655 0.94037688 0.33342987
vn 0.082161255 0.94547665 0.31515622
vn 0.090145156 0.95214105 0.29206377
vn 0.18393385 0.92469758 0.33332068
vn -0.089610517 0.95248175 0.29111591
vn -0.089611188 0.95248258 0.2911129
vn -0.077008158 0.93954265 0.3336606
vn 0.9573555 -0.28639874 0.038029436
vn 0.55780238 0.82865 0.046858132
vn 0.29600951 0.89206499 0.34146518
vn 0.96374887 -0.26611805 0.019216415
vn 0.96596831 -0.25779569 0.021131907
vn 0.43349901 0.90031594 0.038856648
vn 0.44172832 0.89573669 0.050317444
vn 0.44226024 0.89681655 0.011221311
vn 0.44226071 0.89681631 0.011221207
vn -0.44226083 0.89681649 0.011202837
vn -0.44226071 0.89681655 0.011202988
vn -0.38675997 0.78427184 0.48511282
vn 0.43197 0.87594998 0.2147406
vn 0.90892571 0.38611621 0.1573797
vn 0.90885925 0.38625929 0.15741219
vn -0.98011184 -0.1984449 -0.00066134607
vn 0.98287737 -0.18426049 -0.00035623283
vn 0.83457249 -0.5508976 -0.0007464271
vn 0.63693005 -0.77086169 0.009612523
vn 0.85249817 -0.52273005 0.00042657051
vn -0.83457202 -0.55089724 0.0013394593
vn -0.84508991 -0.53462356 0.00078622188
vn -0.054910798 0.94566119 0.3204836
vn 0.43197066 0.87594968 0.2147406
vn 0.44226092 0.89681625 0.011221549
vn 0.26056364 0.59185284 -0.76276916
vn 0.28748468 0.90003711 0.32754511
vn 0.30846843 0.90908676 0.28001517
vn 0.43276259 0.85606736 0.28260443
vn 0.99303693 0.10184992 0.059196584
vn 0.96597803 -0.25784093 0.020112697
vn 0.74874651 0.63541681 0.18874371
vn 0.74864954 0.63552278 0.1887715
vn -0.31198639 0.9190827 0.24073121
vn -0.31198645 0.9190827 0.24073114
vn 0.18434851 0.92678219 0.32724664
vn -0.18435307 0.92680568 0.32717764
vn -0.18435299 0.92680568 0.32717773
vn 0.30846834 0.90908647 0.28001621
vn 0.43276593 0.85606521 0.28260574
vn 0.43276593 0.85606521 0.28260565
vn 0.54417312 0.81409669 0.20278618
vn 0.57396609 0.79503751 0.19615886
vn -0.060563684 0.94326895 0.32645929
vn -0.62421161 -0.78125495 -0.00076248549
vn 0.060621917 0.94326615 0.32645673
vn 0.62355089 -0.78178233 -0.00078270445
vn -0.060562845 0.94326937 0.32645825
vn -0.62421274 -0.78125405 -0.00076248549
vn 0.060621466 0.94326633 0.32645616
vn 0.98661953 0.15210752 0.058696091
vn 0.37591717 -0.92664438 0.0040568099
vn 0.15854739 -0.98727596 0.012205009
vn 0.47386801 -0.88059586 -1.8911629e-05
vn -0.47386682 -0.88059366 0.0022464446
vn 0.91430169 0.39640036 0.083181329
vn 0.98661566 0.15213174 0.058698211
vn 0.30846831 0.90908647 0.28001618
vn -0.35454753 -0.93503791 -0.0003862697
vn 0.053400625 0.9481979 0.31315997
vn -0.054206252 0.94762784 0.31474304
vn 0.31587362 0.92820311 0.19662884
vn 0.29426685 0.92482501 0.24105136
vn 0.7551102 0.64763397 0.10187657
vn 0.84026802 0.53538811 0.085494183
vn 0.84026909 0.53538644 0.085494071
vn 4.5475723e-17 -0.99999994 -0.00036353577
vn -0.36613694 -0.93046677 0.013239958
vn 0.053400379 0.94819808 0.31315929
vn -0.31829414 0.93766403 0.13955268
vn -0.31829393 0.93766409 0.13955289
vn -0.061582193 0.94021618 0.33496436
vn -0.0064334958 0.93660969 0.35031542
vn 0.15369695 -0.98811805 -2.1134892e-05
vn -0.0063687153 0.93660372 0.35033259
vn -0.0050176624 -0.9999845 0.0024182333
vn 0.0010252822 -0.99999684 0.0023050387
vn 0.030425826 -0.9995355 0.0017580509
vn -0.11057962 -0.99385726 0.0044628815
vn 0.033995215 0.96593028 0.25656
vn -0.0012756758 0.93648952 0.35069323
vn 0.00015241896 0.93643928 0.35082966
vn 0.061280075 0.93495351 0.34943768
vn -0.99345618 0.10790005 0.03744876
vn -9.1052544e-07 0.93643928 0.35082966
vn -0.38676062 0.78427148 0.48511282
vn -0.44226161 0.89681613 0.011203677
vn 0.31587365 0.92820311 0.1966286
vn 0.52296317 0.82912123 0.19765499
vn -0.24528815 0.67790502 -0.6930213
vn 0.061802022 0.9429158 0.32724652
vn 0.061801966 0.9429158 0.32724658
vn 0.061801743 0.94291264 0.32725573
vn 0.18434839 0.92678225 0.32724652
vn -0.061827548 0.94293785 0.32717815
vn -0.061759297 0.9429183 0.32724744
vn 0.47647953 0.8711763 0.11840212
vn 0.47647935 0.87117594 0.11840574
vn 0.58931112 0.80174661 0.099572837
vn 0.55184907 0.82789642 0.10025014
vn 0.29274973 0.94903076 0.11678269
vn 0.30114868 0.94327956 0.13976113
vn 0.31740245 0.94101357 0.1172566
vn -0.32096446 0.94553018 0.054355588
vn -0.32096434 0.94553018 0.0543557
vn 0.18934929 0.95192355 0.24080788
vn -0.18935314 0.95194215 0.24073125
vn -0.18935302 0.95194215 0.2407314
vn 0.55311102 0.82978761 0.07430122
vn 0.64945769 0.75164962 0.1150114
vn 0.43327713 0.89985365 0.050342254
vn 0.31740239 0.94101346 0.117258
vn 0.30982518 0.94923365 0.054440696
vn 0.28777802 0.95485979 0.073665313
vn 0.321233 0.94632185 0.035838097
vn 0.32141924 0.94687051 0.011221543
vn -0.32141903 0.9468708 0.011203579
vn -0.32141951 0.94687063 0.011202666
vn -0.31575227 0.93017703 -0.18727294
vn -0.24528709 0.67790115 -0.69302547
vn -0.24528818 0.67790514 -0.69302112
vn 0.27799511 0.81894732 0.50203985
vn 0.32141918 0.94687051 0.011221407
vn 0.19317946 0.97117859 0.13962035
vn 0.18934938 0.95192349 0.240808
vn -0.19318128 0.97118795 0.13955283
vn -0.19318137 0.97118795 0.13955274
vn 0.063478552 0.96849471 0.24080803
vn -0.063511997 0.9685114 0.240732
vn -0.063449763 0.9684965 0.2408084
vn 0.28704962 0.84562039 0.45003188
vn 0.19256988 0.84431732 0.50004506
vn 0.32141939 0.94687045 0.011221593
vn 0.063478492 0.96849471 0.24080795
vn 0.15318348 0.67162383 -0.72488362
vn 0.19480136 0.9793328 0.054402664
vn 0.19317938 0.97117859 0.13962026
vn -0.19480175 0.97933537 0.054355662
vn -0.1948019 0.97933531 0.054355536
vn 0.06476251 0.98808503 0.13962026
vn -0.064796254 0.9880923 0.13955298
vn -0.064726733 0.9880873 0.13962057
vn 0.19507805 0.9807235 0.011221567
vn 0.19507813 0.9807235 0.011221408
vn 0.19480149 0.9793328 0.054402787
vn -0.1950798 0.98072338 0.011202876
vn -0.19507791 0.98072374 0.01120314
vn -0.19252066 0.96785784 0.16182391
vn 0.16361074 0.82252669 -0.54468465
vn -0.19251883 0.9678582 0.16182391
vn -0.19507794 0.98072374 0.011203198
vn -0.10217039 0.6466524 -0.75591129
vn 0.064762495 0.98808503 0.13962024
vn 0.22210228 0.97379357 -0.048955679
vn 0.065306254 0.99638116 0.054402761
vn -0.065335229 0.99638182 0.054355692
vn -0.06527853 0.99638295 0.054402862
vn 0.065398999 0.99779612 0.011221408
vn 0.06539847 0.99779612 0.011221422
vn 0.065398991 0.99779606 0.011227365
vn -0.065398946 0.9977963 0.011203205
vn -0.065389127 0.99779683 0.01121277
vn -0.065389112 0.99779665 0.011227372
vn -0.056412987 0.86069691 0.50598258
vn 0.065365799 0.99729764 0.033536617
vn 0.06536632 0.99729764 0.033536617
vn 0.065398991 0.99779612 0.011221393
vn 0.022832038 0.67584854 -0.73668677
vn -0.056413144 0.86069691 0.50598258
vn -0.06539911 0.99779612 0.011221393

# Mesh '' with 7792 faces
usemtl DefaultMaterial
f  1//1 2//1 3//1
f  4//2 1//2 3//2
f  5//3 4//3 3//3
f  6//4 5//4 3//4
f  2//5 6//5 3//5
f  5//6 7//6 4//6
f  7//7 8//7 4//7
f  8//8 9//8 4//8
f  9//8 10//8 4//8
f  10//8 11//8 4//8
f  11//8 1//8 4//8
f  12//9 5//9 6//9
f  13//10 12//10 6//10
f  2//11 14//11 6//11
f  14//12 13//12 6//12
f  15//13 12//13 13//13
f  16//14 15//14 13//14
f  14//15 17//15 13//15
f  17//16 16//16 13//16
f  12//17 7//17 5//17
f  1//18 18//18 2//18
f  18//19 14//19 2//19
f  19//20 8//20 7//20
f  12//21 19//21 7//21
f  20//22 15//22 16//22
f  17//23 21//23 16//23
f  21//24 20//24 16//24
f  22//25 19//25 12//25
f  15//26 22//26 12//26
f  18//27 23//27 14//27
f  23//28 24//28 14//28
f  24//29 25//29 14//29
f  25//30 26//30 14//30
f  26//31 17//31 14//31
f  1//32 23//32 18//32
f  27//33 24//33 1//33
f  24//34 23//34 1//34
f  11//8 28//8 1//8
f  28//8 27//8 1//8
f  27//35 29//35 24//35
f  29//36 25//36 24//36
f  20//37 30//37 15//37
f  31//38 22//38 15//38
f  30//39 31//39 15//39
f  26//40 32//40 17//40
f  32//41 21//41 17//41
f  19//42 33//42 8//42
f  33//43 34//43 8//43
f  35//8 9//8 8//8
f  36//8 35//8 8//8
f  34//8 36//8 8//8
f  37//44 29//44 27//44
f  38//8 39//8 27//8
f  39//8 40//8 27//8
f  40//8 37//8 27//8
f  28//8 41//8 27//8
f  41//8 42//8 27//8
f  42//8 38//8 27//8
f  22//45 33//45 19//45
f  43//46 30//46 20//46
f  21//47 43//47 20//47
f  44//48 34//48 33//48
f  22//49 44//49 33//49
f  37//50 45//50 29//50
f  46//51 25//51 29//51
f  45//52 46//52 29//52
f  47//53 44//53 22//53
f  31//54 47//54 22//54
f  46//55 48//55 25//55
f  48//56 49//56 25//56
f  49//57 26//57 25//57
f  43//58 50//58 30//58
f  51//59 31//59 30//59
f  50//60 51//60 30//60
f  52//61 53//61 21//61
f  53//62 43//62 21//62
f  32//63 54//63 21//63
f  54//64 52//64 21//64
f  55//65 47//65 31//65
f  51//66 55//66 31//66
f  49//67 56//67 26//67
f  56//68 57//68 26//68
f  57//69 32//69 26//69
f  53//70 50//70 43//70
f  58//71 50//71 53//71
f  59//72 58//72 53//72
f  60//73 59//73 53//73
f  61//74 60//74 53//74
f  52//75 61//75 53//75
f  44//76 62//76 34//76
f  62//8 63//8 34//8
f  64//8 36//8 34//8
f  63//8 64//8 34//8
f  58//77 65//77 50//77
f  65//78 66//78 50//78
f  66//79 67//79 50//79
f  68//80 51//80 50//80
f  67//81 68//81 50//81
f  69//82 70//82 52//82
f  70//83 71//83 52//83
f  71//84 72//84 52//84
f  72//85 61//85 52//85
f  54//86 73//86 52//86
f  73//87 69//87 52//87
f  74//88 45//88 37//88
f  75//89 76//89 37//89
f  76//90 77//90 37//90
f  77//91 74//91 37//91
f  40//8 78//8 37//8
f  78//8 79//8 37//8
f  79//8 75//8 37//8
f  74//92 46//92 45//92
f  77//93 46//93 74//93
f  80//94 55//94 51//94
f  68//95 80//95 51//95
f  81//96 54//96 32//96
f  82//97 81//97 32//97
f  57//98 83//98 32//98
f  83//99 82//99 32//99
f  84//100 62//100 44//100
f  47//101 84//101 44//101
f  85//102 56//102 49//102
f  48//103 85//103 49//103
f  86//104 84//104 47//104
f  55//105 86//105 47//105
f  87//106 88//106 46//106
f  88//107 48//107 46//107
f  77//108 76//108 46//108
f  76//109 87//109 46//109
f  89//110 57//110 56//110
f  85//111 89//111 56//111
f  60//112 11//112 59//112
f  11//113 58//113 59//113
f  88//114 90//114 48//114
f  90//115 85//115 48//115
f  61//116 11//116 60//116
f  11//117 65//117 58//117
f  72//118 11//118 61//118
f  9//119 66//119 10//119
f  66//120 65//120 10//120
f  65//121 11//121 10//121
f  72//122 28//122 11//122
f  67//123 91//123 68//123
f  92//124 80//124 68//124
f  91//125 92//125 68//125
f  93//126 94//126 54//126
f  94//127 95//127 54//127
f  95//128 73//128 54//128
f  81//129 93//129 54//129
f  71//130 28//130 72//130
f  90//131 89//131 85//131
f  84//132 96//132 62//132
f  96//133 97//133 62//133
f  97//8 63//8 62//8
f  98//134 99//134 90//134
f  99//135 89//135 90//135
f  88//136 98//136 90//136
f  100//137 86//137 55//137
f  80//138 100//138 55//138
f  86//139 96//139 84//139
f  9//140 101//140 66//140
f  101//141 67//141 66//141
f  89//142 83//142 57//142
f  70//143 28//143 71//143
f  9//144 102//144 101//144
f  102//145 67//145 101//145
f  103//146 28//146 70//146
f  69//147 103//147 70//147
f  89//148 82//148 83//148
f  9//149 104//149 102//149
f  104//150 67//150 102//150
f  75//151 105//151 76//151
f  105//152 87//152 76//152
f  106//153 104//153 9//153
f  35//154 106//154 9//154
f  106//155 67//155 104//155
f  103//156 41//156 28//156
f  107//157 41//157 103//157
f  69//158 107//158 103//158
f  108//159 99//159 98//159
f  88//160 108//160 98//160
f  109//161 110//161 67//161
f  106//162 109//162 67//162
f  110//163 91//163 67//163
f  111//164 107//164 69//164
f  112//165 113//165 69//165
f  113//166 114//166 69//166
f  114//167 111//167 69//167
f  73//168 115//168 69//168
f  115//169 112//169 69//169
f  116//170 82//170 89//170
f  99//171 116//171 89//171
f  111//172 41//172 107//172
f  116//173 81//173 82//173
f  117//174 118//174 108//174
f  118//175 99//175 108//175
f  119//176 117//176 108//176
f  120//177 119//177 108//177
f  88//177 120//177 108//177
f  121//178 100//178 80//178
f  92//179 121//179 80//179
f  116//180 93//180 81//180
f  35//181 109//181 106//181
f  122//182 116//182 99//182
f  118//183 122//183 99//183
f  123//184 118//184 117//184
f  119//185 123//185 117//185
f  116//186 94//186 93//186
f  114//187 41//187 111//187
f  124//188 109//188 35//188
f  36//189 124//189 35//189
f  124//190 110//190 109//190
f  114//191 113//191 41//191
f  113//192 42//192 41//192
f  125//193 126//193 123//193
f  126//194 118//194 123//194
f  119//195 125//195 123//195
f  122//196 127//196 116//196
f  127//197 95//197 116//197
f  95//198 94//198 116//198
f  110//199 128//199 91//199
f  129//200 92//200 91//200
f  128//201 129//201 91//201
f  130//202 131//202 73//202
f  131//203 132//203 73//203
f  132//204 115//204 73//204
f  95//205 133//205 73//205
f  133//206 130//206 73//206
f  134//207 122//207 118//207
f  126//208 134//208 118//208
f  135//209 126//209 125//209
f  119//210 135//210 125//210
f  36//211 136//211 124//211
f  136//212 110//212 124//212
f  127//213 133//213 95//213
f  137//214 121//214 92//214
f  129//215 137//215 92//215
f  138//216 126//216 135//216
f  139//177 140//177 135//177
f  119//177 139//177 135//177
f  140//217 138//217 135//217
f  134//218 141//218 122//218
f  141//219 127//219 122//219
f  64//220 142//220 36//220
f  142//221 143//221 36//221
f  143//222 136//222 36//222
f  113//223 144//223 42//223
f  144//8 38//8 42//8
f  143//224 110//224 136//224
f  145//225 144//225 113//225
f  112//226 145//226 113//226
f  138//227 146//227 126//227
f  147//228 134//228 126//228
f  146//229 147//229 126//229
f  75//230 148//230 105//230
f  148//231 87//231 105//231
f  149//232 97//232 96//232
f  86//233 149//233 96//233
f  150//234 110//234 143//234
f  142//235 150//235 143//235
f  75//236 151//236 148//236
f  151//237 87//237 148//237
f  152//238 149//238 86//238
f  100//239 152//239 86//239
f  153//240 154//240 87//240
f  154//241 88//241 87//241
f  151//242 153//242 87//242
f  155//243 144//243 145//243
f  112//244 155//244 145//244
f  156//245 144//245 155//245
f  112//246 156//246 155//246
f  154//177 120//177 88//177
f  127//247 130//247 133//247
f  153//248 157//248 154//248
f  158//177 120//177 154//177
f  157//177 159//177 154//177
f  159//177 160//177 154//177
f  160//177 158//177 154//177
f  147//249 161//249 134//249
f  161//250 141//250 134//250
f  140//251 146//251 138//251
f  150//252 128//252 110//252
f  162//253 156//253 112//253
f  115//254 163//254 112//254
f  163//255 162//255 112//255
f  164//256 165//256 75//256
f  165//257 151//257 75//257
f  79//8 166//8 75//8
f  166//8 164//8 75//8
f  167//258 152//258 100//258
f  121//259 167//259 100//259
f  165//260 153//260 151//260
f  168//261 131//261 127//261
f  131//262 130//262 127//262
f  141//263 169//263 127//263
f  169//264 170//264 127//264
f  170//265 168//265 127//265
f  171//266 147//266 146//266
f  140//267 171//267 146//267
f  171//268 172//268 147//268
f  172//269 161//269 147//269
f  173//270 174//270 141//270
f  161//271 173//271 141//271
f  174//272 175//272 141//272
f  175//273 169//273 141//273
f  128//274 176//274 129//274
f  177//275 137//275 129//275
f  176//276 177//276 129//276
f  178//277 167//277 121//277
f  137//278 178//278 121//278
f  64//279 179//279 142//279
f  179//280 150//280 142//280
f  180//281 172//281 171//281
f  140//282 180//282 171//282
f  150//283 181//283 128//283
f  181//284 176//284 128//284
f  182//285 183//285 115//285
f  183//286 184//286 115//286
f  184//287 163//287 115//287
f  132//288 185//288 115//288
f  185//289 182//289 115//289
f  186//290 179//290 64//290
f  63//8 186//8 64//8
f  156//291 187//291 144//291
f  187//8 38//8 144//8
f  186//292 188//292 179//292
f  188//293 150//293 179//293
f  189//294 187//294 156//294
f  162//295 189//295 156//295
f  190//296 191//296 161//296
f  172//297 190//297 161//297
f  192//298 173//298 161//298
f  191//299 192//299 161//299
f  168//300 132//300 131//300
f  186//301 193//301 188//301
f  193//302 150//302 188//302
f  168//303 185//303 132//303
f  194//304 187//304 189//304
f  162//305 194//305 189//305
f  195//306 187//306 194//306
f  162//307 195//307 194//307
f  193//308 196//308 150//308
f  196//309 197//309 150//309
f  197//310 181//310 150//310
f  198//311 199//311 162//311
f  199//312 195//312 162//312
f  163//313 200//313 162//313
f  200//314 198//314 162//314
f  170//315 201//315 168//315
f  201//316 185//316 168//316
f  202//317 203//317 97//317
f  149//318 202//318 97//318
f  203//8 63//8 97//8
f  169//319 201//319 170//319
f  204//320 178//320 137//320
f  177//321 204//321 137//321
f  164//322 205//322 165//322
f  205//323 153//323 165//323
f  199//324 206//324 195//324
f  206//325 187//325 195//325
f  175//326 201//326 169//326
f  186//327 207//327 193//327
f  207//328 196//328 193//328
f  152//329 202//329 149//329
f  63//8 207//8 186//8
f  206//8 38//8 187//8
f  208//330 209//330 172//330
f  180//331 210//331 172//331
f  210//332 208//332 172//332
f  211//333 190//333 172//333
f  209//334 211//334 172//334
f  207//335 212//335 196//335
f  212//336 197//336 196//336
f  140//337 210//337 180//337
f  140//338 208//338 210//338
f  174//339 213//339 175//339
f  213//340 201//340 175//340
f  214//341 206//341 199//341
f  198//342 214//342 199//342
f  173//343 215//343 174//343
f  215//344 213//344 174//344
f  201//345 182//345 185//345
f  201//346 183//346 182//346
f  192//347 215//347 173//347
f  207//348 216//348 212//348
f  216//349 197//349 212//349
f  201//350 184//350 183//350
f  197//351 217//351 181//351
f  218//352 176//352 181//352
f  217//353 218//353 181//353
f  219//354 220//354 163//354
f  220//355 200//355 163//355
f  184//356 221//356 163//356
f  221//357 219//357 163//357
f  222//358 206//358 214//358
f  223//359 222//359 214//359
f  198//360 223//360 214//360
f  224//361 225//361 216//361
f  207//362 224//362 216//362
f  225//363 197//363 216//363
f  63//8 224//8 207//8
f  222//8 38//8 206//8
f  226//364 222//364 223//364
f  198//365 226//365 223//365
f  224//366 227//366 225//366
f  227//367 197//367 225//367
f  191//368 215//368 192//368
f  228//369 177//369 176//369
f  218//370 228//370 176//370
f  229//371 184//371 201//371
f  213//372 229//372 201//372
f  78//373 139//373 79//373
f  139//373 119//373 79//373
f  119//374 166//374 79//374
f  120//374 166//374 119//374
f  230//375 222//375 226//375
f  198//376 230//376 226//376
f  231//377 215//377 191//377
f  190//378 231//378 191//378
f  227//379 232//379 197//379
f  232//380 217//380 197//380
f  233//381 230//381 198//381
f  200//382 234//382 198//382
f  234//383 233//383 198//383
f  224//384 235//384 227//384
f  235//385 232//385 227//385
f  236//386 203//386 202//386
f  237//387 236//387 202//387
f  152//388 237//388 202//388
f  238//389 222//389 230//389
f  233//390 238//390 230//390
f  167//391 239//391 152//391
f  239//392 240//392 152//392
f  240//393 241//393 152//393
f  241//394 237//394 152//394
f  242//395 243//395 153//395
f  243//396 157//396 153//396
f  244//397 242//397 153//397
f  205//398 244//398 153//398
f  224//399 245//399 235//399
f  245//400 232//400 235//400
f  246//401 222//401 238//401
f  233//402 246//402 238//402
f  164//403 244//403 205//403
f  224//404 247//404 245//404
f  247//405 232//405 245//405
f  222//406 247//406 224//406
f  38//8 222//8 224//8
f  63//8 38//8 224//8
f  248//407 249//407 222//407
f  246//408 248//408 222//408
f  249//409 250//409 222//409
f  250//410 247//410 222//410
f  251//411 248//411 246//411
f  233//412 251//412 246//412
f  40//413 252//413 78//413
f  252//413 139//413 78//413
f  120//414 253//414 166//414
f  253//8 164//8 166//8
f  252//177 140//177 139//177
f  254//414 253//414 120//414
f  158//177 254//177 120//177
f  250//415 232//415 247//415
f  233//416 248//416 251//416
f  249//417 255//417 250//417
f  255//418 232//418 250//418
f  248//419 255//419 249//419
f  233//420 255//420 248//420
f  256//421 204//421 177//421
f  228//422 256//422 177//422
f  215//423 257//423 213//423
f  257//424 229//424 213//424
f  211//425 231//425 190//425
f  209//426 231//426 211//426
f  258//427 231//427 209//427
f  208//428 258//428 209//428
f  259//177 254//177 158//177
f  160//429 260//429 158//429
f  260//430 261//430 158//430
f  261//431 259//431 158//431
f  159//432 260//432 160//432
f  243//177 262//177 157//177
f  262//177 159//177 157//177
f  262//433 263//433 159//433
f  263//434 260//434 159//434
f  243//435 264//435 262//435
f  264//436 265//436 262//436
f  265//437 263//437 262//437
f  178//438 266//438 167//438
f  266//439 267//439 167//439
f  267//440 239//440 167//440
f  268//177 254//177 259//177
f  261//441 268//441 259//441
f  269//177 254//177 268//177
f  270//177 269//177 268//177
f  261//442 271//442 268//442
f  271//443 270//443 268//443
f  252//177 272//177 140//177
f  272//444 208//444 140//444
f  272//445 258//445 208//445
f  229//446 221//446 184//446
f  242//447 264//447 243//447
f  273//448 232//448 255//448
f  274//449 273//449 255//449
f  233//450 274//450 255//450
f  275//451 244//451 164//451
f  276//8 275//8 164//8
f  253//8 276//8 164//8
f  242//452 277//452 264//452
f  277//453 265//453 264//453
f  231//454 278//454 215//454
f  278//455 257//455 215//455
f  277//456 279//456 265//456
f  279//457 263//457 265//457
f  280//458 261//458 260//458
f  281//459 280//459 260//459
f  263//460 281//460 260//460
f  229//461 219//461 221//461
f  282//177 269//177 270//177
f  271//462 283//462 270//462
f  283//463 282//463 270//463
f  284//464 219//464 229//464
f  257//465 284//465 229//465
f  279//466 285//466 263//466
f  285//467 286//467 263//467
f  287//468 281//468 263//468
f  286//469 287//469 263//469
f  232//470 288//470 217//470
f  289//471 218//471 217//471
f  288//472 289//472 217//472
f  220//473 290//473 200//473
f  290//474 291//474 200//474
f  291//475 292//475 200//475
f  292//476 293//476 200//476
f  293//477 234//477 200//477
f  294//478 271//478 261//478
f  280//479 294//479 261//479
f  284//480 220//480 219//480
f  273//481 295//481 232//481
f  295//482 288//482 232//482
f  296//483 274//483 233//483
f  234//484 296//484 233//484
f  297//177 269//177 282//177
f  298//177 297//177 282//177
f  283//485 298//485 282//485
f  299//486 300//486 178//486
f  300//487 266//487 178//487
f  204//488 301//488 178//488
f  301//489 302//489 178//489
f  302//490 299//490 178//490
f  303//491 278//491 231//491
f  304//492 303//492 231//492
f  258//493 304//493 231//493
f  39//494 305//494 40//494
f  305//494 252//494 40//494
f  254//495 306//495 253//495
f  306//8 276//8 253//8
f  305//177 272//177 252//177
f  269//495 306//495 254//495
f  307//496 285//496 279//496
f  277//497 307//497 279//497
f  308//498 228//498 218//498
f  289//499 308//499 218//499
f  307//500 286//500 285//500
f  278//501 309//501 257//501
f  309//502 284//502 257//502
f  310//503 283//503 271//503
f  294//504 310//504 271//504
f  272//505 304//505 258//505
f  275//506 311//506 244//506
f  311//507 242//507 244//507
f  310//508 298//508 283//508
f  312//509 295//509 273//509
f  313//510 312//510 273//510
f  274//511 313//511 273//511
f  307//512 314//512 286//512
f  314//513 287//513 286//513
f  294//514 315//514 310//514
f  315//515 298//515 310//515
f  272//516 303//516 304//516
f  284//517 290//517 220//517
f  316//518 317//518 278//518
f  318//519 316//519 278//519
f  303//520 318//520 278//520
f  317//521 309//521 278//521
f  287//522 319//522 281//522
f  319//523 320//523 281//523
f  320//524 280//524 281//524
f  314//525 321//525 287//525
f  321//526 322//526 287//526
f  322//527 323//527 287//527
f  323//528 319//528 287//528
f  324//529 288//529 295//529
f  312//530 325//530 295//530
f  325//531 324//531 295//531
f  326//532 313//532 274//532
f  296//533 326//533 274//533
f  305//177 327//177 272//177
f  327//534 303//534 272//534
f  327//535 318//535 303//535
f  320//536 328//536 280//536
f  328//537 294//537 280//537
f  307//538 329//538 314//538
f  329//539 321//539 314//539
f  330//540 291//540 284//540
f  291//541 290//541 284//541
f  309//542 330//542 284//542
f  331//543 289//543 288//543
f  324//544 331//544 288//544
f  332//545 296//545 234//545
f  293//546 332//546 234//546
f  333//547 301//547 204//547
f  256//548 334//548 204//548
f  334//549 335//549 204//549
f  335//550 333//550 204//550
f  336//551 292//551 291//551
f  330//552 336//552 291//552
f  337//553 256//553 228//553
f  308//554 337//554 228//554
f  338//555 325//555 312//555
f  339//556 338//556 312//556
f  313//557 339//557 312//557
f  329//558 322//558 321//558
f  327//559 316//559 318//559
f  317//560 340//560 309//560
f  340//561 330//561 309//561
f  328//562 341//562 294//562
f  341//563 315//563 294//563
f  342//564 311//564 275//564
f  276//8 342//8 275//8
f  343//565 325//565 338//565
f  344//177 345//177 338//177
f  339//177 344//177 338//177
f  345//177 343//177 338//177
f  342//566 346//566 311//566
f  346//567 242//567 311//567
f  347//568 324//568 325//568
f  343//569 347//569 325//569
f  348//570 339//570 313//570
f  326//571 348//571 313//571
f  349//572 350//572 351//572
f  352//572 349//572 351//572
f  353//573 352//573 351//573
f  354//8 353//8 351//8
f  355//8 354//8 351//8
f  350//8 355//8 351//8
f  353//573 356//573 352//573
f  357//177 349//177 352//177
f  358//177 357//177 352//177
f  356//177 358//177 352//177
f  329//574 359//574 322//574
f  359//575 323//575 322//575
f  360//576 241//576 240//576
f  361//177 360//177 240//177
f  239//577 361//577 240//577
f  362//578 308//578 289//578
f  331//579 362//579 289//579
f  336//580 363//580 292//580
f  363//581 364//581 292//581
f  364//582 293//582 292//582
f  341//583 298//583 315//583
f  365//584 366//584 350//584
f  349//584 365//584 350//584
f  367//8 355//8 350//8
f  366//8 367//8 350//8
f  368//177 365//177 349//177
f  357//177 368//177 349//177
f  267//585 361//585 239//585
f  369//586 305//586 39//586
f  38//8 369//8 39//8
f  269//587 370//587 306//587
f  370//8 276//8 306//8
f  369//588 371//588 305//588
f  371//177 327//177 305//177
f  297//589 370//589 269//589
f  330//590 363//590 336//590
f  372//591 347//591 343//591
f  345//177 372//177 343//177
f  348//177 344//177 339//177
f  266//592 373//592 267//592
f  373//593 361//593 267//593
f  374//594 375//594 317//594
f  316//595 374//595 317//595
f  375//596 340//596 317//596
f  330//597 364//597 363//597
f  328//598 376//598 341//598
f  376//599 298//599 341//599
f  377//600 331//600 324//600
f  347//601 377//601 324//601
f  378//602 326//602 296//602
f  332//603 378//603 296//603
f  327//604 374//604 316//604
f  379//177 372//177 345//177
f  344//605 355//605 345//605
f  355//606 367//606 345//606
f  367//606 379//606 345//606
f  348//177 380//177 344//177
f  380//607 354//607 344//607
f  354//605 355//605 344//605
f  380//607 381//607 354//607
f  381//8 353//8 354//8
f  236//8 382//8 203//8
f  382//8 63//8 203//8
f  382//8 38//8 63//8
f  383//8 369//8 38//8
f  382//8 384//8 38//8
f  384//8 383//8 38//8
f  383//608 371//608 369//608
f  297//609 385//609 370//609
f  386//8 276//8 370//8
f  385//8 386//8 370//8
f  386//8 387//8 276//8
f  387//8 342//8 276//8
f  387//610 388//610 342//610
f  388//611 346//611 342//611
f  389//612 390//612 359//612
f  329//613 389//613 359//613
f  390//614 323//614 359//614
f  391//615 364//615 330//615
f  340//616 391//616 330//616
f  300//617 373//617 266//617
f  299//618 373//618 300//618
f  392//619 320//619 319//619
f  393//620 392//620 319//620
f  394//621 393//621 319//621
f  323//622 394//622 319//622
f  395//177 360//177 361//177
f  373//623 395//623 361//623
f  396//624 375//624 374//624
f  327//625 396//625 374//625
f  397//177 360//177 395//177
f  373//626 398//626 395//626
f  398//627 397//627 395//627
f  399//628 394//628 323//628
f  400//629 399//629 323//629
f  401//630 400//630 323//630
f  390//631 401//631 323//631
f  402//632 403//632 320//632
f  403//633 404//633 320//633
f  404//634 328//634 320//634
f  392//635 402//635 320//635
f  375//636 391//636 340//636
f  405//637 373//637 299//637
f  302//638 405//638 299//638
f  406//639 293//639 364//639
f  391//640 406//640 364//640
f  407//641 377//641 347//641
f  372//642 407//642 347//642
f  408//643 348//643 326//643
f  378//644 408//644 326//644
f  409//645 334//645 256//645
f  337//646 410//646 256//646
f  410//647 411//647 256//647
f  411//648 409//648 256//648
f  389//649 401//649 390//649
f  412//650 398//650 373//650
f  405//651 412//651 373//651
f  404//652 413//652 328//652
f  413//653 414//653 328//653
f  414//654 415//654 328//654
f  415//655 376//655 328//655
f  396//656 416//656 375//656
f  416//657 417//657 375//657
f  417//658 418//658 375//658
f  419//659 391//659 375//659
f  418//660 419//660 375//660
f  420//661 337//661 308//661
f  362//662 420//662 308//662
f  421//663 362//663 331//663
f  377//664 421//664 331//664
f  406//665 422//665 293//665
f  423//666 332//666 293//666
f  422//667 423//667 293//667
f  424//668 407//668 372//668
f  379//177 424//177 372//177
f  408//177 380//177 348//177
f  301//669 405//669 302//669
f  425//177 360//177 397//177
f  398//670 425//670 397//670
f  333//671 405//671 301//671
f  415//672 298//672 376//672
f  426//177 427//177 425//177
f  428//177 426//177 425//177
f  427//177 360//177 425//177
f  398//673 429//673 425//673
f  429//674 428//674 425//674
f  327//675 416//675 396//675
f  327//676 417//676 416//676
f  430//677 356//677 353//677
f  381//8 430//8 353//8
f  430//677 431//677 356//677
f  432//177 358//177 356//177
f  431//177 432//177 356//177
f  389//678 433//678 401//678
f  433//679 400//679 401//679
f  434//680 435//680 383//680
f  435//680 371//680 383//680
f  384//8 434//8 383//8
f  297//681 436//681 385//681
f  436//8 386//8 385//8
f  435//177 437//177 371//177
f  437//177 327//177 371//177
f  438//681 436//681 297//681
f  298//177 438//177 297//177
f  335//682 439//682 333//682
f  439//683 405//683 333//683
f  437//684 418//684 417//684
f  327//685 437//685 417//685
f  440//686 429//686 398//686
f  412//687 440//687 398//687
f  391//688 422//688 406//688
f  441//689 236//689 237//689
f  241//690 441//690 237//690
f  388//691 242//691 346//691
f  442//692 443//692 366//692
f  365//692 442//692 366//692
f  444//8 367//8 366//8
f  443//8 444//8 366//8
f  445//177 442//177 365//177
f  368//177 445//177 365//177
f  360//693 446//693 241//693
f  446//694 441//694 241//694
f  447//695 448//695 242//695
f  448//696 449//696 242//696
f  449//697 277//697 242//697
f  388//698 447//698 242//698
f  439//699 450//699 405//699
f  450//700 412//700 405//700
f  451//177 426//177 428//177
f  429//701 451//701 428//701
f  452//702 421//702 377//702
f  407//703 452//703 377//703
f  453//704 454//704 332//704
f  454//705 455//705 332//705
f  455//706 456//706 332//706
f  423//707 457//707 332//707
f  457//708 458//708 332//708
f  458//709 453//709 332//709
f  459//710 378//710 332//710
f  456//711 459//711 332//711
f  460//177 424//177 379//177
f  367//712 444//712 379//712
f  444//712 460//712 379//712
f  408//177 461//177 380//177
f  461//713 381//713 380//713
f  461//713 462//713 381//713
f  462//8 430//8 381//8
f  334//714 439//714 335//714
f  394//715 463//715 393//715
f  464//716 392//716 393//716
f  463//717 464//717 393//717
f  391//718 423//718 422//718
f  465//719 446//719 360//719
f  427//177 465//177 360//177
f  464//720 402//720 392//720
f  441//721 466//721 236//721
f  466//8 382//8 236//8
f  467//722 468//722 277//722
f  468//723 307//723 277//723
f  449//724 469//724 277//724
f  469//725 467//725 277//725
f  470//177 426//177 451//177
f  471//177 470//177 451//177
f  429//726 472//726 451//726
f  472//727 471//727 451//727
f  473//728 466//728 441//728
f  446//729 473//729 441//729
f  399//730 463//730 394//730
f  474//731 463//731 399//731
f  400//732 474//732 399//732
f  475//733 403//733 402//733
f  464//734 475//734 402//734
f  387//735 476//735 388//735
f  476//736 447//736 388//736
f  391//737 477//737 423//737
f  477//738 457//738 423//738
f  475//739 404//739 403//739
f  433//740 478//740 400//740
f  478//741 479//741 400//741
f  479//742 474//742 400//742
f  475//743 413//743 404//743
f  480//744 472//744 429//744
f  440//745 480//745 429//745
f  481//746 420//746 362//746
f  421//747 481//747 362//747
f  482//748 419//748 418//748
f  437//749 482//749 418//749
f  389//750 483//750 433//750
f  483//751 478//751 433//751
f  409//752 439//752 334//752
f  419//753 477//753 391//753
f  484//177 470//177 471//177
f  472//754 485//754 471//754
f  485//755 484//755 471//755
f  486//756 452//756 407//756
f  424//757 486//757 407//757
f  459//758 487//758 378//758
f  487//759 488//759 378//759
f  488//760 489//760 378//760
f  489//761 490//761 378//761
f  490//762 491//762 378//762
f  491//763 492//763 378//763
f  493//764 408//764 378//764
f  492//765 493//765 378//765
f  450//766 494//766 412//766
f  494//767 440//767 412//767
f  495//768 414//768 413//768
f  475//769 495//769 413//769
f  496//770 415//770 414//770
f  495//771 496//771 414//771
f  497//772 498//772 419//772
f  482//773 497//773 419//773
f  498//774 477//774 419//774
f  499//775 500//775 434//775
f  500//775 435//775 434//775
f  384//8 499//8 434//8
f  438//776 499//776 436//776
f  499//8 386//8 436//8
f  500//177 501//177 435//177
f  501//177 502//177 435//177
f  502//177 437//177 435//177
f  500//776 499//776 438//776
f  298//177 503//177 438//177
f  503//177 500//177 438//177
f  504//777 486//777 424//777
f  460//177 504//177 424//177
f  493//177 461//177 408//177
f  505//177 470//177 484//177
f  485//778 505//778 484//778
f  415//779 503//779 298//779
f  496//780 503//780 415//780
f  506//781 507//781 307//781
f  508//782 329//782 307//782
f  509//783 508//783 307//783
f  507//784 509//784 307//784
f  468//785 510//785 307//785
f  510//786 506//786 307//786
f  511//787 410//787 337//787
f  420//788 512//788 337//788
f  512//789 513//789 337//789
f  513//790 511//790 337//790
f  437//791 497//791 482//791
f  483//792 514//792 478//792
f  514//793 515//793 478//793
f  515//794 479//794 478//794
f  516//795 439//795 409//795
f  411//796 516//796 409//796
f  517//797 450//797 439//797
f  518//798 517//798 439//798
f  516//799 518//799 439//799
f  519//800 485//800 472//800
f  480//801 519//801 472//801
f  520//802 475//802 464//802
f  521//803 520//803 464//803
f  463//804 521//804 464//804
f  477//805 458//805 457//805
f  384//8 386//8 499//8
f  503//177 501//177 500//177
f  477//806 453//806 458//806
f  522//807 523//807 463//807
f  474//808 522//808 463//808
f  523//809 521//809 463//809
f  519//810 505//810 485//810
f  494//811 524//811 440//811
f  524//812 480//812 440//812
f  525//813 495//813 475//813
f  520//814 525//814 475//814
f  526//815 453//815 477//815
f  498//816 526//816 477//816
f  480//817 527//817 519//817
f  527//818 505//818 519//818
f  528//819 496//819 495//819
f  525//820 528//820 495//820
f  529//821 530//821 498//821
f  531//822 529//822 498//822
f  497//823 531//823 498//823
f  530//824 526//824 498//824
f  515//825 532//825 479//825
f  532//826 474//826 479//826
f  533//827 481//827 421//827
f  452//828 533//828 421//828
f  532//829 522//829 474//829
f  529//830 531//830 497//830
f  437//831 529//831 497//831
f  528//832 503//832 496//832
f  526//833 454//833 453//833
f  526//834 455//834 454//834
f  534//835 494//835 450//835
f  535//836 534//836 450//836
f  517//837 535//837 450//837
f  536//838 530//838 529//838
f  537//839 536//839 529//839
f  502//840 537//840 529//840
f  437//841 502//841 529//841
f  410//842 516//842 411//842
f  538//843 539//843 329//843
f  539//844 540//844 329//844
f  540//845 389//845 329//845
f  541//846 538//846 329//846
f  508//847 541//847 329//847
f  526//848 456//848 455//848
f  542//849 456//849 526//849
f  530//850 542//850 526//850
f  525//851 503//851 528//851
f  543//852 544//852 530//852
f  536//853 543//853 530//853
f  544//854 542//854 530//854
f  545//855 476//855 387//855
f  546//856 545//856 387//856
f  386//8 546//8 387//8
f  545//857 447//857 476//857
f  524//858 547//858 480//858
f  547//859 527//859 480//859
f  537//860 543//860 536//860
f  545//861 548//861 447//861
f  548//862 448//862 447//862
f  549//863 544//863 543//863
f  537//864 549//864 543//864
f  548//865 449//865 448//865
f  548//866 469//866 449//866
f  532//867 550//867 522//867
f  550//868 551//868 522//868
f  551//869 523//869 522//869
f  552//870 520//870 521//870
f  553//871 552//871 521//871
f  523//872 553//872 521//872
f  542//873 459//873 456//873
f  520//874 554//874 525//874
f  554//875 501//875 525//875
f  501//876 503//876 525//876
f  552//877 555//877 520//877
f  555//878 554//878 520//878
f  513//879 518//879 516//879
f  410//880 511//880 516//880
f  511//881 513//881 516//881
f  487//882 459//882 542//882
f  556//883 487//883 542//883
f  544//884 556//884 542//884
f  557//885 558//885 544//885
f  549//886 557//886 544//886
f  558//887 556//887 544//887
f  551//888 559//888 523//888
f  559//889 560//889 523//889
f  560//890 561//890 523//890
f  561//891 553//891 523//891
f  562//892 467//892 469//892
f  548//893 562//893 469//893
f  537//894 557//894 549//894
f  562//895 468//895 467//895
f  562//896 510//896 468//896
f  556//897 563//897 487//897
f  563//898 488//898 487//898
f  558//899 563//899 556//899
f  547//900 505//900 527//900
f  564//901 565//901 558//901
f  557//902 564//902 558//902
f  565//903 563//903 558//903
f  555//904 501//904 554//904
f  537//905 564//905 557//905
f  563//906 489//906 488//906
f  563//907 490//907 489//907
f  566//908 567//908 420//908
f  567//909 512//909 420//909
f  481//910 568//910 420//910
f  568//911 569//911 420//911
f  569//912 566//912 420//912
f  570//913 571//913 563//913
f  565//914 570//914 563//914
f  571//915 572//915 563//915
f  572//916 490//916 563//916
f  573//917 517//917 518//917
f  513//918 573//918 518//918
f  564//919 574//919 565//919
f  574//920 570//920 565//920
f  575//921 533//921 452//921
f  486//922 575//922 452//922
f  537//923 574//923 564//923
f  550//924 576//924 551//924
f  576//925 559//925 551//925
f  577//926 570//926 574//926
f  537//927 577//927 574//927
f  524//928 578//928 547//928
f  578//929 505//929 547//929
f  577//930 579//930 570//930
f  579//931 571//931 570//931
f  580//932 581//932 494//932
f  582//933 524//933 494//933
f  583//934 582//934 494//934
f  581//935 583//935 494//935
f  534//936 580//936 494//936
f  573//937 535//937 517//937
f  572//938 491//938 490//938
f  584//939 579//939 577//939
f  537//940 584//940 577//940
f  585//941 586//941 537//941
f  586//942 587//942 537//942
f  587//943 588//943 537//943
f  502//944 585//944 537//944
f  588//945 589//945 537//945
f  589//946 590//946 537//946
f  590//947 591//947 537//947
f  592//948 584//948 537//948
f  591//949 592//949 537//949
f  584//950 593//950 579//950
f  593//951 571//951 579//951
f  593//952 594//952 571//952
f  594//953 595//953 571//953
f  595//954 572//954 571//954
f  592//955 593//955 584//955
f  596//956 597//956 572//956
f  597//957 491//957 572//957
f  598//958 596//958 572//958
f  595//959 598//959 572//959
f  597//960 492//960 491//960
f  599//961 492//961 597//961
f  596//962 599//962 597//962
f  598//963 599//963 596//963
f  600//964 601//964 546//964
f  602//965 600//965 546//965
f  603//966 545//966 546//966
f  601//967 603//967 546//967
f  386//8 602//8 546//8
f  592//968 594//968 593//968
f  552//969 604//969 555//969
f  604//970 501//970 555//970
f  603//971 548//971 545//971
f  591//972 594//972 592//972
f  605//973 599//973 598//973
f  595//974 605//974 598//974
f  606//975 594//975 591//975
f  590//976 606//976 591//976
f  607//977 552//977 553//977
f  608//978 607//978 553//978
f  561//979 608//979 553//979
f  607//980 609//980 552//980
f  609//981 604//981 552//981
f  610//982 506//982 510//982
f  562//983 610//983 510//983
f  606//984 611//984 594//984
f  611//985 595//985 594//985
f  611//986 605//986 595//986
f  576//987 612//987 559//987
f  612//988 560//988 559//988
f  589//989 606//989 590//989
f  588//990 606//990 589//990
f  610//991 507//991 506//991
f  613//992 599//992 605//992
f  611//993 613//993 605//993
f  609//994 501//994 604//994
f  601//995 548//995 603//995
f  588//996 614//996 606//996
f  614//997 615//997 606//997
f  615//998 611//998 606//998
f  612//999 616//999 560//999
f  616//1000 617//1000 560//1000
f  617//1001 561//1001 560//1001
f  618//1002 619//1002 561//1002
f  620//1003 618//1003 561//1003
f  617//1004 620//1004 561//1004
f  619//1005 608//1005 561//1005
f  621//1006 613//1006 611//1006
f  615//1007 621//1007 611//1007
f  621//1008 622//1008 613//1008
f  622//1009 599//1009 613//1009
f  587//1010 614//1010 588//1010
f  600//1011 548//1011 601//1011
f  600//1012 623//1012 548//1012
f  624//1013 562//1013 548//1013
f  623//1014 624//1014 548//1014
f  625//1015 431//1015 430//1015
f  462//8 625//8 430//8
f  625//1015 626//1015 431//1015
f  626//177 432//177 431//177
f  512//1016 573//1016 513//1016
f  587//1017 627//1017 614//1017
f  627//1018 628//1018 614//1018
f  628//1019 615//1019 614//1019
f  586//1020 627//1020 587//1020
f  610//1021 509//1021 507//1021
f  629//1022 610//1022 562//1022
f  624//1023 629//1023 562//1023
f  630//1024 621//1024 615//1024
f  628//1025 630//1025 615//1025
f  585//1026 627//1026 586//1026
f  631//1027 575//1027 486//1027
f  504//1028 631//1028 486//1028
f  632//1029 493//1029 492//1029
f  599//1030 632//1030 492//1030
f  630//1031 622//1031 621//1031
f  633//1032 622//1032 630//1032
f  628//1033 633//1033 630//1033
f  634//1034 534//1034 535//1034
f  573//1035 634//1035 535//1035
f  635//1036 627//1036 585//1036
f  636//1037 635//1037 585//1037
f  502//1038 636//1038 585//1038
f  637//1039 638//1039 607//1039
f  638//1040 609//1040 607//1040
f  639//1041 640//1041 607//1041
f  640//1042 641//1042 607//1042
f  641//1043 637//1043 607//1043
f  608//1044 639//1044 607//1044
f  616//1045 642//1045 617//1045
f  642//1046 620//1046 617//1046
f  643//1047 644//1047 502//1047
f  644//1048 636//1048 502//1048
f  501//1049 637//1049 502//1049
f  637//1050 641//1050 502//1050
f  641//1051 643//1051 502//1051
f  638//1052 501//1052 609//1052
f  635//1053 645//1053 627//1053
f  645//1054 628//1054 627//1054
f  637//1055 501//1055 638//1055
f  619//1056 639//1056 608//1056
f  644//1057 635//1057 636//1057
f  645//1058 646//1058 628//1058
f  646//1059 647//1059 628//1059
f  647//1060 633//1060 628//1060
f  582//1061 648//1061 524//1061
f  648//1062 649//1062 524//1062
f  649//1063 578//1063 524//1063
f  647//1064 622//1064 633//1064
f  646//1065 622//1065 647//1065
f  643//1066 640//1066 644//1066
f  639//1067 635//1067 644//1067
f  640//1068 639//1068 644//1068
f  642//1069 650//1069 620//1069
f  650//1070 651//1070 620//1070
f  651//1071 618//1071 620//1071
f  652//1072 631//1072 504//1072
f  460//177 652//177 504//177
f  632//177 461//177 493//177
f  641//1073 640//1073 643//1073
f  639//1074 653//1074 635//1074
f  653//1075 645//1075 635//1075
f  654//1076 483//1076 389//1076
f  540//1077 655//1077 389//1077
f  655//1078 654//1078 389//1078
f  656//1079 508//1079 509//1079
f  610//1080 656//1080 509//1080
f  657//1081 658//1081 619//1081
f  658//1082 659//1082 619//1082
f  659//1083 660//1083 619//1083
f  660//1084 653//1084 619//1084
f  618//1085 657//1085 619//1085
f  653//1086 639//1086 619//1086
f  661//1087 662//1087 646//1087
f  662//1088 622//1088 646//1088
f  645//1089 661//1089 646//1089
f  634//1090 580//1090 534//1090
f  473//1091 663//1091 466//1091
f  664//8 665//8 466//8
f  666//8 664//8 466//8
f  663//8 666//8 466//8
f  665//8 667//8 466//8
f  667//8 382//8 466//8
f  667//8 668//8 382//8
f  668//8 669//8 382//8
f  669//8 670//8 382//8
f  670//8 671//8 382//8
f  671//8 384//8 382//8
f  671//8 672//8 384//8
f  672//8 386//8 384//8
f  673//8 602//8 386//8
f  674//8 675//8 386//8
f  675//8 676//8 386//8
f  676//8 677//8 386//8
f  677//8 673//8 386//8
f  672//8 678//8 386//8
f  678//8 674//8 386//8
f  673//1092 600//1092 602//1092
f  656//1093 679//1093 508//1093
f  679//1094 541//1094 508//1094
f  680//1095 600//1095 673//1095
f  677//1096 680//1096 673//1096
f  680//1097 623//1097 600//1097
f  681//1098 656//1098 610//1098
f  629//1099 681//1099 610//1099
f  653//1100 682//1100 645//1100
f  682//1101 661//1101 645//1101
f  651//1102 657//1102 618//1102
f  683//1103 684//1103 661//1103
f  682//1104 683//1104 661//1104
f  684//1105 685//1105 661//1105
f  685//1106 662//1106 661//1106
f  686//1107 687//1107 443//1107
f  442//1107 686//1107 443//1107
f  688//8 444//8 443//8
f  687//8 688//8 443//8
f  689//177 686//177 442//177
f  445//177 689//177 442//177
f  427//177 690//177 465//177
f  690//177 691//177 465//177
f  691//1108 446//1108 465//1108
f  651//1109 658//1109 657//1109
f  651//1110 659//1110 658//1110
f  649//1111 505//1111 578//1111
f  512//1112 692//1112 573//1112
f  693//1113 634//1113 573//1113
f  692//1114 693//1114 573//1114
f  660//1115 694//1115 653//1115
f  694//1116 682//1116 653//1116
f  695//177 652//177 460//177
f  444//1117 688//1117 460//1117
f  688//1117 695//1117 460//1117
f  632//177 696//177 461//177
f  696//1118 462//1118 461//1118
f  696//1118 697//1118 462//1118
f  697//8 625//8 462//8
f  698//1119 683//1119 682//1119
f  694//1120 698//1120 682//1120
f  660//1121 699//1121 694//1121
f  700//1122 698//1122 694//1122
f  699//1123 700//1123 694//1123
f  659//1124 699//1124 660//1124
f  651//1125 699//1125 659//1125
f  681//1126 701//1126 656//1126
f  701//1127 679//1127 656//1127
f  702//1128 703//1128 481//1128
f  703//1129 704//1129 481//1129
f  704//1130 568//1130 481//1130
f  705//1131 702//1131 481//1131
f  533//1132 705//1132 481//1132
f  650//1133 706//1133 651//1133
f  706//1134 707//1134 651//1134
f  707//1135 708//1135 651//1135
f  708//1136 699//1136 651//1136
f  709//1137 581//1137 580//1137
f  634//1138 709//1138 580//1138
f  710//1139 629//1139 624//1139
f  623//1140 710//1140 624//1140
f  680//1141 711//1141 623//1141
f  711//1142 710//1142 623//1142
f  677//1143 712//1143 680//1143
f  712//1144 711//1144 680//1144
f  713//1145 681//1145 629//1145
f  710//1146 713//1146 629//1146
f  709//1147 583//1147 581//1147
f  714//1148 538//1148 541//1148
f  715//1149 714//1149 541//1149
f  679//1150 715//1150 541//1150
f  713//1151 716//1151 681//1151
f  716//1152 701//1152 681//1152
f  709//1153 582//1153 583//1153
f  567//1154 692//1154 512//1154
f  677//1155 717//1155 712//1155
f  717//1156 711//1156 712//1156
f  566//1157 692//1157 567//1157
f  676//1158 718//1158 677//1158
f  718//1159 717//1159 677//1159
f  719//1160 709//1160 634//1160
f  693//1161 719//1161 634//1161
f  720//1162 679//1162 701//1162
f  716//1163 721//1163 701//1163
f  721//1164 722//1164 701//1164
f  722//1165 720//1165 701//1165
f  718//1166 723//1166 717//1166
f  723//1167 711//1167 717//1167
f  724//1168 713//1168 710//1168
f  711//1169 724//1169 710//1169
f  725//1170 715//1170 679//1170
f  720//1171 725//1171 679//1171
f  723//1172 724//1172 711//1172
f  726//1173 648//1173 582//1173
f  709//1174 726//1174 582//1174
f  727//1175 649//1175 648//1175
f  726//1176 727//1176 648//1176
f  728//1177 538//1177 714//1177
f  729//1178 728//1178 714//1178
f  715//1179 729//1179 714//1179
f  728//1180 539//1180 538//1180
f  730//1181 540//1181 539//1181
f  728//1182 731//1182 539//1182
f  731//1183 732//1183 539//1183
f  732//1184 730//1184 539//1184
f  730//1185 655//1185 540//1185
f  730//1186 654//1186 655//1186
f  733//1187 483//1187 654//1187
f  730//1188 733//1188 654//1188
f  734//1189 725//1189 720//1189
f  735//1190 734//1190 720//1190
f  722//1191 735//1191 720//1191
f  725//1192 729//1192 715//1192
f  569//1193 736//1193 566//1193
f  736//1194 692//1194 566//1194
f  737//1195 514//1195 483//1195
f  733//1196 737//1196 483//1196
f  737//1197 515//1197 514//1197
f  738//1198 693//1198 692//1198
f  736//1199 738//1199 692//1199
f  737//1200 532//1200 515//1200
f  737//1201 550//1201 532//1201
f  724//1202 739//1202 713//1202
f  739//1203 740//1203 713//1203
f  740//1204 716//1204 713//1204
f  741//1205 739//1205 724//1205
f  723//1206 741//1206 724//1206
f  740//1207 721//1207 716//1207
f  737//1208 742//1208 550//1208
f  742//1209 576//1209 550//1209
f  742//1210 612//1210 576//1210
f  742//1211 616//1211 612//1211
f  676//1212 743//1212 718//1212
f  743//1213 723//1213 718//1213
f  743//1214 744//1214 723//1214
f  744//1215 745//1215 723//1215
f  745//1216 741//1216 723//1216
f  727//1217 746//1217 649//1217
f  746//1218 505//1218 649//1218
f  747//177 470//177 505//177
f  746//177 747//177 505//177
f  748//1219 705//1219 533//1219
f  575//1220 748//1220 533//1220
f  749//1221 700//1221 699//1221
f  708//1222 750//1222 699//1222
f  750//1223 749//1223 699//1223
f  742//1224 751//1224 616//1224
f  751//1225 642//1225 616//1225
f  752//1226 722//1226 721//1226
f  740//1227 752//1227 721//1227
f  729//1228 753//1228 728//1228
f  753//1229 731//1229 728//1229
f  751//1230 650//1230 642//1230
f  754//1231 706//1231 650//1231
f  751//1232 754//1232 650//1232
f  754//1233 707//1233 706//1233
f  754//1234 708//1234 707//1234
f  754//1235 755//1235 708//1235
f  755//1236 750//1236 708//1236
f  755//1237 749//1237 750//1237
f  755//1238 700//1238 749//1238
f  756//1239 698//1239 700//1239
f  755//1240 756//1240 700//1240
f  756//1241 683//1241 698//1241
f  676//1242 744//1242 743//1242
f  756//1243 684//1243 683//1243
f  734//1244 729//1244 725//1244
f  675//1245 757//1245 676//1245
f  757//1246 758//1246 676//1246
f  758//1247 744//1247 676//1247
f  759//1248 729//1248 734//1248
f  735//1249 759//1249 734//1249
f  719//1250 726//1250 709//1250
f  760//1251 735//1251 722//1251
f  752//1251 760//1251 722//1251
f  761//1252 740//1252 739//1252
f  741//1253 761//1253 739//1253
f  758//1254 745//1254 744//1254
f  762//1255 753//1255 729//1255
f  759//1256 762//1256 729//1256
f  763//1257 761//1257 741//1257
f  745//1258 763//1258 741//1258
f  753//1259 732//1259 731//1259
f  764//1260 685//1260 684//1260
f  756//1261 764//1261 684//1261
f  757//1262 765//1262 745//1262
f  758//1263 757//1263 745//1263
f  765//1262 763//1262 745//1262
f  764//1264 662//1264 685//1264
f  766//1265 730//1265 732//1265
f  753//1266 766//1266 732//1266
f  767//1267 730//1267 766//1267
f  762//1268 767//1268 766//1268
f  753//1269 762//1269 766//1269
f  768//1270 733//1270 730//1270
f  769//1271 768//1271 730//1271
f  767//1272 769//1272 730//1272
f  768//1273 737//1273 733//1273
f  770//1274 742//1274 737//1274
f  768//1275 771//1275 737//1275
f  771//1276 772//1276 737//1276
f  772//1277 770//1277 737//1277
f  770//1278 773//1278 742//1278
f  773//1279 751//1279 742//1279
f  773//1280 774//1280 751//1280
f  774//1281 754//1281 751//1281
f  775//1282 755//1282 754//1282
f  776//1283 775//1283 754//1283
f  774//1284 777//1284 754//1284
f  777//1285 776//1285 754//1285
f  778//1286 769//1286 767//1286
f  762//1287 779//1287 767//1287
f  779//1287 778//1287 767//1287
f  780//1288 756//1288 755//1288
f  781//1289 780//1289 755//1289
f  782//1290 781//1290 755//1290
f  775//1291 782//1291 755//1291
f  783//1292 764//1292 756//1292
f  780//1293 783//1293 756//1293
f  781//1294 783//1294 780//1294
f  784//1295 783//1295 781//1295
f  782//1296 784//1296 781//1296
f  785//1297 719//1297 693//1297
f  738//1298 785//1298 693//1298
f  719//1299 786//1299 726//1299
f  786//1300 727//1300 726//1300
f  674//1301 757//1301 675//1301
f  674//1301 765//1301 757//1301
f  787//223 788//223 789//223
f  790//223 787//223 789//223
f  791//223 790//223 789//223
f  792//605 793//605 789//605
f  793//605 794//605 789//605
f  794//605 795//605 789//605
f  795//605 791//605 789//605
f  788//1302 792//1302 789//1302
f  796//1301 797//1301 792//1301
f  797//1301 798//1301 792//1301
f  798//1301 799//1301 792//1301
f  799//1301 793//1301 792//1301
f  788//1302 796//1302 792//1302
f  674//1301 763//1301 765//1301
f  799//1303 800//1303 793//1303
f  800//1304 801//1304 793//1304
f  801//1305 794//1305 793//1305
f  801//1306 802//1306 794//1306
f  802//1307 795//1307 794//1307
f  803//605 791//605 795//605
f  802//1308 804//1308 795//1308
f  804//1309 803//1309 795//1309
f  805//605 791//605 803//605
f  804//1310 805//1310 803//1310
f  806//605 791//605 805//605
f  807//1301 806//1301 805//1301
f  804//1311 808//1311 805//1311
f  808//1312 807//1312 805//1312
f  674//1301 761//1301 763//1301
f  674//1301 740//1301 761//1301
f  674//1301 752//1301 740//1301
f  674//1301 760//1301 752//1301
f  809//1301 735//1301 760//1301
f  674//1301 809//1301 760//1301
f  809//1301 759//1301 735//1301
f  809//1301 762//1301 759//1301
f  809//1301 779//1301 762//1301
f  809//1301 778//1301 779//1301
f  809//1301 810//1301 778//1301
f  810//605 769//605 778//605
f  810//605 768//605 769//605
f  811//223 790//223 791//223
f  812//223 811//223 791//223
f  806//605 812//605 791//605
f  810//605 771//605 768//605
f  813//223 811//223 812//223
f  814//223 813//223 812//223
f  806//605 814//605 812//605
f  815//605 814//605 806//605
f  816//1301 815//1301 806//1301
f  817//1301 816//1301 806//1301
f  807//1301 817//1301 806//1301
f  810//605 772//605 771//605
f  818//223 819//223 814//223
f  820//223 813//223 814//223
f  819//223 820//223 814//223
f  815//605 818//605 814//605
f  821//1301 822//1301 810//1301
f  809//1301 823//1301 810//1301
f  823//1301 821//1301 810//1301
f  822//605 770//605 810//605
f  770//605 772//605 810//605
f  824//605 818//605 815//605
f  825//1301 826//1301 815//1301
f  827//1301 825//1301 815//1301
f  826//1301 828//1301 815//1301
f  828//1301 829//1301 815//1301
f  829//1301 830//1301 815//1301
f  830//1301 831//1301 815//1301
f  831//1301 832//1301 815//1301
f  832//1301 824//1301 815//1301
f  833//1301 827//1301 815//1301
f  816//1301 833//1301 815//1301
f  822//605 773//605 770//605
f  822//605 774//605 773//605
f  822//605 777//605 774//605
f  834//223 819//223 818//223
f  835//223 834//223 818//223
f  836//223 835//223 818//223
f  837//223 836//223 818//223
f  824//605 837//605 818//605
f  822//605 776//605 777//605
f  822//605 775//605 776//605
f  838//605 837//605 824//605
f  839//1301 840//1301 824//1301
f  840//1301 841//1301 824//1301
f  832//1301 842//1301 824//1301
f  842//1301 839//1301 824//1301
f  843//1301 838//1301 824//1301
f  844//1301 843//1301 824//1301
f  841//1301 844//1301 824//1301
f  845//605 846//605 838//605
f  846//605 837//605 838//605
f  847//1301 848//1301 838//1301
f  848//1301 849//1301 838//1301
f  849//1301 845//1301 838//1301
f  850//1301 847//1301 838//1301
f  843//1301 850//1301 838//1301
f  851//223 836//223 837//223
f  846//223 851//223 837//223
f  822//605 782//605 775//605
f  852//223 851//223 846//223
f  853//223 852//223 846//223
f  854//605 853//605 846//605
f  845//605 855//605 846//605
f  855//605 856//605 846//605
f  856//605 854//605 846//605
f  849//1301 857//1301 845//1301
f  857//1301 855//1301 845//1301
f  858//1313 856//1313 855//1313
f  857//1314 858//1314 855//1314
f  858//1306 859//1306 856//1306
f  859//1307 854//1307 856//1307
f  860//605 853//605 854//605
f  859//1308 861//1308 854//1308
f  861//1315 860//1315 854//1315
f  862//605 853//605 860//605
f  861//1316 862//1316 860//1316
f  863//605 853//605 862//605
f  864//1301 863//1301 862//1301
f  861//1317 865//1317 862//1317
f  865//1318 864//1318 862//1318
f  822//605 784//605 782//605
f  866//223 867//223 853//223
f  867//223 868//223 853//223
f  869//223 852//223 853//223
f  868//223 869//223 853//223
f  863//1319 870//1319 853//1319
f  870//1319 866//1319 853//1319
f  864//1301 870//1301 863//1301
f  871//1301 872//1301 822//1301
f  821//1301 873//1301 822//1301
f  873//1301 871//1301 822//1301
f  874//605 875//605 822//605
f  875//605 784//605 822//605
f  876//8 874//8 822//8
f  872//8 876//8 822//8
f  877//1301 875//1301 874//1301
f  878//1301 877//1301 874//1301
f  876//1320 878//1320 874//1320
f  879//1321 783//1321 784//1321
f  875//1322 879//1322 784//1322
f  880//1301 881//1301 875//1301
f  877//1301 880//1301 875//1301
f  882//1323 879//1323 875//1323
f  881//1324 882//1324 875//1324
f  883//1325 663//1325 473//1325
f  446//1326 883//1326 473//1326
f  884//1327 622//1327 662//1327
f  764//1328 885//1328 662//1328
f  885//1329 884//1329 662//1329
f  879//1330 764//1330 783//1330
f  665//373 427//373 667//373
f  427//373 426//373 667//373
f  426//374 668//374 667//374
f  470//374 668//374 426//374
f  882//1331 885//1331 764//1331
f  879//1332 882//1332 764//1332
f  691//1333 886//1333 446//1333
f  886//1334 883//1334 446//1334
f  870//1335 887//1335 866//1335
f  887//1335 867//1335 866//1335
f  888//1301 887//1301 870//1301
f  864//1301 888//1301 870//1301
f  787//223 889//223 788//223
f  889//1336 796//1336 788//1336
f  889//1336 797//1336 796//1336
f  568//1337 736//1337 569//1337
f  880//1301 890//1301 881//1301
f  891//1338 882//1338 881//1338
f  890//1339 892//1339 881//1339
f  892//1340 893//1340 881//1340
f  893//1341 891//1341 881//1341
f  894//1342 885//1342 882//1342
f  891//1343 894//1343 882//1343
f  891//1344 895//1344 894//1344
f  895//1345 885//1345 894//1345
f  704//1346 896//1346 568//1346
f  896//1347 736//1347 568//1347
f  897//1348 622//1348 884//1348
f  885//1349 898//1349 884//1349
f  899//1350 897//1350 884//1350
f  898//1351 899//1351 884//1351
f  900//1352 858//1352 857//1352
f  849//1353 900//1353 857//1353
f  786//1354 746//1354 727//1354
f  901//1355 748//1355 575//1355
f  631//1356 901//1356 575//1356
f  897//1357 902//1357 622//1357
f  902//1358 903//1358 622//1358
f  903//1359 904//1359 622//1359
f  904//1360 905//1360 622//1360
f  905//1361 906//1361 622//1361
f  906//1362 599//1362 622//1362
f  907//1363 886//1363 691//1363
f  690//177 908//177 691//177
f  909//1364 907//1364 691//1364
f  910//1365 909//1365 691//1365
f  908//177 911//177 691//177
f  911//1366 912//1366 691//1366
f  912//1367 910//1367 691//1367
f  887//1368 888//1368 867//1368
f  888//1368 868//1368 867//1368
f  899//1369 902//1369 897//1369
f  893//1370 913//1370 891//1370
f  913//1371 895//1371 891//1371
f  913//1372 885//1372 895//1372
f  913//1373 898//1373 885//1373
f  914//8 797//8 889//8
f  787//8 914//8 889//8
f  914//1301 915//1301 797//1301
f  915//1301 798//1301 797//1301
f  664//413 690//413 665//413
f  690//413 427//413 665//413
f  470//414 669//414 668//414
f  747//414 669//414 470//414
f  916//1374 738//1374 736//1374
f  896//1375 916//1375 736//1375
f  892//1376 913//1376 893//1376
f  917//1377 918//1377 719//1377
f  918//1378 919//1378 719//1378
f  919//1379 786//1379 719//1379
f  785//1380 917//1380 719//1380
f  880//1381 920//1381 890//1381
f  920//1382 921//1382 890//1382
f  921//1383 892//1383 890//1383
f  921//1384 913//1384 892//1384
f  888//1385 922//1385 868//1385
f  922//1385 869//1385 868//1385
f  864//1301 922//1301 888//1301
f  798//1386 923//1386 799//1386
f  923//1387 800//1387 799//1387
f  808//1388 817//1388 807//1388
f  924//1389 900//1389 849//1389
f  848//1390 924//1390 849//1390
f  925//1301 922//1301 864//1301
f  865//1391 925//1391 864//1391
f  926//1392 901//1392 631//1392
f  652//1393 926//1393 631//1393
f  927//1394 632//1394 599//1394
f  906//1395 927//1395 599//1395
f  920//1396 913//1396 921//1396
f  928//1397 926//1397 652//1397
f  695//177 928//177 652//177
f  927//177 696//177 632//177
f  922//177 852//177 869//177
f  929//177 852//177 922//177
f  930//1301 929//1301 922//1301
f  925//1301 930//1301 922//1301
f  931//1398 785//1398 738//1398
f  916//1399 931//1399 738//1399
f  932//1301 804//1301 802//1301
f  801//1301 932//1301 802//1301
f  858//1301 933//1301 859//1301
f  933//1301 861//1301 859//1301
f  920//1400 934//1400 913//1400
f  934//1401 898//1401 913//1401
f  935//1301 932//1301 801//1301
f  936//1301 935//1301 801//1301
f  923//1301 936//1301 801//1301
f  800//1301 923//1301 801//1301
f  937//1301 808//1301 804//1301
f  938//1301 937//1301 804//1301
f  932//1301 938//1301 804//1301
f  939//1301 933//1301 858//1301
f  900//1301 939//1301 858//1301
f  933//1301 940//1301 861//1301
f  940//1301 941//1301 861//1301
f  941//1301 942//1301 861//1301
f  942//1301 943//1301 861//1301
f  943//1301 865//1301 861//1301
f  919//1402 746//1402 786//1402
f  703//1403 896//1403 704//1403
f  944//177 747//177 746//177
f  945//177 944//177 746//177
f  919//1404 945//1404 746//1404
f  918//1405 945//1405 919//1405
f  946//1406 899//1406 898//1406
f  947//1407 946//1407 898//1407
f  934//1408 947//1408 898//1408
f  899//1409 903//1409 902//1409
f  946//1410 903//1410 899//1410
f  702//1411 896//1411 703//1411
f  877//1412 948//1412 880//1412
f  948//1413 949//1413 880//1413
f  949//1414 950//1414 880//1414
f  950//1415 951//1415 880//1415
f  951//1416 920//1416 880//1416
f  917//1417 945//1417 918//1417
f  951//1418 934//1418 920//1418
f  952//1419 934//1419 951//1419
f  950//1420 952//1420 951//1420
f  937//1421 817//1421 808//1421
f  924//1301 939//1301 900//1301
f  943//1422 925//1422 865//1422
f  931//1423 917//1423 785//1423
f  666//1424 908//1424 664//1424
f  908//1424 690//1424 664//1424
f  747//1425 670//1425 669//1425
f  944//1425 670//1425 747//1425
f  946//1426 904//1426 903//1426
f  702//1427 705//1427 896//1427
f  705//1428 953//1428 896//1428
f  954//1429 916//1429 896//1429
f  953//1430 954//1430 896//1430
f  949//1431 952//1431 950//1431
f  955//1432 952//1432 949//1432
f  948//1433 955//1433 949//1433
f  956//1434 445//1434 957//1434
f  445//1434 368//1434 957//1434
f  368//1435 958//1435 957//1435
f  959//177 956//177 957//177
f  958//177 959//177 957//177
f  368//1435 357//1435 958//1435
f  357//1436 960//1436 958//1436
f  960//177 959//177 958//177
f  358//1436 960//1436 357//1436
f  952//1437 961//1437 934//1437
f  961//1438 947//1438 934//1438
f  915//1439 936//1439 798//1439
f  936//1439 923//1439 798//1439
f  962//1301 816//1301 817//1301
f  937//1440 962//1440 817//1440
f  963//1439 924//1439 848//1439
f  847//1439 963//1439 848//1439
f  943//1440 930//1440 925//1440
f  931//1441 964//1441 917//1441
f  964//1442 945//1442 917//1442
f  965//1443 955//1443 948//1443
f  877//177 965//177 948//177
f  966//177 967//177 877//177
f  878//177 966//177 877//177
f  967//177 968//177 877//177
f  968//177 969//177 877//177
f  969//177 965//177 877//177
f  954//1444 931//1444 916//1444
f  970//1445 952//1445 955//1445
f  971//1446 970//1446 955//1446
f  965//1447 971//1447 955//1447
f  972//1448 946//1448 947//1448
f  961//1449 972//1449 947//1449
f  973//1440 962//1440 937//1440
f  938//1301 973//1301 937//1301
f  963//1301 974//1301 924//1301
f  974//1301 939//1301 924//1301
f  942//1440 930//1440 943//1440
f  970//1450 961//1450 952//1450
f  975//1451 904//1451 946//1451
f  976//1452 975//1452 946//1452
f  972//1453 976//1453 946//1453
f  977//1454 905//1454 904//1454
f  975//1455 977//1455 904//1455
f  978//1456 964//1456 931//1456
f  954//1457 979//1457 931//1457
f  979//1458 980//1458 931//1458
f  980//1459 978//1459 931//1459
f  971//1460 961//1460 970//1460
f  981//1461 626//1461 625//1461
f  697//8 981//8 625//8
f  981//1461 982//1461 626//1461
f  982//177 983//177 626//177
f  983//177 432//177 626//177
f  984//1462 972//1462 961//1462
f  971//1463 984//1463 961//1463
f  915//1464 985//1464 936//1464
f  985//1301 935//1301 936//1301
f  986//1465 987//1465 973//1465
f  987//1466 962//1466 973//1466
f  938//1301 986//1301 973//1301
f  847//1467 974//1467 963//1467
f  941//1468 988//1468 942//1468
f  988//1469 930//1469 942//1469
f  978//1470 945//1470 964//1470
f  989//1471 976//1471 972//1471
f  984//1472 989//1472 972//1472
f  748//1473 953//1473 705//1473
f  990//1474 991//1474 663//1474
f  883//1475 990//1475 663//1475
f  992//8 666//8 663//8
f  991//8 992//8 663//8
f  886//1476 990//1476 883//1476
f  993//1477 985//1477 915//1477
f  914//1301 993//1301 915//1301
f  994//1301 995//1301 962//1301
f  987//1301 994//1301 962//1301
f  995//1301 996//1301 962//1301
f  996//1301 997//1301 962//1301
f  997//1301 816//1301 962//1301
f  998//1478 974//1478 847//1478
f  850//1301 998//1301 847//1301
f  988//1301 929//1301 930//1301
f  901//1479 999//1479 748//1479
f  999//1480 953//1480 748//1480
f  1000//1481 1001//1481 687//1481
f  686//1481 1000//1481 687//1481
f  1002//8 688//8 687//8
f  1001//8 1002//8 687//8
f  1003//177 1000//177 686//177
f  689//177 1003//177 686//177
f  989//1482 1004//1482 976//1482
f  1004//1483 1005//1483 976//1483
f  1005//1484 975//1484 976//1484
f  1006//177 928//177 695//177
f  688//1485 1002//1485 695//1485
f  1002//1485 1006//1485 695//1485
f  927//177 1007//177 696//177
f  1007//1486 697//1486 696//1486
f  1007//1486 1008//1486 697//1486
f  1008//8 981//8 697//8
f  1005//1487 977//1487 975//1487
f  978//1488 1009//1488 945//1488
f  1010//177 944//177 945//177
f  1009//177 1010//177 945//177
f  980//1489 1009//1489 978//1489
f  992//1490 1011//1490 666//1490
f  1011//1490 908//1490 666//1490
f  944//1491 1012//1491 670//1491
f  1012//8 671//8 670//8
f  1011//177 1013//177 908//177
f  1013//1492 1014//1492 908//1492
f  1014//1493 1015//1493 908//1493
f  1015//1494 1016//1494 908//1494
f  1016//1495 911//1495 908//1495
f  1010//1491 1012//1491 944//1491
f  901//1496 1017//1496 999//1496
f  1017//1497 953//1497 999//1497
f  1005//1498 905//1498 977//1498
f  993//1499 935//1499 985//1499
f  938//1500 1018//1500 986//1500
f  1018//1501 987//1501 986//1501
f  1019//1502 939//1502 974//1502
f  998//1503 1019//1503 974//1503
f  940//1504 1020//1504 941//1504
f  1020//1505 988//1505 941//1505
f  1021//1506 689//1506 956//1506
f  689//1506 445//1506 956//1506
f  959//177 1021//177 956//177
f  358//1507 1022//1507 960//1507
f  1023//177 1024//177 960//177
f  1025//177 1023//177 960//177
f  1026//177 959//177 960//177
f  1024//177 1026//177 960//177
f  1027//177 1025//177 960//177
f  1022//177 1027//177 960//177
f  432//1507 1022//1507 358//1507
f  901//1508 1028//1508 1017//1508
f  1028//1509 953//1509 1017//1509
f  1004//1510 905//1510 1005//1510
f  1016//1511 1029//1511 911//1511
f  1029//1512 1030//1512 911//1512
f  1030//1513 912//1513 911//1513
f  1015//1514 1029//1514 1016//1514
f  1028//1515 1031//1515 953//1515
f  1032//1516 954//1516 953//1516
f  1031//1517 1032//1517 953//1517
f  1014//1518 1033//1518 1015//1518
f  1033//1519 1029//1519 1015//1519
f  1030//1520 910//1520 912//1520
f  1034//1521 1035//1521 901//1521
f  1036//1522 1034//1522 901//1522
f  1035//1523 1037//1523 901//1523
f  1037//1524 1038//1524 901//1524
f  1038//1525 1028//1525 901//1525
f  926//1526 1036//1526 901//1526
f  1004//1527 1039//1527 905//1527
f  1039//1528 1040//1528 905//1528
f  1040//1529 906//1529 905//1529
f  1041//1530 932//1530 935//1530
f  993//1531 1041//1531 935//1531
f  932//1532 1042//1532 938//1532
f  1042//1533 1018//1533 938//1533
f  1043//1534 933//1534 939//1534
f  1019//1535 1043//1535 939//1535
f  933//1536 1044//1536 940//1536
f  1044//1537 1020//1537 940//1537
f  1041//1538 1045//1538 932//1538
f  1045//1539 1042//1539 932//1539
f  1043//1540 1044//1540 933//1540
f  1013//1541 1033//1541 1014//1541
f  1032//1542 1046//1542 954//1542
f  1046//1543 979//1543 954//1543
f  1030//1544 1047//1544 910//1544
f  1047//1545 909//1545 910//1545
f  1048//1546 1033//1546 1013//1546
f  1011//177 1049//177 1013//177
f  1049//1547 1048//1547 1013//1547
f  1047//1548 1050//1548 909//1548
f  1050//1549 907//1549 909//1549
f  1051//1550 1030//1550 1029//1550
f  1052//1551 1051//1551 1029//1551
f  1033//1552 1052//1552 1029//1552
f  1053//1553 1009//1553 980//1553
f  979//1554 1053//1554 980//1554
f  1054//1555 1047//1555 1030//1555
f  1051//1556 1054//1556 1030//1556
f  1046//1557 1053//1557 979//1557
f  1055//1558 1056//1558 926//1558
f  1056//1559 1057//1559 926//1559
f  1057//1560 1058//1560 926//1560
f  1058//1561 1059//1561 926//1561
f  1059//1562 1060//1562 926//1562
f  1060//1563 1061//1563 926//1563
f  1061//1564 1036//1564 926//1564
f  928//1565 1055//1565 926//1565
f  1062//1566 927//1566 906//1566
f  1040//1567 1062//1567 906//1567
f  914//1301 1041//1301 993//1301
f  1063//1301 994//1301 987//1301
f  1018//1301 1063//1301 987//1301
f  850//1301 1019//1301 998//1301
f  1020//1301 929//1301 988//1301
f  1048//1568 1064//1568 1033//1568
f  1065//1569 1052//1569 1033//1569
f  1064//1570 1065//1570 1033//1570
f  1066//1571 1055//1571 928//1571
f  1006//177 1066//177 928//177
f  1062//177 1007//177 927//177
f  1046//1572 1009//1572 1053//1572
f  1067//1573 1068//1573 1047//1573
f  1068//1574 1069//1574 1047//1574
f  1069//1575 1050//1575 1047//1575
f  1054//1576 1067//1576 1047//1576
f  1049//1577 1064//1577 1048//1577
f  1050//1578 1070//1578 907//1578
f  1070//1579 886//1579 907//1579
f  1071//1301 1043//1301 1019//1301
f  850//1301 1071//1301 1019//1301
f  1038//1580 1072//1580 1028//1580
f  1072//1581 1031//1581 1028//1581
f  1069//1582 1070//1582 1050//1582
f  1073//680 1074//680 992//680
f  1074//680 1011//680 992//680
f  991//8 1073//8 992//8
f  1010//681 1075//681 1012//681
f  1075//8 671//8 1012//8
f  1074//177 1049//177 1011//177
f  1076//681 1075//681 1010//681
f  1009//177 1076//177 1010//177
f  1077//1583 1032//1583 1031//1583
f  1072//1584 1077//1584 1031//1584
f  1078//1585 1065//1585 1064//1585
f  1049//1586 1078//1586 1064//1586
f  1065//1587 1079//1587 1052//1587
f  1079//1588 1080//1588 1052//1588
f  1080//1589 1051//1589 1052//1589
f  914//1301 1045//1301 1041//1301
f  1042//1301 1063//1301 1018//1301
f  1071//1301 1044//1301 1043//1301
f  1071//1301 929//1301 1020//1301
f  1044//1301 1071//1301 1020//1301
f  1080//1590 1081//1590 1051//1590
f  1081//1591 1054//1591 1051//1591
f  1077//1592 1082//1592 1032//1592
f  1082//1593 1083//1593 1032//1593
f  1083//1594 1046//1594 1032//1594
f  1068//1595 1084//1595 1069//1595
f  1084//1596 1070//1596 1069//1596
f  1078//1597 1085//1597 1065//1597
f  1085//1598 1079//1598 1065//1598
f  1067//1599 1084//1599 1068//1599
f  1045//1301 1063//1301 1042//1301
f  914//1301 1063//1301 1045//1301
f  1083//1600 1086//1600 1046//1600
f  1086//1601 1087//1601 1046//1601
f  1087//1602 1009//1602 1046//1602
f  1087//177 1076//177 1009//177
f  1082//1603 1086//1603 1083//1603
f  1088//1604 1089//1604 1054//1604
f  1089//1605 1090//1605 1054//1605
f  1090//1606 1067//1606 1054//1606
f  1081//1607 1091//1607 1054//1607
f  1091//1608 1088//1608 1054//1608
f  1092//1609 1085//1609 1078//1609
f  1049//1610 1092//1610 1078//1610
f  1037//1611 1072//1611 1038//1611
f  1090//1612 1084//1612 1067//1612
f  1035//1613 1072//1613 1037//1613
f  1093//1614 1086//1614 1082//1614
f  1077//1615 1093//1615 1082//1615
f  1035//1616 1094//1616 1072//1616
f  1095//1617 1077//1617 1072//1617
f  1094//1618 1095//1618 1072//1618
f  1034//1619 1094//1619 1035//1619
f  1095//1620 1096//1620 1077//1620
f  1096//1621 1093//1621 1077//1621
f  1089//1622 1097//1622 1090//1622
f  1097//1623 1084//1623 1090//1623
f  1096//1624 1086//1624 1093//1624
f  1098//1625 1094//1625 1034//1625
f  1036//1626 1098//1626 1034//1626
f  1099//1627 1095//1627 1094//1627
f  1098//1628 1099//1628 1094//1628
f  1088//1629 1097//1629 1089//1629
f  1100//1630 1101//1630 1079//1630
f  1085//1631 1100//1631 1079//1631
f  1102//1632 1080//1632 1079//1632
f  1103//1633 1102//1633 1079//1633
f  1101//1634 1103//1634 1079//1634
f  1104//1635 991//1635 990//1635
f  886//1636 1104//1636 990//1636
f  1099//1637 1105//1637 1095//1637
f  1105//1638 1096//1638 1095//1638
f  1106//1639 1104//1639 886//1639
f  1070//1640 1106//1640 886//1640
f  820//1641 819//1641 821//1641
f  819//1642 873//1642 821//1642
f  823//1643 1107//1643 821//1643
f  1107//1644 1108//1644 821//1644
f  1108//1645 820//1645 821//1645
f  1108//223 813//223 820//223
f  1102//1646 1109//1646 1080//1646
f  1109//1647 1110//1647 1080//1647
f  1110//1648 1111//1648 1080//1648
f  1111//1649 1081//1649 1080//1649
f  1112//775 1113//775 1073//775
f  1113//775 1074//775 1073//775
f  1114//8 1115//8 1073//8
f  1115//8 1112//8 1073//8
f  991//8 1116//8 1073//8
f  1116//8 1114//8 1073//8
f  1076//776 1112//776 1075//776
f  1112//8 671//8 1075//8
f  1113//177 1117//177 1074//177
f  1117//177 1118//177 1074//177
f  1118//177 1049//177 1074//177
f  1113//776 1112//776 1076//776
f  1087//177 1113//177 1076//177
f  1119//1650 1086//1650 1096//1650
f  1105//1651 1119//1651 1096//1651
f  1120//1652 1119//1652 1105//1652
f  1099//1653 1120//1653 1105//1653
f  1061//1654 1098//1654 1036//1654
f  1121//1655 1122//1655 1085//1655
f  1092//1656 1123//1656 1085//1656
f  1123//1657 1121//1657 1085//1657
f  1124//1658 1100//1658 1085//1658
f  1122//1659 1124//1659 1085//1659
f  1060//1660 1098//1660 1061//1660
f  1060//1661 1125//1661 1098//1661
f  1126//1662 1099//1662 1098//1662
f  1125//1663 1126//1663 1098//1663
f  1091//1664 1097//1664 1088//1664
f  1126//1665 1127//1665 1099//1665
f  1127//1666 1120//1666 1099//1666
f  1128//1667 1106//1667 1070//1667
f  1084//1668 1128//1668 1070//1668
f  1049//1669 1123//1669 1092//1669
f  819//1670 834//1670 873//1670
f  1129//1671 871//1671 873//1671
f  1130//1672 1129//1672 873//1672
f  834//1673 1130//1673 873//1673
f  1049//1674 1121//1674 1123//1674
f  1131//1675 1119//1675 1120//1675
f  1127//1676 1131//1676 1120//1676
f  1059//1677 1132//1677 1060//1677
f  1132//1678 1125//1678 1060//1678
f  1133//1679 1126//1679 1125//1679
f  1132//1680 1133//1680 1125//1680
f  1134//1681 1135//1681 1091//1681
f  1135//1682 1097//1682 1091//1682
f  1081//1683 1134//1683 1091//1683
f  1136//1684 1137//1684 1081//1684
f  1137//1685 1138//1685 1081//1685
f  1138//1686 1134//1686 1081//1686
f  1111//1687 1139//1687 1081//1687
f  1139//1688 1136//1688 1081//1688
f  1133//1689 1140//1689 1126//1689
f  1140//1690 1141//1690 1126//1690
f  1141//1691 1127//1691 1126//1691
f  1142//1692 1131//1692 1127//1692
f  1141//1693 1142//1693 1127//1693
f  1057//1694 1132//1694 1059//1694
f  1058//1695 1057//1695 1059//1695
f  1140//1696 1142//1696 1141//1696
f  1115//8 671//8 1112//8
f  1087//177 1117//177 1113//177
f  1143//1697 1144//1697 1140//1697
f  1144//1698 1142//1698 1140//1698
f  1133//1699 1143//1699 1140//1699
f  1133//1700 1144//1700 1143//1700
f  1119//1701 1145//1701 1086//1701
f  1145//1702 1087//1702 1086//1702
f  1131//1703 1146//1703 1119//1703
f  1146//1704 1145//1704 1119//1704
f  1147//1705 1142//1705 1144//1705
f  1148//1706 1147//1706 1144//1706
f  1133//1707 1148//1707 1144//1707
f  1149//1708 1148//1708 1133//1708
f  1150//1709 1149//1709 1133//1709
f  1132//1710 1150//1710 1133//1710
f  1056//1711 1151//1711 1132//1711
f  1057//1712 1056//1712 1132//1712
f  1151//1713 1150//1713 1132//1713
f  1152//1714 1147//1714 1148//1714
f  1149//1715 1152//1715 1148//1715
f  1152//1716 1142//1716 1147//1716
f  1142//1717 1153//1717 1131//1717
f  1153//1718 1146//1718 1131//1718
f  1055//1719 1151//1719 1056//1719
f  1152//1720 1154//1720 1142//1720
f  1154//1721 1155//1721 1142//1721
f  1155//1722 1153//1722 1142//1722
f  1149//1723 1154//1723 1152//1723
f  1156//1724 1128//1724 1084//1724
f  1097//1725 1156//1725 1084//1725
f  1150//1726 1157//1726 1149//1726
f  1157//1727 1154//1727 1149//1727
f  1157//1728 1158//1728 1154//1728
f  1158//1729 1155//1729 1154//1729
f  969//1730 971//1730 965//1730
f  969//1731 1159//1731 971//1731
f  1159//1732 984//1732 971//1732
f  1055//1733 1160//1733 1151//1733
f  1160//1734 1150//1734 1151//1734
f  1150//1735 1158//1735 1157//1735
f  1161//1736 1162//1736 1150//1736
f  1160//1737 1161//1737 1150//1737
f  1162//1738 1158//1738 1150//1738
f  1055//1739 1161//1739 1160//1739
f  1158//1740 1153//1740 1155//1740
f  1138//1741 1135//1741 1134//1741
f  1163//1742 1153//1742 1158//1742
f  1162//1743 1163//1743 1158//1743
f  1163//1744 1146//1744 1153//1744
f  1164//1745 1165//1745 1162//1745
f  1161//1746 1164//1746 1162//1746
f  1165//1747 1163//1747 1162//1747
f  1163//1748 1145//1748 1146//1748
f  1055//1749 1164//1749 1161//1749
f  1166//1750 1109//1750 1102//1750
f  1103//1751 1166//1751 1102//1751
f  1167//1752 1003//1752 1021//1752
f  1003//1752 689//1752 1021//1752
f  959//177 1167//177 1021//177
f  432//1753 1168//1753 1022//1753
f  1168//177 1027//177 1022//177
f  983//1753 1168//1753 432//1753
f  1101//1754 1166//1754 1103//1754
f  1169//1755 1145//1755 1163//1755
f  1165//1756 1169//1756 1163//1756
f  1166//1757 1170//1757 1109//1757
f  1170//1758 1110//1758 1109//1758
f  1100//1759 1171//1759 1101//1759
f  1171//1760 1166//1760 1101//1760
f  1172//1761 1173//1761 1165//1761
f  1164//1762 1172//1762 1165//1762
f  1173//1763 1169//1763 1165//1763
f  1174//1764 1111//1764 1110//1764
f  1170//1765 1174//1765 1110//1765
f  1175//1766 1087//1766 1145//1766
f  1169//1767 1175//1767 1145//1767
f  1175//1768 1176//1768 1087//1768
f  1176//1769 1177//1769 1087//1769
f  1177//1770 1178//1770 1087//1770
f  1178//1771 1179//1771 1087//1771
f  1179//1772 1180//1772 1087//1772
f  1180//1773 1117//1773 1087//1773
f  1124//1774 1171//1774 1100//1774
f  1122//1775 1171//1775 1124//1775
f  1121//1776 1181//1776 1122//1776
f  1181//1777 1171//1777 1122//1777
f  1055//1778 1172//1778 1164//1778
f  1182//1779 1176//1779 1175//1779
f  1169//1780 1182//1780 1175//1780
f  1183//1781 989//1781 984//1781
f  1159//1782 1183//1782 984//1782
f  1184//1783 1156//1783 1097//1783
f  1135//1784 1184//1784 1097//1784
f  1169//1785 1185//1785 1182//1785
f  1185//1786 1176//1786 1182//1786
f  1137//1787 1135//1787 1138//1787
f  1173//1788 1185//1788 1169//1788
f  1174//1789 1139//1789 1111//1789
f  1186//1790 1187//1790 1172//1790
f  1055//1791 1186//1791 1172//1791
f  1187//1792 1173//1792 1172//1792
f  1118//1793 1121//1793 1049//1793
f  1118//1794 1181//1794 1121//1794
f  1187//1795 1188//1795 1173//1795
f  1188//1796 1189//1796 1173//1796
f  1189//1797 1190//1797 1173//1797
f  1190//1798 1185//1798 1173//1798
f  1174//1799 1136//1799 1139//1799
f  1174//1800 1191//1800 1136//1800
f  1191//1801 1192//1801 1136//1801
f  1192//1802 1137//1802 1136//1802
f  1185//1803 1177//1803 1176//1803
f  1186//1804 1188//1804 1187//1804
f  1186//1805 1189//1805 1188//1805
f  790//223 1193//223 787//223
f  1193//223 1194//223 787//223
f  1194//223 1195//223 787//223
f  1195//8 914//8 787//8
f  1196//223 1197//223 790//223
f  1197//223 1198//223 790//223
f  1198//223 1193//223 790//223
f  1199//223 1196//223 790//223
f  1200//223 1199//223 790//223
f  811//223 1200//223 790//223
f  1201//223 1200//223 811//223
f  813//223 1201//223 811//223
f  1107//223 1201//223 813//223
f  1108//223 1107//223 813//223
f  835//223 1130//223 834//223
f  836//223 1130//223 835//223
f  1202//223 1130//223 836//223
f  1203//223 1202//223 836//223
f  851//223 1203//223 836//223
f  1204//223 1203//223 851//223
f  852//223 1204//223 851//223
f  929//177 1204//177 852//177
f  1205//1806 1177//1806 1185//1806
f  1190//1807 1205//1807 1185//1807
f  1183//1808 1206//1808 989//1808
f  1206//1809 1207//1809 989//1809
f  1207//1810 1208//1810 989//1810
f  1208//1811 1004//1811 989//1811
f  1171//1812 1209//1812 1166//1812
f  1209//1813 1210//1813 1166//1813
f  1210//1814 1170//1814 1166//1814
f  968//1815 1159//1815 969//1815
f  1211//1816 1212//1816 1190//1816
f  1213//1817 1211//1817 1190//1817
f  1189//1818 1214//1818 1190//1818
f  1214//1819 1213//1819 1190//1819
f  1212//1820 1205//1820 1190//1820
f  1208//1821 1039//1821 1004//1821
f  1205//1822 1178//1822 1177//1822
f  1181//1823 1215//1823 1171//1823
f  1215//1824 1216//1824 1171//1824
f  1216//1825 1209//1825 1171//1825
f  1217//1826 1214//1826 1189//1826
f  1186//1827 1217//1827 1189//1827
f  1218//1828 1174//1828 1170//1828
f  1210//1829 1218//1829 1170//1829
f  1055//1830 1217//1830 1186//1830
f  1208//1831 1219//1831 1039//1831
f  1219//1832 1220//1832 1039//1832
f  1220//1833 1040//1833 1039//1833
f  1207//1834 1219//1834 1208//1834
f  1118//1835 1215//1835 1181//1835
f  1221//1836 1222//1836 996//1836
f  1222//1837 997//1837 996//1837
f  1223//1838 1221//1838 996//1838
f  1224//1839 1223//1839 996//1839
f  995//1840 1224//1840 996//1840
f  1225//1841 1222//1841 1221//1841
f  1226//1842 1225//1842 1221//1842
f  1227//1843 1226//1843 1221//1843
f  1228//1844 1227//1844 1221//1844
f  1223//1845 1228//1845 1221//1845
f  1229//1846 842//1846 832//1846
f  1230//1847 1229//1847 832//1847
f  831//1848 1230//1848 832//1848
f  831//1849 1231//1849 1230//1849
f  1231//1850 1232//1850 1230//1850
f  1232//1851 1233//1851 1230//1851
f  1233//1852 1234//1852 1230//1852
f  1234//1853 1229//1853 1230//1853
f  1217//1854 1213//1854 1214//1854
f  831//1855 1235//1855 1231//1855
f  1235//1856 1232//1856 1231//1856
f  831//1857 1236//1857 1235//1857
f  1237//1858 1232//1858 1235//1858
f  1236//1859 1237//1859 1235//1859
f  1205//1860 1179//1860 1178//1860
f  830//1861 1236//1861 831//1861
f  1192//1862 1135//1862 1137//1862
f  1217//1863 1211//1863 1213//1863
f  1202//223 1129//223 1130//223
f  1191//1864 1238//1864 1192//1864
f  1238//1865 1135//1865 1192//1865
f  1118//1866 1216//1866 1215//1866
f  1239//1867 839//1867 842//1867
f  1229//1868 1239//1868 842//1868
f  1234//1869 1240//1869 1229//1869
f  1240//1870 1239//1870 1229//1870
f  1241//1871 839//1871 1239//1871
f  1240//1872 1241//1872 1239//1872
f  1212//1873 1242//1873 1205//1873
f  1242//1874 1179//1874 1205//1874
f  830//1875 1243//1875 1236//1875
f  1243//1876 1237//1876 1236//1876
f  829//1877 1244//1877 830//1877
f  1244//1878 1243//1878 830//1878
f  1245//1879 840//1879 839//1879
f  1241//1880 1245//1880 839//1880
f  1240//1881 1246//1881 1241//1881
f  1246//1882 1245//1882 1241//1882
f  1117//1883 1247//1883 1216//1883
f  1118//1884 1117//1884 1216//1884
f  1247//1885 1209//1885 1216//1885
f  1248//1886 1191//1886 1174//1886
f  1218//1887 1249//1887 1174//1887
f  1249//1888 1250//1888 1174//1888
f  1250//1889 1248//1889 1174//1889
f  1251//1890 1252//1890 1209//1890
f  1247//1891 1251//1891 1209//1891
f  1252//1892 1253//1892 1209//1892
f  1253//1893 1210//1893 1209//1893
f  1117//1894 1251//1894 1247//1894
f  1254//1895 1255//1895 1212//1895
f  1255//1896 1256//1896 1212//1896
f  1256//1897 1257//1897 1212//1897
f  1211//1898 1254//1898 1212//1898
f  1257//1899 1258//1899 1212//1899
f  1258//1900 1242//1900 1212//1900
f  1259//1901 1237//1901 1243//1901
f  1244//1902 1259//1902 1243//1902
f  1260//1903 1228//1903 1223//1903
f  1224//1904 1260//1904 1223//1904
f  1261//1905 997//1905 1222//1905
f  1262//1906 1261//1906 1222//1906
f  1225//1907 1262//1907 1222//1907
f  1263//1908 1217//1908 1055//1908
f  1066//1909 1263//1909 1055//1909
f  1264//1910 1062//1910 1040//1910
f  1220//1911 1264//1911 1040//1911
f  1242//1912 1180//1912 1179//1912
f  1265//1913 1117//1913 1180//1913
f  1242//1914 1265//1914 1180//1914
f  1266//1915 1184//1915 1135//1915
f  1238//1916 1266//1916 1135//1916
f  1267//1917 1251//1917 1117//1917
f  1268//1918 1267//1918 1117//1918
f  1265//1919 1268//1919 1117//1919
f  1242//1920 1268//1920 1265//1920
f  1269//1921 1218//1921 1210//1921
f  1253//1922 1269//1922 1210//1922
f  1267//1923 1252//1923 1251//1923
f  1270//1301 1226//1301 1227//1301
f  1228//1301 1270//1301 1227//1301
f  1271//1301 1233//1301 1232//1301
f  1237//1301 1271//1301 1232//1301
f  1270//1301 1225//1301 1226//1301
f  1271//1301 1234//1301 1233//1301
f  1268//1924 1252//1924 1267//1924
f  1270//1301 1262//1301 1225//1301
f  1271//1301 1240//1301 1234//1301
f  1272//1925 1263//1925 1066//1925
f  1006//177 1272//177 1066//177
f  1264//177 1007//177 1062//177
f  1242//1926 1252//1926 1268//1926
f  1242//1927 1258//1927 1252//1927
f  1258//1928 1253//1928 1252//1928
f  1273//1929 840//1929 1245//1929
f  1246//1930 1273//1930 1245//1930
f  829//1931 1274//1931 1244//1931
f  1275//1932 1259//1932 1244//1932
f  1274//1933 1275//1933 1244//1933
f  828//1934 1276//1934 829//1934
f  1276//1935 1274//1935 829//1935
f  1276//1936 1275//1936 1274//1936
f  1277//1937 1254//1937 1211//1937
f  1217//1938 1277//1938 1211//1938
f  1257//1939 1269//1939 1253//1939
f  1258//1940 1257//1940 1253//1940
f  1278//1941 982//1941 981//1941
f  1008//8 1278//8 981//8
f  1278//1941 1279//1941 982//1941
f  1279//177 1280//177 982//177
f  1280//177 983//177 982//177
f  995//1942 1281//1942 1224//1942
f  1282//1943 1260//1943 1224//1943
f  1281//1944 1282//1944 1224//1944
f  1283//1945 997//1945 1261//1945
f  1284//1946 1283//1946 1261//1946
f  1262//1947 1284//1947 1261//1947
f  1270//1301 1284//1301 1262//1301
f  1271//1301 1246//1301 1240//1301
f  1285//1301 1270//1301 1228//1301
f  1260//1301 1285//1301 1228//1301
f  1286//1301 1271//1301 1237//1301
f  1259//1301 1286//1301 1237//1301
f  1248//1948 1238//1948 1191//1948
f  1269//1949 1287//1949 1218//1949
f  1287//1950 1288//1950 1218//1950
f  1288//1951 1249//1951 1218//1951
f  1277//1952 1255//1952 1254//1952
f  1250//1953 1238//1953 1248//1953
f  1289//1954 841//1954 1273//1954
f  841//1955 840//1955 1273//1955
f  1290//1956 1289//1956 1273//1956
f  1246//1957 1290//1957 1273//1957
f  826//1958 1291//1958 828//1958
f  1291//1959 1276//1959 828//1959
f  994//1960 1292//1960 995//1960
f  1292//1961 1293//1961 995//1961
f  1293//1962 1281//1962 995//1962
f  1294//1963 1282//1963 1281//1963
f  1293//1964 1294//1964 1281//1964
f  1295//1965 1296//1965 997//1965
f  1283//1966 1295//1966 997//1966
f  1296//1301 816//1301 997//1301
f  1297//1967 1295//1967 1283//1967
f  1284//1968 1297//1968 1283//1968
f  1249//1969 1298//1969 1250//1969
f  1298//1970 1238//1970 1250//1970
f  1277//1971 1256//1971 1255//1971
f  1299//1972 1287//1972 1269//1972
f  1300//1973 1299//1973 1269//1973
f  1257//1974 1300//1974 1269//1974
f  1301//1975 1300//1975 1257//1975
f  1256//1976 1302//1976 1257//1976
f  1302//1977 1301//1977 1257//1977
f  1275//1301 1286//1301 1259//1301
f  1282//1301 1285//1301 1260//1301
f  1276//1978 1303//1978 1275//1978
f  1303//1301 1286//1301 1275//1301
f  1289//1979 1304//1979 841//1979
f  1304//1980 844//1980 841//1980
f  1291//1981 1303//1981 1276//1981
f  1305//1982 1304//1982 1289//1982
f  1290//1983 1305//1983 1289//1983
f  1294//1301 1285//1301 1282//1301
f  1306//1301 1290//1301 1246//1301
f  1271//1301 1306//1301 1246//1301
f  1307//1301 1297//1301 1284//1301
f  1270//1301 1307//1301 1284//1301
f  1308//1984 1295//1984 1297//1984
f  1307//1301 1308//1301 1297//1301
f  1306//1301 1305//1301 1290//1301
f  1288//1985 1298//1985 1249//1985
f  1277//1986 1302//1986 1256//1986
f  1287//1987 1298//1987 1288//1987
f  1299//1988 1309//1988 1287//1988
f  1309//1989 1298//1989 1287//1989
f  1309//1990 1301//1990 1302//1990
f  1277//1991 1309//1991 1302//1991
f  1309//1992 1300//1992 1301//1992
f  1300//1993 1309//1993 1299//1993
f  826//1994 1310//1994 1291//1994
f  1311//1995 1303//1995 1291//1995
f  1310//1996 1311//1996 1291//1996
f  1312//1997 844//1997 1304//1997
f  1305//1998 1312//1998 1304//1998
f  1197//1999 1313//1999 1198//1999
f  1313//2000 1314//2000 1198//2000
f  1314//2000 1193//2000 1198//2000
f  1197//1999 1315//1999 1313//1999
f  1315//223 1316//223 1313//223
f  1316//223 1317//223 1313//223
f  1317//223 1318//223 1313//223
f  1318//223 1314//223 1313//223
f  1319//2001 1320//2001 1001//2001
f  1000//2001 1319//2001 1001//2001
f  1321//8 1002//8 1001//8
f  1320//8 1321//8 1001//8
f  1003//177 1319//177 1000//177
f  1322//177 1272//177 1006//177
f  1002//2002 1321//2002 1006//2002
f  1321//2002 1322//2002 1006//2002
f  1264//177 1323//177 1007//177
f  1323//2003 1008//2003 1007//2003
f  1323//2003 1324//2003 1008//2003
f  1324//8 1278//8 1008//8
f  1325//2004 1294//2004 1293//2004
f  1292//2005 1325//2005 1293//2005
f  1326//2006 1296//2006 1295//2006
f  1308//2007 1326//2007 1295//2007
f  1314//2008 1318//2008 1193//2008
f  1318//2008 1194//2008 1193//2008
f  1327//2009 1266//2009 1238//2009
f  1298//2010 1327//2010 1238//2010
f  1328//2011 844//2011 1312//2011
f  1329//2012 1328//2012 1312//2012
f  1305//2013 1329//2013 1312//2013
f  1270//2014 1330//2014 1331//2014
f  1332//2015 1307//2015 1331//2015
f  1307//2015 1270//2015 1331//2015
f  1333//1301 1332//1301 1331//1301
f  1334//1301 1333//1301 1331//1301
f  1330//1301 1334//1301 1331//1301
f  1285//2014 1330//2014 1270//2014
f  1271//2016 1335//2016 1336//2016
f  1306//2015 1271//2015 1336//2015
f  1337//2015 1306//2015 1336//2015
f  1338//1301 1337//1301 1336//1301
f  1339//1301 1338//1301 1336//1301
f  1335//1301 1339//1301 1336//1301
f  1286//2016 1335//2016 1271//2016
f  825//2017 1310//2017 826//2017
f  1340//2018 1329//2018 1305//2018
f  1306//1301 1340//1301 1305//1301
f  1328//1301 843//1301 844//1301
f  1311//1301 1341//1301 1303//1301
f  1341//1301 1286//1301 1303//1301
f  1342//2019 1326//2019 1308//2019
f  1307//1301 1342//1301 1308//1301
f  1343//1301 1285//1301 1294//1301
f  1325//1301 1343//1301 1294//1301
f  825//2020 1344//2020 1310//2020
f  1344//2021 1311//2021 1310//2021
f  827//2022 1345//2022 825//2022
f  1345//2023 1344//2023 825//2023
f  1345//2024 1311//2024 1344//2024
f  827//2025 1346//2025 1345//2025
f  1347//2026 1311//2026 1345//2026
f  1346//2027 1347//2027 1345//2027
f  1195//8 1348//8 914//8
f  1348//1301 1063//1301 914//1301
f  1349//1301 994//1301 1063//1301
f  1350//1301 1351//1301 1063//1301
f  1351//1301 1352//1301 1063//1301
f  1352//1301 1349//1301 1063//1301
f  1348//1301 1350//1301 1063//1301
f  1349//2028 1353//2028 994//2028
f  1353//2029 1292//2029 994//2029
f  1326//2030 1354//2030 1296//2030
f  1354//1301 816//1301 1296//1301
f  1355//1301 833//1301 816//1301
f  1356//1301 1355//1301 816//1301
f  1354//1301 1356//1301 816//1301
f  1357//1301 1358//1301 833//1301
f  1358//1301 1359//1301 833//1301
f  1359//1301 1360//1301 833//1301
f  1360//1301 1361//1301 833//1301
f  1361//1301 1362//1301 833//1301
f  1362//1301 1363//1301 833//1301
f  1364//1301 1357//1301 833//1301
f  1355//1301 1364//1301 833//1301
f  1363//1301 827//1301 833//1301
f  1363//2031 1365//2031 827//2031
f  1365//2032 1346//2032 827//2032
f  1329//2033 1366//2033 1328//2033
f  1366//1301 843//1301 1328//1301
f  1366//1301 1367//1301 843//1301
f  1367//1301 1368//1301 843//1301
f  1368//1301 1369//1301 843//1301
f  1369//1301 1370//1301 843//1301
f  1370//1301 1371//1301 843//1301
f  1372//1301 850//1301 843//1301
f  1373//1301 1372//1301 843//1301
f  1371//1301 1373//1301 843//1301
f  1374//1301 1375//1301 850//1301
f  1375//1301 1376//1301 850//1301
f  1376//1301 1071//1301 850//1301
f  1377//1301 1374//1301 850//1301
f  1372//1301 1377//1301 850//1301
f  1376//1301 1378//1301 1071//1301
f  1378//1301 1379//1301 1071//1301
f  1379//1301 1380//1301 1071//1301
f  1380//1301 929//1301 1071//1301
f  1381//177 1382//177 929//177
f  1382//177 1204//177 929//177
f  1380//1301 1383//1301 929//1301
f  1383//1301 1384//1301 929//1301
f  1384//1301 1381//1301 929//1301
f  1385//2034 1366//2034 1329//2034
f  1340//2035 1385//2035 1329//2035
f  1196//2036 1316//2036 1197//2036
f  1316//2037 1315//2037 1197//2037
f  1386//2038 1327//2038 1298//2038
f  1309//2039 1386//2039 1298//2039
f  1387//2040 1366//2040 1385//2040
f  1340//2041 1388//2041 1385//2041
f  1388//2042 1387//2042 1385//2042
f  1286//2043 1389//2043 1335//2043
f  1390//1301 1339//1301 1335//1301
f  1389//1301 1390//1301 1335//1301
f  1341//2043 1389//2043 1286//2043
f  1391//2044 1347//2044 1346//2044
f  1365//2045 1391//2045 1346//2045
f  1392//2046 1367//2046 1366//2046
f  1387//2047 1392//2047 1366//2047
f  1388//2048 1393//2048 1387//2048
f  1393//2049 1392//2049 1387//2049
f  1394//2050 1325//2050 1292//2050
f  1353//2051 1394//2051 1292//2051
f  1395//2052 1354//2052 1326//2052
f  1342//2053 1395//2053 1326//2053
f  1396//2054 1397//2054 1333//2054
f  1397//2054 1398//2054 1333//2054
f  1398//1301 1332//1301 1333//1301
f  1334//2055 1396//2055 1333//2055
f  1334//2055 1399//2055 1396//2055
f  1399//1301 1400//1301 1396//1301
f  1400//1301 1401//1301 1396//1301
f  1401//1301 1402//1301 1396//1301
f  1402//1301 1397//1301 1396//1301
f  1403//2056 1404//2056 1338//2056
f  1404//2056 1405//2056 1338//2056
f  1405//1301 1337//1301 1338//1301
f  1339//2057 1403//2057 1338//2057
f  1339//2057 1406//2057 1403//2057
f  1406//1301 1407//1301 1403//1301
f  1407//1301 1408//1301 1403//1301
f  1409//1301 1404//1301 1403//1301
f  1408//1301 1410//1301 1403//1301
f  1410//1301 1411//1301 1403//1301
f  1411//1301 1409//1301 1403//1301
f  1306//1301 1412//1301 1340//1301
f  1412//1301 1388//1301 1340//1301
f  1347//1301 1391//1301 1311//1301
f  1391//1301 1341//1301 1311//1301
f  1285//2058 1413//2058 1330//2058
f  1414//1301 1334//1301 1330//1301
f  1413//1301 1414//1301 1330//1301
f  1343//2058 1413//2058 1285//2058
f  1415//2059 1416//2059 1332//2059
f  1416//2059 1307//2059 1332//2059
f  1398//1301 1415//1301 1332//1301
f  1416//1301 1417//1301 1307//1301
f  1417//1301 1342//1301 1307//1301
f  1412//2060 1306//2060 1337//2060
f  1418//2060 1412//2060 1337//2060
f  1405//1301 1418//1301 1337//1301
f  1394//1301 1343//1301 1325//1301
f  1417//2061 1395//2061 1342//2061
f  1412//1301 1393//1301 1388//1301
f  1419//223 1195//223 1194//223
f  1318//2062 1419//2062 1194//2062
f  1420//2063 1421//2063 1318//2063
f  1421//2064 1419//2064 1318//2064
f  1317//223 1420//223 1318//223
f  1362//2065 1422//2065 1363//2065
f  1422//2066 1365//2066 1363//2066
f  1422//2067 1391//2067 1365//2067
f  1361//2068 1423//2068 1362//2068
f  1423//2069 1422//2069 1362//2069
f  1352//2070 1424//2070 1349//2070
f  1424//2071 1425//2071 1349//2071
f  1425//2072 1353//2072 1349//2072
f  1425//2073 1394//2073 1353//2073
f  1426//2074 1356//2074 1354//2074
f  1395//2075 1426//2075 1354//2075
f  1417//2076 1426//2076 1395//2076
f  1427//2077 1368//2077 1367//2077
f  1392//2078 1427//2078 1367//2078
f  1428//2079 1386//2079 1309//2079
f  1277//2080 1428//2080 1309//2080
f  1414//2081 1399//2081 1334//2081
f  1414//2081 1429//2081 1399//2081
f  1429//1301 1430//1301 1399//1301
f  1430//1301 1431//1301 1399//1301
f  1431//1301 1400//1301 1399//1301
f  1397//2082 1432//2082 1398//2082
f  1432//2082 1433//2082 1398//2082
f  1433//1301 1415//1301 1398//1301
f  1402//1301 1434//1301 1397//1301
f  1434//1301 1435//1301 1397//1301
f  1435//1301 1432//1301 1397//1301
f  1390//2081 1406//2081 1339//2081
f  1390//2081 1436//2081 1406//2081
f  1436//1301 1437//1301 1406//1301
f  1437//1301 1438//1301 1406//1301
f  1438//1301 1407//1301 1406//1301
f  1404//2083 1439//2083 1405//2083
f  1439//2083 1440//2083 1405//2083
f  1440//1301 1418//1301 1405//1301
f  1409//1301 1441//1301 1404//1301
f  1441//1301 1439//1301 1404//1301
f  1421//223 1442//223 1195//223
f  1419//223 1421//223 1195//223
f  1442//8 1348//8 1195//8
f  1199//223 1443//223 1196//223
f  1443//2084 1316//2084 1196//2084
f  1444//223 1445//223 1199//223
f  1445//223 1443//223 1199//223
f  1446//223 1444//223 1199//223
f  1447//223 1446//223 1199//223
f  1200//223 1447//223 1199//223
f  1201//223 1448//223 1200//223
f  1449//223 1447//223 1200//223
f  1448//223 1449//223 1200//223
f  1107//223 1448//223 1201//223
f  823//2085 1448//2085 1107//2085
f  1450//2086 871//2086 1129//2086
f  1202//223 1450//223 1129//223
f  1203//223 1451//223 1202//223
f  1451//223 1452//223 1202//223
f  1452//223 1453//223 1202//223
f  1453//223 1454//223 1202//223
f  1454//223 1455//223 1202//223
f  1455//223 1450//223 1202//223
f  1456//223 1457//223 1203//223
f  1204//223 1456//223 1203//223
f  1457//223 1458//223 1203//223
f  1458//223 1451//223 1203//223
f  1459//223 1456//223 1204//223
f  1382//223 1459//223 1204//223
f  1423//2087 1391//2087 1422//2087
f  1361//2088 1460//2088 1423//2088
f  1460//2089 1391//2089 1423//2089
f  1393//2090 1427//2090 1392//2090
f  1461//2091 1368//2091 1427//2091
f  1393//2092 1462//2092 1427//2092
f  1462//2093 1461//2093 1427//2093
f  1463//2094 1464//2094 1465//2094
f  1466//2095 1463//2095 1465//2095
f  1464//2096 1467//2096 1465//2096
f  1468//8 1466//8 1465//8
f  1467//8 1468//8 1465//8
f  1469//2097 1428//2097 1277//2097
f  1217//2098 1469//2098 1277//2098
f  1424//2099 1470//2099 1425//2099
f  1470//2100 1394//2100 1425//2100
f  1471//2101 1356//2101 1426//2101
f  1417//2102 1471//2102 1426//2102
f  1460//2103 1472//2103 1391//2103
f  1473//1301 1341//1301 1391//1301
f  1472//1301 1473//1301 1391//1301
f  1412//1301 1462//1301 1393//1301
f  966//2104 1474//2104 1159//2104
f  968//2105 966//2105 1159//2105
f  1474//2106 1183//2106 1159//2106
f  967//177 966//177 968//177
f  1464//2107 1475//2107 1467//2107
f  1475//8 1468//8 1467//8
f  1401//2108 1476//2108 1477//2108
f  1478//2109 1402//2109 1477//2109
f  1402//2109 1401//2109 1477//2109
f  1479//1301 1478//1301 1477//1301
f  1476//1301 1480//1301 1477//1301
f  1480//1301 1479//1301 1477//1301
f  1400//2108 1476//2108 1401//2108
f  1408//2110 1481//2110 1482//2110
f  1483//2111 1410//2111 1482//2111
f  1410//2111 1408//2111 1482//2111
f  1484//1301 1483//1301 1482//1301
f  1485//1301 1484//1301 1482//1301
f  1481//1301 1485//1301 1482//1301
f  1407//2110 1481//2110 1408//2110
f  1486//2112 1487//2112 1167//2112
f  1487//2112 1003//2112 1167//2112
f  959//177 1486//177 1167//177
f  983//2113 1488//2113 1168//2113
f  1488//177 1027//177 1168//177
f  1487//177 1319//177 1003//177
f  1280//2113 1488//2113 983//2113
f  1104//2114 1489//2114 991//2114
f  1489//2115 1490//2115 991//2115
f  1490//2116 1116//2116 991//2116
f  1106//2117 1489//2117 1104//2117
f  1470//1301 1343//1301 1394//1301
f  1491//2118 1471//2118 1417//2118
f  1416//1301 1491//1301 1417//1301
f  1400//2119 1492//2119 1476//2119
f  1492//1301 1480//1301 1476//1301
f  1431//2119 1492//2119 1400//2119
f  1479//2120 1434//2120 1478//2120
f  1434//2120 1402//2120 1478//2120
f  1407//2119 1493//2119 1481//2119
f  1494//1301 1485//1301 1481//1301
f  1493//1301 1494//1301 1481//1301
f  1438//2119 1493//2119 1407//2119
f  1484//2121 1411//2121 1483//2121
f  1411//2121 1410//2121 1483//2121
f  1464//2122 1495//2122 1475//2122
f  1495//2123 1496//2123 1475//2123
f  1496//8 1497//8 1475//8
f  1497//8 1468//8 1475//8
f  1106//2124 1490//2124 1489//2124
f  1498//2125 1463//2125 1466//2125
f  1499//2126 1498//2126 1466//2126
f  1500//8 1499//8 1466//8
f  1468//8 1500//8 1466//8
f  1501//2127 1490//2127 1106//2127
f  1128//2128 1501//2128 1106//2128
f  1502//2129 1219//2129 1207//2129
f  1206//2130 1502//2130 1207//2130
f  1503//2131 1469//2131 1217//2131
f  1263//2132 1503//2132 1217//2132
f  1502//2133 1504//2133 1219//2133
f  1504//2134 1505//2134 1219//2134
f  1505//2135 1220//2135 1219//2135
f  1360//2136 1506//2136 1361//2136
f  1506//2137 1460//2137 1361//2137
f  1506//2138 1472//2138 1460//2138
f  1507//2139 1498//2139 1499//2139
f  1508//2140 1507//2140 1499//2140
f  1509//8 1508//8 1499//8
f  1500//8 1509//8 1499//8
f  1510//2141 1511//2141 1389//2141
f  1341//2141 1510//2141 1389//2141
f  1512//1301 1390//1301 1389//1301
f  1511//1301 1512//1301 1389//1301
f  1473//2142 1513//2142 1341//2142
f  1513//2143 1510//2143 1341//2143
f  1474//2144 1206//2144 1183//2144
f  1514//2145 1501//2145 1128//2145
f  1156//2146 1514//2146 1128//2146
f  1445//2147 1316//2147 1443//2147
f  1445//2147 1515//2147 1316//2147
f  1515//223 1516//223 1316//223
f  1516//223 1517//223 1316//223
f  1517//223 1518//223 1316//223
f  1518//223 1317//223 1316//223
f  1431//2148 1519//2148 1492//2148
f  1519//1301 1480//1301 1492//1301
f  1430//2148 1519//2148 1431//2148
f  1520//2149 1521//2149 1479//2149
f  1521//2149 1434//2149 1479//2149
f  1480//1301 1522//1301 1479//1301
f  1522//1301 1520//1301 1479//1301
f  1521//1301 1435//1301 1434//1301
f  1438//2150 1523//2150 1493//2150
f  1523//1301 1494//1301 1493//1301
f  1437//2150 1523//2150 1438//2150
f  1524//2151 1525//2151 1484//2151
f  1525//2151 1411//2151 1484//2151
f  1485//1301 1524//1301 1484//1301
f  1525//1301 1409//1301 1411//1301
f  1526//2152 1503//2152 1263//2152
f  1272//2153 1526//2153 1263//2153
f  1527//2154 1264//2154 1220//2154
f  1505//2155 1527//2155 1220//2155
f  1528//2156 1502//2156 1206//2156
f  1529//2157 1528//2157 1206//2157
f  1474//2158 1529//2158 1206//2158
f  1530//2159 1526//2159 1272//2159
f  1322//177 1530//177 1272//177
f  1527//177 1323//177 1264//177
f  1531//2160 1379//2160 1378//2160
f  1532//2160 1531//2160 1378//2160
f  1376//2161 1532//2161 1378//2161
f  1376//2161 1533//2161 1532//2161
f  1534//1301 1531//1301 1532//1301
f  1533//1301 1534//1301 1532//1301
f  1535//2162 1514//2162 1156//2162
f  1184//2163 1535//2163 1156//2163
f  1536//2164 1369//2164 1368//2164
f  1461//2165 1536//2165 1368//2165
f  1359//2166 1537//2166 1360//2166
f  1537//2167 1538//2167 1360//2167
f  1538//2168 1506//2168 1360//2168
f  1528//2169 1504//2169 1502//2169
f  1462//2170 1536//2170 1461//2170
f  1539//2171 1370//2171 1369//2171
f  1536//2172 1539//2172 1369//2172
f  1531//2173 1380//2173 1379//2173
f  1534//2174 1380//2174 1531//2174
f  1430//2175 1540//2175 1519//2175
f  1540//1301 1541//1301 1519//1301
f  1541//1301 1480//1301 1519//1301
f  1542//2175 1540//2175 1430//2175
f  1429//1301 1542//1301 1430//1301
f  1522//2176 1543//2176 1520//2176
f  1543//2176 1521//2176 1520//2176
f  1544//1301 1435//1301 1521//1301
f  1545//1301 1544//1301 1521//1301
f  1543//1301 1545//1301 1521//1301
f  1437//2177 1546//2177 1523//2177
f  1546//1301 1494//1301 1523//1301
f  1547//2177 1546//2177 1437//2177
f  1436//1301 1547//1301 1437//1301
f  1548//2178 1549//2178 1524//2178
f  1549//2178 1525//2178 1524//2178
f  1485//1301 1548//1301 1524//1301
f  1550//1301 1409//1301 1525//1301
f  1549//1301 1550//1301 1525//1301
f  1551//2179 1472//2179 1506//2179
f  1538//2180 1551//2180 1506//2180
f  1462//2181 1539//2181 1536//2181
f  1552//2182 1551//2182 1538//2182
f  1537//2183 1552//2183 1538//2183
f  1553//2184 1554//2184 1496//2184
f  1554//2185 1555//2185 1496//2185
f  1555//2186 1556//2186 1496//2186
f  1495//2187 1557//2187 1496//2187
f  1557//2188 1553//2188 1496//2188
f  1556//8 1497//8 1496//8
f  1343//2189 1558//2189 1413//2189
f  1559//1301 1414//1301 1413//1301
f  1558//1301 1559//1301 1413//1301
f  1560//2189 1558//2189 1343//2189
f  1470//1301 1561//1301 1343//1301
f  1561//1301 1560//1301 1343//1301
f  1562//2190 1563//2190 1415//2190
f  1563//2190 1416//2190 1415//2190
f  1433//1301 1562//1301 1415//1301
f  1563//1301 1491//1301 1416//1301
f  1564//2191 1412//2191 1418//2191
f  1440//2192 1564//2192 1418//2192
f  1565//1301 1462//1301 1412//1301
f  1566//1301 1565//1301 1412//1301
f  1567//1301 1566//1301 1412//1301
f  1568//2193 1567//2193 1412//2193
f  1564//2194 1568//2194 1412//2194
f  1569//2195 1535//2195 1184//2195
f  1266//2196 1569//2196 1184//2196
f  1552//1301 1473//1301 1472//1301
f  1551//1301 1552//1301 1472//1301
f  1570//2197 1571//2197 1376//2197
f  1571//2198 1533//2198 1376//2198
f  1572//2199 1570//2199 1376//2199
f  1375//2200 1572//2200 1376//2200
f  1571//1301 1534//1301 1533//1301
f  1573//2201 1539//2201 1462//2201
f  1565//1301 1573//1301 1462//1301
f  1574//2202 1575//2202 1508//2202
f  1575//2203 1576//2203 1508//2203
f  1576//2204 1507//2204 1508//2204
f  1509//8 1574//8 1508//8
f  1577//2205 1370//2205 1539//2205
f  1573//2206 1577//2206 1539//2206
f  809//2207 1449//2207 823//2207
f  1449//2208 1448//2208 823//2208
f  1578//223 1442//223 1421//223
f  1579//177 1578//177 1421//177
f  1420//177 1579//177 1421//177
f  1317//223 1579//223 1420//223
f  1444//8 1515//8 1445//8
f  1444//8 1516//8 1515//8
f  1352//2209 1580//2209 1424//2209
f  1580//2210 1561//2210 1424//2210
f  1561//2211 1470//2211 1424//2211
f  1581//2212 1356//2212 1471//2212
f  1491//2213 1582//2213 1471//2213
f  1582//2214 1581//2214 1471//2214
f  1468//2215 1583//2215 1584//2215
f  1585//605 1468//605 1584//605
f  1586//8 1585//8 1584//8
f  1583//8 1586//8 1584//8
f  1500//605 1468//605 1585//605
f  1586//2216 1500//2216 1585//2216
f  1497//2217 1587//2217 1468//2217
f  1587//2218 1583//2218 1468//2218
f  1586//2219 1509//2219 1500//2219
f  1580//2220 1588//2220 1561//2220
f  1588//1301 1560//1301 1561//1301
f  1589//1301 1582//1301 1491//1301
f  1563//1301 1589//1301 1491//1301
f  1589//2221 1581//2221 1582//2221
f  1565//2222 1577//2222 1573//2222
f  1542//2223 1541//2223 1540//2223
f  1590//2223 1541//2223 1542//2223
f  1429//1301 1591//1301 1542//1301
f  1591//1301 1590//1301 1542//1301
f  1592//2224 1593//2224 1522//2224
f  1593//2224 1543//2224 1522//2224
f  1480//1301 1592//1301 1522//1301
f  1594//1301 1545//1301 1543//1301
f  1593//1301 1594//1301 1543//1301
f  1547//2223 1494//2223 1546//2223
f  1595//2223 1494//2223 1547//2223
f  1596//1301 1595//1301 1547//1301
f  1436//1301 1596//1301 1547//1301
f  1485//2225 1597//2225 1548//2225
f  1597//2225 1549//2225 1548//2225
f  1598//1301 1550//1301 1549//1301
f  1597//1301 1598//1301 1549//1301
f  1599//2226 1452//2226 1451//2226
f  1600//2227 1599//2227 1451//2227
f  1458//2227 1600//2227 1451//2227
f  1601//2226 1452//2226 1599//2226
f  1602//223 1601//223 1599//223
f  1600//223 1602//223 1599//223
f  1534//2228 1383//2228 1380//2228
f  1559//2229 1429//2229 1414//2229
f  1559//2229 1591//2229 1429//2229
f  1432//2230 1603//2230 1433//2230
f  1603//2230 1604//2230 1433//2230
f  1604//1301 1562//1301 1433//1301
f  1605//1301 1603//1301 1432//1301
f  1435//1301 1606//1301 1432//1301
f  1606//1301 1605//1301 1432//1301
f  1512//2231 1436//2231 1390//2231
f  1512//2231 1596//2231 1436//2231
f  1439//2232 1607//2232 1440//2232
f  1607//2232 1608//2232 1440//2232
f  1608//2233 1564//2233 1440//2233
f  1441//1301 1609//1301 1439//1301
f  1609//1301 1610//1301 1439//1301
f  1610//1301 1607//1301 1439//1301
f  1583//605 1571//605 1611//605
f  1586//605 1583//605 1611//605
f  1612//605 1586//605 1611//605
f  1613//1301 1612//1301 1611//1301
f  1614//1301 1613//1301 1611//1301
f  1615//1301 1614//1301 1611//1301
f  1572//8 1615//8 1611//8
f  1571//2234 1572//2234 1611//2234
f  1616//223 1572//223 1571//223
f  1570//1301 1616//1301 1571//1301
f  1583//605 1534//605 1571//605
f  1617//2235 1383//2235 1534//2235
f  1618//1301 1617//1301 1534//1301
f  1587//2236 1618//2236 1534//2236
f  1583//2237 1587//2237 1534//2237
f  1619//2238 1509//2238 1586//2238
f  1612//177 1619//177 1586//177
f  1613//177 1619//177 1612//177
f  1572//1301 1616//1301 1570//1301
f  1590//2239 1480//2239 1541//2239
f  1620//2239 1480//2239 1590//2239
f  1591//1301 1620//1301 1590//1301
f  1480//2240 1620//2240 1592//2240
f  1620//2240 1593//2240 1592//2240
f  1620//1301 1594//1301 1593//1301
f  1595//2241 1621//2241 1494//2241
f  1621//1301 1485//1301 1494//1301
f  1622//2241 1621//2241 1595//2241
f  1596//1301 1622//1301 1595//1301
f  1621//2242 1622//2242 1485//2242
f  1622//2242 1597//2242 1485//2242
f  1622//1301 1598//1301 1597//1301
f  1623//2243 1624//2243 1574//2243
f  1624//2244 1575//2244 1574//2244
f  1509//8 1625//8 1574//8
f  1625//8 1623//8 1574//8
f  1457//2245 1600//2245 1458//2245
f  1457//2246 1626//2246 1600//2246
f  1627//223 1602//223 1600//223
f  1628//223 1627//223 1600//223
f  1626//223 1628//223 1600//223
f  1629//2247 1569//2247 1266//2247
f  1327//2248 1629//2248 1266//2248
f  1630//2249 1384//2249 1383//2249
f  1631//2250 1630//2250 1383//2250
f  1617//2251 1631//2251 1383//2251
f  1601//2252 1453//2252 1452//2252
f  1632//2252 1453//2252 1601//2252
f  1633//223 1632//223 1601//223
f  1602//223 1633//223 1601//223
f  1591//1301 1594//1301 1620//1301
f  1596//1301 1598//1301 1622//1301
f  1375//2253 1634//2253 1572//2253
f  1634//1301 1616//1301 1572//1301
f  1616//2254 1615//2254 1572//2254
f  1456//2255 1626//2255 1457//2255
f  1617//2256 1618//2256 1587//2256
f  1497//2256 1617//2256 1587//2256
f  1625//2257 1509//2257 1619//2257
f  1613//2258 1625//2258 1619//2258
f  1556//8 1635//8 1497//8
f  1635//2259 1631//2259 1497//2259
f  1631//2260 1617//2260 1497//2260
f  1636//2261 1637//2261 1464//2261
f  1463//2262 1636//2262 1464//2262
f  1637//2263 1495//2263 1464//2263
f  1638//2264 1639//2264 1637//2264
f  1640//2265 1638//2265 1637//2265
f  1636//2266 1640//2266 1637//2266
f  1639//2267 1495//2267 1637//2267
f  1636//2268 1641//2268 1640//2268
f  1641//2269 1642//2269 1640//2269
f  1642//2270 1643//2270 1640//2270
f  1643//2271 1638//2271 1640//2271
f  1639//2272 1557//2272 1495//2272
f  1639//2273 1553//2273 1557//2273
f  1498//2274 1636//2274 1463//2274
f  1435//2275 1644//2275 1645//2275
f  1646//2276 1606//2276 1645//2276
f  1606//2276 1435//2276 1645//2276
f  1647//1301 1646//1301 1645//1301
f  1644//1301 1647//1301 1645//1301
f  1544//2275 1644//2275 1435//2275
f  1441//2277 1648//2277 1649//2277
f  1650//2278 1609//2278 1649//2278
f  1609//2278 1441//2278 1649//2278
f  1648//1301 1651//1301 1649//1301
f  1652//1301 1650//1301 1649//1301
f  1653//1301 1652//1301 1649//1301
f  1651//1301 1653//1301 1649//1301
f  1409//2277 1648//2277 1441//2277
f  1359//2279 1654//2279 1537//2279
f  1654//2280 1552//2280 1537//2280
f  1554//2281 1553//2281 1639//2281
f  1655//2282 1554//2282 1639//2282
f  1656//2283 1655//2283 1639//2283
f  1638//2284 1656//2284 1639//2284
f  1498//2285 1657//2285 1636//2285
f  1657//2286 1641//2286 1636//2286
f  1658//2287 1638//2287 1643//2287
f  1642//2288 1659//2288 1643//2288
f  1659//2289 1660//2289 1643//2289
f  1660//2290 1658//2290 1643//2290
f  1661//2291 1371//2291 1577//2291
f  1371//2292 1370//2292 1577//2292
f  1565//2293 1661//2293 1577//2293
f  1507//2294 1657//2294 1498//2294
f  1658//2295 1656//2295 1638//2295
f  1657//2296 1662//2296 1641//2296
f  1662//2297 1663//2297 1641//2297
f  1663//2298 1642//2298 1641//2298
f  1544//2299 1664//2299 1644//2299
f  1664//1301 1647//1301 1644//1301
f  1545//2299 1664//2299 1544//2299
f  1665//2300 1605//2300 1646//2300
f  1605//2300 1606//2300 1646//2300
f  1647//1301 1666//1301 1646//1301
f  1666//1301 1667//1301 1646//1301
f  1667//1301 1665//1301 1646//1301
f  1409//2301 1668//2301 1648//2301
f  1668//1301 1651//1301 1648//1301
f  1550//2301 1668//2301 1409//2301
f  1669//2302 1610//2302 1650//2302
f  1610//2302 1609//2302 1650//2302
f  1652//1301 1669//1301 1650//1301
f  1358//2303 1670//2303 1359//2303
f  1670//2304 1654//2304 1359//2304
f  1351//2305 1671//2305 1352//2305
f  1671//2306 1672//2306 1352//2306
f  1672//2307 1580//2307 1352//2307
f  1672//2308 1588//2308 1580//2308
f  1581//2309 1673//2309 1356//2309
f  1673//2310 1674//2310 1356//2310
f  1674//1301 1355//1301 1356//1301
f  1589//2311 1673//2311 1581//2311
f  1374//2312 1634//2312 1375//2312
f  1374//2312 1675//2312 1634//2312
f  1675//1301 1676//1301 1634//1301
f  1676//1301 1616//1301 1634//1301
f  1677//2313 1678//2313 1565//2313
f  1678//2314 1661//2314 1565//2314
f  1566//2315 1677//2315 1565//2315
f  1670//2316 1552//2316 1654//2316
f  1670//2317 1679//2317 1552//2317
f  1679//1301 1473//1301 1552//1301
f  1680//2318 1568//2318 1564//2318
f  1681//2319 1680//2319 1564//2319
f  1608//2320 1681//2320 1564//2320
f  1682//1301 1512//1301 1511//1301
f  1510//177 1682//177 1511//177
f  1683//177 1682//177 1510//177
f  1513//1301 1683//1301 1510//1301
f  1684//2321 1567//2321 1568//2321
f  1680//1301 1684//1301 1568//1301
f  1685//2322 1656//2322 1658//2322
f  1660//2323 1686//2323 1658//2323
f  1686//2324 1685//2324 1658//2324
f  1663//2325 1687//2325 1642//2325
f  1687//2326 1659//2326 1642//2326
f  1555//2327 1688//2327 1556//2327
f  1688//2328 1689//2328 1556//2328
f  1689//2329 1690//2329 1556//2329
f  1690//8 1635//8 1556//8
f  1689//2330 1691//2330 1690//2330
f  1691//2331 1692//2331 1690//2331
f  1693//8 1635//8 1690//8
f  1692//8 1693//8 1690//8
f  1357//2332 1694//2332 1358//2332
f  1694//2333 1670//2333 1358//2333
f  1694//2334 1679//2334 1670//2334
f  1695//2335 1696//2335 1623//2335
f  1696//2336 1624//2336 1623//2336
f  1625//8 1695//8 1623//8
f  1697//2337 1686//2337 1660//2337
f  1698//2338 1699//2338 1660//2338
f  1699//2339 1700//2339 1660//2339
f  1700//2340 1697//2340 1660//2340
f  1659//2341 1698//2341 1660//2341
f  1701//2342 1629//2342 1327//2342
f  1386//2343 1701//2343 1327//2343
f  1655//2344 1555//2344 1554//2344
f  1671//2345 1702//2345 1672//2345
f  1702//2346 1588//2346 1672//2346
f  1703//2347 1674//2347 1673//2347
f  1589//2348 1703//2348 1673//2348
f  1459//8 1626//8 1456//8
f  1459//8 1628//8 1626//8
f  1576//2349 1657//2349 1507//2349
f  1545//2350 1704//2350 1664//2350
f  1704//1301 1705//1301 1664//1301
f  1705//1301 1647//1301 1664//1301
f  1594//2350 1704//2350 1545//2350
f  1706//2351 1707//2351 1665//2351
f  1707//2351 1605//2351 1665//2351
f  1667//1301 1706//1301 1665//1301
f  1707//1301 1603//1301 1605//1301
f  1550//2352 1708//2352 1668//2352
f  1708//1301 1651//1301 1668//1301
f  1598//2352 1708//2352 1550//2352
f  1652//2151 1709//2151 1669//2151
f  1709//2151 1610//2151 1669//2151
f  1709//1301 1607//1301 1610//1301
f  1710//2353 1703//2353 1589//2353
f  1563//1301 1710//1301 1589//1301
f  1702//1301 1560//1301 1588//1301
f  1473//177 1711//177 1513//177
f  1711//1301 1683//1301 1513//1301
f  1712//177 1711//177 1473//177
f  1713//1301 1712//1301 1473//1301
f  1679//1301 1713//1301 1473//1301
f  1714//2354 1715//2354 1686//2354
f  1697//2355 1716//2355 1686//2355
f  1716//2356 1714//2356 1686//2356
f  1715//2357 1685//2357 1686//2357
f  1687//2358 1698//2358 1659//2358
f  1717//2359 1625//2359 1613//2359
f  1718//8 1717//8 1613//8
f  1614//8 1718//8 1613//8
f  1632//2360 1454//2360 1453//2360
f  1719//2360 1454//2360 1632//2360
f  1633//223 1719//223 1632//223
f  1678//2361 1371//2361 1661//2361
f  1689//2362 1688//2362 1655//2362
f  1688//2363 1555//2363 1655//2363
f  1720//2364 1689//2364 1655//2364
f  1656//2365 1720//2365 1655//2365
f  1576//2366 1721//2366 1657//2366
f  1721//2367 1662//2367 1657//2367
f  1698//177 1700//177 1699//177
f  1575//2368 1721//2368 1576//2368
f  1698//177 1722//177 1700//177
f  1722//177 1697//177 1700//177
f  1685//2369 1720//2369 1656//2369
f  1721//2370 1723//2370 1662//2370
f  1723//2371 1663//2371 1662//2371
f  1722//177 1716//177 1697//177
f  1724//2372 1725//2372 1685//2372
f  1726//2373 1724//2373 1685//2373
f  1725//2374 1720//2374 1685//2374
f  1715//2375 1726//2375 1685//2375
f  1723//2376 1727//2376 1663//2376
f  1727//2377 1687//2377 1663//2377
f  1722//177 1714//177 1716//177
f  1687//2378 1722//2378 1698//2378
f  1624//2379 1721//2379 1575//2379
f  1677//2380 1371//2380 1678//2380
f  1677//2381 1373//2381 1371//2381
f  1728//2382 1625//2382 1717//2382
f  1729//2382 1728//2382 1717//2382
f  1718//8 1729//8 1717//8
f  1630//2383 1631//2383 1635//2383
f  1730//2384 1630//2384 1635//2384
f  1693//2385 1730//2385 1635//2385
f  1728//8 1695//8 1625//8
f  1594//2386 1705//2386 1704//2386
f  1731//2386 1705//2386 1594//2386
f  1732//1301 1733//1301 1594//1301
f  1734//1301 1732//1301 1594//1301
f  1591//1301 1734//1301 1594//1301
f  1733//1301 1731//1301 1594//1301
f  1735//2387 1736//2387 1706//2387
f  1736//2387 1707//2387 1706//2387
f  1667//1301 1735//1301 1706//1301
f  1736//1301 1603//1301 1707//1301
f  1598//2388 1737//2388 1708//2388
f  1737//1301 1651//1301 1708//1301
f  1738//2388 1737//2388 1598//2388
f  1739//1301 1738//1301 1598//1301
f  1596//1301 1740//1301 1598//1301
f  1740//1301 1741//1301 1598//1301
f  1741//1301 1739//1301 1598//1301
f  1653//2389 1742//2389 1652//2389
f  1742//2389 1709//2389 1652//2389
f  1742//1301 1607//1301 1709//1301
f  1743//2390 1715//2390 1714//2390
f  1722//177 1743//177 1714//177
f  1744//2391 1745//2391 1715//2391
f  1745//2392 1746//2392 1715//2392
f  1743//2393 1744//2393 1715//2393
f  1746//2394 1726//2394 1715//2394
f  1727//2395 1747//2395 1687//2395
f  1747//2396 1748//2396 1687//2396
f  1748//2397 1749//2397 1687//2397
f  1749//2398 1722//2398 1687//2398
f  1730//2399 1384//2399 1630//2399
f  1750//2400 1701//2400 1386//2400
f  1428//2401 1750//2401 1386//2401
f  1751//2402 1752//2402 1384//2402
f  1730//2403 1751//2403 1384//2403
f  1752//1301 1381//1301 1384//1301
f  1693//2404 1751//2404 1730//2404
f  1753//2405 1279//2405 1278//2405
f  1324//8 1753//8 1278//8
f  1753//2405 1754//2405 1279//2405
f  1754//177 1755//177 1279//177
f  1755//177 1280//177 1279//177
f  1720//2406 1691//2406 1689//2406
f  1696//2407 1721//2407 1624//2407
f  1748//177 1756//177 1743//177
f  1756//177 1757//177 1743//177
f  1757//177 1744//177 1743//177
f  1722//177 1749//177 1743//177
f  1749//177 1748//177 1743//177
f  1758//2408 1692//2408 1691//2408
f  1720//2409 1758//2409 1691//2409
f  1695//2410 1759//2410 1696//2410
f  1760//2411 1721//2411 1696//2411
f  1759//2412 1760//2412 1696//2412
f  1761//2413 1762//2413 1720//2413
f  1762//2414 1758//2414 1720//2414
f  1725//2415 1761//2415 1720//2415
f  1760//2416 1763//2416 1721//2416
f  1763//2417 1764//2417 1721//2417
f  1764//2418 1723//2418 1721//2418
f  1765//2419 1759//2419 1695//2419
f  1728//8 1765//8 1695//8
f  1757//177 1745//177 1744//177
f  1731//2223 1647//2223 1705//2223
f  1766//2223 1647//2223 1731//2223
f  1733//1301 1766//1301 1731//1301
f  1667//2224 1767//2224 1735//2224
f  1767//2224 1736//2224 1735//2224
f  1768//1301 1603//1301 1736//1301
f  1767//1301 1768//1301 1736//1301
f  1738//2420 1769//2420 1737//2420
f  1769//1301 1770//1301 1737//1301
f  1770//1301 1651//1301 1737//1301
f  1771//2420 1769//2420 1738//2420
f  1772//1301 1773//1301 1738//1301
f  1774//1301 1771//1301 1738//1301
f  1773//1301 1774//1301 1738//1301
f  1739//1301 1775//1301 1738//1301
f  1775//1301 1772//1301 1738//1301
f  1651//2421 1776//2421 1653//2421
f  1776//2421 1742//2421 1653//2421
f  1776//1301 1607//1301 1742//1301
f  1724//2422 1777//2422 1725//2422
f  1777//2423 1761//2423 1725//2423
f  1764//2424 1778//2424 1723//2424
f  1778//2425 1727//2425 1723//2425
f  1779//2426 1750//2426 1428//2426
f  1469//2427 1779//2427 1428//2427
f  1780//2428 1373//2428 1677//2428
f  1566//2429 1781//2429 1677//2429
f  1781//2430 1780//2430 1677//2430
f  1357//2431 1782//2431 1694//2431
f  1782//2432 1679//2432 1694//2432
f  1567//1301 1781//1301 1566//1301
f  1782//2433 1783//2433 1679//2433
f  1783//1301 1713//1301 1679//1301
f  674//1301 1784//1301 809//1301
f  1785//2434 1449//2434 809//2434
f  1784//2435 1785//2435 809//2435
f  1786//223 1447//223 1449//223
f  1785//223 1786//223 1449//223
f  1766//2436 1666//2436 1647//2436
f  1787//2436 1666//2436 1766//2436
f  1788//1301 1787//1301 1766//1301
f  1733//1301 1788//1301 1766//1301
f  1666//2437 1787//2437 1667//2437
f  1787//2437 1767//2437 1667//2437
f  1789//1301 1768//1301 1767//1301
f  1787//1301 1789//1301 1767//1301
f  1771//2438 1770//2438 1769//2438
f  1790//2438 1770//2438 1771//2438
f  1791//1301 1790//1301 1771//1301
f  1774//1301 1791//1301 1771//1301
f  1770//2439 1790//2439 1651//2439
f  1790//2439 1776//2439 1651//2439
f  1792//1301 1793//1301 1776//1301
f  1790//1301 1791//1301 1776//1301
f  1791//1301 1794//1301 1776//1301
f  1794//1301 1792//1301 1776//1301
f  1793//1301 1607//1301 1776//1301
f  1788//1301 1789//1301 1787//1301
f  1795//2440 1796//2440 1320//2440
f  1319//2440 1795//2440 1320//2440
f  1797//8 1321//8 1320//8
f  1796//8 1797//8 1320//8
f  1487//177 1795//177 1319//177
f  1798//177 1799//177 1322//177
f  1799//177 1530//177 1322//177
f  1321//2441 1797//2441 1322//2441
f  1797//2441 1798//2441 1322//2441
f  1527//177 1800//177 1323//177
f  1800//177 1801//177 1323//177
f  1801//2442 1324//2442 1323//2442
f  1801//2442 1802//2442 1324//2442
f  1802//8 1753//8 1324//8
f  1803//2443 1804//2443 1765//2443
f  1804//2444 1759//2444 1765//2444
f  1728//8 1803//8 1765//8
f  1805//2445 1806//2445 1373//2445
f  1780//2446 1805//2446 1373//2446
f  1806//1301 1372//1301 1373//1301
f  1807//2447 1692//2447 1758//2447
f  1808//2448 1807//2448 1758//2448
f  1762//2449 1808//2449 1758//2449
f  1809//2450 1808//2450 1762//2450
f  1761//2451 1809//2451 1762//2451
f  1810//2452 1809//2452 1761//2452
f  1777//2453 1810//2453 1761//2453
f  1724//2454 1810//2454 1777//2454
f  1726//2455 1811//2455 1724//2455
f  1812//2456 1810//2456 1724//2456
f  1811//2457 1812//2457 1724//2457
f  1746//2458 1811//2458 1726//2458
f  1745//2459 1813//2459 1746//2459
f  1813//2460 1811//2460 1746//2460
f  1757//177 1813//177 1745//177
f  1814//2461 1702//2461 1671//2461
f  1815//2462 1814//2462 1671//2462
f  1351//2463 1815//2463 1671//2463
f  1814//1301 1560//1301 1702//1301
f  1560//2464 1816//2464 1558//2464
f  1817//1301 1559//1301 1558//1301
f  1816//1301 1817//1301 1558//1301
f  1818//2464 1816//2464 1560//2464
f  1814//1301 1818//1301 1560//1301
f  1817//2465 1591//2465 1559//2465
f  1817//2465 1819//2465 1591//2465
f  1819//1301 1820//1301 1591//1301
f  1820//1301 1821//1301 1591//1301
f  1821//1301 1822//1301 1591//1301
f  1823//1301 1734//1301 1591//1301
f  1822//1301 1823//1301 1591//1301
f  1603//2189 1768//2189 1604//2189
f  1768//2189 1824//2189 1604//2189
f  1824//1301 1825//1301 1604//1301
f  1825//1301 1562//1301 1604//1301
f  1825//2466 1826//2466 1562//2466
f  1826//2466 1563//2466 1562//2466
f  1826//1301 1827//1301 1563//1301
f  1827//1301 1828//1301 1563//1301
f  1828//1301 1710//1301 1563//1301
f  1829//2467 1703//2467 1710//2467
f  1828//2468 1829//2468 1710//2468
f  1829//2469 1674//2469 1703//2469
f  1830//2470 1783//2470 1782//2470
f  1357//2471 1830//2471 1782//2471
f  1830//2472 1713//2472 1783//2472
f  1682//1301 1831//1301 1512//1301
f  1831//2190 1596//2190 1512//2190
f  1831//2190 1832//2190 1596//2190
f  1832//1301 1833//1301 1596//1301
f  1833//1301 1834//1301 1596//1301
f  1834//1301 1835//1301 1596//1301
f  1835//1301 1836//1301 1596//1301
f  1836//1301 1740//1301 1596//1301
f  1607//2473 1837//2473 1608//2473
f  1837//2473 1838//2473 1608//2473
f  1838//1301 1839//1301 1608//1301
f  1839//2474 1681//2474 1608//2474
f  1793//1301 1837//1301 1607//1301
f  1840//2475 1567//2475 1684//2475
f  1680//2476 1840//2476 1684//2476
f  1841//1301 1842//1301 1567//1301
f  1840//1301 1841//1301 1567//1301
f  1842//1301 1781//1301 1567//1301
f  1805//2477 1780//2477 1781//2477
f  1842//2478 1805//2478 1781//2478
f  1377//1301 1843//1301 1374//1301
f  1843//2479 1675//2479 1374//2479
f  1843//2479 1676//2479 1675//2479
f  1719//2480 1844//2480 1454//2480
f  1844//223 1455//223 1454//223
f  1633//2480 1844//2480 1719//2480
f  1845//2481 1728//2481 1729//2481
f  1718//2481 1845//2481 1729//2481
f  1846//2482 1752//2482 1751//2482
f  1693//2483 1846//2483 1751//2483
f  1847//2484 1846//2484 1693//2484
f  1692//8 1807//8 1693//8
f  1807//8 1847//8 1693//8
f  1845//8 1803//8 1728//8
f  1747//2485 1756//2485 1748//2485
f  1727//2486 1848//2486 1747//2486
f  1848//2487 1849//2487 1747//2487
f  1849//2488 1756//2488 1747//2488
f  1778//2489 1850//2489 1727//2489
f  1850//2490 1848//2490 1727//2490
f  1764//2491 1850//2491 1778//2491
f  1763//2492 1851//2492 1764//2492
f  1851//2493 1850//2493 1764//2493
f  1760//2494 1851//2494 1763//2494
f  1804//2495 1760//2495 1759//2495
f  1804//2496 1851//2496 1760//2496
f  1364//1301 1852//1301 1357//1301
f  1853//2497 1830//2497 1357//2497
f  1852//2498 1853//2498 1357//2498
f  1734//2499 1854//2499 1855//2499
f  1856//2500 1732//2500 1855//2500
f  1732//2500 1734//2500 1855//2500
f  1854//1301 1857//1301 1855//1301
f  1857//1301 1858//1301 1855//1301
f  1858//1301 1859//1301 1855//1301
f  1859//1301 1860//1301 1855//1301
f  1860//1301 1861//1301 1855//1301
f  1861//1301 1856//1301 1855//1301
f  1823//2499 1854//2499 1734//2499
f  1740//2501 1862//2501 1863//2501
f  1864//2111 1741//2111 1863//2111
f  1741//2111 1740//2111 1863//2111
f  1862//1301 1865//1301 1863//1301
f  1865//1301 1866//1301 1863//1301
f  1866//1301 1867//1301 1863//1301
f  1867//1301 1868//1301 1863//1301
f  1868//1301 1869//1301 1863//1301
f  1869//1301 1864//1301 1863//1301
f  1836//2501 1862//2501 1740//2501
f  1870//2502 1779//2502 1469//2502
f  1503//2503 1870//2503 1469//2503
f  1823//2119 1871//2119 1854//2119
f  1871//1301 1857//1301 1854//1301
f  1822//2119 1871//2119 1823//2119
f  1861//2120 1872//2120 1856//2120
f  1872//2120 1732//2120 1856//2120
f  1872//1301 1873//1301 1732//1301
f  1873//1301 1733//1301 1732//1301
f  1836//2504 1874//2504 1862//2504
f  1874//1301 1865//1301 1862//1301
f  1835//2504 1874//2504 1836//2504
f  1869//2505 1739//2505 1864//2505
f  1739//2505 1741//2505 1864//2505
f  1875//1301 872//1301 871//1301
f  1876//2506 1875//2506 871//2506
f  1450//2507 1876//2507 871//2507
f  1455//223 1876//223 1450//223
f  1877//2508 1805//2508 1842//2508
f  1841//2509 1877//2509 1842//2509
f  1878//2510 1879//2510 1713//2510
f  1853//2511 1878//2511 1713//2511
f  1830//2512 1853//2512 1713//2512
f  1879//1301 1712//1301 1713//1301
f  1877//2513 1806//2513 1805//2513
f  1880//2514 1504//2514 1528//2514
f  1529//2515 1880//2515 1528//2515
f  1852//2516 1878//2516 1853//2516
f  1881//2517 1870//2517 1503//2517
f  1526//2518 1881//2518 1503//2518
f  1880//2519 1882//2519 1504//2519
f  1882//2520 1883//2520 1504//2520
f  1883//2521 1505//2521 1504//2521
f  1884//2522 1752//2522 1846//2522
f  1847//2523 1884//2523 1846//2523
f  1885//2524 1809//2524 1810//2524
f  1812//2525 1885//2525 1810//2525
f  1851//2526 1848//2526 1850//2526
f  1822//2527 1886//2527 1871//2527
f  1886//1301 1857//1301 1871//1301
f  1821//2527 1886//2527 1822//2527
f  1860//2528 1887//2528 1861//2528
f  1887//2528 1872//2528 1861//2528
f  1887//1301 1873//1301 1872//1301
f  1835//2529 1888//2529 1874//2529
f  1888//1301 1865//1301 1874//1301
f  1834//2529 1888//2529 1835//2529
f  1868//2530 1775//2530 1869//2530
f  1775//2530 1739//2530 1869//2530
f  1849//2531 1757//2531 1756//2531
f  1808//2532 1889//2532 1807//2532
f  1889//8 1847//8 1807//8
f  1885//2533 1890//2533 1809//2533
f  1890//2534 1808//2534 1809//2534
f  1804//2535 1891//2535 1851//2535
f  1891//2536 1892//2536 1851//2536
f  1892//2537 1893//2537 1851//2537
f  1893//2538 1894//2538 1851//2538
f  1894//2539 1848//2539 1851//2539
f  1803//2540 1891//2540 1804//2540
f  1890//2541 1889//2541 1808//2541
f  1895//2542 1811//2542 1813//2542
f  1757//177 1895//177 1813//177
f  1896//2543 1881//2543 1526//2543
f  1530//2544 1896//2544 1526//2544
f  1800//2545 1527//2545 1505//2545
f  1883//2546 1800//2546 1505//2546
f  1799//2547 1896//2547 1530//2547
f  1897//2548 1811//2548 1895//2548
f  1898//177 1899//177 1895//177
f  1900//177 1897//177 1895//177
f  1901//177 1900//177 1895//177
f  1899//177 1901//177 1895//177
f  1757//177 1898//177 1895//177
f  1849//2549 1898//2549 1757//2549
f  1902//2550 1892//2550 1891//2550
f  1803//2551 1902//2551 1891//2551
f  1903//2552 1889//2552 1890//2552
f  1904//2553 1903//2553 1890//2553
f  1905//2554 1904//2554 1890//2554
f  1885//2555 1905//2555 1890//2555
f  1906//2556 1903//2556 1904//2556
f  1907//2557 1906//2557 1904//2557
f  1905//2558 1907//2558 1904//2558
f  1908//2559 1474//2559 966//2559
f  878//2560 1908//2560 966//2560
f  1909//2561 1910//2561 1884//2561
f  1910//2562 1752//2562 1884//2562
f  1847//2563 1909//2563 1884//2563
f  1910//1301 1381//1301 1752//1301
f  1897//2564 1911//2564 1811//2564
f  1912//2565 1812//2565 1811//2565
f  1911//2566 1912//2566 1811//2566
f  1913//2567 1898//2567 1849//2567
f  1848//2568 1913//2568 1849//2568
f  1913//2569 1899//2569 1898//2569
f  1914//2570 1910//2570 1909//2570
f  1847//2571 1914//2571 1909//2571
f  1821//2386 1915//2386 1886//2386
f  1915//1301 1857//1301 1886//1301
f  1820//2386 1915//2386 1821//2386
f  1859//2387 1916//2387 1860//2387
f  1916//2387 1887//2387 1860//2387
f  1917//1301 1873//1301 1887//1301
f  1916//1301 1917//1301 1887//1301
f  1834//2572 1918//2572 1888//2572
f  1918//1301 1865//1301 1888//1301
f  1833//2572 1918//2572 1834//2572
f  1867//2389 1772//2389 1868//2389
f  1772//2389 1775//2389 1868//2389
f  1614//2573 1845//2573 1718//2573
f  1919//2574 1914//2574 1847//2574
f  1903//8 1919//8 1847//8
f  1889//8 1903//8 1847//8
f  1614//2575 1920//2575 1845//2575
f  1920//8 1902//8 1845//8
f  1902//8 1803//8 1845//8
f  1364//1301 1921//1301 1852//1301
f  1921//2576 1922//2576 1852//2576
f  1922//2577 1878//2577 1852//2577
f  1922//2578 1879//2578 1878//2578
f  1923//2579 1924//2579 1897//2579
f  1924//2580 1911//2580 1897//2580
f  1900//177 1923//177 1897//177
f  1902//2581 1925//2581 1892//2581
f  1925//2582 1893//2582 1892//2582
f  1913//2583 1901//2583 1899//2583
f  1926//2584 1885//2584 1812//2584
f  1912//2585 1926//2585 1812//2585
f  1894//2586 1927//2586 1848//2586
f  1927//2587 1913//2587 1848//2587
f  1928//2588 1529//2588 1474//2588
f  1908//2589 1928//2589 1474//2589
f  1913//2590 1924//2590 1901//2590
f  1924//2591 1900//2591 1901//2591
f  1926//2592 1905//2592 1885//2592
f  1893//2593 1929//2593 1894//2593
f  1929//2594 1930//2594 1894//2594
f  1930//2595 1927//2595 1894//2595
f  1924//2596 1923//2596 1900//2596
f  1931//2597 1829//2597 1828//2597
f  1827//2598 1931//2598 1828//2598
f  1902//2599 1932//2599 1925//2599
f  1932//2600 1933//2600 1925//2600
f  1933//2601 1893//2601 1925//2601
f  1815//2602 1934//2602 1814//2602
f  1934//2603 1935//2603 1814//2603
f  1935//1301 1818//1301 1814//1301
f  1936//2604 1906//2604 1907//2604
f  1905//2605 1936//2605 1907//2605
f  1937//2606 1938//2606 1905//2606
f  1938//2607 1936//2607 1905//2607
f  1926//2608 1937//2608 1905//2608
f  1933//2609 1929//2609 1893//2609
f  1939//2610 1880//2610 1529//2610
f  1940//2611 1939//2611 1529//2611
f  1928//2612 1940//2612 1529//2612
f  1351//2613 1934//2613 1815//2613
f  1931//2614 1674//2614 1829//2614
f  1633//2082 1941//2082 1844//2082
f  1941//223 1455//223 1844//223
f  1602//2082 1941//2082 1633//2082
f  1914//2615 1942//2615 1943//2615
f  1944//1301 1914//1301 1943//1301
f  1945//1301 1944//1301 1943//1301
f  1942//2616 1945//2616 1943//2616
f  1946//2617 1920//2617 1614//2617
f  1947//177 1946//177 1614//177
f  1615//1301 1947//1301 1614//1301
f  1944//2618 1910//2618 1914//2618
f  1919//2615 1942//2615 1914//2615
f  1948//2619 1912//2619 1911//2619
f  1924//2620 1948//2620 1911//2620
f  1927//2621 1924//2621 1913//2621
f  1712//2622 1683//2622 1711//2622
f  1949//2623 1683//2623 1712//2623
f  1950//1301 1949//1301 1712//1301
f  1951//1301 1950//1301 1712//1301
f  1879//1301 1951//1301 1712//1301
f  1939//2624 1882//2624 1880//2624
f  1952//2625 1953//2625 1486//2625
f  1953//2625 1487//2625 1486//2625
f  959//177 1954//177 1486//177
f  1954//177 1955//177 1486//177
f  1955//177 1956//177 1486//177
f  1956//177 1957//177 1486//177
f  1957//177 1958//177 1486//177
f  1958//177 1959//177 1486//177
f  1959//177 1952//177 1486//177
f  1280//2626 1027//2626 1488//2626
f  1953//177 1795//177 1487//177
f  1755//2626 1027//2626 1280//2626
f  1820//2223 1960//2223 1915//2223
f  1960//1301 1857//1301 1915//1301
f  1961//2223 1960//2223 1820//2223
f  1819//1301 1961//1301 1820//1301
f  1858//2224 1962//2224 1859//2224
f  1962//2224 1916//2224 1859//2224
f  1963//1301 1917//1301 1916//1301
f  1962//1301 1963//1301 1916//1301
f  1833//2627 1964//2627 1918//2627
f  1964//1301 1865//1301 1918//1301
f  1965//2627 1964//2627 1833//2627
f  1832//1301 1965//1301 1833//1301
f  1866//2628 1773//2628 1867//2628
f  1773//2628 1772//2628 1867//2628
f  1932//2629 1966//2629 1933//2629
f  1966//2630 1929//2630 1933//2630
f  1967//2631 1628//2631 1459//2631
f  1382//223 1967//223 1459//223
f  1967//2632 1627//2632 1628//2632
f  1968//2633 1906//2633 1936//2633
f  1938//2634 1968//2634 1936//2634
f  1927//2635 1948//2635 1924//2635
f  1877//2636 1969//2636 1806//2636
f  1969//1301 1372//1301 1806//1301
f  1970//2637 1969//2637 1877//2637
f  1841//2638 1970//2638 1877//2638
f  1920//8 1932//8 1902//8
f  1971//2639 1926//2639 1912//2639
f  1948//2640 1971//2640 1912//2640
f  1930//2641 1948//2641 1927//2641
f  1683//2642 1949//2642 1682//2642
f  1949//2642 1972//2642 1682//2642
f  1972//1301 1831//1301 1682//1301
f  1681//2643 1839//2643 1680//2643
f  1839//2644 1840//2644 1680//2644
f  1973//2645 1970//2645 1841//2645
f  1974//2646 1973//2646 1841//2646
f  1975//2647 1974//2647 1841//2647
f  1840//1301 1975//1301 1841//1301
f  1976//2648 1951//2648 1879//2648
f  1922//2649 1976//2649 1879//2649
f  1364//1301 1977//1301 1921//1301
f  1977//2650 1976//2650 1921//2650
f  1976//2651 1922//2651 1921//2651
f  1377//1301 1978//1301 1843//1301
f  1616//2652 1676//2652 1843//2652
f  1978//2653 1616//2653 1843//2653
f  1350//1301 1979//1301 1351//1301
f  1979//2654 1980//2654 1351//2654
f  1980//2655 1981//2655 1351//2655
f  1981//2656 1934//2656 1351//2656
f  1981//2657 1935//2657 1934//2657
f  1931//2658 1982//2658 1674//2658
f  1982//2659 1983//2659 1674//2659
f  1983//1301 1355//1301 1674//1301
f  1827//2660 1982//2660 1931//2660
f  1974//2661 1984//2661 1969//2661
f  1973//2662 1974//2662 1969//2662
f  1970//2663 1973//2663 1969//2663
f  1984//1301 1372//1301 1969//1301
f  1961//2436 1857//2436 1960//2436
f  1985//2436 1857//2436 1961//2436
f  1819//1301 1985//1301 1961//1301
f  1857//2437 1985//2437 1858//2437
f  1985//2437 1962//2437 1858//2437
f  1985//1301 1963//1301 1962//1301
f  1965//2664 1865//2664 1964//2664
f  1986//2664 1865//2664 1965//2664
f  1832//1301 1986//1301 1965//1301
f  1865//2242 1986//2242 1866//2242
f  1986//2242 1773//2242 1866//2242
f  1987//1301 1774//1301 1773//1301
f  1986//1301 1987//1301 1773//1301
f  1971//2665 1937//2665 1926//2665
f  1929//2666 1988//2666 1930//2666
f  1988//2667 1971//2667 1930//2667
f  1971//2668 1948//2668 1930//2668
f  1989//2669 1990//2669 1966//2669
f  1932//2670 1989//2670 1966//2670
f  1990//2671 1929//2671 1966//2671
f  1991//2672 1968//2672 1938//2672
f  1992//2673 1991//2673 1938//2673
f  1937//2674 1992//2674 1938//2674
f  1993//2675 1994//2675 1937//2675
f  1988//2676 1993//2676 1937//2676
f  1994//2677 1992//2677 1937//2677
f  1971//2678 1988//2678 1937//2678
f  1990//2679 1988//2679 1929//2679
f  1819//1301 1963//1301 1985//1301
f  1832//1301 1987//1301 1986//1301
f  1989//2680 1993//2680 1990//2680
f  1993//2681 1988//2681 1990//2681
f  1994//2682 1991//2682 1992//2682
f  1993//2683 1995//2683 1994//2683
f  1995//2684 1991//2684 1994//2684
f  1996//2685 1116//2685 1490//2685
f  1501//2686 1996//2686 1490//2686
f  1997//2687 1998//2687 1501//2687
f  1998//2688 1996//2688 1501//2688
f  1514//2689 1997//2689 1501//2689
f  1999//2690 1951//2690 1976//2690
f  1977//2691 1999//2691 1976//2691
f  2000//2692 1997//2692 1514//2692
f  1535//2693 2000//2693 1514//2693
f  1989//2694 2001//2694 1993//2694
f  2001//2695 1995//2695 1993//2695
f  1919//2696 2002//2696 1942//2696
f  2002//2697 1945//2697 1942//2697
f  2003//2698 1920//2698 1946//2698
f  1947//177 2003//177 1946//177
f  2004//2699 2002//2699 1919//2699
f  1903//8 1906//8 1919//8
f  1906//8 1968//8 1919//8
f  1968//8 2004//8 1919//8
f  2003//2700 2005//2700 1920//2700
f  2005//8 1989//8 1920//8
f  1989//8 1932//8 1920//8
f  2006//2701 1627//2701 1967//2701
f  2007//223 2006//223 1967//223
f  1382//223 2007//223 1967//223
f  2008//2702 1910//2702 1944//2702
f  1945//2703 2008//2703 1944//2703
f  2009//2704 2000//2704 1535//2704
f  1569//2705 2009//2705 1535//2705
f  1733//2706 2010//2706 2011//2706
f  2012//2707 1788//2707 2011//2707
f  1788//2707 1733//2707 2011//2707
f  2013//1301 2014//1301 2011//1301
f  2014//1301 2015//1301 2011//1301
f  2015//1301 2016//1301 2011//1301
f  2010//1301 2013//1301 2011//1301
f  2016//1301 2017//1301 2011//1301
f  2017//1301 2018//1301 2011//1301
f  2018//1301 2012//1301 2011//1301
f  1873//2706 2010//2706 1733//2706
f  1794//2277 2019//2277 2020//2277
f  2021//2278 1792//2278 2020//2278
f  1792//2278 1794//2278 2020//2278
f  2022//1301 2021//1301 2020//1301
f  2019//1301 2023//1301 2020//1301
f  2023//1301 2022//1301 2020//1301
f  1791//2277 2019//2277 1794//2277
f  1602//2708 2024//2708 1941//2708
f  2007//223 1455//223 1941//223
f  2024//223 2007//223 1941//223
f  2025//2708 2024//2708 1602//2708
f  1627//223 2025//223 1602//223
f  2008//1301 2026//1301 1910//1301
f  2026//1301 1381//1301 1910//1301
f  2024//2709 2025//2709 2006//2709
f  2025//2709 1627//2709 2006//2709
f  2007//223 2024//223 2006//223
f  1873//2299 2027//2299 2010//2299
f  2027//1301 2013//1301 2010//1301
f  1917//2299 2027//2299 1873//2299
f  2018//2300 1789//2300 2012//2300
f  1789//2300 1788//2300 2012//2300
f  1791//2710 2028//2710 2019//2710
f  2028//1301 2023//1301 2019//1301
f  1774//2710 2028//2710 1791//2710
f  2022//2302 1793//2302 2021//2302
f  1793//2302 1792//2302 2021//2302
f  2029//2711 1982//2711 1827//2711
f  1826//1301 2029//1301 1827//1301
f  1981//2712 2030//2712 1935//2712
f  2030//1301 2031//1301 1935//1301
f  2031//1301 1818//1301 1935//1301
f  1784//2713 2032//2713 1785//2713
f  2032//223 1786//223 1785//223
f  2033//2714 2009//2714 1569//2714
f  1629//2715 2033//2715 1569//2715
f  1980//2716 2031//2716 1981//2716
f  2031//2717 2030//2717 1981//2717
f  2034//2718 1983//2718 1982//2718
f  2029//2719 2034//2719 1982//2719
f  2003//1435 1947//1435 1615//1435
f  2002//1435 2003//1435 1615//1435
f  1616//1435 2002//1435 1615//1435
f  1978//2720 2035//2720 1616//2720
f  2035//1301 1945//1301 1616//1301
f  1945//1435 2002//1435 1616//1435
f  2036//2721 2008//2721 1945//2721
f  2037//2722 2036//2722 1945//2722
f  2035//1301 2037//1301 1945//1301
f  2004//2723 2038//2723 2002//2723
f  2038//8 2039//8 2002//8
f  2039//8 2003//8 2002//8
f  2039//2724 2005//2724 2003//2724
f  1816//1301 2040//1301 1817//1301
f  2040//2725 1819//2725 1817//2725
f  2040//2725 2041//2725 1819//2725
f  2041//1301 2042//1301 1819//1301
f  2042//1301 1963//1301 1819//1301
f  1768//2726 2043//2726 1824//2726
f  2043//2726 2044//2726 1824//2726
f  2044//1301 2045//1301 1824//1301
f  2045//1301 1825//1301 1824//1301
f  1789//1301 2046//1301 1768//1301
f  2046//1301 2043//1301 1768//1301
f  1972//1301 2047//1301 1831//1301
f  2047//2725 1832//2725 1831//2725
f  2047//2725 2048//2725 1832//2725
f  2049//1301 1987//1301 1832//1301
f  2048//1301 2049//1301 1832//1301
f  1837//2727 2050//2727 1838//2727
f  2050//2727 2051//2727 1838//2727
f  2051//1301 2052//1301 1838//1301
f  2052//1301 1839//1301 1838//1301
f  1793//1301 2053//1301 1837//1301
f  2053//1301 2050//1301 1837//1301
f  2036//1301 2026//1301 2008//1301
f  1917//2350 2054//2350 2027//2350
f  2054//1301 2055//1301 2027//1301
f  2055//1301 2013//1301 2027//1301
f  1963//2350 2054//2350 1917//2350
f  2017//2149 2046//2149 2018//2149
f  2046//2149 1789//2149 2018//2149
f  1774//2150 2056//2150 2028//2150
f  2056//1301 2023//1301 2028//1301
f  1987//2150 2056//2150 1774//2150
f  2057//2151 2053//2151 2022//2151
f  2053//2151 1793//2151 2022//2151
f  2023//1301 2058//1301 2022//1301
f  2058//1301 2057//1301 2022//1301
f  1999//2728 1950//2728 1951//2728
f  2059//1301 2060//1301 1784//1301
f  2060//1301 2061//1301 1784//1301
f  674//1301 2059//1301 1784//1301
f  2061//2729 2032//2729 1784//2729
f  2004//1435 2005//1435 2038//1435
f  2005//1435 2039//1435 2038//1435
f  1968//8 1991//8 2004//8
f  1991//8 2005//8 2004//8
f  2001//8 1989//8 2005//8
f  1991//8 1995//8 2005//8
f  1995//8 2001//8 2005//8
f  2062//2730 2034//2730 2029//2730
f  1826//1301 2062//1301 2029//1301
f  2063//2731 1974//2731 1975//2731
f  1840//1301 2063//1301 1975//1301
f  2064//223 1442//223 1578//223
f  1579//2732 1317//2732 1578//2732
f  1317//2732 2064//2732 1578//2732
f  1446//223 2065//223 1444//223
f  2065//2733 1516//2733 1444//2733
f  2065//2733 1517//2733 1516//2733
f  2066//2734 2067//2734 1950//2734
f  2068//2735 2066//2735 1950//2735
f  1999//2736 2068//2736 1950//2736
f  2067//1301 1949//1301 1950//1301
f  1377//1301 2069//1301 1978//1301
f  2069//2737 2035//2737 1978//2737
f  2069//2737 2070//2737 2035//2737
f  2070//1301 2037//1301 2035//1301
f  2071//2738 1974//2738 2063//2738
f  2072//2739 2073//2739 2063//2739
f  2073//2740 2074//2740 2063//2740
f  2074//2741 2071//2741 2063//2741
f  1840//1301 2072//1301 2063//1301
f  2075//2742 2033//2742 1629//2742
f  1701//2743 2075//2743 1629//2743
f  1818//2744 2076//2744 1816//2744
f  2076//1301 2040//1301 1816//1301
f  2077//2744 2076//2744 1818//2744
f  2031//1301 2078//1301 1818//1301
f  2078//1301 2077//1301 1818//1301
f  2045//2745 2079//2745 1825//2745
f  2079//2745 1826//2745 1825//2745
f  2080//1301 2062//1301 1826//1301
f  2079//1301 2081//1301 1826//1301
f  2081//1301 2082//1301 1826//1301
f  2082//1301 2080//1301 1826//1301
f  2052//2746 2083//2746 1839//2746
f  2083//2746 1840//2746 1839//2746
f  2084//1301 2072//1301 1840//1301
f  2085//1301 2084//1301 1840//1301
f  2083//1301 2085//1301 1840//1301
f  1977//2747 2068//2747 1999//2747
f  2071//2748 1984//2748 1974//2748
f  1963//2386 2055//2386 2054//2386
f  2042//2386 2055//2386 1963//2386
f  2016//2749 2086//2749 2017//2749
f  2086//2749 2046//2749 2017//2749
f  2086//1301 2043//1301 2046//1301
f  1987//2572 2087//2572 2056//2572
f  2087//1301 2088//1301 2056//1301
f  2088//1301 2023//1301 2056//1301
f  2049//2572 2087//2572 1987//2572
f  2058//2389 2089//2389 2057//2389
f  2089//2389 2053//2389 2057//2389
f  2089//1301 2050//1301 2053//1301
f  2070//2750 2069//2750 2036//2750
f  2037//2750 2070//2750 2036//2750
f  2069//1301 2026//1301 2036//1301
f  2074//2751 2090//2751 2071//2751
f  2090//2752 1984//2752 2071//2752
f  1364//1301 2091//1301 1977//1301
f  2091//2753 2068//2753 1977//2753
f  2090//1301 1372//1301 1984//1301
f  2091//2754 2066//2754 2068//2754
f  1364//1301 2092//1301 2091//1301
f  2092//2755 2066//2755 2091//2755
f  1377//1301 2026//1301 2069//1301
f  2093//2756 2067//2756 2066//2756
f  2092//2757 2093//2757 2066//2757
f  1980//2758 2094//2758 2031//2758
f  2094//2759 2078//2759 2031//2759
f  2095//2760 2034//2760 2062//2760
f  2080//2761 2095//2761 2062//2761
f  2096//2762 2075//2762 1701//2762
f  1750//2763 2096//2763 1701//2763
f  876//2764 1908//2764 878//2764
f  2042//2765 2013//2765 2055//2765
f  2097//2765 2013//2765 2042//2765
f  2041//1301 2097//1301 2042//1301
f  2015//2766 2098//2766 2016//2766
f  2098//2766 2086//2766 2016//2766
f  2098//1301 2043//1301 2086//1301
f  2049//2767 2088//2767 2087//2767
f  2099//2767 2088//2767 2049//2767
f  2048//1301 2099//1301 2049//1301
f  2100//2768 2101//2768 2058//2768
f  2101//2768 2089//2768 2058//2768
f  2023//1301 2100//1301 2058//1301
f  2101//1301 2050//1301 2089//1301
f  2102//223 1442//223 2064//223
f  1317//2769 2103//2769 2064//2769
f  2103//2769 2102//2769 2064//2769
f  1518//223 2103//223 1317//223
f  1949//2770 2104//2770 1972//2770
f  2104//1301 2047//1301 1972//1301
f  2105//2770 2104//2770 1949//2770
f  2067//1301 2106//1301 1949//1301
f  2106//1301 2107//1301 1949//1301
f  2107//1301 2105//1301 1949//1301
f  1979//2771 2094//2771 1980//2771
f  2095//2772 1983//2772 2034//2772
f  2073//2773 2108//2773 2090//2773
f  2074//2774 2073//2774 2090//2774
f  2108//1301 1372//1301 2090//1301
f  2097//2775 2014//2775 2013//2775
f  2109//2775 2014//2775 2097//2775
f  2041//1301 2110//1301 2097//1301
f  2110//1301 2109//1301 2097//1301
f  2014//2776 2109//2776 2015//2776
f  2109//2776 2098//2776 2015//2776
f  2110//1301 2043//1301 2098//1301
f  2109//1301 2110//1301 2098//1301
f  2099//2777 2023//2777 2088//2777
f  2111//2777 2023//2777 2099//2777
f  2048//1301 2112//1301 2099//1301
f  2112//1301 2111//1301 2099//1301
f  2023//2778 2111//2778 2100//2778
f  2111//2778 2101//2778 2100//2778
f  2112//1301 2050//1301 2101//1301
f  2111//1301 2112//1301 2101//1301
f  2113//2779 2096//2779 1750//2779
f  1779//2780 2113//2780 1750//2780
f  2114//2781 1928//2781 1908//2781
f  876//2782 2114//2782 1908//2782
f  2115//2783 2106//2783 2067//2783
f  2093//2784 2115//2784 2067//2784
f  2116//2785 2117//2785 2072//2785
f  2118//2786 2116//2786 2072//2786
f  2117//2787 2119//2787 2072//2787
f  2119//2788 2073//2788 2072//2788
f  2084//1301 2118//1301 2072//1301
f  2120//2789 2113//2789 1779//2789
f  1870//2790 2120//2790 1779//2790
f  2092//2791 2115//2791 2093//2791
f  2119//2792 2108//2792 2073//2792
f  1996//2793 1998//2793 1116//2793
f  1998//2794 1114//2794 1116//2794
f  2076//1301 2121//1301 2040//1301
f  2121//2795 2041//2795 2040//2795
f  2121//2795 2110//2795 2041//2795
f  2043//2796 2110//2796 2044//2796
f  2110//2796 2121//2796 2044//2796
f  2121//1301 2122//1301 2044//1301
f  2122//1301 2045//1301 2044//1301
f  2104//1301 2123//1301 2047//1301
f  2123//2797 2048//2797 2047//2797
f  2123//2797 2112//2797 2048//2797
f  2050//2798 2112//2798 2051//2798
f  2112//2798 2123//2798 2051//2798
f  2123//1301 2124//1301 2051//1301
f  2124//1301 2052//1301 2051//1301
f  2125//2799 2120//2799 1870//2799
f  1881//2800 2125//2800 1870//2800
f  2094//2801 2126//2801 2078//2801
f  2126//2802 2127//2802 2078//2802
f  2127//1301 2077//1301 2078//1301
f  2128//2803 2095//2803 2080//2803
f  2082//2804 2128//2804 2080//2804
f  2117//2805 2129//2805 2119//2805
f  2129//2806 2108//2806 2119//2806
f  1364//1301 2130//1301 2092//1301
f  2131//2807 2115//2807 2092//2807
f  2130//2808 2131//2808 2092//2808
f  1350//1301 2132//1301 1979//1301
f  2126//2809 2094//2809 1979//2809
f  2132//2810 2133//2810 1979//2810
f  2133//2811 2134//2811 1979//2811
f  2134//2812 2126//2812 1979//2812
f  2095//2813 2128//2813 1983//2813
f  2128//2814 2135//2814 1983//2814
f  2135//2815 2136//2815 1983//2815
f  2136//1301 1355//1301 1983//1301
f  2137//2816 1882//2816 1939//2816
f  1940//2817 2137//2817 1939//2817
f  2129//1301 1372//1301 2108//1301
f  2138//2818 2125//2818 1881//2818
f  1896//2819 2138//2819 1881//2819
f  2137//2820 2139//2820 1882//2820
f  2139//2821 2140//2821 1882//2821
f  2140//2822 1883//2822 1882//2822
f  2131//2823 2106//2823 2115//2823
f  2116//2824 2129//2824 2117//2824
f  2116//2825 2141//2825 2129//2825
f  2141//1301 1372//1301 2129//1301
f  2142//2826 2127//2826 2126//2826
f  2134//2827 2142//2827 2126//2827
f  2082//2828 2135//2828 2128//2828
f  2143//2829 2138//2829 1896//2829
f  1799//2830 2143//2830 1896//2830
f  2144//2831 1800//2831 1883//2831
f  2140//2832 2144//2832 1883//2832
f  2145//2833 2143//2833 1799//2833
f  1798//177 2145//177 1799//177
f  2144//177 1801//177 1800//177
f  1446//223 2146//223 2065//223
f  2146//2834 1517//2834 2065//2834
f  2146//2834 2147//2834 1517//2834
f  2147//223 1518//223 1517//223
f  2142//1301 2077//1301 2127//1301
f  2081//2835 2135//2835 2082//2835
f  2131//2836 2107//2836 2106//2836
f  2084//2837 2116//2837 2118//2837
f  2077//2838 2122//2838 2076//2838
f  2122//1301 2121//1301 2076//1301
f  2148//2838 2122//2838 2077//2838
f  2142//1301 2149//1301 2077//1301
f  2149//1301 2150//1301 2077//1301
f  2150//1301 2151//1301 2077//1301
f  2151//1301 2148//1301 2077//1301
f  2122//2839 2148//2839 2045//2839
f  2148//2839 2079//2839 2045//2839
f  2148//1301 2152//1301 2079//1301
f  2152//1301 2153//1301 2079//1301
f  2153//1301 2154//1301 2079//1301
f  2154//1301 2081//1301 2079//1301
f  2124//2839 2155//2839 2052//2839
f  2155//2839 2083//2839 2052//2839
f  2155//1301 2156//1301 2083//1301
f  2157//1301 2085//1301 2083//1301
f  2156//1301 2157//1301 2083//1301
f  2158//2840 2116//2840 2084//2840
f  2085//2841 2159//2841 2084//2841
f  2159//2842 2160//2842 2084//2842
f  2160//2843 2158//2843 2084//2843
f  2161//2844 2162//2844 2107//2844
f  2131//2845 2161//2845 2107//2845
f  2162//1301 2105//1301 2107//1301
f  2104//1301 2124//1301 2123//1301
f  1364//1301 2163//1301 2130//1301
f  2161//2846 2131//2846 2130//2846
f  2163//2847 2161//2847 2130//2847
f  2105//2848 2124//2848 2104//2848
f  2155//2848 2124//2848 2105//2848
f  2164//1301 2155//1301 2105//1301
f  2165//1301 2164//1301 2105//1301
f  2162//1301 2165//1301 2105//1301
f  2166//2849 2135//2849 2081//2849
f  2154//2850 2166//2850 2081//2850
f  2134//2851 2149//2851 2142//2851
f  2167//223 1442//223 2102//223
f  2103//2852 1518//2852 2102//2852
f  1518//2852 2167//2852 2102//2852
f  2168//2853 2162//2853 2161//2853
f  2163//2854 2168//2854 2161//2854
f  2158//2855 2141//2855 2116//2855
f  2133//2856 2149//2856 2134//2856
f  2166//2857 2136//2857 2135//2857
f  2158//2858 2169//2858 2141//2858
f  2169//1301 1372//1301 2141//1301
f  2160//2859 2169//2859 2158//2859
f  2159//2860 2169//2860 2160//2860
f  2170//2861 2171//2861 2085//2861
f  2171//2862 2172//2862 2085//2862
f  2172//2863 2159//2863 2085//2863
f  2157//1301 2170//1301 2085//1301
f  1364//1301 2173//1301 2163//1301
f  2174//2864 2168//2864 2163//2864
f  2173//2865 2174//2865 2163//2865
f  2168//2866 2174//2866 2162//2866
f  2174//2867 2175//2867 2162//2867
f  2175//2868 2165//2868 2162//2868
f  2159//2869 2176//2869 2169//2869
f  2176//1301 1372//1301 2169//1301
f  2177//1301 2178//1301 2148//1301
f  2178//1301 2179//1301 2148//1301
f  2179//1301 2152//1301 2148//1301
f  2151//1301 2180//1301 2148//1301
f  2180//1301 2177//1301 2148//1301
f  2181//1301 2156//1301 2155//1301
f  2182//1301 2183//1301 2155//1301
f  2183//1301 2184//1301 2155//1301
f  2184//1301 2181//1301 2155//1301
f  2164//1301 2182//1301 2155//1301
f  2185//2870 1754//2870 1753//2870
f  1802//8 2185//8 1753//8
f  2185//2870 2186//2870 1754//2870
f  2186//177 2187//177 1754//177
f  2187//177 1755//177 1754//177
f  2188//2871 1928//2871 2114//2871
f  876//2872 2188//2872 2114//2872
f  2189//2873 1940//2873 1928//2873
f  2188//2874 2189//2874 1928//2874
f  2190//2875 2166//2875 2154//2875
f  2191//2876 2190//2876 2154//2876
f  2153//1301 2191//1301 2154//1301
f  2133//2877 2150//2877 2149//2877
f  1446//223 2167//223 2146//223
f  2167//2878 2147//2878 2146//2878
f  2167//2878 1518//2878 2147//2878
f  2192//2879 2137//2879 1940//2879
f  2193//2880 2192//2880 1940//2880
f  2189//2881 2193//2881 1940//2881
f  2192//2882 2139//2882 2137//2882
f  1446//223 1442//223 2167//223
f  2173//2883 2175//2883 2174//2883
f  2172//2884 2176//2884 2159//2884
f  2194//2885 2150//2885 2133//2885
f  2132//2886 2194//2886 2133//2886
f  2190//2887 2136//2887 2166//2887
f  2194//2888 2151//2888 2150//2888
f  2175//2889 2195//2889 2165//2889
f  2195//2890 2164//2890 2165//2890
f  2196//2891 2182//2891 2164//2891
f  2195//2892 2197//2892 2164//2892
f  2197//2893 2196//2893 2164//2893
f  2173//2894 2195//2894 2175//2894
f  1364//1301 2198//1301 2173//1301
f  2198//2895 2195//2895 2173//2895
f  2199//2896 2190//2896 2191//2896
f  2153//2897 2199//2897 2191//2897
f  2157//2898 2200//2898 2170//2898
f  2200//2899 2171//2899 2170//2899
f  2156//2900 2201//2900 2157//2900
f  2201//2901 2200//2901 2157//2901
f  2194//2902 2202//2902 2151//2902
f  2202//2903 2180//2903 2151//2903
f  2203//2904 2199//2904 2153//2904
f  2152//2905 2203//2905 2153//2905
f  2171//2906 2204//2906 2172//2906
f  2204//2907 2176//2907 2172//2907
f  2205//177 2145//177 1798//177
f  1797//2908 2206//2908 1798//2908
f  2206//2908 2205//2908 1798//2908
f  2144//177 2207//177 1801//177
f  2207//2909 1802//2909 1801//2909
f  1796//8 2206//8 1797//8
f  2207//2909 2208//2909 1802//2909
f  2208//8 2209//8 1802//8
f  2209//8 2185//8 1802//8
f  2210//2910 2211//2910 1796//2910
f  1795//2910 2210//2910 1796//2910
f  2211//8 2206//8 1796//8
f  1953//177 2210//177 1795//177
f  1364//1301 2212//1301 2198//1301
f  2197//2911 2195//2911 2198//2911
f  2212//2912 2197//2912 2198//2912
f  1350//1301 2213//1301 2132//1301
f  2213//2913 2214//2913 2132//2913
f  2214//2914 2202//2914 2132//2914
f  2202//2915 2194//2915 2132//2915
f  2199//2916 2213//2916 2136//2916
f  2190//2917 2199//2917 2136//2917
f  2213//1301 1355//1301 2136//1301
f  2204//1301 1372//1301 2176//1301
f  876//2918 2189//2918 2188//2918
f  2181//2919 2215//2919 2156//2919
f  2215//2920 2216//2920 2156//2920
f  2216//2921 2201//2921 2156//2921
f  2217//2922 2183//2922 2182//2922
f  2196//2923 2218//2923 2182//2923
f  2218//2924 2217//2924 2182//2924
f  2219//2925 2203//2925 2152//2925
f  2179//2926 2219//2926 2152//2926
f  2202//2927 2214//2927 2180//2927
f  2214//2928 2177//2928 2180//2928
f  2200//2929 2204//2929 2171//2929
f  2200//2930 2220//2930 2204//2930
f  2220//1301 1372//1301 2204//1301
f  2203//2931 2213//2931 2199//2931
f  2201//2932 2220//2932 2200//2932
f  2212//2933 2196//2933 2197//2933
f  2214//2934 2219//2934 2177//2934
f  2219//2935 2178//2935 2177//2935
f  2221//2936 2184//2936 2183//2936
f  2217//2937 2221//2937 2183//2937
f  2219//2938 2179//2938 2178//2938
f  2221//2939 2181//2939 2184//2939
f  2221//2940 2222//2940 2181//2940
f  2222//2941 2215//2941 2181//2941
f  2223//2942 1875//2942 1876//2942
f  2224//223 2223//223 1876//223
f  1455//223 2224//223 1876//223
f  2213//2943 2219//2943 2214//2943
f  2219//2944 2213//2944 2203//2944
f  2216//2945 2220//2945 2201//2945
f  2212//2946 2218//2946 2196//2946
f  2225//2947 2193//2947 2189//2947
f  876//2948 2225//2948 2189//2948
f  1364//1301 2226//1301 2212//1301
f  2226//2949 2218//2949 2212//2949
f  2216//2950 2227//2950 2220//2950
f  2227//1301 1372//1301 2220//1301
f  2215//2951 2227//2951 2216//2951
f  2226//2952 2217//2952 2218//2952
f  2226//2953 2228//2953 2217//2953
f  2228//2954 2221//2954 2217//2954
f  1364//1301 2228//1301 2226//1301
f  2229//2955 2230//2955 1952//2955
f  2230//2955 1953//2955 1952//2955
f  1959//177 2229//177 1952//177
f  1755//2956 1025//2956 1027//2956
f  2230//177 2210//177 1953//177
f  2231//2956 1025//2956 1755//2956
f  2187//177 2231//177 1755//177
f  2222//2957 2228//2957 2227//2957
f  2215//2958 2222//2958 2227//2958
f  2228//1301 1372//1301 2227//1301
f  1350//1301 1355//1301 2213//1301
f  2222//2959 2221//2959 2228//2959
f  1364//1301 1372//1301 2228//1301
f  2232//2960 1114//2960 1998//2960
f  1997//2961 2232//2961 1998//2961
f  2233//2962 2232//2962 1997//2962
f  2000//2963 2233//2963 1997//2963
f  2234//2964 2233//2964 2000//2964
f  2009//2965 2234//2965 2000//2965
f  2235//2965 2234//2965 2009//2965
f  2033//2966 2235//2966 2009//2966
f  2236//2967 2235//2967 2033//2967
f  2075//2968 2236//2968 2033//2968
f  2237//2969 2236//2969 2075//2969
f  2096//2970 2237//2970 2075//2970
f  1442//8 2238//8 1348//8
f  2238//1301 1350//1301 1348//1301
f  2239//1301 1355//1301 1350//1301
f  2238//1301 2239//1301 1350//1301
f  2240//1301 1364//1301 1355//1301
f  2239//1301 2240//1301 1355//1301
f  2241//1301 1372//1301 1364//1301
f  2242//1301 2241//1301 1364//1301
f  2240//1301 2242//1301 1364//1301
f  2241//1301 2243//1301 1372//1301
f  2244//1301 1377//1301 1372//1301
f  2245//1301 2244//1301 1372//1301
f  2243//1301 2245//1301 1372//1301
f  2246//1301 2026//1301 1377//1301
f  2244//1301 2246//1301 1377//1301
f  2247//1301 2248//1301 2026//1301
f  2246//1301 2247//1301 2026//1301
f  2248//1301 1381//1301 2026//1301
f  2249//177 2250//177 1381//177
f  2250//177 1382//177 1381//177
f  2248//1301 2249//1301 1381//1301
f  2251//2971 2237//2971 2096//2971
f  2113//2972 2251//2972 2096//2972
f  2252//2973 2251//2973 2113//2973
f  2120//2974 2252//2974 2113//2974
f  2060//1301 2253//1301 2061//1301
f  2253//1301 1875//1301 2061//1301
f  1875//2975 2032//2975 2061//2975
f  1875//2976 2223//2976 2032//2976
f  2223//223 1786//223 2032//223
f  2254//2977 2252//2977 2120//2977
f  2125//2978 2254//2978 2120//2978
f  2255//2979 2254//2979 2125//2979
f  2138//2980 2255//2980 2125//2980
f  2253//1301 2256//1301 1875//1301
f  2256//1301 872//1301 1875//1301
f  2224//223 1786//223 2223//223
f  2257//223 2258//223 1442//223
f  1446//223 2257//223 1442//223
f  2258//8 2238//8 1442//8
f  2259//223 2257//223 1446//223
f  1447//223 2259//223 1446//223
f  2260//223 2259//223 1447//223
f  1786//223 2260//223 1447//223
f  2224//223 2261//223 1786//223
f  2262//223 2260//223 1786//223
f  2261//223 2262//223 1786//223
f  2263//223 2261//223 2224//223
f  2264//223 2263//223 2224//223
f  2265//223 2264//223 2224//223
f  1455//223 2265//223 2224//223
f  2266//223 2265//223 1455//223
f  2267//223 2266//223 1455//223
f  2007//223 2267//223 1455//223
f  2268//223 2267//223 2007//223
f  2269//223 2268//223 2007//223
f  1382//223 2250//223 2007//223
f  2250//223 2269//223 2007//223
f  2270//223 2260//223 2262//223
f  2241//177 2270//177 2262//177
f  2261//1435 2241//1435 2262//1435
f  2242//2981 2270//2981 2241//2981
f  2261//1435 2243//1435 2241//1435
f  2263//8 2271//8 2261//8
f  2271//8 2243//8 2261//8
f  2271//1301 2245//1301 2243//1301
f  2272//2982 2139//2982 2192//2982
f  2193//2983 2272//2983 2192//2983
f  2273//2984 2255//2984 2138//2984
f  2143//2985 2273//2985 2138//2985
f  2272//2986 2274//2986 2139//2986
f  2274//2987 2275//2987 2139//2987
f  2275//2988 2140//2988 2139//2988
f  2276//2989 2273//2989 2143//2989
f  2145//2990 2276//2990 2143//2990
f  2277//2991 2144//2991 2140//2991
f  2275//2992 2277//2992 2140//2992
f  2278//2993 2276//2993 2145//2993
f  2205//177 2278//177 2145//177
f  2277//177 2207//177 2144//177
f  2059//1301 2279//1301 2060//1301
f  2280//605 2281//605 2060//605
f  2281//605 2253//605 2060//605
f  2279//8 2280//8 2060//8
f  2279//8 2282//8 2280//8
f  2282//1301 2283//1301 2280//1301
f  2283//1301 2284//1301 2280//1301
f  2284//1301 2281//1301 2280//1301
f  2281//177 2256//177 2253//177
f  2285//177 2256//177 2281//177
f  2284//1301 2286//1301 2281//1301
f  2286//1301 2287//1301 2281//1301
f  2287//1301 2288//1301 2281//1301
f  2288//1301 2289//1301 2281//1301
f  2289//1301 2285//1301 2281//1301
f  2290//223 2264//223 2265//223
f  2244//2994 2290//2994 2265//2994
f  2266//1435 2246//1435 2265//1435
f  2246//1435 2244//1435 2265//1435
f  2291//2995 2290//2995 2244//2995
f  2245//1301 2291//1301 2244//1301
f  2266//1435 2247//1435 2246//1435
f  2267//1435 2247//1435 2266//1435
f  2268//2996 2292//2996 2267//2996
f  2292//8 2247//8 2267//8
f  2292//1301 2248//1301 2247//1301
f  2293//223 2294//223 2295//223
f  2296//223 2293//223 2295//223
f  2297//223 2296//223 2295//223
f  2298//605 2299//605 2295//605
f  2299//605 2297//605 2295//605
f  2294//2997 2298//2997 2295//2997
f  2294//2998 2300//2998 2298//2998
f  2301//1301 2299//1301 2298//1301
f  2302//1301 2301//1301 2298//1301
f  2300//1301 2302//1301 2298//1301
f  2303//223 2296//223 2297//223
f  2304//223 2303//223 2297//223
f  2299//2999 2305//2999 2297//2999
f  2305//3000 2304//3000 2297//3000
f  2306//1301 2305//1301 2299//1301
f  2301//1301 2306//1301 2299//1301
f  2307//1301 2308//1301 674//1301
f  2308//1301 2059//1301 674//1301
f  2309//1301 2307//1301 674//1301
f  2310//1301 2309//1301 674//1301
f  678//8 2310//8 674//8
f  2311//1301 2279//1301 2059//1301
f  2308//1301 2312//1301 2059//1301
f  2312//1301 2313//1301 2059//1301
f  2313//1301 2314//1301 2059//1301
f  2314//1301 2315//1301 2059//1301
f  2316//1301 2311//1301 2059//1301
f  2317//1301 2316//1301 2059//1301
f  2315//1301 2317//1301 2059//1301
f  2311//8 2282//8 2279//8
f  2318//1301 2319//1301 2256//1301
f  2319//1301 2320//1301 2256//1301
f  2320//1301 872//1301 2256//1301
f  2321//1301 2318//1301 2256//1301
f  2285//177 2321//177 2256//177
f  2322//1301 2323//1301 872//1301
f  2320//1301 2322//1301 872//1301
f  2323//8 2324//8 872//8
f  2324//8 2325//8 872//8
f  2326//8 876//8 872//8
f  2325//8 2326//8 872//8
f  2293//605 2296//605 2319//605
f  2296//605 2320//605 2319//605
f  2318//8 2293//8 2319//8
f  2318//8 2327//8 2293//8
f  2327//223 2294//223 2293//223
f  2296//177 2303//177 2320//177
f  2303//177 2322//177 2320//177
f  2328//1435 2301//1435 2329//1435
f  2301//177 2302//177 2329//177
f  2302//177 2330//177 2329//177
f  2330//1301 2328//1301 2329//1301
f  2328//1435 2306//1435 2301//1435
f  2331//8 2306//8 2328//8
f  2330//1301 2331//1301 2328//1301
f  2332//1301 2305//1301 2306//1301
f  2331//8 2332//8 2306//8
f  2333//3001 2193//3001 2225//3001
f  876//3002 2333//3002 2225//3002
f  2334//3003 2272//3003 2193//3003
f  2333//3004 2335//3004 2193//3004
f  2335//3005 2334//3005 2193//3005
f  2334//3006 2274//3006 2272//3006
f  2336//1435 2284//1435 2337//1435
f  2284//177 2283//177 2337//177
f  2283//177 2338//177 2337//177
f  2339//1301 2336//1301 2337//1301
f  2338//1301 2339//1301 2337//1301
f  2336//1435 2286//1435 2284//1435
f  2339//3007 2286//3007 2336//3007
f  2339//3008 2287//3008 2286//3008
f  876//3009 2340//3009 2333//3009
f  2340//3010 2335//3010 2333//3010
f  2326//3011 2340//3011 876//3011
f  2341//3012 2334//3012 2335//3012
f  2340//3013 2342//3013 2335//3013
f  2342//3014 2341//3014 2335//3014
f  2208//1301 2187//1301 2209//1301
f  2187//1435 2185//1435 2209//1435
f  2187//1435 2186//1435 2185//1435
f  2343//177 2344//177 2187//177
f  2344//177 2231//177 2187//177
f  2208//1301 2343//1301 2187//1301
f  2345//3015 2342//3015 2340//3015
f  2346//1301 2345//1301 2340//1301
f  2326//3016 2346//3016 2340//3016
f  2232//3017 1115//3017 1114//3017
f  2347//3018 1115//3018 2232//3018
f  2233//3019 2347//3019 2232//3019
f  2348//1435 2287//1435 2339//1435
f  2349//1301 2348//1301 2339//1301
f  2338//1301 2349//1301 2339//1301
f  2348//1435 2288//1435 2287//1435
f  2350//3020 2288//3020 2348//3020
f  2349//1301 2350//1301 2348//1301
f  2350//3020 2289//3020 2288//3020
f  2258//8 2351//8 2238//8
f  2351//1301 2239//1301 2238//1301
f  2352//1301 2240//1301 2239//1301
f  2353//1301 2352//1301 2239//1301
f  2354//1301 2355//1301 2239//1301
f  2355//1301 2356//1301 2239//1301
f  2356//1301 2353//1301 2239//1301
f  2351//1301 2354//1301 2239//1301
f  2352//1301 2357//1301 2240//1301
f  2358//1301 2242//1301 2240//1301
f  2359//1301 2358//1301 2240//1301
f  2357//1301 2359//1301 2240//1301
f  2358//1301 2360//1301 2242//1301
f  2360//3021 2361//3021 2242//3021
f  2361//3022 2270//3022 2242//3022
f  2263//8 2362//8 2271//8
f  2362//1301 2245//1301 2271//1301
f  2362//1301 2363//1301 2245//1301
f  2364//1301 2291//1301 2245//1301
f  2363//1301 2364//1301 2245//1301
f  2364//3023 2365//3023 2291//3023
f  2365//3024 2290//3024 2291//3024
f  2268//3025 2366//3025 2292//3025
f  2366//1301 2367//1301 2292//1301
f  2367//1301 2248//1301 2292//1301
f  2367//1301 2249//1301 2248//1301
f  2368//177 2369//177 2249//177
f  2369//177 2250//177 2249//177
f  2367//1301 2368//1301 2249//1301
f  2370//3026 2341//3026 2342//3026
f  2345//3027 2370//3027 2342//3027
f  2345//3028 2341//3028 2370//3028
f  2371//3029 2341//3029 2345//3029
f  2346//3030 2371//3030 2345//3030
f  2325//3031 2346//3031 2326//3031
f  2347//3032 2372//3032 1115//3032
f  2372//3033 2373//3033 1115//3033
f  2373//8 2374//8 1115//8
f  2374//8 671//8 1115//8
f  2374//8 2375//8 671//8
f  2375//8 2376//8 671//8
f  2376//8 2377//8 671//8
f  2377//8 2378//8 671//8
f  2378//8 672//8 671//8
f  2378//8 2379//8 672//8
f  2379//8 678//8 672//8
f  2380//8 2310//8 678//8
f  2379//8 2381//8 678//8
f  2381//8 2380//8 678//8
f  2382//1301 2309//1301 2310//1301
f  2380//1301 2382//1301 2310//1301
f  2233//3034 2372//3034 2347//3034
f  2383//3035 2372//3035 2233//3035
f  2234//3036 2383//3036 2233//3036
f  2384//3037 2383//3037 2234//3037
f  2235//3038 2384//3038 2234//3038
f  2385//3039 2384//3039 2235//3039
f  2236//3040 2385//3040 2235//3040
f  2386//3041 2385//3041 2236//3041
f  2237//3042 2386//3042 2236//3042
f  2387//3043 2386//3043 2237//3043
f  2251//3044 2387//3044 2237//3044
f  2388//3045 2387//3045 2251//3045
f  2252//3046 2388//3046 2251//3046
f  2389//3047 2388//3047 2252//3047
f  2254//3048 2389//3048 2252//3048
f  2390//3049 2389//3049 2254//3049
f  2255//3050 2390//3050 2254//3050
f  2391//3051 2390//3051 2255//3051
f  2273//3052 2391//3052 2255//3052
f  2392//3053 2393//3053 2334//3053
f  2393//3054 2274//3054 2334//3054
f  2341//3055 2392//3055 2334//3055
f  2394//3056 2391//3056 2273//3056
f  2276//3057 2394//3057 2273//3057
f  2393//3058 2395//3058 2274//3058
f  2395//3059 2275//3059 2274//3059
f  2396//3060 2394//3060 2276//3060
f  2278//3061 2396//3061 2276//3061
f  2397//3062 2277//3062 2275//3062
f  2395//3063 2397//3063 2275//3063
f  2398//3064 2396//3064 2278//3064
f  2205//177 2398//177 2278//177
f  2206//3065 2399//3065 2205//3065
f  2399//3065 2400//3065 2205//3065
f  2400//177 2398//177 2205//177
f  2401//3066 2402//3066 2229//3066
f  2402//3066 2230//3066 2229//3066
f  2403//177 2401//177 2229//177
f  1959//177 2403//177 2229//177
f  2231//3067 1023//3067 1025//3067
f  2404//3068 2208//3068 2207//3068
f  2397//177 2404//177 2207//177
f  2277//177 2397//177 2207//177
f  2399//8 2206//8 2211//8
f  2405//8 2399//8 2211//8
f  2406//3069 2405//3069 2211//3069
f  2210//3069 2406//3069 2211//3069
f  2404//3068 2407//3068 2208//3068
f  2407//8 2408//8 2208//8
f  2408//1301 2343//1301 2208//1301
f  2230//177 2406//177 2210//177
f  2402//177 2406//177 2230//177
f  2344//3067 1023//3067 2231//3067
f  2409//223 2410//223 2258//223
f  2257//223 2411//223 2258//223
f  2411//223 2412//223 2258//223
f  2412//223 2409//223 2258//223
f  2410//8 2351//8 2258//8
f  2413//223 2414//223 2257//223
f  2414//223 2415//223 2257//223
f  2415//223 2411//223 2257//223
f  2416//223 2413//223 2257//223
f  2417//223 2416//223 2257//223
f  2259//223 2417//223 2257//223
f  2418//223 2417//223 2259//223
f  2260//223 2418//223 2259//223
f  2361//223 2418//223 2260//223
f  2270//223 2361//223 2260//223
f  2264//223 2419//223 2263//223
f  2419//223 2420//223 2263//223
f  2420//8 2362//8 2263//8
f  2290//223 2419//223 2264//223
f  2365//223 2419//223 2290//223
f  2269//223 2421//223 2268//223
f  2421//3025 2366//3025 2268//3025
f  2422//223 2421//223 2269//223
f  2250//223 2369//223 2269//223
f  2369//223 2422//223 2269//223
f  2371//3070 2392//3070 2341//3070
f  2423//3071 2371//3071 2346//3071
f  2325//3072 2423//3072 2346//3072
f  2407//8 2424//8 2408//8
f  2425//605 2343//605 2408//605
f  2424//605 2425//605 2408//605
f  2407//8 2426//8 2424//8
f  2426//3073 2425//3073 2424//3073
f  2427//177 2344//177 2343//177
f  2428//177 2427//177 2343//177
f  2425//177 2428//177 2343//177
f  2426//3073 2429//3073 2425//3073
f  2429//177 2428//177 2425//177
f  2430//3074 2392//3074 2371//3074
f  2423//3075 2430//3075 2371//3075
f  2431//3076 2432//3076 2325//3076
f  2324//3077 2431//3077 2325//3077
f  2432//3078 2433//3078 2325//3078
f  2433//3079 2434//3079 2325//3079
f  2434//3080 2435//3080 2325//3080
f  2436//3081 2423//3081 2325//3081
f  2435//3082 2436//3082 2325//3082
f  2437//3083 2393//3083 2392//3083
f  2430//3084 2437//3084 2392//3084
f  2436//3085 2438//3085 2430//3085
f  2423//3086 2436//3086 2430//3086
f  2438//3087 2439//3087 2430//3087
f  2439//3088 2437//3088 2430//3088
f  2440//3089 2357//3089 2352//3089
f  2441//1836 2440//1836 2352//1836
f  2353//3090 2442//3090 2352//3090
f  2442//3091 2443//3091 2352//3091
f  2443//1838 2441//1838 2352//1838
f  2443//3092 2444//3092 2441//3092
f  2444//3093 2445//3093 2441//3093
f  2445//3094 2440//3094 2441//3094
f  2442//3095 2446//3095 2443//3095
f  2446//3096 2444//3096 2443//3096
f  2447//3097 2357//3097 2440//3097
f  2445//3098 2448//3098 2440//3098
f  2448//3099 2447//3099 2440//3099
f  2435//3100 2438//3100 2436//3100
f  2353//3101 2449//3101 2442//3101
f  2449//3102 2450//3102 2442//3102
f  2450//3103 2446//3103 2442//3103
f  2451//3104 2357//3104 2447//3104
f  2452//3105 2451//3105 2447//3105
f  2448//3106 2453//3106 2447//3106
f  2453//3107 2452//3107 2447//3107
f  2454//3108 2455//3108 2398//3108
f  2455//3109 2396//3109 2398//3109
f  2400//177 2454//177 2398//177
f  2395//3110 2456//3110 2397//3110
f  2456//177 2404//177 2397//177
f  2457//3111 2394//3111 2396//3111
f  2455//3112 2457//3112 2396//3112
f  2393//3113 2458//3113 2395//3113
f  2458//3114 2456//3114 2395//3114
f  2356//3115 2459//3115 2353//3115
f  2459//3116 2460//3116 2353//3116
f  2460//3117 2449//3117 2353//3117
f  2460//3118 2461//3118 2449//3118
f  2461//3119 2450//3119 2449//3119
f  2451//3120 2462//3120 2357//3120
f  2462//3121 2359//3121 2357//3121
f  2452//3122 2463//3122 2451//3122
f  2463//3123 2462//3123 2451//3123
f  2464//3124 2391//3124 2394//3124
f  2457//3125 2464//3125 2394//3125
f  2437//3126 2465//3126 2393//3126
f  2465//3127 2458//3127 2393//3127
f  2439//3128 2465//3128 2437//3128
f  2415//3129 2313//3129 2312//3129
f  2411//3129 2415//3129 2312//3129
f  2308//3130 2411//3130 2312//3130
f  2308//3130 2412//3130 2411//3130
f  2444//1301 2466//1301 2445//1301
f  2466//1301 2448//1301 2445//1301
f  2467//3131 2390//3131 2391//3131
f  2464//3132 2467//3132 2391//3132
f  2468//3133 2389//3133 2390//3133
f  2467//3134 2468//3134 2390//3134
f  2469//1301 2466//1301 2444//1301
f  2446//1301 2469//1301 2444//1301
f  2466//1301 2453//1301 2448//1301
f  2470//3135 2388//3135 2389//3135
f  2468//3136 2470//3136 2389//3136
f  2471//3137 2472//3137 2349//3137
f  2472//605 2289//605 2349//605
f  2289//605 2350//605 2349//605
f  2338//1301 2471//1301 2349//1301
f  2473//1301 2289//1301 2472//1301
f  2471//3138 2473//3138 2472//3138
f  2473//1301 2474//1301 2289//1301
f  2474//1301 2285//1301 2289//1301
f  2450//1301 2469//1301 2446//1301
f  2475//1301 2452//1301 2453//1301
f  2466//1301 2475//1301 2453//1301
f  2461//1301 2469//1301 2450//1301
f  2475//1301 2463//1301 2452//1301
f  2476//3139 2461//3139 2460//3139
f  2459//3140 2476//3140 2460//3140
f  2477//3141 2359//3141 2462//3141
f  2463//3142 2477//3142 2462//3142
f  2478//3143 2387//3143 2388//3143
f  2470//3144 2478//3144 2388//3144
f  2307//3145 2412//3145 2308//3145
f  2307//3145 2409//3145 2412//3145
f  2414//3146 2314//3146 2313//3146
f  2415//3146 2414//3146 2313//3146
f  2479//3147 2386//3147 2387//3147
f  2478//3148 2479//3148 2387//3148
f  2480//3149 2385//3149 2386//3149
f  2479//3150 2480//3150 2386//3150
f  2481//3151 2477//3151 2463//3151
f  2475//1301 2481//1301 2463//1301
f  2482//1301 2469//1301 2461//1301
f  2476//1301 2482//1301 2461//1301
f  2483//3152 2384//3152 2385//3152
f  2480//3153 2483//3153 2385//3153
f  2466//3154 2484//3154 2485//3154
f  2486//2797 2475//2797 2485//2797
f  2475//2797 2466//2797 2485//2797
f  2487//1301 2486//1301 2485//1301
f  2488//1301 2487//1301 2485//1301
f  2484//1301 2488//1301 2485//1301
f  2469//3154 2484//3154 2466//3154
f  2489//3155 2383//3155 2384//3155
f  2483//3156 2489//3156 2384//3156
f  2489//3157 2490//3157 2383//3157
f  2490//3158 2491//3158 2383//3158
f  2491//3159 2372//3159 2383//3159
f  2491//3160 2373//3160 2372//3160
f  2356//3161 2492//3161 2459//3161
f  2492//3162 2476//3162 2459//3162
f  2493//3163 2359//3163 2477//3163
f  2481//3164 2493//3164 2477//3164
f  2494//3165 2438//3165 2435//3165
f  2434//3166 2494//3166 2435//3166
f  2403//3167 2495//3167 2401//3167
f  2495//3167 2402//3167 2401//3167
f  2344//3168 1024//3168 1023//3168
f  2495//177 2496//177 2402//177
f  2496//177 2406//177 2402//177
f  2427//3168 1024//3168 2344//3168
f  2497//3169 2498//3169 2487//3169
f  2498//3169 2499//3169 2487//3169
f  2499//1301 2486//1301 2487//1301
f  2488//2161 2497//2161 2487//2161
f  2488//2161 2500//2161 2497//2161
f  2500//1301 2498//1301 2497//1301
f  2492//3170 2501//3170 2476//3170
f  2501//1301 2482//1301 2476//1301
f  2502//3171 2493//3171 2481//3171
f  2475//1301 2502//1301 2481//1301
f  2469//2058 2503//2058 2484//2058
f  2504//1301 2488//1301 2484//1301
f  2503//1301 2504//1301 2484//1301
f  2482//2058 2503//2058 2469//2058
f  2505//3172 2506//3172 2486//3172
f  2506//3172 2475//3172 2486//3172
f  2499//1301 2505//1301 2486//1301
f  2506//1301 2502//1301 2475//1301
f  2355//3173 2507//3173 2356//3173
f  2507//3174 2508//3174 2356//3174
f  2508//2072 2492//2072 2356//2072
f  2508//3175 2501//3175 2492//3175
f  2493//2075 2509//2075 2359//2075
f  2509//3176 2510//3176 2359//3176
f  2510//1301 2358//1301 2359//1301
f  2502//3177 2509//3177 2493//3177
f  2283//605 2473//605 2338//605
f  2473//605 2471//605 2338//605
f  2511//1301 2473//1301 2283//1301
f  2282//1301 2511//1301 2283//1301
f  2512//1301 2474//1301 2473//1301
f  2511//1301 2512//1301 2473//1301
f  2513//8 2399//8 2405//8
f  2514//8 2513//8 2405//8
f  2496//3178 2514//3178 2405//3178
f  2406//3178 2496//3178 2405//3178
f  2399//3179 2513//3179 2400//3179
f  2513//3179 2515//3179 2400//3179
f  2515//177 2454//177 2400//177
f  2516//3180 2407//3180 2404//3180
f  2456//177 2516//177 2404//177
f  2516//3180 2517//3180 2407//3180
f  2517//8 2426//8 2407//8
f  2309//3181 2518//3181 2307//3181
f  2518//3182 2409//3182 2307//3182
f  2518//223 2410//223 2409//223
f  2413//3183 2315//3183 2314//3183
f  2414//3184 2413//3184 2314//3184
f  2504//3185 2500//3185 2488//3185
f  2504//3185 2519//3185 2500//3185
f  2520//1301 2498//1301 2500//1301
f  2521//1301 2520//1301 2500//1301
f  2519//1301 2521//1301 2500//1301
f  2498//2744 2522//2744 2499//2744
f  2522//2744 2523//2744 2499//2744
f  2523//1301 2505//1301 2499//1301
f  2524//1301 2522//1301 2498//1301
f  2520//1301 2524//1301 2498//1301
f  2507//3186 2525//3186 2508//3186
f  2525//3187 2501//3187 2508//3187
f  2526//3188 2510//3188 2509//3188
f  2502//3189 2526//3189 2509//3189
f  2302//605 2332//605 2330//605
f  2332//605 2331//605 2330//605
f  2300//1301 2332//1301 2302//1301
f  2300//1301 2305//1301 2332//1301
f  2321//1301 2527//1301 2318//1301
f  2527//1301 2322//1301 2318//1301
f  2322//1435 2327//1435 2318//1435
f  2322//1435 2303//1435 2327//1435
f  2303//223 2304//223 2327//223
f  2304//223 2294//223 2327//223
f  2527//1301 2528//1301 2322//1301
f  2528//1301 2323//1301 2322//1301
f  2529//3190 2465//3190 2439//3190
f  2438//3191 2529//3191 2439//3191
f  2494//3192 2530//3192 2438//3192
f  2530//3193 2531//3193 2438//3193
f  2531//3194 2532//3194 2438//3194
f  2532//3195 2529//3195 2438//3195
f  2525//1301 2482//1301 2501//1301
f  2533//3196 2526//3196 2502//3196
f  2506//1301 2533//1301 2502//1301
f  2434//3197 2530//3197 2494//3197
f  2433//3198 2530//3198 2434//3198
f  2517//8 2534//8 2426//8
f  2534//3199 2429//3199 2426//3199
f  2534//3199 2535//3199 2429//3199
f  2535//177 2428//177 2429//177
f  2490//3200 2373//3200 2491//3200
f  2304//3201 2300//3201 2294//3201
f  2304//3202 2305//3202 2300//3202
f  2490//3203 2536//3203 2373//3203
f  2536//8 2537//8 2373//8
f  2537//8 2374//8 2373//8
f  2538//605 2365//605 2364//605
f  2363//1301 2538//1301 2364//1301
f  2539//223 2540//223 2365//223
f  2540//223 2419//223 2365//223
f  2538//605 2539//605 2365//605
f  2366//605 2421//605 2538//605
f  2421//605 2539//605 2538//605
f  2363//1301 2541//1301 2538//1301
f  2541//1301 2366//1301 2538//1301
f  2421//223 2422//223 2539//223
f  2422//223 2540//223 2539//223
f  2541//1301 2367//1301 2366//1301
f  2355//3204 2542//3204 2507//3204
f  2542//3205 2543//3205 2507//3205
f  2543//3206 2525//3206 2507//3206
f  2544//3207 2510//3207 2526//3207
f  2545//2212 2544//2212 2526//2212
f  2533//3208 2546//3208 2526//3208
f  2546//3209 2545//3209 2526//3209
f  2432//3210 2530//3210 2433//3210
f  2482//3211 2547//3211 2503//3211
f  2548//1301 2504//1301 2503//1301
f  2547//1301 2548//1301 2503//1301
f  2549//3211 2547//3211 2482//3211
f  2525//1301 2543//1301 2482//1301
f  2543//1301 2549//1301 2482//1301
f  2550//3212 2551//3212 2505//3212
f  2551//3212 2506//3212 2505//3212
f  2523//1301 2550//1301 2505//1301
f  2551//1301 2552//1301 2506//1301
f  2552//1301 2546//1301 2506//1301
f  2546//1301 2533//1301 2506//1301
f  2542//3213 2553//3213 2543//3213
f  2553//1301 2549//1301 2543//1301
f  2554//223 2555//223 2410//223
f  2556//223 2554//223 2410//223
f  2518//223 2556//223 2410//223
f  2557//8 2351//8 2410//8
f  2555//8 2557//8 2410//8
f  2558//1301 2559//1301 2351//1301
f  2560//1301 2558//1301 2351//1301
f  2557//1301 2560//1301 2351//1301
f  2559//1301 2354//1301 2351//1301
f  2561//1301 2562//1301 2354//1301
f  2562//1301 2563//1301 2354//1301
f  2563//1301 2355//1301 2354//1301
f  2564//1301 2561//1301 2354//1301
f  2565//1301 2564//1301 2354//1301
f  2559//1301 2565//1301 2354//1301
f  2563//3214 2542//3214 2355//3214
f  2309//3215 2556//3215 2518//3215
f  2566//3216 2315//3216 2413//3216
f  2416//223 2566//223 2413//223
f  2417//223 2567//223 2416//223
f  2567//223 2566//223 2416//223
f  2544//1301 2358//1301 2510//1301
f  2568//223 2569//223 2417//223
f  2569//223 2570//223 2417//223
f  2570//223 2567//223 2417//223
f  2418//223 2568//223 2417//223
f  2571//1301 2360//1301 2358//1301
f  2572//1301 2571//1301 2358//1301
f  2544//1301 2572//1301 2358//1301
f  2361//223 2573//223 2418//223
f  2573//223 2568//223 2418//223
f  2574//1301 2575//1301 2360//1301
f  2571//1301 2574//1301 2360//1301
f  2360//3021 2573//3021 2361//3021
f  2575//3217 2573//3217 2360//3217
f  2419//223 2576//223 2420//223
f  2576//8 2577//8 2420//8
f  2577//8 2362//8 2420//8
f  2577//1301 2578//1301 2362//1301
f  2578//1301 2363//1301 2362//1301
f  2540//223 2579//223 2419//223
f  2579//223 2580//223 2419//223
f  2580//223 2581//223 2419//223
f  2581//223 2576//223 2419//223
f  2578//1301 2582//1301 2363//1301
f  2582//1301 2583//1301 2363//1301
f  2583//1301 2541//1301 2363//1301
f  2583//1301 2584//1301 2541//1301
f  2584//1301 2367//1301 2541//1301
f  2585//223 2579//223 2540//223
f  2586//223 2585//223 2540//223
f  2422//223 2586//223 2540//223
f  2587//223 2586//223 2422//223
f  2588//223 2587//223 2422//223
f  2369//223 2589//223 2422//223
f  2589//223 2588//223 2422//223
f  2584//1301 2590//1301 2367//1301
f  2590//1301 2591//1301 2367//1301
f  2591//1301 2592//1301 2367//1301
f  2592//1301 2593//1301 2367//1301
f  2593//1301 2368//1301 2367//1301
f  2594//223 2589//223 2369//223
f  2368//177 2594//177 2369//177
f  2595//177 2594//177 2368//177
f  2596//1301 2597//1301 2368//1301
f  2597//1301 2598//1301 2368//1301
f  2598//1301 2595//1301 2368//1301
f  2593//1301 2596//1301 2368//1301
f  2552//3218 2545//3218 2546//3218
f  2599//3219 2600//3219 2454//3219
f  2600//3220 2455//3220 2454//3220
f  2515//177 2599//177 2454//177
f  2458//3221 2601//3221 2456//3221
f  2601//177 2516//177 2456//177
f  2548//3222 2519//3222 2504//3222
f  2548//3222 2602//3222 2519//3222
f  2603//1301 2521//1301 2519//1301
f  2602//1301 2603//1301 2519//1301
f  2522//3223 2604//3223 2523//3223
f  2604//3223 2605//3223 2523//3223
f  2605//1301 2550//1301 2523//1301
f  2524//1301 2604//1301 2522//1301
f  2606//3224 2457//3224 2455//3224
f  2600//3225 2606//3225 2455//3225
f  2465//3226 2607//3226 2458//3226
f  2607//3227 2601//3227 2458//3227
f  2608//3228 2464//3228 2457//3228
f  2606//3229 2608//3229 2457//3229
f  2532//3230 2609//3230 2465//3230
f  2529//3231 2532//3231 2465//3231
f  2609//3232 2607//3232 2465//3232
f  2567//3233 2315//3233 2566//3233
f  2610//3234 2467//3234 2464//3234
f  2608//3235 2610//3235 2464//3235
f  2582//3023 2580//3023 2579//3023
f  2583//3236 2582//3236 2579//3236
f  2585//1435 2584//1435 2579//1435
f  2584//1435 2583//1435 2579//1435
f  2585//1435 2590//1435 2584//1435
f  2586//1435 2590//1435 2585//1435
f  2587//3237 2590//3237 2586//3237
f  2587//3025 2611//3025 2590//3025
f  2611//1301 2591//1301 2590//1301
f  2612//3238 2468//3238 2467//3238
f  2610//3239 2612//3239 2467//3239
f  2613//223 2614//223 2615//223
f  2616//223 2613//223 2615//223
f  2617//223 2616//223 2615//223
f  2618//605 2619//605 2615//605
f  2619//605 2617//605 2615//605
f  2614//2997 2618//2997 2615//2997
f  2614//2998 2620//2998 2618//2998
f  2621//1301 2619//1301 2618//1301
f  2622//1301 2621//1301 2618//1301
f  2620//1301 2622//1301 2618//1301
f  2623//223 2616//223 2617//223
f  2624//223 2623//223 2617//223
f  2619//2999 2625//2999 2617//2999
f  2625//3240 2624//3240 2617//3240
f  2626//1301 2625//1301 2619//1301
f  2621//1301 2626//1301 2619//1301
f  2562//3241 2627//3241 2563//3241
f  2627//3242 2628//3242 2563//3242
f  2628//2307 2542//2307 2563//2307
f  2628//3243 2553//3243 2542//3243
f  2629//3244 2572//3244 2544//3244
f  2545//2309 2629//2309 2544//2309
f  2552//3245 2629//3245 2545//3245
f  2382//3246 2554//3246 2309//3246
f  2554//3247 2556//3247 2309//3247
f  2567//3248 2570//3248 2315//3248
f  2570//3249 2317//3249 2315//3249
f  2630//3250 2530//3250 2432//3250
f  2431//3251 2630//3251 2432//3251
f  2627//3252 2631//3252 2628//3252
f  2631//3253 2553//3253 2628//3253
f  2632//3254 2572//3254 2629//3254
f  2552//3255 2632//3255 2629//3255
f  2633//3256 2470//3256 2468//3256
f  2612//3257 2633//3257 2468//3257
f  2634//3258 2632//3258 2552//3258
f  2551//1301 2634//1301 2552//1301
f  2631//1301 2549//1301 2553//1301
f  2321//1301 2635//1301 2527//1301
f  2613//605 2616//605 2527//605
f  2616//605 2528//605 2527//605
f  2635//8 2613//8 2527//8
f  2635//8 2636//8 2613//8
f  2636//223 2614//223 2613//223
f  2637//1301 2323//1301 2528//1301
f  2616//177 2623//177 2528//177
f  2623//177 2637//177 2528//177
f  2638//3259 2630//3259 2431//3259
f  2639//177 2638//177 2431//177
f  2324//1301 2639//1301 2431//1301
f  2640//3260 2478//3260 2470//3260
f  2633//3261 2640//3261 2470//3261
f  2641//1435 2621//1435 2642//1435
f  2621//177 2622//177 2642//177
f  2622//177 2643//177 2642//177
f  2643//1301 2641//1301 2642//1301
f  2641//1435 2626//1435 2621//1435
f  2644//8 2626//8 2641//8
f  2643//1301 2644//1301 2641//1301
f  2645//1301 2625//1301 2626//1301
f  2644//8 2645//8 2626//8
f  2646//3262 2479//3262 2478//3262
f  2640//3263 2646//3263 2478//3263
f  2647//1435 2511//1435 2648//1435
f  2511//177 2649//177 2648//177
f  2649//177 2650//177 2648//177
f  2650//1301 2651//1301 2648//1301
f  2651//1301 2652//1301 2648//1301
f  2653//1301 2647//1301 2648//1301
f  2652//1301 2653//1301 2648//1301
f  2282//1301 2649//1301 2511//1301
f  2647//1435 2512//1435 2511//1435
f  2653//8 2512//8 2647//8
f  2654//1301 2474//1301 2512//1301
f  2653//8 2654//8 2512//8
f  2655//3264 2631//3264 2627//3264
f  2656//3265 2655//3265 2627//3265
f  2562//3266 2656//3266 2627//3266
f  2655//1301 2549//1301 2631//1301
f  2549//3267 2657//3267 2547//3267
f  2658//1301 2548//1301 2547//1301
f  2657//1301 2658//1301 2547//1301
f  2659//3267 2657//3267 2549//3267
f  2655//1301 2659//1301 2549//1301
f  2658//3268 2602//3268 2548//3268
f  2658//3268 2603//3268 2602//3268
f  2604//3269 2524//3269 2605//3269
f  2524//3269 2660//3269 2605//3269
f  2660//1301 2661//1301 2605//1301
f  2661//1301 2550//1301 2605//1301
f  2661//3270 2662//3270 2550//3270
f  2662//3270 2551//3270 2550//3270
f  2663//1301 2664//1301 2551//1301
f  2662//1301 2663//1301 2551//1301
f  2664//1301 2634//1301 2551//1301
f  2665//3271 2632//3271 2634//3271
f  2664//3272 2665//3272 2634//3272
f  2665//3273 2572//3273 2632//3273
f  2666//3274 2480//3274 2479//3274
f  2646//3275 2666//3275 2479//3275
f  2382//3276 2667//3276 2554//3276
f  2668//223 2555//223 2554//223
f  2669//3277 2668//3277 2554//3277
f  2667//3278 2669//3278 2554//3278
f  2382//3276 2670//3276 2667//3276
f  2670//223 2669//223 2667//223
f  2671//3279 2672//3279 2570//3279
f  2672//3279 2317//3279 2570//3279
f  2673//3280 2671//3280 2570//3280
f  2674//3281 2673//3281 2570//3281
f  2569//223 2674//223 2570//223
f  2673//223 2672//223 2671//223
f  2675//3282 2483//3282 2480//3282
f  2666//3283 2675//3283 2480//3283
f  2676//3284 2489//3284 2483//3284
f  2675//3285 2676//3285 2483//3285
f  2676//3286 2677//3286 2489//3286
f  2677//3287 2490//3287 2489//3287
f  2677//3288 2536//3288 2490//3288
f  2678//3289 2665//3289 2664//3289
f  2663//3290 2678//3290 2664//3290
f  2656//3291 2679//3291 2655//3291
f  2679//3292 2680//3292 2655//3292
f  2680//1301 2659//1301 2655//1301
f  1959//3293 2681//3293 2403//3293
f  2681//3293 2495//3293 2403//3293
f  2427//3294 1026//3294 1024//3294
f  2681//177 2682//177 2495//177
f  2682//177 2496//177 2495//177
f  2428//3294 1026//3294 2427//3294
f  2683//3295 2609//3295 2532//3295
f  2531//3296 2683//3296 2532//3296
f  2684//1435 2654//1435 2653//1435
f  2652//1301 2684//1301 2653//1301
f  2684//1435 2474//1435 2654//1435
f  2685//3297 2474//3297 2684//3297
f  2652//1301 2685//1301 2684//1301
f  2686//1301 2285//1301 2474//1301
f  2685//3297 2686//3297 2474//3297
f  2530//3298 2687//3298 2531//3298
f  2687//3299 2688//3299 2531//3299
f  2688//3300 2689//3300 2531//3300
f  2689//3301 2683//3301 2531//3301
f  2562//3302 2679//3302 2656//3302
f  2678//3303 2572//3303 2665//3303
f  2630//3304 2690//3304 2530//3304
f  2690//3305 2687//3305 2530//3305
f  2380//1301 2691//1301 2382//1301
f  2692//3306 2670//3306 2382//3306
f  2691//3307 2692//3307 2382//3307
f  2692//223 2693//223 2670//223
f  2693//223 2669//223 2670//223
f  2672//3308 2694//3308 2317//3308
f  2694//1301 2316//1301 2317//1301
f  2695//3309 2694//3309 2672//3309
f  2673//223 2695//223 2672//223
f  2693//3310 2668//3310 2669//3310
f  2674//3311 2696//3311 2673//3311
f  2696//223 2695//223 2673//223
f  2561//3312 2697//3312 2562//3312
f  2697//3313 2698//3313 2562//3313
f  2698//2656 2679//2656 2562//2656
f  2698//3314 2680//3314 2679//3314
f  2678//2658 2699//2658 2572//2658
f  2699//3315 2700//3315 2572//3315
f  2700//1301 2571//1301 2572//1301
f  2663//3316 2699//3316 2678//3316
f  2638//3317 2701//3317 2630//3317
f  2701//3318 2690//3318 2630//3318
f  2639//177 2701//177 2638//177
f  2702//3319 2703//3319 2599//3319
f  2703//3320 2600//3320 2599//3320
f  2515//177 2702//177 2599//177
f  2607//3321 2704//3321 2601//3321
f  2704//177 2516//177 2601//177
f  2705//3322 2606//3322 2600//3322
f  2703//3323 2705//3323 2600//3323
f  2609//3324 2706//3324 2607//3324
f  2706//3325 2704//3325 2607//3325
f  2707//3326 2608//3326 2606//3326
f  2705//3327 2707//3327 2606//3327
f  2689//3328 2708//3328 2609//3328
f  2683//3329 2689//3329 2609//3329
f  2708//3330 2706//3330 2609//3330
f  2709//3331 2699//3331 2663//3331
f  2662//1301 2709//1301 2663//1301
f  2698//3332 2710//3332 2680//3332
f  2710//1301 2711//1301 2680//1301
f  2711//1301 2659//1301 2680//1301
f  2657//1301 2712//1301 2658//1301
f  2712//3333 2603//3333 2658//3333
f  2712//3333 2521//3333 2603//3333
f  2524//2058 2520//2058 2660//2058
f  2520//2058 2713//2058 2660//2058
f  2713//1301 2714//1301 2660//1301
f  2714//1301 2661//1301 2660//1301
f  2715//3334 2610//3334 2608//3334
f  2707//3335 2715//3335 2608//3335
f  2698//3336 2711//3336 2710//3336
f  2697//3337 2711//3337 2698//3337
f  2716//3338 2700//3338 2699//3338
f  2709//3339 2716//3339 2699//3339
f  2513//3340 2717//3340 2515//3340
f  2717//3340 2718//3340 2515//3340
f  2718//177 2702//177 2515//177
f  2719//3341 2517//3341 2516//3341
f  2704//177 2719//177 2516//177
f  2514//8 2717//8 2513//8
f  2719//3341 2720//3341 2517//3341
f  2720//8 2534//8 2517//8
f  2721//8 2717//8 2514//8
f  2682//3342 2721//3342 2514//3342
f  2496//3342 2682//3342 2514//3342
f  2722//3343 2716//3343 2709//3343
f  2662//1301 2722//1301 2709//1301
f  2659//2744 2723//2744 2657//2744
f  2723//1301 2712//1301 2657//1301
f  2724//2744 2723//2744 2659//2744
f  2711//1301 2725//1301 2659//1301
f  2725//1301 2724//1301 2659//1301
f  2714//3344 2726//3344 2661//3344
f  2726//3344 2662//3344 2661//3344
f  2727//1301 2722//1301 2662//1301
f  2726//1301 2728//1301 2662//1301
f  2728//1301 2729//1301 2662//1301
f  2729//1301 2727//1301 2662//1301
f  2730//223 2731//223 2668//223
f  2731//223 2555//223 2668//223
f  2732//223 2730//223 2668//223
f  2693//3345 2732//3345 2668//3345
f  2733//3345 2732//3345 2693//3345
f  2734//223 2733//223 2693//223
f  2692//223 2734//223 2693//223
f  2735//3346 2696//3346 2674//3346
f  2569//223 2735//223 2674//223
f  2735//3347 2736//3347 2696//3347
f  2736//223 2737//223 2696//223
f  2737//223 2695//223 2696//223
f  2738//3348 2612//3348 2610//3348
f  2715//3349 2738//3349 2610//3349
f  2691//3350 2734//3350 2692//3350
f  2737//3351 2694//3351 2695//3351
f  2739//3352 2736//3352 2735//3352
f  2740//223 2739//223 2735//223
f  2569//223 2740//223 2735//223
f  2741//3353 2725//3353 2711//3353
f  2697//3354 2741//3354 2711//3354
f  2742//3355 2716//3355 2722//3355
f  2727//3356 2742//3356 2722//3356
f  2720//8 2743//8 2534//8
f  2743//3357 2535//3357 2534//3357
f  2743//3357 2744//3357 2535//3357
f  2744//177 2428//177 2535//177
f  2745//3358 2633//3358 2612//3358
f  2738//3359 2745//3359 2612//3359
f  2561//2771 2741//2771 2697//2771
f  2742//2772 2700//2772 2716//2772
f  2746//3360 2640//3360 2633//3360
f  2745//3361 2746//3361 2633//3361
f  2723//1301 2747//1301 2712//1301
f  2747//2737 2521//2737 2712//2737
f  2747//2737 2748//2737 2521//2737
f  2748//1301 2520//1301 2521//1301
f  2520//3362 2748//3362 2713//3362
f  2748//3362 2747//3362 2713//3362
f  2747//1301 2749//1301 2713//1301
f  2749//1301 2714//1301 2713//1301
f  2380//1301 2750//1301 2691//1301
f  2750//1301 2751//1301 2691//1301
f  2751//1301 2752//1301 2691//1301
f  2752//3363 2734//3363 2691//3363
f  2752//3363 2753//3363 2734//3363
f  2754//223 2733//223 2734//223
f  2753//223 2754//223 2734//223
f  2755//3364 2756//3364 2694//3364
f  2737//3364 2755//3364 2694//3364
f  2756//1301 2316//1301 2694//1301
f  2736//223 2755//223 2737//223
f  2741//3365 2757//3365 2725//3365
f  2757//3366 2758//3366 2725//3366
f  2758//1301 2724//1301 2725//1301
f  2759//3367 2742//3367 2727//3367
f  2729//3368 2759//3368 2727//3368
f  2760//1301 2761//1301 2561//1301
f  2564//1301 2760//1301 2561//1301
f  2757//2809 2741//2809 2561//2809
f  2761//3369 2762//3369 2561//3369
f  2762//3370 2763//3370 2561//3370
f  2763//3371 2757//3371 2561//3371
f  2742//2813 2759//2813 2700//2813
f  2759//3372 2764//3372 2700//3372
f  2764//3373 2765//3373 2700//3373
f  2765//1301 2571//1301 2700//1301
f  2724//3374 2749//3374 2723//3374
f  2749//1301 2747//1301 2723//1301
f  2766//3374 2749//3374 2724//3374
f  2767//1301 2768//1301 2724//1301
f  2769//1301 2766//1301 2724//1301
f  2770//1301 2769//1301 2724//1301
f  2768//1301 2770//1301 2724//1301
f  2758//1301 2767//1301 2724//1301
f  2749//2057 2766//2057 2714//2057
f  2766//2057 2726//2057 2714//2057
f  2766//1301 2771//1301 2726//1301
f  2771//1301 2772//1301 2726//1301
f  2772//1301 2773//1301 2726//1301
f  2773//1301 2728//1301 2726//1301
f  2757//3375 2767//3375 2758//3375
f  2764//3376 2759//3376 2729//3376
f  2728//3377 2764//3377 2729//3377
f  2774//3378 2646//3378 2640//3378
f  2746//3379 2774//3379 2640//3379
f  2763//3380 2767//3380 2757//3380
f  2775//3381 2764//3381 2728//3381
f  2773//3382 2775//3382 2728//3382
f  2763//3383 2768//3383 2767//3383
f  2776//223 2730//223 2732//223
f  2733//3384 2776//3384 2732//3384
f  2754//3384 2776//3384 2733//3384
f  2777//3385 2736//3385 2739//3385
f  2778//3385 2777//3385 2739//3385
f  2740//223 2778//223 2739//223
f  2777//223 2755//223 2736//223
f  2779//3386 2536//3386 2677//3386
f  2676//3387 2779//3387 2677//3387
f  2779//3388 2780//3388 2536//3388
f  2780//3389 2781//3389 2536//3389
f  2781//8 2782//8 2536//8
f  2782//8 2537//8 2536//8
f  2783//3390 2666//3390 2646//3390
f  2774//3391 2783//3391 2646//3391
f  2769//1301 2784//1301 2766//1301
f  2784//1301 2785//1301 2766//1301
f  2785//1301 2771//1301 2766//1301
f  2762//3392 2768//3392 2763//3392
f  2775//3393 2765//3393 2764//3393
f  2786//3394 2775//3394 2773//3394
f  2787//3395 2786//3395 2773//3395
f  2772//1301 2787//1301 2773//1301
f  2762//3396 2770//3396 2768//3396
f  2788//3397 2708//3397 2689//3397
f  2688//3398 2788//3398 2689//3398
f  2789//3399 2675//3399 2666//3399
f  2783//3400 2789//3400 2666//3400
f  2790//3401 2791//3401 2702//3401
f  2791//3402 2703//3402 2702//3402
f  2718//177 2790//177 2702//177
f  2706//3403 2792//3403 2704//3403
f  2792//177 2719//177 2704//177
f  2793//3404 2794//3404 2688//3404
f  2687//3405 2793//3405 2688//3405
f  2794//3406 2795//3406 2688//3406
f  2795//3407 2788//3407 2688//3407
f  2796//3408 2705//3408 2703//3408
f  2791//3409 2796//3409 2703//3409
f  2708//3410 2797//3410 2706//3410
f  2797//3411 2792//3411 2706//3411
f  2798//1301 2799//1301 2752//1301
f  2751//1301 2800//1301 2752//1301
f  2800//1301 2798//1301 2752//1301
f  2799//1301 2801//1301 2752//1301
f  2801//1301 2802//1301 2752//1301
f  2802//1301 2803//1301 2752//1301
f  2803//3412 2753//3412 2752//3412
f  2803//3412 2804//3412 2753//3412
f  2805//223 2754//223 2753//223
f  2804//223 2805//223 2753//223
f  2804//3413 2803//3413 2756//3413
f  2755//3413 2804//3413 2756//3413
f  2806//1301 2316//1301 2756//1301
f  2807//1301 2806//1301 2756//1301
f  2803//1301 2807//1301 2756//1301
f  2777//223 2804//223 2755//223
f  2808//3414 2676//3414 2675//3414
f  2789//3415 2808//3415 2675//3415
f  2809//3416 2769//3416 2770//3416
f  2762//3417 2809//3417 2770//3417
f  2690//3418 2810//3418 2687//3418
f  2810//3419 2793//3419 2687//3419
f  2811//3420 2786//3420 2787//3420
f  2772//3421 2811//3421 2787//3421
f  2812//3422 2784//3422 2769//3422
f  2809//3423 2812//3423 2769//3423
f  2813//3424 2814//3424 2705//3424
f  2796//3425 2813//3425 2705//3425
f  2815//3426 2707//3426 2705//3426
f  2814//3427 2815//3427 2705//3427
f  2795//3428 2816//3428 2708//3428
f  2788//3429 2795//3429 2708//3429
f  2816//3430 2797//3430 2708//3430
f  2817//3431 2811//3431 2772//3431
f  2771//3432 2817//3432 2772//3432
f  2808//3433 2780//3433 2676//3433
f  2780//3434 2779//3434 2676//3434
f  2761//3435 2809//3435 2762//3435
f  2786//3436 2765//3436 2775//3436
f  1958//3437 2818//3437 1959//3437
f  2818//3437 2681//3437 1959//3437
f  2428//3438 959//3438 1026//3438
f  2818//177 2819//177 2681//177
f  2819//177 2682//177 2681//177
f  2820//177 2821//177 2428//177
f  2744//177 2820//177 2428//177
f  2821//3438 959//3438 2428//3438
f  2822//3439 2785//3439 2784//3439
f  2812//3440 2822//3440 2784//3440
f  2823//3441 2817//3441 2771//3441
f  2785//3442 2823//3442 2771//3442
f  2701//3443 2824//3443 2690//3443
f  2824//3444 2810//3444 2690//3444
f  2740//223 2730//223 2776//223
f  2825//223 2740//223 2776//223
f  2754//3445 2825//3445 2776//3445
f  2805//3445 2825//3445 2754//3445
f  2805//3446 2777//3446 2778//3446
f  2825//3446 2805//3446 2778//3446
f  2740//223 2825//223 2778//223
f  2805//223 2804//223 2777//223
f  2639//177 2824//177 2701//177
f  2826//3447 2827//3447 2707//3447
f  2815//3448 2826//3448 2707//3448
f  2828//3449 2715//3449 2707//3449
f  2827//3450 2828//3450 2707//3450
f  2829//1301 2807//1301 2803//1301
f  2802//1301 2830//1301 2803//1301
f  2830//1301 2829//1301 2803//1301
f  2822//3451 2823//3451 2785//3451
f  2831//1301 2832//1301 2761//1301
f  2760//1301 2831//1301 2761//1301
f  2812//2915 2809//2915 2761//2915
f  2822//3452 2812//3452 2761//3452
f  2832//3453 2822//3453 2761//3453
f  2786//2917 2811//2917 2765//2917
f  2811//3454 2832//3454 2765//3454
f  2831//1301 2833//1301 2765//1301
f  2833//1301 2834//1301 2765//1301
f  2834//1301 2571//1301 2765//1301
f  2832//1301 2831//1301 2765//1301
f  2651//3007 2835//3007 2652//3007
f  2835//605 2686//605 2652//605
f  2686//605 2685//605 2652//605
f  2836//1301 2285//1301 2835//1301
f  2285//1301 2686//1301 2835//1301
f  2651//3008 2836//3008 2835//3008
f  2817//3455 2832//3455 2811//3455
f  2828//3456 2837//3456 2715//3456
f  2837//3457 2838//3457 2715//3457
f  2838//3458 2839//3458 2715//3458
f  2840//3459 2738//3459 2715//3459
f  2839//3460 2840//3460 2715//3460
f  2832//2943 2823//2943 2822//2943
f  2823//2944 2832//2944 2817//2944
f  2840//3461 2841//3461 2738//3461
f  2841//3462 2842//3462 2738//3462
f  2842//3463 2843//3463 2738//3463
f  2844//3464 2745//3464 2738//3464
f  2843//3465 2844//3465 2738//3465
f  2649//605 2836//605 2650//605
f  2836//605 2651//605 2650//605
f  2282//1301 2836//1301 2649//1301
f  2282//1301 2285//1301 2836//1301
f  2844//3466 2845//3466 2745//3466
f  2845//3467 2846//3467 2745//3467
f  2846//3468 2847//3468 2745//3468
f  2848//3469 2746//3469 2745//3469
f  2847//3470 2848//3470 2745//3470
f  2717//3471 2849//3471 2718//3471
f  2849//3471 2850//3471 2718//3471
f  2850//177 2851//177 2718//177
f  2851//177 2790//177 2718//177
f  2852//3472 2720//3472 2719//3472
f  2792//177 2853//177 2719//177
f  2853//177 2852//177 2719//177
f  2721//8 2849//8 2717//8
f  2852//3472 2854//3472 2720//3472
f  2854//8 2743//8 2720//8
f  2855//8 2849//8 2721//8
f  2819//3473 2855//3473 2721//3473
f  2682//3473 2819//3473 2721//3473
f  2840//3474 2856//3474 2841//3474
f  2856//3475 2842//3475 2841//3475
f  2857//3476 2856//3476 2840//3476
f  2839//3477 2857//3477 2840//3477
f  2838//3478 2857//3478 2839//3478
f  2837//3479 2857//3479 2838//3479
f  2828//3480 2857//3480 2837//3480
f  2856//3481 2858//3481 2842//3481
f  2858//3482 2843//3482 2842//3482
f  2858//3483 2844//3483 2843//3483
f  2858//3484 2845//3484 2844//3484
f  2859//3485 2856//3485 2857//3485
f  2860//3486 2859//3486 2857//3486
f  2861//3487 2860//3487 2857//3487
f  2828//3488 2861//3488 2857//3488
f  2859//3489 2862//3489 2856//3489
f  2862//3490 2858//3490 2856//3490
f  2827//3491 2861//3491 2828//3491
f  2826//3492 2861//3492 2827//3492
f  2863//3493 2846//3493 2845//3493
f  2858//3494 2863//3494 2845//3494
f  2862//3495 2864//3495 2858//3495
f  2864//3496 2863//3496 2858//3496
f  2863//3497 2847//3497 2846//3497
f  2865//3498 2862//3498 2859//3498
f  2860//3499 2865//3499 2859//3499
f  2854//8 2866//8 2743//8
f  2866//3500 2744//3500 2743//3500
f  2866//3500 2820//3500 2744//3500
f  2867//3501 2864//3501 2862//3501
f  2865//3502 2867//3502 2862//3502
f  2815//3503 2861//3503 2826//3503
f  2863//3504 2848//3504 2847//3504
f  2868//3505 2867//3505 2865//3505
f  2869//3506 2868//3506 2865//3506
f  2860//3507 2870//3507 2865//3507
f  2870//3508 2871//3508 2865//3508
f  2871//3509 2869//3509 2865//3509
f  2872//3510 2873//3510 2867//3510
f  2874//3511 2872//3511 2867//3511
f  2868//3512 2874//3512 2867//3512
f  2873//3513 2864//3513 2867//3513
f  2622//605 2645//605 2643//605
f  2645//605 2644//605 2643//605
f  2620//1301 2645//1301 2622//1301
f  2620//1301 2625//1301 2645//1301
f  2815//3514 2875//3514 2861//3514
f  2876//3515 2860//3515 2861//3515
f  2875//3516 2876//3516 2861//3516
f  2877//3517 2874//3517 2868//3517
f  2869//3518 2877//3518 2868//3518
f  2851//3519 2878//3519 2790//3519
f  2878//3520 2791//3520 2790//3520
f  2797//3521 2853//3521 2792//3521
f  2879//3522 2863//3522 2864//3522
f  2873//3523 2879//3523 2864//3523
f  2877//3524 2872//3524 2874//3524
f  2871//3525 2877//3525 2869//3525
f  2880//177 2881//177 2877//177
f  2882//177 2880//177 2877//177
f  2883//177 2882//177 2877//177
f  2884//3526 2872//3526 2877//3526
f  2881//3527 2884//3527 2877//3527
f  2871//3528 2883//3528 2877//3528
f  2848//3529 2885//3529 2746//3529
f  2886//3530 2774//3530 2746//3530
f  2885//3531 2886//3531 2746//3531
f  2878//3532 2887//3532 2791//3532
f  2887//3533 2888//3533 2791//3533
f  2888//3534 2889//3534 2791//3534
f  2889//3535 2890//3535 2791//3535
f  2890//3536 2891//3536 2791//3536
f  2891//3537 2892//3537 2791//3537
f  2893//3538 2796//3538 2791//3538
f  2892//3539 2893//3539 2791//3539
f  2816//3540 2894//3540 2797//3540
f  2894//3541 2853//3541 2797//3541
f  2876//3542 2895//3542 2860//3542
f  2895//3543 2870//3543 2860//3543
f  2896//177 2897//177 2881//177
f  2880//177 2896//177 2881//177
f  2898//3544 2884//3544 2881//3544
f  2897//3545 2899//3545 2881//3545
f  2899//3546 2900//3546 2881//3546
f  2900//3547 2898//3547 2881//3547
f  2884//3548 2901//3548 2873//3548
f  2872//3549 2884//3549 2873//3549
f  2901//3550 2879//3550 2873//3550
f  2902//3551 2848//3551 2863//3551
f  2903//3552 2904//3552 2863//3552
f  2904//3553 2905//3553 2863//3553
f  2905//3554 2902//3554 2863//3554
f  2879//3555 2903//3555 2863//3555
f  2870//3556 2906//3556 2871//3556
f  2906//3557 2883//3557 2871//3557
f  2814//3558 2875//3558 2815//3558
f  2898//3559 2907//3559 2884//3559
f  2907//3560 2901//3560 2884//3560
f  2895//3561 2906//3561 2870//3561
f  2316//1301 2637//1301 2635//1301
f  2321//1301 2316//1301 2635//1301
f  2637//1435 2636//1435 2635//1435
f  2637//1435 2623//1435 2636//1435
f  2623//223 2624//223 2636//223
f  2624//223 2614//223 2636//223
f  2316//1301 2323//1301 2637//1301
f  2900//3562 2907//3562 2898//3562
f  2902//3563 2885//3563 2848//3563
f  2813//3564 2875//3564 2814//3564
f  2895//3565 2883//3565 2906//3565
f  2813//3566 2908//3566 2875//3566
f  2909//3567 2876//3567 2875//3567
f  2908//3568 2909//3568 2875//3568
f  2899//3569 2907//3569 2900//3569
f  2910//3570 2816//3570 2795//3570
f  2794//3571 2910//3571 2795//3571
f  2893//3572 2911//3572 2796//3572
f  2911//3573 2912//3573 2796//3573
f  2912//3574 2913//3574 2796//3574
f  2913//3575 2813//3575 2796//3575
f  2914//3576 2915//3576 2816//3576
f  2910//3577 2914//3577 2816//3577
f  2915//3578 2894//3578 2816//3578
f  2876//3579 2916//3579 2895//3579
f  2916//3580 2883//3580 2895//3580
f  2917//3581 2918//3581 2879//3581
f  2919//3582 2917//3582 2879//3582
f  2918//3583 2903//3583 2879//3583
f  2901//3584 2919//3584 2879//3584
f  2913//3585 2908//3585 2813//3585
f  2899//3586 2920//3586 2907//3586
f  2920//3587 2901//3587 2907//3587
f  2794//3588 2914//3588 2910//3588
f  2909//3589 2916//3589 2876//3589
f  2921//3590 2922//3590 2901//3590
f  2920//3591 2923//3591 2901//3591
f  2923//3592 2921//3592 2901//3592
f  2922//3593 2919//3593 2901//3593
f  2793//3594 2924//3594 2794//3594
f  2924//3595 2925//3595 2794//3595
f  2925//3596 2914//3596 2794//3596
f  2926//3597 2885//3597 2902//3597
f  2905//3598 2926//3598 2902//3598
f  2912//3599 2908//3599 2913//3599
f  2911//3600 2908//3600 2912//3600
f  2893//3601 2927//3601 2911//3601
f  2927//3602 2908//3602 2911//3602
f  2909//3603 2928//3603 2916//3603
f  2928//3604 2883//3604 2916//3604
f  2929//3605 2909//3605 2908//3605
f  2927//3606 2929//3606 2908//3606
f  2624//1435 2620//1435 2614//1435
f  2624//1435 2625//1435 2620//1435
f  2904//3607 2926//3607 2905//3607
f  2930//3608 2931//3608 2909//3608
f  2929//3609 2930//3609 2909//3609
f  2931//3610 2928//3610 2909//3610
f  2932//3611 2920//3611 2899//3611
f  2897//3612 2932//3612 2899//3612
f  2896//177 2933//177 2897//177
f  2933//3613 2934//3613 2897//3613
f  2934//3614 2935//3614 2897//3614
f  2935//3615 2936//3615 2897//3615
f  2936//3616 2937//3616 2897//3616
f  2937//3617 2932//3617 2897//3617
f  2938//3618 2926//3618 2904//3618
f  2903//3619 2938//3619 2904//3619
f  2926//3620 2886//3620 2885//3620
f  2939//3621 2940//3621 2774//3621
f  2886//3622 2939//3622 2774//3622
f  2941//3623 2783//3623 2774//3623
f  2940//3624 2941//3624 2774//3624
f  2810//3625 2942//3625 2793//3625
f  2942//3626 2943//3626 2793//3626
f  2943//3627 2924//3627 2793//3627
f  2944//605 2580//605 2582//605
f  2578//1301 2944//1301 2582//1301
f  2945//223 2946//223 2580//223
f  2946//223 2581//223 2580//223
f  2944//605 2945//605 2580//605
f  2611//605 2587//605 2944//605
f  2587//605 2945//605 2944//605
f  2578//1301 2947//1301 2944//1301
f  2948//1301 2611//1301 2944//1301
f  2947//1301 2949//1301 2944//1301
f  2949//1301 2950//1301 2944//1301
f  2950//1301 2948//1301 2944//1301
f  2587//223 2588//223 2945//223
f  2588//223 2946//223 2945//223
f  2948//1301 2591//1301 2611//1301
f  2931//3628 2883//3628 2928//3628
f  2892//3629 2951//3629 2893//3629
f  2951//3630 2927//3630 2893//3630
f  2952//3631 2938//3631 2903//3631
f  2918//3632 2952//3632 2903//3632
f  2953//3633 2929//3633 2927//3633
f  2951//3634 2953//3634 2927//3634
f  2932//3635 2954//3635 2920//3635
f  2954//3636 2923//3636 2920//3636
f  2316//1301 2321//1301 2311//1301
f  2321//1435 2282//1435 2311//1435
f  2321//1435 2285//1435 2282//1435
f  2954//3637 2921//3637 2923//3637
f  2955//177 2882//177 2883//177
f  2956//177 2955//177 2883//177
f  2931//3638 2957//3638 2883//3638
f  2957//3639 2958//3639 2883//3639
f  2958//3640 2956//3640 2883//3640
f  2930//3641 2957//3641 2931//3641
f  2929//3642 2959//3642 2930//3642
f  2959//3643 2960//3643 2930//3643
f  2960//3644 2957//3644 2930//3644
f  2953//3645 2959//3645 2929//3645
f  2954//3646 2922//3646 2921//3646
f  2954//3647 2919//3647 2922//3647
f  2917//3648 2952//3648 2918//3648
f  2919//3649 2952//3649 2917//3649
f  2891//3650 2951//3650 2892//3650
f  1957//3651 2961//3651 1958//3651
f  2961//3651 2818//3651 1958//3651
f  2821//3652 1954//3652 959//3652
f  2961//177 2962//177 2818//177
f  2962//177 2963//177 2818//177
f  2963//177 2819//177 2818//177
f  2820//177 2964//177 2821//177
f  2964//177 2965//177 2821//177
f  2965//3652 1954//3652 2821//3652
f  2954//3653 2952//3653 2919//3653
f  2953//3654 2966//3654 2959//3654
f  2966//3655 2967//3655 2959//3655
f  2967//3656 2960//3656 2959//3656
f  2890//3657 2951//3657 2891//3657
f  2890//3658 2968//3658 2951//3658
f  2969//3659 2953//3659 2951//3659
f  2968//3660 2969//3660 2951//3660
f  2970//3661 2966//3661 2953//3661
f  2969//3662 2970//3662 2953//3662
f  2581//223 2568//223 2573//223
f  2576//223 2581//223 2573//223
f  2577//605 2576//605 2573//605
f  2575//605 2577//605 2573//605
f  2574//1301 2577//1301 2575//1301
f  2574//1301 2578//1301 2577//1301
f  2926//3663 2939//3663 2886//3663
f  2970//3664 2967//3664 2966//3664
f  2889//3665 2968//3665 2890//3665
f  2888//3666 2971//3666 2968//3666
f  2889//3667 2888//3667 2968//3667
f  2972//3668 2969//3668 2968//3668
f  2971//3669 2972//3669 2968//3669
f  2973//3670 2970//3670 2969//3670
f  2972//3671 2974//3671 2969//3671
f  2974//3672 2975//3672 2969//3672
f  2975//3673 2973//3673 2969//3673
f  2973//3674 2967//3674 2970//3674
f  2975//3675 2967//3675 2973//3675
f  2824//3676 2976//3676 2810//3676
f  2976//3677 2977//3677 2810//3677
f  2977//3678 2978//3678 2810//3678
f  2978//3679 2942//3679 2810//3679
f  2974//3680 2979//3680 2975//3680
f  2979//3681 2967//3681 2975//3681
f  2639//177 2976//177 2824//177
f  2941//3682 2980//3682 2783//3682
f  2980//3683 2981//3683 2783//3683
f  2981//3684 2982//3684 2783//3684
f  2983//3685 2789//3685 2783//3685
f  2982//3686 2983//3686 2783//3686
f  2887//3687 2971//3687 2888//3687
f  2984//3688 2979//3688 2974//3688
f  2972//3689 2984//3689 2974//3689
f  2878//3690 2985//3690 2887//3690
f  2985//3691 2971//3691 2887//3691
f  2985//3692 2986//3692 2971//3692
f  2987//3693 2972//3693 2971//3693
f  2986//3694 2987//3694 2971//3694
f  2988//3695 2984//3695 2972//3695
f  2987//3696 2988//3696 2972//3696
f  2989//3697 2979//3697 2984//3697
f  2990//3698 2989//3698 2984//3698
f  2988//3699 2990//3699 2984//3699
f  2989//3700 2967//3700 2979//3700
f  2990//3701 2967//3701 2989//3701
f  2991//3702 2957//3702 2960//3702
f  2992//3703 2991//3703 2960//3703
f  2993//3704 2992//3704 2960//3704
f  2967//3705 2993//3705 2960//3705
f  2878//3706 2986//3706 2985//3706
f  2991//3707 2994//3707 2957//3707
f  2994//3708 2995//3708 2957//3708
f  2995//3709 2996//3709 2957//3709
f  2996//3710 2997//3710 2957//3710
f  2997//3711 2998//3711 2957//3711
f  2998//3712 2958//3712 2957//3712
f  2988//3713 2999//3713 2990//3713
f  2999//3714 2967//3714 2990//3714
f  3000//3715 2993//3715 2967//3715
f  2999//3716 3001//3716 2967//3716
f  3001//3717 3000//3717 2967//3717
f  3002//3718 2940//3718 2939//3718
f  2926//3719 3002//3719 2939//3719
f  2988//3720 3001//3720 2999//3720
f  2987//3721 3003//3721 2988//3721
f  3003//3722 3001//3722 2988//3722
f  2374//373 2896//373 2375//373
f  2896//373 2880//373 2375//373
f  2880//374 2376//374 2375//374
f  2882//374 2376//374 2880//374
f  2938//3723 3002//3723 2926//3723
f  2878//3724 3004//3724 2986//3724
f  3004//3725 2987//3725 2986//3725
f  3003//3726 3000//3726 3001//3726
f  3005//3727 3000//3727 3003//3727
f  2987//3728 3005//3728 3003//3728
f  3006//3729 3007//3729 2987//3729
f  3004//3730 3006//3730 2987//3730
f  3007//3731 3005//3731 2987//3731
f  3005//3732 2993//3732 3000//3732
f  2878//3733 3006//3733 3004//3733
f  3008//3734 2954//3734 2932//3734
f  2937//3735 3008//3735 2932//3735
f  3005//3736 2992//3736 2993//3736
f  3009//3737 2992//3737 3005//3737
f  3007//3738 3009//3738 3005//3738
f  3009//3739 2991//3739 2992//3739
f  2983//3740 3010//3740 2789//3740
f  3010//3741 3011//3741 2789//3741
f  3012//3742 2808//3742 2789//3742
f  3011//3743 3012//3743 2789//3743
f  3013//3744 3014//3744 3007//3744
f  3006//3745 3013//3745 3007//3745
f  3014//3746 3009//3746 3007//3746
f  3002//3747 2941//3747 2940//3747
f  2878//3748 3013//3748 3006//3748
f  3009//3749 2994//3749 2991//3749
f  3015//3750 3002//3750 2938//3750
f  2952//3751 3015//3751 2938//3751
f  2537//413 3016//413 2374//413
f  3016//413 2896//413 2374//413
f  2882//414 2377//414 2376//414
f  3016//177 2933//177 2896//177
f  2955//414 2377//414 2882//414
f  3009//3752 3017//3752 2994//3752
f  3017//3753 2995//3753 2994//3753
f  3014//3754 3017//3754 3009//3754
f  3018//3755 2952//3755 2954//3755
f  3008//3756 3018//3756 2954//3756
f  3012//3757 3019//3757 2808//3757
f  3019//3758 3020//3758 2808//3758
f  3020//3759 2780//3759 2808//3759
f  3021//3760 3022//3760 3014//3760
f  3013//3761 3021//3761 3014//3761
f  3022//3762 3017//3762 3014//3762
f  3018//3763 3015//3763 2952//3763
f  3020//3764 2781//3764 2780//3764
f  3002//3765 2980//3765 2941//3765
f  2878//3766 3023//3766 3013//3766
f  3023//3767 3021//3767 3013//3767
f  3017//3768 2996//3768 2995//3768
f  3024//3769 2997//3769 2996//3769
f  3017//3770 3024//3770 2996//3770
f  3002//3771 2981//3771 2980//3771
f  3023//3772 3025//3772 3021//3772
f  3025//3773 3022//3773 3021//3773
f  3022//3774 3024//3774 3017//3774
f  3025//3775 3026//3775 3022//3775
f  3026//3776 3027//3776 3022//3776
f  3027//3777 3028//3777 3022//3777
f  3028//3778 3024//3778 3022//3778
f  2936//3779 3008//3779 2937//3779
f  3023//3780 3026//3780 3025//3780
f  3015//3781 3029//3781 3002//3781
f  3029//3782 2981//3782 3002//3782
f  3023//3783 3027//3783 3026//3783
f  3029//3784 2982//3784 2981//3784
f  3024//3785 2998//3785 2997//3785
f  2935//3786 3008//3786 2936//3786
f  3024//3787 2958//3787 2998//3787
f  3030//177 2955//177 2956//177
f  3031//177 3030//177 2956//177
f  3032//3788 3031//3788 2956//3788
f  3033//3789 3032//3789 2956//3789
f  2958//3790 3034//3790 2956//3790
f  3034//3791 3033//3791 2956//3791
f  3024//3792 3034//3792 2958//3792
f  3035//3793 3034//3793 3024//3793
f  3028//3794 3035//3794 3024//3794
f  3029//3795 2983//3795 2982//3795
f  3036//3796 3037//3796 2565//3796
f  2559//3797 3036//3797 2565//3797
f  3037//3798 2564//3798 2565//3798
f  3038//3796 3039//3796 2593//3796
f  2592//3799 3038//3799 2593//3799
f  3039//3800 2596//3800 2593//3800
f  3037//3801 3040//3801 2564//3801
f  3040//3802 2760//3802 2564//3802
f  3029//3803 3010//3803 2983//3803
f  3018//3804 3041//3804 3015//3804
f  3041//3805 3029//3805 3015//3805
f  3042//3806 3043//3806 3028//3806
f  3027//3807 3044//3807 3028//3807
f  3044//3808 3042//3808 3028//3808
f  3043//3809 3035//3809 3028//3809
f  3023//3810 3044//3810 3027//3810
f  3045//3811 3036//3811 2559//3811
f  2558//3812 3045//3812 2559//3812
f  3040//3813 2831//3813 2760//3813
f  2591//3814 3038//3814 2592//3814
f  3039//3815 3046//3815 2596//3815
f  3046//3816 2597//3816 2596//3816
f  2935//3817 3047//3817 3008//3817
f  3047//3818 3048//3818 3008//3818
f  3048//3819 3018//3819 3008//3819
f  3035//3820 3033//3820 3034//3820
f  3048//3821 3041//3821 3018//3821
f  2782//3822 3049//3822 2537//3822
f  3049//3822 3016//3822 2537//3822
f  2955//3823 3050//3823 2377//3823
f  3050//8 2378//8 2377//8
f  3049//177 2933//177 3016//177
f  3030//3823 3050//3823 2955//3823
f  3051//3824 3011//3824 3010//3824
f  3029//3825 3051//3825 3010//3825
f  3023//3826 3042//3826 3044//3826
f  3051//3827 3052//3827 3011//3827
f  3052//3828 3012//3828 3011//3828
f  2948//3829 3053//3829 2591//3829
f  3053//3830 3038//3830 2591//3830
f  3041//3831 3051//3831 3029//3831
f  3054//3832 3019//3832 3012//3832
f  3052//3833 3054//3833 3012//3833
f  2934//3834 3047//3834 2935//3834
f  3055//3835 3047//3835 2934//3835
f  2933//3836 3055//3836 2934//3836
f  3035//3837 3032//3837 3033//3837
f  3056//3838 3057//3838 2851//3838
f  3057//3839 2878//3839 2851//3839
f  2850//177 3056//177 2851//177
f  2894//3840 3058//3840 2853//3840
f  3058//177 2852//177 2853//177
f  3059//3841 2781//3841 3020//3841
f  3019//3842 3059//3842 3020//3842
f  3059//3843 3060//3843 2781//3843
f  3060//8 3061//8 2781//8
f  3061//8 2782//8 2781//8
f  3051//3844 3054//3844 3052//3844
f  3062//3845 3051//3845 3041//3845
f  3048//3846 3062//3846 3041//3846
f  3063//1387 3045//1387 2558//1387
f  2560//3847 3063//3847 2558//3847
f  3064//3848 2833//3848 2831//3848
f  3040//3849 3064//3849 2831//3849
f  2950//1389 3065//1389 2948//1389
f  3065//1389 3053//1389 2948//1389
f  3046//3850 3066//3850 2597//3850
f  3066//3851 2598//3851 2597//3851
f  3057//3852 3067//3852 2878//3852
f  3067//3853 3023//3853 2878//3853
f  2915//3854 3068//3854 2894//3854
f  3068//3855 3058//3855 2894//3855
f  3069//3856 3032//3856 3035//3856
f  3043//3857 3069//3857 3035//3857
f  3062//3858 3054//3858 3051//3858
f  3070//3859 3048//3859 3047//3859
f  3055//3860 3070//3860 3047//3860
f  3071//3861 3062//3861 3048//3861
f  3070//3862 3071//3862 3048//3862
f  3049//3863 3055//3863 2933//3863
f  3042//3864 3072//3864 3043//3864
f  3072//3865 3073//3865 3043//3865
f  3073//3866 3074//3866 3043//3866
f  3074//3867 3075//3867 3043//3867
f  3075//3868 3076//3868 3043//3868
f  3076//3869 3077//3869 3043//3869
f  3077//3870 3069//3870 3043//3870
f  3078//1301 3040//1301 3037//1301
f  3036//1301 3078//1301 3037//1301
f  3038//1301 3079//1301 3039//1301
f  3079//1301 3046//1301 3039//1301
f  3080//1301 3078//1301 3036//1301
f  3045//1301 3080//1301 3036//1301
f  3078//1301 3081//1301 3040//1301
f  3082//1301 3064//1301 3040//1301
f  3083//1301 3082//1301 3040//1301
f  3081//1301 3083//1301 3040//1301
f  3084//1301 3079//1301 3038//1301
f  3053//1301 3084//1301 3038//1301
f  3079//1301 3085//1301 3046//1301
f  3085//1301 3066//1301 3046//1301
f  3067//3871 3073//3871 3023//3871
f  3073//3872 3072//3872 3023//3872
f  3072//3873 3042//3873 3023//3873
f  3086//3874 3087//3874 2915//3874
f  2914//3875 3086//3875 2915//3875
f  3087//3876 3068//3876 2915//3876
f  3049//3877 3070//3877 3055//3877
f  3071//3878 3049//3878 3062//3878
f  3049//3879 3088//3879 3062//3879
f  3088//3880 3054//3880 3062//3880
f  3070//3881 3049//3881 3071//3881
f  2925//3882 3089//3882 2914//3882
f  3089//3883 3086//3883 2914//3883
f  1956//3884 3090//3884 1957//3884
f  3090//3884 2961//3884 1957//3884
f  2965//3885 1955//3885 1954//3885
f  3090//177 3091//177 2961//177
f  3091//177 2962//177 2961//177
f  2964//177 3092//177 2965//177
f  3092//177 3093//177 2965//177
f  3093//3885 1955//3885 2965//3885
f  3063//1301 3094//1301 3045//1301
f  3095//1301 3080//1301 3045//1301
f  3094//1301 3095//1301 3045//1301
f  3096//3886 2833//3886 3064//3886
f  3082//1301 3096//1301 3064//1301
f  3065//1301 3084//1301 3053//1301
f  3097//3887 2598//3887 3066//3887
f  3098//1301 3097//1301 3066//1301
f  3085//1301 3099//1301 3066//1301
f  3099//1301 3098//1301 3066//1301
f  3100//3888 3087//3888 3086//3888
f  3101//3889 3100//3889 3086//3889
f  3089//3890 3101//3890 3086//3890
f  3061//3891 3088//3891 2782//3891
f  3088//3891 3049//3891 2782//3891
f  3030//3892 3102//3892 3050//3892
f  3102//8 2378//8 3050//8
f  3103//3892 3102//3892 3030//3892
f  3031//177 3103//177 3030//177
f  3032//3893 3104//3893 3031//3893
f  3104//3894 3105//3894 3031//3894
f  3105//3895 3106//3895 3031//3895
f  3106//3896 3107//3896 3031//3896
f  3107//3897 3108//3897 3031//3897
f  3108//177 3103//177 3031//177
f  3069//3898 3104//3898 3032//3898
f  2925//3899 3101//3899 3089//3899
f  2849//3900 3109//3900 2850//3900
f  3109//3900 3110//3900 2850//3900
f  3110//177 3056//177 2850//177
f  3111//3901 2854//3901 2852//3901
f  3058//177 3111//177 2852//177
f  2855//8 3109//8 2849//8
f  3111//3901 3112//3901 2854//3901
f  3112//8 2866//8 2854//8
f  3113//3902 3101//3902 2925//3902
f  2924//3903 3113//3903 2925//3903
f  3114//8 3109//8 2855//8
f  2963//3904 3114//3904 2855//3904
f  2819//3904 2963//3904 2855//3904
f  3067//3905 3115//3905 3073//3905
f  3115//3906 3074//3906 3073//3906
f  3094//1439 3063//1439 2560//1439
f  3116//1439 3094//1439 2560//1439
f  2557//1301 3116//1301 2560//1301
f  3096//1440 2834//1440 2833//1440
f  2949//1439 3117//1439 2950//1439
f  3117//1439 3065//1439 2950//1439
f  3118//1301 2595//1301 2598//1301
f  3097//1440 3118//1440 2598//1440
f  3115//3907 3075//3907 3074//3907
f  3119//3908 3113//3908 2924//3908
f  2943//3909 3119//3909 2924//3909
f  3069//3910 3120//3910 3104//3910
f  3120//3911 3105//3911 3104//3911
f  3082//1440 2834//1440 3096//1440
f  3117//1301 3121//1301 3065//1301
f  3121//1301 3084//1301 3065//1301
f  3098//1440 3118//1440 3097//1440
f  2942//3912 3119//3912 2943//3912
f  3112//8 3122//8 2866//8
f  3122//3913 2820//3913 2866//3913
f  3122//3913 2964//3913 2820//3913
f  3123//3914 3119//3914 2942//3914
f  2978//3915 3123//3915 2942//3915
f  3077//3916 3120//3916 3069//3916
f  3124//3917 3087//3917 3100//3917
f  3101//3918 3124//3918 3100//3918
f  3125//3919 3124//3919 3101//3919
f  3126//3920 3125//3920 3101//3920
f  3127//3921 3126//3921 3101//3921
f  3113//3922 3127//3922 3101//3922
f  2977//3923 3128//3923 2978//3923
f  3128//3924 3123//3924 2978//3924
f  3125//3925 3087//3925 3124//3925
f  3116//3926 3095//3926 3094//3926
f  3083//3927 3129//3927 3082//3927
f  3129//3928 2834//3928 3082//3928
f  2949//3929 3121//3929 3117//3929
f  3130//3930 3118//3930 3098//3930
f  3099//3931 3130//3931 3098//3931
f  3119//3932 3127//3932 3113//3932
f  2976//3933 3128//3933 2977//3933
f  3076//3934 3131//3934 3077//3934
f  3131//3935 3120//3935 3077//3935
f  2639//3936 3128//3936 2976//3936
f  3132//3937 3128//3937 2639//3937
f  2324//1301 3133//1301 2639//1301
f  3133//1301 3132//1301 2639//1301
f  3120//3938 3106//3938 3105//3938
f  3115//3939 3134//3939 3075//3939
f  3134//3940 3076//3940 3075//3940
f  3135//1478 3095//1478 3116//1478
f  3136//1301 3135//1301 3116//1301
f  2557//1301 3137//1301 3116//1301
f  3137//1301 3136//1301 3116//1301
f  3129//1301 2571//1301 2834//1301
f  3138//3941 3121//3941 2949//3941
f  2947//1301 3138//1301 2949//1301
f  3139//1301 2595//1301 3118//1301
f  3130//1301 3139//1301 3118//1301
f  3123//3942 3140//3942 3119//3942
f  3140//3943 3141//3943 3119//3943
f  3141//3944 3127//3944 3119//3944
f  1955//605 3093//605 1956//605
f  3093//605 3090//605 1956//605
f  3093//177 3142//177 3090//177
f  3142//177 3091//177 3090//177
f  3092//177 3142//177 3093//177
f  3143//3945 3144//3945 3076//3945
f  3145//3946 3143//3946 3076//3946
f  3134//3947 3145//3947 3076//3947
f  3144//3948 3131//3948 3076//3948
f  3146//680 3147//680 3061//680
f  3147//680 3088//680 3061//680
f  3060//8 3146//8 3061//8
f  3103//681 3148//681 3102//681
f  3148//8 2378//8 3102//8
f  3147//177 3149//177 3088//177
f  3149//177 3150//177 3088//177
f  3150//177 3054//177 3088//177
f  3151//681 3148//681 3103//681
f  3108//177 3151//177 3103//177
f  3128//3949 3140//3949 3123//3949
f  3152//3950 3106//3950 3120//3950
f  3131//3951 3152//3951 3120//3951
f  3153//3952 3080//3952 3095//3952
f  3135//3953 3153//3953 3095//3953
f  3081//3954 3154//3954 3083//3954
f  3154//3955 3129//3955 3083//3955
f  3138//3956 3084//3956 3121//3956
f  3155//3957 3130//3957 3099//3957
f  3085//3958 3155//3958 3099//3958
f  3132//3959 3140//3959 3128//3959
f  3156//3960 3141//3960 3140//3960
f  3132//3961 3156//3961 3140//3961
f  3152//3962 3107//3962 3106//3962
f  3157//3963 3156//3963 3132//3963
f  3133//1301 3157//1301 3132//1301
f  3115//3964 3158//3964 3134//3964
f  3158//3965 3145//3965 3134//3965
f  3159//3966 3160//3966 3126//3966
f  3127//3967 3161//3967 3126//3967
f  3161//3968 3162//3968 3126//3968
f  3162//3969 3159//3969 3126//3969
f  3160//3970 3125//3970 3126//3970
f  3163//3971 3108//3971 3107//3971
f  3152//3972 3163//3972 3107//3972
f  3141//3973 3164//3973 3127//3973
f  3164//3974 3161//3974 3127//3974
f  3165//3975 3166//3975 3108//3975
f  3167//3976 3165//3976 3108//3976
f  3163//3977 3167//3977 3108//3977
f  3166//177 3151//177 3108//177
f  3160//3978 3087//3978 3125//3978
f  3158//3979 3143//3979 3145//3979
f  3159//3980 3087//3980 3160//3980
f  3152//3981 3168//3981 3163//3981
f  3168//3982 3169//3982 3163//3982
f  3169//3983 3167//3983 3163//3983
f  3170//3984 3078//3984 3080//3984
f  3153//3985 3170//3985 3080//3985
f  3078//3986 3171//3986 3081//3986
f  3171//3987 3154//3987 3081//3987
f  3172//3984 3079//3984 3084//3984
f  3173//3988 3172//3988 3084//3988
f  3138//3989 3173//3989 3084//3989
f  3174//3990 3155//3990 3085//3990
f  3079//3991 3174//3991 3085//3991
f  3175//3992 3164//3992 3141//3992
f  3156//3993 3176//3993 3141//3993
f  3176//3994 3175//3994 3141//3994
f  3170//3995 3177//3995 3078//3995
f  3177//3996 3171//3996 3078//3996
f  3172//3995 3178//3995 3079//3995
f  3178//3997 3174//3997 3079//3997
f  3144//3998 3179//3998 3131//3998
f  3179//3999 3152//3999 3131//3999
f  3180//223 3181//223 2594//223
f  3181//223 3182//223 2594//223
f  3182//223 2589//223 2594//223
f  2595//4000 3139//4000 2594//4000
f  3139//4000 3180//4000 2594//4000
f  3183//4001 3184//4001 3056//4001
f  3184//4002 3057//4002 3056//4002
f  3110//177 3183//177 3056//177
f  3068//4003 3185//4003 3058//4003
f  3185//177 3111//177 3058//177
f  3157//4004 3176//4004 3156//4004
f  3157//4005 3175//4005 3176//4005
f  3184//4006 3186//4006 3057//4006
f  3186//4007 3067//4007 3057//4007
f  3187//4008 3188//4008 3068//4008
f  3188//4009 3189//4009 3068//4009
f  3189//4010 3190//4010 3068//4010
f  3190//4011 3191//4011 3068//4011
f  3191//4012 3192//4012 3068//4012
f  3087//4013 3187//4013 3068//4013
f  3192//4014 3185//4014 3068//4014
f  3136//1301 3153//1301 3135//1301
f  3154//1301 2571//1301 3129//1301
f  2947//1301 3173//1301 3138//1301
f  3193//1301 3194//1301 3130//1301
f  3155//1301 3193//1301 3130//1301
f  3195//1301 3139//1301 3130//1301
f  3194//1301 3195//1301 3130//1301
f  3139//4015 3195//4015 3180//4015
f  3195//4015 3181//4015 3180//4015
f  3196//4016 3164//4016 3175//4016
f  3157//4017 3196//4017 3175//4017
f  3197//4018 3196//4018 3157//4018
f  3133//1301 3197//1301 3157//1301
f  3179//4019 3168//4019 3152//4019
f  3198//4020 3199//4020 3144//4020
f  3200//4021 3198//4021 3144//4021
f  3143//4022 3200//4022 3144//4022
f  3199//4023 3179//4023 3144//4023
f  3158//4024 3200//4024 3143//4024
f  3201//4025 3202//4025 3146//4025
f  3202//4025 3147//4025 3146//4025
f  3060//8 3201//8 3146//8
f  3151//4026 3201//4026 3148//4026
f  3201//8 2378//8 3148//8
f  3202//177 3149//177 3147//177
f  3202//4026 3201//4026 3151//4026
f  3166//177 3202//177 3151//177
f  3162//4027 3087//4027 3159//4027
f  2731//4028 2557//4028 2555//4028
f  2731//4028 3137//4028 2557//4028
f  3203//4029 3204//4029 3161//4029
f  3204//4030 3205//4030 3161//4030
f  3205//4031 3162//4031 3161//4031
f  3164//4032 3206//4032 3161//4032
f  3206//4033 3203//4033 3161//4033
f  3207//4034 3206//4034 3164//4034
f  3196//4035 3207//4035 3164//4035
f  3197//4036 3207//4036 3196//4036
f  3197//4037 3206//4037 3207//4037
f  3195//4038 3194//4038 3181//4038
f  3194//4038 3182//4038 3181//4038
f  3150//4039 3019//4039 3054//4039
f  3186//4040 3208//4040 3067//4040
f  3208//4040 3115//4040 3067//4040
f  3209//4041 3210//4041 3087//4041
f  3211//4042 3212//4042 3087//4042
f  3212//4043 3213//4043 3087//4043
f  3213//4044 3209//4044 3087//4044
f  3162//4045 3205//4045 3087//4045
f  3205//4046 3211//4046 3087//4046
f  3210//4047 3187//4047 3087//4047
f  3169//4048 3214//4048 3167//4048
f  3214//4049 3165//4049 3167//4049
f  3215//4050 3203//4050 3206//4050
f  3197//4051 3215//4051 3206//4051
f  3216//4052 3172//4052 3173//4052
f  3217//1301 3216//1301 3173//1301
f  2947//1301 3217//1301 3173//1301
f  3218//4053 3203//4053 3215//4053
f  3197//4054 3218//4054 3215//4054
f  3133//4055 3218//4055 3197//4055
f  2730//4056 3137//4056 2731//4056
f  2730//4056 3136//4056 3137//4056
f  3158//4057 3219//4057 3200//4057
f  3219//4058 3198//4058 3200//4058
f  3220//4059 3203//4059 3218//4059
f  3221//4060 3220//4060 3218//4060
f  3133//4061 3221//4061 3218//4061
f  3194//4062 3193//4062 3182//4062
f  3193//4062 2589//4062 3182//4062
f  3221//4063 3203//4063 3220//4063
f  3150//4064 3222//4064 3019//4064
f  3222//4065 3223//4065 3019//4065
f  3223//4066 3059//4066 3019//4066
f  3060//8 2378//8 3201//8
f  3166//177 3224//177 3202//177
f  3224//177 3149//177 3202//177
f  3225//4067 3226//4067 3203//4067
f  3226//4068 3204//4068 3203//4068
f  3227//4069 3225//4069 3203//4069
f  3221//4070 3227//4070 3203//4070
f  3204//4071 3211//4071 3205//4071
f  3223//4072 3060//4072 3059//4072
f  3228//4073 3227//4073 3221//4073
f  3229//4074 3228//4074 3221//4074
f  3133//4075 3229//4075 3221//4075
f  3230//4076 2750//4076 2380//4076
f  3231//4077 3230//4077 2380//4077
f  2381//8 3231//8 2380//8
f  3230//4076 2751//4076 2750//4076
f  3153//1435 3136//1435 2730//1435
f  3170//1435 3153//1435 2730//1435
f  3177//1435 3170//1435 2730//1435
f  2740//1435 3177//1435 2730//1435
f  3230//4078 3232//4078 2751//4078
f  3233//4079 2800//4079 2751//4079
f  3232//4080 3233//4080 2751//4080
f  2740//1435 3171//1435 3177//1435
f  2740//1435 3154//1435 3171//1435
f  2740//1435 2571//1435 3154//1435
f  3233//4081 3234//4081 2800//4081
f  3234//4082 2798//4082 2800//4082
f  3234//4082 2799//4082 2798//4082
f  3235//4083 2801//4083 2799//4083
f  3234//4084 3235//4084 2799//4084
f  3235//4085 3236//4085 2801//4085
f  3236//4086 2802//4086 2801//4086
f  3236//4087 3237//4087 2802//4087
f  3237//4088 3238//4088 2802//4088
f  3238//4089 2830//4089 2802//4089
f  3239//4090 2829//4090 2830//4090
f  3240//4091 3239//4091 2830//4091
f  3238//4092 3240//4092 2830//4092
f  3241//4093 2807//4093 2829//4093
f  3239//4094 3241//4094 2829//4094
f  3242//4095 2806//4095 2807//4095
f  3241//4096 3242//4096 2807//4096
f  3242//4097 3243//4097 2806//4097
f  3243//1435 2316//1435 2806//1435
f  3242//4098 3244//4098 3243//4098
f  3244//1435 3245//1435 3243//1435
f  3245//1435 3246//1435 3243//1435
f  3246//1435 3247//1435 3243//1435
f  3247//1435 3248//1435 3243//1435
f  3248//1435 2316//1435 3243//1435
f  3249//4099 3250//4099 3244//4099
f  3242//4100 3251//4100 3244//4100
f  3251//4101 3249//4101 3244//4101
f  3250//1435 3245//1435 3244//1435
f  2569//1435 2571//1435 2740//1435
f  3249//4102 3252//4102 3250//4102
f  3252//1435 3245//1435 3250//1435
f  2568//1435 2574//1435 2569//1435
f  2574//1435 2571//1435 2569//1435
f  3253//4103 3245//4103 3252//4103
f  3249//4104 3253//4104 3252//4104
f  2581//1435 2578//1435 2568//1435
f  2578//1435 2574//1435 2568//1435
f  3248//1435 2323//1435 2316//1435
f  3254//4105 3246//4105 3245//4105
f  3253//4106 3254//4106 3245//4106
f  3254//4107 3247//4107 3246//4107
f  3255//4108 3248//4108 3247//4108
f  3254//4109 3255//4109 3247//4109
f  3256//4110 3257//4110 3248//4110
f  3255//4111 3256//4111 3248//4111
f  3257//1435 2323//1435 3248//1435
f  2946//1435 2947//1435 2581//1435
f  2947//1435 2578//1435 2581//1435
f  3256//4112 3258//4112 3257//4112
f  3258//1435 2323//1435 3257//1435
f  3256//4113 3259//4113 3258//4113
f  3259//1435 2323//1435 3258//1435
f  2946//1435 3217//1435 2947//1435
f  2588//1435 3217//1435 2946//1435
f  3256//4114 3260//4114 3259//4114
f  3228//4115 3229//4115 3259//4115
f  3260//4116 3228//4116 3259//4116
f  3229//1435 2323//1435 3259//1435
f  2589//1435 3174//1435 2588//1435
f  3174//1435 3178//1435 2588//1435
f  3178//1435 3172//1435 2588//1435
f  3172//1435 3216//1435 2588//1435
f  3216//1435 3217//1435 2588//1435
f  2589//1435 3155//1435 3174//1435
f  2589//1435 3193//1435 3155//1435
f  3133//1435 2324//1435 2323//1435
f  3229//1435 3133//1435 2323//1435
f  3261//4117 3214//4117 3169//4117
f  3168//4118 3262//4118 3169//4118
f  3262//4119 3263//4119 3169//4119
f  3263//4120 3261//4120 3169//4120
f  3199//4121 3264//4121 3179//4121
f  3264//4122 3168//4122 3179//4122
f  3260//4123 3227//4123 3228//4123
f  3265//4124 3266//4124 3227//4124
f  3260//4125 3265//4125 3227//4125
f  3266//4126 3225//4126 3227//4126
f  3267//4127 3265//4127 3260//4127
f  3268//4128 3267//4128 3260//4128
f  3256//4129 3269//4129 3260//4129
f  3269//4130 3270//4130 3260//4130
f  3270//4131 3268//4131 3260//4131
f  3255//4132 3271//4132 3256//4132
f  3271//4133 3272//4133 3256//4133
f  3272//4134 3269//4134 3256//4134
f  3273//4135 3274//4135 3255//4135
f  3274//4136 3271//4136 3255//4136
f  3254//4137 3275//4137 3255//4137
f  3275//4138 3273//4138 3255//4138
f  3241//4139 3251//4139 3242//4139
f  3253//4140 3276//4140 3254//4140
f  3276//4141 3277//4141 3254//4141
f  3277//4142 3275//4142 3254//4142
f  3226//4143 3211//4143 3204//4143
f  3278//4144 3279//4144 3253//4144
f  3279//4145 3276//4145 3253//4145
f  3249//4146 3280//4146 3253//4146
f  3280//4147 3281//4147 3253//4147
f  3281//4148 3278//4148 3253//4148
f  3282//4149 3280//4149 3249//4149
f  3251//4150 3283//4150 3249//4150
f  3283//4151 3282//4151 3249//4151
f  3284//4152 3251//4152 3241//4152
f  3239//4153 3284//4153 3241//4153
f  3284//4154 3285//4154 3251//4154
f  3285//4155 3286//4155 3251//4155
f  3286//4156 3283//4156 3251//4156
f  3287//4157 3285//4157 3284//4157
f  3239//4158 3287//4158 3284//4158
f  3288//4159 3285//4159 3287//4159
f  3239//4160 3288//4160 3287//4160
f  3225//4161 3211//4161 3226//4161
f  3230//4162 3289//4162 3232//4162
f  3290//4163 3233//4163 3232//4163
f  3289//4164 3290//4164 3232//4164
f  3240//4165 3288//4165 3239//4165
f  3231//4166 3291//4166 3230//4166
f  3291//4167 3289//4167 3230//4167
f  3290//4168 3292//4168 3233//4168
f  3292//4169 3234//4169 3233//4169
f  3292//4170 3235//4170 3234//4170
f  3238//4171 3293//4171 3240//4171
f  3293//4172 3294//4172 3240//4172
f  3294//4173 3295//4173 3240//4173
f  3295//4174 3296//4174 3240//4174
f  3296//4175 3288//4175 3240//4175
f  3235//4176 3237//4176 3236//4176
f  3297//4177 3285//4177 3288//4177
f  3296//4178 3297//4178 3288//4178
f  3298//4179 3299//4179 3168//4179
f  3299//4180 3262//4180 3168//4180
f  3264//4181 3298//4181 3168//4181
f  3237//4182 3300//4182 3238//4182
f  3300//4183 3293//4183 3238//4183
f  3266//4184 3211//4184 3225//4184
f  3301//4185 3291//4185 3231//4185
f  3302//4186 3303//4186 3231//4186
f  3303//4187 3304//4187 3231//4187
f  3304//4188 3301//4188 3231//4188
f  2381//8 3302//8 3231//8
f  3305//4189 3211//4189 3266//4189
f  3265//4190 3305//4190 3266//4190
f  3301//4191 3289//4191 3291//4191
f  3267//4192 3306//4192 3265//4192
f  3306//4193 3307//4193 3265//4193
f  3307//4194 3308//4194 3265//4194
f  3308//4195 3305//4195 3265//4195
f  3268//4196 3306//4196 3267//4196
f  3270//4197 3306//4197 3268//4197
f  3309//4198 3306//4198 3270//4198
f  3269//4199 3309//4199 3270//4199
f  3272//4200 3309//4200 3269//4200
f  3271//4201 3309//4201 3272//4201
f  3304//4202 3289//4202 3301//4202
f  3310//4203 3309//4203 3271//4203
f  3274//4204 3310//4204 3271//4204
f  3273//4205 3311//4205 3274//4205
f  3311//4206 3312//4206 3274//4206
f  3312//4207 3310//4207 3274//4207
f  3275//4208 3313//4208 3273//4208
f  3313//4209 3311//4209 3273//4209
f  3235//4210 3314//4210 3237//4210
f  3314//4211 3300//4211 3237//4211
f  3315//4212 3289//4212 3304//4212
f  3303//4213 3315//4213 3304//4213
f  3292//4214 3314//4214 3235//4214
f  3208//4215 3316//4215 3115//4215
f  3316//4216 3158//4216 3115//4216
f  3309//4217 3317//4217 3306//4217
f  3317//4218 3307//4218 3306//4218
f  3318//4219 3224//4219 3166//4219
f  3319//4220 3318//4220 3166//4220
f  3165//4221 3320//4221 3166//4221
f  3320//4222 3321//4222 3166//4222
f  3321//4223 3322//4223 3166//4223
f  3322//4224 3319//4224 3166//4224
f  3214//4225 3320//4225 3165//4225
f  3323//4226 3290//4226 3289//4226
f  3315//4227 3323//4227 3289//4227
f  3277//4228 3324//4228 3275//4228
f  3324//4229 3313//4229 3275//4229
f  3276//4230 3325//4230 3277//4230
f  3325//4231 3324//4231 3277//4231
f  3279//4232 3326//4232 3276//4232
f  3326//4233 3325//4233 3276//4233
f  3290//4234 3314//4234 3292//4234
f  3323//4235 3314//4235 3290//4235
f  3327//4236 3326//4236 3279//4236
f  3328//4237 3327//4237 3279//4237
f  3278//4238 3328//4238 3279//4238
f  3329//4239 3328//4239 3278//4239
f  3281//4240 3329//4240 3278//4240
f  3295//4241 3297//4241 3296//4241
f  3198//4242 3330//4242 3199//4242
f  3330//4243 3331//4243 3199//4243
f  3331//4244 3332//4244 3199//4244
f  3332//4245 3264//4245 3199//4245
f  3333//4246 3329//4246 3281//4246
f  3334//4247 3333//4247 3281//4247
f  3280//4248 3334//4248 3281//4248
f  3219//4249 3330//4249 3198//4249
f  3335//4250 3294//4250 3293//4250
f  3300//4251 3336//4251 3293//4251
f  3336//4252 3335//4252 3293//4252
f  3314//4253 3337//4253 3300//4253
f  3337//4254 3338//4254 3300//4254
f  3338//4255 3336//4255 3300//4255
f  3294//4256 3297//4256 3295//4256
f  3282//4257 3334//4257 3280//4257
f  3283//4258 3334//4258 3282//4258
f  3339//4259 3334//4259 3283//4259
f  3286//4260 3339//4260 3283//4260
f  3285//4261 3339//4261 3286//4261
f  3297//4262 3339//4262 3285//4262
f  3294//4263 3339//4263 3297//4263
f  3335//4264 3339//4264 3294//4264
f  3261//4265 3320//4265 3214//4265
f  3263//4266 3340//4266 3261//4266
f  3340//4267 3320//4267 3261//4267
f  3219//4268 3331//4268 3330//4268
f  3341//4269 3337//4269 3314//4269
f  3323//4270 3341//4270 3314//4270
f  3303//4271 3342//4271 3315//4271
f  3343//4272 3323//4272 3315//4272
f  3342//4273 3343//4273 3315//4273
f  3338//4274 3344//4274 3336//4274
f  3344//4275 3335//4275 3336//4275
f  3343//4276 3341//4276 3323//4276
f  3341//4277 3345//4277 3337//4277
f  3345//4278 3338//4278 3337//4278
f  3332//4279 3346//4279 3264//4279
f  3346//4280 3347//4280 3264//4280
f  3347//4281 3348//4281 3264//4281
f  3348//4282 3298//4282 3264//4282
f  3349//4283 3350//4283 3302//4283
f  3350//4284 3351//4284 3302//4284
f  3351//4285 3352//4285 3302//4285
f  3352//4286 3303//4286 3302//4286
f  2381//8 3349//8 3302//8
f  3353//4287 3354//4287 3331//4287
f  3219//4288 3353//4288 3331//4288
f  3354//4289 3332//4289 3331//4289
f  3262//4290 3340//4290 3263//4290
f  3352//4291 3342//4291 3303//4291
f  3299//4292 3340//4292 3262//4292
f  3343//4293 3345//4293 3341//4293
f  3351//4294 3342//4294 3352//4294
f  3355//4295 3339//4295 3335//4295
f  3344//4296 3355//4296 3335//4296
f  3350//4297 3342//4297 3351//4297
f  3356//4298 3343//4298 3342//4298
f  3350//4299 3356//4299 3342//4299
f  3356//4300 3357//4300 3343//4300
f  3357//4301 3345//4301 3343//4301
f  3358//4302 3219//4302 3158//4302
f  3316//4303 3358//4303 3158//4303
f  3359//4304 3360//4304 3309//4304
f  3360//4305 3317//4305 3309//4305
f  3310//4306 3359//4306 3309//4306
f  3361//4307 3344//4307 3338//4307
f  3345//4308 3362//4308 3338//4308
f  3362//4309 3361//4309 3338//4309
f  3307//4310 3363//4310 3308//4310
f  3363//4311 3305//4311 3308//4311
f  3317//4312 3363//4312 3307//4312
f  3363//4313 3364//4313 3305//4313
f  3364//4314 3211//4314 3305//4314
f  3365//4315 3363//4315 3317//4315
f  3360//4316 3365//4316 3317//4316
f  3366//4317 3340//4317 3299//4317
f  3298//4318 3366//4318 3299//4318
f  3109//4319 3367//4319 3110//4319
f  3367//4319 3368//4319 3110//4319
f  3368//177 3369//177 3110//177
f  3369//177 3183//177 3110//177
f  3370//4320 3112//4320 3111//4320
f  3371//177 3370//177 3111//177
f  3185//177 3371//177 3111//177
f  3114//8 3367//8 3109//8
f  3370//4320 3372//4320 3112//4320
f  3372//8 3373//8 3112//8
f  3373//8 3122//8 3112//8
f  3374//4321 3375//4321 3332//4321
f  3376//4322 3374//4322 3332//4322
f  3354//4323 3376//4323 3332//4323
f  3375//4324 3377//4324 3332//4324
f  3377//4325 3346//4325 3332//4325
f  3359//4326 3365//4326 3360//4326
f  3149//4327 3222//4327 3150//4327
f  3310//4328 3365//4328 3359//4328
f  3348//4329 3366//4329 3298//4329
f  3340//4330 3321//4330 3320//4330
f  3378//8 3367//8 3114//8
f  2962//4331 3378//4331 3114//4331
f  2963//4331 2962//4331 3114//4331
f  3364//4332 3212//4332 3211//4332
f  3365//4333 3379//4333 3363//4333
f  3379//4334 3380//4334 3363//4334
f  3380//4335 3381//4335 3363//4335
f  3381//4336 3364//4336 3363//4336
f  3364//4337 3382//4337 3212//4337
f  3382//4338 3213//4338 3212//4338
f  3383//4339 3384//4339 3345//4339
f  3384//4340 3385//4340 3345//4340
f  3385//4341 3362//4341 3345//4341
f  3357//4342 3383//4342 3345//4342
f  3386//4343 3350//4343 3349//4343
f  2381//8 3386//8 3349//8
f  3386//4344 3387//4344 3350//4344
f  3387//4345 3356//4345 3350//4345
f  3340//4346 3322//4346 3321//4346
f  3388//4347 3389//4347 3381//4347
f  3390//4348 3388//4348 3381//4348
f  3391//4349 3390//4349 3381//4349
f  3380//4350 3391//4350 3381//4350
f  3389//4351 3364//4351 3381//4351
f  3392//4352 3366//4352 3348//4352
f  3347//4353 3392//4353 3348//4353
f  3223//4354 3393//4354 3060//4354
f  3393//8 2378//8 3060//8
f  3393//8 3394//8 2378//8
f  3394//8 2379//8 2378//8
f  3395//8 3396//8 2379//8
f  3396//8 3397//8 2379//8
f  3397//8 3398//8 2379//8
f  3398//8 2381//8 2379//8
f  3394//8 3399//8 2379//8
f  3399//8 3395//8 2379//8
f  3400//8 3386//8 2381//8
f  3401//8 3400//8 2381//8
f  3402//8 3401//8 2381//8
f  3398//8 3403//8 2381//8
f  3403//8 3404//8 2381//8
f  3404//8 3402//8 2381//8
f  3405//4355 3387//4355 3386//4355
f  3400//8 3405//8 3386//8
f  3406//4356 3365//4356 3310//4356
f  3312//4357 3406//4357 3310//4357
f  3311//4358 3406//4358 3312//4358
f  3406//4359 3407//4359 3365//4359
f  3407//4360 3379//4360 3365//4360
f  3408//4361 3333//4361 3334//4361
f  3339//4362 3409//4362 3334//4362
f  3409//4363 3410//4363 3334//4363
f  3410//4364 3408//4364 3334//4364
f  3389//4365 3382//4365 3364//4365
f  3361//4366 3355//4366 3344//4366
f  3362//4367 3355//4367 3361//4367
f  3380//4368 3411//4368 3391//4368
f  3412//4369 3390//4369 3391//4369
f  3411//4370 3412//4370 3391//4370
f  3369//4371 3413//4371 3183//4371
f  3413//4372 3184//4372 3183//4372
f  3192//4373 3371//4373 3185//4373
f  3414//177 3412//177 3415//177
f  3416//177 3414//177 3415//177
f  3417//177 3416//177 3415//177
f  3418//4374 3419//4374 3415//4374
f  3419//4375 3420//4375 3415//4375
f  3420//4376 3421//4376 3415//4376
f  3421//4377 3417//4377 3415//4377
f  3412//4378 3411//4378 3415//4378
f  3411//4379 3422//4379 3415//4379
f  3422//4380 3418//4380 3415//4380
f  3423//4381 3424//4381 3389//4381
f  3425//4382 3423//4382 3389//4382
f  3388//4383 3425//4383 3389//4383
f  3424//4384 3382//4384 3389//4384
f  3382//4385 3209//4385 3213//4385
f  3423//4386 3388//4386 3390//4386
f  3412//4387 3423//4387 3390//4387
f  3382//4388 3210//4388 3209//4388
f  3380//4389 3422//4389 3411//4389
f  3423//4390 3425//4390 3388//4390
f  3407//4391 3426//4391 3379//4391
f  3426//4392 3380//4392 3379//4392
f  3427//4393 3210//4393 3382//4393
f  3424//4394 3427//4394 3382//4394
f  3313//4395 3406//4395 3311//4395
f  3427//4396 3187//4396 3210//4396
f  3426//4397 3422//4397 3380//4397
f  3428//177 3429//177 3412//177
f  3414//177 3428//177 3412//177
f  3430//4398 3423//4398 3412//4398
f  3429//4399 3430//4399 3412//4399
f  3431//4400 3424//4400 3423//4400
f  3430//4401 3431//4401 3423//4401
f  3353//4402 3376//4402 3354//4402
f  3431//4403 3432//4403 3424//4403
f  3432//4404 3433//4404 3424//4404
f  3433//4405 3434//4405 3424//4405
f  3434//4406 3427//4406 3424//4406
f  3430//4407 3432//4407 3431//4407
f  3426//4408 3418//4408 3422//4408
f  3413//4409 3435//4409 3184//4409
f  3435//4410 3186//4410 3184//4410
f  3191//4411 3436//4411 3192//4411
f  3436//4412 3437//4412 3192//4412
f  3437//4413 3371//4413 3192//4413
f  3438//4414 3188//4414 3187//4414
f  3427//4415 3438//4415 3187//4415
f  3430//4416 3433//4416 3432//4416
f  3356//4417 3439//4417 3357//4417
f  3439//4418 3440//4418 3357//4418
f  3440//4419 3441//4419 3357//4419
f  3441//4420 3383//4420 3357//4420
f  3385//4421 3355//4421 3362//4421
f  3346//4422 3392//4422 3347//4422
f  3434//4423 3438//4423 3427//4423
f  3353//4424 3374//4424 3376//4424
f  3433//4425 3442//4425 3434//4425
f  3442//4426 3443//4426 3434//4426
f  3443//4427 3438//4427 3434//4427
f  3373//4428 2964//4428 3122//4428
f  3373//4428 3092//4428 2964//4428
f  3405//4429 3444//4429 3387//4429
f  3444//4430 3356//4430 3387//4430
f  3445//4431 3446//4431 3356//4431
f  3444//4432 3445//4432 3356//4432
f  3446//4433 3447//4433 3356//4433
f  3447//4434 3439//4434 3356//4434
f  3448//4435 3189//4435 3188//4435
f  3438//4436 3448//4436 3188//4436
f  3353//4437 3449//4437 3374//4437
f  3449//4438 3375//4438 3374//4438
f  3430//4439 3442//4439 3433//4439
f  3313//4440 3450//4440 3406//4440
f  3450//4441 3451//4441 3406//4441
f  3451//4442 3407//4442 3406//4442
f  3443//4443 3448//4443 3438//4443
f  3452//4444 3322//4444 3340//4444
f  3366//4445 3452//4445 3340//4445
f  3442//4446 3453//4446 3443//4446
f  3453//4447 3454//4447 3443//4447
f  3454//4448 3448//4448 3443//4448
f  3384//4449 3355//4449 3385//4449
f  3430//4450 3455//4450 3442//4450
f  3455//4451 3456//4451 3442//4451
f  3456//4452 3453//4452 3442//4452
f  3457//4453 3454//4453 3453//4453
f  3456//4454 3457//4454 3453//4454
f  3324//4455 3450//4455 3313//4455
f  3448//4456 3190//4456 3189//4456
f  3458//4457 3459//4457 3448//4457
f  3459//4458 3460//4458 3448//4458
f  3460//4459 3191//4459 3448//4459
f  3191//4460 3190//4460 3448//4460
f  3454//4461 3458//4461 3448//4461
f  3426//4462 3419//4462 3418//4462
f  3457//4463 3458//4463 3454//4463
f  3461//4464 3419//4464 3426//4464
f  3407//4465 3461//4465 3426//4465
f  3451//4466 3461//4466 3407//4466
f  3462//4467 3458//4467 3457//4467
f  3456//4468 3462//4468 3457//4468
f  3325//4469 3450//4469 3324//4469
f  3463//4470 3355//4470 3384//4470
f  3383//4471 3463//4471 3384//4471
f  3464//4472 3465//4472 3458//4472
f  3462//4473 3464//4473 3458//4473
f  3465//4474 3459//4474 3458//4474
f  3456//4475 3464//4475 3462//4475
f  3455//4476 3466//4476 3456//4476
f  3466//4477 3467//4477 3456//4477
f  3467//4478 3468//4478 3456//4478
f  3468//4479 3469//4479 3456//4479
f  3469//4480 3464//4480 3456//4480
f  3460//4481 3436//4481 3191//4481
f  3405//4482 3445//4482 3444//4482
f  3400//4483 3470//4483 3405//4483
f  3470//4484 3445//4484 3405//4484
f  3471//4485 3392//4485 3346//4485
f  3377//4486 3471//4486 3346//4486
f  3469//4487 3465//4487 3464//4487
f  3472//4488 3473//4488 3430//4488
f  3473//4489 3455//4489 3430//4489
f  3429//4490 3474//4490 3430//4490
f  3474//4491 3475//4491 3430//4491
f  3475//4492 3472//4492 3430//4492
f  3473//4493 3476//4493 3455//4493
f  3476//4494 3466//4494 3455//4494
f  3469//4495 3459//4495 3465//4495
f  3477//4496 3437//4496 3436//4496
f  3460//4497 3477//4497 3436//4497
f  3478//4498 3437//4498 3477//4498
f  3479//4499 3478//4499 3477//4499
f  3460//4500 3479//4500 3477//4500
f  3480//4501 3479//4501 3460//4501
f  3481//4502 3480//4502 3460//4502
f  3459//4503 3481//4503 3460//4503
f  3482//4504 3459//4504 3469//4504
f  3468//4505 3482//4505 3469//4505
f  3482//4506 3468//4506 3459//4506
f  3468//4507 3483//4507 3459//4507
f  3483//4508 3481//4508 3459//4508
f  3479//4509 3437//4509 3478//4509
f  3467//4510 3483//4510 3468//4510
f  3375//4511 3471//4511 3377//4511
f  3461//4512 3420//4512 3419//4512
f  3484//4513 3450//4513 3325//4513
f  3326//4514 3484//4514 3325//4514
f  3480//4515 3437//4515 3479//4515
f  3466//4516 3483//4516 3467//4516
f  3435//4517 3485//4517 3186//4517
f  3485//4518 3208//4518 3186//4518
f  3486//4519 3483//4519 3466//4519
f  3476//4520 3486//4520 3466//4520
f  3486//4521 3487//4521 3483//4521
f  3487//4522 3481//4522 3483//4522
f  3488//4523 3353//4523 3219//4523
f  3358//4524 3488//4524 3219//4524
f  3470//4525 3446//4525 3445//4525
f  3489//4526 3480//4526 3481//4526
f  3487//4527 3489//4527 3481//4527
f  3489//4528 3437//4528 3480//4528
f  3473//4529 3486//4529 3476//4529
f  3452//4530 3319//4530 3322//4530
f  3461//4531 3421//4531 3420//4531
f  3449//4532 3490//4532 3375//4532
f  3490//4533 3491//4533 3375//4533
f  3491//4534 3471//4534 3375//4534
f  3492//4535 3493//4535 3489//4535
f  3493//4536 3437//4536 3489//4536
f  3487//4537 3492//4537 3489//4537
f  3473//4538 3494//4538 3486//4538
f  3494//4539 3495//4539 3486//4539
f  3495//4540 3487//4540 3486//4540
f  3495//4541 3492//4541 3487//4541
f  3496//4542 3493//4542 3492//4542
f  3495//4543 3496//4543 3492//4543
f  3441//4544 3463//4544 3383//4544
f  3440//4545 3463//4545 3441//4545
f  3472//4546 3494//4546 3473//4546
f  3497//4547 3463//4547 3440//4547
f  3439//4548 3497//4548 3440//4548
f  3498//4549 3494//4549 3472//4549
f  3475//4550 3498//4550 3472//4550
f  3484//4551 3499//4551 3450//4551
f  3499//4552 3451//4552 3450//4552
f  3500//177 3416//177 3417//177
f  3501//177 3500//177 3417//177
f  3502//4553 3501//4553 3417//4553
f  3421//4554 3503//4554 3417//4554
f  3503//4555 3502//4555 3417//4555
f  3498//4556 3504//4556 3494//4556
f  3504//4557 3495//4557 3494//4557
f  3505//4558 3506//4558 3461//4558
f  3506//4559 3421//4559 3461//4559
f  3451//4560 3505//4560 3461//4560
f  3507//4561 3452//4561 3366//4561
f  3392//4562 3507//4562 3366//4562
f  3506//4563 3503//4563 3421//4563
f  3504//4564 3508//4564 3495//4564
f  3508//4565 3496//4565 3495//4565
f  3508//4566 3493//4566 3496//4566
f  3499//4567 3505//4567 3451//4567
f  3447//4568 3497//4568 3439//4568
f  3446//4569 3497//4569 3447//4569
f  3474//4570 3498//4570 3475//4570
f  3470//4571 3509//4571 3446//4571
f  3509//4572 3497//4572 3446//4572
f  3509//4573 3470//4573 3400//4573
f  3401//4574 3509//4574 3400//4574
f  3510//4575 3493//4575 3508//4575
f  3504//4576 3510//4576 3508//4576
f  3474//4577 3511//4577 3498//4577
f  3511//4578 3512//4578 3498//4578
f  3512//4579 3504//4579 3498//4579
f  3513//4580 3514//4580 3339//4580
f  3514//4581 3409//4581 3339//4581
f  3515//4582 3513//4582 3339//4582
f  3355//4583 3515//4583 3339//4583
f  3516//4584 3490//4584 3449//4584
f  3353//4585 3516//4585 3449//4585
f  3517//4586 3510//4586 3504//4586
f  3518//4587 3517//4587 3504//4587
f  3512//4588 3518//4588 3504//4588
f  3428//177 3519//177 3429//177
f  3520//4589 3521//4589 3429//4589
f  3521//4590 3474//4590 3429//4590
f  3519//4591 3522//4591 3429//4591
f  3522//4592 3523//4592 3429//4592
f  3523//4593 3520//4593 3429//4593
f  3524//4594 3318//4594 3319//4594
f  3452//4595 3524//4595 3319//4595
f  3521//4596 3511//4596 3474//4596
f  3516//4597 3491//4597 3490//4597
f  3327//4598 3484//4598 3326//4598
f  3517//4599 3493//4599 3510//4599
f  3518//4600 3493//4600 3517//4600
f  3507//4601 3524//4601 3452//4601
f  3525//4602 3507//4602 3392//4602
f  3471//4603 3525//4603 3392//4603
f  3520//4604 3511//4604 3521//4604
f  3328//4605 3484//4605 3327//4605
f  3329//4606 3526//4606 3328//4606
f  3526//4607 3484//4607 3328//4607
f  3485//4608 3527//4608 3208//4608
f  3527//4609 3316//4609 3208//4609
f  3506//4610 3528//4610 3503//4610
f  3528//4611 3502//4611 3503//4611
f  3523//4612 3529//4612 3520//4612
f  3530//4613 3511//4613 3520//4613
f  3529//4614 3530//4614 3520//4614
f  3531//4615 3528//4615 3506//4615
f  3505//4616 3532//4616 3506//4616
f  3532//4617 3533//4617 3506//4617
f  3533//4618 3531//4618 3506//4618
f  3524//4619 3534//4619 3318//4619
f  3534//4620 3224//4620 3318//4620
f  3535//4621 3493//4621 3518//4621
f  3512//4622 3535//4622 3518//4622
f  3536//4623 3393//4623 3223//4623
f  3222//4624 3536//4624 3223//4624
f  3530//4625 3537//4625 3511//4625
f  3537//4626 3512//4626 3511//4626
f  3536//4627 3538//4627 3393//4627
f  3538//8 3394//8 3393//8
f  3539//4628 3540//4628 3505//4628
f  3540//4629 3532//4629 3505//4629
f  3499//4630 3539//4630 3505//4630
f  3541//4631 3535//4631 3512//4631
f  3537//4632 3541//4632 3512//4632
f  3526//4633 3542//4633 3484//4633
f  3542//4634 3543//4634 3484//4634
f  3543//4635 3499//4635 3484//4635
f  3397//4636 3428//4636 3398//4636
f  3428//4636 3414//4636 3398//4636
f  3414//4637 3403//4637 3398//4637
f  3416//4637 3403//4637 3414//4637
f  3541//4638 3493//4638 3535//4638
f  3543//4639 3544//4639 3499//4639
f  3544//4640 3545//4640 3499//4640
f  3545//4641 3539//4641 3499//4641
f  3516//4642 3546//4642 3491//4642
f  3546//4643 3471//4643 3491//4643
f  3546//4644 3547//4644 3471//4644
f  3548//4645 3525//4645 3471//4645
f  3547//4646 3548//4646 3471//4646
f  3525//4647 3549//4647 3507//4647
f  3549//4648 3524//4648 3507//4648
f  3550//4649 3516//4649 3353//4649
f  3488//4650 3550//4650 3353//4650
f  3551//4651 3515//4651 3355//4651
f  3463//4652 3552//4652 3355//4652
f  3552//4653 3553//4653 3355//4653
f  3553//4654 3551//4654 3355//4654
f  3554//177 3500//177 3501//177
f  3555//177 3554//177 3501//177
f  3556//4655 3555//4655 3501//4655
f  3557//4656 3556//4656 3501//4656
f  3502//4657 3558//4657 3501//4657
f  3558//4658 3559//4658 3501//4658
f  3559//4659 3560//4659 3501//4659
f  3560//4660 3557//4660 3501//4660
f  3528//4661 3558//4661 3502//4661
f  3534//4662 3149//4662 3224//4662
f  3522//4663 3529//4663 3523//4663
f  3561//4664 3562//4664 3369//4664
f  3562//4665 3413//4665 3369//4665
f  3368//177 3561//177 3369//177
f  3437//4666 3563//4666 3371//4666
f  3563//177 3370//177 3371//177
f  3396//4667 3564//4667 3397//4667
f  3564//4667 3428//4667 3397//4667
f  3416//4668 3404//4668 3403//4668
f  3564//177 3519//177 3428//177
f  3500//4668 3404//4668 3416//4668
f  3565//4669 3534//4669 3524//4669
f  3549//4670 3565//4670 3524//4670
f  3566//4671 3530//4671 3529//4671
f  3522//4672 3566//4672 3529//4672
f  3531//4673 3558//4673 3528//4673
f  3533//4674 3567//4674 3531//4674
f  3567//4675 3558//4675 3531//4675
f  3562//4676 3568//4676 3413//4676
f  3568//4677 3435//4677 3413//4677
f  3493//4678 3569//4678 3437//4678
f  3569//4679 3563//4679 3437//4679
f  3566//4680 3570//4680 3530//4680
f  3570//4681 3571//4681 3530//4681
f  3571//4682 3537//4682 3530//4682
f  3516//4683 3547//4683 3546//4683
f  3333//4684 3526//4684 3329//4684
f  3408//4685 3526//4685 3333//4685
f  3572//4686 3358//4686 3316//4686
f  3527//4687 3572//4687 3316//4687
f  3548//4688 3573//4688 3525//4688
f  3573//4689 3549//4689 3525//4689
f  3532//4690 3567//4690 3533//4690
f  3574//4691 3575//4691 3541//4691
f  3575//4692 3493//4692 3541//4692
f  3537//4693 3574//4693 3541//4693
f  3540//4694 3567//4694 3532//4694
f  3571//4695 3576//4695 3537//4695
f  3576//4696 3574//4696 3537//4696
f  3565//4697 3149//4697 3534//4697
f  3408//4698 3577//4698 3526//4698
f  3577//4699 3542//4699 3526//4699
f  3576//4700 3575//4700 3574//4700
f  3549//4701 3578//4701 3565//4701
f  3578//4702 3149//4702 3565//4702
f  3579//4703 3580//4703 3463//4703
f  3580//4704 3552//4704 3463//4704
f  3497//4705 3579//4705 3463//4705
f  3577//4706 3543//4706 3542//4706
f  3581//4707 3567//4707 3540//4707
f  3539//4708 3581//4708 3540//4708
f  3545//4709 3581//4709 3539//4709
f  3582//4710 3581//4710 3545//4710
f  3544//4711 3582//4711 3545//4711
f  3583//4712 3222//4712 3149//4712
f  3584//4713 3583//4713 3149//4713
f  3585//4714 3586//4714 3149//4714
f  3586//4715 3587//4715 3149//4715
f  3587//4716 3584//4716 3149//4716
f  3578//4717 3588//4717 3149//4717
f  3588//4718 3585//4718 3149//4718
f  3543//4719 3582//4719 3544//4719
f  3577//4720 3582//4720 3543//4720
f  3588//4721 3578//4721 3549//4721
f  3573//4722 3588//4722 3549//4722
f  3367//4723 3589//4723 3368//4723
f  3589//4723 3590//4723 3368//4723
f  3590//177 3561//177 3368//177
f  3591//4724 3372//4724 3370//4724
f  3563//177 3591//177 3370//177
f  3378//8 3589//8 3367//8
f  3591//4724 3592//4724 3372//4724
f  3592//8 3593//8 3372//8
f  3593//8 3373//8 3372//8
f  3568//4725 3594//4725 3435//4725
f  3594//4726 3485//4726 3435//4726
f  3575//4727 3595//4727 3493//4727
f  3595//4728 3569//4728 3493//4728
f  3596//4729 3579//4729 3497//4729
f  3597//4730 3596//4730 3497//4730
f  3509//4731 3597//4731 3497//4731
f  3583//4732 3598//4732 3222//4732
f  3598//4733 3536//4733 3222//4733
f  3599//4734 3600//4734 3547//4734
f  3516//4735 3599//4735 3547//4735
f  3600//4736 3548//4736 3547//4736
f  3601//8 3589//8 3378//8
f  3091//4737 3601//4737 3378//4737
f  2962//4737 3091//4737 3378//4737
f  3598//4738 3538//4738 3536//4738
f  3401//4739 3602//4739 3509//4739
f  3602//4740 3597//4740 3509//4740
f  3600//4741 3603//4741 3548//4741
f  3603//4742 3604//4742 3548//4742
f  3604//4743 3605//4743 3548//4743
f  3605//4744 3606//4744 3548//4744
f  3606//4745 3573//4745 3548//4745
f  3607//4746 3575//4746 3576//4746
f  3571//4747 3607//4747 3576//4747
f  3564//177 3608//177 3519//177
f  3609//4748 3610//4748 3519//4748
f  3608//4749 3609//4749 3519//4749
f  3610//4750 3611//4750 3519//4750
f  3611//4751 3612//4751 3519//4751
f  3612//4752 3613//4752 3519//4752
f  3613//4753 3614//4753 3519//4753
f  3614//4754 3522//4754 3519//4754
f  3599//4755 3603//4755 3600//4755
f  3395//4756 3615//4756 3396//4756
f  3615//4756 3564//4756 3396//4756
f  3500//4757 3616//4757 3404//4757
f  3616//8 3402//8 3404//8
f  3615//177 3608//177 3564//177
f  3554//4757 3616//4757 3500//4757
f  3614//4758 3566//4758 3522//4758
f  3585//4759 3588//4759 3573//4759
f  3586//4760 3585//4760 3573//4760
f  3606//4761 3586//4761 3573//4761
f  3410//4762 3577//4762 3408//4762
f  3593//4763 3092//4763 3373//4763
f  3593//4763 3142//4763 3092//4763
f  3613//4764 3566//4764 3614//4764
f  3599//4765 3604//4765 3603//4765
f  3567//4766 3559//4766 3558//4766
f  3612//4767 3617//4767 3613//4767
f  3617//4768 3566//4768 3613//4768
f  3567//4769 3560//4769 3559//4769
f  3618//4770 3619//4770 3561//4770
f  3619//4771 3562//4771 3561//4771
f  3590//177 3618//177 3561//177
f  3569//4772 3620//4772 3563//4772
f  3620//177 3591//177 3563//177
f  3594//4773 3621//4773 3485//4773
f  3621//4774 3527//4774 3485//4774
f  3622//4775 3623//4775 3575//4775
f  3607//4776 3622//4776 3575//4776
f  3623//4777 3595//4777 3575//4777
f  3624//4778 3488//4778 3358//4778
f  3572//4779 3624//4779 3358//4779
f  3617//4780 3625//4780 3566//4780
f  3625//4781 3570//4781 3566//4781
f  3599//4782 3626//4782 3604//4782
f  3626//4783 3605//4783 3604//4783
f  3409//4784 3577//4784 3410//4784
f  3627//4785 3599//4785 3516//4785
f  3550//4786 3627//4786 3516//4786
f  3605//4787 3628//4787 3606//4787
f  3587//4788 3586//4788 3606//4788
f  3628//4789 3629//4789 3606//4789
f  3629//4790 3630//4790 3606//4790
f  3630//4791 3587//4791 3606//4791
f  3619//4792 3631//4792 3562//4792
f  3631//4793 3568//4793 3562//4793
f  3595//4794 3632//4794 3569//4794
f  3632//4795 3620//4795 3569//4795
f  3633//4796 3622//4796 3607//4796
f  3571//4797 3633//4797 3607//4797
f  3634//4798 3560//4798 3567//4798
f  3581//4799 3634//4799 3567//4799
f  3626//4800 3628//4800 3605//4800
f  3635//4801 3571//4801 3570//4801
f  3625//4802 3635//4802 3570//4802
f  3636//4803 3582//4803 3577//4803
f  3637//4804 3636//4804 3577//4804
f  3409//4805 3637//4805 3577//4805
f  3638//4806 3634//4806 3581//4806
f  3582//4807 3638//4807 3581//4807
f  3611//4808 3617//4808 3612//4808
f  3636//4809 3638//4809 3582//4809
f  3626//4810 3629//4810 3628//4810
f  3635//4811 3639//4811 3571//4811
f  3639//4812 3640//4812 3571//4812
f  3640//4813 3633//4813 3571//4813
f  3630//4814 3584//4814 3587//4814
f  3626//4815 3641//4815 3629//4815
f  3641//4816 3630//4816 3629//4816
f  3589//1435 3592//1435 3590//1435
f  3592//1435 3591//1435 3590//1435
f  3591//177 3642//177 3590//177
f  3642//177 3618//177 3590//177
f  3620//177 3642//177 3591//177
f  3601//8 3592//8 3589//8
f  3601//8 3593//8 3592//8
f  3631//4817 3643//4817 3568//4817
f  3643//4818 3594//4818 3568//4818
f  3623//4819 3644//4819 3595//4819
f  3644//4820 3632//4820 3595//4820
f  3640//4821 3622//4821 3633//4821
f  3514//4822 3637//4822 3409//4822
f  3641//4823 3584//4823 3630//4823
f  3611//4824 3645//4824 3617//4824
f  3645//4825 3646//4825 3617//4825
f  3646//4826 3625//4826 3617//4826
f  3642//4827 3647//4827 3618//4827
f  3647//4828 3619//4828 3618//4828
f  3632//4829 3642//4829 3620//4829
f  3639//4830 3622//4830 3640//4830
f  3648//4831 3649//4831 3395//4831
f  3649//4831 3615//4831 3395//4831
f  3399//8 3648//8 3395//8
f  3554//4832 3650//4832 3616//4832
f  3651//8 3402//8 3616//8
f  3650//8 3651//8 3616//8
f  3652//177 3608//177 3615//177
f  3649//177 3652//177 3615//177
f  3653//4832 3650//4832 3554//4832
f  3555//177 3653//177 3554//177
f  3634//4833 3557//4833 3560//4833
f  3142//4834 3593//4834 3601//4834
f  3091//4834 3142//4834 3601//4834
f  3654//4835 3572//4835 3527//4835
f  3621//4836 3654//4836 3527//4836
f  3639//4837 3655//4837 3622//4837
f  3655//4838 3623//4838 3622//4838
f  3641//4839 3583//4839 3584//4839
f  3513//4840 3637//4840 3514//4840
f  3647//4841 3656//4841 3619//4841
f  3656//4842 3631//4842 3619//4842
f  3644//4843 3647//4843 3632//4843
f  3647//4844 3642//4844 3632//4844
f  3657//4845 3635//4845 3625//4845
f  3646//4846 3657//4846 3625//4846
f  3610//4847 3645//4847 3611//4847
f  3515//4848 3637//4848 3513//4848
f  3644//4849 3656//4849 3647//4849
f  3658//4850 3550//4850 3488//4850
f  3624//4851 3658//4851 3488//4851
f  3659//4852 3655//4852 3639//4852
f  3635//4853 3659//4853 3639//4853
f  3660//4854 3655//4854 3659//4854
f  3661//4855 3660//4855 3659//4855
f  3635//4856 3661//4856 3659//4856
f  3638//4857 3662//4857 3634//4857
f  3662//4858 3557//4858 3634//4858
f  3662//4859 3556//4859 3557//4859
f  3663//4860 3626//4860 3599//4860
f  3627//4861 3663//4861 3599//4861
f  3643//4862 3664//4862 3594//4862
f  3664//4862 3621//4862 3594//4862
f  3655//4863 3665//4863 3623//4863
f  3665//4864 3644//4864 3623//4864
f  3666//4865 3661//4865 3635//4865
f  3657//4866 3666//4866 3635//4866
f  3609//4867 3667//4867 3610//4867
f  3667//4868 3668//4868 3610//4868
f  3668//4869 3645//4869 3610//4869
f  3515//4870 3551//4870 3637//4870
f  3551//4871 3669//4871 3637//4871
f  3669//4872 3670//4872 3637//4872
f  3670//4873 3636//4873 3637//4873
f  3671//4874 3667//4874 3609//4874
f  3608//4875 3671//4875 3609//4875
f  3652//4876 3672//4876 3608//4876
f  3672//4877 3671//4877 3608//4877
f  3656//4878 3673//4878 3631//4878
f  3673//4879 3643//4879 3631//4879
f  3665//4880 3656//4880 3644//4880
f  3636//4881 3674//4881 3638//4881
f  3674//4882 3662//4882 3638//4882
f  3670//4883 3674//4883 3636//4883
f  3668//4884 3675//4884 3645//4884
f  3675//4885 3646//4885 3645//4885
f  3662//4886 3555//4886 3556//4886
f  3666//4887 3660//4887 3661//4887
f  3553//4888 3669//4888 3551//4888
f  3665//4889 3673//4889 3656//4889
f  3401//4890 3402//4890 3602//4890
f  3402//4891 3676//4891 3602//4891
f  3676//4892 3597//4892 3602//4892
f  3672//4893 3677//4893 3671//4893
f  3677//4894 3667//4894 3671//4894
f  3678//4895 3657//4895 3646//4895
f  3675//4896 3678//4896 3646//4896
f  3552//4897 3669//4897 3553//4897
f  3679//4898 3624//4898 3572//4898
f  3654//4899 3679//4899 3572//4899
f  3680//680 3681//680 3648//680
f  3681//680 3649//680 3648//680
f  3399//8 3680//8 3648//8
f  3653//681 3682//681 3650//681
f  3682//8 3651//8 3650//8
f  3683//177 3652//177 3649//177
f  3681//177 3683//177 3649//177
f  3684//681 3682//681 3653//681
f  3685//177 3686//177 3653//177
f  3555//177 3687//177 3653//177
f  3687//177 3685//177 3653//177
f  3686//177 3688//177 3653//177
f  3688//177 3689//177 3653//177
f  3689//177 3684//177 3653//177
f  3685//4900 3687//4900 3662//4900
f  3674//4901 3685//4901 3662//4901
f  3687//4902 3555//4902 3662//4902
f  3677//4903 3668//4903 3667//4903
f  3580//4904 3669//4904 3552//4904
f  3690//4905 3641//4905 3626//4905
f  3663//4906 3690//4906 3626//4906
f  3673//4907 3691//4907 3643//4907
f  3691//4908 3664//4908 3643//4908
f  3692//4909 3673//4909 3665//4909
f  3655//4863 3692//4863 3665//4863
f  3693//4910 3660//4910 3666//4910
f  3657//4911 3693//4911 3666//4911
f  3694//4912 3670//4912 3669//4912
f  3695//4913 3694//4913 3669//4913
f  3580//4914 3695//4914 3669//4914
f  3696//4915 3654//4915 3621//4915
f  3664//4916 3696//4916 3621//4916
f  3660//4917 3692//4917 3655//4917
f  3686//4918 3685//4918 3674//4918
f  3688//4919 3686//4919 3674//4919
f  3670//4920 3688//4920 3674//4920
f  3678//4921 3697//4921 3657//4921
f  3697//4922 3698//4922 3657//4922
f  3698//4923 3693//4923 3657//4923
f  3579//4924 3695//4924 3580//4924
f  3698//4925 3660//4925 3693//4925
f  3699//4926 3688//4926 3670//4926
f  3694//4927 3699//4927 3670//4927
f  3677//4928 3700//4928 3668//4928
f  3700//4929 3701//4929 3668//4929
f  3701//4930 3702//4930 3668//4930
f  3702//4931 3703//4931 3668//4931
f  3703//4932 3675//4932 3668//4932
f  3692//4933 3691//4933 3673//4933
f  3596//177 3695//177 3579//177
f  3651//4934 3676//4934 3402//4934
f  3697//4935 3704//4935 3698//4935
f  3704//4936 3660//4936 3698//4936
f  3705//4937 3677//4937 3672//4937
f  3652//4938 3705//4938 3672//4938
f  3683//4939 3706//4939 3652//4939
f  3706//4940 3707//4940 3652//4940
f  3707//4941 3708//4941 3652//4941
f  3708//4942 3709//4942 3652//4942
f  3709//4943 3705//4943 3652//4943
f  3710//4944 3583//4944 3641//4944
f  3690//4945 3710//4945 3641//4945
f  3596//177 3694//177 3695//177
f  3689//177 3699//177 3694//177
f  3596//177 3689//177 3694//177
f  3689//177 3688//177 3699//177
f  3597//4946 3711//4946 3596//4946
f  3711//4947 3689//4947 3596//4947
f  3705//4948 3712//4948 3677//4948
f  3712//4949 3700//4949 3677//4949
f  3712//4950 3701//4950 3700//4950
f  3713//4951 3714//4951 3675//4951
f  3703//4952 3713//4952 3675//4952
f  3715//4953 3678//4953 3675//4953
f  3714//4954 3715//4954 3675//4954
f  3716//4955 3627//4955 3550//4955
f  3658//4956 3716//4956 3550//4956
f  3717//4025 3718//4025 3680//4025
f  3718//4025 3681//4025 3680//4025
f  3399//8 3717//8 3680//8
f  3684//4026 3717//4026 3682//4026
f  3717//8 3651//8 3682//8
f  3719//177 3683//177 3681//177
f  3720//177 3719//177 3681//177
f  3718//177 3720//177 3681//177
f  3718//4026 3717//4026 3684//4026
f  3689//177 3721//177 3684//177
f  3721//177 3718//177 3684//177
f  3676//4957 3722//4957 3597//4957
f  3722//4958 3711//4958 3597//4958
f  3723//4959 3598//4959 3583//4959
f  3710//4960 3723//4960 3583//4960
f  3723//4961 3538//4961 3598//4961
f  3651//4962 3722//4962 3676//4962
f  3712//4963 3702//4963 3701//4963
f  3691//4964 3724//4964 3664//4964
f  3724//4965 3725//4965 3664//4965
f  3725//4966 3726//4966 3664//4966
f  3726//4967 3727//4967 3664//4967
f  3727//4968 3728//4968 3664//4968
f  3728//4969 3696//4969 3664//4969
f  3729//4970 3730//4970 3692//4970
f  3730//4971 3731//4971 3692//4971
f  3731//4972 3732//4972 3692//4972
f  3732//4973 3733//4973 3692//4973
f  3733//4974 3734//4974 3692//4974
f  3734//4975 3691//4975 3692//4975
f  3660//4976 3729//4976 3692//4976
f  3712//4977 3703//4977 3702//4977
f  3399//8 3651//8 3717//8
f  3735//177 3720//177 3718//177
f  3721//177 3736//177 3718//177
f  3736//177 3735//177 3718//177
f  3737//4978 3738//4978 3678//4978
f  3738//4979 3697//4979 3678//4979
f  3739//4980 3737//4980 3678//4980
f  3740//4981 3739//4981 3678//4981
f  3715//4982 3741//4982 3678//4982
f  3741//4983 3742//4983 3678//4983
f  3742//4984 3740//4984 3678//4984
f  3743//4985 3658//4985 3624//4985
f  3679//4986 3743//4986 3624//4986
f  3738//4987 3704//4987 3697//4987
f  3744//4988 3724//4988 3691//4988
f  3745//4989 3744//4989 3691//4989
f  3734//4990 3746//4990 3691//4990
f  3746//4991 3745//4991 3691//4991
f  3747//4992 3679//4992 3654//4992
f  3696//4993 3747//4993 3654//4993
f  3704//4994 3729//4994 3660//4994
f  3723//4995 3748//4995 3538//4995
f  3748//8 3394//8 3538//8
f  3749//8 3399//8 3394//8
f  3750//8 3749//8 3394//8
f  3751//8 3752//8 3394//8
f  3752//8 3753//8 3394//8
f  3753//8 3750//8 3394//8
f  3748//8 3754//8 3394//8
f  3754//8 3755//8 3394//8
f  3755//8 3751//8 3394//8
f  3756//8 3757//8 3399//8
f  3758//8 3756//8 3399//8
f  3759//8 3651//8 3399//8
f  3757//8 3759//8 3399//8
f  3760//8 3761//8 3399//8
f  3749//8 3760//8 3399//8
f  3761//8 3762//8 3399//8
f  3762//8 3763//8 3399//8
f  3763//8 3758//8 3399//8
f  3759//4996 3722//4996 3651//4996
f  3764//4997 3748//4997 3723//4997
f  3710//4998 3764//4998 3723//4998
f  3764//4999 3754//4999 3748//4999
f  3765//5000 3713//5000 3703//5000
f  3712//5001 3765//5001 3703//5001
f  3737//5002 3704//5002 3738//5002
f  3766//5003 3704//5003 3737//5003
f  3739//5004 3766//5004 3737//5004
f  3765//5005 3714//5005 3713//5005
f  3745//5006 3760//5006 3744//5006
f  3725//5007 3724//5007 3744//5007
f  3760//5008 3725//5008 3744//5008
f  3746//5009 3760//5009 3745//5009
f  3734//5010 3760//5010 3746//5010
f  3760//5011 3726//5011 3725//5011
f  3733//5012 3760//5012 3734//5012
f  3767//5013 3728//5013 3749//5013
f  3750//5014 3767//5014 3749//5014
f  3726//5015 3760//5015 3749//5015
f  3727//5016 3726//5016 3749//5016
f  3728//5017 3727//5017 3749//5017
f  3733//5018 3732//5018 3760//5018
f  3732//5019 3731//5019 3760//5019
f  3731//5020 3730//5020 3760//5020
f  3730//5021 3761//5021 3760//5021
f  3765//5022 3715//5022 3714//5022
f  3768//5023 3712//5023 3705//5023
f  3709//5024 3768//5024 3705//5024
f  3769//5025 3741//5025 3715//5025
f  3765//5026 3769//5026 3715//5026
f  3767//5027 3696//5027 3728//5027
f  3770//5028 3767//5028 3750//5028
f  3753//5029 3771//5029 3750//5029
f  3771//5030 3772//5030 3750//5030
f  3772//5031 3770//5031 3750//5031
f  3773//5032 3762//5032 3761//5032
f  3774//5033 3773//5033 3761//5033
f  3730//5034 3775//5034 3761//5034
f  3775//5035 3774//5035 3761//5035
f  3729//5036 3775//5036 3730//5036
f  3770//5037 3696//5037 3767//5037
f  3776//5038 3742//5038 3741//5038
f  3769//5039 3776//5039 3741//5039
f  3777//5040 3663//5040 3627//5040
f  3716//5041 3777//5041 3627//5041
f  3776//5042 3740//5042 3742//5042
f  3778//5043 3779//5043 3740//5043
f  3776//5044 3778//5044 3740//5044
f  3779//5045 3739//5045 3740//5045
f  3770//5046 3772//5046 3696//5046
f  3772//5047 3771//5047 3696//5047
f  3771//5048 3747//5048 3696//5048
f  3774//5049 3775//5049 3729//5049
f  3780//5050 3781//5050 3729//5050
f  3781//5051 3773//5051 3729//5051
f  3773//5052 3774//5052 3729//5052
f  3704//5053 3780//5053 3729//5053
f  3782//5054 3765//5054 3712//5054
f  3768//5055 3782//5055 3712//5055
f  3779//5056 3766//5056 3739//5056
f  3778//5057 3766//5057 3779//5057
f  3708//5058 3768//5058 3709//5058
f  3766//5059 3780//5059 3704//5059
f  3783//5060 3743//5060 3679//5060
f  3747//5061 3783//5061 3679//5061
f  3752//5062 3784//5062 3753//5062
f  3784//5063 3785//5063 3753//5063
f  3785//5064 3771//5064 3753//5064
f  3786//5065 3763//5065 3762//5065
f  3781//5066 3786//5066 3762//5066
f  3773//5067 3781//5067 3762//5067
f  3785//5068 3747//5068 3771//5068
f  3707//5069 3768//5069 3708//5069
f  3787//5070 3769//5070 3765//5070
f  3782//5071 3787//5071 3765//5071
f  3788//5072 3690//5072 3663//5072
f  3777//5073 3788//5073 3663//5073
f  3789//5074 3716//5074 3658//5074
f  3743//5075 3789//5075 3658//5075
f  3790//5076 3776//5076 3769//5076
f  3787//5077 3790//5077 3769//5077
f  3791//5078 3766//5078 3778//5078
f  3776//5079 3791//5079 3778//5079
f  3784//5080 3747//5080 3785//5080
f  3780//5081 3786//5081 3781//5081
f  3707//5082 3792//5082 3768//5082
f  3792//5083 3793//5083 3768//5083
f  3793//5084 3782//5084 3768//5084
f  3794//5085 3784//5085 3752//5085
f  3795//5086 3794//5086 3752//5086
f  3796//5087 3795//5087 3752//5087
f  3751//8 3796//8 3752//8
f  3786//5088 3797//5088 3763//5088
f  3797//5089 3798//5089 3763//5089
f  3798//5090 3799//5090 3763//5090
f  3799//8 3758//8 3763//8
f  3794//5091 3747//5091 3784//5091
f  3780//5092 3797//5092 3786//5092
f  3800//5093 3791//5093 3776//5093
f  3790//5094 3800//5094 3776//5094
f  3801//5095 3710//5095 3690//5095
f  3788//5096 3801//5096 3690//5096
f  3798//5097 3797//5097 3780//5097
f  3802//5098 3803//5098 3780//5098
f  3803//5099 3804//5099 3780//5099
f  3804//5100 3798//5100 3780//5100
f  3766//5101 3802//5101 3780//5101
f  3794//5102 3795//5102 3747//5102
f  3795//5103 3805//5103 3747//5103
f  3805//5104 3783//5104 3747//5104
f  3706//5105 3792//5105 3707//5105
f  3711//5106 3721//5106 3689//5106
f  3800//5107 3766//5107 3791//5107
f  3719//5108 3792//5108 3706//5108
f  3683//5109 3719//5109 3706//5109
f  3711//5110 3806//5110 3721//5110
f  3806//177 3807//177 3721//177
f  3807//177 3808//177 3721//177
f  3808//177 3736//177 3721//177
f  3809//5111 3806//5111 3711//5111
f  3722//5112 3810//5112 3711//5112
f  3810//5113 3809//5113 3711//5113
f  3811//5114 3764//5114 3710//5114
f  3801//5115 3811//5115 3710//5115
f  3811//5116 3754//5116 3764//5116
f  3759//5117 3810//5117 3722//5117
f  3793//5118 3812//5118 3782//5118
f  3812//5119 3787//5119 3782//5119
f  3804//5120 3799//5120 3798//5120
f  3796//5121 3805//5121 3795//5121
f  3813//5122 3814//5122 3796//5122
f  3814//5123 3815//5123 3796//5123
f  3815//5124 3805//5124 3796//5124
f  3751//8 3813//8 3796//8
f  3803//5125 3816//5125 3799//5125
f  3804//5126 3803//5126 3799//5126
f  3816//8 3758//8 3799//8
f  3815//5127 3783//5127 3805//5127
f  3759//5128 3817//5128 3810//5128
f  3817//5129 3809//5129 3810//5129
f  3757//5130 3817//5130 3759//5130
f  3818//5131 3766//5131 3800//5131
f  3819//5132 3818//5132 3800//5132
f  3790//5133 3819//5133 3800//5133
f  3720//5134 3793//5134 3792//5134
f  3719//5135 3720//5135 3792//5135
f  3812//5136 3820//5136 3787//5136
f  3820//5137 3790//5137 3787//5137
f  3821//5138 3777//5138 3716//5138
f  3789//5139 3821//5139 3716//5139
f  3818//5140 3802//5140 3766//5140
f  3822//5141 3789//5141 3743//5141
f  3783//5142 3822//5142 3743//5142
f  3823//5143 3818//5143 3819//5143
f  3790//5144 3823//5144 3819//5144
f  3824//5145 3823//5145 3790//5145
f  3820//5146 3825//5146 3790//5146
f  3825//5147 3824//5147 3790//5147
f  3814//5148 3783//5148 3815//5148
f  3826//5149 3816//5149 3803//5149
f  3802//5150 3826//5150 3803//5150
f  3813//5151 3827//5151 3814//5151
f  3827//5152 3783//5152 3814//5152
f  3828//5153 3816//5153 3826//5153
f  3802//5154 3828//5154 3826//5154
f  3735//5155 3793//5155 3720//5155
f  3829//5156 3827//5156 3813//5156
f  3830//5157 3829//5157 3813//5157
f  3831//5158 3830//5158 3813//5158
f  3751//8 3831//8 3813//8
f  3828//5159 3832//5159 3816//5159
f  3832//8 3758//8 3816//8
f  3736//5160 3812//5160 3793//5160
f  3735//5161 3736//5161 3793//5161
f  3824//5162 3818//5162 3823//5162
f  3833//5163 3832//5163 3828//5163
f  3802//5164 3833//5164 3828//5164
f  3829//5165 3783//5165 3827//5165
f  3825//5166 3834//5166 3824//5166
f  3834//5167 3818//5167 3824//5167
f  3807//5168 3820//5168 3812//5168
f  3808//5169 3807//5169 3812//5169
f  3736//5170 3808//5170 3812//5170
f  3831//5171 3832//5171 3833//5171
f  3835//5172 3831//5172 3833//5172
f  3802//5173 3835//5173 3833//5173
f  3836//5174 3788//5174 3777//5174
f  3821//5175 3836//5175 3777//5175
f  3837//5176 3783//5176 3829//5176
f  3830//5177 3837//5177 3829//5177
f  3831//5178 3838//5178 3830//5178
f  3838//5179 3837//5179 3830//5179
f  3839//5180 3840//5180 3831//5180
f  3840//5181 3841//5181 3831//5181
f  3841//5182 3838//5182 3831//5182
f  3835//5183 3839//5183 3831//5183
f  3758//8 3832//8 3831//8
f  3751//8 3758//8 3831//8
f  3802//5184 3839//5184 3835//5184
f  3841//5185 3837//5185 3838//5185
f  3842//5186 3840//5186 3839//5186
f  3802//5187 3842//5187 3839//5187
f  3842//5188 3837//5188 3841//5188
f  3840//5189 3842//5189 3841//5189
f  3843//5190 3754//5190 3811//5190
f  3801//5191 3843//5191 3811//5191
f  3844//5192 3834//5192 3825//5192
f  3820//5193 3844//5193 3825//5193
f  3843//5194 3755//5194 3754//5194
f  3845//5195 3846//5195 3802//5195
f  3846//5196 3837//5196 3802//5196
f  3837//5197 3842//5197 3802//5197
f  3818//5198 3845//5198 3802//5198
f  3846//5199 3822//5199 3783//5199
f  3837//5200 3846//5200 3783//5200
f  3847//5201 3848//5201 3820//5201
f  3848//5202 3844//5202 3820//5202
f  3849//5203 3847//5203 3820//5203
f  3807//5204 3849//5204 3820//5204
f  3848//5205 3834//5205 3844//5205
f  3850//5206 3834//5206 3848//5206
f  3847//5207 3850//5207 3848//5207
f  3851//5208 3801//5208 3788//5208
f  3836//5209 3851//5209 3788//5209
f  3806//177 3849//177 3807//177
f  3834//5210 3845//5210 3818//5210
f  3852//5211 3821//5211 3789//5211
f  3822//5212 3852//5212 3789//5212
f  3806//177 3853//177 3849//177
f  3853//5213 3854//5213 3849//5213
f  3854//5214 3847//5214 3849//5214
f  3809//5215 3853//5215 3806//5215
f  3854//5216 3850//5216 3847//5216
f  3855//5217 3850//5217 3854//5217
f  3853//5218 3855//5218 3854//5218
f  3855//5219 3853//5219 3809//5219
f  3817//5220 3855//5220 3809//5220
f  3856//5221 3843//5221 3801//5221
f  3851//5222 3856//5222 3801//5222
f  3856//5223 3857//5223 3843//5223
f  3857//5224 3751//5224 3843//5224
f  3751//5225 3755//5225 3843//5225
f  3757//5226 3858//5226 3817//5226
f  3858//5227 3855//5227 3817//5227
f  3850//5228 3859//5228 3834//5228
f  3859//5229 3845//5229 3834//5229
f  3860//5230 3836//5230 3821//5230
f  3852//5231 3860//5231 3821//5231
f  3859//5232 3846//5232 3845//5232
f  3861//5233 3852//5233 3822//5233
f  3846//5234 3861//5234 3822//5234
f  3756//5235 3862//5235 3858//5235
f  3757//5236 3756//5236 3858//5236
f  3862//5237 3855//5237 3858//5237
f  3859//5238 3861//5238 3846//5238
f  3857//8 3758//8 3751//8
f  3857//8 3863//8 3758//8
f  3863//8 3864//8 3758//8
f  3864//8 3865//8 3758//8
f  3865//8 3756//8 3758//8
f  3865//5239 3862//5239 3756//5239
f  3855//5240 3866//5240 3850//5240
f  3866//5241 3859//5241 3850//5241
f  3867//5242 3851//5242 3836//5242
f  3860//5243 3867//5243 3836//5243
f  3866//5244 3861//5244 3859//5244
f  3868//5245 3860//5245 3852//5245
f  3861//5246 3868//5246 3852//5246
f  3862//5247 3869//5247 3855//5247
f  3869//5248 3870//5248 3855//5248
f  3870//5249 3866//5249 3855//5249
f  3871//5250 3856//5250 3851//5250
f  3867//5251 3871//5251 3851//5251
f  3871//5252 3857//5252 3856//5252
f  3865//5253 3869//5253 3862//5253
f  3872//5254 3857//5254 3871//5254
f  3867//5255 3872//5255 3871//5255
f  3872//5256 3863//5256 3857//5256
f  3866//5257 3868//5257 3861//5257
f  3864//5258 3869//5258 3865//5258
f  3870//5259 3868//5259 3866//5259
f  3873//5260 3867//5260 3860//5260
f  3868//5261 3873//5261 3860//5261
f  3874//5262 3875//5262 3870//5262
f  3869//5263 3874//5263 3870//5263
f  3875//5264 3873//5264 3870//5264
f  3873//5259 3868//5259 3870//5259
f  3876//5265 3872//5265 3867//5265
f  3875//5266 3876//5266 3867//5266
f  3873//5267 3875//5267 3867//5267
f  3876//5268 3863//5268 3872//5268
f  3864//5269 3874//5269 3869//5269
f  3864//5270 3877//5270 3874//5270
f  3877//5271 3875//5271 3874//5271
f  3863//5272 3877//5272 3864//5272
f  3877//5273 3863//5273 3876//5273
f  3875//5274 3877//5274 3876//5274

