# File produced by Open Asset Import Library (http://www.assimp.sf.net)
# (assimp v5.0.0)

mtllib link6.mtl

# 2192 vertex positions
v  -0.028318258 -0.0062511009 -0.028999999
v  -0.028982753 -0.001 -0.0275
v  -0.028982753 -0.001 -0.028999999
v  -0.0285 -0.001 -0.028999999
v  -0.028982753 0.001 -0.0275
v  -0.028318258 0.0062511009 -0.0275
v  -0.028982753 0.001 -0.028999999
v  -0.028318258 0.0062511009 -0.028999999
v  -0.019890439 0.0020905691 -0.028999999
v  -0.0285 0.001 -0.028999999
v  -0.0285 0.001 -0.0275
v  -0.0021481079 -0.028920332 -0.028999999
v  -0.019890439 -0.0020905694 -0.028999999
v  -0.019021131 -0.00618034 -0.028999999
v  -0.017320508 -0.0099999998 -0.028999999
v  -0.014862897 -0.013382612 -0.028999999
v  -0.0285 -0.001 -0.0275
v  -0.026710417 -0.011293964 -0.028999999
v  -0.028318258 -0.0062511009 -0.0275
v  -0.0073687402 -0.028048202 -0.028999999
v  -0.012343903 -0.026241723 -0.028999999
v  -0.016907863 -0.023561073 -0.028999999
v  -0.020908583 -0.02009555 -0.028999999
v  -0.024212793 -0.015960598 -0.028999999
v  -0.026710417 0.011293964 -0.0275
v  -0.026710417 0.011293964 -0.028999999
v  -0.019021131 0.00618034 -0.028999999
v  -0.026710417 -0.011293964 -0.0275
v  -0.024212793 0.015960598 -0.0275
v  -0.024212793 0.015960598 -0.028999999
v  -0.017320508 0.0099999998 -0.028999999
v  -0.024212793 -0.015960598 -0.0275
v  -0.020908583 0.02009555 -0.0275
v  -0.020908583 0.02009555 -0.028999999
v  -0.014862897 0.013382612 -0.028999999
v  -0.020908583 -0.02009555 -0.0275
v  -0.016907863 0.023561073 -0.0275
v  -0.016907863 0.023561073 -0.028999999
v  -0.011755705 0.01618034 -0.028999999
v  -0.019890439 -0.0020905719 -0.019300001
v  -0.019021131 -0.0061803428 -0.019300003
v  -0.019890439 0.0020905666 -0.019299999
v  -0.017320508 -0.010000003 -0.019300003
v  -0.019021131 0.0061803372 -0.019299999
v  -0.014862897 -0.013382615 -0.019300004
v  -0.017320508 0.009999997 -0.019299997
v  -0.016907863 -0.023561073 -0.0275
v  -0.012343903 0.026241723 -0.0275
v  -0.012343903 0.026241723 -0.028999999
v  -0.008134733 0.01827091 -0.028999999
v  -0.011755705 -0.016180342 -0.019300004
v  -0.011755705 -0.01618034 -0.028999999
v  -0.014862897 0.01338261 -0.019299997
v  -0.012343903 -0.026241723 -0.0275
v  -0.0073687402 0.028048202 -0.0275
v  -0.0073687402 0.028048202 -0.028999999
v  -0.0041582338 0.019562952 -0.028999999
v  -0.008134733 -0.018270912 -0.019300004
v  -0.008134733 -0.01827091 -0.028999999
v  -0.011755705 0.016180336 -0.019299995
v  -0.0041582338 -0.019562954 -0.019300004
v  -0.0041582338 -0.019562952 -0.028999999
v  -0.008134733 0.018270906 -0.019299995
v  -0.0073687402 -0.028048202 -0.0275
v  -0.0021481079 0.028920332 -0.0275
v  -0.0021481079 0.028920332 -0.028999999
v  3.3522594e-12 0.02 -0.028999999
v  3.6536143e-12 -0.020000003 -0.019300004
v  3.6523813e-12 -0.02 -0.028999999
v  -0.0041582338 0.019562948 -0.019299995
v  0.0031440831 -0.02882906 -0.028999999
v  -0.0021481079 -0.028920332 -0.0275
v  0.0031440831 0.02882906 -0.0275
v  0.0031440831 0.02882906 -0.028999999
v  6.6554986e-12 0.019999998 -0.019299995
v  0.0041582338 0.019562952 -0.028999999
v  0.0041582338 -0.019562952 -0.028999999
v  0.0041582338 -0.019562954 -0.019300004
v  0.0083315372 -0.027777428 -0.028999999
v  0.0031440831 -0.02882906 -0.0275
v  0.0083315372 0.027777428 -0.0275
v  0.0083315372 0.027777428 -0.028999999
v  0.008134733 -0.01827091 -0.028999999
v  0.013241449 -0.025800465 -0.028999999
v  0.008134733 -0.018270912 -0.019300004
v  0.008134733 0.01827091 -0.028999999
v  0.0041582338 0.019562948 -0.019299995
v  0.011755705 -0.01618034 -0.028999999
v  0.017710259 -0.022964031 -0.028999999
v  0.011755705 -0.016180342 -0.019300004
v  0.013241449 0.025800465 -0.028999999
v  0.011755705 0.01618034 -0.028999999
v  0.008134733 0.018270906 -0.019299995
v  0.0083315372 -0.027777428 -0.0275
v  0.013241449 0.025800465 -0.0275
v  0.014862897 -0.013382612 -0.028999999
v  0.021589098 -0.019362614 -0.028999999
v  0.014862897 -0.013382615 -0.019300004
v  0.017710259 0.022964031 -0.028999999
v  0.014862897 0.013382612 -0.028999999
v  0.011755705 0.016180336 -0.019299995
v  0.013241449 -0.025800465 -0.0275
v  0.017710259 0.022964031 -0.0275
v  0.017320508 -0.0099999998 -0.028999999
v  0.024748757 -0.015116183 -0.028999999
v  0.017320508 -0.010000003 -0.019300003
v  0.021589098 0.019362614 -0.028999999
v  0.017320508 0.0099999998 -0.028999999
v  0.014862897 0.01338261 -0.019299997
v  0.019021131 -0.00618034 -0.028999999
v  0.02708398 -0.010366198 -0.028999999
v  0.019021131 -0.0061803428 -0.019300003
v  0.024748757 0.015116183 -0.028999999
v  0.019021131 0.00618034 -0.028999999
v  0.017320508 0.009999997 -0.019299997
v  0.017710259 -0.022964031 -0.0275
v  0.021589098 0.019362614 -0.0275
v  0.019890439 -0.0020905694 -0.028999999
v  0.028516972 -0.0052708918 -0.028999999
v  0.019890439 -0.0020905719 -0.019300001
v  0.02708398 0.010366198 -0.028999999
v  0.019890439 0.0020905691 -0.028999999
v  0.019021131 0.0061803372 -0.019299999
v  0.028999999 2.1756148e-13 -0.028999999
v  0.019890439 0.0020905666 -0.019299999
v  0.028516972 0.0052708918 -0.028999999
v  0.021589098 -0.019362614 -0.0275
v  0.024748757 0.015116183 -0.0275
v  0.024748757 -0.015116183 -0.0275
v  0.02708398 0.010366198 -0.0275
v  0.02708398 -0.010366198 -0.0275
v  0.028516972 0.0052708918 -0.0275
v  0.028516972 -0.0052708918 -0.0275
v  0.028999999 2.1756148e-13 -0.0275
v  -0.027719842 -0.0051817363 -0.0275
v  -0.028200001 -2.1160665e-13 -0.0275
v  -0.027719842 0.0051817363 -0.0275
v  -0.026295716 -0.010187015 -0.0275
v  -0.028200001 -2.1160665e-13 -0.021500001
v  -0.027719842 0.0051817363 -0.021500001
v  -0.027719842 -0.0051817363 -0.021500001
v  -0.026295716 0.010187015 -0.021500001
v  -0.026295716 0.010187015 -0.0275
v  -0.023976123 -0.014845387 -0.0275
v  -0.026295716 -0.010187015 -0.021500001
v  -0.023976123 0.014845387 -0.021500001
v  -0.023976123 0.014845387 -0.0275
v  -0.020840051 -0.018998217 -0.0275
v  -0.023976123 -0.014845387 -0.021500001
v  -0.020840051 0.018998217 -0.021500001
v  -0.020840051 0.018998217 -0.0275
v  -0.016994298 -0.022504086 -0.0275
v  -0.020840051 -0.018998217 -0.021500001
v  -0.016994298 0.022504086 -0.021500001
v  -0.016994298 0.022504086 -0.0275
v  -0.012569821 -0.025243605 -0.0275
v  -0.016994298 -0.022504086 -0.021500001
v  -0.012569821 0.025243605 -0.021500001
v  -0.012569821 0.025243605 -0.0275
v  -0.0077172965 -0.027123483 -0.0275
v  -0.012569821 -0.025243605 -0.021500001
v  -0.0077172965 0.027123483 -0.021500001
v  -0.0077172965 0.027123483 -0.0275
v  -0.0026019677 -0.028079703 -0.0275
v  -0.0077172965 -0.027123483 -0.021500001
v  -0.0026019677 0.028079703 -0.021500001
v  -0.0026019677 0.028079703 -0.0275
v  0.0026019677 -0.028079703 -0.0275
v  -0.0026019677 -0.028079703 -0.021500001
v  0.0026019677 0.028079703 -0.021500001
v  0.0026019677 0.028079703 -0.0275
v  0.0077172965 -0.027123483 -0.0275
v  0.0026019677 -0.028079703 -0.021500001
v  0.0077172965 0.027123483 -0.021500001
v  0.0077172965 0.027123483 -0.0275
v  0.012569821 -0.025243605 -0.0275
v  0.0077172965 -0.027123483 -0.021500001
v  0.012569821 0.025243605 -0.021500001
v  0.012569821 0.025243605 -0.0275
v  0.016994298 -0.022504086 -0.0275
v  0.012569821 -0.025243605 -0.021500001
v  0.016994298 0.022504086 -0.021500001
v  0.016994298 0.022504086 -0.0275
v  0.020840051 -0.018998217 -0.0275
v  0.016994298 -0.022504086 -0.021500001
v  0.020840051 0.018998217 -0.021500001
v  0.020840051 0.018998217 -0.0275
v  0.023976123 -0.014845387 -0.0275
v  0.020840051 -0.018998217 -0.021500001
v  0.023976123 0.014845387 -0.021500001
v  0.023976123 0.014845387 -0.0275
v  0.026295716 -0.010187015 -0.0275
v  0.023976123 -0.014845387 -0.021500001
v  0.026295716 0.010187015 -0.021500001
v  0.026295716 0.010187015 -0.0275
v  0.027719842 -0.0051817363 -0.0275
v  0.026295716 -0.010187015 -0.021500001
v  0.027719842 0.0051817363 -0.021500001
v  0.027719842 0.0051817363 -0.0275
v  0.028200001 2.115591e-13 -0.0275
v  0.027719842 -0.0051817363 -0.021500001
v  0.028200001 2.115591e-13 -0.021500001
v  -0.027938025 -0.0049855742 -0.021500001
v  -0.028113734 -0.0043624369 -0.0010000016
v  -0.028378423 -0.0026296482 -0.021500001
v  -0.028312532 -0.0021172217 -0.0010000016
v  -0.028378423 1.8510606e-08 -0.021500001
v  -0.0285 1.3078297e-08 -0.0009999997
v  -0.028378423 0.0026296482 -0.021500001
v  -0.028494511 6.2000545e-05 -0.0009999997
v  -0.027938018 0.0049856105 -0.021500001
v  -0.027412031 -0.0077993954 -0.021500001
v  -0.027651802 -0.0064996919 -0.0010000016
v  -0.028056595 -0.0050077443 -0.0010000016
v  -0.028301511 0.0022416874 -0.0009999997
v  -0.028102733 0.0044866251 -0.0009999997
v  -0.028056588 0.0050077694 -0.00099999784
v  -0.027412031 0.0077993949 -0.021500001
v  -0.026630357 -0.0098171299 -0.021500001
v  -0.026740173 -0.0098596793 -0.0010000034
v  -0.027063359 -0.0086685177 -0.0010000016
v  -0.027619094 0.0066202316 -0.00099999784
v  -0.027030667 0.0087889833 -0.00099999784
v  -0.026630342 0.0098171644 -0.021500001
v  -0.025512153 -0.012703544 -0.021500001
v  -0.025369985 -0.012758335 -0.0010000034
v  -0.026327204 -0.010733323 -0.0010000034
v  -0.02674016 0.0098597025 -0.00099999784
v  -0.026273869 0.010846145 -0.00099999784
v  -0.025512153 0.012703543 -0.021500001
v  -0.024495589 0.01434535 -0.021500001
v  -0.024495611 -0.014345319 -0.021500001
v  -0.024591696 -0.014404817 -0.0010000034
v  -0.025316592 0.012871268 -0.00099999597
v  -0.022743491 -0.017175088 -0.021500001
v  -0.023073837 -0.016539069 -0.0010000053
v  -0.024367288 -0.014720355 -0.0010000034
v  -0.024591675 0.014404838 -0.00099999597
v  -0.024295049 0.014821921 -0.00099999597
v  -0.02274349 0.017175086 -0.021500001
v  -0.021599419 -0.018430077 -0.021500001
v  -0.021599391 0.018430103 -0.021500001
v  -0.021788882 -0.018345838 -0.0010000053
v  -0.023001406 0.016640898 -0.00099999597
v  -0.019200327 -0.021061756 -0.021500001
v  -0.020227922 -0.019924738 -0.0010000053
v  -0.021678014 -0.018501731 -0.0010000053
v  -0.021677986 0.018501747 -0.00099999597
v  -0.019200325 0.021061754 -0.021500001
v  -0.021716701 0.01844731 -0.00099999597
v  -0.018030861 -0.021944895 -0.021500001
v  -0.018030828 0.021944916 -0.021500001
v  -0.018089792 -0.022022938 -0.0010000053
v  -0.018639607 -0.02148339 -0.0010000053
v  -0.020138733 0.020012248 -0.00099999411
v  -0.015003318 -0.02423119 -0.021500001
v  -0.015053426 -0.024097307 -0.0010000071
v  -0.016896972 -0.022837842 -0.0010000053
v  -0.018550584 0.021570731 -0.00099999411
v  -0.01808976 0.02202295 -0.00099999411
v  -0.016793843 0.022908283 -0.00099999411
v  -0.015003317 0.024231188 -0.021500001
v  -0.013899758 -0.024780698 -0.021500001
v  -0.01389972 0.024780711 -0.021500001
v  -0.013938681 -0.024858873 -0.0010000071
v  -0.014950327 0.024167724 -0.00099999411
v  -0.010295388 -0.026575461 -0.021500001
v  -0.011114087 -0.026129475 -0.0010000071
v  -0.013156216 -0.025210854 -0.0010000071
v  -0.013938645 0.024858877 -0.00099999411
v  -0.013042419 0.02526203 -0.00099999411
v  -0.010295386 0.026575457 -0.021500001
v  -0.0093333367 -0.026849188 -0.021500001
v  -0.0093332976 0.026849195 -0.021500001
v  -0.009353851 -0.026921291 -0.0010000071
v  -0.011000141 0.026180716 -0.00099999225
v  -0.0052368618 -0.028014736 -0.021500001
v  -0.0069125728 -0.02753449 -0.0010000071
v  -0.0090899738 -0.026987571 -0.0010000071
v  -0.0093538119 0.026921289 -0.00099999225
v  -0.0089691188 0.027017916 -0.00099999225
v  -0.0052368608 0.028014731 -0.021500001
v  -0.0044723623 -0.028085576 -0.021500001
v  -0.0044723214 0.028085576 -0.021500001
v  -0.0044779624 -0.028146017 -0.0010000071
v  -0.0047817221 -0.028069718 -0.0010000071
v  -0.0067913621 0.027564922 -0.00099999225
v  -6.2445652e-05 -0.028499935 -0.016889706
v  -0.00011332004 -0.028499778 -0.016450955
v  -3.3599244e-05 -0.028499983 -0.017062156
v  1.2499972e-11 -0.0285 -0.021500001
v  8.1490334e-08 -0.028500004 -0.01723321
v  -1.315204e-05 -0.028499994 -0.017166002
v  -0.00013051958 -0.028499704 -0.016000008
v  -5.5443061e-06 0.028499994 -0.0079999911
v  -5.5440787e-06 0.028499996 -0.015999993
v  -0.0044779219 0.028146008 -0.00099999225
v  -4.04922e-06 0.028499996 -0.016126012
v  1.2267034e-07 0.028499996 -0.016250689
v  1.2072111e-11 0.0285 -0.021500001
v  -0.0046608932 0.028100049 -0.00099999225
v  0.00070157385 -0.02843499 -0.021500001
v  0.00070157414 0.02843499 -0.021500001
v  2.2568096e-05 0.028499987 -0.016570503
v  6.2559229e-05 0.028499927 -0.016889822
v  0.00013100359 0.028499434 -0.017161105
v  0.00034857859 0.028497865 -0.018023474
v  0.00046653376 0.028495388 -0.018275263
v  7.7244447e-05 -0.028499898 -0.017555503
v  0.00034697476 -0.028497217 -0.018275002
v  0.00070674578 -0.028489755 -0.019011784
v  0.00048932317 -0.028495802 -0.018654713
v  0.0058486373 -0.027893433 -0.020500008
v  0.0018658544 -0.028438872 -0.020500008
v  0.0015953142 -0.028452942 -0.020201501
v  0.0010951071 -0.028478956 -0.019649584
v  0.00088222109 -0.028484875 -0.019299965
v  0.0052368618 -0.028014736 -0.021500001
v  0.0010015009 0.028480953 -0.019301502
v  0.0015377282 0.028458484 -0.020040717
v  0.00084846705 0.028487364 -0.019090539
v  0.0017073143 0.028447971 -0.020212723
v  0.0019905423 0.028430412 -0.020499993
v  0.0052368608 0.028014731 -0.021500001
v  0.00070676627 0.02849034 -0.018788064
v  0.0058347494 -0.027844621 -0.021500001
v  0.0058347494 0.027844617 -0.021500001
v  0.0058486373 0.027893428 -0.020499993
v  0.010797543 -0.026375428 -0.020500006
v  0.010295388 -0.026575461 -0.021500001
v  0.010295386 0.026575457 -0.021500001
v  0.010777588 -0.026335353 -0.021500001
v  0.010777588 0.026335349 -0.021500001
v  0.010797543 0.026375422 -0.020499993
v  0.01539024 -0.023987303 -0.020500006
v  0.015003318 -0.02423119 -0.021500001
v  0.015003317 0.024231188 -0.021500001
v  0.015367011 -0.023956541 -0.021500001
v  0.015367011 0.023956537 -0.021500001
v  0.01539024 0.023987297 -0.020499993
v  0.016749853 -0.023058459 -0.020500006
v  0.019200327 -0.021061756 -0.021500001
v  0.019200325 0.021061754 -0.021500001
v  0.019451506 -0.020786226 -0.021500001
v  0.019451506 0.02078622 -0.021500001
v  0.017066935 0.022821786 -0.020201664
v  0.016850807 0.022984782 -0.020499993
v  0.017542891 -0.022460828 -0.019329645
v  0.016976373 -0.022892201 -0.02022763
v  0.016967474 -0.022898734 -0.020238332
v  0.018323693 -0.021828709 -0.008000006
v  0.018323693 -0.021828705 -0.016000006
v  0.019460276 -0.020792559 -0.00099997176
v  0.018237201 -0.021901019 -0.017144868
v  0.018230846 -0.021906247 -0.017172419
v  0.017978167 -0.02211415 -0.018267915
v  0.017552182 -0.022453753 -0.019314915
v  0.022743491 -0.017175088 -0.021500001
v  0.020804396 -0.019478897 -0.00099996058
v  0.019951887 -0.020312088 -0.00099996803
v  0.019459134 0.020791279 -0.0009997352
v  0.02074649 0.019540545 -0.00099974452
v  0.020963445 0.019288704 -0.00099974638
v  0.02274349 0.017175086 -0.021500001
v  0.017467165 0.022519948 -0.019649213
v  0.017633362 0.022388168 -0.019300064
v  0.017944952 0.022141105 -0.018645469
v  0.018051459 0.022053503 -0.018275104
v  0.018262889 0.021879597 -0.017539879
v  0.018311018 0.021839149 -0.017162221
v  0.018409071 0.021756746 -0.016392814
v  0.018419238 0.021748139 -0.015999995
v  0.018419238 0.021748135 -0.0079999929
v  0.02289613 -0.016928568 -0.021500001
v  0.02289613 0.016928565 -0.021500001
v  0.022392614 0.017629735 -0.00099975755
v  0.022448203 -0.017559284 -0.00099994941
v  0.021454399 -0.018719833 -0.00099995686
v  0.022898292 -0.01692809 -0.00099994568
v  0.022836871 -0.017014224 -0.00099994568
v  0.025512153 -0.012703544 -0.021500001
v  0.025194723 -0.013322016 -0.00099992333
v  0.024081113 -0.015219409 -0.00099993451
v  0.02391549 -0.015501597 -0.00099993637
v  0.022897258 0.016927246 -0.00099976128
v  0.023675295 0.015842969 -0.00099976873
v  0.023869377 0.015572497 -0.00099977059
v  0.025512153 0.012703544 -0.021500001
v  0.022395987 0.01762582 -0.00099975755
v  0.025586961 -0.012510448 -0.021500001
v  0.025586959 0.012510444 -0.021500001
v  0.024810608 0.013979655 -0.00099977991
v  0.025155071 0.013396722 -0.00099978363
v  0.025580876 -0.012506098 -0.0009999196
v  0.025196468 -0.013318327 -0.00099992333
v  0.026242964 0.011115604 -0.00099979481
v  0.027412031 0.0077993949 -0.021500001
v  0.025813177 0.012016792 -0.00099979108
v  0.025580054 0.012505608 -0.00099978736
v  0.027412031 -0.0077993954 -0.021500001
v  0.026275842 -0.011037679 -0.00099991029
v  0.026128422 -0.011349164 -0.00099991215
v  0.027434859 -0.0076772803 -0.021500001
v  0.027434858 0.0076772762 -0.021500001
v  0.027419776 -0.0076722703 -0.00099989353
v  0.027150342 -0.0086665489 -0.00099989725
v  0.026921574 -0.009286833 -0.00099990098
v  0.026653826 0.010011692 -0.00099980226
v  0.027352778 0.0079144724 -0.00099981343
v  0.0271245 0.0087470803 -0.00099980785
v  0.027738508 0.0065440875 -0.012748274
v  0.027770016 0.0064084446 -0.013574081
v  0.027782928 0.0063528614 -0.013912479
v  0.027853753 0.0060324194 -0.014796473
v  0.027872369 0.0059481934 -0.015028824
v  0.027978485 0.0054232283 -0.015920058
v  0.027994357 0.0053447075 -0.016053362
v  0.028124787 0.0046053506 -0.016902711
v  0.028133376 0.0045566619 -0.016958643
v  0.028270738 0.0036076815 -0.017711466
v  0.028378423 0.0026296482 -0.021500001
v  0.02741925 0.0076720277 -0.00099981343
v  0.028254203 -0.0037140141 -0.017695755
v  0.028143555 -0.0044933623 -0.017122399
v  0.028378423 -0.0026296482 -0.021500001
v  0.028379634 -0.0025879757 -0.018291129
v  0.028282084 -0.0035176317 -0.017840231
v  0.028105909 -0.0047086985 -0.01689213
v  0.027998757 -0.005321627 -0.016236693
v  0.027957248 -0.0055269911 -0.015913161
v  0.027867639 -0.0059703174 -0.015214738
v  0.027829604 -0.0061416333 -0.014794121
v  0.027775843 -0.0063837804 -0.014199597
v  0.027744751 -0.0065163537 -0.013571925
v  0.027718021 -0.0066303387 -0.013032258
v  0.027714085 -0.0066467593 -0.012299362
v  0.02771168 -0.0066567906 -0.011851632
v  0.028378423 -0.0025882451 -0.021500001
v  0.028378423 0.0025882409 -0.021500001
v  0.0284991 0.00022656034 -0.018794015
v  0.02849994 -5.7928246e-05 -0.0188
v  0.028471997 -0.0012630994 -0.018691001
v  0.028466688 -0.001344856 -0.018668359
v  0.028396247 -0.0024296534 -0.018367918
v  0.028380575 -0.0025790052 -0.01829548
v  0.028391734 0.0024677431 -0.018301679
v  0.028467214 0.0013666319 -0.018647557
v  0.028471041 0.0012298011 -0.018665135
v  0.028381199 0.0025881294 -0.018251495
v  0.028387414 0.0025307524 -0.018281886
v  0.0057658399 -0.028621355 -0.02048327
v  0.0058743288 -0.029159887 -0.020171769
v  0.0054792319 -0.028646771 -0.020500064
v  0.0057620439 -0.028602511 -0.020500008
v  0.0048836903 -0.028647304 -0.020499837
v  0.013971355 0.025614562 -0.020499995
v  0.014240852 0.026108647 -0.02016104
v  0.014216412 0.025466718 -0.020500058
v  0.014673264 0.02508411 -0.020499833
v  0.0028384023 -0.028487107 -0.02038217
v  0.0020476466 -0.028545737 -0.019738136
v  0.0027431012 -0.028460449 -0.020499904
v  0.0085339276 -0.027826909 -0.020500008
v  0.0030345924 -0.02847217 -0.02049987
v  0.0029852206 -0.028466405 -0.020499876
v  0.0048683863 -0.028647317 -0.020499831
v  0.0045369617 -0.028647613 -0.020499703
v  0.0038685221 -0.028569555 -0.020499777
v  0.009919025 -0.027439345 -0.020500008
v  0.0099255592 -0.027457424 -0.02048327
v  0.0085587082 -0.027913712 -0.02048327
v  0.011231782 -0.026851665 -0.020500006
v  0.011268233 -0.026934249 -0.02048327
v  0.014550332 -0.025156708 -0.020500006
v  0.014544586 -0.025161615 -0.020500006
v  0.01415395 -0.025495147 -0.020500006
v  0.013858898 -0.025675587 -0.020500006
v  0.015265063 -0.024472086 -0.020500006
v  0.014893391 -0.0248638 -0.020500006
v  0.01386911 -0.02569451 -0.020487059
v  0.014791088 -0.02574081 -0.020095052
v  0.014126229 -0.026170859 -0.020161074
v  0.015275457 -0.024687458 -0.020289579
v  0.015456068 -0.025274331 -0.0198793
v  0.015877262 -0.023826875 -0.020500006
v  0.015945869 -0.024218621 -0.019886138
v  0.016061638 -0.023662493 -0.020500006
v  0.015891792 -0.02381156 -0.020500006
v  0.016011953 -0.023732007 -0.020398721
v  0.016664028 -0.023267491 -0.019755524
v  0.012040596 0.026489086 -0.020499993
v  0.010039254 0.02739558 -0.020499993
v  0.012328318 0.027122332 -0.020129215
v  0.015976522 0.023761908 -0.020499853
v  0.016010875 0.023725502 -0.020499859
v  0.016192751 0.023565108 -0.020499889
v  0.014684733 0.025074504 -0.020499825
v  0.015400734 0.024372136 -0.02049977
v  0.016136779 0.023646967 -0.020381901
v  0.016780036 0.023183702 -0.019738251
v  0.0028665035 0.028449899 -0.020499993
v  0.0021756543 0.028537732 -0.019735258
v  0.0031321484 0.028455809 -0.020499993
v  0.002965691 0.028475717 -0.02037869
v  0.0031626481 0.028459284 -0.020499993
v  0.004992994 0.028623637 -0.020499993
v  0.0039983164 0.028554529 -0.020499993
v  0.0033330659 0.028809346 -0.019866178
v  0.0045728036 0.028620005 -0.020499993
v  0.0041402401 0.028739544 -0.020271739
v  0.0050680065 0.028624285 -0.020499993
v  0.0043815556 0.02931002 -0.019863134
v  0.0051841489 0.029242512 -0.020083442
v  0.0055451738 0.028628409 -0.020499993
v  0.0058874134 0.028576963 -0.020499993
v  0.0079757553 0.027982738 -0.020499993
v  0.0060034748 0.029140314 -0.020153608
v  0.010275875 0.027964525 -0.020129215
v  0.0081663812 0.028651675 -0.020129215
v  0.0040108687 -0.028751556 -0.020278011
v  0.0032025625 -0.028818233 -0.019871773
v  0.015408673 0.024603121 -0.020277962
v  0.016070673 0.024134723 -0.019871641
v  0.0050526862 -0.02925228 -0.020089123
v  0.014932396 0.025656359 -0.020089183
v  0.014938675 0.024861831 -0.020499701
v  0.0087555097 -0.028555568 -0.02010259
v  0.011527337 -0.027553583 -0.02010259
v  0.016532823 -0.023779595 -0.019327983
v  0.0026087707 0.028849015 -0.019308032
v  0.016062018 -0.024810599 -0.019512009
v  0.0042492044 -0.029316934 -0.01986875
v  0.015589504 0.025189415 -0.019868696
v  0.0036264728 0.02934227 -0.019493671
v  0.017197575 -0.02286553 -0.018963354
v  0.0058984216 -0.029279483 -0.020102592
v  0.014151382 -0.026217459 -0.020129185
v  0.014266149 0.026155027 -0.020129222
v  0.0060116397 0.029179946 -0.020129237
v  0.008337372 0.02925146 -0.019999992
v  0.015258729 0.026301144 -0.019842194
v  0.014604807 0.026775911 -0.019999996
v  0.012586511 0.027690087 -0.019999994
v  0.010494429 0.028637681 -0.019999992
v  0.014187997 -0.026285293 -0.020115096
v  0.0061543458 0.029872628 -0.019999992
v  0.014487251 -0.026839703 -0.020000011
v  0.011741024 -0.028069103 -0.020000009
v  0.0052170698 -0.029956007 -0.019842327
v  0.006023292 -0.029899333 -0.020000009
v  0.010368748 -0.02868343 -0.020000007
v  0.0089208512 -0.029088566 -0.020000007
v  0.015635919 -0.026025916 -0.019762101
v  0.015123175 -0.026389174 -0.019868299
v  0.015746897 0.02594672 -0.019724393
v  0.0045945253 -0.029999772 -0.019720569
v  0.0047439341 0.02998475 -0.019748572
v  0.0053448682 0.029936979 -0.019855695
v  0.0015160063 0.028572029 -0.018945435
v  0.017333979 -0.031163234 -0.019813446
v  0.016198538 -0.031573683 -0.020000009
v  0.0077345753 -0.034633316 -0.020000009
v  0.0065721273 -0.035053529 -0.019804236
v  0.0067243455 -0.035405423 -0.01973184
v  0.0078646718 -0.034993205 -0.019923888
v  0.016328635 -0.031933576 -0.019923888
v  0.016336834 0.031502344 -0.019999992
v  0.0072244536 0.034841623 -0.019875985
v  0.0078863716 0.034599062 -0.01999999
v  0.016970061 0.031270295 -0.019942729
v  0.016467012 0.031857576 -0.019898618
v  0.0080136433 0.034946363 -0.019925961
v  0.0073540439 0.03518869 -0.019865485
v  0.017618485 0.031032676 -0.019759884
v  0.017747598 0.031517878 -0.019633951
v  0.01712089 0.031747539 -0.019810673
v  0.0080187935 0.034960419 -0.019922966
v  0.0068976325 -0.035687748 -0.019525677
v  0.0078653255 -0.034995012 -0.019922605
v  0.017442467 -0.031530935 -0.019740876
v  0.016329288 -0.031935383 -0.019922605
v  0.0075092376 0.035494763 -0.019643223
v  0.0081308167 0.035266113 -0.019703757
v  0.016508875 0.031971812 -0.019866018
v  0.0079749627 -0.035298306 -0.019707115
v  0.016438926 -0.032238677 -0.019707115
v  0.016589515 -0.024375569 -0.019005712
v  0.016304435 -0.025446385 -0.01925442
v  0.015761564 -0.025917431 -0.019668205
v  0.015639292 -0.026023526 -0.019761402
v  0.0066047208 0.035068728 -0.019759882
v  0.0024773916 -0.028855093 -0.019312756
v  0.0034933111 -0.029346595 -0.019498985
v  0.016187552 0.024726328 -0.019498836
v  0.01664971 0.023696916 -0.019312903
v  0.0044066408 -0.03001298 -0.019683823
v  0.015916916 0.02582328 -0.019683365
v  0.017465554 -0.031115672 -0.019743318
v  0.0029498544 0.029346714 -0.018987199
v  0.016572993 0.032146782 -0.019679673
v  0.0068741133 0.035727508 -0.019452468
v  0.0066801729 0.035435636 -0.019663092
v  0.0045542945 0.029987611 -0.019663757
v  0.0046769469 0.029990075 -0.019736631
v  0.017756261 0.03190453 -0.019289898
v  0.01718889 0.032112446 -0.019449888
v  0.0064417538 -0.035100657 -0.0197336
v  0.018392401 -0.030780626 -0.01924932
v  0.018812953 -0.030628601 -0.018806327
v  0.018353505 0.030763324 -0.019374439
v  0.018457999 0.031257547 -0.019261418
v  0.0065375604 0.035093337 -0.019714355
v  0.017016232 -0.023397075 -0.018632859
v  0.018480748 -0.03115561 -0.019187486
v  0.017491225 -0.03185828 -0.019534213
v  0.017306004 0.0227834 -0.01894797
v  0.0013875155 -0.028577195 -0.018947646
v  0.005230647 0.035572264 -0.018828418
v  0.0054412889 0.035495073 -0.018971208
v  0.0019996143 0.028865946 -0.018615328
v  0.0055234674 -0.035432607 -0.019236077
v  0.005695642 -0.035777286 -0.019174496
v  0.0059257597 -0.036039073 -0.018999122
v  0.0070656077 -0.035857528 -0.019217134
v  0.0079758363 -0.035300724 -0.019703271
v  0.016439797 -0.032241091 -0.019703271
v  0.007643267 0.035681978 -0.019305311
v  0.0082051829 0.035469048 -0.019376134
v  0.016634818 0.032315489 -0.019499991
v  0.0080486564 -0.035502169 -0.019382693
v  0.016512619 -0.032442536 -0.019382693
v  0.0037143661 -0.029991385 -0.01924753
v  0.0051073572 -0.035583027 -0.018793615
v  0.016432798 0.025362223 -0.019247437
v  0.01899256 0.03052914 -0.01882842
v  0.0038461727 0.029973382 -0.019243021
v  0.0055876421 0.035835996 -0.018959535
v  0.0070670508 0.035893135 -0.019132249
v  0.018399402 0.031668849 -0.018952634
v  0.018472146 -0.031503689 -0.019011395
v  0.017472828 -0.032095432 -0.019224921
v  0.006178787 -0.036178108 -0.018736659
v  0.016764626 -0.025047081 -0.018903654
v  0.016646868 0.032348372 -0.019369299
v  0.0030439489 -0.029970471 -0.018825011
v  0.0028159758 -0.029348783 -0.01899193
v  0.016707685 0.024292726 -0.01899205
v  0.016932802 0.024915356 -0.018824926
v  0.0032202122 0.029960804 -0.018871101
v  0.0058444017 0.03610485 -0.018789364
v  0.017642152 0.032089032 -0.018819911
v  0.017155834 0.032267246 -0.018957045
v  0.0080491165 -0.035503443 -0.019375889
v  0.016513079 -0.03244381 -0.019375889
v  0.0073498758 0.035860687 -0.018847011
v  0.0082304515 0.035537999 -0.01899999
v  0.016680915 0.032441285 -0.018999992
v  0.0072026979 -0.035888914 -0.018853178
v  0.0080745341 -0.035573754 -0.019000009
v  0.016538497 -0.032514125 -0.019000009
v  0.019075651 0.031031206 -0.018733686
v  0.017021937 -0.023996228 -0.018376697
v  0.017594641 -0.022552969 -0.018049562
v  0.017126231 0.023316031 -0.018619299
v  0.0018675998 -0.028869659 -0.01861902
v  0.0023814782 0.029333267 -0.018360319
v  0.018193416 0.031887021 -0.018530827
v  0.018958576 0.031463936 -0.018474866
v  0.018367905 -0.031771872 -0.018747857
v  0.017390076 -0.032206289 -0.018860087
v  0.0064162035 -0.036173224 -0.018427061
v  0.019305849 -0.030857345 -0.018318359
v  0.0048792581 -0.036072399 -0.018306408
v  0.0046912464 -0.035733446 -0.018351151
v  0.0051544765 -0.036317881 -0.018178992
v  0.006475871 0.036180977 -0.018346362
v  0.0072232173 0.035907105 -0.018774459
v  0.0061328453 0.036235478 -0.01853065
v  0.019251665 -0.031221902 -0.018190281
v  0.016814485 -0.024998963 -0.018841075
v  0.016827041 -0.024986845 -0.018825313
v  0.017166257 -0.024639174 -0.018177291
v  0.016861759 -0.024953337 -0.018781736
v  0.0079093101 -0.035633486 -0.0050047575
v  0.0073536155 -0.035834361 -0.005197465
v  0.0052532135 -0.036593635 -0.0080000097
v  0.0052532135 -0.036593635 -0.01600001
v  0.016538497 -0.032514129 -0.0050000078
v  0.0080745341 -0.035573758 -0.0050000097
v  0.019359818 -0.031494249 -0.016000008
v  0.019497737 0.031409044 -0.015999991
v  0.0054750019 -0.036432516 -0.017988302
v  0.01713375 0.023915207 -0.018364437
v  0.016947275 0.02490242 -0.018812696
v  0.0030243618 -0.02996986 -0.018812668
v  0.0022470024 -0.029333476 -0.018364187
v  0.0031676127 0.029955659 -0.018803475
v  0.0031822061 0.029957086 -0.018822238
v  0.017377829 -0.023098072 -0.017824607
v  0.0051137116 0.036009673 -0.018428078
v  0.019457413 0.031423822 -0.016505795
v  0.018672708 0.031711381 -0.018121313
v  0.017697202 0.022472488 -0.018038047
v  0.00088812498 -0.028590472 -0.018037833
v  0.0010169115 0.028587461 -0.01803633
v  0.0015361417 0.028868923 -0.017811671
v  0.018183894 -0.03191933 -0.018436993
v  0.018814726 -0.031691294 -0.017772501
v  0.019220084 -0.03154476 -0.016932435
v  0.019233508 -0.030476576 -0.018363332
v  0.01950524 0.030341264 -0.018147808
v  0.019571159 0.030849623 -0.018075868
v  0.0049934667 0.035659179 -0.01843155
v  0.019328652 0.031471007 -0.01702374
v  0.017274376 0.024562273 -0.018160252
v  0.0025550406 -0.029919533 -0.018160144
v  0.0026724434 0.029907217 -0.018166853
v  0.0046299184 0.035792403 -0.017823232
v  0.028495958 -5.7920166e-05 -0.018737039
v  0.0053977217 0.03626854 -0.018288465
v  0.0063959565 0.036210261 -0.018243715
v  0.019359872 0.031459562 -0.00707294
v  0.019497737 0.03140904 -0.0079999911
v  0.019079205 -0.031514745 -0.017998602
v  0.028448775 -5.7824305e-05 -0.018613903
v  0.0057920376 -0.036398854 -0.017763365
v  0.019407172 0.031299546 -0.01787933
v  0.028431501 -0.0013077414 -0.018486982
v  0.028436517 0.0011921333 -0.018486824
v  0.028359607 0.0023920683 -0.018126652
v  0.017344262 -0.023699634 -0.01764648
v  0.017482448 0.023018667 -0.01781439
v  0.0014037044 -0.02887083 -0.017814208
v  0.0019494117 0.029312834 -0.017634343
v  0.028411223 -5.7748002e-05 -0.018515894
v  0.0057275947 0.036383986 -0.018076209
v  0.02834448 -5.7612368e-05 -0.018456796
v  0.028323548 -0.0012709176 -0.018327331
v  0.028349699 -0.0025073565 -0.018126843
v  0.028252488 0.0023199755 -0.017974732
v  0.028328298 0.0011557385 -0.018327147
v  0.01905722 0.031570476 -0.017610854
v  0.02823206 -5.7383906e-05 -0.018357251
v  0.0047515067 0.036142405 -0.017834054
v  0.0048202737 0.036480147 -0.017130569
v  0.017507549 -0.024287049 -0.017499806
v  0.017451134 0.023620395 -0.017637255
v  0.0018144862 -0.029311648 -0.017637093
v  0.019706797 -0.030305486 -0.01738249
v  0.0022745135 0.02986829 -0.01765525
v  0.028188858 -5.7296096e-05 -0.018346595
v  0.028161058 -0.0012421428 -0.018221186
v  0.0042233565 -0.035902582 -0.017374707
v  0.028165553 0.0011276278 -0.018221052
v  0.027992908 0.00057362131 -0.018266782
v  0.027999941 -5.6912144e-05 -0.018300001
v  0.027951447 -0.0011886656 -0.018111622
v  0.028242996 -0.0024348469 -0.017974943
v  0.028088592 0.0022647379 -0.017875573
v  0.019836042 -0.030665686 -0.017219586
v  0.0043551074 -0.036261875 -0.017212555
v  0.0046592825 -0.036496889 -0.017145569
v  0.027002271 0.0010899703 -0.018189764
v  0.027968422 0.0010825279 -0.018162888
v  0.02824308 0.0034955963 -0.017543597
v  0.0060613896 0.036332861 -0.017813977
v  0.018959772 0.031606182 -0.0062366365
v  0.027950438 -0.0012122055 -0.018107705
v  0.028079467 -0.0023789376 -0.017875733
v  0.027967276 0.0011063522 -0.018158024
v  0.027938589 0.0017025429 -0.018036311
v  0.019752568 -0.031040831 -0.017152211
v  0.027916659 -0.0020005291 -0.017976489
v  0.026997617 -0.0011997329 -0.018189764
v  0.026993303 -0.0033227087 -0.017332023
v  0.027760481 -0.0032949415 -0.017277697
v  0.027877599 -0.0023242487 -0.017801728
v  0.027001731 0.00082407461 -0.016150966
v  0.026998159 -0.00093383715 -0.016150966
v  0.027889313 0.0022240803 -0.017819416
v  0.027006585 0.0032129462 -0.017332023
v  0.02700495 0.0024078984 -0.015388235
v  0.0050231442 -0.036595859 -0.017045317
v  0.017597567 0.024226194 -0.017515611
v  0.0020914832 -0.029869823 -0.017515635
v  0.01986715 0.03020864 -0.01736499
v  0.019920947 0.030721441 -0.017319269
v  0.028228676 -0.0036104482 -0.017543789
v  0.028137719 0.0033896887 -0.017404726
v  0.0057471972 0.036447998 -0.017410409
v  0.0052037053 0.036575966 -0.017025707
v  0.019723842 0.0311835 -0.017194364
v  0.017840056 -0.022353811 -0.017048169
v  0.017602107 -0.022906888 -0.016934291
v  0.017938888 0.022274546 -0.017042
v  0.0005758038 -0.0285942 -0.017041825
v  0.00070474541 0.028592538 -0.017041059
v  0.0012451643 0.028866485 -0.016927348
v  0.019536272 -0.031349521 -0.017051378
v  0.0053912988 -0.036543716 -0.016927062
v  0.02812387 -0.0035041387 -0.017404931
v  0.027972044 0.0033098294 -0.017316567
v  0.027958667 -0.003423593 -0.017316721
v  0.027837586 0.0027715424 -0.017591737
v  0.0043560574 0.035892762 -0.017364986
v  0.0045010354 0.036234189 -0.017199542
v  0.017543713 -0.023509981 -0.016842896
v  0.002237408 0.029863091 -0.017516723
v  0.017703284 0.022828694 -0.016928796
v  0.0011124874 -0.02886726 -0.016928647
v  0.0016783021 0.029295605 -0.016836368
v  0.017523956 -0.024268756 -0.017388534
v  0.017640211 0.024180669 -0.017361799
v  0.017647434 0.023432042 -0.016837938
v  0.017626556 0.024196049 -0.017457787
v  0.002034419 -0.029863043 -0.017381862
v  0.0015430965 -0.029293546 -0.016837802
v  0.0020508028 -0.02986546 -0.017459074
v  0.0021937827 0.029856978 -0.017353855
v  0.02777908 0.0031961219 -0.017309023
v  0.028086236 -0.0045760125 -0.016761091
v  0.028104559 0.0044616512 -0.016760973
v  0.028001415 0.0043249084 -0.016640536
v  0.0056147431 0.036496539 -0.016896406
v  0.027983775 -0.004438885 -0.016640663
v  0.027833505 0.0042239227 -0.016566705
v  0.017615933 -0.024166193 -0.016764721
v  0.019773988 -0.030281199 -0.017243246
v  0.0019027734 -0.029843614 -0.016761452
v  0.004156928 -0.035926595 -0.017236078
v  0.020038832 0.030145727 -0.016674398
v  0.017725587 0.024084512 -0.016761636
v  0.020086879 0.030660635 -0.016651809
v  0.0043286728 0.035902798 -0.017217327
v  0.0020339352 0.029834582 -0.016757095
v  0.0041338867 0.035974178 -0.016167045
v  0.02770742 -0.0037347069 -0.017040288
v  0.027753223 -0.0033551001 -0.01724522
v  0.026989955 -0.0049697836 -0.015741458
v  0.027480192 -0.0049475338 -0.015720122
v  0.027614357 -0.004231432 -0.016499601
v  0.026994938 -0.0025176608 -0.015388235
v  0.027771156 0.0032536169 -0.017270738
v  0.02770463 0.0037363884 -0.016949276
v  0.02763043 0.0041570221 -0.016532829
v  0.027009934 0.0048600207 -0.015741458
v  0.027007177 0.0035039384 -0.014013841
v  0.019874064 0.031128449 -0.016590096
v  0.027816432 -0.004337192 -0.016566783
v  0.019960299 -0.03021385 -0.016000008
v  0.003972814 -0.035993151 -0.01600001
v  0.0041744974 -0.036327165 -0.01600001
v  0.020017767 -0.030592758 -0.016000008
v  0.020018809 -0.030599618 -0.016000008
v  0.0043139211 0.036230221 -0.01616366
v  0.0041827019 -0.036333207 -0.01600001
v  0.0044886502 -0.036558572 -0.01600001
v  0.0043502916 0.036281947 -0.016162977
v  0.0044315956 0.036397576 -0.016161449
v  0.0045277872 0.036442231 -0.016158316
v  0.019926347 -0.030973924 -0.016000008
v  0.019925237 -0.030978413 -0.016000008
v  0.0045154793 -0.036565199 -0.01600001
v  0.0048674447 -0.036652144 -0.01600001
v  0.017947406 -0.022304403 -0.016000006
v  0.0046715937 0.036508985 -0.016153632
v  0.004813117 0.03657468 -0.016149022
v  0.0049008895 0.036615428 -0.016146164
v  0.019695202 -0.031290703 -0.016000008
v  0.019693831 -0.031292565 -0.016000008
v  0.017822841 -0.022461873 -0.016000006
v  0.0049132546 -0.036653195 -0.01600001
v  0.01804504 0.022225479 -0.015999993
v  0.017921168 0.022383494 -0.015999993
v  0.017818015 0.022773748 -0.015999993
v  0.000462772 -0.028625553 -0.016000008
v  0.00098889251 -0.028899213 -0.016000008
v  0.00066389277 -0.028668215 -0.016000008
v  0.00059197453 0.028624007 -0.015999993
v  0.00078959955 0.028665023 -0.015999993
v  0.0050532888 0.036601797 -0.016139986
v  0.0051138545 0.03659638 -0.016137531
v  0.017717978 -0.02285167 -0.016000006
v  0.017714862 0.023164 -0.015999993
v  0.0013258189 -0.029138686 -0.016000008
v  0.0011217882 0.028898941 -0.015999993
v  0.0054160315 0.036569357 -0.016125282
v  0.017613115 -0.023241466 -0.016000006
v  0.017641857 -0.02344018 -0.016000006
v  0.017728686 -0.024040462 -0.016000006
v  0.017744476 0.023362586 -0.015999993
v  0.0014253494 -0.02930188 -0.016000008
v  0.0015597421 0.029304944 -0.015999991
v  0.0018758852 0.029812438 -0.016167047
v  0.0014535825 0.029132584 -0.015999991
v  0.017833935 0.023962483 -0.015999993
v  0.0017412017 -0.029819766 -0.016000008
v  0.027943296 -0.0053690262 -0.015808092
v  0.027964851 0.0052552423 -0.015807975
v  0.027864087 0.0050919456 -0.015711319
v  0.0041306098 0.035975378 -0.015999991
v  0.020092597 0.030126024 -0.015999993
v  0.020153066 0.030504469 -0.015999993
v  0.020062862 0.030886453 -0.015999993
v  0.020121645 0.030637531 -0.015999993
v  0.02784333 -0.0052053612 -0.01571144
v  0.027693763 0.0049740542 -0.015654277
v  0.019832594 0.0312043 -0.015999993
v  0.019907288 0.031101197 -0.015999993
v  0.027673647 -0.0050867419 -0.015654355
v  0.027559986 0.0045563472 -0.016137479
v  0.027501529 0.0048367046 -0.015726276
v  0.0018730974 0.029812437 -0.016083537
v  0.0042937254 0.036244284 -0.01599999
v  0.0043305727 0.036305029 -0.01599999
v  0.0045263125 0.036448602 -0.01599999
v  0.0046489197 0.03653853 -0.01599999
v  0.038998134 -0.0009582268 -0.016150966
v  0.038994912 -0.0025420506 -0.015388235
v  0.039001707 0.0007996849 -0.016150966
v  0.038999919 -7.9270947e-05 -0.01475
v  0.039004926 0.0023835087 -0.015388235
v  0.039002411 0.0011457265 -0.014421762
v  0.0048058564 0.036576178 -0.01599999
v  0.0050328299 0.036630623 -0.01599999
v  0.0051121647 0.036618043 -0.01599999
v  0.00541363 0.03657024 -0.01599999
v  0.0018719479 0.029811837 -0.015999991
v  0.003972814 -0.035993155 -0.0080000097
v  0.00413673 -0.036261462 -0.0080000097
v  0.0041815327 -0.036334798 -0.0080000097
v  0.0043672966 -0.036466196 -0.0080000097
v  0.0045142579 -0.036570147 -0.0080000097
v  0.0046446682 -0.036597293 -0.0080000097
v  0.0049132546 -0.036653195 -0.0080000097
v  0.0049523739 -0.03664634 -0.0080000097
v  0.019693831 -0.031292569 -0.0080000078
v  0.019359818 -0.031494252 -0.0080000078
v  0.019695202 -0.031290706 -0.0080000078
v  0.019925237 -0.030978415 -0.0080000078
v  0.019926347 -0.030973926 -0.0080000078
v  0.020018809 -0.03059962 -0.0080000078
v  -0.00013051966 -0.028499708 -0.008000006
v  0.00045208767 -0.02862329 -0.008000006
v  0.00066389277 -0.028668219 -0.008000006
v  0.00098292925 -0.028894976 -0.0080000078
v  0.0013258186 -0.029138688 -0.0080000078
v  0.0014234551 -0.029298777 -0.0080000078
v  0.0017412017 -0.029819768 -0.0080000078
v  0.017728686 -0.024040464 -0.008000006
v  0.019960299 -0.030213851 -0.008000006
v  0.020017767 -0.030592762 -0.0080000078
v  0.017641857 -0.023440182 -0.008000006
v  0.017717978 -0.022851672 -0.008000006
v  0.017613115 -0.023241468 -0.008000006
v  0.017822841 -0.022461874 -0.008000006
v  0.017947406 -0.022304405 -0.008000006
v  0.018049465 0.022219829 -0.0079999929
v  0.017714862 0.023163998 -0.0079999929
v  0.017745603 0.023370136 -0.0079999929
v  0.017833935 0.023962481 -0.0079999929
v  0.017817955 0.022773968 -0.0079999929
v  0.017921168 0.022383492 -0.0079999929
v  0.00057759951 0.028621022 -0.0079999911
v  0.00078959961 0.028665021 -0.0079999911
v  0.0011096273 0.028890377 -0.0079999911
v  0.019831488 0.031203488 -0.0079999911
v  0.019827388 0.03120908 -0.0079999911
v  0.020060889 0.030890731 -0.0079999911
v  0.020061968 0.030886237 -0.0079999911
v  0.020092597 0.030126022 -0.0079999911
v  0.020152621 0.030504538 -0.0079999911
v  0.020152982 0.030506821 -0.0079999911
v  0.0014535822 0.029132582 -0.0079999911
v  0.0015519197 0.029292243 -0.0079999911
v  0.001871948 0.029811835 -0.0079999911
v  0.0041306098 0.035975374 -0.0079999911
v  0.0043317354 0.036304314 -0.0079999892
v  0.0043353536 0.036310233 -0.0079999892
v  0.0046494561 0.036537789 -0.0079999892
v  0.0046532 0.036540501 -0.0079999892
v  0.0050329356 0.036630176 -0.0079999892
v  0.0050717429 0.036631294 -0.0079999892
v  0.0050351853 0.036630705 -0.0079999892
v  0.0054136296 0.036570236 -0.0079999892
v  0.0082304515 0.035537995 -0.004999991
v  0.016680915 0.032441281 -0.004999991
v  0.017551361 0.032122299 -0.0051468215
v  0.018336602 0.031834546 -0.0055729407
v  0.027845327 0.0058467449 -0.014718841
v  0.027821384 -0.0059600268 -0.014718978
v  0.027746735 0.0056627076 -0.014650991
v  0.026988061 -0.0059010894 -0.013649707
v  0.027266644 -0.0058852835 -0.013718269
v  0.027353438 -0.0055157677 -0.014575667
v  0.027453722 -0.0050888155 -0.015566335
v  0.027465886 -0.0050238906 -0.015637007
v  0.02699271 -0.0036137009 -0.014013841
v  0.027488101 0.0049010986 -0.015631828
v  0.027425272 0.0052024215 -0.015189873
v  0.027365902 0.0054573189 -0.014599302
v  0.027011827 0.005791327 -0.013649707
v  0.027007973 0.0038951105 -0.012300001
v  0.027723677 -0.0057756389 -0.014651124
v  0.027574191 0.005532586 -0.014612299
v  0.027551832 -0.005644768 -0.014612399
v  0.038992688 -0.0036380906 -0.014013841
v  0.03899743 -0.0013042684 -0.014421762
v  0.039007153 0.0034795487 -0.014013841
v  0.039004233 0.0020424868 -0.013525001
v  0.02776471 0.0062123253 -0.013534195
v  0.026997454 -0.0012798788 -0.014421762
v  0.026999945 -5.4881279e-05 -0.01475
v  0.027002433 0.0011701162 -0.014421762
v  0.027739318 -0.0063252822 -0.013534249
v  0.027667658 0.0060149697 -0.013499138
v  0.027643206 -0.0061275857 -0.013499199
v  0.027493529 0.0058774911 -0.013479632
v  0.027469812 -0.0059893429 -0.01347967
v  0.027292613 0.0057644448 -0.013643919
v  0.027319966 0.0056545436 -0.014142351
v  0.026995631 -0.0021766392 -0.013525001
v  0.038995609 -0.0022010289 -0.013525001
v  0.027004257 0.0020668765 -0.013525001
v  0.027004924 0.0023951137 -0.012300001
v  0.026994964 -0.0025048761 -0.012300001
v  0.026991917 -0.0040048733 -0.012300001
v  0.038991891 -0.0040292628 -0.012300001
v  0.039007947 0.003870721 -0.012300001
v  0.0390049 0.002370724 -0.012300001
v  0.027264498 -0.0058936202 -0.013648742
v  0.02698775 -0.0060548689 -0.012300001
v  0.027222861 -0.0060553411 -0.012300001
v  0.027259182 -0.0059142681 -0.013476538
v  0.027258802 0.0059002792 -0.013027874
v  0.02701214 0.0059451065 -0.012300001
v  0.027283268 0.0058019906 -0.01347364
v  0.02773618 0.0063360957 -0.012299943
v  0.027710255 -0.0064489786 -0.01229998
v  0.027639687 0.0061341259 -0.012299945
v  0.038994938 -0.0025292658 -0.012300001
v  0.027614724 -0.0062466636 -0.012299986
v  0.027464978 0.0059942002 -0.012299945
v  0.02744076 -0.0061059701 -0.012299984
v  0.02724761 0.0059446283 -0.012300001
v  0.027740873 0.0065340395 -0.012300546
v  0.027744746 0.0065175924 -0.011567653
v  0.027764633 0.0062123095 -0.011065523
v  0.02698802 -0.0059220949 -0.011044745
v  0.027234338 -0.0060110576 -0.011572129
v  0.027225725 -0.006044264 -0.011935352
v  0.038992688 -0.0036380906 -0.01058616
v  0.02699271 -0.0036137009 -0.01058616
v  0.026989875 -0.0050090994 -0.0089153843
v  0.026995631 -0.0021766392 -0.011075
v  0.038995609 -0.0022010289 -0.011075
v  0.027004257 0.0020668765 -0.011075
v  0.026997454 -0.0012798788 -0.010178237
v  0.027007177 0.0035039384 -0.01058616
v  0.027011869 0.0058123325 -0.011044745
v  0.027248567 0.0059408438 -0.012086927
v  0.039004233 0.0020424868 -0.011075
v  0.039007153 0.0034795487 -0.01058616
v  0.027643086 -0.0061276122 -0.011100647
v  0.027739195 -0.0063253236 -0.01106556
v  0.027469689 -0.0059893737 -0.01112016
v  0.027743747 -0.006521238 -0.011025659
v  0.027493451 0.005877472 -0.01112011
v  0.027280647 0.0058137742 -0.011122021
v  0.027667582 0.0060149482 -0.011100614
v  0.027265845 -0.0058830166 -0.01113736
v  0.027771026 0.0064034457 -0.011027777
v  0.027271243 -0.0058610835 -0.011062884
v  0.027283182 0.0058037359 -0.011045796
v  0.027551726 -0.0056447759 -0.0099874521
v  0.027723575 -0.005775644 -0.009948737
v  0.027574105 0.0055325488 -0.0099874744
v  0.027363589 0.0054708212 -0.0099932449
v  0.027286228 0.0057916697 -0.01095417
v  0.027821278 -0.0059600435 -0.0098808603
v  0.027746651 0.0056626699 -0.0099487929
v  0.03899743 -0.0013042684 -0.010178237
v  0.027002433 0.0011701162 -0.010178237
v  0.026999945 -5.4881279e-05 -0.00985
v  0.038994912 -0.0025420506 -0.0092117665
v  0.039002411 0.0011457265 -0.010178237
v  0.027829023 -0.0061455057 -0.0098032737
v  0.027756879 -0.0064657312 -0.010687432
v  0.027845243 0.0058467095 -0.0098809125
v  0.027348047 -0.0055489591 -0.01000305
v  0.027010014 0.0048993365 -0.0089153843
v  0.02780157 0.0062707751 -0.010400283
v  0.026994938 -0.0025176608 -0.0092117665
v  0.026993232 -0.0033574093 -0.0072906832
v  0.02700495 0.0024078984 -0.0092117665
v  0.039004926 0.0023835087 -0.0092117665
v  0.027854353 0.0060283816 -0.0098057026
v  0.038999919 -7.9270947e-05 -0.00985
v  0.038998134 -0.0009582268 -0.0084490357
v  0.027371302 -0.0054544569 -0.0096821645
v  0.027373958 0.0054278141 -0.0098644411
v  0.027693752 0.0049740267 -0.0089456858
v  0.027486999 0.0049143964 -0.0089578079
v  0.027673649 -0.0050867074 -0.0089455964
v  0.027843332 -0.0052053253 -0.0088885101
v  0.027864076 0.0050919182 -0.008888646
v  0.027943298 -0.0053689904 -0.0087918555
v  0.027891679 0.0058569773 -0.0093852552
v  0.02796484 0.0052552139 -0.0087919841
v  0.027956219 -0.0055368743 -0.008679864
v  0.027847968 -0.0060614157 -0.0095710987
v  0.039001707 0.0007996849 -0.0084490357
v  0.027472015 -0.0049710143 -0.0089988289
v  0.027979486 0.0054132808 -0.0086868154
v  0.026998159 -0.00093383715 -0.0084490357
v  0.02699759 -0.0012132989 -0.0064128893
v  0.027001731 0.00082407461 -0.0084490357
v  0.027006656 0.0032476466 -0.0072906832
v  0.027477495 -0.0049447115 -0.0089616487
v  0.027816446 -0.0043371427 -0.0080331834
v  0.027607603 -0.0043201619 -0.0080788611
v  0.027491862 0.0048923101 -0.008918806
v  0.027833506 0.0042239153 -0.0080332877
v  0.027630927 0.0041693863 -0.0080536595
v  0.027500154 0.0048546433 -0.0088522909
v  0.02798379 -0.0044388347 -0.0079592997
v  0.028001416 0.0043249009 -0.0079594562
v  0.028086253 -0.0045759599 -0.0078388741
v  0.028020151 0.0052077873 -0.008363341
v  0.028104562 0.0044616433 -0.0078390175
v  0.027972406 -0.0054584369 -0.0085465936
v  0.02810584 -0.0047196099 -0.0076972558
v  0.027002299 0.0011035363 -0.0064128893
v  0.02812482 0.004594387 -0.0077078505
v  0.027958712 -0.0034235197 -0.0072833127
v  0.027757391 -0.0033571369 -0.0073380652
v  0.027644323 0.004099187 -0.0079718446
v  0.027972061 0.0033097139 -0.0072834021
v  0.027773466 0.0032643531 -0.007312262
v  0.028123913 -0.0035040639 -0.007195096
v  0.0039760964 -0.035991967 -0.0078329565
v  0.0041911639 -0.036300704 -0.0078370227
v  0.0041550063 -0.036248799 -0.0078363391
v  0.0042719468 -0.036416668 -0.00783855
v  0.0045115002 -0.03652915 -0.0078463694
v  0.0043679411 -0.036461744 -0.007841683
v  0.0046526873 -0.036595445 -0.0078509776
v  0.0048928121 -0.036623608 -0.007860017
v  0.0047402824 -0.036636576 -0.0078538368
v  0.0049533271 -0.036618464 -0.0078624683
v  0.0052556223 -0.036592763 -0.007874717
v  0.001534409 -0.02929013 -0.0071913577
v  0.0010995981 -0.028862879 -0.0071029603
v  0.0019012612 -0.029843304 -0.0072675678
v  0.019538131 -0.031348851 -0.0069547012
v  0.019221732 -0.031544168 -0.0070729568
v  0.017410332 -0.032198969 -0.0051468383
v  0.019754605 -0.031040097 -0.0068544499
v  0.019838199 -0.03066491 -0.0067874636
v  0.019776184 -0.030280408 -0.0067639402
v  -0.00011334732 -0.02849978 -0.0075534894
v  0.00055798684 -0.028590914 -0.0069929021
v  -6.2466424e-05 -0.028499937 -0.0071087158
v  0.017604422 -0.022904905 -0.0070799398
v  0.017545767 -0.02350801 -0.0071699484
v  0.017622862 -0.024158683 -0.0072447821
v  0.017842583 -0.022351746 -0.0069678142
v  0.018242599 -0.021896526 -0.006888024
v  0.017647929 0.0234397 -0.0071631609
v  0.017833447 0.023963682 -0.0079164477
v  0.01783132 0.023965484 -0.0078329397
v  0.017703244 0.02282891 -0.007071394
v  0.017942693 0.022268496 -0.0069567463
v  0.018333057 0.021820834 -0.0068524121
v  -4.0516934e-06 0.028499994 -0.0078732213
v  9.8478012e-08 0.028499994 -0.0077482457
v  0.00068213238 0.028588194 -0.0069990694
v  0.0012250122 0.028857751 -0.0071084476
v  0.0016617706 0.029283036 -0.0071963011
v  0.0020266678 0.029833984 -0.0072706691
v  0.0043079238 0.035910398 -0.0067854556
v  0.019672137 0.03126597 -0.0069560311
v  0.01989053 0.03095316 -0.0068544331
v  0.017617473 0.024204884 -0.0066461298
v  0.017725 0.024084507 -0.0072428915
v  0.019908778 0.030193383 -0.0067639234
v  0.019972578 0.03057293 -0.0067868917
v  0.0045092534 0.036246505 -0.006808843
v  0.0048173829 0.036480334 -0.0068754009
v  0.0051848446 0.036575861 -0.0069748792
v  0.0055466155 0.036521502 -0.0070890891
v  0.028137736 0.0033895695 -0.0071952376
v  0.028228721 -0.0036103693 -0.0070562507
v  0.0049697366 -0.036625054 -0.0072616353
v  0.0055258465 -0.036495078 -0.0068104821
v  -0.00023789184 0.028481187 -0.00099999225
v  -0.0024211814 0.028308596 -0.00099999225
v  0.0045791767 -0.03653029 -0.0071861404
v  0.0042560403 -0.036284722 -0.0071364804
v  0.028161582 0.0043789549 -0.0074776351
v  0.028243097 0.0034954767 -0.0070563718
v  0.02811463 -0.0046709371 -0.007641302
v  0.00410674 -0.035944741 -0.0071296482
v  1.9053207e-11 0.028499993 -0.00099999225
v  2.2590606e-05 0.028499983 -0.0074272151
v  0.028255858 -0.0037224442 -0.006888445
v  0.028269073 0.0035990842 -0.006904216
v  6.2525498e-05 0.028499926 -0.0071080192
v  0.027760772 -0.0033354054 -0.0073213479
v  0.027806532 -0.0030411973 -0.0070950328
v  0.027776826 0.0032426273 -0.0072950977
v  0.027784292 0.0031943729 -0.0072569731
v  0.02787012 -0.0023198242 -0.0068290974
v  0.028088614 0.0022646231 -0.0067244167
v  0.027893478 0.0022324142 -0.0067599728
v  0.028079504 -0.0023788523 -0.0067243031
v  0.028243033 -0.0024347599 -0.0066250875
v  0.0021590958 0.02985294 -0.0066464259
v  0.0020384451 -0.029863477 -0.0066398061
v  0.0051564509 -0.036557559 -0.0066557205
v  0.0047849817 -0.036455896 -0.0065182741
v  0.017538885 -0.024252495 -0.0066454629
v  0.0019283191 0.02929966 -0.0063895411
v  0.028252512 0.0023198568 -0.0066252532
v  0.028349737 -0.0025072652 -0.0064731999
v  0.00180403 -0.029308101 -0.0063803061
v  0.0013890441 -0.02886639 -0.0062036063
v  0.0044744024 -0.036205787 -0.006427865
v  0.017352289 -0.023692099 -0.0063773482
v  0.017451992 0.023628021 -0.0063647623
v  0.017482463 0.023018835 -0.006185872
v  0.004198622 -0.035911527 -0.0066350116
v  -3.3622142e-05 -0.028499987 -0.0069361026
v  0.0015110923 0.028859999 -0.0062138452
v  0.00010307522 0.028499795 -0.0068822275
v  0.00086850242 -0.028587269 -0.0059806998
v  0.005637093 0.036410134 -0.0060206945
v  0.0059484779 0.036374237 -0.0062412131
v  0.0065790638 0.036143158 -0.0055696196
v  0.0073751686 0.035851419 -0.0051416247
v  0.017386852 -0.023090474 -0.0062017827
v  0.019086273 -0.031512193 -0.0060117166
v  0.018820994 -0.031689029 -0.0062366533
v  0.018196827 -0.031914659 -0.0055729575
v  0.017700827 0.022466537 -0.0059593315
v  0.028296148 0.0034026382 -0.0067597735
v  0.028359629 0.0023919488 -0.0064733415
v  0.028376902 -0.0026460292 -0.0063180695
v  0.00012001326 0.028499741 -0.0067879106
v  0.00098899612 0.028583279 -0.0059922501
v  7.9685961e-08 -0.028500006 -0.0067648361
v  -2.1629052e-05 -0.028499993 -0.006875155
v  0.0053135175 0.036298525 -0.0058286223
v  0.017987106 -0.022106884 -0.0057561002
v  0.017604513 -0.022545049 -0.0059801894
v  0.018233053 -0.021904387 -0.0068457271
v  0.018328926 0.021824263 -0.0068343128
v  0.01922158 0.031431079 -0.0060142609
v  0.019259412 -0.031219104 -0.0058210264
v  0.027792744 0.0063097747 -0.00099982088
v  0.02781135 -0.0062272712 -0.00099988608
v  0.027545415 -0.0072086328 -0.0009998898
v  0.0050347522 0.036053933 -0.0057001109
v  -0.0025458385 -0.028300887 -0.0010000071
v  -0.00036252144 -0.02847589 -0.0010000071
v  -6.2487961e-05 -0.028499939 -0.0010000071
v  0.019314049 -0.030854383 -0.0056936103
v  0.019396124 0.031134337 -0.0058210096
v  0.018080587 0.022030482 -0.0057461238
v  0.028161068 -0.0012420912 -0.0063788178
v  0.027966879 -0.0012221488 -0.0064244359
v  0.0055763386 -0.036476828 -0.0066116299
v  0.0043709669 0.035887294 -0.0066524441
v  0.00043419263 0.028496638 -0.0057551521
v  0.019722139 -0.030299945 -0.0066511496
v  0.01985123 0.030214472 -0.0066436338
v  0.019449025 0.03076479 -0.0056925393
v  1.9481073e-11 -0.028500007 -0.0010000071
v  0.00032014278 -0.028498044 -0.0057439706
v  0.027899833 0.0021764208 -0.006731044
v  0.027882725 0.0058121653 -0.00099982461
v  0.028242446 0.0038228533 -0.00099983392
v  0.028260309 0.0036253259 -0.00099983579
v  0.028378299 0.0025878428 -0.0063647511
v  0.027973028 0.0011112095 -0.0064179986
v  0.028165566 0.0011275951 -0.0063789557
v  0.028323559 -0.0012708647 -0.0062726731
v  0.0056405449 -0.03645362 -0.0064871996
v  0.0057607964 -0.036339093 -0.0056867725
v  0.0026724448 0.029906603 -0.0058593075
v  0.0048437407 0.035714045 -0.005654953
v  0.0021812436 0.02985611 -0.0065420247
v  0.017493734 -0.024300037 -0.0064995862
v  0.019241866 -0.030473558 -0.0056488677
v  0.017528193 -0.024264438 -0.0065691653
v  0.017588127 0.024237737 -0.0064832638
v  0.017563166 0.02426568 -0.006344737
v  0.019375311 0.030388875 -0.0056488509
v  0.01693799 0.024909427 -0.0051965094
v  0.017284613 0.024552509 -0.0058331317
v  0.002068975 -0.029867966 -0.0065001003
v  0.004324513 -0.035866018 -0.0064246985
v  0.028328309 0.0011557048 -0.0062728613
v  0.028431511 -0.0013076864 -0.0061130221
v  0.0054511186 -0.036215093 -0.0054502557
v  0.0022392408 -0.029330039 -0.0056425217
v  0.0025423572 -0.029918944 -0.0058423146
v  0.017175857 -0.024628421 -0.0058577186
v  0.0060385028 -0.036309764 -0.0059238835
v  0.028390829 0.0024635689 -0.0063045002
v  0.028405888 0.0023141981 -0.0062320842
v  0.028436529 0.0011920984 -0.006113186
v  0.028381478 -0.0025830213 -0.0062982733
v  0.028381106 -0.0025881666 -0.0062998901
v  0.028461428 -0.0014822755 -0.0059524248
v  0.0051811831 -0.035950296 -0.0052946839
v  0.0050234632 -0.035613358 -0.0052570268
v  0.027967742 -0.0012123721 -0.0064208317
v  0.02797199 -0.0011641715 -0.0064030639
v  0.027973732 0.0011009759 -0.0064149923
v  0.027975265 0.0010786697 -0.0064084358
v  0.027999943 -5.6915316e-05 -0.0063
v  0.028062904 -5.7043289e-05 -0.0062960158
v  0.002358787 0.029319597 -0.0056548114
v  0.0018560468 -0.028865131 -0.005386218
v  0.028185947 -5.7293386e-05 -0.0062488704
v  0.017039377 -0.0239805 -0.0056550405
v  0.017135195 0.023922781 -0.0056384276
v  0.017126359 0.023316121 -0.0053810957
v  0.028354324 0.0025857119 -0.00099983951
v  0.028253667 -0.0037390259 -0.00099987304
v  0.02802152 -0.0050449623 -0.00099987863
v  0.028354507 -0.0025858262 -0.00099986559
v  0.028326685 -0.0029039991 -0.00099986745
v  0.028343137 -5.7612906e-05 -0.0061445474
v  0.028284047 -5.7492787e-05 -0.0062112804
v  0.0063467422 0.036150079 -0.0052648983
v  0.018382488 -0.031766605 -0.0052633598
v  0.028471921 0.0012291088 -0.0059316359
v  0.0019729021 0.028856857 -0.0053998302
v  0.0013714477 -0.028573971 -0.0050559673
v  0.017035773 -0.023381215 -0.0054022479
v  0.017309356 0.022777608 -0.0050481609
v  0.02844269 -5.7815272e-05 -0.00603212
v  0.028453283 -5.7836816e-05 -0.005989173
v  0.028465811 -0.0013454616 -0.0059348489
v  0.028497944 -0.00034235822 -0.0058059818
v  0.006092032 0.036013231 -0.0049994825
v  0.018519823 0.031688243 -0.005266869
v  0.018488128 -0.031497914 -0.0050008963
v  0.00044301272 0.02849655 -0.0057261582
v  0.0014862602 0.028568085 -0.0050714235
v  0.028476896 0.0011473489 -0.0059089973
v  0.02849994 -5.7931698e-05 -0.0058000009
v  0.00034947682 -0.028497864 -0.0056504081
v  0.017573031 -0.022437444 -0.0047225705
v  0.017219063 -0.022848921 -0.005076475
v  0.017979434 -0.022113008 -0.0057369522
v  0.017661549 0.02236782 -0.0047035231
v  0.028473817 -0.0012213794 -0.00099986
v  0.028473048 -0.00070272543 -0.00099985627
v  0.0064349924 -0.036166433 -0.0055792625
v  0.028470067 0.0013058712 -0.00099984696
v  0.028455101 0.0014713621 -0.0009998451
v  0.0031558531 0.029956294 -0.0051874216
v  0.016854189 -0.024960721 -0.0052081975
v  0.0028144058 -0.029345401 -0.0050065606
v  0.002991434 -0.029967304 -0.0052183024
v  0.0058593429 0.03575176 -0.0048218961
v  0.018497664 -0.031149499 -0.0048255227
v  0.018626072 0.031416528 -0.0050008795
v  6.2487998e-05 0.028499924 -0.00099999225
v  0.00070675387 0.028489945 -0.0052189152
v  0.0052516162 0.035564575 -0.0052205543
v  0.01883829 -0.030619446 -0.0052197329
v  0.018959865 0.030541116 -0.005206387
v  0.018633571 0.031063616 -0.0048240568
v  0.0062047038 -0.036178626 -0.0052745636
v  0.01661903 -0.024350317 -0.0050295792
v  0.0029280204 0.029332628 -0.0050202697
v  0.00070678588 -0.028491242 -0.0010000071
v  0.00070675724 -0.028489983 -0.0049857139
v  0.016927773 0.024919948 -0.005177747
v  0.0024727951 -0.028850233 -0.0046826839
v  0.016709793 0.024300274 -0.0050112694
v  0.016649889 0.023696925 -0.0046873908
v  0.0065560308 -0.036122683 -0.0054740584
v  0.017495668 -0.032087181 -0.0047828848
v  0.0072426638 0.035821762 -0.0047832387
v  0.0072136633 -0.035813898 -0.0047609634
v  0.0059404126 -0.03603822 -0.0049959007
v  0.016565746 -0.023754112 -0.0047109867
v  0.0025831645 0.028839752 -0.0046978365
v  0.0020394917 -0.028542139 -0.0042536031
v  0.016782887 0.023178171 -0.004256397
v  0.0050746091 -0.035594869 -0.0051715816
v  0.0057003321 -0.035762627 -0.0048126071
v  0.017635558 0.032012284 -0.0047870125
v  0.0070748939 0.035653058 -0.0044710836
v  0.017516255 -0.031849235 -0.0044743395
v  0.0030423328 -0.029971072 -0.0051721982
v  0.0031589246 0.029956376 -0.0051854863
v  0.0038330576 0.029974464 -0.004760561
v  0.0045373226 0.029993363 -0.0043166443
v  0.0056845215 0.035405938 -0.0047594975
v  0.016832914 -0.024979671 -0.0051898281
v  0.016346991 -0.025412465 -0.004770299
v  0.015849236 -0.025855796 -0.0043405532
v  0.018409645 -0.030774396 -0.0047639399
v  0.00070199306 0.028440041 -0.00099999225
v  0.00098385697 0.028483007 -0.0046859751
v  0.016431551 0.0253614 -0.0047569643
v  0.016901169 0.024947342 -0.0051288842
v  0.018544417 0.03069336 -0.0047639231
v  0.015808275 0.025910938 -0.004263354
v  0.015900293 0.025829807 -0.0043362281
v  0.008042465 -0.035485044 -0.0046479567
v  0.016105374 -0.024775922 -0.0045218649
v  0.0036074428 0.029327707 -0.0045074872
v  0.0031255733 -0.029977236 -0.0050968002
v  0.0055799596 -0.035412189 -0.004829559
v  0.016512619 -0.032442544 -0.0046173255
v  0.0082051829 0.035469044 -0.0046238466
v  0.016190194 0.024734043 -0.0045046094
v  0.0037222528 -0.029989744 -0.0047531142
v  0.0035004497 -0.029342821 -0.0044942624
v  0.017007593 -0.022869028 -0.0038123629
v  0.016700473 -0.023240646 -0.0042890529
v  0.0016840972 0.028449981 -0.0038027163
v  0.0021471183 0.028534027 -0.0042709741
v  0.00085959857 -0.028486611 -0.0047013643
v  0.00090738334 -0.028485559 -0.0046124659
v  0.017651383 0.02237564 -0.0046872883
v  0.016070707 0.024134815 -0.0041283998
v  0.0032077366 -0.028812449 -0.0041172295
v  0.017468961 -0.031521365 -0.0042681764
v  0.017655749 0.031772107 -0.0044743228
v  0.016655341 0.032371491 -0.0046216655
v  0.0069003762 0.035370264 -0.0042622234
v  0.0070525329 -0.035636202 -0.0044297888
v  0.0062736347 -0.035555385 -0.0044519859
v  0.0044452124 -0.030004898 -0.0043366901
v  0.0061517651 -0.035205487 -0.0044425591
v  0.017610375 0.031035645 -0.0042570564
v  0.017606039 0.031440161 -0.0042664553
v  0.0065897196 0.035074223 -0.0042728516
v  0.01665402 0.032367885 -0.0046158913
v  0.0081308167 0.035266109 -0.0042962241
v  0.0082034301 0.035464261 -0.004616126
v  0.016488124 -0.032374784 -0.0045094951
v  0.015654022 -0.025997464 -0.0042898613
v  0.017498419 -0.031103795 -0.0042702421
v  0.015753709 0.025950156 -0.0042514126
v  0.0080289887 -0.035447765 -0.0045000087
v  0.0047175563 0.029979905 -0.0042813509
v  0.0042667571 -0.029311962 -0.00412243
v  0.015993975 -0.024183573 -0.0041511725
v  0.0033108809 0.028799724 -0.0041318065
v  0.016138684 0.023641987 -0.0036112177
v  0.017083889 0.022812076 -0.003781009
v  0.002841512 -0.028482413 -0.0036013997
v  0.016580136 0.032166269 -0.0042928844
v  0.0015764326 -0.028456375 -0.0037811561
v  0.015514397 -0.025231302 -0.0041482109
v  0.016438926 -0.032238681 -0.0042929011
v  0.0079681957 -0.035279591 -0.0043211854
v  0.0043669813 0.029294761 -0.004133075
v  0.015592746 0.025197279 -0.0041350513
v  0.015408676 0.024603298 -0.0037221829
v  -0.013009007 -0.022679286 -0.0045000068
v  -0.013583121 -0.020163929 -0.0045000049
v  -0.013583121 -0.022221446 -0.0045000068
v  -0.01390173 -0.021559848 -0.0045000049
v  -0.013722041 -0.022017689 5.1856219e-10
v  -0.013550702 -0.022189029 5.1856219e-10
v  -0.013118098 -0.02262163 5.1856208e-10
v  -0.012293098 -0.022842687 -0.0045000068
v  -0.012293098 -0.019542687 -0.0045000049
v  -0.013009007 -0.019706089 -0.0045000049
v  -0.013001901 -0.022652766 5.1856208e-10
v  -0.012293098 -0.022842688 5.1856197e-10
v  -0.011577191 -0.022679286 -0.0045000068
v  -0.011577191 -0.022679288 5.1856186e-10
v  -0.011003077 -0.022221446 -0.0045000068
v  -0.011577191 -0.019706089 -0.0045000049
v  -0.011003077 -0.022221446 5.1856186e-10
v  -0.010684468 -0.021559848 -0.0045000049
v  0.011490942 -0.022729082 -0.0045000068
v  0.012206851 -0.022892483 -0.0045000068
v  0.010916828 -0.022271242 -0.0045000068
v  0.010916828 -0.020213725 -0.0045000049
v  0.010598219 -0.021609642 -0.0045000049
v  0.011490942 -0.019755885 -0.0045000049
v  0.010777908 -0.022067484 5.1855908e-10
v  0.010949248 -0.022238823 5.1855908e-10
v  0.011381851 -0.022671426 5.1855908e-10
v  0.012113931 -0.022867586 5.1855897e-10
v  0.011498049 -0.022702562 5.1855897e-10
v  0.012315935 -0.022867586 5.1855897e-10
v  0.012922758 -0.022729082 -0.0045000068
v  0.012206851 -0.022892484 5.1855886e-10
v  0.012206851 -0.019592483 -0.0045000049
v  0.012922758 -0.022729082 5.1855886e-10
v  0.013496872 -0.022271242 -0.0045000068
v  0.012922758 -0.019755885 -0.0045000049
v  0.013496872 -0.022271242 5.1855875e-10
v  0.013815481 -0.021609642 -0.0045000049
v  -0.01390173 -0.020825528 -0.0045000049
v  -0.013899975 -0.021031747 5.1856219e-10
v  -0.013943098 -0.021192688 5.185623e-10
v  -0.013899975 -0.02135363 5.1856219e-10
v  -0.013848538 -0.021545595 5.1856219e-10
v  -0.013722041 -0.020367689 5.1856219e-10
v  -0.013848538 -0.020839782 5.1856219e-10
v  -0.013118098 -0.019763747 5.1856208e-10
v  -0.013550702 -0.02019635 5.1856219e-10
v  -0.012293098 -0.019542689 5.1856197e-10
v  -0.013001901 -0.019732611 5.1856208e-10
v  -0.011577191 -0.019706089 5.1856186e-10
v  -0.011003077 -0.020163929 -0.0045000049
v  -0.011003077 -0.020163931 5.1856186e-10
v  -0.010684468 -0.020825528 -0.0045000049
v  -0.010684468 -0.020825529 5.1856186e-10
v  -0.010684468 -0.021559848 5.1856186e-10
v  0.010598219 -0.020875324 -0.0045000049
v  0.010651411 -0.020889577 5.1855908e-10
v  0.010556851 -0.021242484 5.1855908e-10
v  0.010651411 -0.021595391 5.1855908e-10
v  0.010777908 -0.020417484 5.1855908e-10
v  0.011381851 -0.019813541 5.1855908e-10
v  0.010949248 -0.020246144 5.1855908e-10
v  0.012206851 -0.019592484 5.1855886e-10
v  0.011498049 -0.019782407 5.1855897e-10
v  0.012922758 -0.019755885 5.1855886e-10
v  0.013496872 -0.020213725 5.1855875e-10
v  0.013496872 -0.020213725 -0.0045000049
v  0.013815481 -0.020875325 5.1855875e-10
v  0.013815481 -0.020875324 -0.0045000049
v  0.013815481 -0.021609643 5.1855875e-10
v  0.015725207 -0.016112318 -0.0045000049
v  0.015339014 -0.016914256 -0.0045000049
v  0.015339014 -0.01780434 -0.0045000049
v  0.015725207 -0.018606277 -0.0045000049
v  0.015403489 -0.016931534 5.1855842e-10
v  0.01528887 -0.0173593 5.1855842e-10
v  0.015403489 -0.017787065 5.1855842e-10
v  0.015556819 -0.0183593 5.1855842e-10
v  0.015556819 -0.016359299 5.1855842e-10
v  0.016421102 -0.019161236 -0.0045000049
v  0.017288869 -0.015359297 -0.0045000049
v  0.016421102 -0.01555736 -0.0045000049
v  0.015764503 -0.018566983 5.1855853e-10
v  0.016288869 -0.019091349 5.1855842e-10
v  0.016288869 -0.015627248 5.1855831e-10
v  0.015764503 -0.016151614 5.1855842e-10
v  0.017288869 -0.019359298 -0.0045000049
v  0.016429717 -0.01912909 5.1855831e-10
v  0.017288869 -0.015359299 5.185582e-10
v  0.016429717 -0.015589508 5.185582e-10
v  0.017288869 -0.019359298 5.185582e-10
v  0.018156637 -0.019161236 -0.0045000049
v  0.018156637 -0.01555736 -0.0045000049
v  0.018156637 -0.015557361 5.1855809e-10
v  0.018156637 -0.019161237 5.185582e-10
v  0.018852532 -0.018606277 -0.0045000049
v  0.018852532 -0.016112318 -0.0045000049
v  0.018852532 -0.01611232 5.1855797e-10
v  0.018852532 -0.018606279 5.1855809e-10
v  0.019238725 -0.01780434 -0.0045000049
v  0.019238725 -0.016914256 -0.0045000049
v  0.019238725 -0.016914258 5.1855786e-10
v  0.019238725 -0.017804341 5.1855786e-10
v  -0.025215857 -0.0014368097 -0.0045000012
v  -0.02610858 -0.00031737055 -0.0044999993
v  -0.025789971 -0.00097896915 -0.0045000012
v  -0.025928892 -0.00077521219 5.1856375e-10
v  -0.025757553 -0.00094655127 5.1856375e-10
v  -0.02532495 -0.0013791542 5.1856364e-10
v  -0.024499949 0.001699789 -0.0044999993
v  -0.024499949 -0.001600211 -0.0045000012
v  -0.025208751 -0.0014102893 5.1856364e-10
v  -0.024499949 -0.0016002122 5.1856353e-10
v  -0.023784041 -0.0014368097 -0.0045000012
v  -0.023784041 -0.0014368108 5.1856341e-10
v  -0.023209928 -0.00097896915 -0.0045000012
v  -0.023784041 0.0015363876 -0.0044999993
v  -0.023209928 -0.00097897043 5.1856341e-10
v  -0.022891318 -0.00031737055 -0.0044999993
v  -0.022891318 0.00041694852 -0.0044999993
v  0.024499949 0.0016001979 -0.0044999993
v  0.022891318 -0.0004169617 -0.0044999993
v  0.023209928 -0.0010785604 -0.0045000012
v  0.023784041 -0.0015364008 -0.0045000012
v  0.023071008 -0.00087480334 5.1855742e-10
v  0.023242347 -0.0010461424 5.1855742e-10
v  0.02367495 -0.0014787453 5.1855731e-10
v  0.024499949 -0.0016998021 -0.0045000012
v  0.024314109 -0.0016500078 5.1855731e-10
v  0.023791147 -0.0015098805 5.1855742e-10
v  0.024718119 -0.0016500078 5.1855731e-10
v  0.025215857 -0.0015364008 -0.0045000012
v  0.024499949 -0.0016998034 5.1855731e-10
v  0.025215857 -0.001536402 5.185572e-10
v  0.025789971 -0.0010785604 -0.0045000012
v  0.025789971 0.000978956 -0.0044999993
v  0.025215857 0.0014367965 -0.0044999993
v  0.025789971 -0.0010785615 5.1855709e-10
v  0.02610858 -0.0004169617 -0.0044999993
v  0.02610858 0.00031735739 -0.0044999993
v  -0.02610858 0.00041694852 -0.0044999993
v  -0.026055388 0.00040269454 5.1856375e-10
v  -0.026149949 4.9787795e-05 5.1856375e-10
v  -0.026055388 -0.00030311896 5.1856375e-10
v  -0.025789971 0.0010785472 -0.0044999993
v  -0.025928892 0.0008747878 5.1856375e-10
v  -0.025215857 0.0015363876 -0.0044999993
v  -0.02532495 0.0014787297 5.1856364e-10
v  -0.025757553 0.0010461268 5.1856375e-10
v  -0.024499949 0.0016997878 5.1856353e-10
v  -0.025208751 0.0015098649 5.1856364e-10
v  -0.023784041 0.0015363864 5.1856341e-10
v  -0.023209928 0.0010785472 -0.0044999993
v  -0.023209928 0.0010785459 5.1856341e-10
v  -0.022891318 0.00041694732 5.1856341e-10
v  -0.022891318 -0.00031737174 5.1856341e-10
v  0.022891318 0.00031735739 -0.0044999993
v  0.02294451 0.00030310341 5.1855742e-10
v  0.022849949 -4.9803348e-05 5.1855753e-10
v  0.02294451 -0.00040271011 5.1855742e-10
v  0.023209928 0.000978956 -0.0044999993
v  0.023071008 0.00077519665 5.1855742e-10
v  0.023784041 0.0014367965 -0.0044999993
v  0.02367495 0.0013791386 5.1855742e-10
v  0.023242347 0.00094653573 5.1855742e-10
v  0.024499949 0.0016001967 5.1855731e-10
v  0.023791147 0.0014102738 5.1855742e-10
v  0.025215857 0.0014367953 5.1855731e-10
v  0.025789971 0.00097895483 5.1855709e-10
v  0.02610858 0.0003173562 5.1855709e-10
v  0.02610858 -0.0004169629 5.1855709e-10
v  -0.012206851 0.01959247 -0.0044999956
v  -0.012206851 0.02289247 -0.0044999938
v  -0.012922758 0.019755872 -0.0044999956
v  -0.013815481 0.020875311 -0.0044999938
v  -0.013496872 0.020213712 -0.0044999938
v  -0.013031851 0.019813526 5.1856197e-10
v  -0.012915652 0.019782392 5.1856208e-10
v  -0.012206851 0.019592468 5.1856197e-10
v  -0.011490942 0.019755872 -0.0044999956
v  -0.011490942 0.01975587 5.1856186e-10
v  -0.010916828 0.020213712 -0.0044999938
v  -0.011490942 0.022729069 -0.0044999938
v  0.011577191 0.019706076 -0.0044999956
v  0.010684468 0.020825515 -0.0044999938
v  0.011003077 0.020163916 -0.0044999956
v  0.010864157 0.020367673 5.1855897e-10
v  0.011035496 0.020196334 5.1855897e-10
v  0.011468098 0.01976373 5.1855886e-10
v  0.012293098 0.019542674 -0.0044999956
v  0.012293098 0.022842674 -0.0044999938
v  0.01220018 0.019567572 5.1855875e-10
v  0.011584297 0.019732596 5.1855886e-10
v  0.012293098 0.019542674 5.1855886e-10
v  0.012402183 0.019567572 5.1855875e-10
v  0.013009007 0.019706076 -0.0044999956
v  0.013009007 0.019706074 5.1855864e-10
v  0.013583121 0.020163916 -0.0044999956
v  0.013009007 0.022679273 -0.0044999938
v  0.013583121 0.020163914 5.1855864e-10
v  0.01390173 0.020825515 -0.0044999938
v  -0.013815481 0.021609629 -0.0044999938
v  -0.01376229 0.021595376 5.1856208e-10
v  -0.013856851 0.021242468 5.1856208e-10
v  -0.01376229 0.020889562 5.1856208e-10
v  -0.013635793 0.020417469 5.1856208e-10
v  -0.013496872 0.022271227 -0.0044999938
v  -0.013635793 0.022067469 5.1856208e-10
v  -0.013464454 0.020246129 5.1856208e-10
v  -0.012922758 0.022729069 -0.0044999938
v  -0.013031851 0.022671411 5.1856197e-10
v  -0.013464454 0.022238808 5.1856208e-10
v  -0.012206851 0.022892468 5.1856197e-10
v  -0.012915652 0.022702545 5.1856208e-10
v  -0.011490942 0.022729067 5.1856186e-10
v  -0.010916828 0.022271227 -0.0044999938
v  -0.010916828 0.022271227 5.1856175e-10
v  -0.010598219 0.020875311 -0.0044999938
v  -0.010916828 0.02021371 5.1856175e-10
v  -0.010598219 0.021609629 -0.0044999938
v  -0.010598219 0.021609629 5.1856175e-10
v  -0.010599975 0.021613274 5.1856175e-10
v  -0.010599975 0.020871663 5.1856175e-10
v  -0.010598219 0.020875309 5.1856175e-10
v  0.010684468 0.021559834 -0.0044999938
v  0.01073766 0.02154558 5.1855897e-10
v  0.010643099 0.021192674 5.1855908e-10
v  0.01073766 0.020839766 5.1855897e-10
v  0.011003077 0.022221433 -0.0044999938
v  0.010864157 0.022017673 5.1855897e-10
v  0.011577191 0.022679273 -0.0044999938
v  0.011468098 0.022621615 5.1855886e-10
v  0.011035496 0.022189012 5.1855897e-10
v  0.012293098 0.022842674 5.1855886e-10
v  0.011584297 0.022652751 5.1855886e-10
v  0.013009007 0.022679271 5.1855864e-10
v  0.013583121 0.022221433 -0.0044999938
v  0.013583121 0.022221431 5.1855864e-10
v  0.01390173 0.021559834 -0.0044999938
v  0.01390173 0.021559833 5.1855864e-10
v  0.013899975 0.021563478 5.1855864e-10
v  0.013899975 0.020821869 5.1855864e-10
v  0.01390173 0.020825513 5.1855864e-10
v  0.0040277424 -0.028743915 -0.0037082243
v  0.016365292 -0.032034989 -0.0041481792
v  0.0081281764 0.035258904 -0.0042910571
v  0.0080187945 0.034960415 -0.004077015
v  0.006880308 -0.035336081 -0.0042119524
v  0.0064508785 -0.035097361 -0.0042401175
v  0.0046116975 -0.030008389 -0.0042407955
v  0.0079045547 -0.035103541 -0.004133984
v  0.016578812 0.032162655 -0.004290327
v  0.016467011 0.031857565 -0.0040743197
v  0.014864436 -0.025691485 -0.0039205975
v  0.015185738 -0.026337301 -0.0041682604
v  0.016939661 -0.022919385 -0.0037252544
v  0.016065584 -0.023694817 -0.003644451
v  0.0051749861 0.02922627 -0.0039098184
v  0.005343616 0.029933158 -0.0041587516
v  0.006745995 0.035016954 -0.0041888352
v  0.001820247 0.028441805 -0.0036609988
v  0.0029409984 0.028472031 -0.0036183349
v  0.0017012039 0.028449174 -0.0037811394
v  0.014539564 -0.026806235 -0.0040004659
v  0.017360985 -0.031153476 -0.0041957828
v  0.016198538 -0.031573687 -0.0040000076
v  0.016328635 -0.03193358 -0.0040761284
v  0.01749743 0.031077033 -0.0041957661
v  0.0080156736 0.034951899 -0.0040752008
v  0.015264198 0.026301984 -0.00414429
v  0.014936287 0.025664302 -0.0039147227
v  0.0046152417 -0.030008463 -0.004238754
v  0.0067435564 -0.034991562 -0.0041853744
v  0.0052413899 -0.029959936 -0.0041325851
v  0.0050811009 -0.029245144 -0.003903938
v  0.0078581367 -0.034975134 -0.0040973979
v  0.01451341 -0.026822971 -0.0040001213
v  0.016336836 0.03150234 -0.0039999909
v  0.01460481 0.026775906 -0.0039999927
v  0.01646623 0.031855434 -0.0040738727
v  0.0078863716 0.034599055 -0.0039999909
v  0.0077345753 -0.03463332 -0.0040000095
v  0.01442226 -0.026589977 -0.0039847135
v  0.014186922 -0.026151145 -0.0037945765
v  0.0061543458 0.029872622 -0.0039999909
v  0.015339801 -0.024643889 -0.0037405747
v  0.014686059 0.025077295 -0.003481559
v  0.0041235182 0.028729128 -0.0037199068
v  0.0060232929 -0.029899336 -0.0040000058
v  0.0059749507 -0.029659368 -0.0039849705
v  0.015396704 0.024142342 -0.0031351778
v  0.0048982981 -0.028639717 -0.0034693158
v  0.0037442432 -0.028386805 -0.003122156
v  0.014487254 -0.026839705 -0.0040000076
v  0.010368749 -0.028683433 -0.0040000076
v  0.008920853 -0.02908857 -0.0040000076
v  0.011463052 -0.02739992 -0.0038335281
v  0.0087066814 -0.028396318 -0.0038335281
v  0.0058750343 -0.029163387 -0.0037953085
v  0.011741026 -0.028069107 -0.0040000076
v  0.014122309 -0.026163595 -0.0038398965
v  0.0090483222 0.029049158 -0.0039999909
v  0.0088357283 0.028372655 -0.0038401908
v  0.01049443 0.028637677 -0.0039999927
v  0.011589139 0.027363652 -0.0038401908
v  0.011863999 0.028017338 -0.0039999927
v  0.014243236 0.026113011 -0.0038459576
v  0.0059991474 0.029119305 -0.0038430891
v  0.014184888 -0.026147353 -0.0037929318
v  0.014624848 -0.025110655 -0.0034919023
v  0.014229695 0.026088186 -0.0038401908
v  0.0049871793 0.028623169 -0.0034757066
v  0.0058703311 0.028494041 -0.0034208535
v  0.0059962757 0.029105365 -0.0038401908
v  0.005869179 -0.029134324 -0.003784196
v  0.0086501436 0.02777672 -0.0034208535
v  0.011345723 0.026788911 -0.0034208535
v  0.013930817 0.025540233 -0.0034208554
v  0.014107795 -0.026136704 -0.0038335281
v  0.0058020405 -0.02880105 -0.0036567557
v  0.0085263113 -0.02780805 -0.0034142598
v  0.0057521299 -0.028553296 -0.0033771205
v  0.013815532 -0.025595246 -0.0034142579
v  0.011225578 -0.026832294 -0.0034142579
v  0.014003878 -0.025809823 -0.0036466881
v  0.0025055418 -0.028378876 -0.0030932869
v  0.019412089 0.020836985 -0.0009997352
v  0.018933857 0.021301614 -0.00099973148
v  0.017746972 0.022265859 -0.00099972403
v  0.016377475 0.023324408 -0.00303694
v  0.015333809 -0.024185544 -0.0031647026
v  0.018334512 -0.021786826 -0.00099997921
v  0.016306449 -0.023373215 -0.0030718721
v  0.018996997 -0.021245338 -0.00099997362
v  0.014580531 0.024653258 -0.0028460748
v  0.0038352625 0.028374327 -0.0031359955
v  0.0047114682 -0.028250523 -0.0028349063
v  0.0025617594 0.028383311 -0.0030564177
v  0.013893129 -0.025597664 -0.0033770255
v  0.016261706 -0.023405284 -0.0030257027
v  0.0026617805 0.028375421 -0.0029748674
v  0.0031599242 -0.028324291 -0.0026088129
v  0.014527977 -0.02468762 -0.0028672661
v  0.013890232 -0.025592113 -0.0033699698
v  0.013719261 0.025152374 -0.0027554738
v  0.0047944044 0.028236242 -0.0028427946
v  0.0057508759 -0.028547071 -0.0033700927
v  0.0057806522 0.028058749 -0.0027515101
v  0.0085168881 0.027348818 -0.0027458868
v  0.011170941 0.026376227 -0.0027458887
v  0.0083958758 -0.027382644 -0.0027373298
v  0.011053851 -0.026421815 -0.0027373279
v  0.013813076 -0.025590695 -0.0034063919
v  0.013608296 -0.025211314 -0.0027505043
v  0.013710525 -0.025247851 -0.002932399
v  0.0056754723 -0.028172771 -0.0029476262
v  0.015493114 -0.023919938 -0.0025071646
v  0.015447958 -0.023950176 -0.0024766992
v  0.015389611 -0.023986293 -0.0024541426
v  0.0036421712 0.028266309 -0.0024417727
v  0.0035541675 0.028276103 -0.0024896259
v  0.015551415 0.023883112 -0.0024762019
v  0.014648013 0.024447605 -0.0021270993
v  0.015388682 0.023984801 -0.0024132892
v  0.0034760681 -0.028278559 -0.0025108117
v  0.017040219 -0.022844721 -0.00099998666
v  0.016972339 0.022895182 -0.0009997203
v  0.015987329 0.02355973 -0.00099971471
v  0.0056652506 -0.02812203 -0.0027421857
v  0.013692046 -0.025208339 -0.0027562766
v  0.01369061 -0.025205271 -0.0027426048
v  0.01454735 -0.024507651 -0.0021285168
v  0.014585814 -0.024483841 -0.0021433863
v  0.014631512 0.024457071 -0.0021248716
v  0.013716212 0.025146784 -0.0027458887
v  0.013709992 0.02498571 -0.0020004879
v  0.0057798983 0.028055089 -0.0027458868
v  0.0046938374 0.028110808 -0.0021105814
v  0.0046306984 0.028120143 -0.0021304651
v  0.0045680245 -0.028120602 -0.0021723132
v  0.0049961335 -0.028058672 -0.0020396034
v  0.0056644795 -0.028118202 -0.0027266941
v  0.013604184 -0.025203692 -0.0027373279
v  0.010797543 0.026375419 -0.0019999924
v  0.011107388 0.02622805 -0.0019999924
v  0.008439525 0.027098706 -0.0019999924
v  0.013647118 0.025020108 -0.0019999924
v  0.0058486373 0.027893422 -0.0019999924
v  0.0057507819 0.027913762 -0.0019999905
v  0.013612765 -0.025038829 -0.0020006946
v  0.013575036 -0.025059305 -0.0020001787
v  0.010794162 -0.026366079 -0.0020000055
v  0.00835458 -0.027247962 -0.0020000055
v  0.0058461293 -0.027883539 -0.0020000055
v  0.01353727 -0.025079727 -0.0020000055
v  0.010999481 -0.026291858 -0.0020000055
v  0.0056283232 -0.027938725 -0.0020000055
v  0.0034788356 -0.028168956 -0.0010000071
v  0.01660479 -0.023140401 -0.00099998852
v  -0.002781153 0.0085595017 -0.0024999972
v  -0.007281153 -0.0052900743 -0.0025000009
v  -0.0052900673 -0.00728116 -0.0025000027
v  -0.002781153 -0.0085595157 -0.0025000027
v  -0.0053048553 -0.0072703934 -0.00050000235
v  -0.0052887714 -0.00727863 -0.00050000235
v  -0.0027985442 -0.0085538458 -0.00050000235
v  1.8993961e-11 -0.0090000071 -0.0025000027
v  -0.0027807024 -0.0085567087 -0.00050000235
v  1.9675045e-11 -0.009000008 -0.00050000235
v  0.0027637503 -0.0085651511 -0.00050000235
v  0.002781153 -0.0085595157 -0.0025000027
v  -1.829223e-05 -0.0089999894 -0.00050000235
v  0.0027798673 -0.0085569806 -0.00050000235
v  0.0052752574 -0.0072918977 -0.00050000235
v  0.0052900673 -0.00728116 -0.0025000027
v  1.8178003e-11 0.0089999931 -0.0024999972
v  0.002781153 0.0085595017 -0.0024999972
v  0.0052880608 -0.007279146 -0.00050000235
v  0.007270386 -0.0053048627 -0.00050000049
v  0.007281153 -0.0052900743 -0.0025000009
v  -0.0052900673 0.007281146 -0.002499999
v  -0.0085595082 0.0027811457 -0.002499999
v  -0.0089999996 -7.1136488e-09 -0.0025000009
v  -0.0085595082 -0.0027811602 -0.0025000009
v  -0.008999981 1.8284607e-05 -0.00050000049
v  -0.0089971907 4.314181e-07 -0.00050000049
v  -0.0085651437 -0.0027637579 -0.00050000049
v  -0.0085569723 -0.002779875 -0.00050000049
v  -0.0072918897 -0.0052752653 -0.00050000049
v  -0.0072791385 -0.0052880687 -0.00050000049
v  0.0072786221 -0.0052887788 -0.00050000049
v  0.0085595082 -0.0027811602 -0.0025000009
v  0.0085538384 -0.0027985519 -0.00050000049
v  0.0085567012 -0.0027807101 -0.00050000049
v  0.008999981 -1.8299896e-05 -0.00050000049
v  0.0089999996 -7.1131732e-09 -0.0025000009
v  0.008997187 -4.4784542e-07 -0.00050000049
v  0.0085640196 0.0027672241 -0.00049999863
v  0.0085595082 0.0027811457 -0.002499999
v  0.007281153 0.0052900603 -0.002499999
v  0.0052900673 0.007281146 -0.002499999
v  -0.007281153 0.0052900603 -0.002499999
v  -0.0085549755 0.0027950592 -0.00049999863
v  -0.0085572628 0.0027807853 -0.00049999863
v  -0.0072746961 0.0052989349 -0.00049999863
v  -0.0072796321 0.0052892822 -0.00049999863
v  -0.0052841459 0.0072854436 -0.00049999863
v  -0.0052892617 0.0072803381 -0.00049999863
v  0.0052959849 0.0072768419 -0.00049999863
v  0.0052895476 0.0072801271 -0.00049999863
v  0.0027846321 0.0085583702 -0.00049999863
v  0.0072875987 0.0052811764 -0.00049999863
v  0.0072799409 0.0052888501 -0.00049999863
v  0.0085574752 0.0027801129 -0.00049999863
v  1.9539929e-11 0.0089999922 -0.00049999676
v  -0.0027776733 0.0085606305 -0.00049999863
v  -0.0027808941 0.0085589923 -0.00049999863
v  0.0027810633 0.0085589355 -0.00049999863
v  0.015378774 0.023970298 -0.00099971099
v  0.01537994 -0.023972141 -0.00099999597
v  0.014949447 -0.024264468 -0.0009999997
v  0.014877801 0.024308285 -0.00099970726
v  0.014790521 -0.024356537 -0.0009999997
v  0.0052295444 0.028016092 -0.00099999225
v  0.0058486373 -0.027893437 -0.0010000071
v  0.013612765 -0.025038829 -0.0010000071
v  0.0069684614 -0.027549949 -0.0010000071
v  0.010372932 -0.026505677 -0.0010000071
v  0.010797543 -0.026375433 -0.0010000071
v  0.0058348896 0.027844829 -0.00099999225
v  0.0102232 0.026603304 -0.00099999225
v  0.010775608 0.026330931 -0.00099995872
v  -0.015232097 -0.022867586 5.1856242e-10
v  -0.013899975 -0.023721563 5.1856219e-10
v  -0.014558635 -0.02329932 5.185623e-10
v  -0.012706676 -0.024356969 5.1856208e-10
v  -0.013776945 -0.023800433 5.1856219e-10
v  -0.011574599 -0.024945647 5.1856197e-10
v  -0.010599975 -0.025345588 5.1856186e-10
v  -0.010756041 -0.025281545 5.1856175e-10
v  -0.0092825685 -0.025886189 5.1856164e-10
v  -0.010028426 -0.025580125 5.1856175e-10
v  -0.0087708673 -0.026044073 5.1856164e-10
v  -0.0069168443 -0.026616123 5.1856131e-10
v  -0.0066942298 -0.026663311 5.1856131e-10
v  -0.0044778562 -0.027133116 5.1856097e-10
v  -0.0046187988 -0.02710324 5.1856108e-10
v  -0.0024610567 -0.027372714 5.1856075e-10
v  -0.00035116126 -0.027489064 5.1856053e-10
v  -0.0020005358 -0.027427424 5.1856075e-10
v  -6.0295384e-05 -0.027499935 5.1856042e-10
v  0.002424753 -0.027393596 5.1856019e-10
v  0.0048809773 -0.027063889 5.1855975e-10
v  0.003366383 -0.027267199 5.1855997e-10
v  0.0067428704 -0.026639936 5.1855953e-10
v  0.0096838074 -0.025739484 5.185592e-10
v  0.007308715 -0.026511092 5.1855953e-10
v  0.010028426 -0.025591701 5.185592e-10
v  0.010014284 -0.025597764 5.185592e-10
v  0.011960637 -0.024763105 5.1855897e-10
v  0.013135121 -0.02416027 5.1855875e-10
v  0.013899975 -0.023698574 5.1855875e-10
v  -0.022780217 -0.015404945 5.185633e-10
v  -0.021303291 -0.017390724 5.1856308e-10
v  -0.022332611 -0.01600677 5.1856319e-10
v  -0.021025706 -0.017700974 5.1856308e-10
v  -0.0196485 -0.019240236 5.1856297e-10
v  -0.019588018 -0.019296672 5.1856297e-10
v  -0.019422637 -0.019450994 5.1856286e-10
v  -0.018396525 -0.020408483 5.1856286e-10
v  -0.017831437 -0.020935778 5.1856275e-10
v  -0.018017707 -0.020761965 5.1856275e-10
v  -0.01634118 -0.022092989 5.1856253e-10
v  -0.015871605 -0.022457622 5.1856253e-10
v  -0.025442064 -0.010376843 5.1856353e-10
v  -0.026076434 -0.0087340232 5.1856375e-10
v  -0.024544809 -0.012340876 5.1856353e-10
v  -0.025180409 -0.011054443 5.1856353e-10
v  -0.024076736 -0.013288243 5.1856341e-10
v  -0.023513829 -0.014207246 5.1856341e-10
v  -0.027442235 -0.0016500078 5.1856397e-10
v  -0.027462069 -0.001448088 5.1856397e-10
v  -0.027219113 -0.0039217067 5.1856386e-10
v  -0.027402934 -0.002050156 5.1856397e-10
v  -0.027163934 -0.004211456 5.1856375e-10
v  -0.026899528 -0.0055999067 5.1856386e-10
v  -0.026767146 -0.0062950621 5.1856375e-10
v  -0.026177144 -0.0083813686 5.1856375e-10
v  -0.026755545 -0.0063559795 5.1856375e-10
v  -0.027473105 6.0484621e-05 5.1856386e-10
v  -0.027480297 0.0010434495 5.1856386e-10
v  -0.027386596 0.0021700957 5.1856397e-10
v  -0.027132265 0.0043284786 5.1856386e-10
v  -0.027274804 0.0035142985 5.1856386e-10
v  0.014615985 -0.023266362 5.1855864e-10
v  0.014259257 -0.023481697 5.1855864e-10
v  0.01525979 -0.022877736 5.1855853e-10
v  -0.026909681 0.005599889 5.1856386e-10
v  -0.026725326 0.0064084064 5.1856386e-10
v  -0.026847446 0.0059553715 5.1856386e-10
v  -0.026201665 0.0083510531 5.1856375e-10
v  -0.026147492 0.0084977187 5.1856375e-10
v  -0.025410179 0.010493885 5.1856364e-10
v  -0.025341544 0.010679706 5.1856375e-10
v  -0.024275688 0.012921241 5.1856353e-10
v  -0.02449845 0.012452765 5.1856353e-10
v  -0.023452578 0.014311578 5.1856341e-10
v  -0.023007279 0.015063741 5.1856341e-10
v  -0.023328399 0.014521332 5.1856341e-10
v  -0.022258332 0.016102292 5.185633e-10
v  -0.020939698 0.017786274 5.1856308e-10
v  -0.021554127 0.017078798 5.1856319e-10
v  -0.019932702 0.018945763 5.1856286e-10
v  0.015273616 -0.022867586 5.1855853e-10
v  -0.019285941 0.019567572 5.1856286e-10
v  -0.01949133 0.019370107 5.1856286e-10
v  -0.018144848 0.020664642 5.1856264e-10
v  -0.017926451 0.02083955 5.1856264e-10
v  -0.018396525 0.020422675 5.1856275e-10
v  -0.016254783 0.022178341 5.1856253e-10
v  -0.01620245 0.022220252 5.1856242e-10
v  -0.014125082 0.023595354 5.1856208e-10
v  -0.014461969 0.023372354 5.1856219e-10
v  -0.013899975 0.023716701 5.1856208e-10
v  -0.011945168 0.024770459 5.1856197e-10
v  -0.012601429 0.024416696 5.1856197e-10
v  -0.010028426 0.02559045 5.1856164e-10
v  -0.010599975 0.025345938 5.1856175e-10
v  -0.010643969 0.025327116 5.1856164e-10
v  -0.0096688187 0.025744291 5.1856164e-10
v  -0.0086535783 0.026074219 5.1856153e-10
v  -0.0073081576 0.026511449 5.1856131e-10
v  -0.0065738843 0.026678417 5.1856131e-10
v  -0.004880534 0.02706347 5.1856097e-10
v  -0.0044991896 0.027114647 5.1856086e-10
v  -0.0024211374 0.027393516 5.1856064e-10
v  -0.00023040609 0.027487466 5.1856042e-10
v  -0.002342795 0.027396876 5.1856075e-10
v  6.0295457e-05 0.027499933 5.1856042e-10
v  0.0050460524 0.027033078 5.1855975e-10
v  0.010028426 0.025589038 5.1855908e-10
v  0.0098644933 0.025669862 5.185592e-10
v  0.016016671 -0.022322079 5.1855842e-10
v  0.017255906 -0.021412309 5.185582e-10
v  0.017693229 -0.021026077 5.185582e-10
v  0.019114433 -0.019770911 5.1855809e-10
v  0.019416563 -0.019450994 5.1855809e-10
v  0.019264085 -0.01961245 5.1855797e-10
v  0.020716103 -0.01807495 5.1855775e-10
v  0.013899975 0.023680242 5.1855864e-10
v  0.021069409 -0.017650153 5.1855775e-10
v  0.020831086 -0.017953198 5.1855775e-10
v  0.022038313 -0.016418127 5.1855753e-10
v  0.022358311 -0.016011229 5.1855753e-10
v  0.023225177 -0.014677594 5.1855742e-10
v  0.024287695 -0.012837967 5.1855731e-10
v  0.02370875 -0.013933641 5.1855731e-10
v  0.024870314 -0.011735341 5.185572e-10
v  0.025199726 -0.010946613 5.185572e-10
v  0.025829662 -0.0094383294 5.185572e-10
v  0.025979472 -0.0089628249 5.1855709e-10
v  0.026574956 -0.0070727365 5.1855698e-10
v  0.026831996 -0.0058966926 5.1855698e-10
v  0.026599275 -0.0069614663 5.1855709e-10
v  0.027056225 -0.0048707789 5.1855698e-10
v  0.026896862 -0.0055999067 5.1855709e-10
v  0.027102318 -0.0046598827 5.1855698e-10
v  0.027335528 -0.0028015433 5.1855698e-10
v  0.027413489 -0.0021803069 5.1855698e-10
v  0.027431658 -0.0016500078 5.1855698e-10
v  0.027464991 -0.00067713211 5.1855686e-10
v  0.027498426 0.00029867914 5.1855698e-10
v  0.027435767 0.0014187893 5.1855686e-10
v  0.027360238 0.0027689843 5.1855686e-10
v  0.027253442 0.0034954385 5.1855698e-10
v  0.026999393 0.0052235303 5.1855698e-10
v  0.026831996 0.0059183729 5.1855709e-10
v  0.026906818 0.0056077945 5.1855709e-10
v  0.026908724 0.005599889 5.1855698e-10
v  0.026416464 0.0076432 5.1855698e-10
v  0.026415981 0.0076452028 5.1855709e-10
v  0.025730753 0.0096653569 5.185572e-10
v  0.025616333 0.010002683 5.185572e-10
v  0.02490996 0.011597049 5.1855731e-10
v  0.02461875 0.012254343 5.1855731e-10
v  0.023934102 0.013486468 5.1855742e-10
v  0.023408026 0.014433218 5.1855742e-10
v  0.023348028 0.014521332 5.1855742e-10
v  0.022007419 0.01649013 5.1855764e-10
v  0.022832137 0.015278961 5.1855764e-10
v  0.02043494 0.018402832 5.1855786e-10
v  0.021069409 0.017631087 5.1855786e-10
v  0.021590304 0.016997492 5.1855764e-10
v  0.020228963 0.018611813 5.1855786e-10
v  0.019286947 0.019567572 5.1855786e-10
v  0.018696126 0.02016701 5.1855797e-10
v  0.018743541 0.020118903 5.1855797e-10
v  0.017130075 0.021492263 5.185582e-10
v  0.016797008 0.021774119 5.185582e-10
v  0.015429598 0.022738623 5.1855842e-10
v  0.014875866 0.023129199 5.1855853e-10
v  0.014615985 0.02329226 5.1855853e-10
v  0.014355847 0.023455482 5.1855864e-10
v  -0.00559957 -0.0076743062 5.1856108e-10
v  -0.0076655536 -0.0055999067 5.1856131e-10
v  -0.0029540192 -0.0090290606 -1.3440844e-09
v  -1.9308469e-05 -0.0094999894 -1.3440848e-09
v  0.0029172925 -0.0090409955 5.1855997e-10
v  0.0055683283 -0.0076970034 -1.3440855e-09
v  0.0076739676 -0.0055999067 5.1855942e-10
v  -0.0090302508 0.00295034 5.1856153e-10
v  -0.0094999801 1.9300709e-05 5.1856164e-10
v  -0.0092390655 -0.0016500078 5.1856153e-10
v  -0.0090409862 -0.0029173 5.1856164e-10
v  -0.007696996 -0.0055683358 5.1856131e-10
v  0.0090290532 -0.0029540269 5.1855931e-10
v  0.0092383064 -0.0016500078 5.185592e-10
v  0.0094999801 -1.9316263e-05 5.185592e-10
v  -0.0076788454 0.0055933194 5.1856142e-10
v  -0.0076722624 0.005599889 5.1856142e-10
v  -0.0055777091 0.0076901889 5.1856108e-10
v  -0.0029319881 0.0090362197 5.1856086e-10
v  1.9876363e-11 0.0094999894 5.1856042e-10
v  0.0029393334 0.0090338327 5.1856008e-10
v  0.0055902055 0.0076811095 5.1855975e-10
v  0.0076672011 0.005599889 5.1855953e-10
v  0.0076924646 0.0055745742 5.1855942e-10
v  0.0090397978 0.0029209584 5.1855931e-10
v  -0.018396525 -0.0016500078 5.1856275e-10
v  -0.018396525 -0.0055999067 5.1856275e-10
v  -0.018396525 0.005599889 5.1856275e-10
v  -0.018396525 0.014521332 5.1856286e-10
v  -0.018396525 -0.019450994 5.1856286e-10
v  -0.018396525 0.019567572 5.1856275e-10
v  -0.013899975 -0.019450994 5.1856219e-10
v  -0.013899975 -0.0055999067 5.1856208e-10
v  -0.013899975 -0.0016500078 5.1856208e-10
v  -0.013899975 0.005599889 5.1856219e-10
v  -0.013899975 0.014521332 5.1856219e-10
v  -0.013899975 0.019567572 5.1856208e-10
v  -0.013899975 -0.022867586 5.1856219e-10
v  -0.010599975 -0.022867586 5.1856186e-10
v  -0.010599975 -0.019450994 5.1856186e-10
v  -0.010599975 -0.0055999067 5.1856175e-10
v  -0.010599975 -0.0016500078 5.1856175e-10
v  -0.010599975 0.005599889 5.1856175e-10
v  -0.010599975 0.014521332 5.1856186e-10
v  -0.010599975 0.019567572 5.1856175e-10
v  -0.010028426 -0.022867586 5.1856175e-10
v  -0.010028426 -0.019450994 5.1856175e-10
v  -0.010028426 -0.0055999067 5.1856164e-10
v  -0.010028426 -0.0016500078 5.1856175e-10
v  -0.010028426 0.005599889 5.1856175e-10
v  -0.010028426 0.014521332 5.1856175e-10
v  -0.010028426 0.019567572 5.1856164e-10
v  0.010028426 -0.019450994 5.185592e-10
v  0.010028426 -0.022867586 5.185592e-10
v  0.010028426 0.014521332 5.185592e-10
v  0.010028426 0.019567572 5.1855908e-10
v  0.010028426 0.005599889 5.185592e-10
v  0.010028426 -0.0055999067 5.1855908e-10
v  0.010028426 -0.0016500078 5.1855908e-10
v  0.013899975 -0.0055999067 5.1855864e-10
v  0.013899975 -0.019450994 5.1855875e-10
v  0.013899975 -0.0016500078 5.1855864e-10
v  0.013899975 0.005599889 5.1855875e-10
v  0.013899975 0.014521332 5.1855875e-10
v  0.013899975 -0.022867586 5.1855875e-10
v  0.013899975 0.019567572 5.1855864e-10
v  0.014615985 -0.019450994 5.1855864e-10
v  0.014615985 -0.022867586 5.1855864e-10
v  0.014615985 -0.0055999067 5.1855853e-10
v  0.014615985 -0.0016500078 5.1855853e-10
v  0.014615985 0.005599889 5.1855864e-10
v  0.014615985 0.014521332 5.1855864e-10
v  0.014615985 0.019567572 5.1855853e-10
v  0.021069409 -0.0016500078 5.1855775e-10
v  0.021069409 -0.0055999067 5.1855775e-10
v  0.021069409 0.005599889 5.1855775e-10
v  0.021069409 0.014521332 5.1855786e-10
v  0.026831996 -0.0055999067 5.1855698e-10
v  0.026831996 0.005599889 5.1855709e-10
v  0.026831996 -0.0016500078 5.1855709e-10

# 0 UV coordinates

# 3446 vertex normals
vn -0.9920882 -0.12554274 1.2608731e-13
vn -1.2709285e-13 2.0001687e-29 -1
vn -7.503e-12 1 6.0214136e-21
vn -0.9920882 0.12554274 1.2608731e-13
vn 7.503e-12 -1 -6.0214136e-21
vn -1 -7.503e-12 1.2709285e-13
vn -0.9527458 -0.30376866 1.2108717e-13
vn -0.9527458 0.30376866 1.2108718e-13
vn -0.88166535 -0.47187516 1.1205336e-13
vn -0.88166535 0.47187516 1.1205336e-13
vn -0.78121442 -0.62426281 9.9286756e-14
vn -0.78121442 0.62426281 9.9286763e-14
vn -0.65473992 -0.75585425 8.3212754e-14
vn -0.65473992 0.75585425 8.3212767e-14
vn 1 7.503e-12 -1.2709285e-13
vn 0.97814763 0.2079117 5.4895789e-08
vn 0.97814763 0.20791171 5.9886347e-08
vn 0.97814763 -0.2079117 -5.4896034e-08
vn 0.91354537 0.40673682 1.1715553e-07
vn 0.91354537 0.40673682 1.1715554e-07
vn 0.91354537 -0.40673682 -1.1715571e-07
vn 0.97814763 -0.20791171 -5.9886567e-08
vn 0.809017 0.58778524 1.6930437e-07
vn 0.809017 0.58778524 1.6930439e-07
vn 0.809017 -0.58778524 -1.6930449e-07
vn 0.91354537 -0.40673682 -1.1715571e-07
vn -0.50645399 -0.86226696 6.4366677e-14
vn -0.50645399 0.86226696 6.4366684e-14
vn 0.6691305 0.74314493 2.1405391e-07
vn 0.66913062 0.74314481 1.4270256e-07
vn 0.66913062 -0.74314481 -1.4270262e-07
vn 0.80901712 -0.58778512 -1.1286966e-07
vn -0.3412973 -0.93995541 4.3376439e-14
vn -0.3412973 0.93995541 4.3376449e-14
vn 0.50000006 0.86602533 1.6629876e-07
vn 0.50000006 0.86602533 1.6629878e-07
vn 0.50000006 -0.86602533 -3.3259741e-07
vn 0.66913038 -0.74314505 -2.8540521e-07
vn 0.30901688 0.95105654 1.8262695e-07
vn 0.30901688 -0.95105654 -3.6525367e-07
vn -0.16477107 -0.98633182 2.0941218e-14
vn -0.16477107 0.98633182 2.0941229e-14
vn 0.10452875 0.99452186 1.9097341e-07
vn 0.10452831 0.99452192 3.8194688e-07
vn 0.10452831 -0.99452192 -3.8194648e-07
vn 0.30901688 -0.95105654 -3.6525361e-07
vn 0.017243879 -0.99985129 -2.1915798e-15
vn 0.017243879 0.99985129 -2.1915677e-15
vn 0.10452875 -0.99452186 -1.9100882e-07
vn -0.10452831 -0.99452192 -1.9093764e-07
vn -0.10452875 0.99452186 3.8194688e-07
vn -0.10452831 0.99452192 1.9097345e-07
vn 0.19868451 -0.9800635 -2.5251385e-14
vn 0.19868451 0.9800635 -2.5251374e-14
vn -0.30901688 0.95105654 1.8262702e-07
vn -0.30901688 -0.95105654 -3.6525356e-07
vn -0.10452875 -0.99452186 -3.8194645e-07
vn -0.50000006 0.86602533 1.662989e-07
vn -0.50000006 0.86602533 1.6629889e-07
vn -0.50000006 -0.86602533 -3.325973e-07
vn -0.30901688 -0.95105654 -3.6525358e-07
vn 0.37350675 -0.92762744 -4.747004e-14
vn 0.37350675 0.92762744 -4.7470027e-14
vn -0.6691305 0.74314493 1.4270275e-07
vn -0.66913062 0.74314481 2.1405405e-07
vn -0.66913062 -0.74314481 -2.8540495e-07
vn 0.53588623 -0.8442902 -6.810731e-14
vn 0.53588623 0.8442902 -6.8107297e-14
vn -0.809017 0.58778524 1.693046e-07
vn -0.809017 0.58778524 1.6930458e-07
vn -0.809017 -0.58778524 -1.1286947e-07
vn -0.66913038 -0.74314505 -1.4270249e-07
vn -0.91354537 0.40673682 1.1715577e-07
vn -0.91354537 0.40673682 1.1715576e-07
vn -0.91354537 -0.40673682 -1.1715547e-07
vn -0.80901712 -0.58778512 -1.6930424e-07
vn 0.68041432 -0.7328276 -8.6475796e-14
vn 0.68041432 0.7328276 -8.6475789e-14
vn -0.97814763 0.2079117 5.9886588e-08
vn -0.97814763 0.20791171 5.4896041e-08
vn -0.97814763 -0.2079117 -5.9886318e-08
vn -0.91354537 -0.40673682 -1.1715549e-07
vn -0.97814763 -0.20791171 -5.4895789e-08
vn 0.80227625 -0.59695297 -1.0196357e-13
vn 0.80227625 0.59695297 -1.0196356e-13
vn 0.89741248 -0.44119248 -1.1405471e-13
vn 0.89741248 0.44119248 -1.1405471e-13
vn 0.96265399 -0.27073467 -1.2234644e-13
vn 0.96265399 0.27073467 -1.2234643e-13
vn 0.99582726 -0.091258027 -1.2656252e-13
vn 0.99582726 0.091258027 -1.2656252e-13
vn 1.2709285e-13 -2.0001687e-29 1
vn -0.99573416 0.092268296 1.2655069e-13
vn -0.99573416 -0.092268296 1.2655069e-13
vn -0.96182555 -0.27366331 1.2224114e-13
vn -0.96182555 0.27366331 1.2224115e-13
vn -0.89516336 -0.44573826 1.1376886e-13
vn -0.89516336 0.44573826 1.1376886e-13
vn -0.79801714 -0.60263473 1.0142226e-13
vn -0.79801714 0.60263473 1.0142227e-13
vn -0.6736958 -0.73900878 8.5621912e-14
vn -0.6736958 0.73900878 8.5621919e-14
vn -0.52643204 -0.85021722 6.6905743e-14
vn -0.52643204 0.85021722 6.690575e-14
vn -0.3612417 -0.93247223 4.5911229e-14
vn -0.3612417 0.93247223 4.5911239e-14
vn -0.1837495 -0.9829731 2.335324e-14
vn -0.1837495 0.9829731 2.3353252e-14
vn 0.1837495 -0.9829731 -2.3353252e-14
vn 0.1837495 0.9829731 -2.335324e-14
vn 0.3612417 -0.93247223 -4.5911239e-14
vn 0.3612417 0.93247223 -4.5911229e-14
vn 0.52643204 -0.85021722 -6.690575e-14
vn 0.52643204 0.85021722 -6.6905743e-14
vn 0.6736958 -0.73900878 -8.5621919e-14
vn 0.6736958 0.73900878 -8.5621912e-14
vn 0.79801714 -0.60263473 -1.0142227e-13
vn 0.79801714 0.60263473 -1.0142226e-13
vn 0.89516336 -0.44573826 -1.1376886e-13
vn 0.89516336 0.44573826 -1.1376886e-13
vn 0.96182555 -0.27366331 -1.2224115e-13
vn 0.96182555 0.27366331 -1.2224114e-13
vn 0.99573416 -0.092268296 -1.2655069e-13
vn 0.99573416 0.092268296 -1.2655069e-13
vn -0.98296916 -0.18374851 -0.0028398002
vn -0.99608839 -0.088196725 0.0054062284
vn -0.99999481 -7.5029609e-12 0.0032141823
vn -0.99608552 -0.088197082 -0.0059073796
vn -0.99998242 -7.5028681e-12 -0.005930467
vn -0.99608749 0.088207163 0.0054073958
vn -0.98282349 0.18372156 0.01744579
vn -0.9829731 -0.18374948 0.00015275774
vn -0.96509141 -0.26184767 -0.0058651944
vn -0.99608576 -0.088198043 -0.0058566662
vn -0.9960857 0.08819817 -0.0058566602
vn -0.9960857 0.088198304 -0.005856642
vn -0.99608564 0.088199273 -0.0058566178
vn -0.98295611 0.1837461 -0.0058839568
vn -0.93245691 -0.36123547 -0.0057448298
vn -0.96509421 -0.26184916 0.0053132996
vn -0.96509445 -0.26184821 0.0053133434
vn -0.96509397 0.26184997 0.0053136009
vn -0.96509409 0.26184961 0.0053135781
vn -0.93247211 0.36124197 -9.1219772e-05
vn -0.93245798 -0.36123648 0.0055011329
vn -0.9040677 -0.42735091 -0.0057300124
vn -0.90406799 -0.42735028 -0.0057299798
vn -0.965092 0.26184869 -0.0057133106
vn -0.90406704 0.42735225 -0.0057298266
vn -0.93247056 0.36124095 -0.0019175205
vn -0.85020471 -0.52642339 -0.0055128024
vn -0.90407038 -0.42735282 0.005127551
vn -0.90406978 0.4273541 0.0051279278
vn -0.85021085 0.52642864 0.0038035356
vn -0.85021406 -0.52643055 0.0026319597
vn -0.81491274 -0.5795576 -0.0055016023
vn -0.8149128 -0.57955748 -0.0055015995
vn -0.90406847 0.42735249 -0.0054776156
vn -0.81491143 0.57955939 -0.0055014077
vn -0.85021055 0.52642822 -0.0039209388
vn -0.73900324 -0.6736896 -0.0040616198
vn -0.81491566 -0.57955927 0.0048491089
vn -0.81491452 0.57956088 0.0048494795
vn -0.73898399 0.67367238 0.0082571385
vn -0.7390089 -0.67369562 0.00032205612
vn -0.70040035 -0.71373141 -0.0051799654
vn -0.81491572 -0.57955664 -0.0051500183
vn -0.73899907 0.6736865 -0.0051876693
vn -0.81491733 0.57955438 -0.0051497505
vn -0.81491345 0.5795598 -0.0051497333
vn -0.60262793 -0.79800802 -0.0047703427
vn -0.70040441 -0.71373218 0.0044778893
vn -0.70040363 -0.71373296 0.0044778516
vn -0.60258108 0.79794741 0.013267473
vn -0.70040232 0.71373421 0.0044782818
vn -0.60263038 -0.79801166 0.0037387228
vn -0.56409496 -0.82569617 -0.0047649518
vn -0.5640946 -0.82569641 -0.0047649816
vn -0.70040125 0.71373367 -0.0047302195
vn -0.70040333 0.71373159 -0.0047303117
vn -0.56409323 0.82569736 -0.0047646551
vn -0.60263461 0.79801643 -0.0011382179
vn -0.44573462 -0.89515501 -0.0042599319
vn -0.56409734 -0.82569855 0.0040137288
vn -0.56409562 0.82569969 0.0040143351
vn -0.44573316 0.89515728 0.0039234073
vn -0.44573778 -0.89516199 0.0016734123
vn -0.41023591 -0.91196948 -0.0042566438
vn -0.41023576 -0.9119696 -0.0042566508
vn -0.5640949 0.82569915 -0.0042194477
vn -0.41023505 0.9119699 -0.0042562522
vn -0.44573733 0.89516068 -0.0023769001
vn -0.27366081 -0.96181929 -0.0036567815
vn -0.41023722 -0.91197228 0.0034568976
vn -0.41023633 0.9119727 0.0034574291
vn -0.27365181 0.96178567 0.0091121458
vn -0.27366313 -0.96182561 0.0001625539
vn -0.24361081 -0.96986616 -0.0036550006
vn -0.24360989 -0.96986639 -0.0036550132
vn -0.41023526 0.91197258 -0.0036177118
vn -0.24360952 0.96986651 -0.0036545699
vn -0.2736614 0.96182126 -0.0030544891
vn -0.092266425 -0.99572992 -0.0029609562
vn -0.24361517 -0.96986789 0.0028075166
vn -0.24361177 -0.96986878 0.0028074391
vn -0.24361071 0.96986902 0.0028079008
vn -0.092259079 0.9956243 0.014849908
vn -0.083834641 -0.99643564 -0.0093655074
vn -0.079961129 -0.99671197 -0.0130955
vn -0.092267968 -0.99573421 8.9256685e-07
vn -0.077873684 -0.99684745 -0.015195308
vn -0.07784868 -0.996849 -0.015221179
vn -0.090807095 -0.99586302 -0.0032989336
vn -0.091231629 -0.99582529 -0.0029609546
vn -0.092381813 0.99572366 2.2920931e-07
vn -0.083506182 0.99650288 -0.002960389
vn -0.09106268 0.9958446 -0.0010801998
vn -0.088806406 0.99604446 -0.0029716238
vn -0.09226881 0.99573416 2.8626478e-06
vn -0.24360968 0.96986896 -0.0029255894
vn -0.24361236 0.96986824 -0.0029256137
vn 0.00042489785 0.99999988 6.9974362e-07
vn 0.0014582572 0.99999893 -4.0311547e-06
vn 0.006902731 0.99997616 -7.7911951e-05
vn 0.0068996903 0.99997622 -7.7820136e-05
vn 0.018376054 0.99983037 -0.001228603
vn 0.09226127 0.99566346 -0.011923786
vn 0.0013721719 -0.99999905 -8.9929159e-07
vn 0.0095092291 -0.99995476 -0.00016024707
vn 0.092245325 -0.99549097 -0.022102434
vn 0.023566941 -0.99971896 -0.0025778168
vn 0.0095150964 -0.9999547 -0.00016087839
vn 0.13394028 -0.97802997 -0.1597417
vn 0.020876862 -0.99938464 -0.028186094
vn 0.020875232 -0.9993847 -0.028184973
vn -0.0083094491 -0.99972373 -0.021986239
vn -0.0083050849 -0.99972379 -0.021986598
vn 0.092077419 -0.9936797 0.064205989
vn 0.011007542 0.99968845 -0.022401555
vn 0.011000815 0.99968857 -0.02240064
vn 0.028851094 0.99905145 -0.032615464
vn 0.028854266 0.99905127 -0.032617941
vn 0.091671407 0.98928475 -0.11363134
vn -0.022452909 0.99954063 -0.020357538
vn -0.022459308 0.99954045 -0.020357523
vn 0.13776651 0.9898181 0.035785221
vn 0.2733106 0.96058971 -0.050682295
vn 0.27331373 -0.96058869 -0.050684832
vn 0.29287347 -0.95480746 -0.050674278
vn 0.2732501 -0.96037549 0.054893628
vn 0.27331114 0.96058959 -0.050682295
vn 0.44529262 0.89426756 -0.044721197
vn 0.29296696 0.95511234 0.043940458
vn 0.44529393 -0.89426678 -0.044723481
vn 0.4608795 -0.88633543 -0.044716638
vn 0.44527045 -0.89422375 0.045805316
vn 0.44529212 0.89426786 -0.044721197
vn 0.60219043 0.79742283 -0.038516559
vn 0.46101034 0.88658696 0.037855033
vn 0.60218877 -0.79742402 -0.038518541
vn 0.56367928 -0.82509714 -0.038475275
vn 0.59857482 -0.79264134 -0.11587872
vn 0.60218728 0.79742521 -0.038516559
vn 0.70763701 0.64509463 0.28827545
vn 0.6260311 0.77930409 -0.027752236
vn 0.5482434 0.79873765 -0.24788567
vn 0.62772352 -0.77811909 -0.022223633
vn 0.73283428 -0.66806895 0.12898766
vn 0.62150639 -0.78242356 -0.039283019
vn 0.62151092 -0.78242058 -0.039270747
vn 0.67877877 -0.73434281 -3.4195511e-07
vn 0.6754384 -0.73741627 -0.00051674061
vn 0.66919571 -0.74307734 -0.0036209819
vn 0.65842336 -0.75259322 -0.0090603372
vn 0.65844572 -0.75257379 -0.0090490049
vn 0.63784969 -0.76946312 -0.032775618
vn 0.64853275 -0.76099628 -0.017028272
vn 0.73899668 -0.673684 -0.0058075041
vn 0.69895762 -0.71516293 -0.00051995338
vn 0.69895703 -0.71516347 -0.00051992672
vn 0.69683152 0.71723473 -0.00043626534
vn 0.75760585 0.65266085 -0.0081990873
vn 0.73899865 0.67368615 -0.0052908985
vn 0.63610739 0.77057213 -0.039825387
vn 0.64701301 0.7622087 -0.020298325
vn 0.64701134 0.76221007 -0.020300711
vn 0.65728462 0.75356543 -0.01077558
vn 0.65728652 0.75356376 -0.010774113
vn 0.66738427 0.74469471 -0.0052945898
vn 0.66738391 0.74469501 -0.0052947542
vn 0.67766255 0.73537165 -0.0014250349
vn 0.68173862 0.73159587 3.4067571e-07
vn 0.67869407 0.73442101 -0.00043375808
vn 0.75762969 0.6526829 -0.0015076869
vn 0.85021263 0.52643162 0.0028769043
vn 0.75956416 -0.65043116 -0.0012489058
vn 0.75956351 -0.65043193 -0.0012490017
vn 0.85021722 -0.52643204 -7.7395802e-05
vn 0.81419688 -0.58058822 0.00084711151
vn 0.81419915 -0.58058506 0.0008470763
vn 0.85021406 -0.52643007 -0.002717017
vn 0.86240578 -0.50615978 -0.00765015
vn 0.86240309 -0.50616443 -0.007649607
vn 0.81419903 -0.5805859 -7.2331721e-05
vn 0.81247258 0.58299941 -7.2319594e-06
vn 0.8124702 0.58300275 -6.9629045e-06
vn 0.85020399 0.52642429 -0.0055409782
vn 0.75759524 0.65271407 -0.0037171561
vn 0.81247187 0.58300042 -7.2318549e-06
vn 0.86092275 0.50873089 -0.0022058957
vn 0.86092275 0.50873089 -0.0022058953
vn 0.93246704 0.36123264 0.0040276893
vn 0.93246913 -0.36124945 0.00035343727
vn 0.90388054 -0.42778358 0.0010900933
vn 0.90393698 -0.42766422 0.0010945421
vn 0.93245924 0.36123696 -0.0052599548
vn 0.90260768 0.43046391 0.00040551386
vn 0.90260762 0.43046412 0.00040556781
vn 0.90260684 0.43046576 0.00040556793
vn 0.93245882 -0.36123618 -0.0053822021
vn 0.90387946 -0.42778704 0.00035932023
vn 0.90388119 -0.42778337 0.00035906697
vn 0.98297089 -0.18375978 0.00076816598
vn 0.96518892 -0.26155066 0.00125728
vn 0.93822074 -0.34602705 -0.0026603225
vn 0.93822086 -0.34602675 -0.0026602987
vn 0.9371888 0.34880984 -0.002979971
vn 0.98297328 0.18373963 0.001809712
vn 0.96440828 0.26441437 0.0013031864
vn 0.93718845 0.3488107 -0.0029800767
vn 0.97059131 0.24072032 -0.0025067963
vn 0.97059035 0.24072397 -0.0025061728
vn 0.97355527 0.22840127 -0.0047931331
vn 0.97355628 0.22839697 -0.0047942512
vn 0.97700757 0.21300867 -0.0091393059
vn 0.97700852 0.21300426 -0.0091411816
vn 0.98092389 0.19356923 -0.017866602
vn 0.98092496 0.19356371 -0.017870445
vn 0.98482949 0.17003213 -0.034640841
vn 0.9827863 0.1837147 -0.019492406
vn 0.96435702 0.26460335 0.00080192351
vn 0.96440828 0.26441643 0.00080191472
vn 0.98514575 -0.16754758 -0.037625756
vn 0.98297119 -0.18374875 0.0020154018
vn 0.98780638 -0.13831481 -0.071466923
vn 0.98514628 -0.16754352 -0.037630111
vn 0.9811998 -0.19204001 -0.019173106
vn 0.98120016 -0.19203801 -0.019174447
vn 0.97710353 -0.21254973 -0.0095552923
vn 0.97710317 -0.21255128 -0.0095546665
vn 0.97354949 -0.22842145 -0.0049999226
vn 0.97354925 -0.22842267 -0.004999626
vn 0.97064096 -0.24051765 -0.0027207765
vn 0.97064227 -0.24051242 -0.0027215937
vn 0.96645665 -0.25682908 -0.00056425494
vn 0.96645534 -0.25683412 -0.0005636501
vn 0.96324742 -0.26861462 0.00077439146
vn 0.99999994 7.5029991e-12 -0.00037730372
vn 0.99880672 0.0039733131 -0.048676237
vn 0.99900705 7.4955502e-12 -0.044552073
vn 0.99945456 -0.025113296 -0.021446751
vn 0.99785328 -0.065446876 -0.0023660325
vn 0.99785298 -0.065450594 -0.0023643903
vn 0.99452078 -0.10453813 -0.00036624738
vn 0.99452871 -0.10446285 -0.00036646973
vn 0.9976241 0.068875097 -0.0015569236
vn 0.99937677 0.03028119 -0.018140292
vn 0.99937665 0.030286802 -0.018137598
vn 0.99999964 7.5029974e-12 -0.00085434399
vn 0.99413502 0.10814264 -0.00084562093
vn 0.9976238 0.068879053 -0.0015567737
vn 0.99421167 0.1074376 0.00052375055
vn 0.093911685 -0.48424393 -0.86987841
vn 0.10173251 -0.64907879 -0.75388807
vn 0.00015925264 -0.53885216 -0.84240031
vn 0.00020479193 -2.5009454e-05 -1
vn -0.00038337253 0.00026340192 -0.99999988
vn 0.26652759 0.44215268 -0.85642517
vn 0.35684252 0.42559505 -0.83158422
vn 0.00017193405 0.00071964425 -0.9999997
vn -0.00025863876 -0.00090032374 -0.99999958
vn -0.033263542 -0.99081856 -0.13104224
vn -0.024056721 -0.97904676 -0.20220968
vn -0.080492906 -0.98955435 -0.11959538
vn 0.00010080016 -0.00073604129 -0.9999997
vn 0.17721802 -0.63335049 -0.75330001
vn 5.4454467e-05 -0.00050294539 -0.99999988
vn 9.7704877e-05 -0.00071908842 -0.99999976
vn -1.6534585e-08 6.6742183e-07 -1
vn -0.0003653348 0.00024031375 -0.99999988
vn -0.0003852158 0.00026616442 -0.99999988
vn 5.3451397e-05 -0.0004967695 -0.99999988
vn 5.2779873e-05 -0.00049480284 -0.99999988
vn -3.1853565e-07 1.1383987e-06 -1
vn 0.17721488 -0.63333976 -0.75330979
vn 0.057778928 -0.17308171 -0.98321122
vn 0.044794627 -0.17679179 -0.98322839
vn 5.0379583e-07 4.5936767e-07 -1
vn 0.074484155 -0.16638097 -0.98324436
vn 0.23844428 -0.61194324 -0.75410199
vn 0.07448367 -0.16638118 -0.98324436
vn 0.26942337 -0.44055629 -0.85634178
vn 0.22116975 -0.46661347 -0.85636193
vn 0.36034012 -0.43000191 -0.82780033
vn 0.26944083 -0.4405801 -0.85632402
vn 0.36303115 -0.42518458 -0.82911187
vn 0.36302784 -0.42518637 -0.82911241
vn 0.5709551 -0.66871208 -0.47627136
vn 0.49972805 -0.34488592 -0.79455996
vn 0.48326099 -0.39683044 -0.78037453
vn 0.58303708 -0.55320603 -0.59500492
vn 0.67553008 -0.4983463 -0.54342443
vn 0.64352119 -0.61059505 -0.46157798
vn 0.69091898 -0.65554106 -0.3047899
vn 0.71342945 -0.55181402 -0.43187934
vn 0.64777696 -0.73806751 -0.18878905
vn 0.67427868 -0.7201516 -0.16349314
vn 0.65371662 -0.74482304 -0.13376561
vn 0.6800124 -0.72255605 -0.1244822
vn -7.0439722e-07 -4.9020679e-07 -1
vn 0.21329308 0.47090501 -0.85601085
vn -7.0153965e-07 -5.2145793e-07 -1
vn 0.20884722 0.42173555 -0.88233894
vn 0.19408786 0.42850509 -0.8824473
vn 0.00046652369 0.00059371174 -0.9999997
vn 0.00055974646 0.00081471447 -0.99999952
vn 0.00056150818 0.0008180631 -0.99999952
vn 0.00012070217 0.00023251705 -0.99999994
vn 0.00063449424 0.00056592509 -0.99999964
vn 0.0004576949 0.00057074626 -0.99999976
vn 0.66237861 0.73761302 -0.13107875
vn 0.6477235 0.73451763 -0.20233156
vn 0.69775414 0.70628077 -0.11961009
vn -0.022041205 0.99077582 -0.1337066
vn -0.063878931 0.99028516 -0.12351047
vn -0.021833327 0.98134369 -0.191018
vn -0.056074262 0.98490244 -0.16377696
vn -0.10788771 0.94672763 -0.30342552
vn -0.19379798 0.87988931 -0.43386301
vn -0.10053877 0.88211983 -0.46017012
vn -0.091246754 0.80060387 -0.59220564
vn -0.20000796 0.81827724 -0.53890556
vn -0.0076054591 0.87984633 -0.47519743
vn -0.12571631 0.6122753 -0.78058594
vn -0.16837786 0.58566862 -0.79286891
vn -0.004833878 0.55939639 -0.82888621
vn -0.0048345579 0.55939645 -0.82888615
vn 0.089375243 0.59455729 -0.79907048
vn -0.0074210088 0.52487075 -0.85114956
vn 0.14147367 0.49719465 -0.85602725
vn 0.14181557 0.49839449 -0.85527265
vn 0.14577235 0.44751015 -0.88231802
vn 0.11315361 0.45681521 -0.8823356
vn 0.19572748 0.47699216 -0.85683674
vn -0.00030687547 -0.0010451006 -0.9999994
vn -0.024063671 -0.97904766 -0.20220427
vn 0.64772743 0.73451519 -0.20232797
vn -0.11044758 -0.94619179 -0.30417499
vn -0.15121348 -0.88232118 -0.44569474
vn -0.093138985 -0.79813635 -0.59523398
vn -0.19299316 -0.88029242 -0.43340391
vn 0.69282252 0.65380597 -0.30419517
vn 0.68300235 0.57862937 -0.44575313
vn 0.58440423 0.55150408 -0.59524357
vn 0.71368808 0.55021483 -0.43348926
vn -0.019385381 -0.56527847 -0.82467234
vn 0.00017640869 -0.5616492 -0.82737547
vn 0.36087668 0.43032816 -0.82739693
vn 0.3656114 0.42767826 -0.82669199
vn 0.00064666383 -0.90600932 -0.42325729
vn -0.13588026 -0.58447945 -0.79995018
vn 0.58190566 0.6945731 -0.42302954
vn 0.4797982 0.36034915 -0.79996383
vn 0.0029220022 0.0028978332 -0.99999154
vn -0.093136981 -0.79813588 -0.59523493
vn 0.58440226 0.55150515 -0.59524459
vn 0.22118308 -0.46664137 -0.85634333
vn 0.12126224 -0.47858799 -0.86962581
vn 0.15622446 -0.46798366 -0.86981905
vn 0.12126257 -0.47858858 -0.86962539
vn 0.17912497 -0.45970619 -0.86981863
vn 0.17480566 -0.48357084 -0.85767257
vn 0.21658389 -0.44385734 -0.86952978
vn 0.75799513 -0.52139467 -0.39190686
vn 0.76040739 -0.51712441 -0.39289051
vn -0.25398678 -0.88406253 -0.39233172
vn 0.76280349 0.51392794 -0.39243966
vn -0.24972914 0.88543534 -0.39196891
vn -0.25438091 0.88369155 -0.39291164
vn 0.64902836 -0.29151139 -0.70269716
vn 0.6415621 -0.31589374 -0.6990059
vn -0.30256143 -0.63928229 -0.70694751
vn -0.16010985 -0.62220174 -0.7663092
vn 0.64275873 0.29521286 -0.70690209
vn 0.52266699 0.37369546 -0.76627082
vn -0.29501539 0.65117985 -0.6992358
vn -0.31659746 0.63720632 -0.70266217
vn 0.68002069 -0.72254997 -0.12447237
vn 0.70550358 -0.70032632 -0.10866327
vn 0.69429547 -0.71177238 -0.10646079
vn -0.063881673 0.99028528 -0.12350781
vn 0.69775307 0.7062816 -0.11961139
vn -0.080494434 -0.98955441 -0.1195939
vn -0.029980855 -0.50498605 -0.86260664
vn 0.12126102 -0.47858065 -0.86962998
vn 0.34195697 -0.39797655 -0.85128146
vn 0.22729179 -0.46343166 -0.85648674
vn 0.3465752 0.39472139 -0.85092926
vn 0.23052859 0.46183047 -0.85648656
vn -0.0074133696 0.52491379 -0.85112309
vn 0.1229229 0.50134915 -0.85646892
vn 0.048351154 0.19717622 -0.97917503
vn 0.23675172 0.2407375 -0.94127256
vn 0.27024055 0.052686192 -0.9613502
vn 0.077066876 0.18781367 -0.97917658
vn 0.074553736 0.16460031 -0.98353875
vn 0.055630457 0.17078219 -0.98373711
vn 0.090661645 0.18163173 -0.97917843
vn 0.07435707 0.16416596 -0.98362625
vn 0.055525184 0.19513702 -0.97920299
vn 0.14565136 -0.1252002 -0.98138195
vn 0.073773086 -0.16446316 -0.98362058
vn -0.039818984 0.19119582 -0.98074389
vn 0.049330376 0.17336616 -0.98362124
vn 0.14559324 -0.12513521 -0.98139888
vn 0.073618107 -0.1644492 -0.98363453
vn 0.074036956 -0.16501562 -0.98350817
vn -0.025806818 -0.33618945 -0.94144076
vn -0.17504096 -0.19497755 -0.96506184
vn 0.039380908 -0.15542275 -0.98706275
vn 0.061524708 -0.17019789 -0.98348737
vn 0.053557128 -0.11963692 -0.99137211
vn 0.04873487 -0.17417105 -0.98350871
vn 0.048735127 -0.17417097 -0.98350871
vn 0.34754166 -0.062723629 -0.93556428
vn 0.31214586 -0.16719168 -0.93520689
vn 0.31214675 -0.16719116 -0.93520665
vn 0.37783864 0.096925832 -0.92078412
vn 0.34957594 0.17560387 -0.92030424
vn -0.22738773 -0.31495765 -0.92146432
vn -0.15478441 -0.35894987 -0.92043293
vn -0.23175149 0.28251389 -0.93084753
vn -0.13912691 0.33751014 -0.93098366
vn -0.13912605 0.33750999 -0.93098384
vn -0.1027254 0.98919642 -0.10458475
vn -0.073284447 0.99184477 -0.10427541
vn 0.14361469 0.051914923 -0.98827106
vn 0.15968008 0.062626183 -0.98518032
vn -4.3217705e-07 -5.4969058e-07 -1
vn -0.18692791 -0.067572206 -0.98004693
vn -0.14932168 -0.047074195 -0.9876675
vn -0.078821607 -0.23347914 -0.96916181
vn -0.078819744 -0.23348145 -0.96916145
vn 2.4190081e-07 2.8417583e-07 -1
vn -9.9982039e-08 3.573202e-07 -1
vn -3.729371e-09 3.147066e-07 -1
vn 0.066323347 -0.18347214 -0.98078501
vn -4.324402e-07 -5.5002528e-07 -1
vn 0.2064915 -0.13045931 -0.96971214
vn 0.066322692 -0.18347055 -0.98078531
vn 0.18679444 -0.06845089 -0.9800114
vn -4.087768e-07 1.1350263e-06 -1
vn -3.8626101e-07 1.1128764e-06 -1
vn -0.1626658 0.059610095 -0.9848789
vn -0.17044257 0.061249517 -0.98346215
vn 1.0154761e-07 3.568783e-07 -1
vn 1.0154767e-07 3.5687833e-07 -1
vn 5.1090634e-09 3.1468718e-07 -1
vn 0.073437296 -0.045447275 -0.9962638
vn 0.16550541 0.21407755 -0.96269351
vn 0.091581725 0.242089 -0.96592218
vn 0.067524761 0.18426485 -0.98055434
vn -0.011520706 0.21249427 -0.97709441
vn -0.15263313 0.086776733 -0.98446578
vn 0.17779981 -0.081074357 -0.98072124
vn 0.23801664 -0.094333671 -0.96666914
vn 0.32091525 0.15702063 -0.93400103
vn 0.32091469 0.15702231 -0.93400091
vn 0.16550565 0.21407774 -0.96269339
vn -0.01151944 0.21249755 -0.9770937
vn 0.070151143 0.18330845 -0.98054928
vn 0.064469181 -0.56239778 -0.8243497
vn 0.064599514 -0.56252402 -0.82425338
vn 0.18891627 -0.5226056 -0.83138078
vn 0.30713221 -0.47472873 -0.82480448
vn 0.20649111 -0.13045879 -0.96971232
vn 0.18882146 -0.52234364 -0.83156693
vn 0.12128761 0.54870516 -0.82717109
vn 0.11523907 0.54475349 -0.83064044
vn 0.19038875 0.52505314 -0.82950068
vn 0.091683745 0.24205081 -0.96592212
vn 0.064465113 -0.56239337 -0.82435304
vn 0.18887052 -0.5224793 -0.83147055
vn 0.30717498 -0.47489727 -0.82469153
vn 0.16550551 0.21407676 -0.96269363
vn 0.76580942 -0.22941934 -0.60075182
vn 0.75920701 -0.25222316 -0.59999019
vn 0.59547323 0.019241223 -0.80314469
vn 0.57505125 -0.10923146 -0.81079251
vn 0.59547144 0.019239919 -0.80314606
vn 0.26123443 -0.087391406 -0.96131122
vn -0.16309929 0.058429532 -0.98487794
vn -0.15263394 0.086777031 -0.98446566
vn -0.25393745 -0.88605756 -0.38783726
vn -0.43361461 -0.66648912 -0.6064409
vn -0.31066146 -0.65616548 -0.68770367
vn 0.76054412 0.23191009 -0.60645723
vn 0.65984285 0.30295309 -0.68762404
vn 0.76406449 0.51550668 -0.38788956
vn -0.40626851 -0.31935239 -0.85613078
vn -0.16429615 -0.28782964 -0.94348335
vn 0.5166111 -0.016549107 -0.85606021
vn 0.31119719 0.11507651 -0.9433524
vn 0.41115883 0.18013498 -0.89358819
vn 0.16461807 0.055541534 -0.98479235
vn -0.42505866 0.67793572 -0.59977353
vn -0.44496986 0.66457427 -0.60028565
vn 0.29913235 0.64211214 -0.70584124
vn 0.24685088 0.66261905 -0.70710725
vn -0.023192888 0.59510231 -0.80331522
vn -0.023189539 0.59510422 -0.80331385
vn -0.17836669 0.28511453 -0.94175106
vn -0.3994028 0.35101983 -0.84691352
vn -0.48221767 0.35817623 -0.79948479
vn -0.15136787 0.24393623 -0.95790547
vn -0.17053266 0.060228888 -0.9835096
vn -0.18775195 -0.057236787 -0.98054737
vn 0.4790408 -0.031789757 -0.87721682
vn 0.41308469 0.6002056 -0.68491918
vn 0.41308501 0.60020506 -0.68491942
vn 0.29913786 0.64211732 -0.70583415
vn -0.42758694 -0.15256976 -0.89100611
vn -0.35340402 -0.33273774 -0.8742947
vn 0.42273739 0.14866389 -0.8939755
vn 0.19718145 0.0085877525 -0.98032939
vn 0.6406076 0.29440182 -0.70918936
vn 0.50059366 0.16890351 -0.8490451
vn 0.18277736 -0.074101619 -0.98035777
vn 0.41585398 -0.14901017 -0.89714068
vn 0.48934871 0.094790064 -0.86692137
vn 0.48934874 0.094789974 -0.86692137
vn -0.50484645 0.18290226 -0.84360939
vn -0.4515518 0.3132506 -0.83544898
vn 0.82243371 -0.47510511 -0.31285453
vn 0.82392102 -0.47241753 -0.31301093
vn -0.17000289 0.066273689 -0.98321247
vn 0.47903797 -0.031789605 -0.87721837
vn 0.47903797 -0.031789351 -0.87721837
vn 0.30717507 -0.47489738 -0.82469141
vn 0.53897333 -0.39080268 -0.74617761
vn 0.69792593 0.70832479 -0.1057138
vn 0.82622021 0.46876249 -0.31244498
vn -0.079319 -0.99123108 -0.10568548
vn -0.33162543 -0.89019859 -0.31236368
vn -0.50454789 0.18717678 -0.84285009
vn -0.50327879 0.18717435 -0.84360904
vn -0.50327921 0.18717438 -0.8436088
vn -0.3281897 0.89131689 -0.31280309
vn -0.33110917 0.89019114 -0.31293207
vn -0.42758933 -0.15257062 -0.8910048
vn -0.35340607 -0.33273965 -0.87429315
vn -0.35340616 -0.33273917 -0.87429327
vn -0.16909324 -0.64682138 -0.74365962
vn -0.16908668 -0.64682633 -0.74365675
vn -0.18258624 -0.1182627 -0.97605133
vn -0.45154798 0.31324941 -0.83545154
vn 0.19914237 -0.80873674 -0.55343217
vn 0.198911 -0.8086037 -0.55370975
vn 0.28260145 -0.78177053 -0.55585188
vn 0.36210817 -0.75030839 -0.55309582
vn 0.28276345 -0.78221744 -0.55514026
vn 0.2344953 0.80169767 -0.5498116
vn 0.24310638 0.80439001 -0.54208487
vn 0.28536808 0.78443211 -0.55066448
vn 0.24685431 0.66262841 -0.70709729
vn 0.1991419 -0.80873775 -0.55343091
vn 0.28266603 -0.78194791 -0.55556941
vn 0.36206794 -0.75000393 -0.55353487
vn 0.2826657 -0.78194726 -0.55557054
vn -0.48440522 -0.45699313 -0.74599522
vn -0.52700329 -0.19837123 -0.82638758
vn -0.67943698 -0.19837247 -0.70640904
vn 0.66482246 0.038530197 -0.74600708
vn 0.52645266 -0.19367649 -0.82785088
vn 0.57941967 -0.23702374 -0.77980292
vn 0.29913706 0.6421206 -0.70583153
vn 0.50059569 0.16890508 -0.84904361
vn -0.46000445 0.46142182 -0.7586078
vn -0.5045473 0.18717676 -0.84285045
vn -0.21869217 0.6623857 -0.71653259
vn -0.46617547 0.22938001 -0.85443854
vn -0.11864021 -0.98894197 -0.088984944
vn 0.72676116 0.68111759 -0.088865221
vn 0.14987889 0.83844358 -0.52397388
vn 0.14987998 0.83844388 -0.52397317
vn 0.53673041 0.55414611 -0.63627237
vn 0.53672957 0.55414748 -0.63627189
vn 0.53897434 -0.39080516 -0.74617559
vn 0.36206815 -0.75000423 -0.55353439
vn 0.51771921 -0.69353372 -0.5009768
vn 0.04234631 -0.86541706 -0.49925956
vn 0.042344481 -0.86541641 -0.49926084
vn 0.64039832 -0.065849662 -0.76521486
vn 0.66489965 0.060235787 -0.74449992
vn 0.35290495 0.89916396 -0.25877079
vn 0.33510861 0.90592939 -0.25883228
vn -0.48440531 -0.45699313 -0.74599516
vn -0.54880619 -0.39854434 -0.73482931
vn -0.43724105 -0.68134397 -0.58701843
vn 0.77285516 0.24094021 -0.58706284
vn 0.66482174 0.038530696 -0.74600762
vn 0.67654312 -0.047356833 -0.73487872
vn -0.5519343 0.38303012 -0.74071348
vn 0.021225523 0.88274598 -0.46937087
vn -0.21869317 0.66238314 -0.71653461
vn 0.39469761 0.88382465 -0.25113308
vn 0.39469814 0.88382429 -0.25113347
vn 0.35290852 0.89916694 -0.25875551
vn 0.30418625 -0.93240827 -0.19515502
vn 0.33341643 -0.92234069 -0.19524634
vn 0.3616237 -0.91167021 -0.19515562
vn 0.30820259 0.93184257 -0.19152188
vn 0.33388537 0.93073314 -0.14918561
vn 0.33770368 0.92154205 -0.19161551
vn 0.33511019 0.90593374 -0.25881508
vn 0.30421954 -0.93243027 -0.19499803
vn 0.3042244 -0.93243033 -0.1949902
vn 0.33342746 -0.92237121 -0.19508332
vn 0.36161315 -0.91170686 -0.19500396
vn 0.33342645 -0.9223696 -0.19509257
vn 0.65631884 0.03360194 -0.75373501
vn 0.6563186 0.033603113 -0.75373518
vn 0.35290718 0.89916801 -0.25875366
vn 0.70550555 -0.70032489 -0.10865986
vn 0.8578158 -0.17893416 -0.48180348
vn 0.85248703 -0.19861782 -0.48354611
vn 0.73120475 -0.67772126 -0.07767535
vn 0.72146511 -0.68802595 -0.078156516
vn 0.85409206 0.17973228 -0.48808098
vn 0.82651198 0.47006968 -0.30969742
vn -0.33102328 -0.89135838 -0.30968341
vn -0.53880709 -0.68667066 -0.48802692
vn -0.53008318 0.69681281 -0.48318085
vn -0.54694998 0.68504125 -0.48121116
vn 0.29009956 0.9397738 -0.18074133
vn -0.10272805 0.98919654 -0.10458095
vn 0.72675985 0.68111867 -0.088867679
vn 8.5075335e-08 2.6183545e-07 -1
vn -9.50984e-08 2.8077247e-07 -1
vn 2.6918583e-08 2.5611371e-07 -1
vn -2.7520219e-08 2.6183545e-07 -1
vn -2.6918837e-08 2.5611371e-07 -1
vn -8.1357385e-08 2.5039199e-07 -1
vn 9.1433506e-08 2.871198e-07 -1
vn 1.9692003e-07 2.1870204e-07 -1
vn 6.9985329e-09 2.8041129e-07 -1
vn -1.7931423e-07 1.9914854e-07 -1
vn -3.1217915e-09 2.7759447e-07 -1
vn 4.4588013e-08 2.6367536e-07 -1
vn -3.478798e-08 2.59312e-07 -1
vn -2.1017888e-07 4.107651e-07 -1
vn 1.8193289e-07 4.1676893e-07 -1
vn 4.8610257e-08 2.2274378e-07 -1
vn -3.3553864e-08 2.2274378e-07 -1
vn 5.6397202e-08 2.1573238e-07 -1
vn -3.5954429e-08 2.2007768e-07 -1
vn 1.3926778e-07 1.7821272e-07 -1
vn 1.1198512e-07 1.9396437e-07 -1
vn 2.2492618e-07 2.8561956e-08 -1
vn -2.7786649e-07 4.8127856e-07 -1
vn -2.764445e-08 2.3151539e-07 -1
vn -4.0482022e-09 2.7238528e-07 -1
vn 4.5276437e-08 3.8317023e-07 -1
vn 1.1198574e-07 1.0654715e-06 -1
vn -1.8119626e-07 -3.1384084e-07 -1
vn -0.11863881 -0.98894191 -0.088986948
vn 0.44016913 0.86702341 -0.23349854
vn 0.44016793 0.86702418 -0.23349786
vn 0.65927643 0.50923979 -0.55319929
vn 0.65927738 0.5092383 -0.55319947
vn 0.5005973 0.16890596 -0.84904248
vn 0.71496713 0.053495955 -0.69710845
vn -0.52700335 -0.19837125 -0.82638752
vn 0.52645177 -0.19367599 -0.82785153
vn -0.50454706 0.18717672 -0.84285057
vn -0.58698076 -0.41717482 -0.69384348
vn 0.51771915 -0.69353336 -0.50097746
vn 0.36161235 -0.91170657 -0.19500674
vn 0.41647762 -0.89184344 -0.17652667
vn 0.24898031 -0.95239973 -0.17590778
vn 0.2489759 -0.95240021 -0.17591158
vn 0.7149666 0.053496715 -0.69710898
vn 0.73965889 -0.31825957 -0.59297186
vn -0.58698076 -0.41717562 -0.69384301
vn -0.5869807 -0.41717577 -0.69384295
vn -0.3677665 -0.7186417 -0.5901711
vn -0.36776939 -0.71863979 -0.59017164
vn 0.26232663 0.95297921 -0.15170801
vn 0.26233792 0.95297539 -0.15171279
vn 0.24205013 0.95562112 -0.16792855
vn 0.021225646 0.88274616 -0.46937054
vn -0.11223144 0.99172491 -0.06233627
vn -0.11863896 -0.98894203 -0.088985577
vn 0.73965883 -0.31825939 -0.59297198
vn 0.65245742 -0.64482695 -0.39811751
vn 0.74270052 0.092887819 -0.66314989
vn 0.7427178 0.092899591 -0.66312891
vn 0.82183278 0.0077916919 -0.56967551
vn 0.83303964 0.19130149 -0.51908451
vn 0.74270487 0.092889883 -0.66314477
vn 0.33995539 -0.94044155 -3.5628005e-07
vn 0.33995956 -0.94044006 -1.0953507e-07
vn 0.33995995 -0.94043994 -4.3206483e-14
vn 0.33995903 -0.94044024 -9.7686836e-07
vn 0.33995882 -0.9404403 -2.5024383e-07
vn 0.33995882 -0.9404403 -2.5024386e-07
vn 0.33996335 -0.94043869 -2.5024343e-07
vn 0.33995789 -0.94044065 1.0140756e-06
vn 0.33995908 -0.94044024 -2.502438e-07
vn 0.34408283 0.93893927 -2.9611149e-06
vn 0.34407946 0.93894053 6.3487289e-07
vn 0.34407929 0.93894058 1.3537734e-06
vn 0.34406832 0.93894464 -5.4230539e-05
vn -0.09104114 -0.91363382 -0.39621302
vn -0.09103822 -0.91363454 -0.39621201
vn 0.86158532 0.18949394 -0.47091699
vn 0.63391733 -0.021686807 -0.77309668
vn 0.78285515 -0.12855196 -0.60877925
vn -0.4994615 -0.39075387 -0.77320737
vn -0.68245131 -0.40466666 -0.60869128
vn -0.53826857 -0.69898915 -0.47083029
vn -0.67556936 0.4236432 -0.60343391
vn -0.73056245 0.4229826 -0.53606367
vn -0.73056531 0.42298263 -0.53605974
vn -0.48423898 0.23671889 -0.84230447
vn 0.8690303 -0.43945515 -0.22730052
vn 0.8698265 -0.43796918 -0.2271231
vn -0.37867954 0.72543496 -0.57475728
vn -0.58417696 0.4574452 -0.67043358
vn 0.34408072 0.93894005 -1.6854689e-06
vn 0.3440769 0.93894148 2.3587102e-06
vn 0.48514399 0.85054201 -0.20301147
vn 0.48514324 0.85054243 -0.20301124
vn 0.72487682 0.6844753 -0.07776323
vn 0.87192428 0.43408275 -0.22653955
vn -0.11505189 -0.9903236 -0.077603012
vn -0.38894024 -0.89298105 -0.22651792
vn -0.11554465 0.9900561 -0.080239683
vn -0.38627192 0.89395612 -0.22723655
vn -0.38793448 0.8932879 -0.22703205
vn 0.66595358 0.23203114 -0.7089904
vn -0.76805931 0.27955729 -0.57613593
vn 0.41647747 -0.89184499 -0.17651919
vn 0.33996737 -0.94043726 -1.2554605e-05
vn 0.33995679 -0.94044107 3.1066565e-06
vn 0.33996096 -0.94043952 -1.3840557e-06
vn 0.33996022 -0.94043982 -6.4889512e-08
vn 0.66461188 0.2315461 -0.71040654
vn 0.66585851 0.23221771 -0.70901859
vn 0.52645594 -0.19367753 -0.82784849
vn 0.73252088 -0.26801643 -0.62576383
vn 0.79627043 -0.017683642 -0.60468233
vn 0.79627055 -0.01768424 -0.60468215
vn -0.79271394 0.28859451 -0.53695232
vn -0.79633707 0.27852017 -0.53691131
vn 0.66584355 0.23220976 -0.70903522
vn -0.52698362 -0.19836408 -0.82640183
vn -0.76735395 0.28316724 -0.57531226
vn 0.34408018 0.93894029 -1.2256843e-06
vn 0.34407276 0.93894297 6.7003621e-06
vn 0.88347983 -0.044857539 -0.46631658
vn 0.7807743 -0.30022231 -0.54795808
vn -0.70569915 -0.53331786 -0.46643415
vn -0.6621691 -0.24812515 -0.70708275
vn -0.79092216 -0.27261025 -0.54783738
vn 0.71496671 0.053497571 -0.69710875
vn -0.69307178 0.51973325 -0.49952862
vn -0.79265201 0.28876442 -0.53695244
vn -0.76631242 0.28840381 -0.57409799
vn 0.99800444 0.0016190587 0.06312333
vn 0.99785399 -0.017428124 0.06311626
vn 0.99295253 0.012633303 0.11783738
vn -0.081967711 0.92344689 -0.37486947
vn -0.37867901 0.72543639 -0.57475579
vn -0.13388702 0.98834461 -0.072450995
vn 0.78304929 0.29476294 -0.54767567
vn 0.34409076 0.93893641 1.4984423e-05
vn 0.34408036 0.93894023 -7.2559436e-07
vn 0.34408128 0.93893987 -1.7834619e-06
vn 0.34407946 0.93894053 4.3722818e-07
vn 0.65245718 -0.64482826 -0.39811575
vn 0.46395114 -0.87468368 -0.1402775
vn 0.93379301 -0.0019107185 0.35780856
vn 0.93378276 -0.0048974925 0.35780695
vn 0.20197472 -0.96939003 -0.13960363
vn 0.20198333 -0.96938878 -0.13959992
vn 0.76199514 0.4715955 -0.44380295
vn 0.76199293 0.47159892 -0.44380316
vn 0.9805783 0.0063530337 0.19602506
vn 0.98124367 -0.010403276 0.19249062
vn 0.98124355 -0.010405542 0.19249107
vn 0.981646 0.0029641851 0.190689
vn 0.9820956 -0.0094967335 0.18814372
vn -0.14481173 -0.98775959 -0.057970349
vn 0.98279297 0.0094241258 0.18447
vn 0.98121923 0.0050119334 0.19283061
vn 0.74604642 0.66339558 -0.057628557
vn 0.92558795 -0.14132233 -0.35116231
vn 0.92185795 -0.15642567 -0.35455459
vn 0.92355043 0.14022672 -0.35691893
vn 0.87183565 0.4349905 -0.22513512
vn -0.38828778 -0.89362049 -0.22511114
vn -0.61736256 -0.70107567 -0.35687023
vn -0.60967618 0.7090956 -0.3542293
vn -0.62229347 0.69984776 -0.35066214
vn 0.93344688 -0.027210215 0.35768211
vn 0.93354976 0.023418039 0.35768208
vn 0.34408221 0.93893951 -1.3738534e-06
vn 0.21363316 0.97063369 -0.11059445
vn 0.22189404 0.9678539 -0.11841376
vn -0.081969008 0.92344528 -0.37487319
vn 0.66258091 -0.030815275 0.74835616
vn 0.83091617 0.026334826 0.55577403
vn 0.66146135 0.068282507 0.74686432
vn 0.98246539 -0.011120797 0.18611321
vn 0.83489066 0.10526082 0.54025716
vn 0.83589894 -0.10795678 0.53816199
vn 0.83422816 -0.10928272 0.54048187
vn 0.83188671 -0.047980607 0.55286741
vn 0.52283782 0.83672863 -0.16286725
vn 0.52283704 0.83672917 -0.16286722
vn 0.6611827 -0.070985928 0.74685907
vn 0.66146648 0.068281941 0.74685991
vn 0.46395326 -0.87468153 -0.14028379
vn -0.79164195 0.2769855 -0.54459351
vn -0.80204719 0.26203066 -0.53671247
vn -0.50648355 0.76755303 -0.39285716
vn -0.31463623 0.86733878 -0.3856521
vn 0.33995879 -0.94044036 -8.2913533e-07
vn 0.88510007 0.13481033 -0.44544816
vn 0.88081598 0.051752429 -0.47062179
vn 0.98256028 -0.013144695 0.18547919
vn 0.92699748 0.14950402 -0.34398279
vn 0.90488672 -0.063861884 -0.42083454
vn -0.73437119 -0.53252023 -0.4208577
vn -0.61404109 -0.71039408 -0.34393871
vn 0.83850753 0.29750755 -0.45650238
vn 0.78304905 0.29476288 -0.54767603
vn 0.88656396 0.11552783 -0.44794825
vn -0.77776957 0.43826139 -0.45055681
vn -0.69307077 0.51973325 -0.49953002
vn 0.23917665 -0.043046117 0.97002143
vn 0.23854448 0.096680254 0.9663071
vn 0.55352896 0.062206898 0.83050346
vn -0.84107298 -0.29412097 -0.4539704
vn -0.75668323 -0.47852218 -0.44547394
vn 0.55378145 -0.076950796 0.8290987
vn 0.23909295 -0.048422981 0.96978855
vn 0.070093095 -0.10373741 0.99213177
vn 0.23705785 0.14961641 0.95990545
vn 0.47792652 0.08135958 0.87462384
vn 0.83663017 0.10487248 0.53763527
vn 0.56045651 0.20420946 0.8026126
vn 0.55911702 -0.20614378 0.80305225
vn 0.55659646 -0.20728175 0.80450892
vn 0.88656515 0.11552444 -0.44794676
vn 0.88562292 -0.26549482 -0.38103095
vn -0.75668418 -0.47851962 -0.44547507
vn -0.51211172 -0.77082175 -0.37891346
vn -0.51211268 -0.77082115 -0.3789134
vn 0.98279268 0.0094272587 0.18447131
vn 0.27347177 0.14651652 0.95065564
vn 0.050449453 -0.051980417 0.99737298
vn 0.98256636 -0.013077406 0.18545172
vn 0.98255992 -0.013140462 0.18548149
vn -0.16742787 0.95168447 -0.25741902
vn 0.98287046 0.0089728842 0.1840793
vn -0.13388869 0.98834467 -0.072447173
vn 0.7460469 0.66339517 -0.057627127
vn -0.14481278 -0.98775959 -0.057967961
vn 0.74130434 -0.66973293 -0.043882035
vn -0.028786175 -0.20127335 0.97911203
vn 0.31528378 -0.17523853 0.93267763
vn 0.98325926 0.0076391078 0.18205191
vn 0.98488867 0.015331488 0.17250885
vn 0.22680427 0.96881199 -0.099815324
vn 0.3440806 0.93894011 -9.0781532e-07
vn 0.34407502 0.93894213 5.731803e-06
vn 0.48424318 0.12340403 0.86618704
vn 0.48676294 0.2218163 0.84490198
vn 0.55787319 0.20439349 0.80436361
vn 0.31528288 -0.1752328 0.93267906
vn 0.31528309 -0.17523791 0.93267798
vn 0.051218498 -0.2871449 0.95651686
vn 0.88562292 -0.26549453 -0.38103113
vn 0.75045598 -0.60940278 -0.25582054
vn -0.082427382 0.16706623 0.98249406
vn -0.082427405 0.16706544 0.98249418
vn -0.081651464 0.00016598971 0.99666095
vn -0.078969516 0.37357533 0.92423224
vn 0.18838637 0.44884649 0.87352586
vn 0.18838447 0.44884536 0.87352681
vn 0.99999791 -0.0020329012 -1.8334694e-07
vn 0.99999791 -0.0020322669 -8.1297424e-07
vn 0.99999791 -0.0020323212 -8.0591212e-07
vn -0.02878614 -0.20125577 0.97911566
vn -0.028785732 -0.20127292 0.97911215
vn 0.093983956 -0.37471136 0.92236567
vn 0.091684304 -0.37318963 0.92321366
vn 0.99999791 -0.0020319144 -2.0025318e-07
vn 0.99999791 -0.0020321568 -8.6257501e-08
vn -0.18794399 -0.9486649 -0.25438541
vn -0.18794616 -0.94866443 -0.25438556
vn -0.76631171 0.28840363 -0.574099
vn 0.86424512 -0.11034932 -0.4908191
vn 0.78077358 -0.30022201 -0.54795927
vn -0.73310232 -0.47064072 -0.49097687
vn -0.78721476 -0.29089051 -0.54376066
vn 0.8424421 -0.30847874 -0.44173765
vn 0.90254498 -0.056627177 -0.42685583
vn 0.90254515 -0.056628738 -0.42685521
vn 0.98493207 -0.017097091 0.17209443
vn 0.84306848 0.1760982 0.50815839
vn 0.84451324 -0.17773819 0.50517964
vn 0.84214324 -0.18043114 0.50817257
vn 0.34406883 0.93894446 7.6928391e-06
vn -0.20346521 0.16923183 0.96434563
vn 0.22680892 0.96881026 -0.099821575
vn 0.16102524 0.98195744 -0.099148765
vn -0.16742451 0.95168591 -0.25741595
vn 0.83999354 0.44301412 -0.31328797
vn 0.83999491 0.44301197 -0.31328741
vn 0.74532741 -0.66478729 -0.050446451
vn 0.89921653 -0.41523889 -0.13779089
vn 0.89955658 -0.41457129 -0.1375813
vn 0.74223453 0.66847199 -0.047255896
vn 0.90144563 0.41059712 -0.1371343
vn -0.13853911 -0.98923421 -0.047143895
vn -0.42663765 -0.89396667 -0.13712727
vn -0.13360967 0.98992097 -0.046956863
vn -0.42462024 0.89483148 -0.137747
vn -0.42539269 0.89450181 -0.13750507
vn 0.31854349 -0.33817607 0.88553202
vn -0.15186846 0.98758644 -0.040112305
vn 0.75045699 -0.60940063 -0.25582254
vn 0.49848565 -0.86219853 -0.090142697
vn 0.16783629 -0.98173177 -0.089631051
vn 0.16783024 -0.98173273 -0.089631632
vn 0.40863523 0.39490679 0.82284015
vn 0.84557748 0.17470956 0.50445545
vn 0.5698514 0.33622232 0.74981594
vn 0.56795365 -0.33805832 0.75043005
vn 0.56428301 -0.34027264 0.75219625
vn 0.55146325 0.82623869 -0.11496891
vn 0.55146337 0.82623863 -0.11496889
vn 0.40863541 0.39490914 0.8228389
vn 0.41567218 0.39128622 0.82104307
vn 0.5660463 0.33710968 0.75229555
vn 0.31854346 -0.33817574 0.8855322
vn 0.057893284 -0.46583644 0.88297498
vn 0.98473597 -0.012059068 0.17363651
vn -0.80204648 0.26203039 -0.53671366
vn -0.53268611 0.78208309 -0.32340616
vn -0.7716713 0.5111025 -0.37854668
vn 0.9699766 -0.11722007 -0.21308421
vn 0.96800625 -0.12656122 -0.21667066
vn -0.79159218 0.29165462 -0.53695381
vn -0.90664458 0.35396886 -0.22956833
vn 0.089006416 -0.37528959 0.92262429
vn 0.96940261 0.11438736 -0.21719611
vn 0.9013027 0.41110018 -0.13656522
vn -0.42619833 -0.89426458 -0.13654965
vn -0.66908485 -0.7107501 -0.21716291
vn 0.3440797 0.93894047 -1.9557129e-07
vn -0.66380072 0.71590567 -0.21644333
vn -0.67132413 0.7099725 -0.21275105
vn 0.49848202 -0.86220115 -0.090137802
vn 0.33994877 -0.94044393 -4.2890829e-06
vn 0.98566997 0.0090485606 0.1684425
vn 0.98473531 -0.012064128 0.17363985
vn -0.84744722 0.48814684 -0.2086764
vn 0.94545907 0.17359059 -0.27563277
vn 0.95867014 0.22207662 -0.17785819
vn 0.943811 -0.18331681 -0.27498317
vn 0.95580107 -0.23703519 -0.17395023
vn 0.97020942 0.12138238 -0.20966636
vn 0.86425227 -0.11035376 -0.49080557
vn -0.84222066 -0.4634437 -0.27547097
vn -0.884287 -0.43328556 -0.17406934
vn -0.73310167 -0.47064063 -0.49097797
vn -0.66520691 -0.71662629 -0.20963424
vn -0.81987345 0.50614864 -0.2676211
vn -0.84744805 0.48814666 -0.20867342
vn -0.036835704 -0.55737704 0.82944196
vn 0.32236955 -0.49347639 0.8078112
vn -0.14964449 -0.98807865 -0.036153227
vn 0.98818791 -0.022955129 0.151518
vn 0.85474497 0.24488436 0.45764908
vn 0.98810989 0.017982891 0.15269384
vn 0.85622025 -0.24547912 0.45456237
vn 0.85356897 -0.2493671 0.45742333
vn 0.75630367 0.65368891 -0.026373282
vn -0.91564649 0.32759389 -0.23296726
vn -0.78721422 -0.29089034 -0.54376155
vn 0.78879291 -0.2855432 -0.54430765
vn 0.92316437 0.33361885 -0.19096065
vn -0.92376423 -0.33502379 -0.18552279
vn 0.92168826 -0.34060156 -0.18569157
vn 0.20180985 0.97859073 -0.040409867
vn 0.34408185 0.93893963 -3.0766851e-06
vn 0.85758591 0.24238187 0.45364898
vn 0.58226848 0.4605256 0.66998476
vn 0.57983857 -0.46239975 0.67080081
vn 0.57558221 -0.46548736 0.67232931
vn 0.98314142 0.089185186 -0.1596214
vn 0.92071795 0.33992863 -0.19164288
vn 0.83684492 0.30214044 -0.45651037
vn 0.88656318 0.11552162 -0.44795141
vn -0.81667495 -0.55564398 -0.15589035
vn -0.92593753 -0.32859507 -0.18618536
vn -0.83751297 -0.30408132 -0.45398962
vn -0.75668466 -0.47851947 -0.44547436
vn 0.90437585 -0.34146875 -0.25593626
vn 0.92168933 -0.34060198 -0.18568541
vn 0.96569341 -0.079262115 -0.24729294
vn 0.9656933 -0.079261079 -0.24729356
vn -0.92368418 0.3305456 -0.19377078
vn -0.86640918 0.4609412 -0.19201124
vn 0.98277271 -0.099503219 -0.1557464
vn -0.80529678 0.55999398 -0.19468914
vn -0.91330522 0.33468536 -0.23207597
vn -0.923684 0.33054557 -0.19377179
vn -0.07923957 0.48094147 0.87316459
vn -0.079239205 0.48094496 0.87316269
vn -0.062711962 0.69335771 0.71785957
vn 0.13524289 0.71793801 0.68284285
vn 0.13524315 0.71793807 0.68284273
vn 0.99999791 -0.0020330513 6.711017e-07
vn 0.99999791 -0.0020319719 2.2404272e-07
vn -0.0368357 -0.55737412 0.82944393
vn -0.036835354 -0.55737734 0.82944179
vn 0.1227335 -0.68722439 0.71600223
vn 0.12899952 -0.68899077 0.71319765
vn 0.99999791 -0.0020331163 -2.1063602e-07
vn 0.99999791 -0.0020321452 -2.9580133e-07
vn 0.88591224 0.42693487 -0.18134516
vn 0.88591242 0.42693466 -0.18134505
vn 0.4162977 0.39252558 0.82013404
vn 0.41629738 0.3925232 0.82013535
vn 0.080606066 0.62488568 0.77654397
vn 0.57784498 0.46219659 0.6726585
vn 0.066509686 -0.62678444 0.77634895
vn 0.32236674 -0.49347657 0.80781221
vn 0.32236585 -0.49346977 0.80781668
vn 0.92732114 0.33957648 -0.15736376
vn 0.97683507 0.14815374 -0.15441401
vn -0.9300589 -0.33244368 -0.15643401
vn -0.84590191 -0.51077151 -0.15350075
vn -0.84590238 -0.51077068 -0.1535005
vn -0.15175723 -0.98797017 -0.029744318
vn 0.97683495 0.1481543 -0.15441422
vn 0.97681832 0.14825997 -0.15441805
vn 0.96240765 -0.23773782 -0.13134786
vn -0.87287599 0.46236661 -0.15589935
vn -0.80237633 0.56665957 -0.18732099
vn -0.58793306 -0.79830402 -0.13055789
vn -0.58800203 -0.79825217 -0.13056464
vn -0.58799881 -0.79825437 -0.13056554
vn -0.80861509 0.57047421 -0.14387774
vn -0.41052818 0.8961429 -0.16850664
vn -0.58411771 0.79868931 -0.14457493
vn -0.80861586 0.57047313 -0.1438778
vn 0.56806785 0.82029122 -0.066492185
vn 0.56806654 0.82029206 -0.066492967
vn 0.74609864 -0.6642409 -0.04605262
vn -0.15175107 -0.98797023 -0.029773567
vn 0.75630367 0.65368897 -0.026373425
vn -0.1518683 0.98758644 -0.040113088
vn 0.96234804 -0.23799147 -0.13132499
vn 0.96240813 -0.23773536 -0.13134891
vn 0.80200988 -0.590765 -0.088186219
vn -0.23888782 -0.96708274 -0.087655768
vn -0.23889317 -0.96708137 -0.087656632
vn -0.23889403 -0.96708119 -0.087656446
vn 0.78413326 -0.62026811 -0.020061335
vn 0.74623024 -0.66415709 -0.045119591
vn -0.41690835 0.90446717 -0.090147592
vn -0.41691747 0.90446281 -0.090148851
vn -0.41694379 0.90445077 -0.090147883
vn -0.21079461 0.97060877 -0.11612167
vn 0.98786479 -0.0067724241 0.15516856
vn -0.1519217 -0.98807287 -0.025135048
vn 0.80223817 -0.59044731 -0.088237882
vn 0.80200899 -0.59076643 -0.088185377
vn 0.51664633 -0.85563493 -0.031072736
vn 0.78326517 -0.61959124 -0.051013362
vn 0.91631329 -0.39960754 -0.026148802
vn -0.022888919 -0.99810302 -0.05715299
vn 0.15214291 -0.98762089 -0.038177542
vn 0.76885605 0.637595 -0.048301447
vn 0.78597778 0.61614305 -0.051055849
vn 0.96674556 0.25553355 -0.010278024
vn 0.91003472 0.40498453 -0.088455081
vn -0.15006161 -0.98852968 -0.017047515
vn -0.17648625 -0.98309588 -0.048734546
vn -0.43671426 -0.89519429 -0.088926226
vn -0.57931226 -0.81505686 -0.0089230379
vn -0.20722494 -0.97691655 -0.051883563
vn -0.15328722 0.98708975 -0.046442211
vn -0.2029413 0.97783351 -0.051541064
vn -0.44767669 0.89382482 -0.025744291
vn 0.5146572 0.58543253 0.62641579
vn 0.089624718 0.99587965 -0.013823414
vn 0.1907157 0.98163986 -0.0032694286
vn 0.089633271 0.99587893 -0.01382194
vn 0.9891299 0.0056903167 0.14693406
vn 0.32609558 -0.63543034 0.69992143
vn 0.98682564 -0.11308265 -0.11570417
vn 0.960446 -0.2583788 -0.10384524
vn 0.51664788 -0.85563391 -0.031073797
vn 0.99389201 0.099262834 -0.048224356
vn 0.9615795 0.25416926 -0.10374416
vn -0.57615566 -0.81062245 -0.10457478
vn -0.69748348 -0.71494162 -0.048736785
vn -0.5725897 0.81313723 -0.1046368
vn -0.68656307 0.71768272 -0.11645908
vn 0.17250466 -0.98462963 -0.027324537
vn 0.9891293 0.0056944019 0.14693812
vn 0.091675177 0.99331313 -0.070176005
vn 0.3440792 0.93894064 6.8682175e-07
vn 0.98786509 -0.006770751 0.15516691
vn -0.18978623 0.98153323 -0.023951828
vn 0.96566153 -0.25978312 0.003246828
vn 0.981803 0.14201006 -0.12607935
vn 0.98180223 0.14201504 -0.12607966
vn 0.98314124 0.089185022 -0.15962262
vn 0.98696989 -0.10384612 -0.12290832
vn 0.98121017 -0.14632331 -0.12576218
vn -0.82300019 -0.55496317 -0.12118804
vn -0.84713465 -0.51665992 -0.124199
vn -0.8601433 0.49387401 -0.12744382
vn -0.80529636 0.55999398 -0.19469079
vn -0.57574719 0.81761444 0.0046705357
vn -0.84471792 0.5202772 -0.12555203
vn 0.92313105 0.33370194 -0.19097663
vn 0.97597289 -0.14554122 -0.16215648
vn 0.91877919 -0.34796581 -0.18645255
vn -0.84237695 -0.51375526 -0.16265482
vn -0.92409641 -0.33405083 -0.18562308
vn 0.99172795 -0.028300941 0.12519863
vn 0.86865431 0.30889523 0.38732857
vn 0.99163747 0.021827538 0.12719555
vn 0.86976892 -0.3089481 0.38477674
vn 0.86723918 -0.31340718 0.38687479
vn -0.94536215 0.32535279 -0.020880133
vn -0.9115876 0.33977941 -0.23142602
vn 0.93557411 -0.34284607 -0.084602818
vn 0.98406309 -0.1572362 -0.083045796
vn 0.98880798 -0.086948827 -0.12123809
vn 0.97230023 0.2296098 -0.043721382
vn 0.97230303 0.22959784 -0.043721955
vn 0.89859802 0.42378327 -0.11370729
vn 0.87138987 0.30560076 0.38378105
vn 0.596349 0.57267272 0.56250674
vn 0.59343493 -0.57478541 0.56343293
vn 0.5892148 -0.57820207 0.56436533
vn 0.80967993 0.58658022 -0.018496938
vn 0.80967963 0.58658057 -0.018496906
vn 0.56824046 0.82025152 -0.065499857
vn -0.19936475 0.97982502 -0.014020486
vn 0.29851988 0.71402949 0.63328332
vn 0.5146572 0.58543241 0.62641591
vn 0.59193087 0.57489508 0.56490135
vn 0.32609549 -0.63542974 0.69992197
vn -0.15469411 -0.82638693 0.54143733
vn 0.27721265 -0.72092807 0.63515025
vn 0.13751787 -0.68452036 0.71590549
vn 0.52157968 0.85303992 -0.016658604
vn -0.20749781 -0.97820479 -0.007752548
vn 0.78698415 0.61693519 -0.0068494552
vn -0.20232479 0.97929507 -0.0067701549
vn 0.99170023 0.0020797362 0.12855487
vn -0.85261256 0.52176851 -0.028451331
vn -0.93838841 0.34416035 -0.031318769
vn -0.85481805 0.5185231 -0.020491131
vn -0.80800438 0.57010633 -0.14868659
vn -0.8080042 0.57010657 -0.14868659
vn -0.80390495 0.56760859 -0.17764358
vn -0.84192514 0.5107069 -0.17418513
vn -0.5889501 0.80294496 0.091744922
vn -0.41964343 0.90678978 -0.040393572
vn -0.41961339 0.90680373 -0.040393852
vn -0.40360495 0.88558859 -0.22986069
vn -0.57479632 0.78366894 -0.23552544
vn -0.00088185596 -0.4338828 -0.90096891
vn -0.00088185823 -0.43388283 -0.90096885
vn 0.000881858 0.4338828 -0.90096891
vn 0.99999791 -0.0020335289 2.1212625e-06
vn 0.99999791 -0.0020322669 1.3295413e-06
vn 0.99999791 -0.0020344534 -4.2129763e-08
vn 0.99999791 -0.0020319354 -5.4600889e-07
vn -0.23322111 0.97219408 -0.021131344
vn -0.42009795 0.90699655 -0.02958052
vn 0.072742134 0.95037562 0.30248106
vn 0.095032938 0.97767162 -0.18742187
vn -0.22710618 0.94677168 -0.2281362
vn 0.094195351 0.98360831 -0.15375945
vn 0.15479951 0.97620642 -0.15184906
vn -0.056503087 -0.82863563 0.55692947
vn -0.20321256 0.9791317 -0.0024105394
vn 0.34409335 0.93893546 -2.1304086e-05
vn 0.15661061 0.98765248 -0.0039579738
vn -0.85142761 0.52441186 -0.0079498952
vn -0.93888921 0.34406087 -0.010448006
vn 0.99290055 -0.0012292614 0.11894122
vn -0.94044024 -0.33995903 -1.5830564e-07
vn -0.85604727 -0.5168975 0.00020386945
vn -0.85335129 -0.52133632 -2.4276605e-07
vn -0.59300882 -0.80519593 -0.00024677688
vn -0.85335332 -0.52133292 0.00025301546
vn -0.59307885 -0.80514431 0.00030046742
vn -0.57747769 -0.81640643 -0.00024673593
vn -0.23981085 -0.97081941 -0.00063696702
vn -0.57747298 -0.81640953 0.00066727621
vn -0.23981714 -0.9708181 -2.1890375e-05
vn -0.20379144 -0.9790141 -0.00063653523
vn -0.022926396 -0.99973714 2.9137747e-15
vn -0.20376618 -0.97901905 0.0010382521
vn 0.17259194 -0.9849934 -2.1935206e-14
vn 0.1725691 -0.98499739 1.1505956e-07
vn 0.17256613 -0.98499793 -2.1931926e-14
vn 0.5168975 -0.85604733 -3.9862815e-07
vn 0.33995843 -0.94044048 -4.3792673e-07
vn 0.80537963 -0.59275937 -2.7602519e-07
vn 0.80514747 -0.59307468 -2.7617202e-07
vn 0.80514574 -0.593077 -1.3808659e-07
vn 0.9707554 -0.24007064 -5.5895921e-08
vn 0.970819 -0.23981337 -5.5836022e-08
vn 0.970819 -0.23981337 -5.5836029e-08
vn -0.081088759 -0.9967069 -4.6501273e-07
vn -0.20750326 -0.97823435 -4.5779043e-07
vn -0.20750403 -0.97823417 -3.9845102e-07
vn -0.20750645 -0.97823364 -4.0182604e-07
vn -0.20750441 -0.97823405 -4.5552565e-07
vn -0.57933062 -0.81509262 -3.7955695e-07
vn -0.57933533 -0.81508929 -9.6379807e-08
vn -0.57933402 -0.81509024 -9.4871822e-08
vn -0.57933211 -0.81509161 -2.1506942e-07
vn -0.85374546 -0.52069056 -1.5850351e-07
vn -0.85374492 -0.52069145 -1.8315498e-07
vn -0.85374582 -0.52068996 -1.8393227e-07
vn -0.85374624 -0.52068931 -1.2123232e-07
vn -0.9404403 -0.33995891 -7.9152741e-08
vn 0.94044024 0.339959 7.9152741e-08
vn 0.94044024 0.339959 7.9152748e-08
vn 0.98869318 0.14995281 3.4913477e-08
vn 0.98867691 0.15005983 6.987694e-08
vn 0.98869324 0.14995208 6.9826761e-08
vn 0.98867089 0.15009968 3.4947682e-08
vn 0.98969996 0.14315723 3.3331265e-08
vn 0.98969996 0.14315723 3.3331261e-08
vn 0.96566659 -0.25978449 -6.0485917e-08
vn 0.98970068 0.1431524 3.3330142e-08
vn 0.96566695 -0.25978333 -6.0485647e-08
vn 0.78428638 -0.620399 -1.4444801e-07
vn 0.78429109 -0.62039298 -2.8889312e-07
vn 0.78428996 -0.62039447 -1.4444696e-07
vn 0.7870025 0.6169498 2.8728948e-07
vn 0.78700262 0.61694962 3.0034286e-07
vn 0.96679634 0.25554821 5.9499325e-08
vn 0.98906231 -0.14749825 -3.4342239e-08
vn 0.98906291 -0.14749436 -1.3700208e-07
vn 0.98906326 -0.14749192 -1.3935694e-07
vn 0.98906308 -0.14749329 -3.4341081e-08
vn 0.96679664 0.25554705 1.8229214e-07
vn 0.96679693 0.25554585 1.8232787e-07
vn 0.93894047 -0.34407967 -8.0112407e-08
vn 0.78700417 0.61694765 1.4364421e-07
vn 0.96679598 0.2555494 5.9499609e-08
vn 0.78700787 0.616943 2.9277732e-07
vn -0.20321314 0.9791345 2.2219685e-07
vn -0.20321138 0.97913492 2.9406613e-07
vn -0.20321225 0.97913474 2.9245851e-07
vn -0.57575029 0.81762558 1.9455747e-07
vn -0.20321372 0.97913438 2.2945106e-07
vn -0.57575351 0.81762332 1.0373178e-07
vn -0.57575166 0.81762463 1.0783254e-07
vn 0.80981845 0.58668053 0.00017155538
vn 0.80646479 0.59128213 0.00017155868
vn 0.5216521 0.8531583 -0.00017024258
vn 0.80981815 0.58668095 -0.00011408901
vn 0.80634773 0.59144175 7.7792349e-05
vn 0.9732309 0.22982956 0.00011497433
vn 0.97239828 0.23332722 0.00011497574
vn 0.93894047 -0.34407967 -8.01124e-08
vn 0.98765898 -0.15661968 -3.646598e-08
vn 0.98747408 -0.15778123 5.6308734e-05
vn 0.9732337 0.2298176 -5.7384386e-05
vn 0.9724136 0.23326336 2.1272117e-06
vn 0.98771065 -0.15629353 5.6309083e-05
vn -0.85145545 0.524427 8.4931855e-08
vn -0.57575256 0.81762403 1.6523309e-07
vn -0.8514545 0.52442843 6.7016721e-08
vn -0.85145593 0.52442622 6.2134383e-08
vn -0.85145408 0.5244292 1.3449358e-07
vn -0.93894047 0.34407973 9.3775796e-08
vn -0.93894047 0.34407964 1.602247e-07
vn 0.51862812 0.8549999 3.9814029e-07
vn -0.85499763 0.51863194 2.4150694e-07
vn -0.85499555 0.51863533 0.00017063852
vn -0.85315818 0.52165222 0.00013927098
vn -0.59144449 0.8063457 -0.00017109321
vn -0.85323536 0.52152604 0.00017064114
vn -0.59143442 0.80635309 0.00011438076
vn -0.58668244 0.80981708 2.6163771e-06
vn -0.23327321 0.97241122 0.00010575222
vn -0.23325735 0.97241503 -0.00011440763
vn -0.58662057 0.80982643 -0.0075823851
vn 0.15661567 0.98765963 5.3120395e-05
vn -0.22983006 0.97323078 5.7420282e-05
vn 0.15661179 0.98765987 -0.00084460265
vn -0.016098365 0.99986893 -0.0017374804
vn -0.22890295 0.97344208 -0.0037433486
vn 0.17580827 0.98442441 4.686417e-07
vn 0.34407946 0.93894053 5.2026309e-07
vn 0.34408155 0.93893975 -1.9188367e-06
vn 0.34407976 0.93894041 1.0217848e-07
vn 0.3440778 0.93894112 2.8440829e-06
vn 0.34407967 0.93894047 4.5725622e-07
vn 0.99366945 -0.0057934825 0.11219405
vn 0.99457949 0.034549963 0.09807092
vn 0.99170011 0.0020790899 0.12855583
vn 0.99507278 -0.032913994 0.093524687
vn 0.88288164 0.36419168 0.296453
vn 0.88329011 -0.36447793 0.29488039
vn 0.8812232 -0.36859763 0.29594159
vn 0.048223838 0.9124667 0.40629917
vn 0.082518734 0.91214919 0.40146539
vn 0.082517505 0.91214919 0.40146574
vn -0.062730499 0.74031883 0.66932273
vn -0.062730856 0.74031782 0.6693238
vn 0.99999791 -0.0020319992 4.1234085e-07
vn 0.99999791 -0.0020323999 7.2688749e-07
vn -0.056503087 -0.82863587 0.55692911
vn -0.056502927 -0.82863623 0.55692852
vn 0.19780634 -0.89259899 0.40514153
vn 0.22277722 -0.89066261 0.39634636
vn 0.99999791 -0.0020322851 1.1292912e-07
vn 0.99999791 -0.002032937 -6.98831e-08
vn 0.3301667 -0.75739539 0.56333131
vn 0.26437244 0.68710959 0.67674786
vn 0.88509256 0.36083752 0.29395139
vn 0.61013222 0.66700971 0.42759413
vn 0.60685134 -0.66943258 0.42847574
vn 0.6032812 -0.67247456 0.42875367
vn 0.18430035 0.85730803 0.48068318
vn 0.26437357 0.68711489 0.67674202
vn 0.60643405 0.66926515 0.42932731
vn 0.32506898 -0.81746072 0.47548729
vn -0.11534541 -0.91616976 0.38383389
vn 0.33016714 -0.75739771 0.56332797
vn 0.55301166 0.74333501 0.37633914
vn -0.0015890538 -0.78182989 -0.62348974
vn -0.0015890532 -0.78182989 -0.62348974
vn 0.0015890534 0.78182989 -0.62348974
vn 0.99999791 -0.002032446 -2.6545774e-06
vn 0.99999791 -0.0020322145 -2.9511516e-06
vn 0.99999791 -0.0020314537 7.1029262e-08
vn 0.99999791 -0.0020323903 -1.0039496e-07
vn 0.99566621 0.0066849939 0.092758089
vn 0.99644959 -0.010285041 0.083560869
vn 0.99725771 -0.014954706 0.07248006
vn 0.9969961 0.043409504 0.064143263
vn 0.99566621 0.0066848048 0.092758544
vn 0.00052604143 0.25881878 0.96592575
vn 0.00052604318 0.25881878 0.96592575
vn -0.00052604312 -0.25881878 0.96592575
vn 0.99999791 -0.0020321838 2.8373997e-06
vn -0.00052604382 -0.25881878 0.96592575
vn 0.99720877 0.013891631 0.073359579
vn 0.99736458 -0.06292668 0.036112692
vn 0.89483035 0.40536904 0.18696144
vn 0.89435041 -0.40669894 0.18636888
vn 0.89298272 -0.4096016 0.18657
vn 0.89625376 0.40280539 0.18567987
vn 0.62119323 0.73627913 0.26835051
vn 0.61764336 -0.739016 0.26902047
vn 0.61522102 -0.74108607 0.2688764
vn 0.55927712 0.7809549 0.27806216
vn 0.61872739 0.73800606 0.26930192
vn 0.27126935 -0.91520798 0.29800546
vn -0.07822042 -0.9744451 0.21056667
vn 0.33329844 -0.8529827 0.40166244
vn 0.25736281 -0.87752295 0.40462062
vn 0.0049660355 0.91815031 0.3962011
vn 0.0014371763 0.70710492 0.70710719
vn 0.0014371695 0.70710486 0.70710725
vn 0.99999791 -0.0020321838 1.275611e-06
vn -0.0014371763 -0.70710498 0.70710713
vn 0.99999791 -0.0020341638 7.0420651e-07
vn 0.99999791 -0.002032564 -2.1946887e-07
vn 0.99999791 -0.002032602 -2.8533006e-07
vn 0.99999791 -0.0020321091 -7.2703023e-07
vn -0.0014371765 -0.70710498 0.70710713
vn -0.097466029 -0.973005 0.20919298
vn 0.99999791 -0.0020326676 -9.5602002e-07
vn -0.0019815168 -0.97492588 -0.22252104
vn -0.0019814984 -0.97492588 -0.22252116
vn 0.0019815171 0.97492588 -0.22252092
vn 0.99999791 -0.0020327633 1.1960858e-06
vn 0.0019814984 0.97492588 -0.22252104
vn 0.99999791 -0.0020322877 2.0144739e-07
vn 0.99999791 -0.0020315249 6.9489926e-07
vn 0.99897754 -0.018655354 0.041181039
vn -0.027232606 0.99261856 0.11818096
vn 0.33483189 0.93429923 0.12236226
vn 0.0019954205 0.99356985 0.11320338
vn -0.027233291 0.99261874 0.11817942
vn -0.027232604 0.99261892 0.11817835
vn 0.99999791 -0.0020325549 -1.1144771e-06
vn 0.15160516 -0.98209125 0.11185995
vn -0.097464524 -0.97300535 0.20919189
vn -0.097466029 -0.9730047 0.20919417
vn 0.99999791 -0.0020325545 -2.6561037e-07
vn 0.3348316 0.93429929 0.12236267
vn 0.33520129 -0.91601104 0.22037202
vn 0.99944007 -0.021898093 0.025298316
vn 0.99819207 0.052376635 0.029482683
vn 0.99842173 0.017894594 0.053233568
vn 0.99948639 0.019432573 0.025482023
vn 0.99799401 -0.063185185 0.0039437125
vn 0.90192139 0.42712563 0.06404303
vn 0.90046376 -0.4302032 0.063955165
vn 0.89997953 -0.43123212 0.063840933
vn 0.001963221 0.96592385 0.25881889
vn 0.0019632205 0.96592385 0.25881892
vn -0.0019632205 -0.96592385 0.25881907
vn 0.99999791 -0.0020315249 3.0443487e-06
vn 0.90241975 0.4261165 0.063744716
vn 0.62706351 0.7735514 0.091704056
vn 0.62336558 -0.7765103 0.091908507
vn 0.62249064 -0.7772308 0.091748148
vn 0.33535898 0.93667567 0.10086127
vn 0.62617165 0.77424264 0.091964386
vn 0.020754989 -0.99791449 0.061121803
vn 0.22117713 -0.96995687 0.10131291
vn 0.33520132 -0.9160111 0.22037186
vn 0.22459818 0.96667737 0.12284335
vn -0.0020272171 -0.9981488 0.060785752
vn 0.96444577 0.2642796 0.00083541463
vn 0.99970162 -0.023723779 -0.0058143171
vn 0.9644447 0.26428351 0.00083499082
vn 0.99939406 -0.023776261 -0.02542061
vn 0.99827862 0.058516372 -0.0039614853
vn 0.13270615 0.98565388 -0.10428561
vn 0.098212346 0.9908188 -0.092910692
vn 0.0020074034 0.99953645 -0.030379327
vn 0.99999791 -0.0020325549 -1.6931828e-07
vn -0.0019814984 -0.97492588 0.22252104
vn -0.0019815168 -0.97492588 0.22252116
vn 0.99999791 -0.0020309575 5.6565989e-07
vn 0.99999791 -0.0020323428 1.5460412e-07
vn 0.0019632205 0.96592385 -0.25881889
vn 0.001963221 0.96592385 -0.25881892
vn 0.99999791 -0.002032564 -2.7552764e-07
vn 0.99999791 -0.0020341629 7.0358226e-07
vn 0.99999791 -0.0020325817 -2.0934112e-07
vn -0.0019632205 -0.96592385 -0.25881907
vn 0.0019814987 0.97492588 0.22252092
vn 0.99999791 -0.0020325545 1.6936686e-07
vn 0.99999791 -0.0020325475 1.587852e-07
vn -0.0020306527 -0.99984044 -0.017749181
vn 0.076627284 -0.99153024 -0.10486214
vn 0.22621232 0.97357333 -0.031352028
vn 0.99999791 -0.0020315249 -1.478747e-06
vn 0.99999791 -0.002033236 -2.5858437e-06
vn 0.99999791 -0.0020315249 2.9160958e-09
vn 0.0019815171 0.97492588 0.22252104
vn 0.99999791 -0.0020320769 -8.2088633e-07
vn 0.9019416 0.42713004 -0.063728258
vn 0.90241551 0.42611098 -0.063840985
vn 0.6261878 0.77426505 -0.091665201
vn 0.11329515 0.98846912 -0.10046374
vn 0.62703985 0.77355659 -0.091821723
vn 0.99951774 0.018083515 -0.025244314
vn 0.99795824 -0.056678854 -0.029442672
vn 0.99979538 0.019377029 0.0058038584
vn 0.28611857 -0.95283777 -0.10117481
vn 0.11149537 -0.98477161 -0.13339268
vn 0.22231314 -0.97480333 -0.018312532
vn 0.62248087 -0.77721864 -0.091917008
vn 0.90047926 -0.43020946 -0.063693993
vn 0.62334931 -0.77655214 -0.091664389
vn 0.89999014 -0.43118879 -0.063984208
vn -0.031903207 -0.99107194 -0.12945478
vn 0.086704224 0.99190831 -0.092737414
vn 0.9689768 -0.24713413 0.0029386017
vn 0.46245888 0.84088236 -0.28115591
vn -0.21923494 0.94011968 -0.26098099
vn 0.97062516 0.24056962 0.0036158685
vn 0.99831069 -0.022838237 -0.053424388
vn 0.46245879 0.84088188 -0.28115746
vn -0.21923327 0.94012165 -0.26097512
vn 0.28526026 -0.94897169 -0.13445947
vn -0.031903457 -0.99107182 -0.12945564
vn 0.45959616 0.83986294 -0.28879333
vn 0.62114948 0.73610526 -0.26892817
vn 0.61874819 0.73817676 -0.26878569
vn 0.27610633 -0.91378266 -0.29793707
vn 0.1291732 -0.93740606 -0.32339483
vn 0.28526285 -0.94897193 -0.13445233
vn 0.61514235 -0.74094486 -0.26944506
vn 0.89487267 0.40551794 -0.18643513
vn 0.89622605 0.4026114 -0.18623355
vn 0.89442408 -0.40679058 -0.1858145
vn 0.61764473 -0.73921019 -0.26848319
vn 0.001437171 0.70710564 -0.70710647
vn 0.0014371776 0.70710558 -0.70710653
vn -0.001437178 -0.7071057 -0.70710641
vn 0.99999791 -0.0020327349 -7.8076522e-07
vn 0.99999791 -0.0020306783 2.7814315e-06
vn 0.99999791 -0.0020331435 1.7613659e-06
vn 0.99999791 -0.0020316653 2.0319198e-06
vn 0.99999791 -0.0020321091 -7.2638971e-07
vn -0.0014371778 -0.7071057 -0.70710641
vn 0.9972989 0.011284584 -0.072578169
vn 0.99681437 -0.047331929 -0.064193532
vn 0.99904019 0.014818744 -0.041219667
vn 0.99710661 -0.018803004 -0.073653601
vn 0.89297891 -0.40936577 -0.18710525
vn 0.42588371 0.85909349 -0.28386873
vn -0.21923329 0.9401201 -0.26098084
vn -0.031903457 -0.991072 -0.12945461
vn 0.18486859 0.9031803 -0.38741317
vn 0.060748119 -0.91740227 -0.39329728
vn 0.99999791 -0.0020326348 -2.8020563e-07
vn 0.97062641 0.24056453 0.0036165589
vn 0.99763674 0.058389675 -0.03621532
vn 0.96897542 -0.24713956 0.0029379348
vn 0.41057068 -0.85444987 -0.31835061
vn 0.97256613 -0.23257554 0.004876764
vn -0.0015890532 -0.78182989 0.62348974
vn -0.0015890537 -0.78182989 0.62348974
vn 0.99999791 -0.0020322534 -2.0939925e-07
vn 0.99999791 -0.0020319168 -2.3558916e-07
vn 0.0015890534 0.78182989 0.62348974
vn 0.99999791 -0.0020327484 -1.8525017e-07
vn 0.99999791 -0.0020318956 4.9491422e-07
vn 0.97400218 0.226463 0.0058558509
vn 0.99559742 -0.011410176 -0.093035348
vn 0.00052604172 0.25881809 -0.96592593
vn 0.00052604004 0.25881809 -0.96592593
vn -0.00052604242 -0.25881809 -0.96592593
vn 0.99999791 -0.0020312401 -6.8522712e-07
vn 0.99999791 -0.0020345384 -2.517999e-08
vn 0.99999791 -0.0020337095 2.8181441e-06
vn -0.00052604172 -0.25881809 -0.96592593
vn 0.42588356 0.85909271 -0.28387135
vn 0.43048635 0.85689896 -0.28355888
vn 0.27433747 -0.90528047 -0.32435516
vn 0.41057098 -0.85444981 -0.31835046
vn 0.26908013 -0.83561778 -0.47889331
vn 0.13898574 -0.85418683 -0.50104672
vn 0.60313398 -0.67207795 -0.42958191
vn 0.10796691 0.8710373 -0.47920471
vn 0.61007512 0.66653138 -0.42842063
vn 0.606502 0.66960466 -0.42870146
vn 0.88340765 -0.36473402 -0.29421076
vn 0.60689139 -0.66981083 -0.42782739
vn 0.88292742 0.36457619 -0.29584351
vn 0.88499558 0.36040676 -0.29477072
vn 0.99518102 0.028491905 -0.09382394
vn 0.99559736 -0.011409755 -0.093036354
vn 0.88117123 -0.36809304 -0.29672343
vn 0.99368221 0.0016201166 -0.1122187
vn 0.99442571 -0.038329739 -0.098225966
vn 0.9964692 0.0065975445 -0.083699204
vn -0.016187845 -0.87091267 -0.49117112
vn 0.99999791 -0.002032706 -1.0541402e-06
vn 0.99999791 -0.0020322669 -1.3295424e-06
vn 0.97400171 0.22646491 0.0058554751
vn 0.97256571 -0.2325771 0.0048764767
vn 0.52119058 0.65860951 -0.54276502
vn -0.16043483 0.81677479 -0.55420178
vn 0.97645497 -0.21556287 0.0082683889
vn 0.97786158 0.20902082 0.009848753
vn 0.9916687 -0.0062809479 -0.12866141
vn -0.00088185817 -0.4338828 0.90096891
vn -0.00088185596 -0.43388283 0.90096885
vn 0.99999791 -0.0020333424 -6.669552e-08
vn 0.99999791 -0.0020326574 -3.8593689e-07
vn 0.000881858 0.4338828 0.90096891
vn 0.99999791 -0.002032825 4.5897346e-07
vn 0.99999791 -0.0020321247 1.5285323e-07
vn 0.52119249 0.65861887 -0.54275185
vn -0.16043273 0.8167873 -0.5541839
vn 0.5029462 0.62758732 -0.59428889
vn 0.19209708 0.78758043 -0.58550471
vn -0.16043283 0.8167749 -0.5542022
vn 0.26694104 -0.82393628 -0.49987143
vn -0.016187645 -0.87091374 -0.49116927
vn 0.25948316 -0.72612643 -0.63671726
vn 0.13906674 -0.74017793 -0.65787309
vn 0.26694202 -0.82393777 -0.49986845
vn 0.58906138 -0.57762724 -0.56511366
vn 0.5962823 0.57201684 -0.56324434
vn 0.59207863 0.57545197 -0.56417894
vn -0.016187644 -0.87091237 -0.49117166
vn 0.18075484 0.68952066 -0.70134795
vn 0.027808111 -0.70101595 -0.71260321
vn 0.86991417 -0.30946472 -0.38403243
vn 0.593503 -0.57541901 -0.56271404
vn 0.8687191 0.3095516 -0.38665867
vn 0.8712436 0.3050549 -0.3845467
vn 0.25418174 -0.71303421 -0.65343237
vn 0.99182355 0.024147613 -0.12531115
vn 0.99166912 -0.0062831244 -0.12865819
vn 0.86716545 -0.31274405 -0.38757616
vn 0.99154496 -0.025953915 -0.12714137
vn 0.99290305 -0.0028912069 -0.11889162
vn 0.97786266 0.20901571 0.0098503307
vn 0.9764567 -0.21555479 0.008270761
vn 0.98084617 -0.19421685 0.014851703
vn 0.98911512 -0.0098646749 -0.14681266
vn 0.99999791 -0.0020322669 -8.0910965e-08
vn 0.99999791 -0.0020324092 6.1391425e-08
vn 0.99999791 -0.0020319952 -1.1821366e-07
vn 0.98228401 0.18655816 0.017726664
vn 0.98787022 0.0026556992 -0.155259
vn 0.21728471 0.59883779 -0.77083117
vn 0.38032946 0.52600545 -0.76070213
vn -0.049076665 0.61376458 -0.78796226
vn 0.25737038 -0.71213102 -0.65316916
vn 0.25419301 -0.71303636 -0.65342569
vn 0.24671076 -0.59197223 -0.76726961
vn 0.14011963 -0.60038429 -0.78734058
vn 0.57543236 -0.46478134 -0.67294574
vn 0.58222216 0.45972449 -0.6705749
vn 0.57798946 0.46282381 -0.67210287
vn -0.94023502 -0.33988473 0.02089262
vn -0.85317248 -0.52122706 0.020471936
vn -0.84270406 -0.51482707 0.15748954
vn -0.81223273 -0.56759 0.13460913
vn -0.81223983 -0.56757981 0.13460913
vn -0.57512236 -0.81307656 -0.090226412
vn -0.80812687 -0.5651412 0.16597107
vn -0.56543064 -0.79938459 0.20315614
vn -0.42412886 -0.90519392 0.027178058
vn -0.42415848 -0.90518004 0.027177788
vn -0.20373711 -0.97875315 0.023097603
vn -0.40765616 -0.88406235 0.2285831
vn -0.20064224 -0.9640097 0.17443627
vn 0.068696238 -0.95127749 -0.30058607
vn -0.42387661 -0.90508044 0.034029502
vn 0.16929096 -0.96615458 0.19464308
vn 0.091449082 -0.97150362 0.21867289
vn 0.17256506 -0.98499179 0.0035353135
vn 0.090980195 -0.97613096 0.19720778
vn 0.33995092 -0.94044316 7.2233474e-06
vn -0.57933104 -0.81508607 -0.0032098701
vn -0.68428057 -0.72013158 0.11476351
vn -0.57619196 -0.81067759 0.10394546
vn -0.84738958 -0.51681411 0.12179522
vn -0.84738988 -0.51681358 0.12179526
vn -0.81245327 -0.56077772 0.1595244
vn -0.92451543 -0.32957685 0.19144267
vn 0.51665086 -0.85563886 0.030886551
vn 0.51665306 -0.85563761 0.030886002
vn 0.33996046 -0.94043976 1.4532341e-06
vn 0.33995962 -0.94044006 8.1650415e-07
vn 0.80228531 -0.590482 0.087574676
vn 0.80204576 -0.59079516 0.087656409
vn 0.80204839 -0.59079188 0.087654762
vn 0.96250814 -0.2377629 0.13056381
vn 0.96243805 -0.23801371 0.13062362
vn 0.96250868 -0.23776053 0.13056424
vn 0.9769758 0.14817418 0.15350133
vn 0.97695315 0.14832069 0.15350428
vn 0.97697502 0.14818175 0.15349926
vn -0.076632224 -0.99705553 0.0027849455
vn -0.20749691 -0.97820443 0.0078208633
vn -0.15365706 -0.98696321 0.047886372
vn -0.1966247 -0.9802286 0.02214851
vn -0.20721269 -0.97684872 0.053192697
vn -0.44507545 -0.89522493 0.021913875
vn 0.96047109 -0.25838676 0.10359339
vn 0.98190397 0.14202468 0.12527385
vn 0.9934845 -0.10368193 0.047313802
vn 0.97710341 0.14133517 0.15903845
vn 0.98710346 0.10284817 0.12267446
vn 0.90825164 -0.40897197 0.08843594
vn 0.96562564 -0.25977221 0.0092471885
vn 0.92474985 0.33428711 0.18190607
vn 0.7832607 -0.61958766 0.051125392
vn 0.74645698 -0.66388613 0.045356136
vn 0.78414297 -0.62027824 0.019356277
vn 0.66410679 -0.74763232 0.0028353389
vn 0.92781758 0.33864814 0.15643518
vn 0.96677417 0.25553983 -0.0068642744
vn 0.98109484 -0.14631008 0.12667386
vn 0.98903239 -0.14748731 0.0078981519
vn 0.98823851 -0.1502575 0.028413611
vn 0.97585201 -0.17658006 0.12857822
vn 0.96157897 0.25417042 0.1037465
vn 0.98752791 0.10681234 0.11567075
vn 0.93888938 -0.34406096 0.010432041
vn 0.78595543 0.61611801 0.051697843
vn 0.91744757 0.39708045 0.024840569
vn 0.78684491 0.61682618 0.020014532
vn 0.74762052 0.66255826 0.045607984
vn 0.66666532 0.74535179 0.002847237
vn -0.077483594 0.99699318 0.00091230741
vn -0.20321167 0.97913194 0.002392655
vn -0.20230387 0.97929978 0.0067180539
vn -0.18335372 0.98170519 0.051345829
vn -0.20292529 0.9777447 0.053259928
vn -0.57575142 0.81762427 0.00094006141
vn -0.42864403 0.8991403 0.088379823
vn -0.57263815 0.81320131 0.10387082
vn -0.69233108 0.72020549 0.044517174
vn -0.84514982 0.5205422 0.12148101
vn -0.84013516 0.5174576 0.1625132
vn -0.82040393 0.5593611 0.11854338
vn -0.92265069 0.33811024 0.18546478
vn -0.92905629 0.33652532 0.15363972
vn -0.84341234 0.51569241 0.15072155
vn 0.51838654 0.85460168 0.030517321
vn 0.51839137 0.8545987 0.030520547
vn 0.80338043 0.58902079 0.087375104
vn 0.80326575 0.58918118 0.087347999
vn 0.96404928 0.23132388 0.13076039
vn 0.80326575 0.58918118 0.087347977
vn 0.9640637 0.23126037 0.13076626
vn 0.91528612 -0.32968846 0.23142357
vn 0.91528541 -0.32968771 0.2314273
vn 0.93857127 -0.34366116 0.031319983
vn 0.92349529 -0.35026866 0.15642358
vn 0.97594422 -0.15475632 0.15356876
vn 0.97594303 -0.15476181 0.15357067
vn 0.97599566 -0.15443978 0.15356033
vn 0.964064 0.23125884 0.13076691
vn -0.84341079 0.51569474 0.15072234
vn -0.84348744 0.51556778 0.15072761
vn -0.58186263 0.80316412 0.12791899
vn -0.58186269 0.80316406 0.12791897
vn -0.58181834 0.80319703 0.12791403
vn -0.22899218 0.96968275 0.085310876
vn -0.22807248 0.96991032 0.085187569
vn -0.22898959 0.96968329 0.08531145
vn -0.016073346 0.99831498 0.055756759
vn 0.17574422 0.98406577 0.026991097
vn 0.15952294 0.98654681 0.035746649
vn 0.3440792 0.93894064 9.8005933e-07
vn -0.0085381549 -0.62072623 -0.78398091
vn 0.85635322 -0.24611051 -0.45397004
vn 0.57990068 -0.46311679 -0.6702522
vn 0.85478598 0.24562277 -0.45717654
vn 0.85742944 0.24170923 -0.45430321
vn 0.084173664 -0.99636328 -0.013227152
vn 0.19649979 -0.97968638 0.040029906
vn 0.33995697 -0.94044101 1.8530633e-06
vn -0.040666915 0.99917185 0.0013504563
vn -0.078805655 0.99689001 4.6444271e-05
vn -0.078804977 0.99689007 4.6684145e-05
vn 0.084169127 -0.9963637 -0.013227032
vn 0.084172651 -0.9963634 -0.013227484
vn -0.42354104 -0.90490961 0.041852154
vn -0.21579592 -0.97104311 0.10250547
vn -0.42354003 -0.90491009 0.04185231
vn -0.42352086 -0.90491915 0.041850332
vn -0.41538662 -0.89565581 0.15891704
vn -0.59112716 -0.79946506 0.10688467
vn 0.98826051 0.018893719 -0.15160544
vn 0.98787022 0.0026559487 -0.15525924
vn 0.85349894 -0.24860114 -0.45797056
vn 0.98804724 -0.022134522 -0.15255395
vn 0.98911619 -0.0098577635 -0.14680579
vn -0.81675559 -0.57013363 0.088645197
vn -0.81675476 -0.57013482 0.088645153
vn -0.80485696 -0.56313109 0.18731968
vn -0.90916204 -0.40147552 0.11064247
vn -0.92401356 -0.32962188 0.1937741
vn 0.97648937 -0.092647761 0.19464046
vn -0.078803807 0.99689013 -8.7460967e-07
vn 0.00049283687 0.99999988 2.8320946e-07
vn -0.13877973 0.9902752 0.0097576939
vn 0.98228383 0.18655886 0.01772633
vn 0.98084772 -0.19420896 0.01485533
vn 0.9853788 -0.16821237 0.027077572
vn 0.98565865 -0.013228838 -0.16823217
vn -0.069451749 -0.99755639 0.0075941724
vn 0.98667812 0.15951042 0.031980269
vn 0.98477924 0.00807436 -0.1736223
vn -0.14415041 0.98938817 0.018213768
vn 0.0014176568 0.99999899 3.5337939e-06
vn 0.38033012 0.52601069 -0.7606982
vn -0.049076043 0.61377764 -0.78795213
vn 0.38032848 0.52600497 -0.76070297
vn -0.04907608 0.61376244 -0.78796399
vn 0.24505974 -0.5773952 -0.77881992
vn -0.0085389959 -0.62070709 -0.78399605
vn 0.24506287 -0.57740587 -0.77881104
vn -0.0085390322 -0.62072575 -0.78398126
vn 0.038904097 0.3785215 -0.92477453
vn 0.094314948 0.33702433 -0.93676001
vn 0.014158389 -0.37886274 -0.92534459
vn 0.23067264 -0.43879399 -0.86847568
vn 0.14620575 -0.4409301 -0.88555324
vn 0.56417799 -0.33960852 -0.7525751
vn 0.073291421 0.46393567 -0.88283187
vn 0.56983262 0.33551985 -0.75014478
vn 0.5661822 0.33774385 -0.75190878
vn -0.81376487 0.5599699 0.1556291
vn -0.9246456 0.33228013 0.18606569
vn -0.81245327 -0.56077772 0.15952435
vn -0.92443192 -0.32982641 0.19141626
vn 0.18748806 -0.98091626 0.051492471
vn -0.20131853 -0.9647488 0.1695009
vn -0.20131423 -0.96474952 0.16950212
vn 0.20365939 -0.43104678 -0.87904578
vn 0.98322898 0.098872848 0.15324798
vn 0.92294794 0.33897346 0.18238455
vn 0.97649014 -0.092648342 0.19463645
vn -0.83890402 0.47406465 0.26740006
vn -0.66165745 0.72159553 0.20373829
vn 0.84460992 -0.17835395 -0.50480092
vn 0.5679881 -0.33873793 -0.75009739
vn 0.84308732 0.17681299 -0.5078789
vn 0.84544712 0.17410779 -0.50488174
vn -0.83657479 -0.47810018 0.26751235
vn -0.67032641 -0.71259588 0.20704994
vn -0.66304582 -0.71834713 0.21058868
vn -0.55863357 -0.78764778 0.25988358
vn -0.55863732 -0.78764564 0.25988215
vn 0.94425964 0.18371731 0.27316964
vn 0.970128 -0.1253469 0.20770115
vn 0.952896 -0.14285356 0.2675482
vn 0.9690088 0.12018194 0.21582006
vn 0.97093302 0.1108586 0.2121308
vn -0.89689702 -0.39775077 0.19331329
vn -0.79244542 -0.52927226 0.30315205
vn -0.92393297 -0.32984674 0.19377564
vn -0.065287285 -0.99781001 0.010619024
vn -0.14954686 -0.98844606 0.02470183
vn -0.6655376 0.71590936 0.21102953
vn -0.4194029 0.8981725 0.1318614
vn 0.0030998599 0.99999517 2.0753892e-05
vn -0.1455881 0.98898447 0.026717132
vn -0.42359713 -0.8960588 0.13283128
vn -0.42303938 -0.89629656 0.13300453
vn 0.49009222 0.2631484 -0.83100092
vn 0.17495254 0.98068917 0.087409347
vn 0.17495695 0.98068839 0.0874089
vn 0.34407526 0.93894207 2.1966273e-06
vn 0.34408045 0.93894017 -8.4129243e-07
vn 0.34408364 0.93893898 -4.2450674e-06
vn 0.89979106 -0.41482273 0.13527076
vn 0.96937197 -0.11847045 0.21513431
vn 0.49870262 -0.86212647 0.089630544
vn 0.49869731 -0.86212963 0.089629956
vn 0.33996165 -0.94043928 2.6832247e-06
vn 0.33996144 -0.94043934 2.5273027e-06
vn 0.50068212 0.86108828 0.088568464
vn 0.90058666 0.4127073 0.13644171
vn 0.90090734 0.4120748 0.13623631
vn 0.98499519 0.013097906 -0.17208405
vn 0.98477978 0.008069885 -0.17361934
vn 0.84209961 -0.17972833 -0.5084939
vn 0.98315758 -0.011448462 -0.18240094
vn 0.98485768 -0.019465981 -0.17226835
vn -0.13805467 0.98931319 0.04690709
vn -0.14558908 0.98898447 0.026712233
vn -0.41976118 0.89793748 0.13232099
vn -0.14186794 -0.9887653 0.04708194
vn -0.14910653 -0.98838919 0.029224619
vn -0.14910154 -0.98838919 0.029249139
vn -0.17955151 0.95136338 0.25033775
vn -0.17955147 0.95136338 0.25033775
vn 0.74033248 -0.67058116 0.047209725
vn 0.74648494 -0.66387081 0.0451199
vn 0.74648762 -0.66386884 0.045104038
vn 0.89993578 -0.41432279 0.13583896
vn 0.74769002 0.66251141 0.045146961
vn 0.74693775 0.66305059 0.04947637
vn 0.75257796 0.60775566 0.25349462
vn 0.50068456 0.86108655 0.088571697
vn 0.75109953 -0.60921133 0.25438374
vn 0.75110042 -0.60921019 0.25438383
vn -0.063035458 -0.99793535 0.012312435
vn 0.96349388 0.26416487 -0.043548826
vn 0.98922998 0.14580277 0.0128671
vn 0.99210119 -0.12342606 0.022388363
vn 0.96447843 -0.26136017 -0.038370069
vn 0.96447855 -0.2613596 -0.038369704
vn 0.65341538 -0.75696903 0.0067969295
vn 0.0030758411 0.99999529 2.0333002e-05
vn -0.507532 0.7756201 0.37526622
vn -0.50753599 0.7756176 0.37526605
vn -0.079898857 -0.99680281 -0.00054678193
vn -0.079898365 -0.99680287 -0.00054656918
vn -0.079896845 -0.99680299 -0.00054648053
vn -0.00062523695 -0.99999982 4.8458696e-06
vn 0.88662088 -0.26519531 0.37891275
vn 0.88662118 -0.26519427 0.37891269
vn 0.75257772 0.60775608 0.2534942
vn 0.88818014 0.25906751 0.37949982
vn 0.65573406 0.75496274 0.0066411272
vn 0.65339679 -0.75698501 0.0068038781
vn 0.65582126 0.75488728 0.0066108829
vn 0.74291539 0.66800588 0.042951509
vn 0.48573467 0.22208944 -0.84542185
vn 0.24760397 0.31583682 -0.91593635
vn -0.0080102514 0.34650755 -0.93801296
vn 0.18424171 -0.98192513 0.043336559
vn 0.33996853 -0.94043684 -1.2944585e-05
vn -0.75559133 0.48336452 0.44208652
vn -0.75559664 0.48336324 0.44207889
vn 0.0093800817 0.99995601 0.00015105396
vn -0.13565943 0.98976713 0.044243455
vn 0.88776356 0.11593132 0.4454613
vn 0.88775802 0.11592478 0.44547406
vn 0.88682777 -0.12209953 0.44567731
vn 0.88682812 -0.12210005 0.44567636
vn 0.8881799 0.25907302 0.37949648
vn -0.8380304 0.30762652 0.45063403
vn -0.0011028973 -0.9999994 -3.3834618e-07
vn 0.0061287037 -0.99998122 -2.3840393e-07
vn -0.14100586 -0.98893446 0.046108358
vn 0.83820635 0.30218297 0.45397753
vn 0.83511865 -0.31060115 0.45398656
vn 0.22976209 -0.42601451 -0.87505484
vn 0.20365183 -0.43104208 -0.87904984
vn 0.98403418 0.17793889 -0.0038065992
vn 0.984034 0.17794001 -0.0038070811
vn 0.99593228 0.090063937 0.0027148295
vn 0.99484283 0.10140336 0.002269652
vn 0.98260993 0.0091584725 -0.1854559
vn 0.15872438 -0.26832795 -0.9501614
vn -0.0028193097 -0.28213462 -0.95937067
vn 0.21339194 -0.27076074 -0.93869722
vn 0.55654484 -0.20681417 -0.80466497
vn 0.56045067 0.20375429 -0.80273235
vn 0.55795681 0.20489307 -0.80417848
vn 0.17886956 -0.97970754 0.090436548
vn -0.14557783 -0.94176227 0.30313522
vn 0.1702977 -0.97872323 0.11445303
vn -0.84127384 0.29868063 0.45060867
vn -0.78576869 0.29523724 0.54350942
vn -0.92256808 0.33834901 0.18544024
vn -0.75559521 0.48336697 0.44207722
vn 0.8389405 0.30011982 0.45398998
vn 0.79474521 0.28159162 0.53766739
vn 0.92495131 0.33375558 0.18185785
vn 0.88775611 0.11593034 0.44547647
vn -0.87800515 0.44640774 0.17270534
vn 0.96234512 -0.1743328 0.2085664
vn 0.91159624 -0.33893585 0.23262596
vn 0.95642489 0.23661971 0.17106304
vn 0.91159517 -0.33893532 0.23263092
vn 0.8274821 -0.33060792 0.45384115
vn 0.77445275 -0.26910764 0.57254171
vn 0.77445382 -0.26910838 0.57253993
vn 0.88682675 -0.12210402 0.44567806
vn -0.87454325 -0.451648 0.17660177
vn -0.9243716 -0.33000529 0.19139932
vn -0.79183 -0.29101372 0.53695089
vn -0.77059454 -0.34494305 0.53590894
vn 0.83594674 -0.10842459 -0.53799361
vn 0.55912554 -0.20664154 -0.80291837
vn 0.83490127 0.10578392 -0.54013848
vn 0.83655661 0.10445842 -0.53783029
vn 0.33997169 -0.94043565 -1.7456941e-05
vn 0.86881119 0.10484046 0.48391694
vn -0.73325509 0.46836314 0.49292284
vn -0.47037053 -0.75138432 0.46278846
vn -0.14557742 -0.94176245 0.30313474
vn -0.77101302 -0.45926088 0.44115567
vn -0.70969117 -0.52476215 0.47006714
vn -0.78745186 -0.28927523 0.5442788
vn 0.86881536 0.10484307 0.48390886
vn 0.78635824 0.29729372 0.54153222
vn 0.19669226 -0.97429174 0.1098536
vn 0.33996525 -0.94043797 -7.7615241e-06
vn 0.96234417 -0.17433153 0.20857184
vn 0.98260981 0.0091587184 -0.18545632
vn 0.98261005 0.0091562942 -0.18545534
vn 0.98250604 0.0071100099 -0.18609487
vn 0.83421928 -0.10880228 -0.54059249
vn 0.98281723 -0.013308772 -0.18410096
vn 0.98279542 -0.013531923 -0.18420117
vn 0.98279852 -0.013513179 -0.18418607
vn 0.98122913 -0.0090504605 -0.19263302
vn -0.76120847 -0.34094903 0.55164796
vn -0.47036794 -0.75138754 0.46278584
vn -0.79220855 -0.28998297 0.53695011
vn -0.74227291 -0.40695593 0.53236997
vn 0.24760371 0.31582469 -0.91594058
vn -0.0080102272 0.34650934 -0.9380123
vn 0.24760276 0.31581181 -0.91594529
vn -0.008010285 0.34648129 -0.93802267
vn 0.2131564 -0.2618514 -0.94127476
vn -0.002820248 -0.28203535 -0.95939988
vn 0.21316934 -0.26200739 -0.94122845
vn -0.0028205365 -0.28217959 -0.95935744
vn 0.11217654 -0.00022798909 -0.99368829
vn 0.0053742849 0.09254396 -0.9956941
vn 0.0021283738 -0.095010452 -0.99547398
vn 0.062687859 -0.093519457 -0.99364197
vn 0.1735391 -0.08373981 -0.9812603
vn 0.16205841 0.087397881 -0.98290318
vn -0.61119843 0.71535438 0.33868065
vn -0.73411888 0.53702736 0.41553715
vn -0.62156618 -0.70292974 0.3457531
vn -0.6092006 -0.71201521 0.34915459
vn 0.35597739 -0.095930181 -0.92955768
vn 0.55413264 -0.081420019 -0.82843697
vn 0.063128561 0.074766226 -0.99520087
vn 0.35636482 0.094469838 -0.92955881
vn 0.55496109 0.07917168 -0.82810026
vn 0.90686494 0.060566776 0.4170464
vn 0.92761958 -0.15276109 0.34086064
vn 0.87708658 -0.16705987 0.45034441
vn 0.92344487 0.14991876 0.35323349
vn 0.92712504 0.13481514 0.34966272
vn 0.99592584 0.090064295 0.0044862521
vn 0.99472606 0.10246894 0.0044858176
vn 0.86488646 -0.050809361 0.49938947
vn 0.98447984 -0.17500395 -0.013154251
vn 0.98448002 -0.17500314 -0.013153876
vn 0.99724275 -0.074037045 0.0050374316
vn 0.99618518 -0.087110519 0.0051809722
vn 0.99618524 -0.087109819 0.0051810071
vn 0.99472672 0.10246261 0.004485968
vn 0.99726135 -0.07378605 0.0050374144
vn 0.99724436 -0.074015379 0.0050372062
vn 0.83190393 -0.048295535 -0.55281413
vn 0.74723434 -0.060852766 -0.66176867
vn 0.35705313 -0.060340952 -0.93213308
vn 0.35729724 0.058798283 -0.93213809
vn 0.74747515 0.057824194 -0.66176832
vn 0.83233833 0.044909686 -0.55244547
vn 0.20876123 0.96830064 0.137159
vn 0.20875496 0.96830159 0.13716178
vn 0.46455389 -0.87447208 0.13960023
vn 0.46455348 -0.87447238 0.13960002
vn 0.4669975 0.87343138 0.13795276
vn 0.99801958 0.062558495 0.0065891393
vn 0.98125803 0.0063874354 -0.19259253
vn -0.61463994 0.70619947 0.35142571
vn -0.38217181 0.89745289 0.2202794
vn -0.38643351 -0.89516097 0.22216202
vn -0.38508496 -0.89570254 0.22232071
vn 0.87079948 -0.43812799 0.22305191
vn 0.92429215 -0.14361349 0.35363707
vn 0.87098491 0.43670103 0.22511663
vn 0.87173474 0.43529725 0.22493306
vn 0.74806046 -0.039278168 -0.66246718
vn 0.74821526 0.036188018 -0.66246837
vn 0.98172545 -0.0057131443 -0.19021685
vn 0.97084576 -0.010745075 -0.23946412
vn 0.98166943 -0.0069794869 -0.19046363
vn 0.98166955 -0.0069773924 -0.19046322
vn 0.97352511 0.0056844191 -0.2285095
vn 0.97088128 0.0068159765 -0.23946407
vn -0.082734644 0.91588426 0.39282441
vn -0.082740627 0.91588283 0.3928265
vn 0.46699649 0.8734324 0.13794976
vn 0.65616482 0.64308673 0.39482552
vn 0.65419239 -0.64424109 0.39621431
vn 0.65419352 -0.64423954 0.39621496
vn -0.11816297 0.98975497 0.080141194
vn -0.13565442 0.98976731 0.044255216
vn -0.38275003 0.89690804 0.22149134
vn 0.9736374 -0.003903752 -0.22806801
vn 0.97090024 -0.0030919772 -0.23946434
vn 0.97090352 -0.0017805338 -0.23946448
vn -0.1199076 -0.98960119 0.079445787
vn -0.14100207 -0.98893458 0.04611716
vn 0.72219884 -0.68739802 0.076894559
vn 0.73140705 -0.67766011 0.076291867
vn 0.73140049 -0.67766511 0.076310866
vn 0.87089241 -0.43723828 0.22443064
vn 0.72342771 0.68614173 0.076562628
vn 0.73320949 0.67573673 0.076050654
vn 0.99619657 -0.087109365 0.0020969266
vn 0.99949032 -0.031913232 -0.00081898959
vn 0.9999975 0.0014832177 -0.0016595114
vn 0.9994722 -0.032369494 0.0027502549
vn 0.99801975 0.062554717 0.0065901852
vn 0.22404908 -0.96400487 0.14316656
vn 0.33995175 -0.94044286 1.9860558e-05
vn 0.99981564 0.019185949 0.0007711717
vn 0.99593443 0.090068452 -0.0015231071
vn 0.99593449 0.090067632 -0.0015230526
vn -0.70272088 0.53776777 0.465821
vn -0.78976548 0.27600232 0.54780763
vn 0.88647926 0.042584471 0.46080485
vn -0.63930297 -0.52094465 0.56560439
vn -0.76066685 -0.39255247 0.51699954
vn -0.78786552 -0.28729096 0.54473096
vn 0.86488521 -0.050808396 0.49939165
vn -0.36240888 0.72243476 0.58885294
vn -0.36239654 0.72244287 0.58885068
vn 0.74227518 -0.31737399 0.59017056
vn 0.74227411 -0.31737745 0.59017003
vn 0.65616482 0.64308649 0.39482588
vn 0.74384153 0.31196666 0.59108084
vn 0.99996388 -0.0071177334 0.0046461993
vn 0.99998206 0.0014836851 0.0058017126
vn 0.64278287 -0.76594532 0.012567563
vn 0.0094173709 0.99995565 0.00015445909
vn 0.64512128 0.76398444 0.012093716
vn 0.0061543938 -0.99998105 1.4953408e-06
vn 0.64279854 -0.76593232 0.012559043
vn 0.02286794 0.99973786 0.0011276477
vn 0.0011028972 0.99999923 -0.00062493957
vn -0.11289088 0.99102414 0.071602024
vn -0.58462685 0.4207156 0.69369292
vn -0.58463192 0.42071155 0.69369107
vn 0.71805429 0.054584138 0.69384336
vn 0.71805423 0.054584097 0.69384336
vn 0.71731877 -0.059986793 0.69415802
vn 0.71731806 -0.059982993 0.69415909
vn 0.74384081 0.31196243 0.591084
vn -0.051515535 -0.91064036 0.40997592
vn 0.22606979 -0.96509296 0.13224213
vn 0.78705484 0.12653819 0.60376555
vn 0.86331183 -0.1917288 0.46683273
vn -0.66101164 0.25119129 0.70708317
vn -0.53590202 0.70383304 0.46629187
vn -0.68268949 0.41127056 0.60397977
vn 0.012401115 -0.99992299 0.00047096211
vn 0.022640124 -0.99974364 -0.00031599757
vn -0.11722919 -0.99028748 0.07475318
vn 0.6677494 0.23268944 0.70708305
vn 0.66614717 -0.23721421 0.7070908
vn 0.76208383 -0.29124552 0.57827699
vn -0.54593837 -0.68870491 0.47711304
vn -0.5293557 -0.70032233 0.47888538
vn 0.78961462 -0.11236118 0.60322779
vn 0.85496432 0.19194348 0.48186487
vn 0.86027068 0.17218764 0.47988099
vn 0.23043375 -0.96359372 0.13560036
vn 0.33998597 -0.94043052 -7.3247626e-05
vn 0.41755861 -0.89146054 0.17590611
vn 0.4175604 -0.89145929 0.17590795
vn 0.42062762 0.89042449 0.17382942
vn 0.25547093 0.95118225 0.17316723
vn 0.25547165 0.95118219 0.1731666
vn 0.25282371 -0.95088601 0.17859444
vn 0.29384011 -0.94576013 0.13854857
vn -0.32899302 -0.70469898 0.62861985
vn -0.051515143 -0.91064107 0.4099744
vn 0.82621628 -0.47237137 0.30697221
vn 0.85600996 -0.18204671 0.483845
vn -0.53662276 0.69166821 0.483354
vn -0.32547939 0.89508986 0.3047578
vn -0.3296755 -0.89247298 0.30790594
vn -0.3270784 -0.89347452 0.30777094
vn 0.82528496 0.47206482 0.30993468
vn 0.82667905 0.46954247 0.31005105
vn -0.74227369 -0.40695614 0.53236878
vn -0.5338943 -0.4152053 0.7365877
vn -0.32899481 -0.7046923 0.62862641
vn 0.061381221 -0.86675793 0.49493742
vn 0.42062756 0.89042491 0.17382748
vn 0.52346098 0.69171637 0.49751091
vn 0.051041357 0.86685812 0.49593523
vn 0.051049262 0.86686087 0.49592969
vn 0.52081198 -0.69245535 0.49925995
vn 0.52081186 -0.69245553 0.4992598
vn -0.66106141 -0.24278711 0.70996636
vn -0.79341632 -0.28665867 0.5369519
vn -0.52616245 0.20150279 0.82616568
vn -0.52616155 0.20150261 0.82616627
vn -0.67847759 0.20160234 0.70641679
vn -0.52599925 0.20144263 0.82628423
vn -0.58463192 0.42071161 0.69369102
vn 0.54062712 0.18788664 0.82001275
vn 0.54062825 0.18788725 0.82001191
vn 0.65080339 0.2779623 0.70653516
vn 0.54064339 0.18789248 0.82000071
vn 0.71805555 0.054582361 0.69384217
vn 0.0022843275 0.9999274 0.011830328
vn 0.0932239 0.9955743 0.011881457
vn -0.11289047 0.99102432 0.071599759
vn -0.63011616 -0.40494648 0.66254956
vn 0.64162415 0.022838479 0.76667911
vn 0.5108549 -0.17635414 0.8413837
vn 0.77082932 -0.27573425 0.57427585
vn 0.64400953 -0.29455382 0.70603812
vn 0.5108512 -0.17635135 0.8413865
vn 0.51085424 -0.17635377 0.84138417
vn 0.71731788 -0.059983235 0.69415921
vn 0.23100471 -0.92587441 0.29898724
vn 0.34613481 -0.92539907 0.15436091
vn 0.83118069 -0.14842941 0.535824
vn 0.67061388 -0.034651723 0.74099684
vn 0.68257809 0.046262223 0.72934693
vn -0.49837539 0.38963309 0.77447271
vn -0.48227957 0.45996749 0.74554431
vn -0.55075842 0.39818802 0.7335608
vn 0.83120209 -0.14844717 0.53578591
vn -0.63011402 -0.40494627 0.66255176
vn -0.66153872 -0.23898289 0.71081197
vn -0.50371939 -0.18599528 0.84360683
vn -0.52043736 -0.13800268 0.84267443
vn 0.36231378 -0.91143042 0.19499563
vn 0.36231303 -0.91143107 0.19499411
vn 0.3661257 0.91039735 0.19268797
vn 0.30958867 0.93137997 0.19153644
vn 0.30959269 0.93137997 0.19152999
vn 0.66913825 -0.06331715 0.74043566
vn 0.64938372 0.055255461 0.75845081
vn -0.45028359 -0.46047649 0.76498765
vn -0.552939 -0.37833917 0.74237317
vn -0.49371263 -0.18113482 0.85055161
vn 0.69611669 -0.71018589 0.10515507
vn 0.70636833 -0.69970489 0.10703675
vn 0.8259517 -0.47112253 0.30959228
vn -0.086638309 0.99061376 0.10572688
vn -0.074849732 0.99175727 0.10399506
vn -0.3260619 0.89402872 0.3072398
vn -0.11722917 -0.99028748 0.074753433
vn -0.11723781 -0.99028736 0.074740931
vn -0.084168516 -0.99043089 0.10937211
vn 0.70407373 0.70099479 0.11351876
vn 0.70781469 0.69825876 0.10692549
vn 0.77607822 -0.24186216 0.58241332
vn -0.43516257 0.68597114 0.58316135
vn 0.76285738 0.24537241 0.59819812
vn 0.76947486 0.22243774 0.59869015
vn -0.44316915 -0.66886884 0.59683794
vn -0.42356169 -0.6821028 0.59609675
vn 0.32179359 -0.9107495 0.25881314
vn 0.5435999 -0.3891964 0.74365669
vn 0.54360026 -0.38919497 0.74365723
vn 0.52346146 0.69171828 0.49750766
vn 0.54517692 0.38476306 0.74480838
vn 0.32837492 -0.90839553 0.25881946
vn 0.33093461 -0.9232679 0.19508645
vn 0.33775148 0.92152464 0.19161505
vn 0.33762524 0.92132789 0.19277988
vn 0.36612514 0.91039711 0.19269003
vn -0.16185445 0.64895225 0.74341381
vn -0.16186254 0.64894617 0.74341738
vn 0.061381575 -0.86675858 0.49493617
vn -0.21226934 -0.6626153 0.71824974
vn -0.093949631 -0.71526992 0.69250441
vn 0.022640323 -0.99974364 -0.00031599757
vn -0.49371356 -0.18113512 0.85055101
vn -0.50486386 -0.18284258 0.84361196
vn -0.52043808 -0.13800295 0.84267396
vn 0.4844791 -0.029852843 0.87429333
vn 0.48400936 0.025515106 0.87469077
vn 0.48400947 0.025511753 0.87469077
vn 0.54517698 0.38476324 0.7448082
vn -0.34838197 0.33413622 0.87577564
vn -0.3483803 0.33413801 0.87577564
vn -0.47334245 -0.18805069 0.8605718
vn 0.36744776 0.7487697 0.55165762
vn 0.36746082 0.74888575 0.55149132
vn 0.20606729 0.81025654 0.54865348
vn 0.206064 0.81025469 0.54865742
vn 0.20603445 0.81021076 0.54873335
vn 0.36401165 -0.74913692 0.55343419
vn 0.36401185 -0.74913365 0.55343843
vn 0.67061496 -0.034650948 0.74099588
vn 0.22753562 0.034677465 0.9731521
vn 0.42589411 0.15725546 0.89100224
vn 0.48447913 -0.029852869 0.87429333
vn 0.42677671 -0.1548235 0.89100581
vn 0.20398052 -0.014245278 0.97887129
vn 0.32555237 -0.90941572 0.25880241
vn 0.19695462 -0.82077497 0.53622502
vn -0.48227924 0.45996746 0.74554455
vn -0.1822879 0.11849813 0.97607851
vn -0.4234513 0.1541291 0.89271116
vn 0.64938319 0.055255827 0.75845122
vn -0.46970201 -0.36895725 0.80202901
vn -0.37453833 -0.45228487 0.80941921
vn 0.63015878 -0.77611166 0.023464916
vn 0.76481289 -0.516792 0.38469118
vn 0.76402283 -0.23286062 0.6017018
vn 0.63217735 0.77448684 0.022846293
vn 0.022608349 -0.99974436 -0.00031731863
vn -0.43174088 0.67123085 0.60253549
vn -0.24889857 0.88962388 0.38290846
vn 0.76203787 0.51809108 0.38843262
vn 0.76435471 0.51399291 0.38932395
vn 0.63215482 0.77450466 0.022864977
vn 0.70145136 0.7057569 0.099363893
vn 0.029590035 0.99946529 0.013912985
vn -0.2527391 -0.88644844 0.38772684
vn -0.24841604 -0.88807178 0.38680488
vn 0.32570839 -0.90935981 0.25880256
vn 0.28714994 0.78372782 0.55074096
vn 0.28645283 0.78183639 0.55378395
vn 0.28444779 -0.78129739 0.55557525
vn 0.28731018 0.78372258 0.55066478
vn 0.28649601 0.78194338 0.55361056
vn 0.3674593 0.74888402 0.55149466
vn 0.042594422 -0.9990921 0.00079352094
vn -0.081346549 -0.99162823 0.10028086
vn 0.5239886 0.018684851 0.8515203
vn 0.66486186 -0.30239734 0.68301868
vn 0.36401343 -0.74914008 0.55342871
vn 0.24213541 -0.66435432 0.70710945
vn 0.27929279 -0.78316283 0.55556417
vn -0.30875441 0.66044325 0.68445992
vn -0.40700999 0.32368395 0.85414964
vn 0.53197724 0.010634842 0.84669185
vn 0.64659321 0.3089563 0.69746912
vn 0.65410155 0.28446913 0.70087689
vn 0.18283303 -0.68440515 0.70580572
vn -7.2194217e-07 -9.0528789e-07 1
vn 3.9663269e-06 -9.0528789e-07 1
vn 0.90093875 0.43386939 0.0081676478
vn 0.70707011 0.70707011 -0.010187577
vn 0.70706856 0.7070716 -0.010187577
vn 0.62348133 0.78182161 0.0050976579
vn -1.2882842e-07 -5.6443793e-07 1
vn 1.4299067e-07 -6.2647888e-07 1
vn 4.9959988e-07 -6.2647888e-07 1
vn 0.25882182 0.96590579 -0.0061011761
vn 0.22251561 0.97491008 -0.0060969107
vn -0.22252002 0.97492814 4.0354274e-07
vn 1.2882884e-07 -5.6443793e-07 1
vn 0.25881863 0.96592593 3.9981649e-07
vn -0.62348944 0.7818318 3.2361626e-07
vn -1.429906e-07 -6.2647888e-07 1
vn -0.62349099 0.78183055 7.9241247e-14
vn -0.90096879 0.43388388 1.1450668e-13
vn -2.9230882e-06 -1.4076851e-06 1
vn 3.9663214e-06 -9.0528789e-07 1
vn 7.219424e-07 -9.0528789e-07 1
vn -3.2129412e-07 -6.6717593e-07 1
vn 0.90093923 0.43386841 0.0081675276
vn 0.70707011 0.70707011 -0.01018787
vn 0.22251967 0.9749279 -0.00079897809
vn 0.25881386 0.96590793 -0.0061012297
vn 0.25881988 0.96590632 -0.0061012297
vn -0.22252002 0.97492814 3.2002038e-07
vn -0.22252329 0.97492737 4.0354243e-07
vn 1.2883014e-07 -5.6443793e-07 1
vn 0.25882062 0.9659254 3.9981626e-07
vn -0.62348944 0.7818318 7.924105e-14
vn -0.22252227 0.9749276 2.8280994e-14
vn -0.90096927 0.43388289 1.1450675e-13
vn -2.9230825e-06 -1.4076838e-06 1
vn 0.99999994 7.5029991e-12 -0.00039012017
vn 0.96549195 -0.25870112 0.02998337
vn 0.96585393 0.25879809 -0.012236477
vn 0.96585315 0.25880104 -0.012236611
vn 0.96585381 0.25879863 -0.012236611
vn 0.90093875 -0.43386939 0.0081672911
vn 0.96585351 -0.25879958 -0.012236718
vn 0.96585315 -0.25880104 -0.012236718
vn 0.62348133 -0.78182161 0.0050973361
vn 0.70707005 -0.70707005 -0.010188167
vn 0.22252215 -0.9749276 -4.0354271e-07
vn 0.2588138 -0.96590793 -0.0061015785
vn 0.25882182 -0.96590579 -0.0061015785
vn -0.22252244 -0.97492754 2.8281002e-14
vn -0.22252002 -0.97492814 -4.0354286e-07
vn -0.62348944 -0.7818318 -3.2361623e-07
vn -0.62349099 -0.78183055 7.924124e-14
vn -0.90096879 -0.43388388 -1.7959339e-07
vn 0.99993014 7.5024761e-12 -0.011819713
vn 0.96549189 -0.25870144 0.029983288
vn 0.96585351 0.2587997 -0.012236504
vn 0.96585351 0.25879958 -0.012236504
vn 0.90093875 -0.43386939 0.0081674708
vn 0.96585351 -0.25879958 -0.012236611
vn 0.62348133 -0.78182161 0.0050976598
vn 0.70707011 -0.70707011 -0.010187875
vn 0.25881413 -0.96590787 -0.006101632
vn 0.25880542 -0.9659102 -0.006101632
vn -0.62348944 -0.7818318 7.9241044e-14
vn -0.90096927 -0.43388289 1.1450674e-13
vn -0.90096879 0.43388388 1.7959361e-07
vn 0.99989736 7.5022297e-12 -0.014326186
vn 0.96528834 -0.25864667 0.036335908
vn 0.96581995 0.25878912 -0.01483135
vn 0.96581942 0.25879124 -0.01483135
vn 0.90092486 0.43386215 0.0099001164
vn 0.90092486 -0.43386215 0.0098997569
vn 0.96581942 -0.25879124 -0.014831564
vn 0.70705128 0.70705444 -0.012348363
vn 0.70705289 0.70705289 -0.012348363
vn 0.62347811 0.78181642 0.0061790929
vn 0.62347811 -0.78181642 0.0061787693
vn 0.70705289 -0.70705289 -0.012348656
vn 0.70705444 -0.70705128 -0.012348656
vn 0.25881776 0.96589786 -0.0073953122
vn 0.22251517 0.9749012 -0.0073901303
vn 0.22252125 -0.97492784 -4.035428e-07
vn 0.25881171 -0.96589947 -0.007395912
vn 0.2588118 -0.96589947 -0.007395912
vn -0.22252125 0.97492784 2.8280865e-14
vn 0.25881779 0.96592617 -3.2893884e-14
vn -0.22252125 -0.97492784 -2.0177136e-07
vn -0.22252025 -0.97492808 -4.0354283e-07
vn -0.22251926 0.97492832 4.0354297e-07
vn -0.62348998 0.78183132 3.2361621e-07
vn -0.62348998 -0.78183132 -3.2361604e-07
vn -0.62349063 -0.78183079 -1.6180788e-07
vn -0.90096861 0.43388426 1.7959377e-07
vn -0.90096861 -0.43388426 -1.7959354e-07
vn -3.6450324e-06 -4.5707261e-06 1
vn 0.90093875 0.43386933 0.0081679998
vn 0.70706999 0.70707023 -0.010187361
vn 0.70706993 0.70707023 -0.010187361
vn 0.62348175 0.78182131 0.005098077
vn 1.0432383e-06 -8.3195454e-07 1
vn -1.2882923e-07 -5.6443793e-07 1
vn 0.25881162 0.96590853 -0.0061011841
vn 0.22251694 0.97490978 -0.0060969186
vn -0.22252107 0.9749279 2.5221448e-07
vn 1.2882948e-07 -5.6443793e-07 1
vn 0.25881907 0.96592581 2.4988557e-07
vn -0.6234898 0.78183144 2.0226037e-07
vn 4.9960033e-07 -6.2647882e-07 1
vn -1.4298968e-07 -6.2647882e-07 1
vn -0.62348974 0.78183156 2.2248642e-07
vn -0.90096885 0.43388382 1.2347073e-07
vn -5.8461751e-06 -4.3863853e-17 1
vn -1.3008964e-06 -1.0374305e-06 1
vn 2.2011454e-06 -1.7553543e-06 1
vn -4.006481e-07 -5.0239709e-07 1
vn 0.90093881 0.4338693 0.0081676235
vn 0.70706999 0.70707023 -0.010187663
vn 0.70706987 0.70707029 -0.010187663
vn 0.62348163 0.78182137 0.0050978158
vn 0.22252078 0.97492665 -0.0015983523
vn 0.25881433 0.96590781 -0.0061011589
vn 0.25881639 0.96590728 -0.0061011589
vn -0.22252107 0.9749279 3.3196392e-07
vn -0.22252001 0.97492814 2.7743599e-07
vn 0.25881892 0.96592587 2.7487414e-07
vn -0.22252154 0.97492778 2.774359e-07
vn 7.219432e-07 -9.0528812e-07 1
vn -4.9960011e-07 -6.2647882e-07 1
vn -0.90096885 0.43388379 1.1224612e-07
vn -1.8798496e-06 -9.0528812e-07 1
vn 0.99993014 7.5024761e-12 -0.011819521
vn 0.96549165 -0.25870225 0.029983656
vn 0.96585363 0.25879923 -0.012236347
vn 0.96585405 0.25879768 -0.012236347
vn 0.90093881 -0.4338693 0.0081677698
vn 0.96585405 -0.25879768 -0.012236484
vn 0.62348163 -0.78182137 0.0050976509
vn 0.70706987 -0.70707029 -0.010187759
vn 0.70706987 -0.70707035 -0.010187759
vn 0.22252107 -0.9749279 -2.5221459e-07
vn 0.25881428 -0.96590781 -0.006101686
vn 0.25881252 -0.96590829 -0.006101686
vn -0.22252107 -0.9749279 -2.5221453e-07
vn -0.62348974 -0.78183156 -2.2248635e-07
vn -0.6234898 -0.78183144 -2.0226028e-07
vn -0.90096885 -0.43388379 -1.1505209e-07
vn -0.90096885 -0.43388382 -1.2347056e-07
vn -0.90096885 0.43388379 1.1505232e-07
vn 0.96549165 -0.25870222 0.029983656
vn 0.9658531 0.25880122 -0.012236347
vn 0.90093875 -0.43386936 0.0081673991
vn 0.9658531 -0.25880122 -0.012236484
vn 0.62348175 -0.78182131 0.0050973962
vn 0.70706987 -0.70707029 -0.010188033
vn 0.70706993 -0.70707023 -0.010188033
vn 0.25881639 -0.96590728 -0.006101686
vn -0.90096885 -0.43388382 -1.1224594e-07
vn -0.90096885 -0.43388382 -1.150521e-07
vn -0.90096885 0.43388382 1.1505232e-07
vn -1.2883005e-07 -5.6443793e-07 1
vn 5.2672212e-06 2.5365609e-06 1
vn 1.0432385e-06 -8.3195482e-07 1
vn 0.62348133 0.78182161 0.0050981236
vn 0.25880542 0.9659102 -0.0061011915
vn 0.2225183 0.97490942 -0.0060969265
vn -0.22252215 0.9749276 4.0354354e-07
vn 0.25882131 0.96592522 3.998172e-07
vn -0.62348944 0.7818318 3.2361706e-07
vn -1.4298878e-07 -6.2647888e-07 1
vn -2.7447834e-06 -6.2647888e-07 1
vn -3.6450272e-06 -4.5707243e-06 1
vn 0.90093875 0.43386939 0.0081676682
vn 0.70707011 0.70707011 -0.010187603
vn 0.70707083 0.70706934 -0.010187603
vn 0.62348133 0.78182161 0.0050981231
vn 0.22252236 0.97492725 -0.00079937081
vn 0.2588135 0.96590805 -0.0061011915
vn -0.22252148 0.97492778 2.8280894e-14
vn -0.22252215 0.9749276 1.700217e-08
vn 0.25882304 0.96592474 -3.2894548e-14
vn -0.22251943 0.97492826 4.0354379e-07
vn -0.90096879 0.43388388 1.7959398e-07
vn 0.99993014 7.5024761e-12 -0.011819536
vn 0.96549189 -0.25870144 0.029983561
vn 0.96585351 0.2587997 -0.012236334
vn 0.96585351 0.25879958 -0.012236334
vn 0.90093875 0.43386939 0.0081678573
vn 0.90093875 -0.43386939 0.0081676776
vn 0.96585351 -0.25879958 -0.012236441
vn 0.70707011 0.70707011 -0.010187461
vn 0.62348288 -0.78182036 0.0050975312
vn 0.70707011 -0.70707011 -0.010187753
vn 0.22252002 -0.97492814 -4.0354391e-07
vn 0.25881413 -0.96590787 -0.0061019934
vn 0.25880542 -0.9659102 -0.0061019934
vn -0.22251974 -0.9749282 -4.0354388e-07
vn -0.62348944 -0.7818318 -3.2361703e-07
vn -0.62348944 0.7818318 3.236172e-07
vn -0.90096879 0.43388388 1.7959405e-07
vn -0.90096879 -0.43388388 1.1450668e-13
vn -0.90095836 -0.4339056 -3.9328752e-06
vn -0.90096885 -0.43388376 1.1450668e-13
vn -0.90096885 0.43388376 1.5780482e-07
vn -0.90095836 0.4339056 1.7960305e-07
vn 0.99993014 7.5024761e-12 -0.011819743
vn 0.96549088 -0.25870508 0.029983956
vn 0.96585321 0.2588008 -0.012236534
vn 0.96585351 0.25879958 -0.012236534
vn 0.90093875 -0.43386939 0.0081673115
vn 0.96585351 -0.25879958 -0.012236748
vn 0.62348133 -0.78182161 0.0050974782
vn 0.70707083 -0.70706934 -0.010188192
vn 0.70707005 -0.70707005 -0.010188192
vn 0.22252002 -0.97492814 -2.8280707e-14
vn 0.25881413 -0.96590787 -0.0061015938
vn 0.25881988 -0.96590632 -0.0061015938
vn -0.22252215 -0.9749276 2.8280968e-14
vn -0.90096879 -0.43388388 -1.7959383e-07
vn -0.90095836 -0.4339056 -4.1124781e-06
vn -0.90096885 -0.43388376 -1.7959378e-07
vn -0.90096933 0.43388277 -2.2784073e-08
vn -0.90087163 0.43408564 1.7967757e-07
vn -0.31359792 -0.64206535 0.69957733
vn -0.29226756 -0.65599447 0.69588143
vn 0.31004283 -0.47362441 0.8243503
vn 0.31004283 -0.47361961 0.82435304
vn 0.31163028 0.47034732 0.82562703
vn 0.070503622 0.56414628 0.82265925
vn 0.070484534 0.56410801 0.82268709
vn 0.070483439 0.564107 0.82268792
vn -0.24245539 -0.32844442 0.9128744
vn -0.49975699 -0.19679132 0.84351414
vn -0.086325049 -0.61718559 0.78206772
vn -0.4938449 -0.17937405 0.8508479
vn -0.505023 -0.18240555 0.84361124
vn 0.18283653 -0.68441182 0.70579827
vn 0.064708509 -0.56159014 0.82488143
vn 0.32639071 -0.11400117 0.93833512
vn -0.46970078 -0.36895719 0.80202979
vn 0.59988427 -0.037485093 0.79920816
vn 0.23682603 -0.66627729 0.70709831
vn -0.16330159 0.28778315 0.94367021
vn 0.19209202 0.52447504 0.82947367
vn 0.19033477 0.51969802 0.83287853
vn 0.19065446 -0.52183396 0.8314687
vn 0.31153813 0.47022101 0.82573372
vn 0.19231743 0.5243485 0.82950145
vn 0.19039454 0.51984286 0.83277446
vn 0.31163263 0.47035173 0.82562363
vn 0.3901158 -0.098169364 0.91551757
vn 0.36216438 -0.17119302 0.91625863
vn 0.19887422 0.075587146 0.97710574
vn 0.66444385 -0.73471689 0.1367677
vn 0.6851241 -0.71866548 0.11884788
vn 0.76362574 -0.51526099 0.38907817
vn -0.15325005 0.36056039 0.9200601
vn -0.2277243 0.3158567 0.92107338
vn -0.1877152 0.057584107 0.98053408
vn -0.42345396 0.15413007 0.89270973
vn -0.34838229 0.33414018 0.87577403
vn -0.031769615 0.9906404 0.13274913
vn -0.079113044 0.99185765 0.099797435
vn -0.058338054 0.99122685 0.1186004
vn -0.24898182 0.88774335 0.38719478
vn 0.40170476 0.22078121 0.88875699
vn 0.19887452 0.075587295 0.97710568
vn 0.48447171 -0.029852327 0.87429744
vn 0.20989408 -0.12910859 0.96916223
vn 0.20989414 -0.12911288 0.96916163
vn 0.31004223 -0.47362295 0.82435131
vn 0.48400554 0.02551176 0.87469298
vn 0.20973685 0.12601934 0.96960276
vn 0.27385625 0.089453109 0.95760161
vn -0.074804053 0.23392461 0.96937281
vn -0.074765198 0.23401931 0.96935296
vn 0.41558075 -0.1847612 0.89059305
vn 0.17108276 -0.061369471 0.98334354
vn 0.66737783 0.73132163 0.14062561
vn -0.040271852 -0.98931527 0.14011951
vn 0.35991344 0.066878937 0.93058556
vn 0.32457024 0.16818482 0.93078893
vn -0.46972281 -0.36896527 0.80201316
vn -0.49393427 -0.17839704 0.85100144
vn -0.16288033 -0.059017099 0.9848792
vn -0.13668543 -0.13001576 0.98204529
vn -0.13303776 -0.32890296 0.93494588
vn -0.22869639 -0.27060345 0.93513191
vn -0.16244926 -0.058832105 0.98496145
vn -0.07667052 -0.10690831 0.99130833
vn -0.010152633 -0.2773959 0.96070206
vn 0.14743026 0.052318677 0.98768777
vn 0.029599838 -0.025683722 0.99923182
vn 0.14688344 -0.053826589 0.98768818
vn 0.16681287 -0.067412019 0.98368138
vn 0.20973866 0.12602022 0.96960229
vn 0.21005133 0.12645389 0.96947813
vn -0.1466597 0.046303622 0.98810267
vn -0.074765243 0.2340187 0.96935308
vn -0.16290081 -0.058966044 0.98487884
vn -0.070789233 -0.29690903 0.95227826
vn 0.21857511 0.04756555 0.97466016
vn 0.30991369 -0.20208949 0.92903894
vn 0.30095071 -0.23865074 0.92329544
vn -0.15324786 0.36056003 0.92006063
vn -0.18679866 0.068453342 0.98001039
vn 0.68544686 -0.57006055 0.45298302
vn 0.64810872 -0.29467461 0.7022264
vn 0.52997684 -0.37148497 0.7623145
vn 0.089678057 -0.24279565 0.96592343
vn 0.18590626 -0.52354926 0.8314656
vn 0.32456914 0.16818549 0.93078917
vn 0.50707805 0.38043696 0.77339488
vn 0.51495636 0.35593507 0.779827
vn -0.15797578 0.62588114 0.76375157
vn -0.30082157 0.64356911 0.70379341
vn -0.15937653 -0.093682006 0.98276281
vn -0.060831394 -0.31645638 0.94665456
vn -0.16245914 -0.058727946 0.98496604
vn -0.15239139 0.87923968 0.45134732
vn 0.67992163 0.57342058 0.45705086
vn 0.68339348 0.56734145 0.45945296
vn -0.15910181 -0.60699207 0.77861881
vn -0.13753608 -0.6207087 0.77188379
vn -0.15536237 -0.87520045 0.45813394
vn -0.14898503 -0.87757164 0.45570982
vn 0.085320197 -0.24436496 0.96592247
vn 0.067346998 0.18421713 0.98057556
vn 0.066359028 0.18152982 0.98114395
vn 0.066322476 -0.18347062 0.98078531
vn 0.067524269 0.1842635 0.98055464
vn 0.066190153 0.18106027 0.98124212
vn 0.044284698 -0.048661597 0.99783313
vn 0.0035281037 0.0012753718 0.99999297
vn 0.037238669 -0.051427923 0.9979822
vn -1.2726973e-07 -2.567098e-07 1
vn 9.9982053e-08 -3.5732026e-07 1
vn 7.8374734e-07 -5.0360916e-07 1
vn 0.076200269 -0.21079548 0.97455567
vn 0.046935271 -0.16773956 0.98471344
vn 0.070719279 -0.21250147 0.97459835
vn 0.071372367 -0.34368661 0.93636823
vn 0.016565295 -0.059199624 0.99810869
vn 0.091521665 -0.20444025 0.9745912
vn 0.083576627 -0.18669283 0.97885686
vn 0.096428119 -0.20239086 0.97454584
vn 0.52991897 0.086248495 0.84365106
vn 0.060187321 0.21151787 0.97551918
vn 0.065849818 0.17969392 0.98151612
vn 0.090736322 0.20032544 0.97551864
vn 1.3696344e-06 2.8675265e-07 1
vn -1.3636114e-07 -3.7210918e-07 1
vn -1.5309058e-07 -3.3798992e-07 1
vn 0.082686 0.18255255 0.97971302
vn 0.095555298 0.19828843 0.97547472
vn -1.5309035e-07 -3.379902e-07 1
vn 0.1799411 0.12846854 0.97525227
vn -0.051245153 0.2137451 0.97554445
vn 0.054847609 0.19275603 0.97971267
vn 0.055097684 0.21310666 0.97547412
vn -0.088242285 -0.37123966 0.92433459
vn -0.41154829 -0.53910017 0.73484623
vn 0.32361001 -0.22501704 0.91904509
vn 0.5093742 -0.36505139 0.77927876
vn 0.42915457 -0.41506812 0.80221242
vn 0.35700932 0.45131388 0.81783873
vn 0.17991 0.12841862 0.97526461
vn -0.14622135 0.6075092 0.78073806
vn 0.033667844 0.57693952 0.81609267
vn 0.012986169 0.56379187 0.82581478
vn -0.05129474 0.2134075 0.97561574
vn -0.088246375 -0.37121344 0.92434472
vn -0.039428785 -0.59054416 0.80604154
vn 0.087012038 0.18013814 0.97978526
vn 0.049915545 0.19343629 0.97984225
vn 0.1394572 0.54043454 0.82974827
vn 0.13945723 0.54043406 0.82974857
vn 0.19204371 0.52405769 0.82974857
vn 0.19204392 0.52405798 0.82974839
vn 0.24276023 0.50257844 0.82974839
vn 0.24275985 0.50257593 0.82975
vn 0.34057766 0.44717088 0.82707018
vn 0.088033602 -0.18431228 0.9789173
vn -0.41143402 -0.53932512 0.73474514
vn -0.46595708 -0.434095 0.77100295
vn 0.10389521 -0.33690566 0.93578863
vn 0.10388954 -0.33688331 0.93579733
vn 0.19159167 -0.53000677 0.82606626
vn 0.15639558 -0.54100186 0.82635188
vn 0.14226422 -0.72813237 0.67051035
vn 0.24289721 -0.50854373 0.82606548
vn 0.24289747 -0.50854403 0.82606524
vn 0.19159174 -0.53000838 0.82606518
vn -0.44800574 -0.54674137 0.70736468
vn 0.6605286 -0.20315252 0.72279394
vn 0.62284964 -0.78160691 0.033896539
vn 0.029578246 0.9994657 0.013908856
vn 0.13888946 -0.3300603 0.9336862
vn 0.13484463 -0.3300896 0.93426859
vn 0.07505209 -0.99711931 0.01096755
vn -0.04456801 -0.98424709 0.17108889
vn 0.042947866 0.99890208 0.018710444
vn 0.69492561 0.71528792 -0.07376729
vn 0.69493318 0.71527922 -0.073779821
vn 0.63055217 0.77614403 0.0020977994
vn 0.59737694 0.80181932 0.015049443
vn 0.66725123 0.73370105 0.1282907
vn 0.68244523 -0.56842726 0.45952037
vn 0.58782035 -0.6299845 0.50753003
vn 0.59961426 -0.79988223 0.025517145
vn 0.63285434 -0.77426791 -0.0021404901
vn 0.69624442 -0.71238965 -0.088003911
vn 0.66457623 -0.73521829 0.13338833
vn 0.57882684 0.63556689 0.51089555
vn 0.58334613 0.62756646 0.51562363
vn -0.037158385 0.86204916 0.50546074
vn -0.15116842 0.87614036 0.45774034
vn -0.038577542 -0.8567735 0.51424795
vn -0.030124053 -0.8599785 0.50944036
vn 0.058234178 0.9979865 0.025133712
vn -0.031842675 0.99035108 0.13487329
vn 0.0040719747 -0.74811846 0.6635527
vn 0.4873434 -0.57778347 0.65472335
vn -0.2755821 -0.80724609 0.52192742
vn 0.62072515 -0.76706904 0.16218933
vn 0.66458946 -0.73520839 0.13337721
vn 0.022618329 0.98717546 0.15802862
vn -0.031842615 0.99035108 0.13487332
vn 0.62193787 0.76554155 0.16474046
vn -0.044566624 -0.98424697 0.17108978
vn 0.025421618 -0.98846358 0.14930996
vn 0.58203793 -0.62852538 0.51593381
vn 0.5241996 -0.66515642 0.53177232
vn 0.4873566 -0.57781142 0.65468884
vn 0.46284652 0.69995105 0.54391325
vn 0.46774724 0.69078618 0.55138636
vn 0.088971451 0.83752084 0.5391131
vn -0.03365472 0.85723901 0.51381773
vn 0.0040901387 -0.74819988 0.66346079
vn 0.030555543 -0.84795028 0.52919441
vn 0.36248112 0.75043106 0.55268496
vn 0.20823237 0.80695617 0.55268526
vn 0.2082327 0.80695474 0.55268723
vn 0.28675237 0.78250235 0.55268717
vn 0.28675199 0.782502 0.55268788
vn 0.36247939 0.75042975 0.55268788
vn 0.097986951 0.82823259 0.55175114
vn 0.28418776 -0.78615934 0.54880852
vn 0.20108792 -0.71519214 0.66937572
vn 0.22318918 -0.80538076 0.54913425
vn 0.2841877 -0.78615975 0.54880798
vn 0.36028913 -0.75432193 0.54880792
vn 0.3602908 -0.75427091 0.54887694
vn -0.23398162 -0.87145984 0.43105721
vn 0.36028937 -0.75432235 0.5488072
vn 0.72155899 -0.47741103 0.50142932
vn -0.26370642 -0.80778939 0.52719563
vn -0.26371533 -0.80777377 0.52721512
vn 0.158678 -0.72477537 0.67046398
vn 0.13720714 -0.72912502 0.67048556
vn 0.38650128 -0.64104664 0.66308069
vn 0.62128121 -0.76720685 0.159384
vn 0.56722897 -0.803478 0.18076046
vn 0.56729543 -0.80343503 0.18074319
vn 0.62126803 -0.76721609 0.15939091
vn 0.087106489 0.9803896 0.17677286
vn 0.022877289 0.9868654 0.1599167
vn 0.022871204 0.98686594 0.15991414
vn 0.62352127 0.7662766 0.15505275
vn 0.5665127 0.80481213 0.17703328
vn 0.57052958 0.80104828 0.18115634
vn 0.57057375 0.80101818 0.18115027
vn 0.077078044 -0.97540212 0.2065179
vn 0.076225571 -0.97554296 0.20616889
vn 0.075053312 -0.99711919 0.010968604
vn 0.5830645 -0.81242555 0.00073674601
vn 0.63262951 -0.77399695 -0.02661931
vn 0.058234029 0.9979865 0.025133578
vn 0.6304186 0.77598232 -0.020587502
vn 0.55924463 0.82892501 0.011349752
vn 0.56635767 0.82405269 0.013274769
vn 0.56225979 -0.82686269 0.012727396
vn 0.083445929 0.99524492 0.050242573
vn 0.25307149 -0.93621886 0.24382184
vn 0.10621992 -0.96409231 0.2433995
vn 0.53610861 -0.80991763 0.23795164
vn 0.049986362 -0.9733935 0.22362129
vn 0.53610665 -0.80990237 0.23800808
vn 0.53653985 -0.82302451 0.18642877
vn 0.56724894 -0.80344296 0.18085362
vn 0.56725514 -0.80343896 0.180852
vn 0.50771171 0.83973598 0.1925417
vn 0.46083286 0.69503129 0.55187368
vn 0.50771183 0.83973593 0.19254167
vn 0.50337237 0.84369904 0.18651602
vn 0.097920187 0.82802665 0.55207205
vn 0.15966113 0.96911532 0.18794647
vn 0.088193521 0.97971481 0.17994677
vn 0.088189684 0.97971529 0.17994596
vn 0.076645657 -0.97516322 0.20780304
vn 0.076647662 -0.97516298 0.20780343
vn 0.11319464 -0.97434449 0.1945246
vn 0.1062078 -0.96406996 0.2434933
vn 0.049988836 -0.97338396 0.22366211
vn 0.36243701 0.75034034 0.55283707
vn 0.208179 0.8067503 0.55300587
vn 0.36029091 -0.75432569 0.54880166
vn 0.015001591 -0.86347651 0.50416589
vn 0.41983199 0.8827042 0.21112637
vn 0.29009697 0.94575632 0.14624879
vn 0.42514786 0.88016838 0.21107554
vn 0.32470867 0.88607979 0.33079734
vn 0.42171752 0.88667202 0.18964987
vn 0.24561127 0.95181054 0.18366235
vn 0.19980778 0.96125108 0.1899296
vn 0.16071357 0.96858144 0.18979244
vn 0.27670053 0.90208304 0.33118421
vn 0.47236684 0.86069518 0.18992999
vn 0.50430447 -0.82977307 0.23906821
vn 0.46559307 -0.85184681 0.23995848
vn -0.0062140953 -0.98137939 0.19197872
vn 0.25306514 -0.93619597 0.24391627
vn 0.33393341 -0.92377156 0.1874422
vn 0.24125975 -0.95218652 0.18744215
vn 0.33393309 -0.9237715 0.18744312
vn 0.25334448 -0.93729937 0.23934591
vn 0.42335501 -0.88636082 0.18744342
vn 0.42335528 -0.88636088 0.1874426
vn 0.33393371 -0.9237712 0.18744332
vn 0.46787545 -0.86364067 0.18766299
vn 0.23818763 -0.94006252 0.24402694
vn 0.16597484 -0.95540923 0.24422432
vn 0.11517823 -0.99067205 0.072820902
vn 0.12102079 -0.99006402 0.071604036
vn 0.12102183 -0.99006391 0.071604021
vn 0.56233895 -0.82680678 0.012863902
vn 0.56172383 -0.82721418 0.01352832
vn 5.0305698e-07 -4.3243534e-07 1
vn -1.6631756e-07 -3.2641682e-07 1
vn 0.70710605 0.70710605 0.0014217959
vn 0.45580968 0.8900761 -0.0014212683
vn 0.45579997 0.89008111 -0.0014212683
vn 0.45399004 0.89100564 0.0014217822
vn -5.1699221e-08 -3.2641682e-07 1
vn 0.15843256 0.98736876 -0.001421464
vn 0.15643431 0.98768735 -0.001421461
vn -0.15543081 0.98784679 4.6005485e-07
vn -0.15643431 0.98768735 0.0014218334
vn 4.9169131e-08 -3.1044087e-07 1
vn 0.15844165 0.98736727 0.0014403911
vn 0.0010182696 0.99999946 4.6566063e-07
vn -0.45216447 0.89193344 -0.0014212241
vn -0.45217821 0.89192647 -0.0014212241
vn -0.45399004 0.89100564 0.0014218963
vn 4.9169127e-08 -3.1044087e-07 1
vn 1.6631782e-07 -3.2641682e-07 1
vn -0.70567441 0.70853484 -0.001421469
vn -0.70566738 0.70854181 -0.001421469
vn -0.70710605 0.70710605 0.0014217959
vn -5.0305675e-07 -4.3243534e-07 1
vn 1.1787894e-06 -8.5644041e-07 1
vn -3.8301167e-07 -6.0663105e-08 1
vn 0.98768735 -0.15643431 0.0014215276
vn 0.98800528 0.15441355 -0.001421446
vn 0.98768735 0.1564343 -0.0014214426
vn -2.2183734e-07 -1.1303181e-07 1
vn 0.98800325 0.15442643 0.0014402308
vn 0.89191264 0.45220548 -0.0014215341
vn 0.89192659 0.45217803 -0.0014215341
vn 0.89100569 0.45398995 0.0014216938
vn -7.2546101e-07 -3.3265653e-08 1
vn 0.70854771 0.70566148 -0.0014213055
vn 0.70854175 0.7056675 -0.0014213055
vn -0.89008659 0.45578927 -0.0014215767
vn -0.89100569 0.45398995 -0.0014215743
vn 3.2234882e-07 -1.6424482e-07 1
vn -0.89008099 0.45580012 0.0014402494
vn -0.98736876 0.15843256 -0.0014214271
vn -0.98736739 0.15844133 -0.0014214271
vn -0.98768735 0.1564343 0.0014216106
vn 4.918175e-07 -7.7896217e-08 1
vn -0.98797232 -0.15462442 -0.0014234564
vn -0.98797184 -0.15462716 -0.0014234564
vn -0.98768771 -0.15643437 0.001138979
vn -1.9073218e-06 -9.7182863e-07 1
vn 8.2668669e-07 1.6540045e-07 1
vn -5.2157088e-07 -5.21571e-07 1
vn 0.89100605 -0.45399004 0.0011389412
vn 0.9874022 -0.15822658 -0.0011370797
vn 0.98739994 -0.15824063 -0.0011370797
vn 0.70710653 -0.70710653 0.00085479033
vn 0.8903442 -0.45528722 -0.00085417379
vn 0.89035934 -0.45525759 -0.00085417379
vn 0.45399043 -0.89100635 0.00057047122
vn 0.70639759 -0.70781505 -0.00057046453
vn 0.7063877 -0.70782489 -0.00057046453
vn -0.70710665 -0.70710665 0.00057046401
vn -0.45456937 -0.89071113 -0.00057187281
vn -0.45453373 -0.89072937 -0.00057187281
vn -0.45399049 -0.89100647 0.00028564714
vn -0.89100629 -0.45399016 0.00085497362
vn -0.70783639 -0.70637596 -0.00085643691
vn -0.70782465 -0.70638764 -0.00085643691
vn -0.89164227 -0.45273915 -0.0011401915
vn -0.89165097 -0.45272204 -0.0011401915
vn 0.15643446 -0.98768836 -4.6003467e-07
vn 0.15623376 -0.98772007 0.00028563142
vn 0.45336294 -0.89132595 -0.00028572543
vn 0.45344716 -0.89128309 -0.0002857254
vn -0.15643446 -0.9876883 -0.00028664793
vn -0.15663524 -0.98765653 -4.5980667e-07
vn -0.15645227 -0.9876855 -0.00028664793
vn 0.083442636 0.99524552 0.050236199
vn 0.53729814 -0.84239388 0.041027877
vn 0.55920392 0.82886714 0.016441286
vn 0.53333324 0.84581411 0.012415597
vn 0.56173587 -0.82723266 0.011786827
vn 0.56173414 -0.82723385 0.011786827
vn 0.52526098 -0.85093278 -0.0037870416
vn 0.11176024 0.98775166 0.10888641
vn 0.55923569 0.8289156 0.012423771
vn 0.52907616 0.84856915 -0.0029736534
vn 0.12102327 -0.99006367 0.071605369
vn 0.5012666 -0.86526775 0.0065942532
vn 0.52644962 -0.8502062 0.00040865279
vn 0.093146697 0.994757 0.04221686
vn 0.14122362 0.98984355 0.016296806
vn 0.49509895 -0.868783 0.009651578
vn 0.49815577 0.86706936 0.0056148311
vn 0.49815974 0.8670671 0.0056136623
vn 0.18375553 0.98296022 -0.0048060524
vn 0.1152547 -0.99133289 0.063051462
vn 0.18619573 -0.98250651 0.0034745568
vn 0.47699657 -0.87890518 -6.062286e-14
vn 0.50127488 -0.86528808 -6.3708458e-14
vn 0.47988585 0.87669289 0.033453103
vn 0.47566062 -0.8796289 6.5211912e-05
vn 0.24560007 -0.9693175 -0.010210393
vn 0.29323384 -0.95598638 -0.010197908
vn 0.245334 -0.96826643 0.047658272
vn 0.29123726 -0.9494741 0.11696083
vn 0.33993483 -0.94037348 0.011916609
vn 0.29323667 -0.95598829 -0.0099338712
vn 0.33994251 -0.94039363 -0.0099458946
vn 0.42886636 -0.90329963 0.011111437
vn 0.4309901 -0.90234607 0.0043667052
vn 0.29287672 0.95481974 0.050423633
vn 0.20325184 0.97783309 0.050309781
vn 0.29289228 0.95486945 -0.049380124
vn 0.27222061 0.96219391 -0.0088800471
vn 0.42898652 0.90195179 0.049533445
vn 0.44168463 0.89580166 0.04953837
vn 0.42898518 0.90195245 0.049532928
vn 0.4402779 0.89295316 0.093755141
vn 0.27197576 0.96132529 0.043391623
vn -0.41625914 -0.60930198 0.67489219
vn -0.40675086 -0.59538239 0.69287342
vn -0.39346313 -0.61376625 0.68445438
vn -0.3934637 -0.6137659 0.68445432
vn -0.29547825 -0.65685928 0.69370633
vn -0.32400057 -0.62308252 0.71189308
vn -0.38577273 -0.60176831 0.69932419
vn -0.30634156 -0.68100858 0.66511822
vn -0.33198765 -0.63844001 0.69439077
vn -0.27933577 -0.68070984 0.67720425
vn -0.27933234 -0.68071127 0.67720425
vn -0.29399234 -0.65355569 0.69744784
vn -0.2793318 -0.68071204 0.67720371
vn -0.2793321 -0.68071175 0.67720389
vn -0.17288023 -0.68827558 0.7045489
vn -0.20742692 -0.67227215 0.71065056
vn -0.18200918 -0.724617 0.66468251
vn -0.20893206 -0.67715204 0.7055583
vn -0.18124546 -0.72157562 0.6681906
vn -0.15432417 -0.72803712 0.66794163
vn -0.17378493 -0.69186348 0.70080221
vn -0.14816259 -0.69895053 0.69965422
vn -0.1481567 -0.69895166 0.69965434
vn -0.058450151 -0.72921294 0.68178594
vn -0.083175413 -0.70012432 0.70915991
vn -0.056934193 -0.7103045 0.70158815
vn -0.027852865 -0.74528593 0.66616303
vn -0.086313382 -0.72654712 0.68167388
vn -0.056581132 -0.70591331 0.70603472
vn -0.026586076 -0.71137989 0.70230466
vn -0.00077986694 -0.70710701 0.70710611
vn 0.0087656872 -0.70679224 0.70736688
vn 0.086185649 -0.74130082 0.66561639
vn 0.029881915 -0.69831777 0.71516389
vn 0.084324241 -0.72529268 0.68325686
vn 0.098461367 -0.73350716 0.67251217
vn 0.098460428 -0.73350728 0.67251217
vn 0.21408011 -0.69793326 0.68341702
vn 0.15514269 -0.68134713 0.71532989
vn 0.21424791 -0.69847804 0.68280762
vn 0.23162249 -0.71295869 0.66184658
vn 0.16198196 -0.71137249 0.68389404
vn 0.20998751 -0.68458557 0.69803137
vn 0.2820318 -0.65781426 0.69838274
vn 0.28208318 -0.6577931 0.69838196
vn 0.30976051 -0.65243298 0.69164997
vn 0.27544335 -0.64230925 0.71524107
vn 0.32293791 -0.62916887 0.7070061
vn 0.36560866 -0.60567379 0.70674574
vn 0.3516742 -0.60705894 0.71260417
vn -0.6067614 -0.43152317 0.66755402
vn -0.59103656 -0.42033887 0.68847001
vn -0.59274334 -0.44085449 0.67401975
vn -0.59274423 -0.4408533 0.67401981
vn -0.57748979 -0.41070265 0.70556986
vn -0.52730423 -0.47178602 0.70665991
vn -0.52206564 -0.53200233 0.6666491
vn -0.52171135 -0.46678483 0.71409327
vn -0.5081684 -0.54459673 0.66721761
vn -0.50817508 -0.54459023 0.66721779
vn -0.52005363 -0.52995074 0.66984808
vn -0.49419287 -0.52961183 0.68940896
vn -0.50605142 -0.51568091 0.69136471
vn -0.49419239 -0.52961177 0.68940932
vn -0.49419153 -0.52961254 0.68940938
vn -0.41337445 -0.60507905 0.68044168
vn -0.42998546 -0.55373573 0.71308434
vn -0.40646532 -0.63404924 0.65785068
vn -0.44929996 -0.57860845 0.68069214
vn -0.65461528 -0.30943474 0.68973106
vn -0.6515522 -0.25159514 0.71566725
vn -0.70484334 -0.191239 0.6830985
vn -0.66387576 -0.31381267 0.6788156
vn -0.67107743 -0.33156532 0.66311353
vn -0.67493463 -0.26062563 0.69031698
vn -0.65783924 -0.3109597 0.68596762
vn -0.6582424 -0.32522342 0.67893058
vn -0.57829362 -0.4112764 0.70457661
vn -0.59628636 -0.36523634 0.71487415
vn -0.60425436 -0.3701165 0.70561349
vn -0.73540425 -0.072234616 0.67376757
vn -0.73813069 -0.065357409 0.67148453
vn -0.72941643 -0.064584769 0.6810143
vn -0.73540556 -0.072230361 0.67376661
vn -0.73540556 -0.072230168 0.67376661
vn -0.71878672 -0.063644707 0.69231135
vn -0.70820051 -0.13486759 0.69300991
vn -0.69564843 -0.18874265 0.69314462
vn -0.68570012 -0.13057962 0.71607566
vn -0.72751915 -0.1385451 0.6719532
vn -0.70655149 -0.19170067 0.68120176
vn -0.7142719 -0.2039786 0.66948366
vn -0.72751975 -0.13854235 0.67195314
vn -0.70377266 -0.20098019 0.6814037
vn -0.69749951 -0.0051026545 0.7165671
vn -0.69819444 0.061827652 0.71323341
vn -0.69957441 -0.0051183011 0.71454144
vn -0.73171329 0.064789377 0.67852634
vn -0.73423982 0.061064899 0.67613828
vn -0.73391688 0.06498459 0.6761235
vn -0.71120411 0.062971674 0.70015943
vn -0.73865187 0.061430871 0.67128211
vn -0.70238817 0.12296744 0.70109195
vn 0.34903997 -0.60249978 0.71775001
vn 0.36115143 -0.5982905 0.71527481
vn 0.36115187 -0.59829026 0.71527481
vn 0.4026489 -0.59296691 0.69732642
vn 0.36055449 -0.59730178 0.71640146
vn -0.68696266 0.12026569 0.71667182
vn -0.69905931 0.18966927 0.68945026
vn -0.71094269 0.19289318 0.67627853
vn -0.74139667 0.12979709 0.65839475
vn -0.71124119 0.19172299 0.67629749
vn -0.7125482 0.19207467 0.67482024
vn -0.68712127 0.25379866 0.68077207
vn -0.70720434 0.19187862 0.6804738
vn -0.6541298 0.24161242 0.71675497
vn -0.66157496 0.31272632 0.68155766
vn -0.68614477 0.25343379 0.68189198
vn -0.66732401 0.31544369 0.67466581
vn -0.66543835 0.31455222 0.67694068
vn -0.66508889 0.31625161 0.67649221
vn -0.66508907 0.31625122 0.67649221
vn -0.60009766 0.3552711 0.71670443
vn -0.58135116 0.41345292 0.70077634
vn -0.60293639 0.42880365 0.6727519
vn -0.61306775 0.36295018 0.70172298
vn -0.61306733 0.3629511 0.70172286
vn -0.5975793 0.43094239 0.67615652
vn -0.60041231 0.42700833 0.67614269
vn -0.57155949 0.40648273 0.71280539
vn -0.59325022 0.42782053 0.68192649
vn -0.52853549 0.45902294 0.71410656
vn -0.52682966 0.45754245 0.71631378
vn -0.51918697 0.52906865 0.67121625
vn 0.40252507 -0.59277916 0.69755745
vn 0.42832881 -0.5834595 0.69000685
vn -0.51681745 0.52665526 0.67493254
vn -0.51218557 0.5327388 0.67368788
vn -0.51218587 0.53273845 0.67368788
vn -0.45075011 0.56282443 0.69285858
vn -0.50551313 0.51513273 0.69216675
vn -0.50640285 0.52672386 0.68272841
vn -0.50640243 0.52672404 0.68272859
vn -0.43635902 0.54485536 0.71604711
vn -0.41787452 0.61166823 0.67174613
vn -0.46308523 0.57823402 0.6717124
vn -0.41893348 0.61321741 0.66967094
vn -0.41140139 0.60219258 0.68418783
vn -0.40363002 0.60976404 0.68210751
vn -0.40362856 0.60976493 0.68210751
vn -0.33156958 0.61508173 0.7153573
vn -0.28186446 0.62659663 0.7265873
vn -0.3051649 0.67839307 0.66832417
vn -0.34344098 0.63710999 0.69002843
vn -0.34344006 0.63711047 0.69002843
vn -0.29936573 0.66550434 0.68372816
vn -0.28875357 0.67496592 0.67900097
vn -0.28875259 0.67496604 0.67900133
vn -0.28876477 0.67496085 0.67900127
vn -0.16677035 0.66395181 0.72894144
vn -0.28398824 0.66382718 0.69187009
vn -0.17293762 0.6885035 0.70431209
vn -0.21908657 0.67416286 0.70534068
vn -0.16377601 0.72023809 0.67411757
vn -0.1799262 0.71632963 0.67416501
vn -0.23639934 0.72743559 0.64416832
vn -0.15978782 0.70269912 0.69331217
vn -0.094136596 0.70146841 0.70645618
vn -0.17268193 0.68748039 0.70537341
vn -0.093142226 0.69406766 0.71385896
vn -0.058219992 0.73648173 0.67394739
vn -0.055968475 0.7080062 0.70398486
vn -0.031626575 0.73736465 0.67475414
vn -0.031621877 0.73736489 0.67475408
vn -0.055967636 0.70800626 0.70398492
vn -0.030270075 0.70584589 0.70771837
vn 0.00077986624 0.70710635 0.70710677
vn 0.066060938 0.70549041 0.70563394
vn 0.066060573 0.70549053 0.70563382
vn 0.066060446 0.70549029 0.70563406
vn 0.1928973 0.68181461 0.70563406
vn 0.19289675 0.68181497 0.70563388
vn 0.31331828 0.63553828 0.70563638
vn 0.19289672 0.68181527 0.70563358
vn 0.31333759 0.63553184 0.70563364
vn 0.39576781 -0.58282596 0.70970541
vn 0.41684914 -0.56780565 0.70981228
vn 0.45366612 -0.55504745 0.69721544
vn 0.41283834 -0.5623439 0.71647322
vn 0.44863909 -0.54889643 0.70529121
vn 0.46931586 -0.53139651 0.70523781
vn 0.50110108 -0.51272428 0.69714528
vn 0.46170786 -0.52278429 0.71660477
vn 0.50110048 -0.51272464 0.69714546
vn 0.49670604 -0.50822842 0.70355308
vn 0.51913619 -0.49026901 0.70009565
vn 0.5191313 -0.49027404 0.70009577
vn 0.54241323 -0.46448451 0.70003003
vn 0.50689191 -0.47871006 0.71686625
vn 0.31329921 0.63549972 0.7056796
vn 0.31333461 0.63552648 0.70563984
vn 0.54026294 -0.46264333 0.70290619
vn 0.56593794 -0.44507053 0.69399315
vn 0.51935995 -0.49048591 0.69977766
vn 0.57678258 -0.41129404 0.70580387
vn 0.54818112 -0.43110651 0.71669006
vn 0.58383363 -0.41632059 0.69700462
vn 0.55686116 -0.43793434 0.70577562
vn 0.58383256 -0.41632161 0.69700497
vn 0.60602599 -0.35569549 0.71148658
vn 0.58464885 -0.38002324 0.71677613
vn 0.6015501 -0.35306364 0.71657765
vn 0.64745247 -0.34210879 0.68100435
vn 0.58902645 -0.38286933 0.71165925
vn 0.63061494 -0.29835203 0.71645719
vn 0.61650646 -0.32575691 0.71679997
vn 0.64812928 -0.30674624 0.69701874
vn 0.66806436 -0.27901739 0.68981105
vn 0.63540322 -0.30072433 0.71121562
vn 0.63540214 -0.30072665 0.71121556
vn 0.64335865 -0.26869908 0.71686155
vn 0.67273182 -0.24811502 0.69704437
vn 0.67576939 -0.21290544 0.70569611
vn 0.66471267 -0.24515824 0.70572972
vn 0.66510755 -0.20954621 0.71674424
vn 0.69200027 -0.18752354 0.6971159
vn 0.69199848 -0.1875273 0.69711661
vn 0.67171246 -0.18202752 0.71810055
vn 0.69871789 -0.1527143 0.69890743
vn 0.6987192 -0.15270877 0.69890732
vn 0.70283687 -0.12494216 0.70029265
vn 0.68137628 -0.1489255 0.71662229
vn 0.68137687 -0.1489242 0.71662205
vn 0.70581931 -0.12547147 0.69719154
vn 0.6976223 -0.15247087 0.70005411
vn 0.70567149 -0.06171101 0.70584667
vn 0.69190061 -0.086829439 0.71675253
vn 0.7140277 -0.062441576 0.69732738
vn 0.70289177 -0.088208213 0.70580626
vn 0.70406735 -0.061567906 0.70745927
vn 0.72295547 -0.024768716 0.69045049
vn 0.70422632 0.0010394157 0.70997477
vn 0.69721216 -0.023888765 0.71646667
vn 0.71661562 0.0010600364 0.69746751
vn 0.70370007 -0.024111062 0.71008795
vn 0.69719726 0.063043773 0.71410185
vn 0.69669867 0.038973585 0.71630442
vn 0.71355528 0.064527079 0.69762105
vn 0.69868618 0.039083723 0.71435994
vn 0.69909722 0.063218735 0.71222639
vn 0.7147823 0.10508072 0.6914075
vn 0.69909775 0.063213967 0.71222633
vn 0.70487511 0.12745725 0.69778627
vn 0.69045615 0.10150446 0.71621722
vn 0.68853867 0.1658781 0.70597374
vn 0.69054061 0.1248623 0.71243459
vn 0.68852121 0.16595563 0.70597255
vn 0.68853897 0.16587827 0.70597345
vn 0.67171234 0.1841619 0.71755624
vn 0.69055116 0.18933171 0.69806343
vn 0.69644392 0.16775538 0.69772774
vn 0.690575 0.1893321 0.69803977
vn 0.69371283 0.16712388 0.70059413
vn 0.66127884 0.22430308 0.71582007
vn 0.66731876 0.24836521 0.70213985
vn 0.67447197 0.22877981 0.70195967
vn 0.67080766 0.24966142 0.69834536
vn 0.63880682 0.28301883 0.71542031
vn 0.63947344 0.30496925 0.70573896
vn 0.64778227 0.28699559 0.70569938
vn 0.64593017 0.30804777 0.69848466
vn 0.64592987 0.30804858 0.6984846
vn 0.60702699 0.35869592 0.70912302
vn 0.61075228 0.33937371 0.71540695
vn 0.61580932 0.36388597 0.6988318
vn 0.61626112 0.34243497 0.7091971
vn 0.56407684 0.40475863 0.71971369
vn 0.57785439 0.39346942 0.71502876
vn 0.58084863 0.4167901 0.69921446
vn 0.58022052 0.39508784 0.71221465
vn 0.5802201 0.39508843 0.71221465
vn 0.58084774 0.41679159 0.69921428
vn 0.54142243 0.46641994 0.69950998
vn 0.54036987 0.44425079 0.71459198
vn 0.54036975 0.44425112 0.7145918
vn 0.53017443 0.4567773 0.71433157
vn 0.54033732 0.44422486 0.71463269
vn 0.53612697 0.4618564 0.70658088
vn 0.50398159 0.49673605 0.70658034
vn 0.49324703 0.50768405 0.70637405
vn 0.49840072 0.49123436 0.71434271
vn 0.49776563 0.51233304 0.6998173
vn 0.50854415 0.501239 0.70010167
vn 0.49739271 0.51196706 0.70035005
vn 0.50818545 0.50088012 0.70061874
vn 0.44817746 0.55165434 0.70343047
vn 0.45224404 0.53441632 0.714055
vn 0.45013982 0.55407292 0.70026946
vn 0.45922756 0.54266661 0.7032944
vn 0.39688191 0.58826149 0.70458019
vn 0.4040322 0.57281017 0.71319461
vn 0.39968672 0.59242022 0.69949186
vn 0.40905407 0.57992846 0.70452666
vn 0.39765865 0.58941376 0.70317781
vn 0.37958771 0.60497373 0.69994283
vn 0.37580156 0.59894139 0.70713675
vn 0.31331486 0.63548517 0.70568573
vn 0.32429644 0.63326544 0.70271379
vn 0.50410926 0.50206411 0.70271295
vn 0.50410885 0.50206321 0.70271385
vn 0.32428989 0.63326967 0.70271301
vn 0.1127206 0.70248693 0.70271343
vn 0.32428977 0.63326877 0.70271385
vn 0.11272698 0.70248526 0.70271409
vn 0.00072002545 0.70710653 0.70710665
vn 0.11272689 0.7024858 0.70271361
vn -0.11091051 0.70489621 0.7005856
vn -0.32170266 0.63458627 0.7027145
vn -0.10987043 0.70293808 0.70271373
vn -0.32171291 0.63458228 0.70271343
vn -0.502069 0.50410408 0.70271319
vn -0.32171276 0.6345821 0.70271361
vn -0.50206369 0.50410813 0.70271403
vn -0.50206381 0.50410837 0.70271379
vn 0.70249814 -0.11258258 0.70272434
vn 0.7024976 -0.11258268 0.70272487
vn 0.70293957 0.10986114 0.70271367
vn 0.70293903 0.10987045 0.70271277
vn 0.7029382 0.10987007 0.70271367
vn 0.6345737 0.32173297 0.70271194
vn 0.70293808 0.10986996 0.70271379
vn 0.63458174 0.32171249 0.70271409
vn 0.50411254 0.50205904 0.7027142
vn 0.63458198 0.32171273 0.70271379
vn 0.50411195 0.50205976 0.70271409
vn -0.63336444 0.32432881 0.7026096
vn -0.63335973 0.32433617 0.70261049
vn -0.70248693 0.1127206 0.70271343
vn -0.6332556 0.32432142 0.70271116
vn -0.7024858 0.11272682 0.70271355
vn -0.70248544 0.1127264 0.70271403
vn -0.70292771 -0.11001546 0.70270139
vn -0.70292789 -0.11001301 0.70270163
vn -0.70248646 0.11272655 0.70271295
vn 0.70250022 -0.11257238 0.70272392
vn 0.63345701 -0.32389855 0.70272464
vn 0.63345706 -0.32389858 0.70272458
vn 0.63344443 -0.3239187 0.70272672
vn 0.50256312 -0.50359619 0.7027241
vn 0.50256801 -0.50359058 0.70272464
vn 0.50256824 -0.50359076 0.70272434
vn 0.50257587 -0.50358433 0.7027235
vn 0.32261059 -0.6341145 0.7027241
vn 0.32261068 -0.63411462 0.70272398
vn 0.32254827 -0.63414019 0.70272958
vn 0.11115386 -0.70272499 0.70272499
vn 0.11115425 -0.70272571 0.70272422
vn -0.11144321 -0.70270318 0.70270097
vn -0.11131518 -0.70273435 0.70269006
vn -0.32339415 -0.63374126 0.70270067
vn -0.32339412 -0.6337409 0.70270103
vn -0.32341838 -0.63372582 0.70270348
vn -0.50360674 -0.5025844 0.70270133
vn -0.50360668 -0.50258428 0.70270145
vn -0.5036146 -0.50257552 0.70270211
vn -0.50360501 -0.50258601 0.70270145
vn -0.63439614 -0.32210505 0.70270181
vn -0.6343959 -0.32210475 0.70270222
vn -0.63439083 -0.32211748 0.70270091
vn -0.70292699 -0.11001509 0.70270216
vn -0.1114434 -0.70270205 0.70270205
vn -7.8732035e-07 9.7909992e-07 1
vn 2.5862551e-08 1.6116816e-07 1
vn 5.9037279e-07 -2.2202127e-07 1
vn 5.2187738e-07 3.5649751e-07 1
vn -7.5652338e-07 -1.285966e-07 1

# Mesh '' with 4380 faces
usemtl DefaultMaterial
f  1//1 2//1 3//1
f  4//2 1//2 3//2
f  2//3 4//3 3//3
f  5//4 6//4 7//4
f  6//4 8//4 7//4
f  9//2 10//2 7//2
f  8//2 9//2 7//2
f  10//5 11//5 7//5
f  11//5 5//5 7//5
f  12//2 1//2 4//2
f  10//2 9//2 4//2
f  9//2 13//2 4//2
f  13//2 14//2 4//2
f  14//2 15//2 4//2
f  15//2 16//2 4//2
f  16//2 12//2 4//2
f  2//3 17//3 4//3
f  17//6 10//6 4//6
f  17//6 11//6 10//6
f  18//7 19//7 1//7
f  19//1 2//1 1//1
f  12//2 20//2 1//2
f  20//2 21//2 1//2
f  21//2 22//2 1//2
f  22//2 23//2 1//2
f  23//2 24//2 1//2
f  24//2 18//2 1//2
f  6//8 25//8 8//8
f  25//8 26//8 8//8
f  27//2 9//2 8//2
f  26//2 27//2 8//2
f  24//9 28//9 18//9
f  28//7 19//7 18//7
f  25//10 29//10 26//10
f  29//10 30//10 26//10
f  31//2 27//2 26//2
f  30//2 31//2 26//2
f  23//11 32//11 24//11
f  32//9 28//9 24//9
f  29//12 33//12 30//12
f  33//12 34//12 30//12
f  35//2 31//2 30//2
f  34//2 35//2 30//2
f  22//13 36//13 23//13
f  36//11 32//11 23//11
f  33//14 37//14 34//14
f  37//14 38//14 34//14
f  39//2 35//2 34//2
f  38//2 39//2 34//2
f  9//15 40//15 13//15
f  40//16 41//16 13//16
f  41//17 14//17 13//17
f  27//18 42//18 9//18
f  42//15 40//15 9//15
f  41//19 43//19 14//19
f  43//20 15//20 14//20
f  31//21 44//21 27//21
f  44//22 42//22 27//22
f  43//23 45//23 15//23
f  45//24 16//24 15//24
f  35//25 46//25 31//25
f  46//26 44//26 31//26
f  21//27 47//27 22//27
f  47//13 36//13 22//13
f  37//28 48//28 38//28
f  48//28 49//28 38//28
f  50//2 39//2 38//2
f  49//2 50//2 38//2
f  45//29 51//29 16//29
f  51//30 52//30 16//30
f  52//2 12//2 16//2
f  39//31 53//31 35//31
f  53//32 46//32 35//32
f  20//33 54//33 21//33
f  54//27 47//27 21//27
f  48//34 55//34 49//34
f  55//34 56//34 49//34
f  57//2 50//2 49//2
f  56//2 57//2 49//2
f  51//35 58//35 52//35
f  58//36 59//36 52//36
f  59//2 12//2 52//2
f  50//37 60//37 39//37
f  60//38 53//38 39//38
f  58//39 61//39 59//39
f  61//39 62//39 59//39
f  62//2 12//2 59//2
f  57//40 63//40 50//40
f  63//37 60//37 50//37
f  12//41 64//41 20//41
f  64//33 54//33 20//33
f  55//42 65//42 56//42
f  65//42 66//42 56//42
f  67//2 57//2 56//2
f  66//2 67//2 56//2
f  61//43 68//43 62//43
f  68//44 69//44 62//44
f  69//2 12//2 62//2
f  67//45 70//45 57//45
f  70//46 63//46 57//46
f  71//47 72//47 12//47
f  72//41 64//41 12//41
f  69//2 71//2 12//2
f  65//48 73//48 66//48
f  73//48 74//48 66//48
f  74//2 67//2 66//2
f  75//49 70//49 67//49
f  74//2 76//2 67//2
f  76//50 75//50 67//50
f  77//2 71//2 69//2
f  68//51 78//51 69//51
f  78//52 77//52 69//52
f  79//53 80//53 71//53
f  80//47 72//47 71//47
f  77//2 79//2 71//2
f  73//54 81//54 74//54
f  81//54 82//54 74//54
f  82//2 76//2 74//2
f  83//2 84//2 77//2
f  84//2 79//2 77//2
f  78//55 85//55 77//55
f  85//55 83//55 77//55
f  82//2 86//2 76//2
f  86//56 87//56 76//56
f  87//57 75//57 76//57
f  88//2 89//2 83//2
f  89//2 84//2 83//2
f  85//58 90//58 83//58
f  90//59 88//59 83//59
f  82//2 91//2 86//2
f  91//2 92//2 86//2
f  92//60 93//60 86//60
f  93//61 87//61 86//61
f  84//62 94//62 79//62
f  94//53 80//53 79//53
f  81//63 95//63 82//63
f  95//63 91//63 82//63
f  96//2 97//2 88//2
f  97//2 89//2 88//2
f  90//64 98//64 88//64
f  98//65 96//65 88//65
f  91//2 99//2 92//2
f  99//2 100//2 92//2
f  100//66 101//66 92//66
f  101//60 93//60 92//60
f  89//67 102//67 84//67
f  102//62 94//62 84//62
f  95//68 103//68 91//68
f  103//68 99//68 91//68
f  104//2 105//2 96//2
f  105//2 97//2 96//2
f  98//69 106//69 96//69
f  106//70 104//70 96//70
f  99//2 107//2 100//2
f  107//2 108//2 100//2
f  108//71 109//71 100//71
f  109//72 101//72 100//72
f  110//2 111//2 104//2
f  111//2 105//2 104//2
f  106//73 112//73 104//73
f  112//74 110//74 104//74
f  107//2 113//2 108//2
f  113//2 114//2 108//2
f  114//75 115//75 108//75
f  115//76 109//76 108//76
f  97//77 116//77 89//77
f  116//67 102//67 89//67
f  103//78 117//78 99//78
f  117//78 107//78 99//78
f  118//2 119//2 110//2
f  119//2 111//2 110//2
f  112//79 120//79 110//79
f  120//80 118//80 110//80
f  113//2 121//2 114//2
f  121//2 122//2 114//2
f  122//81 123//81 114//81
f  123//82 115//82 114//82
f  122//2 124//2 118//2
f  124//2 119//2 118//2
f  120//6 125//6 118//6
f  125//6 122//6 118//6
f  121//2 126//2 122//2
f  126//2 124//2 122//2
f  125//83 123//83 122//83
f  105//84 127//84 97//84
f  127//77 116//77 97//77
f  117//85 128//85 107//85
f  128//85 113//85 107//85
f  111//86 129//86 105//86
f  129//84 127//84 105//84
f  128//87 130//87 113//87
f  130//87 121//87 113//87
f  119//88 131//88 111//88
f  131//86 129//86 111//86
f  130//89 132//89 121//89
f  132//89 126//89 121//89
f  124//90 133//90 119//90
f  133//88 131//88 119//88
f  132//91 134//91 126//91
f  134//91 124//91 126//91
f  134//90 133//90 124//90
f  135//92 17//92 2//92
f  19//92 135//92 2//92
f  11//92 6//92 5//92
f  136//92 11//92 17//92
f  135//92 136//92 17//92
f  136//92 137//92 11//92
f  137//92 6//92 11//92
f  138//92 135//92 19//92
f  28//92 138//92 19//92
f  137//92 25//92 6//92
f  139//93 140//93 136//93
f  140//93 137//93 136//93
f  135//94 139//94 136//94
f  138//95 141//95 135//95
f  141//94 139//94 135//94
f  140//96 142//96 137//96
f  142//96 143//96 137//96
f  143//92 25//92 137//92
f  144//92 138//92 28//92
f  32//92 144//92 28//92
f  143//92 29//92 25//92
f  144//97 145//97 138//97
f  145//95 141//95 138//95
f  142//98 146//98 143//98
f  146//98 147//98 143//98
f  147//92 29//92 143//92
f  148//92 144//92 32//92
f  36//92 148//92 32//92
f  147//92 33//92 29//92
f  148//99 149//99 144//99
f  149//97 145//97 144//97
f  146//100 150//100 147//100
f  150//100 151//100 147//100
f  151//92 33//92 147//92
f  152//92 148//92 36//92
f  47//92 152//92 36//92
f  151//92 37//92 33//92
f  152//101 153//101 148//101
f  153//99 149//99 148//99
f  150//102 154//102 151//102
f  154//102 155//102 151//102
f  155//92 37//92 151//92
f  156//103 157//103 152//103
f  157//101 153//101 152//101
f  47//92 156//92 152//92
f  154//104 158//104 155//104
f  158//104 159//104 155//104
f  159//92 48//92 155//92
f  48//92 37//92 155//92
f  54//92 156//92 47//92
f  160//105 161//105 156//105
f  161//103 157//103 156//103
f  54//92 160//92 156//92
f  158//106 162//106 159//106
f  162//106 163//106 159//106
f  163//92 55//92 159//92
f  55//92 48//92 159//92
f  64//92 160//92 54//92
f  164//107 165//107 160//107
f  165//105 161//105 160//105
f  64//92 164//92 160//92
f  162//108 166//108 163//108
f  166//108 167//108 163//108
f  167//92 65//92 163//92
f  65//92 55//92 163//92
f  72//92 164//92 64//92
f  168//5 169//5 164//5
f  169//107 165//107 164//107
f  72//92 168//92 164//92
f  166//3 170//3 167//3
f  170//3 171//3 167//3
f  171//92 73//92 167//92
f  73//92 65//92 167//92
f  80//92 168//92 72//92
f  172//109 173//109 168//109
f  173//5 169//5 168//5
f  80//92 172//92 168//92
f  170//110 174//110 171//110
f  174//110 175//110 171//110
f  175//92 81//92 171//92
f  81//92 73//92 171//92
f  94//92 172//92 80//92
f  176//111 177//111 172//111
f  177//109 173//109 172//109
f  94//92 176//92 172//92
f  174//112 178//112 175//112
f  178//112 179//112 175//112
f  179//92 95//92 175//92
f  95//92 81//92 175//92
f  102//92 176//92 94//92
f  180//113 181//113 176//113
f  181//111 177//111 176//111
f  102//92 180//92 176//92
f  178//114 182//114 179//114
f  182//114 183//114 179//114
f  183//92 103//92 179//92
f  103//92 95//92 179//92
f  116//92 180//92 102//92
f  184//115 185//115 180//115
f  185//113 181//113 180//113
f  116//92 184//92 180//92
f  182//116 186//116 183//116
f  186//116 187//116 183//116
f  187//92 117//92 183//92
f  117//92 103//92 183//92
f  127//92 184//92 116//92
f  188//117 189//117 184//117
f  189//115 185//115 184//115
f  127//92 188//92 184//92
f  186//118 190//118 187//118
f  190//118 191//118 187//118
f  191//92 128//92 187//92
f  128//92 117//92 187//92
f  129//92 188//92 127//92
f  192//119 193//119 188//119
f  193//117 189//117 188//117
f  129//92 192//92 188//92
f  190//120 194//120 191//120
f  194//120 195//120 191//120
f  195//92 130//92 191//92
f  130//92 128//92 191//92
f  131//92 192//92 129//92
f  196//121 197//121 192//121
f  197//119 193//119 192//119
f  131//92 196//92 192//92
f  194//122 198//122 195//122
f  198//122 199//122 195//122
f  199//92 132//92 195//92
f  132//92 130//92 195//92
f  133//92 196//92 131//92
f  200//123 201//123 196//123
f  201//121 197//121 196//121
f  133//92 200//92 196//92
f  198//124 202//124 199//124
f  202//124 200//124 199//124
f  200//92 134//92 199//92
f  134//92 132//92 199//92
f  202//123 201//123 200//123
f  133//92 134//92 200//92
f  203//125 204//125 205//125
f  204//126 206//126 205//126
f  206//127 207//127 205//127
f  139//2 141//2 205//2
f  207//2 139//2 205//2
f  141//2 203//2 205//2
f  206//128 208//128 207//128
f  208//129 209//129 207//129
f  209//2 139//2 207//2
f  208//130 210//130 209//130
f  210//131 211//131 209//131
f  140//2 139//2 209//2
f  211//2 140//2 209//2
f  212//132 213//132 203//132
f  213//133 214//133 203//133
f  214//134 204//134 203//134
f  141//2 212//2 203//2
f  210//135 215//135 211//135
f  215//136 216//136 211//136
f  216//137 217//137 211//137
f  217//138 218//138 211//138
f  218//2 140//2 211//2
f  145//2 212//2 141//2
f  218//2 142//2 140//2
f  219//139 220//139 212//139
f  220//140 221//140 212//140
f  221//141 213//141 212//141
f  145//2 219//2 212//2
f  217//142 222//142 218//142
f  222//143 223//143 218//143
f  223//144 224//144 218//144
f  224//2 142//2 218//2
f  225//145 226//145 219//145
f  226//146 227//146 219//146
f  227//147 220//147 219//147
f  145//2 225//2 219//2
f  223//148 228//148 224//148
f  228//149 229//149 224//149
f  229//150 230//150 224//150
f  230//2 142//2 224//2
f  149//2 225//2 145//2
f  231//2 146//2 142//2
f  230//2 231//2 142//2
f  232//151 233//151 225//151
f  233//152 226//152 225//152
f  149//2 232//2 225//2
f  229//153 234//153 230//153
f  234//154 231//154 230//154
f  235//155 236//155 232//155
f  236//156 237//156 232//156
f  237//157 233//157 232//157
f  149//2 235//2 232//2
f  234//158 238//158 231//158
f  238//159 239//159 231//159
f  239//160 240//160 231//160
f  240//2 146//2 231//2
f  153//2 241//2 149//2
f  241//2 235//2 149//2
f  242//2 150//2 146//2
f  240//2 242//2 146//2
f  241//161 243//161 235//161
f  243//162 236//162 235//162
f  239//163 244//163 240//163
f  244//164 242//164 240//164
f  245//165 246//165 241//165
f  246//166 247//166 241//166
f  247//167 243//167 241//167
f  153//2 245//2 241//2
f  248//168 249//168 242//168
f  250//169 248//169 242//169
f  244//170 250//170 242//170
f  249//2 150//2 242//2
f  157//2 251//2 153//2
f  251//2 245//2 153//2
f  252//2 154//2 150//2
f  249//2 252//2 150//2
f  251//171 253//171 245//171
f  253//172 254//172 245//172
f  254//173 246//173 245//173
f  255//174 252//174 249//174
f  248//175 255//175 249//175
f  256//176 257//176 251//176
f  257//177 258//177 251//177
f  258//178 253//178 251//178
f  157//2 256//2 251//2
f  255//179 259//179 252//179
f  259//180 260//180 252//180
f  260//181 261//181 252//181
f  261//182 262//182 252//182
f  262//2 154//2 252//2
f  161//2 263//2 157//2
f  263//2 256//2 157//2
f  262//2 264//2 154//2
f  264//2 158//2 154//2
f  263//183 265//183 256//183
f  265//184 257//184 256//184
f  261//185 266//185 262//185
f  266//186 264//186 262//186
f  267//187 268//187 263//187
f  268//188 269//188 263//188
f  269//189 265//189 263//189
f  161//2 267//2 263//2
f  266//190 270//190 264//190
f  270//191 271//191 264//191
f  271//192 272//192 264//192
f  272//2 158//2 264//2
f  165//2 273//2 161//2
f  273//2 267//2 161//2
f  274//2 162//2 158//2
f  272//2 274//2 158//2
f  273//193 275//193 267//193
f  275//194 268//194 267//194
f  271//195 276//195 272//195
f  276//196 274//196 272//196
f  277//197 278//197 273//197
f  278//198 279//198 273//198
f  279//199 275//199 273//199
f  165//2 277//2 273//2
f  276//200 280//200 274//200
f  280//201 281//201 274//201
f  281//202 282//202 274//202
f  282//2 162//2 274//2
f  169//2 283//2 165//2
f  283//2 277//2 165//2
f  282//2 284//2 162//2
f  284//2 166//2 162//2
f  283//203 285//203 277//203
f  285//204 286//204 277//204
f  286//205 278//205 277//205
f  281//206 287//206 282//206
f  287//207 284//207 282//207
f  288//208 289//208 283//208
f  290//209 288//209 283//209
f  291//210 292//210 283//210
f  292//211 293//211 283//211
f  293//212 290//212 283//212
f  289//213 294//213 283//213
f  294//214 285//214 283//214
f  169//2 291//2 283//2
f  295//215 296//215 284//215
f  297//216 295//216 284//216
f  296//217 298//217 284//217
f  298//218 299//218 284//218
f  299//219 300//219 284//219
f  287//220 301//220 284//220
f  301//221 297//221 284//221
f  300//2 166//2 284//2
f  173//2 302//2 169//2
f  302//2 291//2 169//2
f  303//2 170//2 166//2
f  300//2 303//2 166//2
f  299//222 304//222 300//222
f  304//223 305//223 300//223
f  305//224 306//224 300//224
f  306//225 307//225 300//225
f  307//226 308//226 300//226
f  308//227 303//227 300//227
f  309//228 292//228 291//228
f  310//229 309//229 291//229
f  302//230 311//230 291//230
f  311//231 312//231 291//231
f  312//232 310//232 291//232
f  313//233 314//233 302//233
f  314//234 315//234 302//234
f  315//235 316//235 302//235
f  316//236 317//236 302//236
f  317//237 311//237 302//237
f  318//238 313//238 302//238
f  173//2 318//2 302//2
f  319//239 320//239 303//239
f  321//240 319//240 303//240
f  320//241 322//241 303//241
f  322//242 323//242 303//242
f  323//243 324//243 303//243
f  308//244 325//244 303//244
f  325//245 321//245 303//245
f  324//2 170//2 303//2
f  177//2 326//2 173//2
f  326//2 318//2 173//2
f  324//2 327//2 170//2
f  327//2 174//2 170//2
f  323//246 328//246 324//246
f  328//247 327//247 324//247
f  326//248 313//248 318//248
f  329//249 313//249 326//249
f  330//250 329//250 326//250
f  177//2 330//2 326//2
f  328//251 331//251 327//251
f  331//2 174//2 327//2
f  181//2 332//2 177//2
f  332//2 330//2 177//2
f  331//2 333//2 174//2
f  333//2 178//2 174//2
f  334//252 333//252 331//252
f  328//253 334//253 331//253
f  332//254 329//254 330//254
f  335//255 329//255 332//255
f  336//256 335//256 332//256
f  181//2 336//2 332//2
f  334//257 337//257 333//257
f  337//2 178//2 333//2
f  185//2 338//2 181//2
f  338//2 336//2 181//2
f  339//2 182//2 178//2
f  337//2 339//2 178//2
f  340//258 339//258 337//258
f  334//259 340//259 337//259
f  338//260 335//260 336//260
f  341//261 335//261 338//261
f  342//262 341//262 338//262
f  185//2 342//2 338//2
f  340//263 343//263 339//263
f  343//2 182//2 339//2
f  189//2 344//2 185//2
f  344//2 342//2 185//2
f  345//2 186//2 182//2
f  343//2 345//2 182//2
f  346//264 345//264 343//264
f  347//265 346//265 343//265
f  340//266 347//266 343//266
f  348//267 349//267 342//267
f  344//268 348//268 342//268
f  350//269 341//269 342//269
f  349//270 350//270 342//270
f  351//271 352//271 344//271
f  353//272 351//272 344//272
f  352//273 354//273 344//273
f  354//274 355//274 344//274
f  355//275 356//275 344//275
f  357//276 348//276 344//276
f  356//277 357//277 344//277
f  358//278 359//278 344//278
f  359//279 360//279 344//279
f  360//280 353//280 344//280
f  189//2 358//2 344//2
f  361//281 362//281 345//281
f  362//282 363//282 345//282
f  363//283 364//283 345//283
f  346//284 365//284 345//284
f  365//285 366//285 345//285
f  366//286 367//286 345//286
f  367//287 368//287 345//287
f  368//288 369//288 345//288
f  369//289 370//289 345//289
f  370//290 371//290 345//290
f  371//291 372//291 345//291
f  372//292 373//292 345//292
f  373//293 361//293 345//293
f  364//2 186//2 345//2
f  193//2 374//2 189//2
f  374//2 358//2 189//2
f  364//2 375//2 186//2
f  375//2 190//2 186//2
f  363//294 376//294 364//294
f  376//295 375//295 364//295
f  377//296 378//296 358//296
f  378//297 359//297 358//297
f  374//298 379//298 358//298
f  379//299 380//299 358//299
f  380//300 377//300 358//300
f  381//301 382//301 374//301
f  382//302 383//302 374//302
f  383//303 384//303 374//303
f  384//304 379//304 374//304
f  193//2 381//2 374//2
f  385//305 386//305 375//305
f  386//306 387//306 375//306
f  387//307 388//307 375//307
f  376//308 389//308 375//308
f  389//309 385//309 375//309
f  388//2 190//2 375//2
f  197//2 390//2 193//2
f  390//2 381//2 193//2
f  391//2 194//2 190//2
f  388//2 391//2 190//2
f  387//310 392//310 388//310
f  392//311 393//311 388//311
f  393//312 391//312 388//312
f  390//313 394//313 381//313
f  394//314 395//314 381//314
f  395//315 382//315 381//315
f  396//316 397//316 391//316
f  398//317 396//317 391//317
f  393//318 399//318 391//318
f  399//319 398//319 391//319
f  397//2 194//2 391//2
f  400//320 401//320 390//320
f  401//321 402//321 390//321
f  402//322 394//322 390//322
f  197//2 400//2 390//2
f  201//2 403//2 197//2
f  403//2 400//2 197//2
f  404//2 198//2 194//2
f  397//2 404//2 194//2
f  403//323 405//323 400//323
f  405//324 406//324 400//324
f  406//325 407//325 400//325
f  407//326 401//326 400//326
f  396//327 408//327 397//327
f  409//328 404//328 397//328
f  410//329 409//329 397//329
f  408//330 410//330 397//330
f  411//331 412//331 404//331
f  412//332 413//332 404//332
f  413//333 414//333 404//333
f  414//334 415//334 404//334
f  415//335 416//335 404//335
f  416//336 417//336 404//336
f  417//337 418//337 404//337
f  418//338 419//338 404//338
f  419//339 420//339 404//339
f  420//340 421//340 404//340
f  422//341 411//341 404//341
f  409//342 422//342 404//342
f  421//2 198//2 404//2
f  423//343 424//343 403//343
f  425//344 426//344 403//344
f  426//345 427//345 403//345
f  427//346 423//346 403//346
f  424//347 428//347 403//347
f  428//348 429//348 403//348
f  429//349 430//349 403//349
f  430//350 431//350 403//350
f  431//351 432//351 403//351
f  432//352 433//352 403//352
f  433//353 434//353 403//353
f  434//354 435//354 403//354
f  435//355 436//355 403//355
f  436//356 437//356 403//356
f  437//357 405//357 403//357
f  201//2 425//2 403//2
f  202//2 438//2 201//2
f  438//2 425//2 201//2
f  421//2 439//2 198//2
f  439//2 202//2 198//2
f  439//2 438//2 202//2
f  438//358 426//358 425//358
f  440//359 441//359 438//359
f  439//360 440//360 438//360
f  441//361 442//361 438//361
f  442//362 443//362 438//362
f  443//363 444//363 438//363
f  444//364 445//364 438//364
f  445//365 426//365 438//365
f  446//366 447//366 439//366
f  448//367 440//367 439//367
f  447//368 448//368 439//368
f  421//369 449//369 439//369
f  449//370 450//370 439//370
f  450//371 446//371 439//371
f  420//372 449//372 421//372
f  451//373 452//373 453//373
f  454//374 451//374 453//374
f  452//375 455//375 453//375
f  313//376 454//376 453//376
f  455//377 313//377 453//377
f  456//378 457//378 458//378
f  457//379 459//379 458//379
f  334//380 456//380 458//380
f  459//381 334//381 458//381
f  460//382 461//382 314//382
f  462//383 460//383 314//383
f  461//384 315//384 314//384
f  313//385 462//385 314//385
f  313//2 463//2 454//2
f  463//386 451//386 454//386
f  464//387 465//387 313//387
f  465//388 462//388 313//388
f  329//389 463//389 313//389
f  455//390 466//390 313//390
f  466//391 467//391 313//391
f  467//392 468//392 313//392
f  468//393 464//393 313//393
f  329//394 469//394 463//394
f  469//395 470//395 463//395
f  470//396 471//396 463//396
f  471//397 451//397 463//397
f  329//398 472//398 469//398
f  472//399 473//399 469//399
f  473//400 470//400 469//400
f  474//2 475//2 329//2
f  475//2 476//2 329//2
f  476//2 477//2 329//2
f  477//2 472//2 329//2
f  335//2 478//2 329//2
f  478//2 479//2 329//2
f  479//2 474//2 329//2
f  477//401 473//401 472//401
f  476//402 480//402 477//402
f  480//403 473//403 477//403
f  481//404 482//404 476//404
f  482//405 480//405 476//405
f  475//406 481//406 476//406
f  474//407 481//407 475//407
f  479//408 483//408 474//408
f  484//409 481//409 474//409
f  483//410 484//410 474//410
f  478//411 483//411 479//411
f  335//2 485//2 478//2
f  486//412 483//412 478//412
f  485//413 486//413 478//413
f  487//2 488//2 335//2
f  341//2 487//2 335//2
f  488//2 485//2 335//2
f  488//414 489//414 485//414
f  489//415 486//415 485//415
f  487//416 489//416 488//416
f  490//417 489//417 487//417
f  341//418 490//418 487//418
f  350//419 490//419 341//419
f  334//420 491//420 456//420
f  491//421 457//421 456//421
f  334//422 492//422 491//422
f  493//423 457//423 491//423
f  492//424 493//424 491//424
f  494//425 495//425 340//425
f  495//426 496//426 340//426
f  496//427 347//427 340//427
f  334//428 497//428 340//428
f  497//429 498//429 340//429
f  498//430 494//430 340//430
f  499//431 500//431 347//431
f  496//432 499//432 347//432
f  500//433 346//433 347//433
f  501//2 328//2 323//2
f  502//434 501//434 323//434
f  322//435 502//435 323//435
f  503//2 328//2 501//2
f  504//436 503//436 501//436
f  502//437 504//437 501//437
f  505//2 328//2 503//2
f  504//438 505//438 503//438
f  506//2 328//2 505//2
f  507//2 506//2 505//2
f  504//439 508//439 505//439
f  508//440 507//440 505//440
f  509//2 506//2 507//2
f  510//441 509//441 507//441
f  508//442 510//442 507//442
f  510//443 506//443 509//443
f  511//2 328//2 506//2
f  510//444 512//444 506//444
f  512//445 513//445 506//445
f  513//446 511//446 506//446
f  514//2 328//2 511//2
f  513//447 514//447 511//447
f  515//2 328//2 514//2
f  513//448 515//448 514//448
f  516//2 334//2 328//2
f  515//2 516//2 328//2
f  513//449 517//449 515//449
f  517//450 516//450 515//450
f  492//2 334//2 516//2
f  518//451 492//451 516//451
f  519//452 518//452 516//452
f  517//453 519//453 516//453
f  518//454 493//454 492//454
f  459//455 497//455 334//455
f  465//456 460//456 462//456
f  495//457 499//457 496//457
f  464//458 460//458 465//458
f  520//459 521//459 464//459
f  468//460 520//460 464//460
f  521//461 460//461 464//461
f  494//462 499//462 495//462
f  522//463 523//463 494//463
f  498//464 522//464 494//464
f  523//465 499//465 494//465
f  452//466 524//466 455//466
f  524//467 466//467 455//467
f  525//468 497//468 459//468
f  457//469 525//469 459//469
f  520//470 467//470 466//470
f  524//471 520//471 466//471
f  522//472 526//472 497//472
f  525//473 522//473 497//473
f  526//474 498//474 497//474
f  467//475 520//475 468//475
f  526//476 522//476 498//476
f  482//477 473//477 480//477
f  471//478 452//478 451//478
f  470//479 527//479 471//479
f  527//480 452//480 471//480
f  473//481 528//481 470//481
f  528//482 527//482 470//482
f  482//483 528//483 473//483
f  490//484 529//484 489//484
f  529//485 486//485 489//485
f  521//486 461//486 460//486
f  523//487 500//487 499//487
f  502//488 530//488 504//488
f  530//489 508//489 504//489
f  531//490 484//490 483//490
f  486//491 531//491 483//491
f  532//492 521//492 520//492
f  524//493 532//493 520//493
f  533//494 523//494 522//494
f  525//495 533//495 522//495
f  508//496 534//496 510//496
f  534//497 512//497 510//497
f  349//498 490//498 350//498
f  348//499 535//499 349//499
f  535//500 490//500 349//500
f  320//501 502//501 322//501
f  500//502 365//502 346//502
f  461//503 316//503 315//503
f  536//504 524//504 452//504
f  527//505 536//505 452//505
f  481//506 537//506 482//506
f  537//507 528//507 482//507
f  538//508 525//508 457//508
f  493//509 538//509 457//509
f  513//510 539//510 517//510
f  539//511 519//511 517//511
f  540//512 519//512 539//512
f  541//513 525//513 538//513
f  542//514 541//514 538//514
f  543//515 493//515 518//515
f  544//516 543//516 518//516
f  519//517 544//517 518//517
f  543//518 538//518 493//518
f  543//519 542//519 538//519
f  540//520 544//520 519//520
f  481//521 545//521 537//521
f  545//522 528//522 537//522
f  513//523 546//523 539//523
f  546//524 540//524 539//524
f  481//525 547//525 545//525
f  547//526 548//526 545//526
f  548//527 528//527 545//527
f  549//528 524//528 536//528
f  550//529 549//529 536//529
f  527//530 550//530 536//530
f  528//531 548//531 527//531
f  548//532 551//532 527//532
f  551//533 552//533 527//533
f  552//534 550//534 527//534
f  484//535 553//535 481//535
f  553//536 554//536 481//536
f  554//537 547//537 481//537
f  555//538 533//538 525//538
f  541//539 555//539 525//539
f  556//540 532//540 524//540
f  549//541 556//541 524//541
f  512//542 557//542 513//542
f  557//543 558//543 513//543
f  558//544 546//544 513//544
f  319//545 559//545 320//545
f  559//546 502//546 320//546
f  560//547 561//547 547//547
f  554//548 560//548 547//548
f  561//549 548//549 547//549
f  549//550 550//550 562//550
f  563//551 549//551 562//551
f  564//552 563//552 562//552
f  565//553 564//553 562//553
f  550//554 552//554 562//554
f  552//555 551//555 562//555
f  551//556 561//556 562//556
f  561//557 565//557 562//557
f  561//558 551//558 548//558
f  560//559 566//559 561//559
f  566//560 565//560 561//560
f  567//561 541//561 542//561
f  543//562 567//562 542//562
f  544//563 567//563 543//563
f  568//564 569//564 546//564
f  558//565 568//565 546//565
f  569//566 540//566 546//566
f  569//567 544//567 540//567
f  569//568 567//568 544//568
f  570//569 541//569 567//569
f  571//570 570//570 567//570
f  572//571 571//571 567//571
f  569//572 572//572 567//572
f  573//573 572//573 569//573
f  568//574 573//574 569//574
f  555//575 541//575 570//575
f  574//576 555//576 570//576
f  575//577 574//577 570//577
f  576//578 575//578 570//578
f  571//579 576//579 570//579
f  573//580 577//580 572//580
f  577//581 571//581 572//581
f  578//582 564//582 565//582
f  579//583 578//583 565//583
f  566//584 579//584 565//584
f  580//585 581//585 566//585
f  560//586 580//586 566//586
f  581//587 579//587 566//587
f  582//588 583//588 577//588
f  573//589 582//589 577//589
f  583//590 584//590 577//590
f  584//591 571//591 577//591
f  585//592 578//592 579//592
f  581//593 585//593 579//593
f  580//594 586//594 581//594
f  586//593 585//593 581//593
f  584//595 576//595 571//595
f  587//596 531//596 486//596
f  529//597 587//597 486//597
f  588//598 589//598 484//598
f  531//599 588//599 484//599
f  589//600 590//600 484//600
f  590//601 553//601 484//601
f  558//602 591//602 568//602
f  591//603 573//603 568//603
f  592//604 461//604 521//604
f  593//605 592//605 521//605
f  532//606 593//606 521//606
f  594//607 595//607 523//607
f  533//608 594//608 523//608
f  595//609 500//609 523//609
f  596//610 593//610 532//610
f  556//611 596//611 532//611
f  597//612 594//612 533//612
f  555//613 597//613 533//613
f  598//614 560//614 554//614
f  553//615 598//615 554//615
f  530//616 599//616 508//616
f  599//617 534//617 508//617
f  600//618 576//618 584//618
f  583//619 600//619 584//619
f  601//620 582//620 573//620
f  602//621 601//621 573//621
f  591//622 602//622 573//622
f  534//623 603//623 512//623
f  603//624 604//624 512//624
f  604//625 557//625 512//625
f  557//626 591//626 558//626
f  563//627 556//627 549//627
f  598//628 580//628 560//628
f  605//629 575//629 576//629
f  606//630 605//630 576//630
f  600//631 606//631 576//631
f  607//632 556//632 563//632
f  564//633 607//633 563//633
f  608//634 598//634 553//634
f  590//635 608//635 553//635
f  609//636 608//636 590//636
f  589//637 609//637 590//637
f  597//638 555//638 574//638
f  610//639 597//639 574//639
f  611//640 610//640 574//640
f  575//641 611//641 574//641
f  557//642 612//642 591//642
f  612//643 602//643 591//643
f  535//644 613//644 490//644
f  613//645 529//645 490//645
f  604//646 612//646 557//646
f  614//647 580//647 598//647
f  608//648 614//648 598//648
f  615//649 586//649 580//649
f  614//650 615//650 580//650
f  616//651 365//651 500//651
f  595//652 616//652 500//652
f  617//653 316//653 461//653
f  592//654 617//654 461//654
f  603//655 618//655 604//655
f  619//656 612//656 604//656
f  618//657 619//657 604//657
f  559//658 620//658 502//658
f  620//659 530//659 502//659
f  621//660 556//660 607//660
f  564//661 621//661 607//661
f  622//662 621//662 564//662
f  623//663 622//663 564//663
f  578//664 623//664 564//664
f  621//665 596//665 556//665
f  619//666 602//666 612//666
f  624//667 578//667 585//667
f  625//668 624//668 585//668
f  586//669 625//669 585//669
f  615//670 626//670 586//670
f  626//671 625//671 586//671
f  627//672 628//672 583//672
f  582//673 627//673 583//673
f  628//674 629//674 583//674
f  629//675 600//675 583//675
f  630//676 624//676 625//676
f  626//677 630//677 625//677
f  615//678 631//678 626//678
f  631//679 630//679 626//679
f  632//680 593//680 596//680
f  633//681 632//681 596//681
f  621//682 633//682 596//682
f  634//683 594//683 597//683
f  635//684 634//684 597//684
f  610//685 635//685 597//685
f  629//686 606//686 600//686
f  588//687 609//687 589//687
f  534//688 636//688 603//688
f  636//689 618//689 603//689
f  637//690 601//690 602//690
f  619//691 637//691 602//691
f  617//692 317//692 316//692
f  616//693 366//693 365//693
f  638//694 627//694 582//694
f  601//695 638//695 582//695
f  639//696 611//696 575//696
f  605//697 639//697 575//697
f  614//698 640//698 615//698
f  641//699 631//699 615//699
f  640//700 641//700 615//700
f  624//701 642//701 578//701
f  642//702 623//702 578//702
f  643//703 588//703 531//703
f  587//704 643//704 531//704
f  644//705 606//705 629//705
f  628//706 644//706 629//706
f  632//707 645//707 593//707
f  645//708 646//708 593//708
f  646//709 592//709 593//709
f  647//710 595//710 594//710
f  634//711 648//711 594//711
f  648//712 647//712 594//712
f  599//713 649//713 534//713
f  649//688 636//688 534//688
f  650//714 638//714 601//714
f  637//715 650//715 601//715
f  651//716 605//716 606//716
f  652//717 651//717 606//717
f  644//718 652//718 606//718
f  653//719 624//719 630//719
f  631//720 653//720 630//720
f  641//721 654//721 631//721
f  654//720 653//720 631//720
f  655//722 656//722 628//722
f  627//723 655//723 628//723
f  656//724 657//724 628//724
f  657//725 644//725 628//725
f  658//726 624//726 653//726
f  659//727 658//727 653//727
f  654//728 659//728 653//728
f  641//729 660//729 654//729
f  660//730 659//730 654//730
f  661//731 635//731 610//731
f  611//732 661//732 610//732
f  657//733 652//733 644//733
f  357//734 535//734 348//734
f  662//735 587//735 529//735
f  613//736 662//736 529//736
f  356//737 663//737 357//737
f  663//738 535//738 357//738
f  647//739 664//739 595//739
f  664//740 616//740 595//740
f  665//741 617//741 592//741
f  646//742 665//742 592//742
f  620//743 666//743 530//743
f  666//744 599//744 530//744
f  638//745 655//745 627//745
f  321//746 559//746 319//746
f  616//747 367//747 366//747
f  70//748 61//748 58//748
f  51//749 70//749 58//749
f  75//750 68//750 61//750
f  70//751 75//751 61//751
f  75//752 78//752 68//752
f  75//753 85//753 78//753
f  75//754 90//754 85//754
f  70//755 51//755 45//755
f  43//756 70//756 45//756
f  75//757 98//757 90//757
f  75//758 106//758 98//758
f  41//759 70//759 43//759
f  75//760 112//760 106//760
f  40//761 70//761 41//761
f  75//762 120//762 112//762
f  42//763 70//763 40//763
f  75//764 125//764 120//764
f  44//765 70//765 42//765
f  75//766 123//766 125//766
f  53//767 60//767 44//767
f  46//768 53//768 44//768
f  63//769 70//769 44//769
f  60//770 63//770 44//770
f  75//771 115//771 123//771
f  75//772 109//772 115//772
f  75//773 101//773 109//773
f  75//774 87//774 93//774
f  101//775 75//775 93//775
f  617//776 311//776 317//776
f  667//777 639//777 605//777
f  651//778 667//778 605//778
f  668//779 661//779 611//779
f  639//780 668//780 611//780
f  643//781 609//781 588//781
f  609//782 614//782 608//782
f  633//783 645//783 632//783
f  635//784 648//784 634//784
f  649//785 618//785 636//785
f  622//786 633//786 621//786
f  640//787 669//787 641//787
f  670//788 660//788 641//788
f  669//789 670//789 641//789
f  671//790 642//790 624//790
f  658//791 671//791 624//791
f  609//792 672//792 614//792
f  672//793 640//793 614//793
f  673//794 674//794 622//794
f  674//795 633//795 622//795
f  675//796 673//796 622//796
f  623//797 675//797 622//797
f  676//798 677//798 638//798
f  677//799 655//799 638//799
f  678//800 676//800 638//800
f  650//801 678//801 638//801
f  325//802 559//802 321//802
f  617//803 312//803 311//803
f  672//804 679//804 640//804
f  679//805 669//805 640//805
f  680//806 643//806 587//806
f  681//807 680//807 587//807
f  662//808 682//808 587//808
f  682//809 683//809 587//809
f  683//810 681//810 587//810
f  684//811 685//811 659//811
f  685//812 686//812 659//812
f  686//813 687//813 659//813
f  687//814 658//814 659//814
f  660//815 688//815 659//815
f  688//816 689//816 659//816
f  689//817 684//817 659//817
f  670//818 690//818 660//818
f  690//819 688//819 660//819
f  691//820 652//820 657//820
f  656//821 691//821 657//821
f  677//822 691//822 656//822
f  655//823 677//823 656//823
f  642//824 692//824 623//824
f  692//825 675//825 623//825
f  693//826 664//826 647//826
f  648//827 694//827 647//827
f  694//828 693//828 647//828
f  645//829 695//829 646//829
f  695//830 696//830 646//830
f  696//831 665//831 646//831
f  666//832 697//832 599//832
f  697//833 698//833 599//833
f  698//834 649//834 599//834
f  618//835 637//835 619//835
f  663//836 699//836 535//836
f  699//837 613//837 535//837
f  700//838 650//838 637//838
f  618//839 700//839 637//839
f  701//840 651//840 652//840
f  691//841 701//841 652//841
f  702//842 668//842 639//842
f  667//843 702//843 639//843
f  703//844 367//844 616//844
f  664//845 703//845 616//845
f  704//846 312//846 617//846
f  665//847 704//847 617//847
f  325//848 705//848 559//848
f  705//849 706//849 559//849
f  706//850 620//850 559//850
f  680//851 609//851 643//851
f  698//852 618//852 649//852
f  669//853 707//853 670//853
f  707//854 708//854 670//854
f  708//855 709//855 670//855
f  709//856 690//856 670//856
f  687//857 671//857 658//857
f  710//858 609//858 680//858
f  681//859 710//859 680//859
f  694//860 648//860 635//860
f  711//861 694//861 635//861
f  712//862 711//862 635//862
f  661//863 712//863 635//863
f  698//864 713//864 618//864
f  713//865 700//865 618//865
f  683//866 710//866 681//866
f  633//867 695//867 645//867
f  697//868 713//868 698//868
f  701//869 714//869 651//869
f  714//870 667//870 651//870
f  715//871 693//871 694//871
f  711//872 715//872 694//872
f  716//873 696//873 695//873
f  633//874 674//874 695//874
f  674//875 716//875 695//875
f  710//876 672//876 609//876
f  666//877 717//877 697//877
f  718//878 713//878 697//878
f  717//879 718//879 697//879
f  440//880 719//880 441//880
f  719//881 442//881 441//881
f  448//882 719//882 440//882
f  720//883 678//883 650//883
f  700//884 720//884 650//884
f  308//885 705//885 325//885
f  682//886 710//886 683//886
f  676//887 721//887 677//887
f  722//888 723//888 677//888
f  721//889 722//889 677//889
f  723//890 691//890 677//890
f  679//891 724//891 669//891
f  724//892 707//892 669//892
f  448//893 725//893 719//893
f  725//894 442//894 719//894
f  726//895 692//895 642//895
f  671//896 726//896 642//896
f  727//897 712//897 661//897
f  668//898 727//898 661//898
f  725//899 728//899 442//899
f  728//900 443//900 442//900
f  728//901 444//901 443//901
f  447//902 729//902 448//902
f  729//903 725//903 448//903
f  704//904 310//904 312//904
f  446//905 730//905 447//905
f  730//906 729//906 447//906
f  703//907 368//907 367//907
f  731//908 662//908 613//908
f  699//909 731//909 613//909
f  693//910 732//910 664//910
f  732//911 703//911 664//911
f  733//912 704//912 665//912
f  696//913 733//913 665//913
f  706//914 734//914 620//914
f  734//915 666//915 620//915
f  729//916 735//916 725//916
f  735//917 728//917 725//917
f  714//918 702//918 667//918
f  721//919 676//919 678//919
f  736//920 721//920 678//920
f  720//921 736//921 678//921
f  729//922 737//922 735//922
f  738//923 728//923 735//923
f  737//924 738//924 735//924
f  739//925 444//925 728//925
f  738//926 739//926 728//926
f  730//927 740//927 729//927
f  740//928 741//928 729//928
f  741//929 737//929 729//929
f  742//930 727//930 668//930
f  702//931 742//931 668//931
f  741//932 743//932 737//932
f  743//933 738//933 737//933
f  724//934 708//934 707//934
f  744//935 700//935 713//935
f  718//936 744//936 713//936
f  745//937 720//937 700//937
f  744//938 745//938 700//938
f  687//939 726//939 671//939
f  731//940 746//940 662//940
f  746//941 682//941 662//941
f  739//942 445//942 444//942
f  747//943 732//943 693//943
f  715//944 747//944 693//944
f  716//945 748//945 696//945
f  748//946 733//946 696//946
f  746//947 749//947 710//947
f  682//948 746//948 710//948
f  749//949 672//949 710//949
f  734//950 750//950 666//950
f  750//951 717//951 666//951
f  741//952 751//952 743//952
f  751//953 752//953 743//953
f  752//954 738//954 743//954
f  753//955 716//955 674//955
f  673//956 753//956 674//956
f  741//957 754//957 751//957
f  755//958 756//958 751//958
f  754//959 755//959 751//959
f  756//960 757//960 751//960
f  757//961 752//961 751//961
f  758//962 739//962 738//962
f  752//963 758//963 738//963
f  759//964 754//964 741//964
f  740//965 759//965 741//965
f  749//966 760//966 672//966
f  760//967 679//967 672//967
f  761//968 753//968 673//968
f  762//969 761//969 673//969
f  675//970 762//970 673//970
f  450//971 730//971 446//971
f  763//972 757//972 756//972
f  755//973 763//973 756//973
f  739//974 426//974 445//974
f  739//975 427//975 426//975
f  745//976 736//976 720//976
f  449//977 730//977 450//977
f  307//978 705//978 308//978
f  703//979 369//979 368//979
f  704//980 309//980 310//980
f  355//981 663//981 356//981
f  764//982 763//982 755//982
f  754//983 764//983 755//983
f  765//984 730//984 449//984
f  420//985 765//985 449//985
f  736//986 766//986 721//986
f  767//987 722//987 721//987
f  766//988 767//988 721//988
f  757//989 768//989 752//989
f  768//990 769//990 752//990
f  769//991 758//991 752//991
f  770//992 764//992 754//992
f  771//993 770//993 754//993
f  759//994 771//994 754//994
f  760//995 772//995 679//995
f  772//996 724//996 679//996
f  773//997 768//997 774//997
f  768//998 757//998 774//998
f  757//999 763//999 774//999
f  775//1000 776//1000 774//1000
f  776//1001 777//1001 774//1001
f  777//1002 773//1002 774//1002
f  763//1003 778//1003 774//1003
f  778//1004 779//1004 774//1004
f  779//1005 775//1005 774//1005
f  764//1006 770//1006 763//1006
f  770//1007 771//1007 763//1007
f  771//1008 780//1008 763//1008
f  780//1009 781//1009 763//1009
f  781//1010 782//1010 763//1010
f  782//1011 778//1011 763//1011
f  692//1012 783//1012 675//1012
f  783//1013 762//1013 675//1013
f  750//1014 718//1014 717//1014
f  784//1015 747//1015 715//1015
f  711//1016 784//1016 715//1016
f  785//1017 748//1017 716//1017
f  753//1018 785//1018 716//1018
f  786//1019 784//1019 711//1019
f  787//1020 786//1020 711//1020
f  712//1021 787//1021 711//1021
f  788//1022 427//1022 739//1022
f  758//1023 788//1023 739//1023
f  765//1024 789//1024 730//1024
f  789//1025 740//1025 730//1025
f  714//1026 742//1026 702//1026
f  773//1027 769//1027 768//1027
f  790//1028 766//1028 736//1028
f  791//1029 790//1029 736//1029
f  745//1030 791//1030 736//1030
f  792//1031 787//1031 712//1031
f  727//1032 792//1032 712//1032
f  355//1033 793//1033 663//1033
f  793//1034 794//1034 663//1034
f  794//1035 699//1035 663//1035
f  795//1036 369//1036 703//1036
f  732//1037 795//1037 703//1037
f  796//1038 309//1038 704//1038
f  733//1039 796//1039 704//1039
f  307//1040 797//1040 705//1040
f  797//1041 798//1041 705//1041
f  798//1042 706//1042 705//1042
f  759//1043 780//1043 771//1043
f  306//1044 797//1044 307//1044
f  772//1045 799//1045 724//1045
f  799//1046 708//1046 724//1046
f  800//1047 783//1047 692//1047
f  726//1048 800//1048 692//1048
f  777//1049 769//1049 773//1049
f  801//1050 788//1050 758//1050
f  769//1051 801//1051 758//1051
f  802//1052 759//1052 740//1052
f  789//1053 802//1053 740//1053
f  714//1054 792//1054 727//1054
f  742//1055 714//1055 727//1055
f  777//1056 776//1056 769//1056
f  776//1057 803//1057 769//1057
f  803//1058 801//1058 769//1058
f  804//1059 780//1059 759//1059
f  802//1060 804//1060 759//1060
f  788//1061 423//1061 427//1061
f  718//1062 805//1062 744//1062
f  806//1063 745//1063 744//1063
f  805//1064 806//1064 744//1064
f  807//1065 731//1065 699//1065
f  794//1066 807//1066 699//1066
f  808//1067 805//1067 718//1067
f  750//1068 808//1068 718//1068
f  804//1069 781//1069 780//1069
f  747//1070 809//1070 732//1070
f  809//1071 795//1071 732//1071
f  810//1072 796//1072 733//1072
f  748//1073 810//1073 733//1073
f  790//1074 767//1074 766//1074
f  798//1075 811//1075 706//1075
f  811//1076 734//1076 706//1076
f  799//1077 709//1077 708//1077
f  687//1078 800//1078 726//1078
f  419//1079 765//1079 420//1079
f  788//1080 424//1080 423//1080
f  734//1081 808//1081 750//1081
f  807//1082 812//1082 731//1082
f  812//1083 746//1083 731//1083
f  813//1084 814//1084 747//1084
f  815//1085 813//1085 747//1085
f  814//1086 809//1086 747//1086
f  784//1087 815//1087 747//1087
f  816//1088 817//1088 748//1088
f  818//1089 816//1089 748//1089
f  785//1090 818//1090 748//1090
f  817//1091 810//1091 748//1091
f  811//1092 819//1092 734//1092
f  819//1093 808//1093 734//1093
f  820//1094 781//1094 804//1094
f  802//1095 820//1095 804//1095
f  796//1096 292//1096 309//1096
f  821//1097 424//1097 788//1097
f  801//1098 821//1098 788//1098
f  419//1099 822//1099 765//1099
f  822//1100 823//1100 765//1100
f  823//1101 789//1101 765//1101
f  795//1102 370//1102 369//1102
f  819//1103 805//1103 808//1103
f  753//1104 818//1104 785//1104
f  786//1105 815//1105 784//1105
f  812//1106 749//1106 746//1106
f  753//1107 816//1107 818//1107
f  786//1108 813//1108 815//1108
f  791//1109 824//1109 790//1109
f  824//1110 767//1110 790//1110
f  825//1111 821//1111 801//1111
f  803//1112 825//1112 801//1112
f  826//1113 802//1113 789//1113
f  823//1114 826//1114 789//1114
f  807//1115 827//1115 812//1115
f  827//1116 828//1116 812//1116
f  828//1117 749//1117 812//1117
f  828//1118 760//1118 749//1118
f  829//1119 817//1119 816//1119
f  830//1120 829//1120 816//1120
f  753//1121 830//1121 816//1121
f  761//1122 830//1122 753//1122
f  831//1123 832//1123 786//1123
f  832//1124 813//1124 786//1124
f  833//1125 831//1125 786//1125
f  787//1126 833//1126 786//1126
f  819//1127 834//1127 805//1127
f  834//1128 806//1128 805//1128
f  832//1129 814//1129 813//1129
f  811//1130 835//1130 819//1130
f  835//1131 836//1131 819//1131
f  836//1132 834//1132 819//1132
f  837//1133 838//1133 775//1133
f  838//1134 776//1134 775//1134
f  839//1135 840//1135 775//1135
f  840//1136 841//1136 775//1136
f  841//1137 837//1137 775//1137
f  779//1138 842//1138 775//1138
f  842//1139 839//1139 775//1139
f  820//1140 843//1140 781//1140
f  843//1141 844//1141 781//1141
f  844//1142 845//1142 781//1142
f  845//1143 846//1143 781//1143
f  846//1144 847//1144 781//1144
f  847//1145 782//1145 781//1145
f  848//1146 833//1146 787//1146
f  792//1147 848//1147 787//1147
f  776//1148 838//1148 803//1148
f  838//1149 837//1149 803//1149
f  837//1150 849//1150 803//1150
f  849//1151 825//1151 803//1151
f  826//1152 844//1152 802//1152
f  844//1153 843//1153 802//1153
f  843//1154 820//1154 802//1154
f  827//1155 850//1155 828//1155
f  850//1156 760//1156 828//1156
f  851//1157 829//1157 830//1157
f  852//1158 851//1158 830//1158
f  761//1159 852//1159 830//1159
f  796//1160 293//1160 292//1160
f  850//1161 853//1161 760//1161
f  853//1162 854//1162 760//1162
f  854//1163 772//1163 760//1163
f  855//1164 806//1164 834//1164
f  836//1165 855//1165 834//1165
f  856//1166 852//1166 761//1166
f  857//1167 856//1167 761//1167
f  762//1168 857//1168 761//1168
f  858//1169 859//1169 806//1169
f  859//1170 860//1170 806//1170
f  860//1171 745//1171 806//1171
f  855//1172 858//1172 806//1172
f  701//1173 848//1173 792//1173
f  714//1174 701//1174 792//1174
f  354//1175 793//1175 355//1175
f  796//1176 290//1176 293//1176
f  795//1177 371//1177 370//1177
f  305//1178 797//1178 306//1178
f  861//1179 862//1179 772//1179
f  854//1180 861//1180 772//1180
f  862//1181 799//1181 772//1181
f  863//1182 857//1182 762//1182
f  783//1183 864//1183 762//1183
f  864//1184 863//1184 762//1184
f  352//1185 865//1185 354//1185
f  865//1186 793//1186 354//1186
f  860//1187 866//1187 745//1187
f  866//1188 867//1188 745//1188
f  867//1189 868//1189 745//1189
f  868//1190 791//1190 745//1190
f  821//1191 428//1191 424//1191
f  796//1192 288//1192 290//1192
f  869//1193 870//1193 799//1193
f  862//1194 869//1194 799//1194
f  870//1195 709//1195 799//1195
f  865//1196 871//1196 793//1196
f  871//1197 794//1197 793//1197
f  872//1198 864//1198 783//1198
f  800//1199 872//1199 783//1199
f  873//1200 371//1200 795//1200
f  874//1201 873//1201 795//1201
f  875//1202 874//1202 795//1202
f  809//1203 875//1203 795//1203
f  289//1204 288//1204 796//1204
f  876//1205 289//1205 796//1205
f  810//1206 877//1206 796//1206
f  877//1207 878//1207 796//1207
f  878//1208 876//1208 796//1208
f  305//1209 879//1209 797//1209
f  879//1210 880//1210 797//1210
f  880//1211 798//1211 797//1211
f  841//1212 849//1212 837//1212
f  881//1213 882//1213 791//1213
f  882//1214 824//1214 791//1214
f  868//1215 881//1215 791//1215
f  418//1216 822//1216 419//1216
f  826//1217 845//1217 844//1217
f  883//1218 807//1218 794//1218
f  871//1219 883//1219 794//1219
f  870//1220 690//1220 709//1220
f  814//1221 884//1221 809//1221
f  884//1222 875//1222 809//1222
f  885//1223 877//1223 810//1223
f  817//1224 885//1224 810//1224
f  880//1225 886//1225 798//1225
f  886//1226 811//1226 798//1226
f  687//1227 872//1227 800//1227
f  417//1228 822//1228 418//1228
f  882//1229 887//1229 824//1229
f  887//1230 767//1230 824//1230
f  821//1231 429//1231 428//1231
f  304//1232 879//1232 305//1232
f  883//1233 888//1233 807//1233
f  888//1234 889//1234 807//1234
f  889//1235 890//1235 807//1235
f  890//1236 827//1236 807//1236
f  832//1237 891//1237 814//1237
f  891//1238 884//1238 814//1238
f  829//1239 892//1239 817//1239
f  892//1240 885//1240 817//1240
f  893//1241 894//1241 811//1241
f  894//1242 835//1242 811//1242
f  886//1243 895//1243 811//1243
f  895//1244 893//1244 811//1244
f  890//1245 850//1245 827//1245
f  896//1246 891//1246 832//1246
f  831//1247 896//1247 832//1247
f  897//1248 892//1248 829//1248
f  851//1249 897//1249 829//1249
f  898//1250 429//1250 821//1250
f  825//1251 898//1251 821//1251
f  417//1252 899//1252 822//1252
f  899//1253 900//1253 822//1253
f  900//1254 823//1254 822//1254
f  901//1255 836//1255 835//1255
f  894//1256 901//1256 835//1256
f  902//1257 896//1257 831//1257
f  903//1258 902//1258 831//1258
f  833//1259 903//1259 831//1259
f  904//1260 905//1260 833//1260
f  905//1261 903//1261 833//1261
f  848//1262 904//1262 833//1262
f  906//1263 898//1263 825//1263
f  849//1264 906//1264 825//1264
f  907//1265 826//1265 823//1265
f  900//1266 907//1266 823//1266
f  908//1267 909//1267 848//1267
f  909//1268 904//1268 848//1268
f  701//1269 908//1269 848//1269
f  299//1270 879//1270 304//1270
f  840//1271 910//1271 849//1271
f  841//1272 840//1272 849//1272
f  910//1273 906//1273 849//1273
f  911//1274 845//1274 826//1274
f  912//1275 911//1275 826//1275
f  907//1276 912//1276 826//1276
f  911//1277 846//1277 845//1277
f  691//1278 908//1278 701//1278
f  876//1279 294//1279 289//1279
f  873//1280 372//1280 371//1280
f  298//1281 879//1281 299//1281
f  898//1282 430//1282 429//1282
f  893//1283 913//1283 894//1283
f  913//1284 901//1284 894//1284
f  901//1285 914//1285 836//1285
f  914//1286 855//1286 836//1286
f  914//1287 858//1287 855//1287
f  915//1288 859//1288 858//1288
f  914//1289 915//1289 858//1289
f  915//1290 916//1290 859//1290
f  916//1291 860//1291 859//1291
f  916//1292 866//1292 860//1292
f  917//1293 867//1293 866//1293
f  916//1294 917//1294 866//1294
f  778//2 918//2 779//2
f  918//1295 919//1295 779//1295
f  919//1296 842//1296 779//1296
f  782//1297 920//1297 778//1297
f  920//2 918//2 778//2
f  921//1298 919//1298 918//1298
f  920//1299 921//1299 918//1299
f  782//1297 922//1297 920//1297
f  923//1300 921//1300 920//1300
f  922//1301 923//1301 920//1301
f  917//1302 924//1302 867//1302
f  924//1303 868//1303 867//1303
f  924//1304 881//1304 868//1304
f  925//1305 882//1305 881//1305
f  924//1306 925//1306 881//1306
f  926//1307 887//1307 882//1307
f  925//1308 926//1308 882//1308
f  912//1309 846//1309 911//1309
f  296//1310 879//1310 298//1310
f  927//1311 767//1311 887//1311
f  926//1312 927//1312 887//1312
f  893//1313 928//1313 913//1313
f  928//1314 901//1314 913//1314
f  416//1315 899//1315 417//1315
f  929//1316 897//1316 851//1316
f  852//1317 930//1317 851//1317
f  930//1318 929//1318 851//1318
f  856//1319 931//1319 852//1319
f  931//1320 930//1320 852//1320
f  857//1321 932//1321 856//1321
f  932//1322 931//1322 856//1322
f  863//1323 933//1323 857//1323
f  933//1324 932//1324 857//1324
f  864//1325 934//1325 863//1325
f  934//1326 933//1326 863//1326
f  872//1327 935//1327 864//1327
f  935//1328 934//1328 864//1328
f  936//1329 935//1329 872//1329
f  687//1330 936//1330 872//1330
f  686//1331 936//1331 687//1331
f  937//1332 938//1332 690//1332
f  870//1332 937//1332 690//1332
f  938//1333 688//1333 690//1333
f  939//1334 937//1334 870//1334
f  869//1334 939//1334 870//1334
f  940//1335 939//1335 869//1335
f  862//1336 940//1336 869//1336
f  941//1337 940//1337 862//1337
f  861//1337 941//1337 862//1337
f  942//1338 941//1338 861//1338
f  854//1339 942//1339 861//1339
f  943//1340 285//1340 294//1340
f  944//1341 943//1341 294//1341
f  876//1342 944//1342 294//1342
f  945//1343 944//1343 876//1343
f  878//1344 945//1344 876//1344
f  946//1345 945//1345 878//1345
f  877//1346 946//1346 878//1346
f  947//1347 946//1347 877//1347
f  885//1348 947//1348 877//1348
f  948//1349 947//1349 885//1349
f  892//1350 948//1350 885//1350
f  949//1351 948//1351 892//1351
f  897//1352 949//1352 892//1352
f  929//1353 949//1353 897//1353
f  950//1354 951//1354 850//1354
f  890//1355 950//1355 850//1355
f  951//1356 853//1356 850//1356
f  952//1357 854//1357 853//1357
f  951//1358 952//1358 853//1358
f  952//1359 942//1359 854//1359
f  889//1360 953//1360 890//1360
f  953//1361 950//1361 890//1361
f  883//1362 954//1362 888//1362
f  954//1362 955//1362 888//1362
f  955//1363 889//1363 888//1363
f  955//1363 953//1363 889//1363
f  871//1364 956//1364 883//1364
f  956//1364 954//1364 883//1364
f  865//1365 957//1365 871//1365
f  957//1365 956//1365 871//1365
f  352//1366 351//1366 865//1366
f  351//1367 957//1367 865//1367
f  958//1368 373//1368 372//1368
f  873//1369 958//1369 372//1369
f  959//1370 875//1370 884//1370
f  960//1371 959//1371 884//1371
f  891//1372 960//1372 884//1372
f  961//1373 960//1373 891//1373
f  896//1374 961//1374 891//1374
f  962//1375 874//1375 875//1375
f  959//1376 962//1376 875//1376
f  902//1377 961//1377 896//1377
f  963//1378 873//1378 874//1378
f  962//1379 963//1379 874//1379
f  963//1380 958//1380 873//1380
f  295//1381 879//1381 296//1381
f  964//1382 880//1382 879//1382
f  295//1383 964//1383 879//1383
f  965//1384 886//1384 880//1384
f  964//1385 965//1385 880//1385
f  966//1386 895//1386 886//1386
f  965//1387 966//1387 886//1387
f  967//1388 909//1388 908//1388
f  968//1389 967//1389 908//1389
f  691//1390 968//1390 908//1390
f  969//1391 904//1391 909//1391
f  967//1392 969//1392 909//1392
f  970//1393 905//1393 904//1393
f  969//1394 970//1394 904//1394
f  971//1395 961//1395 902//1395
f  972//1396 971//1396 902//1396
f  903//1397 972//1397 902//1397
f  973//1398 903//1398 905//1398
f  970//1399 973//1399 905//1399
f  973//1400 972//1400 903//1400
f  974//1401 893//1401 895//1401
f  966//1402 974//1402 895//1402
f  975//1403 928//1403 893//1403
f  974//1404 975//1404 893//1404
f  975//1405 976//1405 928//1405
f  976//1406 977//1406 928//1406
f  977//1407 901//1407 928//1407
f  723//1408 968//1408 691//1408
f  977//1409 914//1409 901//1409
f  978//1410 915//1410 914//1410
f  977//1411 978//1411 914//1411
f  979//1412 916//1412 915//1412
f  978//1413 979//1413 915//1413
f  980//1414 917//1414 916//1414
f  979//1415 980//1415 916//1415
f  980//1416 924//1416 917//1416
f  981//1417 925//1417 924//1417
f  980//1418 981//1418 924//1418
f  982//1419 926//1419 925//1419
f  981//1420 982//1420 925//1420
f  983//1421 927//1421 926//1421
f  984//1422 983//1422 926//1422
f  982//1423 984//1423 926//1423
f  983//1424 985//1424 927//1424
f  986//1425 987//1425 927//1425
f  987//1426 988//1426 927//1426
f  989//1427 767//1427 927//1427
f  988//1428 989//1428 927//1428
f  985//1429 986//1429 927//1429
f  990//1430 899//1430 416//1430
f  415//1431 990//1431 416//1431
f  898//1432 431//1432 430//1432
f  991//1433 431//1433 898//1433
f  906//1434 991//1434 898//1434
f  990//1435 992//1435 899//1435
f  992//1436 900//1436 899//1436
f  993//1437 994//1437 839//1437
f  994//1438 995//1438 839//1438
f  995//1439 996//1439 839//1439
f  996//1440 997//1440 839//1440
f  997//1441 840//1441 839//1441
f  842//1442 998//1442 839//1442
f  998//1443 993//1443 839//1443
f  912//1444 999//1444 846//1444
f  999//1445 1000//1445 846//1445
f  1000//1446 1001//1446 846//1446
f  1001//1447 1002//1447 846//1447
f  1002//1448 1003//1448 846//1448
f  1003//1449 847//1449 846//1449
f  907//1450 999//1450 912//1450
f  997//1451 910//1451 840//1451
f  1004//1452 991//1452 906//1452
f  910//1453 1004//1453 906//1453
f  1005//1454 907//1454 900//1454
f  992//1455 1005//1455 900//1455
f  996//1456 1006//1456 910//1456
f  997//1457 996//1457 910//1457
f  1006//1458 1004//1458 910//1458
f  1005//1459 1001//1459 907//1459
f  1001//1460 1000//1460 907//1460
f  1000//1461 999//1461 907//1461
f  995//1462 1006//1462 996//1462
f  919//1463 1007//1463 842//1463
f  1007//1464 998//1464 842//1464
f  847//1465 922//1465 782//1465
f  1008//1466 1007//1466 919//1466
f  921//1467 1008//1467 919//1467
f  847//1465 1009//1465 922//1465
f  1010//1468 923//1468 922//1468
f  1009//1469 1010//1469 922//1469
f  991//1470 432//1470 431//1470
f  414//1471 990//1471 415//1471
f  1011//1472 990//1472 414//1472
f  413//1473 1011//1473 414//1473
f  991//1474 433//1474 432//1474
f  1012//1475 1008//1475 1013//1475
f  1008//1476 921//1476 1013//1476
f  921//1477 1014//1477 1013//1477
f  1014//1478 1012//1478 1013//1478
f  923//1479 1014//1479 921//1479
f  1015//1480 434//1480 991//1480
f  434//1481 433//1481 991//1481
f  1004//1482 1015//1482 991//1482
f  1011//1483 1016//1483 990//1483
f  1016//1484 992//1484 990//1484
f  1017//1485 1015//1485 1004//1485
f  1006//1486 1017//1486 1004//1486
f  1018//1487 1005//1487 992//1487
f  1016//1488 1018//1488 992//1488
f  995//1489 1019//1489 1006//1489
f  1019//1490 1017//1490 1006//1490
f  1018//1491 1020//1491 1005//1491
f  1020//1492 1021//1492 1005//1492
f  1021//1493 1001//1493 1005//1493
f  1021//1494 1002//1494 1001//1494
f  994//1495 1019//1495 995//1495
f  1022//1496 1023//1496 1012//1496
f  1023//1497 1008//1497 1012//1497
f  1014//1498 1022//1498 1012//1498
f  923//1499 1024//1499 1014//1499
f  1024//1500 1025//1500 1014//1500
f  1025//1501 1026//1501 1014//1501
f  1026//1502 1022//1502 1014//1502
f  1023//1503 1007//1503 1008//1503
f  1010//1504 1024//1504 923//1504
f  1020//1505 1002//1505 1021//1505
f  1027//1506 993//1506 998//1506
f  1007//1507 1028//1507 998//1507
f  1028//1508 1027//1508 998//1508
f  1003//1509 1009//1509 847//1509
f  1023//1510 1028//1510 1007//1510
f  1003//1511 1029//1511 1009//1511
f  1030//1512 1010//1512 1009//1512
f  1029//1513 1030//1513 1009//1513
f  412//1514 1011//1514 413//1514
f  993//1515 1031//1515 994//1515
f  1031//1516 1019//1516 994//1516
f  1032//1517 1033//1517 993//1517
f  1033//1518 1034//1518 993//1518
f  1034//1519 1031//1519 993//1519
f  1027//1520 1032//1520 993//1520
f  1035//1521 1036//1521 1002//1521
f  1037//1522 1035//1522 1002//1522
f  1020//1523 1037//1523 1002//1523
f  1036//1524 1003//1524 1002//1524
f  1034//1525 1019//1525 1031//1525
f  1018//1526 1037//1526 1020//1526
f  1038//1527 1011//1527 412//1527
f  411//1528 1038//1528 412//1528
f  1015//1529 435//1529 434//1529
f  1039//1530 436//1530 1015//1530
f  436//1531 435//1531 1015//1531
f  1017//1532 1039//1532 1015//1532
f  1038//1533 1040//1533 1011//1533
f  1040//1534 1016//1534 1011//1534
f  1026//1535 1041//1535 1022//1535
f  1041//1536 1023//1536 1022//1536
f  1010//1537 1025//1537 1024//1537
f  1041//1538 1028//1538 1023//1538
f  1030//1537 1025//1537 1010//1537
f  1042//1539 1039//1539 1017//1539
f  1019//1540 1042//1540 1017//1540
f  1043//1541 1018//1541 1016//1541
f  1040//1542 1043//1542 1016//1542
f  1034//1543 1044//1543 1019//1543
f  1044//1544 1042//1544 1019//1544
f  1045//1545 1035//1545 1018//1545
f  1043//1546 1045//1546 1018//1546
f  1035//1547 1037//1547 1018//1547
f  1033//1548 1044//1548 1034//1548
f  1045//1549 1036//1549 1035//1549
f  422//1550 1046//1550 411//1550
f  1046//1551 1038//1551 411//1551
f  422//1552 1047//1552 1046//1552
f  1048//1553 1038//1553 1046//1553
f  1047//1554 1048//1554 1046//1554
f  1049//1555 1050//1555 1032//1555
f  1050//1556 1051//1556 1032//1556
f  1051//1557 1033//1557 1032//1557
f  1027//1558 1049//1558 1032//1558
f  1028//1559 1052//1559 1027//1559
f  1052//1560 1053//1560 1027//1560
f  1053//1561 1054//1561 1027//1561
f  1054//1562 1049//1562 1027//1562
f  1055//1563 1056//1563 1026//1563
f  1056//1564 1041//1564 1026//1564
f  1025//1565 1057//1565 1026//1565
f  1058//1566 1055//1566 1026//1566
f  1057//1567 1058//1567 1026//1567
f  1030//1568 1057//1568 1025//1568
f  1059//1569 1029//1569 1003//1569
f  1036//1570 1060//1570 1003//1570
f  1060//1571 1059//1571 1003//1571
f  1045//1572 1061//1572 1036//1572
f  1061//1573 1060//1573 1036//1573
f  1051//1574 1044//1574 1033//1574
f  1041//1575 1052//1575 1028//1575
f  1056//1576 1052//1576 1041//1576
f  1029//1577 1062//1577 1030//1577
f  1062//1568 1057//1568 1030//1568
f  1059//1578 1063//1578 1029//1578
f  1063//1579 1062//1579 1029//1579
f  1064//1580 1065//1580 1042//1580
f  1065//1581 1039//1581 1042//1581
f  1044//1582 1064//1582 1042//1582
f  1051//1583 1066//1583 1044//1583
f  1066//1584 1064//1584 1044//1584
f  1065//1585 1067//1585 1039//1585
f  1067//1586 437//1586 1039//1586
f  437//1587 436//1587 1039//1587
f  1068//1588 1069//1588 1043//1588
f  1069//1589 1061//1589 1043//1589
f  1061//1590 1045//1590 1043//1590
f  1040//1591 1068//1591 1043//1591
f  1038//1592 1070//1592 1040//1592
f  1070//1593 1068//1593 1040//1593
f  1048//1594 1070//1594 1038//1594
f  1069//1595 1060//1595 1061//1595
f  1050//1596 1066//1596 1051//1596
f  1067//1597 405//1597 437//1597
f  1071//1598 1066//1598 1050//1598
f  1049//1599 1071//1599 1050//1599
f  422//1600 1072//1600 1047//1600
f  1072//1601 1048//1601 1047//1601
f  1073//1602 1066//1602 1071//1602
f  1049//1603 1073//1603 1071//1603
f  1068//1604 1074//1604 1069//1604
f  1074//1605 1060//1605 1069//1605
f  1073//1606 1075//1606 1066//1606
f  1075//1607 1076//1607 1066//1607
f  1076//1608 1064//1608 1066//1608
f  1077//1609 1078//1609 1068//1609
f  1078//1610 1079//1610 1068//1610
f  1079//1611 1074//1611 1068//1611
f  1070//1612 1077//1612 1068//1612
f  1076//1613 1080//1613 1064//1613
f  1080//1614 1065//1614 1064//1614
f  1048//1615 1081//1615 1070//1615
f  1081//1616 1077//1616 1070//1616
f  1058//1617 1082//1617 1055//1617
f  1082//1618 1056//1618 1055//1618
f  1062//1619 1083//1619 1057//1619
f  1084//1620 1058//1620 1057//1620
f  1083//1621 1084//1621 1057//1621
f  1082//1622 1085//1622 1056//1622
f  1085//1623 1052//1623 1056//1623
f  1063//1624 1086//1624 1062//1624
f  1086//1625 1083//1625 1062//1625
f  1080//1626 1087//1626 1065//1626
f  1087//1627 1088//1627 1065//1627
f  1088//1628 1067//1628 1065//1628
f  1072//1629 1089//1629 1048//1629
f  1089//1630 1081//1630 1048//1630
f  1090//1631 1075//1631 1073//1631
f  1049//1632 1090//1632 1073//1632
f  1079//1633 1060//1633 1074//1633
f  1054//1634 1090//1634 1049//1634
f  1079//1635 1091//1635 1060//1635
f  1091//1636 1059//1636 1060//1636
f  422//1637 1092//1637 1072//1637
f  1092//1638 1089//1638 1072//1638
f  1088//1639 405//1639 1067//1639
f  1078//1640 1091//1640 1079//1640
f  1087//1641 405//1641 1088//1641
f  1052//1642 1085//1642 1053//1642
f  1085//1643 1093//1643 1053//1643
f  1093//1644 1094//1644 1053//1644
f  1094//1645 1054//1645 1053//1645
f  1095//1646 1063//1646 1059//1646
f  1091//1647 1095//1647 1059//1647
f  1095//1646 1096//1646 1063//1646
f  1096//1648 1086//1648 1063//1648
f  422//1649 1097//1649 1092//1649
f  1097//1650 1089//1650 1092//1650
f  1084//1651 1098//1651 1058//1651
f  1098//1652 1082//1652 1058//1652
f  1086//1653 1084//1653 1083//1653
f  1098//1654 1099//1654 1082//1654
f  1099//1655 1085//1655 1082//1655
f  1096//1656 1098//1656 1086//1656
f  1098//1657 1084//1657 1086//1657
f  1100//1658 1075//1658 1090//1658
f  1054//1659 1100//1659 1090//1659
f  1077//1660 1101//1660 1078//1660
f  1101//1661 1091//1661 1078//1661
f  1102//1662 1103//1662 1077//1662
f  1103//1663 1101//1663 1077//1663
f  1081//1664 1102//1664 1077//1664
f  1100//1665 1104//1665 1075//1665
f  1104//1666 1105//1666 1075//1666
f  1105//1667 1076//1667 1075//1667
f  1089//1668 1106//1668 1081//1668
f  1106//1669 1102//1669 1081//1669
f  1105//1670 1107//1670 1076//1670
f  1107//1671 1080//1671 1076//1671
f  1108//1672 1109//1672 1089//1672
f  1097//1673 1108//1673 1089//1673
f  1109//1674 1106//1674 1089//1674
f  1107//1675 1110//1675 1080//1675
f  1110//1676 1111//1676 1080//1676
f  1111//1677 1087//1677 1080//1677
f  1103//1678 1091//1678 1101//1678
f  1096//1679 1112//1679 1098//1679
f  1112//1680 1099//1680 1098//1680
f  422//1681 1108//1681 1097//1681
f  1111//1682 405//1682 1087//1682
f  1113//1683 1104//1683 1100//1683
f  1054//1684 1113//1684 1100//1684
f  1110//1685 405//1685 1111//1685
f  422//1686 1114//1686 1108//1686
f  1114//1687 1109//1687 1108//1687
f  1085//1688 1099//1688 1093//1688
f  1099//1689 1115//1689 1093//1689
f  1115//1690 1116//1690 1093//1690
f  1116//1691 1094//1691 1093//1691
f  1117//1692 1096//1692 1095//1692
f  1091//1693 1118//1693 1095//1693
f  1118//1694 1117//1694 1095//1694
f  1117//1692 1112//1692 1096//1692
f  1119//1695 1104//1695 1113//1695
f  1054//1696 1119//1696 1113//1696
f  1120//1697 1104//1697 1119//1697
f  1121//1698 1120//1698 1119//1698
f  1054//1699 1121//1699 1119//1699
f  1102//1700 1122//1700 1103//1700
f  1122//1701 1091//1701 1103//1701
f  1123//1702 1124//1702 1102//1702
f  1124//1703 1125//1703 1102//1703
f  1125//1704 1122//1704 1102//1704
f  1106//1705 1123//1705 1102//1705
f  1120//1706 1126//1706 1104//1706
f  1126//1707 1105//1707 1104//1707
f  1125//1708 1091//1708 1122//1708
f  1094//1709 1121//1709 1054//1709
f  1125//1710 1118//1710 1091//1710
f  1109//1711 1127//1711 1106//1711
f  1127//1712 1123//1712 1106//1712
f  1126//1713 1128//1713 1105//1713
f  1128//1714 1107//1714 1105//1714
f  1124//1715 1118//1715 1125//1715
f  1129//1716 1130//1716 1109//1716
f  1114//1717 1129//1717 1109//1717
f  1130//1718 1127//1718 1109//1718
f  1128//1719 1131//1719 1107//1719
f  1131//1720 1110//1720 1107//1720
f  422//1721 1129//1721 1114//1721
f  1131//1722 405//1722 1110//1722
f  1132//1723 405//1723 1131//1723
f  1128//1724 1132//1724 1131//1724
f  1099//92 1112//92 1115//92
f  1112//92 1117//92 1115//92
f  1117//1725 1133//1725 1115//1725
f  1133//1726 1116//1726 1115//1726
f  1118//1727 1133//1727 1117//1727
f  422//1728 1134//1728 1129//1728
f  1134//1729 1130//1729 1129//1729
f  1135//1730 1120//1730 1121//1730
f  1136//1731 1135//1731 1121//1731
f  1094//1732 1136//1732 1121//1732
f  1123//1733 1137//1733 1124//1733
f  1137//1734 1118//1734 1124//1734
f  1138//1735 1139//1735 1123//1735
f  1139//1736 1137//1736 1123//1736
f  1127//1737 1138//1737 1123//1737
f  1135//1738 1140//1738 1120//1738
f  1140//1739 1126//1739 1120//1739
f  1141//1740 949//1740 929//1740
f  930//1741 1141//1741 929//1741
f  931//1742 1142//1742 930//1742
f  1142//1743 1143//1743 930//1743
f  1143//1744 1141//1744 930//1744
f  932//1745 1144//1745 931//1745
f  1144//1746 1142//1746 931//1746
f  933//1747 1145//1747 932//1747
f  1145//1748 1146//1748 932//1748
f  1146//1749 1144//1749 932//1749
f  934//1750 1147//1750 933//1750
f  1147//1751 1145//1751 933//1751
f  935//1752 1148//1752 934//1752
f  1148//1753 1149//1753 934//1753
f  1149//1754 1147//1754 934//1754
f  936//1755 1150//1755 935//1755
f  1150//1756 1148//1756 935//1756
f  686//1757 1151//1757 936//1757
f  1151//1758 1150//1758 936//1758
f  685//1759 1151//1759 686//1759
f  947//1760 1152//1760 946//1760
f  1152//1761 1153//1761 946//1761
f  1153//1762 945//1762 946//1762
f  948//1763 1152//1763 947//1763
f  949//1764 1152//1764 948//1764
f  1154//1765 1152//1765 949//1765
f  1141//1766 1154//1766 949//1766
f  937//1767 1155//1767 938//1767
f  1155//1768 1156//1768 938//1768
f  1156//1769 1157//1769 938//1769
f  1157//1770 688//1770 938//1770
f  939//1771 1158//1771 937//1771
f  1158//1772 1155//1772 937//1772
f  940//1773 1158//1773 939//1773
f  1159//1774 1158//1774 940//1774
f  941//1775 1159//1775 940//1775
f  942//1776 1159//1776 941//1776
f  951//1777 1160//1777 952//1777
f  1159//1778 942//1778 952//1778
f  1160//1779 1159//1779 952//1779
f  1161//1780 285//1780 943//1780
f  944//1781 1161//1781 943//1781
f  1162//1782 1163//1782 944//1782
f  1163//1783 1161//1783 944//1783
f  945//1784 1162//1784 944//1784
f  1153//1785 1162//1785 945//1785
f  954//1786 1164//1786 955//1786
f  1165//1787 953//1787 955//1787
f  1164//1788 1165//1788 955//1788
f  1166//1789 950//1789 953//1789
f  1165//1790 1166//1790 953//1790
f  1167//1791 1164//1791 954//1791
f  956//1792 1167//1792 954//1792
f  1166//1793 951//1793 950//1793
f  957//1794 1167//1794 956//1794
f  1168//1795 1167//1795 957//1795
f  351//1796 1168//1796 957//1796
f  353//1797 1168//1797 351//1797
f  1166//1798 1160//1798 951//1798
f  1169//1799 962//1799 959//1799
f  960//1800 1169//1800 959//1800
f  961//1801 1170//1801 960//1801
f  1170//1802 1171//1802 960//1802
f  1171//1803 1169//1803 960//1803
f  1172//1804 963//1804 962//1804
f  1169//1805 1172//1805 962//1805
f  971//1806 1170//1806 961//1806
f  1173//1807 958//1807 963//1807
f  1172//1808 1173//1808 963//1808
f  1174//1809 373//1809 958//1809
f  1173//1810 1174//1810 958//1810
f  1174//1811 361//1811 373//1811
f  297//1812 1175//1812 295//1812
f  1175//1813 964//1813 295//1813
f  1175//1814 1176//1814 964//1814
f  1176//1815 1177//1815 964//1815
f  1177//1816 965//1816 964//1816
f  1177//1817 966//1817 965//1817
f  1177//1818 1178//1818 966//1818
f  1178//1819 974//1819 966//1819
f  1178//1820 1179//1820 974//1820
f  1179//1821 975//1821 974//1821
f  1180//1822 976//1822 975//1822
f  1179//1823 1180//1823 975//1823
f  1180//1824 977//1824 976//1824
f  1180//1825 1181//1825 977//1825
f  1181//1826 978//1826 977//1826
f  722//1827 968//1827 723//1827
f  722//1828 1182//1828 968//1828
f  1182//1829 967//1829 968//1829
f  1182//1830 969//1830 967//1830
f  1183//1831 970//1831 969//1831
f  1182//1832 1183//1832 969//1832
f  1183//1833 973//1833 970//1833
f  1184//1834 1185//1834 971//1834
f  1185//1835 1171//1835 971//1835
f  1171//1836 1170//1836 971//1836
f  1186//1837 1184//1837 971//1837
f  1187//1838 1186//1838 971//1838
f  972//1839 1187//1839 971//1839
f  973//1840 1187//1840 972//1840
f  1183//1841 1187//1841 973//1841
f  1181//1842 1188//1842 978//1842
f  1188//1843 979//1843 978//1843
f  1188//1844 980//1844 979//1844
f  1188//1845 1189//1845 980//1845
f  1189//1846 981//1846 980//1846
f  1189//1847 982//1847 981//1847
f  1190//1848 984//1848 982//1848
f  1189//1849 1190//1849 982//1849
f  1190//1850 983//1850 984//1850
f  1191//1851 985//1851 983//1851
f  1190//1852 1191//1852 983//1852
f  1191//1853 986//1853 985//1853
f  1139//1854 1118//1854 1137//1854
f  1130//1855 1192//1855 1127//1855
f  1192//1856 1138//1856 1127//1856
f  1140//1857 1193//1857 1126//1857
f  1193//1858 1128//1858 1126//1858
f  1194//1859 1150//1859 1151//1859
f  1195//1860 1194//1860 1151//1860
f  685//1861 1195//1861 1151//1861
f  1196//1862 1176//1862 1175//1862
f  297//1863 1197//1863 1175//1863
f  1197//1864 1196//1864 1175//1864
f  1194//1865 1148//1865 1150//1865
f  1194//1866 1149//1866 1148//1866
f  1198//1867 1147//1867 1149//1867
f  1194//1868 1198//1868 1149//1868
f  1198//1869 1145//1869 1147//1869
f  1198//1870 1146//1870 1145//1870
f  1199//1871 1144//1871 1146//1871
f  1198//1872 1199//1872 1146//1872
f  1200//1873 1201//1873 1130//1873
f  1134//1874 1200//1874 1130//1874
f  1201//1875 1192//1875 1130//1875
f  1193//1876 1202//1876 1128//1876
f  1202//1877 1132//1877 1128//1877
f  1199//1878 1142//1878 1144//1878
f  1199//1879 1143//1879 1142//1879
f  1203//1880 1141//1880 1143//1880
f  1199//1881 1203//1881 1143//1881
f  1203//1882 1154//1882 1141//1882
f  1185//1883 1169//1883 1171//1883
f  1196//1884 1204//1884 1176//1884
f  1204//1885 1205//1885 1176//1885
f  1205//1886 1177//1886 1176//1886
f  422//1887 1200//1887 1134//1887
f  1202//1888 405//1888 1132//1888
f  1206//1889 405//1889 1202//1889
f  1193//1890 1206//1890 1202//1890
f  1163//1891 285//1891 1161//1891
f  422//1892 1207//1892 1200//1892
f  1207//1893 1201//1893 1200//1893
f  1208//1894 1177//1894 1205//1894
f  1204//1895 1208//1895 1205//1895
f  1209//1896 1135//1896 1136//1896
f  1094//1897 1209//1897 1136//1897
f  1210//1898 1135//1898 1209//1898
f  1094//1899 1210//1899 1209//1899
f  1138//1900 1211//1900 1139//1900
f  1211//1901 1118//1901 1139//1901
f  1138//1902 1212//1902 1211//1902
f  1212//1903 1118//1903 1211//1903
f  1116//1904 1213//1904 1094//1904
f  1213//1905 1210//1905 1094//1905
f  1212//1906 1133//1906 1118//1906
f  1214//1907 1215//1907 1138//1907
f  1215//1908 1212//1908 1138//1908
f  1192//1909 1214//1909 1138//1909
f  1210//1910 1216//1910 1135//1910
f  1216//1911 1217//1911 1135//1911
f  1217//1912 1140//1912 1135//1912
f  1179//1913 1218//1913 1180//1913
f  1218//1914 1181//1914 1180//1914
f  1219//1915 1152//1915 1154//1915
f  1203//1916 1219//1916 1154//1916
f  1195//1917 1220//1917 1194//1917
f  1221//1918 1198//1918 1194//1918
f  1220//1919 1221//1919 1194//1919
f  1215//1920 1133//1920 1212//1920
f  1165//1921 1222//1921 1166//1921
f  1222//1922 1160//1922 1166//1922
f  1184//1923 1169//1923 1185//1923
f  1223//1924 1218//1924 1179//1924
f  1178//1925 1223//1925 1179//1925
f  1201//1926 1224//1926 1192//1926
f  1224//1927 1214//1927 1192//1927
f  1217//1928 1225//1928 1140//1928
f  1225//1929 1193//1929 1140//1929
f  1219//1930 1226//1930 1152//1930
f  1226//1931 1227//1931 1152//1931
f  1227//1932 1153//1932 1152//1932
f  1228//1933 1199//1933 1198//1933
f  1221//1934 1228//1934 1198//1934
f  1229//1935 1222//1935 1165//1935
f  1164//1936 1229//1936 1165//1936
f  1184//1937 1230//1937 1169//1937
f  1231//1938 1172//1938 1169//1938
f  1230//1939 1231//1939 1169//1939
f  1232//1940 1203//1940 1199//1940
f  1228//1941 1232//1941 1199//1941
f  1232//1942 1219//1942 1203//1942
f  1233//1943 285//1943 1163//1943
f  1162//1944 1233//1944 1163//1944
f  1234//1945 1223//1945 1178//1945
f  1177//1946 1234//1946 1178//1946
f  1204//1947 1235//1947 1208//1947
f  1235//1948 1177//1948 1208//1948
f  1227//1949 1236//1949 1153//1949
f  1236//1950 1162//1950 1153//1950
f  1213//1951 1216//1951 1210//1951
f  1190//1952 1237//1952 1191//1952
f  1237//1953 1238//1953 1191//1953
f  1238//1954 1239//1954 1191//1954
f  1240//1955 986//1955 1191//1955
f  1239//1956 1240//1956 1191//1956
f  1167//1957 1241//1957 1164//1957
f  1241//1958 1229//1958 1164//1958
f  1155//1959 1242//1959 1156//1959
f  1242//1960 1243//1960 1156//1960
f  1243//1961 1244//1961 1156//1961
f  1244//1962 1157//1962 1156//1962
f  767//1963 1182//1963 722//1963
f  1245//1964 1173//1964 1172//1964
f  1231//1965 1245//1965 1172//1965
f  1246//1966 1247//1966 1201//1966
f  1207//1967 1246//1967 1201//1967
f  1247//1968 1224//1968 1201//1968
f  1225//1969 1248//1969 1193//1969
f  1248//1970 1206//1970 1193//1970
f  1249//1971 1250//1971 1177//1971
f  1235//1972 1249//1972 1177//1972
f  1250//1973 1234//1973 1177//1973
f  1236//1974 1251//1974 1162//1974
f  1251//1975 1252//1975 1162//1975
f  1252//1976 1233//1976 1162//1976
f  1189//1977 1253//1977 1190//1977
f  1253//1978 1237//1978 1190//1978
f  1254//1979 1255//1979 1167//1979
f  1256//1980 1254//1980 1167//1980
f  1168//1981 1256//1981 1167//1981
f  1255//1982 1241//1982 1167//1982
f  1257//1983 1174//1983 1173//1983
f  1245//1984 1257//1984 1173//1984
f  1258//1985 1183//1985 1182//1985
f  767//1986 1258//1986 1182//1986
f  1158//1987 1259//1987 1155//1987
f  1259//1988 1242//1988 1155//1988
f  1252//1989 285//1989 1233//1989
f  422//1990 1260//1990 1207//1990
f  1260//1991 1246//1991 1207//1991
f  1248//1992 1261//1992 1206//1992
f  1261//1993 1262//1993 1206//1993
f  1262//1994 405//1994 1206//1994
f  353//1995 1256//1995 1168//1995
f  1204//1996 1249//1996 1235//1996
f  1188//1997 1263//1997 1189//1997
f  1263//1998 1253//1998 1189//1998
f  1264//1999 285//1999 1252//1999
f  1265//2000 1264//2000 1252//2000
f  1266//2001 1265//2001 1252//2001
f  1251//2002 1266//2002 1252//2002
f  1159//2003 1267//2003 1158//2003
f  1267//2004 1259//2004 1158//2004
f  1258//2005 1268//2005 1183//2005
f  1268//2006 1187//2006 1183//2006
f  1257//2007 361//2007 1174//2007
f  353//2008 1254//2008 1256//2008
f  1269//2009 361//2009 1257//2009
f  1245//2010 1269//2010 1257//2010
f  1270//2011 1216//2011 1213//2011
f  1271//2012 1270//2012 1213//2012
f  1116//2013 1271//2013 1213//2013
f  1272//2014 1220//2014 1195//2014
f  685//2015 1272//2015 1195//2015
f  1181//2016 1273//2016 1188//2016
f  1273//2017 1263//2017 1188//2017
f  1204//2018 1274//2018 1249//2018
f  1274//2019 1250//2019 1249//2019
f  1160//2020 1275//2020 1159//2020
f  1275//2021 1267//2021 1159//2021
f  1276//2022 1186//2022 1187//2022
f  1277//2023 1276//2023 1187//2023
f  1268//2024 1277//2024 1187//2024
f  1218//2025 1273//2025 1181//2025
f  1278//2026 1266//2026 1251//2026
f  1279//2027 1278//2027 1251//2027
f  1236//2028 1279//2028 1251//2028
f  1222//2029 1275//2029 1160//2029
f  1276//2030 1184//2030 1186//2030
f  1214//2031 1280//2031 1215//2031
f  1280//2032 1133//2032 1215//2032
f  1260//2033 1281//2033 1246//2033
f  1281//2034 1282//2034 1246//2034
f  1282//2035 1283//2035 1246//2035
f  1283//2036 1284//2036 1246//2036
f  1284//2037 1247//2037 1246//2037
f  1214//2038 1285//2038 1280//2038
f  1285//2039 1133//2039 1280//2039
f  1286//2040 1285//2040 1214//2040
f  1224//2041 1286//2041 1214//2041
f  1270//2042 1287//2042 1216//2042
f  1287//2043 1217//2043 1216//2043
f  1272//2044 1288//2044 1220//2044
f  1289//2045 1221//2045 1220//2045
f  1288//2046 1289//2046 1220//2046
f  1290//2047 1291//2047 1273//2047
f  1292//2048 1290//2048 1273//2048
f  1218//2049 1292//2049 1273//2049
f  1291//2050 1263//2050 1273//2050
f  1293//2051 1294//2051 1275//2051
f  1295//2052 1293//2052 1275//2052
f  1222//2053 1295//2053 1275//2053
f  1294//2054 1267//2054 1275//2054
f  1223//2055 1292//2055 1218//2055
f  1296//2056 1230//2056 1184//2056
f  1276//2057 1296//2057 1184//2057
f  1229//2058 1295//2058 1222//2058
f  1297//2059 1296//2059 1276//2059
f  1298//2060 1299//2060 1276//2060
f  1299//2061 1300//2061 1276//2061
f  1300//2062 1297//2062 1276//2062
f  1277//2063 1298//2063 1276//2063
f  1301//2064 1226//2064 1219//2064
f  1232//2065 1301//2065 1219//2065
f  1302//2066 1301//2066 1232//2066
f  1228//2067 1302//2067 1232//2067
f  1247//2068 1303//2068 1224//2068
f  1303//2069 1286//2069 1224//2069
f  1287//2070 1304//2070 1217//2070
f  1304//2071 1225//2071 1217//2071
f  685//2072 1288//2072 1272//2072
f  1229//2073 1293//2073 1295//2073
f  1223//2074 1290//2074 1292//2074
f  1305//2075 1228//2075 1221//2075
f  1289//2076 1305//2076 1221//2076
f  1306//2077 1226//2077 1301//2077
f  1307//2078 1306//2078 1301//2078
f  1302//2079 1307//2079 1301//2079
f  1229//2080 1308//2080 1293//2080
f  1308//2081 1294//2081 1293//2081
f  1309//2082 1289//2082 1288//2082
f  685//2083 1309//2083 1288//2083
f  1297//2084 1230//2084 1296//2084
f  1284//2085 1310//2085 1247//2085
f  1310//2086 1311//2086 1247//2086
f  1311//2087 1312//2087 1247//2087
f  1312//2088 1303//2088 1247//2088
f  1313//2089 1314//2089 1225//2089
f  1314//2090 1248//2090 1225//2090
f  1315//2091 1313//2091 1225//2091
f  1304//2092 1315//2092 1225//2092
f  1316//2093 1302//2093 1228//2093
f  1305//2094 1316//2094 1228//2094
f  1317//2095 1307//2095 1302//2095
f  1316//2096 1317//2096 1302//2096
f  1318//2097 1270//2097 1271//2097
f  1116//2098 1318//2098 1271//2098
f  1319//2099 1270//2099 1318//2099
f  1116//2100 1319//2100 1318//2100
f  1286//2101 1320//2101 1285//2101
f  1320//2102 1133//2102 1285//2102
f  1286//2103 1321//2103 1320//2103
f  1321//2104 1133//2104 1320//2104
f  1133//2105 1322//2105 1116//2105
f  1322//2106 1319//2106 1116//2106
f  1321//2107 1322//2107 1133//2107
f  1323//2108 1322//2108 1321//2108
f  1286//2109 1323//2109 1321//2109
f  1322//2110 1270//2110 1319//2110
f  1234//2111 1324//2111 1223//2111
f  1324//2112 1290//2112 1223//2112
f  1306//2113 1325//2113 1226//2113
f  1325//2114 1227//2114 1226//2114
f  1326//2115 1323//2115 1286//2115
f  1303//2116 1326//2116 1286//2116
f  1322//2117 1323//2117 1270//2117
f  1323//2118 1326//2118 1270//2118
f  1326//2119 1287//2119 1270//2119
f  1327//2120 1308//2120 1229//2120
f  1241//2121 1327//2121 1229//2121
f  1297//2122 1328//2122 1230//2122
f  1329//2123 1231//2123 1230//2123
f  1328//2124 1329//2124 1230//2124
f  1283//2125 1330//2125 1284//2125
f  1330//2126 1310//2126 1284//2126
f  1300//2127 1328//2127 1297//2127
f  1331//2128 1332//2128 1248//2128
f  1332//2129 1261//2129 1248//2129
f  1314//2130 1333//2130 1248//2130
f  1333//2131 1334//2131 1248//2131
f  1334//2132 1331//2132 1248//2132
f  1330//2133 1311//2133 1310//2133
f  1313//2134 1333//2134 1314//2134
f  1315//2135 1333//2135 1313//2135
f  1312//2136 1335//2136 1303//2136
f  1335//2137 1336//2137 1303//2137
f  1336//2138 1326//2138 1303//2138
f  1326//2139 1336//2139 1287//2139
f  1336//2140 1335//2140 1287//2140
f  1335//2141 1304//2141 1287//2141
f  1237//2142 1337//2142 1238//2142
f  1337//2143 1239//2143 1238//2143
f  1242//2144 1338//2144 1243//2144
f  1338//2145 1244//2145 1243//2145
f  989//2146 1258//2146 767//2146
f  1330//2147 1339//2147 1311//2147
f  1339//2148 1312//2148 1311//2148
f  1340//2149 1324//2149 1234//2149
f  1250//2150 1340//2150 1234//2150
f  1325//2151 1341//2151 1227//2151
f  1341//2152 1236//2152 1227//2152
f  1255//2153 1342//2153 1241//2153
f  1342//2154 1327//2154 1241//2154
f  1343//2155 1245//2155 1231//2155
f  1329//2156 1343//2156 1231//2156
f  1312//2157 1344//2157 1335//2157
f  1344//2158 1304//2158 1335//2158
f  1339//2159 1345//2159 1312//2159
f  1345//2160 1344//2160 1312//2160
f  1346//2161 1315//2161 1304//2161
f  1347//2162 1346//2162 1304//2162
f  1345//2163 1347//2163 1304//2163
f  1344//2164 1345//2164 1304//2164
f  1253//2165 1348//2165 1237//2165
f  1348//2166 1337//2166 1237//2166
f  989//2167 1349//2167 1258//2167
f  1349//2168 1268//2168 1258//2168
f  1259//2169 1350//2169 1242//2169
f  1350//2170 1338//2170 1242//2170
f  1351//2171 1352//2171 1250//2171
f  1274//2172 1351//2172 1250//2172
f  1352//2173 1340//2173 1250//2173
f  1339//2174 1353//2174 1345//2174
f  1353//2175 1354//2175 1345//2175
f  1354//2176 1347//2176 1345//2176
f  1341//2177 1355//2177 1236//2177
f  1355//2178 1279//2178 1236//2178
f  1356//2179 1357//2179 1255//2179
f  1358//2180 1356//2180 1255//2180
f  1254//2181 1358//2181 1255//2181
f  1357//2182 1342//2182 1255//2182
f  1343//2183 1359//2183 1245//2183
f  1359//2184 1269//2184 1245//2184
f  1360//2185 1333//2185 1315//2185
f  1346//2186 1360//2186 1315//2186
f  1361//2187 1360//2187 1346//2187
f  1347//2188 1361//2188 1346//2188
f  1330//2189 1353//2189 1339//2189
f  1362//2190 1289//2190 1309//2190
f  685//2191 1362//2191 1309//2191
f  1363//2192 1354//2192 1353//2192
f  1364//2193 1363//2193 1353//2193
f  1330//2194 1364//2194 1353//2194
f  1324//2195 1365//2195 1290//2195
f  1365//2196 1291//2196 1290//2196
f  1327//2197 1366//2197 1308//2197
f  1366//2081 1294//2081 1308//2081
f  1367//2198 1306//2198 1307//2198
f  1368//2199 1367//2199 1307//2199
f  1317//2200 1368//2200 1307//2200
f  1299//2201 1328//2201 1300//2201
f  1263//2202 1369//2202 1253//2202
f  1369//2203 1348//2203 1253//2203
f  1267//2204 1370//2204 1259//2204
f  1370//2205 1350//2205 1259//2205
f  1349//2206 1371//2206 1268//2206
f  1371//2207 1277//2207 1268//2207
f  1354//2208 1361//2208 1347//2208
f  1363//2209 1361//2209 1354//2209
f  353//2210 1358//2210 1254//2210
f  1204//2211 1351//2211 1274//2211
f  1359//2212 361//2212 1269//2212
f  1355//2213 1278//2213 1279//2213
f  353//2214 1356//2214 1358//2214
f  1372//2215 1373//2215 1351//2215
f  1204//2216 1372//2216 1351//2216
f  1373//2217 1352//2217 1351//2217
f  1291//2218 1374//2218 1263//2218
f  1374//2219 1369//2219 1263//2219
f  1294//2220 1375//2220 1267//2220
f  1375//2221 1370//2221 1267//2221
f  1376//2222 1298//2222 1277//2222
f  1377//2223 1376//2223 1277//2223
f  1371//2224 1377//2224 1277//2224
f  1378//2225 1305//2225 1289//2225
f  1362//2226 1378//2226 1289//2226
f  1379//2227 1366//2227 1327//2227
f  1342//2228 1379//2228 1327//2228
f  1365//2229 1374//2229 1291//2229
f  1340//2230 1380//2230 1324//2230
f  1380//2231 1365//2231 1324//2231
f  1381//2232 1278//2232 1355//2232
f  1382//2233 1381//2233 1355//2233
f  1341//2234 1382//2234 1355//2234
f  1366//2235 1375//2235 1294//2235
f  1376//2236 1383//2236 1298//2236
f  1383//2237 1299//2237 1298//2237
f  1367//2238 1384//2238 1306//2238
f  1384//2239 1325//2239 1306//2239
f  1299//2240 1385//2240 1328//2240
f  1386//2241 1329//2241 1328//2241
f  1385//2242 1386//2242 1328//2242
f  1387//2243 1378//2243 1362//2243
f  685//2244 1387//2244 1362//2244
f  1338//2245 1388//2245 1244//2245
f  1388//2246 1157//2246 1244//2246
f  988//2247 1349//2247 989//2247
f  1337//2248 1389//2248 1239//2248
f  1389//2249 1240//2249 1239//2249
f  1390//2250 1378//2250 1387//2250
f  685//2251 1390//2251 1387//2251
f  1391//2252 1316//2252 1305//2252
f  1378//2253 1391//2253 1305//2253
f  1357//2254 1392//2254 1342//2254
f  1392//2255 1379//2255 1342//2255
f  1393//2256 1380//2256 1340//2256
f  1352//2257 1393//2257 1340//2257
f  1384//2258 1394//2258 1325//2258
f  1394//2259 1341//2259 1325//2259
f  1395//2260 1343//2260 1329//2260
f  1386//2261 1395//2261 1329//2261
f  1396//2262 1317//2262 1316//2262
f  1397//2263 1396//2263 1316//2263
f  1391//2264 1397//2264 1316//2264
f  1390//2265 1391//2265 1378//2265
f  988//2266 1398//2266 1349//2266
f  1398//2267 1371//2267 1349//2267
f  1348//2268 1399//2268 1337//2268
f  1399//2269 1389//2269 1337//2269
f  1350//2270 1400//2270 1338//2270
f  1400//2271 1388//2271 1338//2271
f  1401//2272 1368//2272 1317//2272
f  1396//2273 1401//2273 1317//2273
f  1402//2274 1403//2274 1374//2274
f  1403//2275 1404//2275 1374//2275
f  1404//2276 1405//2276 1374//2276
f  1365//2277 1402//2277 1374//2277
f  1405//2278 1369//2278 1374//2278
f  1406//2279 1407//2279 1375//2279
f  1407//2280 1408//2280 1375//2280
f  1408//2281 1409//2281 1375//2281
f  1366//2282 1406//2282 1375//2282
f  1409//2283 1370//2283 1375//2283
f  1410//2284 1411//2284 1373//2284
f  1372//2285 1410//2285 1373//2285
f  1411//2286 1352//2286 1373//2286
f  1401//2287 1367//2287 1368//2287
f  1379//2288 1406//2288 1366//2288
f  1412//2289 1413//2289 1376//2289
f  1413//2290 1383//2290 1376//2290
f  1414//2291 1415//2291 1376//2291
f  1415//2292 1416//2292 1376//2292
f  1416//2293 1412//2293 1376//2293
f  1377//2294 1414//2294 1376//2294
f  684//2295 1417//2295 685//2295
f  1417//2296 1390//2296 685//2296
f  1383//2297 1385//2297 1299//2297
f  1418//2298 1407//2298 1406//2298
f  1379//2299 1418//2299 1406//2299
f  1380//2300 1402//2300 1365//2300
f  1419//2301 1403//2301 1402//2301
f  1380//2302 1419//2302 1402//2302
f  1413//2303 1385//2303 1383//2303
f  1420//2304 1367//2304 1401//2304
f  1396//2305 1420//2305 1401//2305
f  1421//2306 1420//2306 1396//2306
f  1397//2307 1421//2307 1396//2307
f  1388//2308 1422//2308 1157//2308
f  1422//2309 688//2309 1157//2309
f  987//2310 1398//2310 988//2310
f  1389//2311 1423//2311 1240//2311
f  1423//2312 986//2312 1240//2312
f  1424//2313 1385//2313 1413//2313
f  1412//2314 1424//2314 1413//2314
f  1425//2315 1426//2315 1420//2315
f  1426//2316 1367//2316 1420//2316
f  1421//2317 1425//2317 1420//2317
f  1427//2318 1428//2318 1357//2318
f  1356//2319 1427//2319 1357//2319
f  1428//2320 1392//2320 1357//2320
f  1411//2321 1429//2321 1352//2321
f  1429//2322 1430//2322 1352//2322
f  1430//2323 1393//2323 1352//2323
f  1431//2324 1382//2324 1341//2324
f  1432//2325 1431//2325 1341//2325
f  1394//2326 1432//2326 1341//2326
f  1395//2327 1433//2327 1343//2327
f  1433//2328 1359//2328 1343//2328
f  1392//2329 1418//2329 1379//2329
f  1393//2330 1419//2330 1380//2330
f  1434//2331 1386//2331 1385//2331
f  1424//2332 1434//2332 1385//2332
f  1426//2333 1435//2333 1367//2333
f  1435//2334 1384//2334 1367//2334
f  689//2335 1417//2335 684//2335
f  1370//2336 1436//2336 1350//2336
f  1436//2337 1400//2337 1350//2337
f  1398//2338 1437//2338 1371//2338
f  1437//2339 1377//2339 1371//2339
f  688//2340 1417//2340 689//2340
f  1422//2341 1417//2341 688//2341
f  1423//2342 1438//2342 986//2342
f  1438//2343 987//2343 986//2343
f  1438//2344 1398//2344 987//2344
f  1369//2345 1439//2345 1348//2345
f  1439//2346 1399//2346 1348//2346
f  1390//2347 1440//2347 1391//2347
f  1441//2348 1397//2348 1391//2348
f  1440//2349 1441//2349 1391//2349
f  1431//2350 1381//2350 1382//2350
f  1442//2351 1425//2351 1421//2351
f  1443//2352 1442//2352 1421//2352
f  1397//2353 1443//2353 1421//2353
f  1409//2354 1436//2354 1370//2354
f  1444//2355 1414//2355 1377//2355
f  1445//2356 1444//2356 1377//2356
f  1437//2357 1445//2357 1377//2357
f  1405//2358 1446//2358 1369//2358
f  1446//2359 1439//2359 1369//2359
f  1441//2360 1443//2360 1397//2360
f  1438//2361 1447//2361 1398//2361
f  1447//2362 1437//2362 1398//2362
f  1399//2363 1448//2363 1389//2363
f  1448//2364 1449//2364 1389//2364
f  1449//2365 1423//2365 1389//2365
f  1400//2366 1450//2366 1388//2366
f  1450//2367 1422//2367 1388//2367
f  1418//2368 1408//2368 1407//2368
f  1408//2369 1451//2369 1409//2369
f  1451//2370 1452//2370 1409//2370
f  1452//2371 1436//2371 1409//2371
f  1444//2372 1453//2372 1414//2372
f  1453//2373 1415//2373 1414//2373
f  1417//2374 1454//2374 1390//2374
f  1454//2375 1440//2375 1390//2375
f  1419//2376 1404//2376 1403//2376
f  1404//2377 1455//2377 1405//2377
f  1455//2378 1446//2378 1405//2378
f  1416//2379 1424//2379 1412//2379
f  1442//2380 1456//2380 1425//2380
f  1456//2381 1426//2381 1425//2381
f  353//2382 1427//2382 1356//2382
f  1428//2383 1457//2383 1392//2383
f  1457//2384 1418//2384 1392//2384
f  1433//2385 361//2385 1359//2385
f  1432//2386 1381//2386 1431//2386
f  1458//2387 1419//2387 1393//2387
f  1430//2388 1458//2388 1393//2388
f  1459//2389 1395//2389 1386//2389
f  1434//2390 1459//2390 1386//2390
f  1460//2391 361//2391 1433//2391
f  1395//2392 1460//2392 1433//2392
f  1410//2393 1429//2393 1411//2393
f  1435//2394 1461//2394 1384//2394
f  1461//2395 1394//2395 1384//2395
f  1422//2396 1454//2396 1417//2396
f  1449//2397 1447//2397 1423//2397
f  1447//2398 1438//2398 1423//2398
f  1450//2399 1454//2399 1422//2399
f  1448//2400 1462//2400 1449//2400
f  1462//2401 1447//2401 1449//2401
f  1462//2402 1437//2402 1447//2402
f  1463//2403 1381//2403 1432//2403
f  1394//2404 1463//2404 1432//2404
f  1464//2405 1408//2405 1418//2405
f  1457//2406 1464//2406 1418//2406
f  1400//2407 1465//2407 1450//2407
f  1466//2408 1454//2408 1450//2408
f  1465//2409 1466//2409 1450//2409
f  1458//2410 1467//2410 1419//2410
f  1467//2411 1404//2411 1419//2411
f  1416//2412 1468//2412 1424//2412
f  1469//2413 1434//2413 1424//2413
f  1468//2414 1469//2414 1424//2414
f  1466//2415 1440//2415 1454//2415
f  1470//2416 1471//2416 1472//2416
f  1471//2417 1473//2417 1472//2417
f  1473//2418 1474//2418 1472//2418
f  1474//2419 1475//2419 1472//2419
f  1475//2420 1476//2420 1472//2420
f  1476//2421 1470//2421 1472//2421
f  1477//2422 1478//2422 1470//2422
f  1478//2423 1479//2423 1470//2423
f  1479//2424 1471//2424 1470//2424
f  1476//2425 1480//2425 1470//2425
f  1480//2426 1477//2426 1470//2426
f  1481//2427 1482//2427 1477//2427
f  1482//2428 1478//2428 1477//2428
f  1480//2429 1481//2429 1477//2429
f  1481//2427 1483//2427 1482//2427
f  1483//2430 1484//2430 1482//2430
f  1485//2431 1478//2431 1482//2431
f  1484//2424 1485//2424 1482//2424
f  1483//2432 1486//2432 1484//2432
f  1486//2433 1487//2433 1484//2433
f  1487//2434 1485//2434 1484//2434
f  1488//92 1489//92 1490//92
f  1491//2435 1492//2435 1490//2435
f  1493//2436 1491//2436 1490//2436
f  1489//2437 1493//2437 1490//2437
f  1492//2438 1494//2438 1490//2438
f  1494//2439 1495//2439 1490//2439
f  1495//2439 1496//2439 1490//2439
f  1496//2421 1488//2421 1490//2421
f  1497//2440 1489//2440 1488//2440
f  1498//2441 1497//2441 1488//2441
f  1496//2442 1498//2442 1488//2442
f  1499//2443 1500//2443 1489//2443
f  1501//2444 1499//2444 1489//2444
f  1502//2445 1493//2445 1489//2445
f  1500//2428 1502//2428 1489//2428
f  1497//2446 1501//2446 1489//2446
f  1503//2447 1504//2447 1500//2447
f  1499//2448 1503//2448 1500//2448
f  1505//2431 1502//2431 1500//2431
f  1504//2424 1505//2424 1500//2424
f  1506//2449 1507//2449 1504//2449
f  1503//2447 1506//2447 1504//2447
f  1507//2450 1505//2450 1504//2450
f  1471//92 1508//92 1473//92
f  1508//2451 1509//2451 1473//2451
f  1509//2452 1510//2452 1473//2452
f  1510//2453 1511//2453 1473//2453
f  1511//2454 1512//2454 1473//2454
f  1512//2455 1474//2455 1473//2455
f  1471//2456 1513//2456 1508//2456
f  1513//2457 1514//2457 1508//2457
f  1514//2458 1509//2458 1508//2458
f  1479//2459 1515//2459 1471//2459
f  1515//2460 1516//2460 1471//2460
f  1516//2460 1513//2460 1471//2460
f  1478//2461 1517//2461 1479//2461
f  1517//2462 1518//2462 1479//2462
f  1518//2463 1515//2463 1479//2463
f  1485//2464 1519//2464 1478//2464
f  1519//2465 1517//2465 1478//2465
f  1520//2466 1521//2466 1485//2466
f  1521//2467 1519//2467 1485//2467
f  1487//92 1520//92 1485//92
f  1522//2468 1523//2468 1520//2468
f  1523//2468 1521//2468 1520//2468
f  1487//92 1522//92 1520//92
f  1486//2433 1524//2433 1487//2433
f  1524//6 1522//6 1487//6
f  1524//6 1523//6 1522//6
f  1491//92 1525//92 1492//92
f  1525//2469 1526//2469 1492//2469
f  1526//2470 1527//2470 1492//2470
f  1527//2471 1528//2471 1492//2471
f  1528//2472 1494//2472 1492//2472
f  1491//2473 1529//2473 1525//2473
f  1529//2474 1526//2474 1525//2474
f  1493//2475 1530//2475 1491//2475
f  1530//2476 1531//2476 1491//2476
f  1531//2476 1529//2476 1491//2476
f  1502//2461 1532//2461 1493//2461
f  1532//2477 1533//2477 1493//2477
f  1533//2478 1530//2478 1493//2478
f  1534//2465 1532//2465 1502//2465
f  1505//2464 1534//2464 1502//2464
f  1535//2479 1534//2479 1505//2479
f  1536//2479 1535//2479 1505//2479
f  1507//92 1536//92 1505//92
f  1537//2480 1535//2480 1536//2480
f  1538//2468 1537//2468 1536//2468
f  1507//92 1538//92 1536//92
f  1539//6 1538//6 1507//6
f  1506//2481 1539//2481 1507//2481
f  1539//6 1537//6 1538//6
f  1540//92 1541//92 1542//92
f  1543//92 1540//92 1542//92
f  1541//2482 1544//2482 1542//2482
f  1544//2483 1545//2483 1542//2483
f  1545//2484 1546//2484 1542//2484
f  1546//2485 1547//2485 1542//2485
f  1547//2486 1543//2486 1542//2486
f  1540//2487 1548//2487 1541//2487
f  1548//2488 1544//2488 1541//2488
f  1549//92 1550//92 1543//92
f  1551//92 1540//92 1543//92
f  1550//92 1551//92 1543//92
f  1547//2489 1552//2489 1543//2489
f  1552//2490 1553//2490 1543//2490
f  1553//2491 1549//2491 1543//2491
f  1551//2492 1554//2492 1540//2492
f  1554//2493 1555//2493 1540//2493
f  1555//2494 1548//2494 1540//2494
f  1556//92 1550//92 1549//92
f  1553//2495 1557//2495 1549//2495
f  1557//2496 1556//2496 1549//2496
f  1550//2497 1558//2497 1551//2497
f  1558//2498 1559//2498 1551//2498
f  1559//2499 1554//2499 1551//2499
f  1560//2500 1561//2500 1556//2500
f  1561//92 1550//92 1556//92
f  1557//2501 1560//2501 1556//2501
f  1562//2502 1563//2502 1550//2502
f  1563//2503 1558//2503 1550//2503
f  1561//92 1562//92 1550//92
f  1560//2504 1564//2504 1561//2504
f  1564//2505 1565//2505 1561//2505
f  1565//92 1562//92 1561//92
f  1566//2506 1567//2506 1562//2506
f  1567//2507 1563//2507 1562//2507
f  1565//92 1566//92 1562//92
f  1564//2505 1568//2505 1565//2505
f  1568//2508 1569//2508 1565//2508
f  1569//92 1570//92 1565//92
f  1570//92 1566//92 1565//92
f  1570//2509 1571//2509 1566//2509
f  1571//2509 1567//2509 1566//2509
f  1568//2508 1572//2508 1569//2508
f  1572//6 1570//6 1569//6
f  1572//6 1571//6 1570//6
f  1573//2510 1574//2510 1575//2510
f  1574//2511 1576//2511 1575//2511
f  1576//2512 1577//2512 1575//2512
f  1577//2513 1578//2513 1575//2513
f  1578//2514 1573//2514 1575//2514
f  1579//2515 1574//2515 1573//2515
f  1580//2516 1579//2516 1573//2516
f  1578//2517 1581//2517 1573//2517
f  1581//2518 1580//2518 1573//2518
f  1582//2519 1583//2519 1580//2519
f  1583//2520 1579//2520 1580//2520
f  1581//2521 1582//2521 1580//2521
f  1582//2519 1584//2519 1583//2519
f  1584//2522 1585//2522 1583//2522
f  1585//2523 1586//2523 1583//2523
f  1586//2524 1579//2524 1583//2524
f  1584//2525 1587//2525 1585//2525
f  1587//2526 1588//2526 1585//2526
f  1588//2527 1589//2527 1585//2527
f  1589//2528 1586//2528 1585//2528
f  1590//2529 1591//2529 1592//2529
f  1593//2530 1590//2530 1592//2530
f  1591//2531 1594//2531 1592//2531
f  1594//2532 1595//2532 1592//2532
f  1595//2533 1596//2533 1592//2533
f  1596//2534 1593//2534 1592//2534
f  1597//2516 1590//2516 1593//2516
f  1598//2535 1597//2535 1593//2535
f  1599//2536 1598//2536 1593//2536
f  1596//2537 1599//2537 1593//2537
f  1600//2538 1601//2538 1597//2538
f  1602//2539 1600//2539 1597//2539
f  1601//2520 1590//2520 1597//2520
f  1598//2540 1602//2540 1597//2540
f  1603//2525 1604//2525 1601//2525
f  1600//2541 1603//2541 1601//2541
f  1604//2542 1605//2542 1601//2542
f  1605//2543 1606//2543 1601//2543
f  1606//2524 1590//2524 1601//2524
f  1607//2544 1608//2544 1604//2544
f  1603//2522 1607//2522 1604//2522
f  1608//2527 1609//2527 1604//2527
f  1609//2545 1605//2545 1604//2545
f  1579//92 1610//92 1574//92
f  1610//2546 1611//2546 1574//2546
f  1611//2547 1612//2547 1574//2547
f  1612//2548 1613//2548 1574//2548
f  1613//2549 1576//2549 1574//2549
f  1579//92 1614//92 1610//92
f  1614//2550 1615//2550 1610//2550
f  1615//2551 1611//2551 1610//2551
f  1579//92 1616//92 1614//92
f  1616//2552 1617//2552 1614//2552
f  1617//2553 1618//2553 1614//2553
f  1618//2554 1615//2554 1614//2554
f  1579//2555 1619//2555 1616//2555
f  1619//2556 1620//2556 1616//2556
f  1620//2557 1617//2557 1616//2557
f  1586//2558 1621//2558 1579//2558
f  1621//2558 1619//2558 1579//2558
f  1622//2559 1623//2559 1586//2559
f  1623//2560 1621//2560 1586//2560
f  1589//92 1622//92 1586//92
f  1589//2561 1624//2561 1622//2561
f  1624//2562 1623//2562 1622//2562
f  1587//2563 1625//2563 1588//2563
f  1625//6 1589//6 1588//6
f  1625//6 1624//6 1589//6
f  1590//92 1626//92 1591//92
f  1626//2546 1627//2546 1591//2546
f  1627//2564 1628//2564 1591//2564
f  1628//2548 1629//2548 1591//2548
f  1629//2565 1594//2565 1591//2565
f  1590//92 1630//92 1626//92
f  1630//2566 1631//2566 1626//2566
f  1631//2567 1627//2567 1626//2567
f  1590//92 1632//92 1630//92
f  1632//2568 1633//2568 1630//2568
f  1633//2569 1634//2569 1630//2569
f  1634//2570 1631//2570 1630//2570
f  1590//2555 1635//2555 1632//2555
f  1635//2556 1636//2556 1632//2556
f  1636//2571 1633//2571 1632//2571
f  1637//2558 1635//2558 1590//2558
f  1606//2558 1637//2558 1590//2558
f  1638//2560 1637//2560 1606//2560
f  1605//2560 1638//2560 1606//2560
f  1639//2572 1638//2572 1605//2572
f  1609//2573 1639//2573 1605//2573
f  1640//6 1609//6 1608//6
f  1607//2574 1640//2574 1608//2574
f  1640//6 1639//6 1609//6
f  1641//2575 1642//2575 1643//2575
f  1644//2576 1645//2576 1643//2576
f  1642//2577 1644//2577 1643//2577
f  1645//2578 1646//2578 1643//2578
f  1646//2579 1647//2579 1643//2579
f  1647//2580 1641//2580 1643//2580
f  1648//2581 1649//2581 1641//2581
f  1649//2445 1642//2445 1641//2445
f  1647//2582 1648//2582 1641//2582
f  1648//2581 1650//2581 1649//2581
f  1650//2583 1651//2583 1649//2583
f  1652//2584 1642//2584 1649//2584
f  1651//2585 1652//2585 1649//2585
f  1653//2586 1654//2586 1655//2586
f  1654//2587 1656//2587 1655//2587
f  1656//2588 1657//2588 1655//2588
f  1657//2589 1658//2589 1655//2589
f  1658//2590 1653//2590 1655//2590
f  1659//2575 1660//2575 1653//2575
f  1660//2577 1654//2577 1653//2577
f  1661//2591 1659//2591 1653//2591
f  1662//2592 1661//2592 1653//2592
f  1658//2579 1662//2579 1653//2579
f  1663//2593 1664//2593 1659//2593
f  1664//2594 1665//2594 1659//2594
f  1665//2445 1660//2445 1659//2445
f  1661//2595 1663//2595 1659//2595
f  1664//2596 1666//2596 1665//2596
f  1666//2583 1667//2583 1665//2583
f  1668//2584 1660//2584 1665//2584
f  1667//2424 1668//2424 1665//2424
f  1666//2583 1669//2583 1667//2583
f  1669//2597 1670//2597 1667//2597
f  1670//2434 1668//2434 1667//2434
f  1642//92 1671//92 1644//92
f  1671//2598 1672//2598 1644//2598
f  1672//2599 1673//2599 1644//2599
f  1673//2600 1674//2600 1644//2600
f  1674//2601 1675//2601 1644//2601
f  1675//2602 1645//2602 1644//2602
f  1642//92 1676//92 1671//92
f  1676//2603 1677//2603 1671//2603
f  1677//2604 1672//2604 1671//2604
f  1675//2605 1678//2605 1645//2605
f  1678//2605 1646//2605 1645//2605
f  1642//92 1679//92 1676//92
f  1679//2606 1680//2606 1676//2606
f  1680//2607 1681//2607 1676//2607
f  1681//2607 1677//2607 1676//2607
f  1642//2608 1682//2608 1679//2608
f  1682//2609 1683//2609 1679//2609
f  1683//2610 1680//2610 1679//2610
f  1652//2611 1684//2611 1642//2611
f  1684//2611 1682//2611 1642//2611
f  1685//2467 1686//2467 1652//2467
f  1686//2612 1684//2612 1652//2612
f  1687//92 1685//92 1652//92
f  1651//92 1687//92 1652//92
f  1650//2613 1688//2613 1651//2613
f  1688//2614 1687//2614 1651//2614
f  1689//2615 1690//2615 1685//2615
f  1690//2616 1691//2616 1685//2616
f  1691//2617 1686//2617 1685//2617
f  1687//92 1689//92 1685//92
f  1688//2618 1692//2618 1687//2618
f  1692//2619 1693//2619 1687//2619
f  1693//6 1689//6 1687//6
f  1693//6 1690//6 1689//6
f  1660//92 1694//92 1654//92
f  1694//2620 1695//2620 1654//2620
f  1695//2621 1696//2621 1654//2621
f  1696//2622 1697//2622 1654//2622
f  1697//2623 1656//2623 1654//2623
f  1660//92 1698//92 1694//92
f  1698//2624 1699//2624 1694//2624
f  1699//2625 1695//2625 1694//2625
f  1660//92 1700//92 1698//92
f  1700//2626 1701//2626 1698//2626
f  1701//2627 1702//2627 1698//2627
f  1702//2628 1699//2628 1698//2628
f  1660//2629 1703//2629 1700//2629
f  1703//2630 1704//2630 1700//2630
f  1704//2631 1701//2631 1700//2631
f  1668//2611 1705//2611 1660//2611
f  1705//2632 1703//2632 1660//2632
f  1706//2612 1707//2612 1668//2612
f  1707//2612 1705//2612 1668//2612
f  1670//92 1706//92 1668//92
f  1708//2633 1709//2633 1706//2633
f  1709//2634 1710//2634 1706//2634
f  1710//2635 1707//2635 1706//2635
f  1670//92 1708//92 1706//92
f  1669//2636 1711//2636 1670//2636
f  1711//2637 1712//2637 1670//2637
f  1712//6 1708//6 1670//6
f  1712//6 1709//6 1708//6
f  1456//2638 1713//2638 1426//2638
f  1713//2639 1435//2639 1426//2639
f  1436//2640 1714//2640 1400//2640
f  1714//2641 1465//2641 1400//2641
f  1462//2642 1445//2642 1437//2642
f  1715//2643 1448//2643 1399//2643
f  1716//2644 1715//2644 1399//2644
f  1439//2645 1716//2645 1399//2645
f  1717//2646 1718//2646 1441//2646
f  1718//2647 1443//2647 1441//2647
f  1440//2648 1717//2648 1441//2648
f  1719//2649 1442//2649 1443//2649
f  1718//2650 1719//2650 1443//2650
f  1466//2651 1720//2651 1440//2651
f  1720//2652 1717//2652 1440//2652
f  1464//2653 1451//2653 1408//2653
f  1719//2654 1456//2654 1442//2654
f  1415//2655 1468//2655 1416//2655
f  1465//2656 1720//2656 1466//2656
f  1467//2657 1455//2657 1404//2657
f  1715//2658 1721//2658 1448//2658
f  1721//2659 1462//2659 1448//2659
f  1714//2660 1720//2660 1465//2660
f  1721//2661 1445//2661 1462//2661
f  1716//2662 1722//2662 1715//2662
f  1722//2663 1721//2663 1715//2663
f  1722//2664 1445//2664 1721//2664
f  1464//2665 1723//2665 1451//2665
f  1723//2666 1724//2666 1451//2666
f  1724//2667 1452//2667 1451//2667
f  1725//2668 1726//2668 1428//2668
f  1427//2669 1725//2669 1428//2669
f  1726//2670 1457//2670 1428//2670
f  1727//2671 1728//2671 1455//2671
f  1467//2672 1727//2672 1455//2672
f  1728//2673 1729//2673 1455//2673
f  1729//2674 1446//2674 1455//2674
f  1729//2675 1439//2675 1446//2675
f  1730//2676 1731//2676 1430//2676
f  1429//2677 1732//2677 1430//2677
f  1732//2678 1730//2678 1430//2678
f  1731//2679 1458//2679 1430//2679
f  1733//2680 1734//2680 1452//2680
f  1724//2681 1733//2681 1452//2681
f  1734//2682 1436//2682 1452//2682
f  1734//2683 1735//2683 1436//2683
f  1735//2684 1736//2684 1436//2684
f  1736//2685 1714//2685 1436//2685
f  1737//2686 1444//2686 1445//2686
f  1722//2687 1737//2687 1445//2687
f  1453//2688 1468//2688 1415//2688
f  1738//2689 1716//2689 1439//2689
f  1729//2690 1738//2690 1439//2690
f  1737//2691 1739//2691 1444//2691
f  1739//2692 1453//2692 1444//2692
f  1459//2693 1460//2693 1395//2693
f  1461//2694 1463//2694 1394//2694
f  1740//2695 1468//2695 1453//2695
f  1739//2696 1740//2696 1453//2696
f  1741//2697 1456//2697 1719//2697
f  1718//2698 1741//2698 1719//2698
f  1742//2699 1741//2699 1718//2699
f  1717//2700 1742//2700 1718//2700
f  1743//2701 1744//2701 1741//2701
f  1744//2702 1456//2702 1741//2702
f  1742//2703 1743//2703 1741//2703
f  1745//2704 1742//2704 1717//2704
f  1720//2705 1745//2705 1717//2705
f  1746//2706 1735//2706 1734//2706
f  1733//2707 1746//2707 1734//2707
f  1747//2708 1748//2708 1737//2708
f  1748//2709 1739//2709 1737//2709
f  1749//2710 1747//2710 1737//2710
f  1722//2711 1749//2711 1737//2711
f  1728//2712 1750//2712 1729//2712
f  1750//2713 1738//2713 1729//2713
f  1751//2714 1743//2714 1742//2714
f  1745//2715 1751//2715 1742//2715
f  1752//2716 1733//2716 1724//2716
f  1723//2717 1753//2717 1724//2717
f  1753//2718 1752//2718 1724//2718
f  1727//2719 1754//2719 1728//2719
f  1754//2720 1750//2720 1728//2720
f  1726//2721 1755//2721 1457//2721
f  1755//2722 1464//2722 1457//2722
f  1755//2723 1723//2723 1464//2723
f  1745//2724 1720//2724 1714//2724
f  1736//2725 1745//2725 1714//2725
f  1748//2726 1740//2726 1739//2726
f  1756//2727 1469//2727 1468//2727
f  1740//2728 1756//2728 1468//2728
f  1757//2729 1727//2729 1467//2729
f  1458//2730 1757//2730 1467//2730
f  1758//2731 1759//2731 1743//2731
f  1759//2732 1744//2732 1743//2732
f  1751//2733 1758//2733 1743//2733
f  1731//2734 1757//2734 1458//2734
f  1760//2735 1459//2735 1434//2735
f  1469//2736 1760//2736 1434//2736
f  1744//2737 1761//2737 1456//2737
f  1761//2738 1713//2738 1456//2738
f  1713//2739 1762//2739 1435//2739
f  1762//2740 1461//2740 1435//2740
f  1736//2741 1751//2741 1745//2741
f  1738//2742 1749//2742 1716//2742
f  1749//2743 1722//2743 1716//2743
f  1735//2744 1751//2744 1736//2744
f  1750//2745 1747//2745 1738//2745
f  1747//2746 1749//2746 1738//2746
f  1752//2747 1746//2747 1733//2747
f  1763//2748 1735//2748 1746//2748
f  1752//2749 1763//2749 1746//2749
f  1735//2750 1764//2750 1751//2750
f  1764//2751 1765//2751 1751//2751
f  1765//2752 1758//2752 1751//2752
f  1766//2753 1767//2753 1765//2753
f  1764//2754 1766//2754 1765//2754
f  1767//2755 1768//2755 1765//2755
f  1768//2756 1759//2756 1765//2756
f  1759//2757 1758//2757 1765//2757
f  1769//2758 1766//2758 1764//2758
f  1735//92 1769//92 1764//92
f  1763//2759 1770//2759 1769//2759
f  1770//2760 1766//2760 1769//2760
f  1735//92 1763//92 1769//92
f  1752//2761 1770//2761 1763//2761
f  1771//2762 1772//2762 1773//2762
f  1772//2763 1774//2763 1773//2763
f  1774//2764 1775//2764 1773//2764
f  1750//2765 1771//2765 1773//2765
f  1747//2766 1750//2766 1773//2766
f  1775//2767 1747//2767 1773//2767
f  1776//2768 1748//2768 1775//2768
f  1774//2769 1776//2769 1775//2769
f  1748//2770 1747//2770 1775//2770
f  1776//2771 1740//2771 1748//2771
f  1727//2772 1777//2772 1754//2772
f  1777//2773 1771//2773 1754//2773
f  1771//92 1750//92 1754//92
f  1777//2774 1772//2774 1771//2774
f  1768//2775 1744//2775 1759//2775
f  1753//2776 1770//2776 1752//2776
f  1778//2777 1753//2777 1723//2777
f  1755//2778 1779//2778 1723//2778
f  1779//2779 1778//2779 1723//2779
f  1780//2780 1756//2780 1740//2780
f  1776//2781 1780//2781 1740//2781
f  1757//2782 1781//2782 1727//2782
f  1781//2783 1782//2783 1727//2783
f  1782//2784 1783//2784 1727//2784
f  1783//2785 1777//2785 1727//2785
f  1768//2786 1784//2786 1744//2786
f  1784//2787 1761//2787 1744//2787
f  1774//2788 1780//2788 1776//2788
f  1783//2789 1772//2789 1777//2789
f  1782//2790 1772//2790 1783//2790
f  1782//2791 1785//2791 1772//2791
f  1785//2792 1786//2792 1772//2792
f  1786//2793 1774//2793 1772//2793
f  1786//2794 1780//2794 1774//2794
f  1786//2795 1787//2795 1780//2795
f  1787//2796 1756//2796 1780//2796
f  1788//2797 1766//2797 1770//2797
f  1753//2798 1778//2798 1770//2798
f  1778//2799 1788//2799 1770//2799
f  1789//2800 1784//2800 1767//2800
f  1784//2801 1768//2801 1767//2801
f  1766//2802 1790//2802 1767//2802
f  1790//2803 1791//2803 1767//2803
f  1791//2804 1789//2804 1767//2804
f  1788//2805 1792//2805 1766//2805
f  1792//2806 1793//2806 1766//2806
f  1793//2807 1790//2807 1766//2807
f  1778//2808 1794//2808 1788//2808
f  1794//2809 1792//2809 1788//2809
f  353//2810 1725//2810 1427//2810
f  1410//2811 1732//2811 1429//2811
f  1779//2812 1794//2812 1778//2812
f  1789//2813 1761//2813 1784//2813
f  1795//2814 1381//2814 1463//2814
f  1461//2815 1795//2815 1463//2815
f  1410//2816 1730//2816 1732//2816
f  1796//2817 361//2817 1460//2817
f  1797//2818 1796//2818 1460//2818
f  1798//2819 1797//2819 1460//2819
f  1799//2820 1798//2820 1460//2820
f  1459//2821 1799//2821 1460//2821
f  1726//2822 1800//2822 1755//2822
f  1800//2823 1779//2823 1755//2823
f  1801//2824 1802//2824 1725//2824
f  1803//2825 1801//2825 1725//2825
f  353//2826 1803//2826 1725//2826
f  1802//2827 1726//2827 1725//2827
f  1804//2828 1760//2828 1469//2828
f  1756//2829 1804//2829 1469//2829
f  1805//2830 1781//2830 1757//2830
f  1731//2831 1805//2831 1757//2831
f  1761//2832 1806//2832 1713//2832
f  1806//2833 1762//2833 1713//2833
f  1410//2834 1807//2834 1730//2834
f  1807//2835 1731//2835 1730//2835
f  1791//2836 1761//2836 1789//2836
f  1779//2837 1808//2837 1794//2837
f  1808//2838 1792//2838 1794//2838
f  1809//2839 1800//2839 1726//2839
f  1802//2840 1809//2840 1726//2840
f  1810//2841 1805//2841 1731//2841
f  1807//2842 1810//2842 1731//2842
f  1760//2843 1799//2843 1459//2843
f  1811//2844 1795//2844 1461//2844
f  1762//2845 1811//2845 1461//2845
f  1800//2846 1812//2846 1779//2846
f  1812//2847 1813//2847 1779//2847
f  1813//2848 1808//2848 1779//2848
f  1814//2849 1804//2849 1756//2849
f  1787//2850 1814//2850 1756//2850
f  1815//2851 1782//2851 1781//2851
f  1805//2852 1815//2852 1781//2852
f  1791//2853 1816//2853 1761//2853
f  1816//2854 1806//2854 1761//2854
f  1786//2855 1814//2855 1787//2855
f  1817//2856 1785//2856 1782//2856
f  1817//2857 1818//2857 1785//2857
f  1818//2858 1819//2858 1785//2858
f  1819//2859 1786//2859 1785//2859
f  1819//2860 1814//2860 1786//2860
f  1815//2861 1817//2861 1782//2861
f  1793//2862 1820//2862 1790//2862
f  1816//2863 1791//2863 1790//2863
f  1820//2864 1816//2864 1790//2864
f  1821//2865 1820//2865 1793//2865
f  1792//2866 1821//2866 1793//2866
f  1822//2867 1821//2867 1792//2867
f  1808//2868 1822//2868 1792//2868
f  1823//2869 1821//2869 1822//2869
f  1824//2870 1823//2870 1822//2870
f  1808//2871 1813//2871 1822//2871
f  1813//2872 1824//2872 1822//2872
f  1820//2873 1825//2873 1816//2873
f  1825//2874 1806//2874 1816//2874
f  1812//2875 1824//2875 1813//2875
f  1826//2876 1827//2876 1800//2876
f  1827//2877 1828//2877 1800//2877
f  1828//2878 1812//2878 1800//2878
f  1809//2879 1826//2879 1800//2879
f  1829//2880 1815//2880 1805//2880
f  1810//2881 1830//2881 1805//2881
f  1830//2882 1829//2882 1805//2882
f  1831//2883 1799//2883 1760//2883
f  1804//2884 1832//2884 1760//2884
f  1832//2885 1833//2885 1760//2885
f  1833//2886 1831//2886 1760//2886
f  1834//2887 1811//2887 1762//2887
f  1806//2888 1834//2888 1762//2888
f  1811//2889 1381//2889 1795//2889
f  1835//2890 1809//2890 1802//2890
f  1801//2891 1835//2891 1802//2891
f  1410//2892 1810//2892 1807//2892
f  1836//2893 1798//2893 1799//2893
f  1837//2894 1836//2894 1799//2894
f  1831//2895 1837//2895 1799//2895
f  1835//2896 1826//2896 1809//2896
f  1410//2897 1830//2897 1810//2897
f  1820//2898 1838//2898 1825//2898
f  1838//2899 1806//2899 1825//2899
f  1812//2900 1839//2900 1824//2900
f  1839//2901 1823//2901 1824//2901
f  1840//2902 1839//2902 1812//2902
f  1841//2903 1840//2903 1812//2903
f  1828//2904 1842//2904 1812//2904
f  1842//2905 1841//2905 1812//2905
f  1843//2906 1832//2906 1804//2906
f  1814//2907 1844//2907 1804//2907
f  1845//2908 1843//2908 1804//2908
f  1844//2909 1845//2909 1804//2909
f  1846//2910 1817//2910 1815//2910
f  1847//2911 1846//2911 1815//2911
f  1829//2912 1848//2912 1815//2912
f  1848//2913 1847//2913 1815//2913
f  1849//2914 1834//2914 1806//2914
f  1850//2915 1849//2915 1806//2915
f  1851//2916 1850//2916 1806//2916
f  1838//2917 1851//2917 1806//2917
f  1840//2918 1823//2918 1839//2918
f  1819//2919 1844//2919 1814//2919
f  1846//2920 1818//2920 1817//2920
f  1852//2921 1821//2921 1823//2921
f  1840//2922 1852//2922 1823//2922
f  1853//2923 1854//2923 1819//2923
f  1855//2924 1853//2924 1819//2924
f  1854//2925 1844//2925 1819//2925
f  1818//2926 1855//2926 1819//2926
f  1854//2927 1856//2927 1844//2927
f  1857//2928 1818//2928 1846//2928
f  1858//2929 1857//2929 1846//2929
f  1847//2930 1858//2930 1846//2930
f  1857//2931 1855//2931 1818//2931
f  1856//2932 1845//2932 1844//2932
f  1841//2933 1859//2933 1840//2933
f  1859//2934 1860//2934 1840//2934
f  1860//2935 1852//2935 1840//2935
f  1820//2936 1851//2936 1838//2936
f  1861//2937 1862//2937 1820//2937
f  1862//2938 1863//2938 1820//2938
f  1821//2939 1861//2939 1820//2939
f  1863//2940 1851//2940 1820//2940
f  1864//2941 1865//2941 1821//2941
f  1852//2942 1864//2942 1821//2942
f  1865//2943 1861//2943 1821//2943
f  1860//2944 1864//2944 1852//2944
f  1863//2945 1866//2945 1851//2945
f  1866//2946 1850//2946 1851//2946
f  1867//2947 1381//2947 1811//2947
f  1834//2948 1867//2948 1811//2948
f  1849//2949 1867//2949 1834//2949
f  1868//2950 1827//2950 1826//2950
f  1835//2951 1868//2951 1826//2951
f  1869//2952 1870//2952 1871//2952
f  1872//2953 1869//2953 1871//2953
f  1870//2954 1873//2954 1871//2954
f  1873//2955 1874//2955 1871//2955
f  1874//2956 1875//2956 1871//2956
f  1875//2957 1872//2957 1871//2957
f  1876//2958 1869//2958 1872//2958
f  1875//2959 1877//2959 1872//2959
f  1877//2960 1876//2960 1872//2960
f  1878//2961 1879//2961 1876//2961
f  1879//2962 1880//2962 1876//2962
f  1880//2963 1869//2963 1876//2963
f  1877//2964 1881//2964 1876//2964
f  1881//2965 1878//2965 1876//2965
f  1879//2966 1882//2966 1880//2966
f  1882//2967 1883//2967 1880//2967
f  1883//2968 1884//2968 1880//2968
f  1885//2969 1869//2969 1880//2969
f  1886//2958 1885//2958 1880//2958
f  1884//2970 1886//2970 1880//2970
f  1883//2971 1887//2971 1884//2971
f  1887//2972 1888//2972 1884//2972
f  1888//2973 1889//2973 1884//2973
f  1889//2974 1886//2974 1884//2974
f  1890//2975 1891//2975 1892//2975
f  1893//2976 1890//2976 1892//2976
f  1891//2977 1894//2977 1892//2977
f  1894//2978 1895//2978 1892//2978
f  1895//2979 1893//2979 1892//2979
f  1870//2980 1890//2980 1893//2980
f  1895//2981 1896//2981 1893//2981
f  1896//2982 1897//2982 1893//2982
f  1897//2983 1898//2983 1893//2983
f  1898//2984 1870//2984 1893//2984
f  1869//2985 1890//2985 1870//2985
f  1898//2986 1899//2986 1870//2986
f  1899//2987 1873//2987 1870//2987
f  1888//2988 1900//2988 1889//2988
f  1900//2989 1901//2989 1889//2989
f  1901//2990 1886//2990 1889//2990
f  1900//2991 1902//2991 1901//2991
f  1902//2992 1903//2992 1901//2992
f  1903//2993 1904//2993 1901//2993
f  1904//2994 1905//2994 1901//2994
f  1905//2995 1886//2995 1901//2995
f  1904//2996 1906//2996 1905//2996
f  1906//2997 1907//2997 1905//2997
f  1907//2998 1908//2998 1905//2998
f  1908//2999 1909//2999 1905//2999
f  1910//3000 1886//3000 1905//3000
f  1909//3001 1910//3001 1905//3001
f  1890//92 1911//92 1891//92
f  1911//3002 1912//3002 1891//3002
f  1912//3003 1913//3003 1891//3003
f  1913//3004 1894//3004 1891//3004
f  1890//3005 1914//3005 1911//3005
f  1914//3006 1915//3006 1911//3006
f  1915//3007 1912//3007 1911//3007
f  1869//3008 1916//3008 1890//3008
f  1916//3009 1917//3009 1890//3009
f  1917//3010 1914//3010 1890//3010
f  1909//3011 1918//3011 1910//3011
f  1918//3012 1919//3012 1910//3012
f  1919//3013 1920//3013 1910//3013
f  1920//3014 1886//3014 1910//3014
f  1908//3015 1921//3015 1909//3015
f  1921//3016 1922//3016 1909//3016
f  1922//3017 1918//3017 1909//3017
f  1907//3018 1923//3018 1908//3018
f  1923//3019 1921//3019 1908//3019
f  1885//3020 1924//3020 1869//3020
f  1924//3021 1925//3021 1869//3021
f  1925//3022 1926//3022 1869//3022
f  1926//3023 1916//3023 1869//3023
f  1886//3024 1927//3024 1885//3024
f  1927//3025 1924//3025 1885//3025
f  1920//3026 1927//3026 1886//3026
f  1410//3027 1829//3027 1830//3027
f  1868//3028 1828//3028 1827//3028
f  1928//3029 1837//3029 1831//3029
f  1833//3030 1928//3030 1831//3030
f  1868//3031 1929//3031 1828//3031
f  1929//3032 1930//3032 1828//3032
f  1930//3033 1842//3033 1828//3033
f  1410//3034 1848//3034 1829//3034
f  1931//3035 1928//3035 1833//3035
f  1832//3036 1931//3036 1833//3036
f  1850//3037 1867//3037 1849//3037
f  1930//3038 1932//3038 1842//3038
f  1932//3039 1841//3039 1842//3039
f  1410//3040 1933//3040 1848//3040
f  1933//3041 1847//3041 1848//3041
f  1932//3042 1859//3042 1841//3042
f  1843//3043 1931//3043 1832//3043
f  1845//3044 1931//3044 1843//3044
f  1933//3045 1858//3045 1847//3045
f  1934//3046 1867//3046 1850//3046
f  1866//3047 1934//3047 1850//3047
f  1935//3048 1860//3048 1859//3048
f  1932//3049 1935//3049 1859//3049
f  1856//3050 1931//3050 1845//3050
f  1935//3051 1864//3051 1860//3051
f  1863//3052 1934//3052 1866//3052
f  1936//3053 1934//3053 1863//3053
f  1862//3054 1936//3054 1863//3054
f  1937//3055 1936//3055 1862//3055
f  1861//3056 1937//3056 1862//3056
f  1938//3057 1937//3057 1861//3057
f  1865//3058 1938//3058 1861//3058
f  1935//3059 1938//3059 1865//3059
f  1864//3060 1935//3060 1865//3060
f  1939//3061 1855//3061 1857//3061
f  1858//3062 1939//3062 1857//3062
f  1940//3063 1853//3063 1855//3063
f  1939//3064 1940//3064 1855//3064
f  1941//3065 1854//3065 1853//3065
f  1940//3066 1941//3066 1853//3066
f  1941//3067 1856//3067 1854//3067
f  1941//3068 1931//3068 1856//3068
f  1933//3069 1939//3069 1858//3069
f  1942//3070 258//3070 257//3070
f  265//3071 1943//3071 257//3071
f  1943//3072 1944//3072 257//3072
f  1944//3073 1942//3073 257//3073
f  269//3074 1945//3074 265//3074
f  1945//3075 1946//3075 265//3075
f  1946//3076 1943//3076 265//3076
f  268//3077 1947//3077 269//3077
f  1947//3078 1945//3078 269//3078
f  1948//3079 1949//3079 268//3079
f  1949//3080 1947//3080 268//3080
f  275//3081 1950//3081 268//3081
f  1950//3082 1951//3082 268//3082
f  1951//3083 1948//3083 268//3083
f  279//3084 1952//3084 275//3084
f  1952//3085 1950//3085 275//3085
f  278//3086 1953//3086 279//3086
f  1953//3087 1952//3087 279//3087
f  286//3088 1954//3088 278//3088
f  1954//3089 1953//3089 278//3089
f  285//3090 1955//3090 286//3090
f  1955//3091 1956//3091 286//3091
f  1956//3092 1954//3092 286//3092
f  1264//3093 1957//3093 285//3093
f  1957//3094 1955//3094 285//3094
f  1265//3095 1958//3095 1264//3095
f  1958//3096 1959//3096 1264//3096
f  1959//3097 1957//3097 1264//3097
f  1266//3098 1960//3098 1265//3098
f  1960//3099 1958//3099 1265//3099
f  1278//3100 1960//3100 1266//3100
f  1381//3101 1960//3101 1278//3101
f  1867//3102 1961//3102 1381//3102
f  1961//3103 1960//3103 1381//3103
f  1934//3104 1962//3104 1867//3104
f  1962//3105 1963//3105 1867//3105
f  1963//3106 1961//3106 1867//3106
f  1936//3107 1964//3107 1934//3107
f  1964//3108 1962//3108 1934//3108
f  1937//3109 1965//3109 1936//3109
f  1965//3110 1966//3110 1936//3110
f  1966//3111 1964//3111 1936//3111
f  1938//3112 1967//3112 1937//3112
f  1967//3113 1968//3113 1937//3113
f  1968//3114 1965//3114 1937//3114
f  1935//3115 1969//3115 1938//3115
f  1969//3116 1967//3116 1938//3116
f  1970//3117 1969//3117 1935//3117
f  1971//3118 1970//3118 1935//3118
f  1932//3119 1971//3119 1935//3119
f  1972//3120 237//3120 236//3120
f  243//3121 1973//3121 236//3121
f  1973//3122 1974//3122 236//3122
f  1974//3123 1972//3123 236//3123
f  247//3124 1975//3124 243//3124
f  1975//3125 1973//3125 243//3125
f  246//3126 1976//3126 247//3126
f  1976//3127 1975//3127 247//3127
f  1977//3128 1976//3128 246//3128
f  1978//3129 1977//3129 246//3129
f  254//3130 1978//3130 246//3130
f  1979//3131 1978//3131 254//3131
f  253//3132 1980//3132 254//3132
f  1980//3133 1981//3133 254//3133
f  1981//3134 1979//3134 254//3134
f  258//3135 1982//3135 253//3135
f  1982//3136 1980//3136 253//3136
f  1942//3137 1983//3137 258//3137
f  1983//3138 1982//3138 258//3138
f  227//3139 1984//3139 220//3139
f  1984//3140 1985//3140 220//3140
f  1985//3141 221//3141 220//3141
f  226//3142 1986//3142 227//3142
f  1986//3143 1987//3143 227//3143
f  1987//3144 1984//3144 227//3144
f  233//3145 1988//3145 226//3145
f  1988//3146 1986//3146 226//3146
f  237//3147 1989//3147 233//3147
f  1989//3148 1988//3148 233//3148
f  1972//3149 1989//3149 237//3149
f  1990//3150 1991//3150 206//3150
f  1991//3151 208//3151 206//3151
f  204//3152 1992//3152 206//3152
f  1992//3153 1993//3153 206//3153
f  1993//3154 1990//3154 206//3154
f  214//3155 1994//3155 204//3155
f  1994//3156 1992//3156 204//3156
f  213//3157 1995//3157 214//3157
f  1995//3158 1994//3158 214//3158
f  1996//3159 1995//3159 213//3159
f  221//3160 1997//3160 213//3160
f  1997//3161 1998//3161 213//3161
f  1998//3162 1996//3162 213//3162
f  1985//3163 1997//3163 221//3163
f  1991//3164 1999//3164 208//3164
f  1999//3165 210//3165 208//3165
f  1999//3166 2000//3166 210//3166
f  2000//3167 215//3167 210//3167
f  2000//3168 2001//3168 215//3168
f  2001//3169 216//3169 215//3169
f  2002//3170 217//3170 216//3170
f  2001//3171 2003//3171 216//3171
f  2003//3172 2002//3172 216//3172
f  1930//3173 2004//3173 1932//3173
f  2005//3174 1971//3174 1932//3174
f  2004//3175 2005//3175 1932//3175
f  1929//3176 2006//3176 1930//3176
f  2006//3177 2004//3177 1930//3177
f  2002//3178 2007//3178 217//3178
f  2007//3179 222//3179 217//3179
f  2008//3180 223//3180 222//3180
f  2007//3181 2009//3181 222//3181
f  2009//3182 2008//3182 222//3182
f  2008//3183 2010//3183 223//3183
f  2010//3184 2011//3184 223//3184
f  2011//3185 228//3185 223//3185
f  2011//3186 2012//3186 228//3186
f  2012//3187 229//3187 228//3187
f  2012//3188 2013//3188 229//3188
f  2013//3189 234//3189 229//3189
f  2014//3190 238//3190 234//3190
f  2013//3191 2015//3191 234//3191
f  2015//3192 2014//3192 234//3192
f  2014//3193 2016//3193 238//3193
f  2016//3194 239//3194 238//3194
f  2017//3195 244//3195 239//3195
f  2016//3196 2018//3196 239//3196
f  2018//3197 2017//3197 239//3197
f  2017//3198 2019//3198 244//3198
f  2019//3199 250//3199 244//3199
f  2020//3200 248//3200 250//3200
f  2019//3201 2021//3201 250//3201
f  2021//3202 2020//3202 250//3202
f  2020//3203 2022//3203 248//3203
f  2022//3204 255//3204 248//3204
f  1868//3205 2023//3205 1929//3205
f  2023//3206 2006//3206 1929//3206
f  2024//3207 259//3207 255//3207
f  2022//3208 2025//3208 255//3208
f  2025//3209 2024//3209 255//3209
f  2026//3210 2027//3210 259//3210
f  2027//3211 260//3211 259//3211
f  2024//3212 2028//3212 259//3212
f  2028//3213 2026//3213 259//3213
f  2027//3214 2029//3214 260//3214
f  2029//3215 261//3215 260//3215
f  2029//3216 2030//3216 261//3216
f  2030//3217 266//3217 261//3217
f  2031//3218 270//3218 266//3218
f  2030//3219 2032//3219 266//3219
f  2032//3220 2031//3220 266//3220
f  2031//3221 2033//3221 270//3221
f  2033//3222 271//3222 270//3222
f  2034//3223 276//3223 271//3223
f  2033//3224 2035//3224 271//3224
f  2035//3225 2034//3225 271//3225
f  2036//3226 280//3226 276//3226
f  2037//3227 2036//3227 276//3227
f  2034//3228 2038//3228 276//3228
f  2038//3229 2037//3229 276//3229
f  2039//3230 281//3230 280//3230
f  2036//3231 2039//3231 280//3231
f  2040//3232 287//3232 281//3232
f  2039//3233 2040//3233 281//3233
f  2041//3234 2042//3234 287//3234
f  2042//3235 301//3235 287//3235
f  2040//3236 2041//3236 287//3236
f  2042//3237 2043//3237 301//3237
f  2043//3238 2044//3238 301//3238
f  2044//3239 297//3239 301//3239
f  2044//3240 2045//3240 297//3240
f  2045//3241 1197//3241 297//3241
f  2046//3242 1196//3242 1197//3242
f  2045//3243 2047//3243 1197//3243
f  2047//3244 2046//3244 1197//3244
f  2046//3245 1204//3245 1196//3245
f  2046//3246 2048//3246 1204//3246
f  2048//3247 1372//3247 1204//3247
f  2048//3248 1410//3248 1372//3248
f  2048//3249 2049//3249 1410//3249
f  2049//3250 1933//3250 1410//3250
f  2049//3251 1939//3251 1933//3251
f  2049//3252 1940//3252 1939//3252
f  2050//3253 1941//3253 1940//3253
f  2049//3254 2051//3254 1940//3254
f  2051//3255 2050//3255 1940//3255
f  1835//3256 2052//3256 1868//3256
f  2052//3257 2023//3257 1868//3257
f  1801//3258 2053//3258 1835//3258
f  2053//3259 2052//3259 1835//3259
f  1803//3260 2054//3260 1801//3260
f  2054//3261 2053//3261 1801//3261
f  353//3262 2055//3262 1803//3262
f  2055//3263 2054//3263 1803//3263
f  360//3264 2055//3264 353//3264
f  359//3265 2056//3265 360//3265
f  2056//3266 2057//3266 360//3266
f  2057//3267 2055//3267 360//3267
f  378//3268 2058//3268 359//3268
f  2058//3269 2056//3269 359//3269
f  2059//3270 1931//3270 1941//3270
f  2050//3271 2059//3271 1941//3271
f  377//3272 2060//3272 378//3272
f  2060//3273 2061//3273 378//3273
f  2061//3274 2058//3274 378//3274
f  380//3275 2062//3275 377//3275
f  2062//3276 2060//3276 377//3276
f  379//3277 2063//3277 380//3277
f  2063//3278 2062//3278 380//3278
f  384//3279 2063//3279 379//3279
f  383//3280 2064//3280 384//3280
f  2064//3281 2063//3281 384//3281
f  382//3282 2065//3282 383//3282
f  2065//3283 2066//3283 383//3283
f  2066//3284 2064//3284 383//3284
f  395//3285 2065//3285 382//3285
f  2067//3286 2065//3286 395//3286
f  394//3287 2067//3287 395//3287
f  2068//3288 2067//3288 394//3288
f  402//3289 2068//3289 394//3289
f  401//3290 2068//3290 402//3290
f  2069//3291 2068//3291 401//3291
f  407//3292 2069//3292 401//3292
f  2070//3293 2069//3293 407//3293
f  406//3294 2070//3294 407//3294
f  2071//3295 2070//3295 406//3295
f  405//3296 2071//3296 406//3296
f  1262//3297 2071//3297 405//3297
f  1261//3298 2072//3298 1262//3298
f  2072//3299 2073//3299 1262//3299
f  2073//3300 2071//3300 1262//3300
f  1332//3301 2074//3301 1261//3301
f  2074//3302 2075//3302 1261//3302
f  2075//3303 2072//3303 1261//3303
f  1331//3304 2076//3304 1332//3304
f  2076//3305 2074//3305 1332//3305
f  1334//3306 2077//3306 1331//3306
f  2077//3307 2076//3307 1331//3307
f  1333//3308 2078//3308 1334//3308
f  2078//3309 2077//3309 1334//3309
f  1360//3310 2079//3310 1333//3310
f  2079//3311 2078//3311 1333//3311
f  1361//3312 2080//3312 1360//3312
f  2080//3313 2079//3313 1360//3313
f  1363//3314 2081//3314 1361//3314
f  2081//3315 2080//3315 1361//3315
f  1364//3316 2082//3316 1363//3316
f  2082//3317 2081//3317 1363//3317
f  1330//3318 2083//3318 1364//3318
f  2083//3319 2082//3319 1364//3319
f  1283//3320 2084//3320 1330//3320
f  2084//3321 2083//3321 1330//3321
f  1282//3322 2084//3322 1283//3322
f  1281//3323 2085//3323 1282//3323
f  2085//3324 2084//3324 1282//3324
f  2086//3325 2087//3325 1281//3325
f  1260//3326 2086//3326 1281//3326
f  2087//3327 2088//3327 1281//3327
f  2088//3328 2085//3328 1281//3328
f  422//3329 2086//3329 1260//3329
f  2089//3330 422//3330 409//3330
f  2090//3331 2089//3331 409//3331
f  410//3332 2090//3332 409//3332
f  2089//3333 2086//3333 422//3333
f  2091//3334 2090//3334 410//3334
f  408//3335 2091//3335 410//3335
f  2092//3336 2091//3336 408//3336
f  396//3337 2092//3337 408//3337
f  2093//3338 2092//3338 396//3338
f  398//3339 2093//3339 396//3339
f  2094//3340 2093//3340 398//3340
f  399//3341 2094//3341 398//3341
f  393//3342 2094//3342 399//3342
f  392//3343 2095//3343 393//3343
f  2095//3344 2094//3344 393//3344
f  387//3345 2096//3345 392//3345
f  2096//3346 2095//3346 392//3346
f  386//3347 2097//3347 387//3347
f  2097//3348 2096//3348 387//3348
f  385//3349 2098//3349 386//3349
f  2098//3350 2099//3350 386//3350
f  2099//3351 2097//3351 386//3351
f  389//3352 2098//3352 385//3352
f  363//3353 2100//3353 376//3353
f  2100//3354 2101//3354 376//3354
f  2101//3355 2102//3355 376//3355
f  2102//3356 389//3356 376//3356
f  2102//3357 2098//3357 389//3357
f  362//3358 2103//3358 363//3358
f  2103//3359 2100//3359 363//3359
f  361//3360 2104//3360 362//3360
f  2104//3361 2103//3361 362//3361
f  1797//3362 2105//3362 1796//3362
f  2105//3363 2106//3363 1796//3363
f  2106//3364 361//3364 1796//3364
f  2106//3365 2104//3365 361//3365
f  1798//3366 2107//3366 1797//3366
f  2107//3367 2105//3367 1797//3367
f  1836//3368 2108//3368 1798//3368
f  2108//3369 2107//3369 1798//3369
f  1837//3370 2109//3370 1836//3370
f  2109//3371 2108//3371 1836//3371
f  1928//3372 2110//3372 1837//3372
f  2110//3373 2109//3373 1837//3373
f  1931//3374 2111//3374 1928//3374
f  2111//3375 2110//3375 1928//3375
f  2112//3376 2111//3376 1931//3376
f  2059//3377 2112//3377 1931//3377
f  2113//3378 1874//3378 1873//3378
f  2114//3379 2113//3379 1873//3379
f  1899//3380 2114//3380 1873//3380
f  2113//3381 1875//3381 1874//3381
f  2115//3382 1877//3382 1875//3382
f  2113//3383 2115//3383 1875//3383
f  2115//3384 1881//3384 1877//3384
f  2116//3385 1878//3385 1881//3385
f  2115//3386 2116//3386 1881//3386
f  2116//3387 1879//3387 1878//3387
f  2117//3388 1882//3388 1879//3388
f  2116//3389 2117//3389 1879//3389
f  2117//3390 1883//3390 1882//3390
f  2118//3391 1887//3391 1883//3391
f  2117//3392 2118//3392 1883//3392
f  2119//3393 1888//3393 1887//3393
f  2118//3394 2119//3394 1887//3394
f  2120//3395 2121//3395 1894//3395
f  1913//3396 2120//3396 1894//3396
f  2121//3397 1895//3397 1894//3397
f  2121//3398 1896//3398 1895//3398
f  2122//3399 2123//3399 1896//3399
f  2123//3400 1897//3400 1896//3400
f  2121//3401 2122//3401 1896//3401
f  2123//3402 1898//3402 1897//3402
f  2124//3403 1899//3403 1898//3403
f  2123//3404 2124//3404 1898//3404
f  2124//3405 2114//3405 1899//3405
f  2119//3406 1900//3406 1888//3406
f  2119//3407 1902//3407 1900//3407
f  2125//3408 1903//3408 1902//3408
f  2119//3409 2125//3409 1902//3409
f  2126//3410 1904//3410 1903//3410
f  2125//3411 2126//3411 1903//3411
f  2127//3412 1907//3412 1906//3412
f  1904//3413 2127//3413 1906//3413
f  2126//3414 2127//3414 1904//3414
f  1912//3415 2120//3415 1913//3415
f  2128//3416 2120//3416 1912//3416
f  1915//3417 2128//3417 1912//3417
f  1914//3418 2128//3418 1915//3418
f  2129//3419 2128//3419 1914//3419
f  2130//3420 2129//3420 1914//3420
f  1917//3421 2130//3421 1914//3421
f  1916//3422 2130//3422 1917//3422
f  2131//3423 2130//3423 1916//3423
f  1926//3424 2131//3424 1916//3424
f  1925//3425 2131//3425 1926//3425
f  1924//3426 2132//3426 1925//3426
f  2132//3427 2131//3427 1925//3427
f  2133//3428 1924//3428 1927//3428
f  1920//3429 2133//3429 1927//3429
f  2134//3430 2133//3430 1920//3430
f  1919//3431 2134//3431 1920//3431
f  1918//3432 2134//3432 1919//3432
f  2135//3433 2134//3433 1918//3433
f  1922//3434 2135//3434 1918//3434
f  1921//3435 2135//3435 1922//3435
f  2136//3436 2135//3436 1921//3436
f  2137//3437 2136//3437 1921//3437
f  1923//3438 2137//3438 1921//3438
f  1907//3439 2137//3439 1923//3439
f  2127//3440 2137//3440 1907//3440
f  2133//3441 2132//3441 1924//3441
f  1999//92 1612//92 2000//92
f  1612//92 1611//92 2000//92
f  1611//92 2001//92 2000//92
f  1991//92 1613//92 1999//92
f  1613//92 1612//92 1999//92
f  1990//92 1576//92 1991//92
f  1576//92 1613//92 1991//92
f  1993//92 2138//92 1990//92
f  1578//92 1577//92 1990//92
f  1577//92 1576//92 1990//92
f  2138//92 1582//92 1990//92
f  1582//92 1581//92 1990//92
f  1581//92 1578//92 1990//92
f  1992//92 2138//92 1993//92
f  1611//92 1615//92 2001//92
f  1615//92 1618//92 2001//92
f  1618//92 2003//92 2001//92
f  1618//92 1617//92 2003//92
f  1617//92 2002//92 2003//92
f  1994//92 2138//92 1992//92
f  2139//92 2138//92 1994//92
f  1995//92 2139//92 1994//92
f  1617//92 2007//92 2002//92
f  2140//92 2009//92 2007//92
f  1617//92 1620//92 2007//92
f  1620//92 1619//92 2007//92
f  1619//92 2140//92 2007//92
f  1996//92 2139//92 1995//92
f  2140//92 2008//92 2009//92
f  1998//92 2139//92 1996//92
f  1997//92 2139//92 1998//92
f  2140//92 2010//92 2008//92
f  2140//92 2011//92 2010//92
f  1985//92 2139//92 1997//92
f  2140//92 2012//92 2011//92
f  1984//92 2139//92 1985//92
f  1987//92 2139//92 1984//92
f  2140//92 2013//92 2012//92
f  2140//92 2015//92 2013//92
f  1986//92 2139//92 1987//92
f  1988//92 2139//92 1986//92
f  2138//92 1584//92 1582//92
f  1621//92 2140//92 1619//92
f  2140//92 2014//92 2015//92
f  2140//92 2016//92 2014//92
f  1989//92 2139//92 1988//92
f  2138//92 1587//92 1584//92
f  1623//92 2140//92 1621//92
f  1972//92 2139//92 1989//92
f  2140//92 2018//92 2016//92
f  2141//92 2017//92 2018//92
f  2140//92 2141//92 2018//92
f  2138//92 1625//92 1587//92
f  1624//92 2140//92 1623//92
f  2141//92 2019//92 2017//92
f  2138//92 1624//92 1625//92
f  2138//92 2140//92 1624//92
f  1974//92 2139//92 1972//92
f  1973//92 2139//92 1974//92
f  2141//92 2021//92 2019//92
f  2141//92 2020//92 2021//92
f  1975//92 2139//92 1973//92
f  1976//92 2139//92 1975//92
f  2141//92 2022//92 2020//92
f  2141//92 2025//92 2022//92
f  1977//92 2139//92 1976//92
f  1978//92 2142//92 1977//92
f  2142//92 2139//92 1977//92
f  2141//92 2024//92 2025//92
f  1979//92 2142//92 1978//92
f  2141//92 2143//92 2024//92
f  2143//92 2028//92 2024//92
f  1981//92 2144//92 1979//92
f  2144//92 2142//92 1979//92
f  2144//92 2145//92 2142//92
f  2145//92 2139//92 2142//92
f  2145//92 2146//92 2139//92
f  2146//92 2138//92 2139//92
f  2146//92 2147//92 2138//92
f  2147//92 2140//92 2138//92
f  2147//92 2148//92 2140//92
f  2148//92 2141//92 2140//92
f  2148//92 2149//92 2141//92
f  2149//92 2143//92 2141//92
f  2026//92 2028//92 2143//92
f  2149//92 2026//92 2143//92
f  2149//92 2027//92 2026//92
f  1980//92 1510//92 1981//92
f  1510//92 1509//92 1981//92
f  1509//92 2144//92 1981//92
f  2149//92 2029//92 2027//92
f  1982//92 1510//92 1980//92
f  1983//92 1510//92 1982//92
f  2149//92 2030//92 2029//92
f  2149//92 2032//92 2030//92
f  1511//92 1510//92 1983//92
f  2150//92 1511//92 1983//92
f  1942//92 2150//92 1983//92
f  1944//92 2150//92 1942//92
f  1943//92 2150//92 1944//92
f  2149//92 2031//92 2032//92
f  2149//92 2033//92 2031//92
f  1946//92 2150//92 1943//92
f  1512//92 1511//92 2150//92
f  1476//92 1475//92 2150//92
f  1475//92 1474//92 2150//92
f  1474//92 1512//92 2150//92
f  2151//92 1481//92 2150//92
f  1481//92 1480//92 2150//92
f  1480//92 1476//92 2150//92
f  1946//92 2151//92 2150//92
f  1514//92 2144//92 1509//92
f  1513//92 1516//92 2144//92
f  1516//92 1515//92 2144//92
f  1515//92 1518//92 2144//92
f  1518//92 1517//92 2144//92
f  1514//92 1513//92 2144//92
f  1517//92 2152//92 2144//92
f  2152//92 2153//92 2144//92
f  2153//92 2145//92 2144//92
f  2153//92 2154//92 2145//92
f  2154//92 2146//92 2145//92
f  2154//92 2155//92 2146//92
f  2155//92 2147//92 2146//92
f  2155//92 2156//92 2147//92
f  2156//92 2148//92 2147//92
f  2156//92 2157//92 2148//92
f  2157//92 2149//92 2148//92
f  1674//92 1673//92 2149//92
f  1646//92 1678//92 2149//92
f  1678//92 1675//92 2149//92
f  1675//92 1674//92 2149//92
f  2157//92 1648//92 2149//92
f  1648//92 1647//92 2149//92
f  1647//92 1646//92 2149//92
f  1673//92 2033//92 2149//92
f  1672//92 1677//92 2033//92
f  1677//92 1681//92 2033//92
f  1681//92 1680//92 2033//92
f  1680//92 2035//92 2033//92
f  1673//92 1672//92 2033//92
f  1945//92 2151//92 1946//92
f  1683//92 2035//92 1680//92
f  2034//92 2035//92 1683//92
f  1682//92 2034//92 1683//92
f  1947//92 2151//92 1945//92
f  2151//92 1483//92 1481//92
f  1519//92 2152//92 1517//92
f  2157//92 1650//92 1648//92
f  2038//92 2034//92 1682//92
f  1684//92 2038//92 1682//92
f  2151//92 1486//92 1483//92
f  1521//92 2152//92 1519//92
f  1949//92 2151//92 1947//92
f  2157//92 1688//92 1650//92
f  2037//92 2038//92 1684//92
f  1686//92 2037//92 1684//92
f  2151//92 1524//92 1486//92
f  1523//92 2152//92 1521//92
f  2157//92 1692//92 1688//92
f  1691//92 2037//92 1686//92
f  1948//92 2151//92 1949//92
f  2151//92 1523//92 1524//92
f  2151//92 2152//92 1523//92
f  1951//92 2151//92 1948//92
f  1951//92 2158//92 2151//92
f  2158//92 2159//92 2151//92
f  2159//92 2152//92 2151//92
f  2159//92 2160//92 2152//92
f  2160//92 2153//92 2152//92
f  2160//92 2161//92 2153//92
f  2161//92 2154//92 2153//92
f  2161//92 2162//92 2154//92
f  2162//92 2155//92 2154//92
f  2162//92 2163//92 2155//92
f  2163//92 2156//92 2155//92
f  2163//92 2164//92 2156//92
f  2164//92 2157//92 2156//92
f  1693//92 1692//92 2157//92
f  2164//92 1693//92 2157//92
f  2036//92 2037//92 1691//92
f  1690//92 2036//92 1691//92
f  2164//92 1690//92 1693//92
f  2164//92 2036//92 1690//92
f  1950//92 2158//92 1951//92
f  1950//92 1952//92 2158//92
f  1952//92 1953//92 2158//92
f  1953//92 1954//92 2158//92
f  2165//92 2159//92 2158//92
f  2166//92 2165//92 2158//92
f  1954//92 2166//92 2158//92
f  2117//3442 2116//3442 2159//3442
f  2116//3443 2115//3443 2159//3443
f  2115//3444 2113//3444 2159//3444
f  2113//92 2160//92 2159//92
f  2165//92 2117//92 2159//92
f  2123//92 2161//92 2160//92
f  2124//92 2123//92 2160//92
f  2113//92 2114//92 2160//92
f  2114//92 2124//92 2160//92
f  2121//92 2162//92 2161//92
f  2122//92 2121//92 2161//92
f  2123//92 2122//92 2161//92
f  2121//92 2120//92 2162//92
f  2120//92 2128//92 2162//92
f  2128//92 2129//92 2162//92
f  2129//92 2163//92 2162//92
f  2129//92 2130//92 2163//92
f  2130//92 2131//92 2163//92
f  2131//92 2132//92 2163//92
f  2132//92 2167//92 2163//92
f  2167//92 2168//92 2163//92
f  2168//92 2164//92 2163//92
f  2046//92 2047//92 2164//92
f  2168//92 2046//92 2164//92
f  2047//92 2045//92 2164//92
f  2045//92 2044//92 2164//92
f  2044//92 2043//92 2164//92
f  2043//92 2042//92 2164//92
f  2042//92 2041//92 2164//92
f  2041//92 2040//92 2164//92
f  2039//92 2036//92 2164//92
f  2040//92 2039//92 2164//92
f  1956//92 2166//92 1954//92
f  1955//92 2166//92 1956//92
f  1957//92 2166//92 1955//92
f  1959//92 2166//92 1957//92
f  1958//92 2166//92 1959//92
f  1960//92 2166//92 1958//92
f  2168//92 2048//92 2046//92
f  1961//92 2166//92 1960//92
f  2133//92 2167//92 2132//92
f  2168//92 2049//92 2048//92
f  1963//92 2166//92 1961//92
f  2165//3445 2118//3445 2117//3445
f  2134//92 2167//92 2133//92
f  1962//92 2166//92 1963//92
f  1964//92 2166//92 1962//92
f  2168//92 2051//92 2049//92
f  2165//3446 2119//3446 2118//3446
f  2169//92 2167//92 2134//92
f  2135//92 2169//92 2134//92
f  1966//92 2166//92 1964//92
f  1965//92 2166//92 1966//92
f  2136//92 2169//92 2135//92
f  2165//92 2170//92 2119//92
f  2170//92 2125//92 2119//92
f  2137//92 2169//92 2136//92
f  2170//92 2126//92 2125//92
f  2127//92 2169//92 2137//92
f  2171//92 2127//92 2126//92
f  2170//92 2171//92 2126//92
f  2171//92 2169//92 2127//92
f  1968//92 2166//92 1965//92
f  2168//92 2050//92 2051//92
f  1967//92 2166//92 1968//92
f  1497//92 2166//92 1967//92
f  1969//92 1497//92 1967//92
f  1497//92 1498//92 2166//92
f  1498//92 1496//92 2166//92
f  1496//92 1495//92 2166//92
f  1495//92 1494//92 2166//92
f  1494//92 1528//92 2166//92
f  1528//92 1527//92 2166//92
f  1527//92 2165//92 2166//92
f  1527//92 1526//92 2165//92
f  1526//92 1529//92 2165//92
f  1529//92 1531//92 2165//92
f  1531//92 1530//92 2165//92
f  1530//92 1533//92 2165//92
f  1533//92 1532//92 2165//92
f  2172//92 2170//92 2165//92
f  2173//92 2172//92 2165//92
f  1532//92 2173//92 2165//92
f  2174//92 2171//92 2170//92
f  2172//92 2174//92 2170//92
f  2175//92 2169//92 2171//92
f  2174//92 2175//92 2171//92
f  2176//92 2167//92 2169//92
f  2175//92 2176//92 2169//92
f  2176//92 1663//92 2167//92
f  1663//92 1661//92 2167//92
f  1661//92 2168//92 2167//92
f  1697//92 1696//92 2168//92
f  1662//92 1658//92 2168//92
f  1661//92 1662//92 2168//92
f  1658//92 1657//92 2168//92
f  1657//92 1656//92 2168//92
f  1656//92 1697//92 2168//92
f  1696//92 2050//92 2168//92
f  1696//92 1695//92 2050//92
f  1695//92 1699//92 2050//92
f  1699//92 1702//92 2050//92
f  1702//92 1701//92 2050//92
f  1701//92 1704//92 2050//92
f  1704//92 1703//92 2050//92
f  1703//92 2059//92 2050//92
f  1501//92 1497//92 1969//92
f  1499//92 1501//92 1969//92
f  1970//92 1499//92 1969//92
f  1534//92 2173//92 1532//92
f  2176//92 1664//92 1663//92
f  1705//92 2059//92 1703//92
f  2177//92 1503//92 1499//92
f  1970//92 2177//92 1499//92
f  2176//92 2178//92 1664//92
f  2178//92 1666//92 1664//92
f  2177//92 1506//92 1503//92
f  1535//92 2173//92 1534//92
f  2178//92 1669//92 1666//92
f  1707//92 2059//92 1705//92
f  1971//92 2177//92 1970//92
f  2177//92 1539//92 1506//92
f  1537//92 2173//92 1535//92
f  2178//92 1711//92 1669//92
f  1710//92 2059//92 1707//92
f  2177//92 1537//92 1539//92
f  2177//92 2173//92 1537//92
f  2005//92 2177//92 1971//92
f  2179//92 2173//92 2177//92
f  2180//92 2179//92 2177//92
f  2005//92 2180//92 2177//92
f  2181//92 2172//92 2173//92
f  2179//92 2181//92 2173//92
f  2182//92 2174//92 2172//92
f  2181//92 2182//92 2172//92
f  2183//92 2175//92 2174//92
f  2182//92 2183//92 2174//92
f  2184//92 2176//92 2175//92
f  2183//92 2184//92 2175//92
f  2185//92 2178//92 2176//92
f  2184//92 2185//92 2176//92
f  1712//92 1711//92 2178//92
f  2185//92 1712//92 2178//92
f  1709//92 2111//92 1710//92
f  2111//92 2112//92 1710//92
f  2112//92 2059//92 1710//92
f  2185//92 1709//92 1712//92
f  2185//92 2111//92 1709//92
f  2004//92 2180//92 2005//92
f  2006//92 2180//92 2004//92
f  2006//92 2023//92 2180//92
f  2023//92 2179//92 2180//92
f  1552//92 1547//92 2179//92
f  1553//92 1552//92 2179//92
f  1547//92 1546//92 2179//92
f  1546//92 1545//92 2179//92
f  1545//92 2181//92 2179//92
f  2056//92 1560//92 2179//92
f  1560//92 1557//92 2179//92
f  1557//92 1553//92 2179//92
f  2053//92 2054//92 2179//92
f  2054//92 2055//92 2179//92
f  2055//92 2057//92 2179//92
f  2057//92 2056//92 2179//92
f  2023//92 2052//92 2179//92
f  2052//92 2053//92 2179//92
f  1545//92 1544//92 2181//92
f  1544//92 1548//92 2181//92
f  1548//92 1555//92 2181//92
f  1555//92 1554//92 2181//92
f  1554//92 1559//92 2181//92
f  1559//92 1558//92 2181//92
f  2186//92 2182//92 2181//92
f  2187//92 2186//92 2181//92
f  1558//92 2187//92 2181//92
f  2188//92 2183//92 2182//92
f  2186//92 2188//92 2182//92
f  2189//92 2184//92 2183//92
f  2188//92 2189//92 2183//92
f  2101//92 2100//92 2184//92
f  2100//92 2103//92 2184//92
f  2103//92 2185//92 2184//92
f  2189//92 2101//92 2184//92
f  2110//92 2111//92 2185//92
f  2105//92 2107//92 2185//92
f  2106//92 2105//92 2185//92
f  2107//92 2108//92 2185//92
f  2108//92 2109//92 2185//92
f  2109//92 2110//92 2185//92
f  2103//92 2104//92 2185//92
f  2104//92 2106//92 2185//92
f  2056//92 1564//92 1560//92
f  1563//92 2187//92 1558//92
f  2056//92 1568//92 1564//92
f  1567//92 2187//92 1563//92
f  2056//92 1572//92 1568//92
f  2060//92 2187//92 1567//92
f  1571//92 2060//92 1567//92
f  2056//92 2058//92 1572//92
f  2058//92 1571//92 1572//92
f  2058//92 2061//92 1571//92
f  2061//92 2060//92 1571//92
f  2062//92 2187//92 2060//92
f  2190//92 1602//92 2187//92
f  1602//92 1598//92 2187//92
f  1598//92 2186//92 2187//92
f  2067//92 2068//92 2187//92
f  2063//92 2064//92 2187//92
f  2062//92 2063//92 2187//92
f  2064//92 2066//92 2187//92
f  2066//92 2065//92 2187//92
f  2065//92 2067//92 2187//92
f  2068//92 2069//92 2187//92
f  2069//92 2070//92 2187//92
f  2070//92 2071//92 2187//92
f  2071//92 2073//92 2187//92
f  2073//92 2072//92 2187//92
f  2072//92 2190//92 2187//92
f  1629//92 1628//92 2186//92
f  1628//92 2188//92 2186//92
f  1598//92 1599//92 2186//92
f  1599//92 1596//92 2186//92
f  1596//92 1595//92 2186//92
f  1595//92 1594//92 2186//92
f  1594//92 1629//92 2186//92
f  1628//92 1627//92 2188//92
f  1627//92 1631//92 2188//92
f  1631//92 1634//92 2188//92
f  1634//92 1633//92 2188//92
f  1633//92 1636//92 2188//92
f  1636//92 2191//92 2188//92
f  2090//92 2091//92 2188//92
f  2091//92 2092//92 2188//92
f  2092//92 2093//92 2188//92
f  2093//92 2094//92 2188//92
f  2094//92 2095//92 2188//92
f  2095//92 2189//92 2188//92
f  2191//92 2086//92 2188//92
f  2086//92 2089//92 2188//92
f  2089//92 2090//92 2188//92
f  2097//92 2099//92 2189//92
f  2099//92 2098//92 2189//92
f  2098//92 2102//92 2189//92
f  2102//92 2101//92 2189//92
f  2095//92 2096//92 2189//92
f  2096//92 2097//92 2189//92
f  1635//92 2191//92 1636//92
f  2190//92 1600//92 1602//92
f  1637//92 2191//92 1635//92
f  2192//92 1603//92 1600//92
f  2190//92 2192//92 1600//92
f  2192//92 1607//92 1603//92
f  1638//92 2191//92 1637//92
f  2192//92 1640//92 1607//92
f  1639//92 2191//92 1638//92
f  2192//92 1639//92 1640//92
f  2192//92 2191//92 1639//92
f  2075//92 2190//92 2072//92
f  2074//92 2192//92 2190//92
f  2075//92 2074//92 2190//92
f  2081//92 2082//92 2192//92
f  2080//92 2081//92 2192//92
f  2082//92 2083//92 2192//92
f  2083//92 2084//92 2192//92
f  2084//92 2191//92 2192//92
f  2076//92 2077//92 2192//92
f  2074//92 2076//92 2192//92
f  2077//92 2078//92 2192//92
f  2078//92 2079//92 2192//92
f  2079//92 2080//92 2192//92
f  2088//92 2087//92 2191//92
f  2087//92 2086//92 2191//92
f  2084//92 2085//92 2191//92
f  2085//92 2088//92 2191//92

