# File produced by Open Asset Import Library (http://www.assimp.sf.net)
# (assimp v5.0.0)

mtllib link5.mtl

# 2679 vertex positions
v  0.00065684965 0.0031289631 0.039869048
v  0.00030381134 0.0031835013 0.039868273
v  -1.1728206e-05 -2.5135894e-05 0.039999992
v  0.0013091554 0.00014366447 0.039977759
v  0.0011977319 0.0002725893 0.039980076
v  0.0010885809 0.00039889154 0.039982349
v  0.0010439073 0.00045056877 0.03998328
v  0.0009855692 0.00051810086 0.039984494
v  0.00086200138 0.00098969275 0.039978012
v  0.00086200883 0.001041966 0.039975375
v  0.00086206844 0.0015868717 0.039947934
v  0.00086213549 0.0021781498 0.039918162
v  0.00086220255 0.0027563148 0.039889045
v  0.00089383026 0.0008278662 0.039980806
v  0.00086377462 0.00095965207 0.039978758
v  0.00093160471 0.00066216529 0.039983369
v  0.00095688453 0.00055130065 0.03998509
v  0.00071801146 -2.5135894e-05 0.039994381
v  -1.2041131e-05 0.0026114159 0.039895475
v  -0.00038683513 0.0025851899 0.039909385
v  -0.00075449893 0.0025052004 0.03990858
v  -0.00094846735 0.0021914416 0.03991846
v  -0.00094857166 0.0016200715 0.039944172
v  -0.00094866107 0.0010967427 0.039967723
v  -0.00099913136 0.00084807217 0.039973475
v  -0.0010638247 0.00066645682 0.039974675
v  -0.0011270951 0.00048889458 0.039975844
v  -0.00094867597 0.00098969275 0.039972536
v  -0.0011567558 0.00040562687 0.039976396
v  -0.001187482 0.00031937895 0.039976962
v  -0.0012012805 0.00028063593 0.039977223
v  -0.0013381179 0.00015570461 0.039972641
v  -0.00076919893 -2.5135894e-05 0.039990567
v  0.0013982271 -0.0023317761 0.039914832
v  0.0011921738 -0.0025632805 0.039907381
v  -1.1586645e-05 -0.0031376309 0.039761953
v  0.00094962766 -0.0030020303 0.039885998
v  0.0010084723 -0.002769751 0.039900735
v  -0.0016642223 -0.0022646612 0.039901264
v  -0.0012565713 -0.0025677509 0.039900884
v  -0.0013118173 -0.0024781651 0.039904684
v  0.0014472966 -2.5135894e-05 0.03997492
v  0.0014483024 -2.1857639e-05 0.039974876
v  0.0015895654 -0.002256555 0.039910994
v  -0.0015339638 -2.5135894e-05 0.03996592
v  -0.0018103357 -0.0021761484 0.039899841
v  -0.0015349697 -2.1857639e-05 0.039965868
v  -0.0015120964 -3.0821752e-06 0.039966814
v  -0.001535968 -1.8519779e-05 0.039965831
v  0.00094657292 0.00055338681 0.039685205
v  0.0010374178 0.00044776735 0.039683327
v  0.001114196 0.00035847959 0.039681748
v  0.00089852413 0.00076832116 0.03968183
v  0.0014385347 -1.8579383e-05 0.039675057
v  0.00085751613 0.00095172465 0.039678946
v  0.0008558025 0.00098176533 0.039678194
v  0.0014493008 -1.8519779e-05 0.039974838
v  -0.001195402 0.00027205286 0.039677329
v  -0.0011484857 0.00040276584 0.039676487
v  -0.001142108 0.00042052803 0.039676376
v  -0.00099531666 0.00082953513 0.039673738
v  0.0014527653 -2.328815e-05 0.039974719
v  0.0014636357 -3.4255405e-05 0.039974339
v  0.0014419247 -2.5135894e-05 0.03982503
v  0.0014550377 -2.1678825e-05 0.03997463
v  0.0014419769 -2.3347755e-05 0.039674945
v  0.0014442269 -2.1678825e-05 0.039674856
v  0.0018918355 -0.002137763 0.03990493
v  0.0020840382 -0.002151174 0.039894246
v  0.0032882383 -0.0010652966 0.039807647
v  0.0014393468 -2.5135894e-05 0.039753079
v  0.0014450391 -2.9904266e-05 0.039674833
v  0.0032647913 -0.0010582036 0.039508782
v  -0.00094067404 0.00098176533 0.039672762
v  -0.00094065169 0.0017551952 0.039643623
v  -0.0014974634 -1.8304778e-06 0.039667189
v  -0.0015392835 -2.328815e-05 0.039965697
v  -0.0023157159 -0.00046692553 0.039892092
v  -0.0021538222 -0.0021521873 0.039882377
v  -0.0015307079 -2.5135894e-05 0.039888002
v  -0.0015404533 -2.1023174e-05 0.039965644
v  -0.0015234213 -1.8579383e-05 0.039666116
v  -0.0015279736 -2.084436e-05 0.03966593
v  -0.0015266846 -2.3228546e-05 0.03966599
v  -0.0015276979 -2.5135894e-05 0.039816067
v  0.00085598131 0.0018660598 0.039633632
v  -0.00094064424 0.0018726164 0.039639197
v  -0.0009484301 0.0024333769 0.039907575
v  0.001378267 -0.002322597 0.039615408
v  0.0011838664 -0.0025456375 0.039608024
v  0.0015797232 -0.0022471971 0.039611071
v  -1.2093285e-05 0.0030784183 0.039876968
v  -1.2085834e-05 0.0031983429 0.039862424
v  -0.00097912655 0.006711679 0.0394473
v  -0.00094372133 0.0061447793 0.039530732
v  -0.00094688038 0.0036890083 0.039782256
v  -0.00094842265 0.0024904781 0.039905004
v  0.00099568709 -0.0027615256 0.039600879
v  -0.00093852083 0.0041983896 0.039416447
v  0.0019291405 -0.0021163649 0.039603554
v  -0.0012928854 -0.0024694628 0.039605178
v  -0.0016452755 -0.0022386736 0.039603099
v  -0.00172601 -0.0021858043 0.039602622
v  -0.0010076623 -0.0029714531 0.03988377
v  -0.0012455966 -0.0025493926 0.039601684
v  0.00094133517 -0.0029810495 0.039586894
v  -0.0021382133 -0.0021334714 0.039583459
v  0.0020676767 -0.0021339483 0.039595261
v  0.0024273535 -0.0021750755 0.03987515
v  -0.0033046613 -0.0010257191 0.039798699
v  -0.0026478702 -0.0022546477 0.039846934
v  -0.0023521045 -0.002138359 0.039872296
v  -0.0022976184 -0.00046376648 0.039592817
v  0.00086221745 0.0029413276 0.039879732
v  0.00085619738 0.0029267841 0.039580181
v  0.00091279199 -0.003147406 0.039876774
v  -0.0010024171 -0.0030066199 0.039881401
v  -0.0009907569 -0.0029800362 0.039582856
v  -0.0022752294 -0.0021160073 0.039577089
v  -0.00098141388 -0.003147406 0.039871916
v  -0.00098999694 -0.0029855794 0.039582476
v  0.00086211314 0.0030728751 0.039865613
v  0.00086956372 -0.0033180541 0.039865941
v  0.0008634617 -0.0032955832 0.039566845
v  0.0024849018 -0.002186758 0.039570279
v  0.0025729379 -0.0022632903 0.039861262
v  -0.0026258836 -0.0022460646 0.039547622
v  -0.00095463643 -0.0033269948 0.039859816
v  -0.00094676862 -0.0033044643 0.039560772
v  0.00086083909 0.0046025687 0.039701469
v  0.00062890252 0.0064838701 0.039490744
v  0.0009173592 -0.0036430187 0.039839268
v  0.0009084334 -0.0036188788 0.03954044
v  -1.1899569e-05 0.0065117651 0.039460674
v  0.0025607115 -0.0022367663 0.039562747
v  0.0029232493 -0.0024754829 0.039827839
v  0.0033146059 -0.0010801977 0.039805241
v  -0.0010344695 -0.0036414689 0.039832011
v  -0.0028368095 -0.0023289747 0.039830737
v  -0.0028248439 -0.0023197955 0.039530903
v  0.00092231383 -0.0036766953 0.039836504
v  0.00091018429 -0.0036313958 0.039539412
v  0.0011685406 -0.0040913052 0.039793879
v  0.0011616562 -0.0040634698 0.039495222
v  -0.0010261993 -0.0036169118 0.039533138
v  -0.001097181 -0.0038885898 0.039810166
v  -1.1445084e-05 -0.0063708848 0.039514683
v  -0.0030427435 -0.0025611944 0.039802052
v  -0.0030197697 -0.0025440878 0.039503433
v  0.0039201444 0.001405614 0.039767608
v  0.0051845377 0.0026025348 0.039601661
v  0.0033022603 0.0017583543 0.039829001
v  0.0050880676 0.0027679377 0.039601818
v  0.0033023125 0.0017911368 0.039827421
v  0.0032790443 0.0017455393 0.039530739
v  0.0029115593 -0.0024680323 0.039527886
v  0.0029785922 -0.0025659627 0.039818384
v  0.0033029085 0.0021737986 0.039809026
v  0.0029584458 -0.0025479621 0.039519638
v  0.003224886 -0.0029685921 0.039776303
v  -0.0015214394 -2.5135894e-05 0.039666213
v  -0.0010888214 -0.0038632578 0.039511353
v  -0.0012703176 -0.0040845699 0.039786331
v  -0.0033875825 0.0022027069 0.039779909
v  -0.0050604204 0.0029713088 0.039572127
v  -0.0033881152 0.0017583543 0.039809227
v  -0.0052061947 0.0026704245 0.039574742
v  -0.0036971914 0.0015818053 0.039776742
v  -0.003976197 0.0013957196 0.03944657
v  -0.0033631781 0.0017455393 0.039511092
v  0.0049619293 0.0029841834 0.039602011
v  0.0033023721 0.0024368935 0.039783716
v  0.0032782694 0.0026394897 0.039468981
v  0.0032300344 -0.0030044741 0.039773434
v  0.0032709604 -0.003149075 0.039760664
v  0.0043104282 -0.0016428656 0.039714262
v  0.0042806258 -0.001632256 0.03941609
v  -0.0032236846 -0.0027652807 0.039776854
v  -0.0032055052 -0.0027577705 0.039477251
v  -0.0032646889 -0.0029305047 0.039762497
v  -0.0033745179 -0.001065237 0.039792098
v  -0.0033493387 -0.001058144 0.039493375
v  0.0012144808 -0.004168672 0.039785922
v  0.0012076561 -0.0041425056 0.039487138
v  -0.0050649354 -0.002020461 0.039632455
v  -0.0012602966 -0.0040573305 0.039487749
v  -0.0014743219 -0.0043155975 0.03975825
v  0.0015767206 -0.0043877191 0.039752528
v  0.0015605529 -0.0043681688 0.0394537
v  0.004917494 0.0030603581 0.039602086
v  0.0048994115 0.003417986 0.039576955
v  0.0048947623 0.0035100156 0.039570488
v  0.003300502 0.0033546858 0.039695419
v  0.0032780161 0.0029362612 0.039448477
v  -0.00093678484 0.0061031752 0.039234012
v  -0.0050112838 0.0030726963 0.039571241
v  -0.0033866288 0.0030020052 0.039727166
v  -0.0050365822 0.0038786703 0.039504059
v  -0.0050151618 0.0031961971 0.039560944
v  -0.0054679671 0.0024643713 0.039553791
v  -0.0045452612 0.0010973387 0.039687611
v  -0.0052995505 0.002596932 0.039567269
v  -0.0040088082 0.0013771229 0.039443143
v  0.0032110428 -0.0029785461 0.039475195
v  0.0032117656 -0.0029840893 0.039474756
v  0.0032507842 -0.003149075 0.039761864
v  0.005755513 0.0022764974 0.03954953
v  0.0056772968 0.002286213 0.039559372
v  0.0056068813 0.0023314529 0.039565414
v  0.0052036485 0.0025903159 0.039600022
v  0.0040301373 0.0013428503 0.039756685
v  0.0039355149 0.0013711029 0.03946542
v  -0.0032819295 -0.0030000038 0.039756462
v  -0.0032594847 -0.0029797382 0.039458029
v  0.0032533249 -0.0033030338 0.039449461
v  0.0032679504 -0.0032687015 0.039752297
v  0.0051559946 -0.0031513399 0.039577812
v  -0.0014637645 -0.0042875833 0.039459743
v  -0.0016630675 -0.0043929047 0.039742485
v  0.0046448922 0.00099183852 0.039695606
v  0.0041036 0.0012752586 0.039448693
v  0.0040021231 0.0013331347 0.039458789
v  -0.0052430453 -0.0021221465 0.039606474
v  -0.0033189366 -0.003149075 0.039743505
v  0.0014365528 -2.5135894e-05 0.039675139
v  0.0017183636 -0.004473371 0.039739475
v  0.0016471659 -0.0044236011 0.03944549
v  0.003275997 -0.0033247299 0.039747812
v  0.0051555624 -0.0033349223 0.039567292
v  0.0032655811 -0.0033649034 0.039745413
v  0.0049593514 -0.0046559996 0.039479055
v  0.0031943759 -0.003639502 0.039729029
v  0.0032076379 -0.0057002134 0.039475381
v  0.003307431 -0.0056407279 0.03947559
v  0.0031723073 -0.0036157793 0.039430782
v  -0.0052401097 -0.0031513995 0.039547622
v  -0.0033603879 -0.0033160872 0.039728992
v  -0.0033360096 -0.0032944507 0.039430775
v  -0.0016519289 -0.0043573803 0.039444558
v  -0.0019411232 -0.0045068092 0.039719254
v  -0.0021567577 -0.0063767261 0.039466277
v  0.0020673191 -0.0044939942 0.03972131
v  0.002054072 -0.0044728941 0.039422452
v  0.003129988 -0.0038877553 0.03971421
v  -0.0032895962 -0.0036180443 0.039409868
v  -0.0033108713 -0.0036413497 0.039708138
v  -0.0052395845 -0.0033352203 0.039537117
v  -0.0033857087 0.0037706071 0.039676458
v  -0.0051541971 0.004431861 0.039438143
v  -0.0052160779 0.0043151551 0.039430924
v  -0.0033622207 0.0026695305 0.039449982
v  -0.0033619525 0.0029261881 0.03943301
v  0.0020722663 -0.0063770241 0.039472997
v  0.0022830581 -0.00450669 0.039710082
v  0.0021883836 -0.0044891662 0.039414853
v  -0.002007694 -0.0044892854 0.039415851
v  -0.0021570558 -0.0044937558 0.039708644
v  0.0051584532 -0.0021220273 0.039636791
v  0.0043278923 -0.0016589588 0.039411776
v  0.0029564714 -0.0040831394 0.039708428
v  0.0031083291 -0.0038627214 0.039416037
v  0.0023459187 -0.0062138862 0.039473571
v  0.0025619483 -0.004392249 0.039705016
v  0.0025428897 -0.0043570823 0.03940744
v  -0.0021402249 -0.0044734306 0.039409906
v  -0.0025069201 -0.0044725365 0.039691448
v  -0.0031936439 -0.0057583875 0.03945706
v  0.0027508354 -0.0043147034 0.039701574
v  0.0029362654 -0.0040566153 0.039410293
v  -0.0032876739 -0.0036314554 0.039408997
v  -0.0033055367 -0.0036763973 0.039705887
v  -0.0052345628 -0.0045412011 0.039438926
v  -0.0032435665 -0.0037799901 0.03970176
v  -0.0043266052 -0.0050827092 0.039446995
v  0.0027322238 -0.00428657 0.039403483
v  -0.0030346671 -0.004062993 0.039391525
v  -0.0030580396 -0.0040901131 0.039689414
v  -0.0033903094 -0.0056410856 0.039455317
v  0.00085955759 0.0061447197 0.039535984
v  0.00085544487 0.0042157941 0.039441817
v  0.0048728203 0.00086172164 0.039672963
v  0.0063090762 0.0016594105 0.039503194
v  0.0048394864 0.00085558236 0.039375469
v  0.004893898 0.0035270029 0.039569296
v  0.0049525192 0.0038784915 0.039533071
v  0.0041902428 0.0049877339 0.039498553
v  0.0032984456 0.0043618851 0.03959851
v  0.0047806641 0.0044267946 0.039499842
v  0.0032770922 0.0040028864 0.039374799
v  -0.0025413195 -0.0044255084 0.039391913
v  -0.0026483247 -0.0043870634 0.039690018
v  -0.0026336843 -0.0043669171 0.039391167
v  -0.0030118832 -0.0041673011 0.039686337
v  -0.0029883171 -0.0041420287 0.039388321
v  -0.0056188116 0.0023456388 0.039541714
v  -0.0056869918 0.0023310953 0.039533213
v  -0.0061532641 0.0022313767 0.039475083
v  -0.0065408843 0.0018923455 0.039435104
v  -0.0067473026 0.00094343961 0.039434649
v  -0.0054909671 0.0005570823 0.03958822
v  -0.0051876502 0.00070436537 0.039319068
v  0.002732425 0.0033551031 0.039469399
v  -0.0033853212 0.0038947635 0.039662391
v  -0.0044675404 0.0051185661 0.039439648
v  -0.0033611031 0.003746944 0.039378732
v  0.00388576 -2.5135894e-05 0.039517224
v  0.0042814976 0.00069977582 0.039472796
v  -0.0032783272 0.0028264695 0.039444953
v  -0.0027701417 0.0034014159 0.039452456
v  0.0054083606 0.00055600941 0.039619759
v  0.0064614406 0.00091757119 0.03950353
v  -0.0020871768 0.0038535767 0.039453954
v  -0.0039699273 -2.5135894e-05 0.039494008
v  -0.0043373117 0.00077046693 0.039449021
v  -0.0033807354 0.005364316 0.03949596
v  -0.0033599408 0.0042217546 0.039324865
v  -0.0013658415 0.0041605406 0.039455533
v  0.0051236963 -0.0021086163 0.039339162
v  0.0051214239 -0.003311736 0.039270177
v  0.0020927554 0.0037861639 0.039467998
v  -0.0050385492 -0.002012772 0.039333649
v  -0.004412719 -0.0016590781 0.039392829
v  0.0064263185 -2.5135894e-05 0.039518617
v  0.0065281531 -2.5135894e-05 0.039496444
v  0.0052193841 0.00063891948 0.039337672
v  0.0019254078 -0.0027246303 0.03957025
v  -0.0052066119 -0.0021087355 0.03930904
v  -0.0016914095 -0.0023415512 0.039596163
v  0.0048776781 0.0032023364 0.039293021
v  0.0048851585 0.0030359798 0.039304852
v  0.0049280738 0.002963441 0.039304703
v  0.0051558306 0.0025784546 0.039303944
v  0.00516761 0.0025704675 0.039302967
v  0.003509677 0.0054869824 0.039497055
v  0.0032961881 0.0054688626 0.039492004
v  0.0032737916 0.0059604221 0.039147206
v  0.0032770401 0.0040316754 0.039371453
v  -0.0067868503 -2.5135894e-05 0.039439023
v  -0.0065101841 -2.5135894e-05 0.039481103
v  -0.0064660059 -2.5135894e-05 0.039184526
v  0.0013340701 0.0041151815 0.039466329
v  0.0048690429 0.003394621 0.039279349
v  -0.0051723504 0.0026499205 0.039277405
v  -0.0050243 0.0029505068 0.039275102
v  -0.0049783373 0.0030438476 0.039274387
v  -0.0049842158 0.0032436424 0.039257787
v  0.004863291 0.0035225921 0.039270252
v  0.0051179742 -0.0045073456 0.039172567
v  0.0051512411 -0.0045407242 0.039468907
v  -0.0052616829 0.0025769644 0.039270468
v  0.0055738455 0.0022952729 0.039269246
v  0.0055619469 0.0023033195 0.039270237
v  -0.0050021308 0.0038524442 0.039207205
v  -0.0055381032 0.0023512417 0.039248995
v  0.0060644364 0.002238112 0.03951066
v  0.0060253805 0.0022269064 0.039213397
v  -0.0052037733 -0.0033144779 0.039240032
v  0.0009468784 0.006444531 0.039490975
v  0.00085434219 0.0061031156 0.039239228
v  -0.0056503797 0.0023225718 0.039235361
v  0.0050438857 0.0041001611 0.039496429
v  0.0049197515 0.0038522058 0.039236031
v  -0.00099387125 0.006367343 0.039497867
v  -0.001008087 0.0064123445 0.039188012
v  0.0067441305 -0.00020472468 0.039471731
v  0.0063837906 -2.5135894e-05 0.039221808
v  0.0043414673 -2.5135894e-05 0.039463334
v  -0.0017032559 -0.006647212 0.039470308
v  -0.0015458326 -0.0067403144 0.039463013
v  0.0014630173 -0.0067401952 0.039471716
v  -1.1422732e-05 -0.0068296618 0.039479598
v  0.0010396679 -0.0072396821 0.039407216
v  0.0013085966 -0.0068831271 0.039455347
v  -0.0013066094 -0.007038278 0.039425381
v  0.0061279228 0.0022301846 0.039502673
v  0.0068301102 -2.5135894e-05 0.039430678
v  0.009786739 0.0014016801 0.038904704
v  0.0095561286 0.002524572 0.038904205
v  0.0064948266 0.0023330026 0.039445862
v  0.0061738333 0.0022245222 0.039496899
v  0.0065958118 0.0023671561 0.039429806
v  0.006137765 0.002209919 0.039199494
v  0.0055110892 0.0052334839 0.03930907
v  0.006052657 0.0065471702 0.039091885
v  0.0063490784 0.0075622969 0.038897172
v  0.0053189909 0.0083179651 0.038894914
v  -0.0011288758 0.0066875988 0.039446235
v  -0.0012200262 0.0068763667 0.039112262
v  0.0032961285 0.0054972344 0.039489277
v  0.0032948246 0.0061391168 0.039427519
v  0.0064522317 0.002317267 0.039149426
v  -0.0036901543 0.0057004862 0.039441355
v  -0.0033791782 0.0058634453 0.039439432
v  -0.0033553513 0.0060984069 0.039111979
v  -0.0044090049 -2.5135894e-05 0.039439574
v  0.00099168613 0.0065983706 0.039467886
v  -1.1884668e-05 0.0067783766 0.039428346
v  0.00095868012 0.0098268567 0.038885348
v  -1.1273721e-05 0.0098665534 0.038845524
v  -1.1854866e-05 0.0073556476 0.039358348
v  0.0032735532 0.0060982876 0.039131179
v  -0.0067796381 -0.00017736615 0.039439812
v  -8.6883692e-06 -0.012687427 0.038223729
v  0.00089216878 -0.0079273405 0.039299786
v  0.00087453326 -0.0078782858 0.039308518
v  0.00091778388 -0.0075559444 0.039359927
v  0.000943019 -0.0073678321 0.039389923
v  -0.0010349388 -0.0073767132 0.039382651
v  -0.0010268848 -0.0074187345 0.039376065
v  -0.00096353242 -0.0077489442 0.039324276
v  -0.00095000962 -0.0078193964 0.039313219
v  0.0049370294 -0.0046214885 0.039181724
v  0.0042241057 -0.0050463504 0.039180346
v  0.0032860702 -0.0056053824 0.039178528
v  0.0023308909 -0.0061746067 0.03917668
v  -0.0061961571 0.0022222572 0.039469734
v  -0.0061093206 0.0022089058 0.03917937
v  -0.0061012441 0.0022072964 0.039180629
v  0.0014538233 -0.0066972799 0.039174974
v  0.0043828478 -2.5135894e-05 0.039458439
v  0.0068252673 -0.00025103751 0.039459087
v  0.0070147282 -0.00038330021 0.039125979
v  0.0012202625 -0.0069190091 0.039149016
v  -0.0016816045 -0.0066106743 0.039173163
v  -0.0064136097 0.0022815638 0.039434791
v  0.0051179593 -0.0045128292 0.03917212
v  0.0012433071 0.0069816285 0.039402939
v  0.0011427094 0.0068641477 0.039120883
v  0.0025367206 0.0071996027 0.039013043
v  0.0023495546 0.0072371536 0.039016187
v  0.0020606732 0.0072951489 0.03902103
v  0.0020376211 0.0072997385 0.039021417
v  0.0015937825 0.0071867877 0.039056271
v  0.0012247403 0.0069360905 0.039107263
v  0.0032012081 0.0064073973 0.039092697
v  0.0029147407 0.0069278651 0.039033435
v  0.0025601154 0.0071949535 0.039012656
v  -0.0033672685 -0.00560574 0.039158389
v  -0.0015016879 -0.0067390627 0.039161064
v  -0.0015349324 -0.0066974587 0.039166331
v  0.0070608845 -0.00038550558 0.039422356
v  0.0098608574 -2.5135894e-05 0.038770631
v  -0.0023673782 0.0072563463 0.03900294
v  -0.002609075 0.0071868473 0.03900031
v  -0.0029789368 0.0069322162 0.03901685
v  -0.0030723149 0.0068483525 0.039023742
v  -0.0012912984 0.0069303089 0.039101288
v  -0.0021436075 0.0072829896 0.039010473
v  -0.0016666289 0.0072000795 0.039045461
v  0.0010308762 -0.0071908659 0.039111532
v  -0.0033263611 0.0061752372 0.039102942
v  -0.0044675292 -2.5135894e-05 0.039432317
v  -0.0016702499 0.011533457 0.038468152
v  -0.0012260239 0.0069180899 0.039409079
v  -0.004305237 -0.0050465888 0.039150164
v  -0.0042974846 -0.005051238 0.039150231
v  -0.0051979804 -0.004514379 0.03914234
v  0.006554923 0.0023523741 0.039133072
v  -0.0063216584 0.0097985445 0.03845796
v  -0.0068278583 -0.00020460547 0.039432421
v  -0.0070965784 -0.0003831214 0.039085157
v  -0.0062641846 0.0067353421 0.039011925
v  -0.0061340826 0.0065474086 0.039056912
v  -0.0053947056 0.0047494941 0.039358154
v  -0.0076554501 0.0088000474 0.038455032
v  -0.0033783177 0.006139236 0.039408199
v  -0.0068165781 -2.5135894e-05 0.0394345
v  -0.0065969201 0.0023315721 0.039405331
v  -0.0066819722 0.0023547583 0.039391667
v  -0.011212763 0.003264802 0.038447231
v  -0.0065575065 0.0022982531 0.039109699
v  -0.010177501 -2.5135894e-05 0.038752332
v  -0.011566923 0.0016367608 0.038446456
v  -0.0071443925 -0.00038532677 0.039381273
v  0.0069776019 0.002773779 0.039347999
v  0.0071008643 0.0029347115 0.039016061
v  0.0031440174 0.0066611939 0.039362967
v  -0.0012981306 -0.006994111 0.039128803
v  0.0072729653 -0.00066356122 0.039384484
v  0.0072338721 -0.00065456092 0.039087281
v  -0.0013011481 0.0069760256 0.039397359
v  -0.0031259255 0.0068050795 0.039329894
v  -0.0048593478 0.010597008 0.038461164
v  0.00093383243 -0.0073302216 0.039092325
v  0.0013142814 0.0070897513 0.039384626
v  -0.0016408871 0.0072379881 0.039344378
v  -0.0016420196 0.0071958476 0.039047264
v  -0.0069324533 0.0026039057 0.039338358
v  -0.0069083134 0.002564209 0.039041325
v  0.00091335078 -0.007507903 0.039063863
v  0.0020426428 0.009659308 0.038887724
v  0.0015214671 0.0071878606 0.039362103
v  0.0014765029 0.0071569257 0.03906548
v  0.00749953 -0.00096069038 0.039344028
v  0.0074667996 -0.00094286859 0.039046146
v  -0.0010245825 -0.0073367781 0.039085455
v  -0.007356436 -0.00054935872 0.039345101
v  -0.00095513562 -0.0077000684 0.039028488
v  -0.0010179292 -0.0073715872 0.039080001
v  0.0042161783 0.0089271842 0.038892493
v  0.0031294888 0.0067115002 0.039356746
v  0.0029852157 0.0068747574 0.039037563
v  0.0016107549 0.0072301799 0.039352395
v  -0.0060942518 0.0065053278 0.038762704
v  0.0029274439 0.0069757872 0.039329194
v  0.001797675 0.0073186927 0.039332077
v  0.0091836741 0.0036474043 0.038903385
v  0.0071469611 0.0029542022 0.039311707
v  -0.0073870653 -0.00062267244 0.039338611
v  -0.0073518539 -0.00059930742 0.039041206
v  -0.0016788478 0.007245379 0.039341494
v  0.0075466996 -0.0010225601 0.039335601
v  0.0074742204 -0.0009520477 0.039044835
v  -0.0021572495 0.007337945 0.039305143
v  -0.0075318599 -0.00096909463 0.039307937
v  -0.0073563727 -0.00061098993 0.039040223
v  -0.0071137222 0.0027842098 0.039299786
v  0.010244242 -2.5135894e-05 0.03868714
v  0.0075836321 -0.0012916154 0.039323352
v  0.0075346893 -0.0012840456 0.039027475
v  0.0020746207 0.007317143 0.039320149
v  -0.0030918391 0.0068949633 0.039319322
v  0.0028501293 0.0070769363 0.039318651
v  0.010052494 -0.0031620092 0.03878016
v  0.0075769713 -0.0031546778 0.039221562
v  0.0031358292 0.009361404 0.038890123
v  0.0023560589 0.0073155337 0.039308026
v  -0.0029991018 0.006977933 0.039312512
v  0.0025411984 0.0072261267 0.039312005
v  -0.0010449748 -0.0081869783 0.039248668
v  -0.00094314764 -0.0077627129 0.039018653
v  -0.0027521262 0.007198947 0.039294384
v  0.0077026179 0.004308837 0.0390926
v  0.0060144877 0.0065050893 0.038797453
v  -0.0074905166 -0.00095872342 0.039011061
v  0.00087298354 -0.0078581395 0.039007775
v  -0.0076666074 -0.0012915558 0.039279386
v  -0.0032982836 0.011179286 0.038464583
v  -0.0021737898 0.0073411637 0.039303884
v  0.0080961054 0.0053582364 0.038623765
v  -0.0022051567 0.0073472434 0.0393015
v  -0.0022252584 0.0072971755 0.039004482
v  -0.0026268 0.0072329217 0.039296016
v  -0.0072297053 0.0029542022 0.039270282
v  -0.0071819546 0.0029347711 0.038974889
v  0.0010381256 -0.0083331289 0.039227523
v  0.00088065764 -0.0078801336 0.039003856
v  -0.0027361596 0.0071503096 0.038998932
v  -0.0076644504 -0.0021943874 0.039248705
v  -0.0076160105 -0.001283986 0.038983777
v  0.0081894016 0.0055853897 0.038586989
v  0.0082547879 0.0060399943 0.038518041
v  0.0082552945 0.006043511 0.038517505
v  0.0081916144 0.0064776712 0.038469739
v  0.0079383468 0.006860035 0.038458087
v  0.0075330725 0.0071099573 0.038486615
v  0.0074439636 0.0071649128 0.038492888
v  0.0070817759 0.0072056227 0.038542241
v  0.0069603836 0.0072192722 0.038558781
v  0.006655789 0.0071173483 0.038618706
v  -0.0081782909 0.0053666406 0.038575858
v  -0.010630519 0.0048258477 0.038448513
v  -0.0074186819 0.003416019 0.039194569
v  0.0075240424 -0.0045152134 0.03883636
v  0.0075287586 -0.0032996959 0.038937069
v  -0.0099678161 -0.0031617112 0.038758107
v  -0.0076595703 -0.0031545586 0.039179541
v  -0.0076095769 -0.0032999939 0.038893603
v  -0.0010713945 -0.0082892599 0.039230712
v  -0.0010509576 -0.008131844 0.038953297
v  -0.0011795323 -0.0084180655 0.039204843
v  -0.0011035363 -0.0083119096 0.038921423
v  0.0010750954 -0.0084359469 0.039209217
v  0.0010218386 -0.0082854452 0.038931869
v  0.0010404055 -0.0083387317 0.038922399
v  0.0075726574 -0.00435893 0.039155766
v  0.0011116777 -0.008471054 0.039202057
v  0.0011130859 -0.0084118666 0.038907625
v  -0.0014525066 -0.0087432088 0.039139546
v  -0.0011602725 -0.0083749117 0.038908593
v  0.0014372085 -0.0087836804 0.039138295
v  -0.0081810588 0.0052789622 0.038889118
v  0.0072585484 -0.0059943623 0.038736552
v  0.0059446385 -0.0068398542 0.038768731
v  0.0069934642 -0.0062279529 0.038748011
v  0.0041277399 -0.0078999223 0.038804621
v  0.0048328629 -0.0074885315 0.038790695
v  -0.007648454 -0.0053418702 0.039021976
v  -0.0076041268 -0.004522366 0.038792588
v  0.0033411151 -0.0083588781 0.038820162
v  0.0010722418 -0.0078021116 0.039013304
v  0.0014294822 -0.0087300362 0.038843304
v  0.001445948 -0.0087465467 0.038839951
v  0.0017645125 -0.008850676 0.038810909
v  0.0021763435 -0.0088310065 0.038797729
v  -0.004245759 -0.006747169 0.03898254
v  0.0075209504 -0.0053111739 0.038770415
v  0.0073939105 -0.00564192 0.038754016
v  -0.0015480752 -0.0079161348 0.038975798
v  0.0098134642 -0.0064041442 0.038553998
v  0.0075671589 -0.005341155 0.039065301
v  -0.0061713057 -0.0067568249 0.038756631
v  -0.0076006064 -0.0053118891 0.038727343
v  -0.0075316289 -0.0056583113 0.038702078
v  -0.0072943578 -0.0059532351 0.0387052
v  -0.0063831406 -0.0066335625 0.038755424
v  -0.0014444302 -0.0086906375 0.038844362
v  -0.0018048371 -0.0088892402 0.03910017
v  -0.0017936538 -0.0088351192 0.038805366
v  0.0014553805 -0.0088011445 0.039134733
v  0.0017746751 -0.0089034857 0.039105959
v  0.0061685955 -0.012735468 0.038025185
v  0.0048615327 -0.0075327582 0.039085887
v  0.0033712527 -0.0084028663 0.039115354
v  0.0030132672 -0.012714905 0.038250498
v  0.0031303233 -0.0085425796 0.03910511
v  0.0018834536 -0.0089383544 0.039096162
v  0.0018655051 -0.008883697 0.0388017
v  0.0026864698 -0.0087998929 0.039086238
v  -0.0019462268 -0.0089478316 0.039084367
v  0.0021886965 -0.0088857235 0.039092384
v  0.0086727282 0.0047309571 0.038902268
v  0.008190929 0.0054993206 0.038900048
v  0.0066007888 0.0071286135 0.038931452
v  0.0026712632 -0.0087470831 0.038791396
v  0.0059803044 -0.0068794913 0.039063759
v  -0.0029976973 -0.012714726 0.038238809
v  -0.0021461556 -0.0089289369 0.03907866
v  -0.0019372489 -0.008894545 0.038789332
v  -0.0024479264 -0.0089004459 0.03907004
v  -0.0021329755 -0.0088756504 0.038783811
v  -0.002766625 -0.0088003697 0.039070889
v  -0.0031163143 -0.0085967602 0.039068967
v  -0.0027497793 -0.0087476196 0.038776122
v  -0.0024335468 -0.0088466825 0.038775325
v  -0.0061195167 -0.012734872 0.038004659
v  -0.0037729191 -0.0082145156 0.039065354
v  -0.0049428465 -0.0075333542 0.039058924
v  -0.0042069415 -0.0078998031 0.038767822
v  -0.0037499005 -0.0081656994 0.03877043
v  0.0074298969 -0.0056688017 0.039050534
v  0.0065084314 -0.0065711564 0.039053313
v  -0.0064125704 -0.0066776699 0.039050847
v  -0.0049125375 -0.0074892468 0.038763806
v  -0.0062787468 0.0067677074 0.038699187
v  0.0068190312 -0.0063897795 0.039047174
v  -0.0064559961 -0.0066521592 0.039047882
v  0.0072827926 -0.0060199923 0.039034709
v  -0.0092250118 -0.012764257 0.037594505
v  -0.0069031799 -0.0063895411 0.03901732
v  0.009308218 -0.012765271 0.037619434
v  0.0070357239 -0.0062632388 0.03904289
v  0.0072520664 -0.0060933656 0.039031401
v  0.0072556725 -0.0060018725 0.038736179
v  -0.0097298669 -0.0064035482 0.038531236
v  -0.0076098749 -0.005613727 0.0389999
v  -0.0071162777 -0.0062643713 0.039002761
v  -0.0070723863 -0.0062290854 0.038708113
v  -0.0064262645 0.0068952017 0.038964838
v  -0.0063771838 0.0068580681 0.038671471
v  -0.0073309736 -0.0059813685 0.039001517
v  -0.0075616809 -0.0056772656 0.039000183
v  -0.0075367326 -0.0056519932 0.038702011
v  -0.0066713365 0.0071368986 0.038893647
v  -0.0066378759 0.0070973807 0.038598053
v  0.0066982275 0.0071606808 0.038912363
v  0.0065658307 0.0070872479 0.038636401
v  0.006772398 0.0071850591 0.038897835
v  0.012795395 0.0033874684 0.03808032
v  0.013104058 0.0018845969 0.03808099
v  0.012296877 0.0048903995 0.038079225
v  0.01161301 0.0063406997 0.038077727
v  0.0082408777 0.0056210929 0.038880348
v  0.0085029146 0.010130304 0.038070902
v  0.0070208376 0.0072667175 0.038849168
v  0.0071241772 0.011141735 0.038067885
v  0.0056481203 0.011957127 0.038064644
v  -0.006760505 0.0071612769 0.038876392
v  -0.0067164423 0.007116633 0.038583145
v  0.0042021191 0.012538272 0.038061477
v  0.0027389443 0.012937027 0.038058266
v  -0.0098320367 0.0062881284 0.038450263
v  -0.0083210887 0.0056211525 0.038833015
v  0.0012881075 0.01316126 0.038055085
v  -1.0901192e-05 0.011444169 0.038523324
v  0.0082964068 0.0059552365 0.03882879
v  -0.0071540819 0.0072689229 0.038800217
v  0.0071262857 0.0072543793 0.03883487
v  0.0074838912 0.0072125369 0.038786374
v  -0.008342036 0.0064189606 0.038725495
v  -0.0082679735 0.0055855089 0.038539939
v  0.0082961535 0.0059592896 0.038828291
v  0.010742462 0.0077207261 0.038075812
v  0.0082888221 0.0060776048 0.038813755
v  0.0082655987 0.0064522796 0.03876771
v  -0.0072008455 0.0072590285 0.038794182
v  -0.0071492018 0.0072227889 0.038501047
v  -0.0076658325 0.0071608 0.038734175
v  -0.0071563618 0.0072210603 0.038500153
v  0.0075796908 0.0071541243 0.038779549
v  0.013070672 -0.0064240522 0.037793495
v  0.0096990382 0.0089939414 0.038073525
v  0.0076638302 0.0071028643 0.038773552
v  0.0079834228 0.0069080167 0.038750768
v  0.0082300371 0.0065097385 0.038765572
v  0.0079860529 0.0069037848 0.038750924
v  -0.011685782 -2.5135894e-05 0.038446195
v  -0.013249923 -0.0031717843 0.037943117
v  -0.012952131 -0.0064232177 0.037772387
v  -0.0077252099 0.0071482235 0.038726509
v  -0.0077096308 0.0070865327 0.038431019
v  -0.0076153064 0.0071094804 0.038442805
v  -0.0080210166 0.0069166594 0.038710363
v  -0.0082921358 0.0065213614 0.038719818
v  -0.0082895951 0.0063774162 0.038433097
v  -0.0081480304 0.0068171793 0.038703427
v  -0.0088335695 0.0076219612 0.038452446
v  -0.0082396055 0.0064803534 0.038427375
v  -0.0080515789 0.0068926984 0.038708694
v  -0.0080011385 0.0068506771 0.038416073
v  -0.0080976719 0.006772595 0.038411126
v  0.013232618 -2.5135894e-05 0.038036324
v  -0.012312015 -0.012798053 0.036971413
v  -1.0819235e-05 0.011650163 0.038464338
v  -1.0185936e-05 0.013214487 0.038016394
v  -0.0022582198 0.015641706 0.037233174
v  -0.0044649104 0.015161651 0.037228338
v  -0.0065808231 0.014372486 0.037223697
v  -0.0085628862 0.013290185 0.037219353
v  -0.010370747 0.011936801 0.037215389
v  -0.011967604 0.010339933 0.037211888
v  -0.013320954 0.008532065 0.037208915
v  -0.01440324 0.0065500312 0.037206545
v  -0.015192435 0.004434126 0.037204817
v  -0.013509546 -2.5135894e-05 0.037899747
v  -0.015672473 0.0022273832 0.037203759
v  -7.6750903e-06 -0.014856678 0.037758663
v  0.013641207 -2.5135894e-05 0.037947334
v  0.013898424 -2.5135894e-05 0.037891321
v  0.016357055 0.0023580962 0.037019804
v  0.015971867 0.0042335563 0.037018955
v  0.015349752 0.0061090761 0.037017591
v  0.01449634 0.0079189716 0.037015721
v  0.013409964 0.0096411286 0.037013344
v  0.012107848 0.01122995 0.037010483
v  0.010615177 0.012648064 0.037007213
v  0.0088946214 0.013910311 0.037003443
v  0.0070526144 0.014927763 0.036999404
v  0.0052481135 0.015653031 0.036995448
v  0.0034221848 0.016150611 0.03699144
v  0.0016116564 0.016430514 0.036987476
v  -9.4185261e-06 0.015109438 0.037473783
v  0.0057932874 -0.01898299 0.036441438
v  -4.6948576e-06 -0.018928392 0.036513858
v  -0.0057409676 -0.018982274 0.036419988
v  -0.0086717466 -0.019017262 0.036143601
v  -0.015833577 -2.5135894e-05 0.037203409
v  -0.016094455 -0.0064420528 0.036783889
v  0.01649609 -2.5135894e-05 0.036929391
v  0.016246287 -0.0064429468 0.036796607
v  0.012428849 -0.012799484 0.036994867
v  -0.015336254 -0.012827915 0.036090165
v  0.0087560406 -0.019018514 0.036170311
v  -0.011592527 -0.019055529 0.035650946
v  -9.0087442e-06 0.015794354 0.037215732
v  -8.5840611e-06 0.016497271 0.036950909
v  -7.5260782e-06 0.018268185 0.036283731
v  -0.0028127702 0.019523399 0.035611734
v  -0.005566203 0.018924432 0.035605699
v  -0.0082063684 0.017939704 0.03559991
v  -0.010679518 0.016589241 0.035594486
v  -0.012935304 0.014900583 0.035589539
v  -0.014927809 0.012908059 0.035585172
v  -0.016616473 0.010652262 0.03558147
v  -0.017966913 0.0081791459 0.035578512
v  -0.018951645 0.0055389577 0.035576351
v  -0.016728094 -2.5135894e-05 0.036831543
v  -0.019550616 0.0027855211 0.03557504
v  0.016865654 -2.5135894e-05 0.036792539
v  0.019112615 -2.5135894e-05 0.035960473
v  0.01901908 0.005045014 0.035690807
v  0.019477671 0.0028121644 0.035691805
v  0.018278433 0.0072779232 0.035689183
v  0.017262405 0.0094326315 0.035686955
v  0.015969029 0.011482972 0.035684116
v  0.01441881 0.013374525 0.035680719
v  0.01264172 0.015062886 0.035676822
v  0.010593324 0.016565578 0.035672329
v  0.0084003424 0.017776923 0.035667524
v  0.0062520048 0.018640416 0.035662808
v  0.0040781563 0.019232767 0.035658047
v  0.011708348 -0.019057138 0.035676196
v  0.015485263 -0.012829226 0.036103956
v  0.0019226436 0.019566016 0.035653315
v  -0.014452633 -0.019087 0.034874693
v  -0.01975164 -2.5135894e-05 0.035574593
v  -0.019518925 -0.0031890101 0.035601601
v  0.019330202 -0.0064540333 0.035504296
v  0.019703006 -0.0031892485 0.035595998
v  -0.019147186 -0.0064537353 0.035510302
v  -0.018275054 -0.012841982 0.034876384
v  0.00095809152 -0.025008006 0.034659624
v  0.003620862 -0.024752719 0.034728527
v  -2.3941041e-07 -0.025025113 0.034649946
v  0.0039362228 -0.0247225 0.034736685
v  -0.0030110897 -0.024850292 0.034707762
v  -0.005386495 -0.024418933 0.034782276
v  -0.0034476975 -0.024771018 0.034721456
v  0.0054438924 -0.024388833 0.034781151
v  0.0068047335 -0.024087651 0.034821287
v  0.006874836 -0.024063034 0.034821652
v  0.0073174676 -0.023907764 0.034823947
v  -0.0067525925 -0.024063868 0.034811951
v  -0.0059259469 -0.024321003 0.034799203
v  -0.0082281725 -0.023604853 0.034834698
v  -0.0071405666 -0.023943169 0.034817934
v  -6.3861394e-06 0.019644754 0.035616919
v  0.011175296 -0.022348328 0.034773596
v  0.0096227368 -0.023098988 0.03483589
v  0.0083149364 -0.023557825 0.03482911
v  -0.011172169 -0.022371037 0.03478162
v  -0.010986102 -0.022453649 0.034786418
v  -0.0087811993 -0.023432834 0.034843229
v  0.016106842 -0.01909004 0.034247912
v  0.016943855 -0.018407447 0.034110717
v  0.017360074 -0.017973764 0.034014821
v  0.01845332 -0.012841982 0.034868322
v  0.014598212 -0.019088252 0.034889065
v  -0.017448658 -0.017869515 0.033989839
v  -0.017155545 -0.018151028 0.034051254
v  -0.016225914 -0.019044025 0.034246035
v  0.019679694 -2.5135894e-05 0.03568501
v  0.020017793 -2.5135894e-05 0.035520777
v  0.020374758 -2.5135894e-05 0.035347372
v  0.022365203 0.0032322579 0.03405384
v  0.02183873 0.0057956749 0.034052692
v  0.020988433 0.0083590923 0.034050822
v  0.019821977 0.010832804 0.034048267
v  0.018337129 0.013186711 0.034045011
v  0.016557401 0.015358287 0.034041107
v  0.014517217 0.017296629 0.034036636
v  0.012165568 0.019021766 0.034031481
v  0.012137755 -0.021882934 0.034734987
v  0.011287793 -0.022293909 0.034769088
v  0.0096479123 0.020412521 0.03402596
v  0.0071815243 0.021403747 0.034020551
v  0.004685848 0.022083895 0.034015082
v  0.0022112122 0.022466378 0.034009658
v  -5.3207064e-06 0.02092232 0.034998067
v  -6.3265347e-06 0.019708889 0.035585843
v  -3.4878635e-06 0.022561686 0.03398075
v  -0.011491262 -0.022229297 0.034773402
v  -0.014230953 -0.020555181 0.034531854
v  -0.013892596 -0.020811541 0.034580335
v  -0.0032150606 0.022345977 0.033996858
v  -0.0063660601 0.021660523 0.033989944
v  -0.022599721 -2.5135894e-05 0.033954352
v  -0.022419253 -0.003188116 0.033963442
v  -0.019833846 -2.5135894e-05 0.035527833
v  -0.0093874345 0.020533638 0.03398332
v  0.022623887 -0.0031876392 0.033927806
v  -0.012217683 0.018988209 0.033977114
v  -0.014799182 0.017055707 0.033971459
v  -0.017079385 0.014775473 0.033966459
v  -0.019011872 0.012193996 0.03396222
v  -0.020557301 0.0093637286 0.03395883
v  -0.021684216 0.0063423687 0.033956364
v  -0.022369677 0.0031913691 0.033954859
v  -0.022026913 -0.0064486689 0.03388001
v  -0.021558745 -0.0096573653 0.033634879
v  0.021213008 -0.012820941 0.033203579
v  0.021758704 -0.0096553387 0.033594057
v  0.022230474 -0.0064474768 0.033842228
v  0.022544479 -2.5135894e-05 0.033965334
v  0.014585688 -0.020330472 0.034497231
v  0.015229314 -0.019805653 0.034391738
v  0.014370977 -0.020466669 0.034518085
v  -0.021018462 -0.012823802 0.033247694
v  -0.020875951 -0.013714951 0.033121213
v  -0.02020161 -0.014762324 0.033314794
v  -0.019358953 -0.015783591 0.033536322
v  -0.0189899 -0.016230864 0.033633344
v  -0.018360866 -0.016993267 0.033798717
v  -0.016143521 -0.019106431 0.034257837
v  -0.015031536 -0.019948764 0.034417152
v  0.019033043 -0.016230626 0.033629343
v  0.019088684 -0.016172631 0.033616528
v  0.019573195 -0.015527111 0.033482708
v  0.020885205 -0.013779026 0.033120342
v  0.017617797 -0.017705245 0.03395544
v  -0.010765729 -0.024107976 0.034325734
v  0.010937317 -0.024109943 0.034291975
v  0.0073021045 -0.024067564 0.034790821
v  0.0065352758 -0.032024961 0.032217003
v  -0.0071282173 -0.024065537 0.034804985
v  -0.0063811997 -0.032024961 0.032228231
v  -0.0082282769 -0.032024901 0.032005355
v  -0.007900008 -0.032024901 0.032073185
v  0.0082767 -0.032025021 0.032000817
v  0.0085478043 -0.032025021 0.031967156
v  -0.01429651 -0.024138851 0.033355445
v  -0.0046388591 -0.032025021 0.032406099
v  -0.0042091655 -0.032025021 0.032415688
v  0.0054773008 -0.032024961 0.03234835
v  0.014460354 -0.024139626 0.033293799
v  0.0042328155 -0.032024901 0.032391407
v  0.00083637884 -0.032024723 0.032508925
v  0.003282561 -0.032024842 0.032424286
v  -0.0031271884 -0.03202508 0.032439835
v  -6.8047058e-08 -0.028508646 0.033551455
v  -0.015987085 -0.024141295 0.032625511
v  -0.011880209 -0.032024842 0.031101709
v  -0.010700674 -0.032024842 0.031494491
v  -0.010112186 -0.032024842 0.031616092
v  -0.0095821144 -0.032024842 0.031725615
v  0.010163537 -0.032025021 0.031592891
v  0.011229216 -0.032025021 0.031346031
v  0.011943079 -0.03202508 0.031086659
v  0.0097311875 -0.032025021 0.031693041
v  0.01614376 -0.024140878 0.032546043
v  0.024735523 0.0035751038 0.032123961
v  0.024477823 0.0048436099 0.032123961
v  0.024166314 0.0063769394 0.032123953
v  0.022869838 -2.5135894e-05 0.033758089
v  0.024844332 0.0023789578 0.032123961
v  0.024748689 0.0035103732 0.032123961
v  0.023898115 0.0071917945 0.032123953
v  0.024155302 0.0064103776 0.032123953
v  -0.017576093 -0.024128838 0.031701587
v  0.022091893 0.011677283 0.032123946
v  0.023080079 0.0095341383 0.032123953
v  0.023244662 0.0091772256 0.032123953
v  0.021911679 0.01197322 0.032123946
v  0.020767523 0.013852435 0.032123946
v  0.020538462 0.0142286 0.032123938
v  0.020267693 0.014572578 0.032123938
v  0.018677382 0.016592758 0.032123938
v  0.018298453 0.016969876 0.032123938
v  0.01764526 0.017619984 0.032123938
v  0.016529052 0.018730896 0.032123931
v  0.01929736 0.015805202 0.032123938
v  0.014118752 0.020606356 0.032123931
v  0.015831647 0.019273536 0.032123931
v  0.016042611 0.019109385 0.032123931
v  0.013881295 0.020748274 0.032123931
v  0.013441778 0.021010952 0.032123931
v  0.011482357 0.022181945 0.032123923
v  0.010663069 0.022552984 0.032123923
v  0.0095586469 0.023053246 0.032123923
v  0.0091183772 0.023252623 0.032123923
v  0.011759988 0.022016006 0.032123923
v  0.0061423397 0.024208562 0.032123916
v  0.0072143963 0.023864167 0.032123916
v  0.0079333996 0.023633258 0.032123916
v  0.0051795086 0.024388926 0.032123916
v  0.0048683947 0.02444716 0.032123916
v  0.0030452972 0.024788694 0.032123908
v  -2.8843665e-06 0.02309628 0.033649005
v  0.002405568 0.024827795 0.032123908
v  0.0024482599 0.024825172 0.032123908
v  -0.0064020911 0.024141209 0.032123916
v  -0.0039070109 0.024648147 0.032123908
v  -0.0035354951 0.024723606 0.032123908
v  -0.0035524862 0.024720149 0.032123908
v  -0.0070290202 0.023934858 0.032123916
v  -0.0077118808 0.023710148 0.032123916
v  -0.009202362 0.023219543 0.032123916
v  -0.011702416 0.022066789 0.032123916
v  -0.011341915 0.022233026 0.032123916
v  -0.010365021 0.022683458 0.032123916
v  -0.013492306 0.020976977 0.032123923
v  -0.01425377 0.020513313 0.032123923
v  -0.014678107 0.020179288 0.032123923
v  -0.016617881 0.018652277 0.032123923
v  -0.017645115 0.017620103 0.032123923
v  -0.018756045 0.016503887 0.032123931
v  -0.016356615 0.018857913 0.032123923
v  -0.018882832 0.016340988 0.032123931
v  -0.024984984 -0.00093780219 0.032124706
v  -0.024784794 -0.0031786985 0.032144919
v  -0.024729973 -0.0037923283 0.032150455
v  -0.024680262 -0.0040268726 0.032158986
v  -0.024625638 -0.0042846031 0.032168366
v  -0.022712959 -2.5135894e-05 0.033866704
v  -0.020631516 0.014093596 0.032123931
v  -0.021001028 0.013475317 0.032123931
v  -0.022207076 0.011457223 0.032123931
v  -0.020199263 0.014649111 0.032123931
v  -0.02327775 0.0090932427 0.032123938
v  -0.022709275 0.010348397 0.032123938
v  -0.022268495 0.011321622 0.032123931
v  -0.02372996 0.0076853805 0.032123938
v  -0.023947587 0.0070077949 0.032123938
v  -0.024233652 0.0061171823 0.032123938
v  0.017719982 -0.024126751 0.031603113
v  -0.024813792 0.003020125 0.032123946
v  -0.024718339 0.0035297447 0.032123946
v  -0.024653027 0.0038783723 0.032123946
v  0.024655318 -0.0040260381 0.032164939
v  0.024809455 -0.0031715459 0.032141164
v  0.024047976 -2.5135894e-05 0.033007652
v  0.024304008 -0.0059734411 0.032219112
v  -0.024109194 -0.0067210621 0.032257043
v  -0.023618421 -0.008142394 0.032372475
v  -0.024170136 -0.0064335293 0.032246575
v  -0.023130653 -0.0095550241 0.032487206
v  -0.024984995 -2.5135894e-05 0.032108098
v  -0.024984987 -0.00045440855 0.032115906
v  0.024167677 -0.0064183301 0.032248922
v  0.023476934 -0.0086725773 0.03239993
v  0.02363926 -0.0081428709 0.032364443
v  -0.019281602 -0.016228182 0.033479683
v  -9.9182251e-10 0.02497484 0.032123901
v  -0.00066970388 0.024965899 0.032123908
v  -0.023083596 -0.0096517028 0.032500237
v  -0.021840075 -0.012206239 0.03284467
v  -0.021817615 -0.012252373 0.032850884
v  -0.02168441 -0.01245926 0.032889128
v  0.019445328 -0.016226394 0.033375286
v  0.021797983 -0.012206716 0.032858066
v  0.02192775 -0.011983139 0.032820784
v  0.021449005 -0.012807828 0.032958344
v  0.022342129 -0.011269373 0.032701716
v  0.02306035 -0.009625894 0.03251072
v  -9.9182529e-10 -0.03202514 0.032509618
v  -0.02092783 -0.016199214 0.032286905
v  -0.019006258 -0.02409826 0.030574827
v  0.021075187 -0.01619534 0.03216181
v  -0.013528836 -0.032024842 0.030486217
v  -0.013102897 -0.032024842 0.030694557
v  -0.012645372 -0.032024842 0.030846914
v  0.013583905 -0.03202514 0.030490479
v  0.012781858 -0.03202508 0.030781893
v  -0.021444639 -0.01283167 0.032957956
v  0.021065598 -0.013468248 0.033068508
v  0.02501495 -2.5135894e-05 0.032139875
v  0.024990967 0.00064458192 0.032123961
v  0.024821905 -0.0031025833 0.032139249
v  -0.023297993 -0.012167555 0.031513549
v  -0.022373402 -0.016148431 0.030866919
v  0.021890951 -0.012205285 0.032805555
v  0.023434727 -0.012162727 0.031366192
v  -0.015475993 -0.032024782 0.02947112
v  -0.01516067 -0.032024842 0.029688006
v  -0.0150375 -0.032024842 0.029748259
v  -0.014092759 -0.032024842 0.030210374
v  0.01360797 -0.03202508 0.030477649
v  0.014228 -0.03202508 0.030147118
v  0.015089951 -0.032025021 0.029687626
v  -9.9182329e-10 -0.033185523 0.03223791
v  -0.0042257132 -0.033218484 0.032071337
v  -0.024073428 -0.0081351819 0.031971671
v  0.0042507043 -0.03321908 0.032069631
v  -0.0082726786 -0.033410531 0.03153535
v  0.024220174 -0.008131844 0.031825885
v  -0.021335365 -0.020101113 0.0300896
v  -9.9181219e-10 -0.039509814 0.03075706
v  -0.0043547498 -0.039560299 0.030423207
v  0.024815364 -0.0040261573 0.032039687
v  0.0083195036 -0.033414107 0.031525463
v  -0.026135175 -0.0040072626 0.03056184
v  -0.025487607 -0.0080941739 0.030328689
v  0.019132143 -0.024094386 0.030456705
v  0.022497443 -0.016142471 0.030719614
v  -0.026348332 -2.5135894e-05 0.030411145
v  0.025134822 -2.5135894e-05 0.03199511
v  -0.025157394 -2.5135894e-05 0.031893514
v  0.025951033 0.0051368647 0.030504009
v  0.026336474 0.0025228434 0.030504009
v  0.026441468 -2.5135894e-05 0.030488422
v  0.025166994 -2.5135894e-05 0.031958006
v  0.024445338 0.010100442 0.030504009
v  0.023344068 0.012431043 0.030504009
v  0.025329379 0.007625001 0.030504009
v  0.022000222 0.01467492 0.030504009
v  -0.024891807 0.0039173537 0.031929418
v  -0.025001766 -2.5135894e-05 0.032087214
v  0.01870965 0.018684523 0.030504009
v  0.020457407 0.016755717 0.030504009
v  -0.022455225 0.011416393 0.031929418
v  -0.023968609 0.0077627474 0.031929418
v  0.012456185 0.023318904 0.030504009
v  0.014700077 0.021975057 0.030504009
v  0.016780844 0.020432251 0.030504009
v  -0.020388918 0.014788288 0.031929418
v  -0.017820565 0.017795401 0.031929418
v  0.010125591 0.024420219 0.030504009
v  -0.014813413 0.020363765 0.031929418
v  -0.011441507 0.022430079 0.031929418
v  0.0051619848 0.025925891 0.030504009
v  0.0076501509 0.025304215 0.030504009
v  -0.0039424757 0.024866657 0.031929418
v  -0.007787873 0.023943441 0.031929418
v  -9.9182107e-10 0.025176959 0.031929418
v  0.0025480008 0.026311355 0.030504009
v  -0.008547307 -0.039773148 0.029651789
v  0.0043805456 -0.039561074 0.030420361
v  0.026259547 -0.0040049977 0.030394537
v  -0.024595099 -0.01210962 0.029859295
v  0.010235108 -0.03359751 0.031029215
v  -9.9181019e-10 0.026396411 0.030472314
v  -0.0041958624 0.026466506 0.029994061
v  -0.0082884068 0.025483923 0.029994061
v  -0.012176861 0.023873286 0.029994061
v  -0.015765483 0.021674173 0.029994061
v  -0.018965906 0.018940764 0.029994061
v  -0.021699326 0.015740352 0.029994061
v  -0.023898436 0.012151736 0.029994061
v  -0.025509087 0.008263248 0.029994061
v  -0.026491622 0.004170733 0.029994061
v  0.025605543 -0.0080897631 0.030159524
v  -0.010179379 -0.033591133 0.031046381
v  -0.016755948 -0.032024663 0.028590722
v  -0.016356828 -0.032024723 0.028865254
v  -0.015957421 -0.032024782 0.029139979
v  0.015978223 -0.032025021 0.02913945
v  0.016414961 -0.032025021 0.028808488
v  0.015646016 -0.032025021 0.029391197
v  -0.01053894 -0.039954644 0.029026983
v  0.0085960543 -0.039776843 0.029638706
v  -0.02352648 -0.016079588 0.029221958
v  -0.011984942 -0.033837181 0.03039377
v  0.024700595 -0.01210354 0.029689996
v  0.012047864 -0.033847313 0.030367142
v  -0.01244091 -0.040193062 0.028237602
v  0.010597385 -0.039960962 0.029005697
v  -0.022350589 -0.020030065 0.028484946
v  -9.9180675e-10 -0.042564493 0.030041812
v  0.020320972 -0.024043662 0.02910178
v  0.023617221 -0.016072555 0.029054901
v  -0.013673694 -0.034151774 0.029572239
v  -0.020219596 -0.024049146 0.029239399
v  -0.019061806 -0.028016014 0.028374134
v  -0.017502299 -0.032024723 0.027891597
v  -0.016815936 -0.032024663 0.028549461
v  -0.026737718 -2.5135894e-05 0.029926477
v  -0.027265707 -2.5135894e-05 0.029269291
v  -0.026548514 -0.008046669 0.028446777
v  -0.027271973 -0.0039818711 0.028693667
v  -9.917972e-10 0.027513342 0.028744144
v  -9.9180653e-10 0.026796715 0.029994061
v  0.0053823879 0.027033942 0.028637258
v  0.0026567942 0.027435856 0.028637258
v  0.0079767993 0.026385741 0.028637258
v  0.010557941 0.025463955 0.028637258
v  0.012988045 0.024315672 0.028637258
v  0.015327751 0.022914486 0.028637258
v  0.017497359 0.021305757 0.028637258
v  0.019508524 0.019483404 0.028637258
v  0.021330906 0.017472224 0.028637258
v  0.022939598 0.015302616 0.028637258
v  0.024340829 0.012962895 0.028637258
v  0.02548912 0.010532814 0.028637258
v  0.026410906 0.0079516349 0.028637258
v  0.027059106 0.0053572231 0.028637258
v  0.027461005 0.0026316815 0.028637258
v  0.02663227 -2.5135894e-05 0.030268406
v  0.013741857 -0.034166496 0.029533988
v  0.016853517 -0.032025021 0.028476154
v  0.017280003 -0.03202508 0.028152963
v  0.017572021 -0.03202508 0.027837215
v  0.017964264 -0.03202508 0.027413098
v  0.019158607 -0.028012497 0.028248509
v  -0.0045616226 -0.045997959 0.0292076
v  -9.9180353e-10 -0.045894664 0.029618202
v  -0.0067935744 -0.046091717 0.028819075
v  0.0045886775 -0.045998853 0.02920392
v  0.027358709 -0.0039794273 0.028503707
v  0.027475795 -2.5135894e-05 0.028580574
v  -0.014239517 -0.04049037 0.027283667
v  0.012507542 -0.040202778 0.028206108
v  -0.025517868 -0.012046141 0.027990138
v  -0.015231212 -0.034535091 0.02857968
v  0.026627189 -0.0080423178 0.028256422
v  0.015302449 -0.034555178 0.028527757
v  -0.021136263 -0.023987157 0.027716553
v  -0.0043079676 0.027174311 0.028744144
v  -0.0085098566 0.026165502 0.028744144
v  -0.012502209 0.024511831 0.028744144
v  -0.016186712 0.022253947 0.028744144
v  -0.019472646 0.019447522 0.028744144
v  -0.0222791 0.016161578 0.028744144
v  -0.024536965 0.012477058 0.028744144
v  -0.026190652 0.0084847389 0.028744144
v  -0.027199438 0.0042828494 0.028744144
v  -0.024290586 -0.016007764 0.027394248
v  0.02558287 -0.012040538 0.02780295
v  -0.0089703659 -0.046221118 0.028261734
v  0.0090218177 -0.046224695 0.028246252
v  0.0068332991 -0.046093743 0.028810544
v  0.002443037 -0.052223664 0.02874474
v  -9.9179787e-10 -0.051851194 0.028860522
v  -0.01592136 -0.04084621 0.026166318
v  0.014312609 -0.040504199 0.027240006
v  -0.027468013 -2.5135894e-05 0.028718276
v  -0.01995234 -0.027976794 0.026985062
v  -0.02297722 -0.019959016 0.026729627
v  -0.0048355432 -0.05229811 0.028474508
v  -0.0024285102 -0.052223247 0.028745821
v  -0.0072014118 -0.05239002 0.028014353
v  0.0048642149 -0.052299064 0.028470119
v  -0.016387651 -0.032156091 0.028817965
v  -0.016644346 -0.034985226 0.027420117
v  0.016456826 -0.032182436 0.028753733
v  0.021205207 -0.023981078 0.027563801
v  0.02172075 -0.023922486 0.025906077
v  0.023014894 -0.019953115 0.026557704
v  0.024340523 -0.016001625 0.027213348
v  -0.011077886 -0.046391707 0.027532367
v  0.011139913 -0.046397489 0.02750781
v  -0.017589891 -0.032674056 0.027553027
v  -9.9179776e-10 -0.052158039 0.02884963
v  -8.4423766e-09 -0.05857281 0.028621932
v  -0.0025976012 -0.058616679 0.028437665
v  -0.0095093185 -0.052505177 0.027361674
v  -0.017901672 -0.035497766 0.026103115
v  0.0072435206 -0.052391868 0.028004309
v  0.017656637 -0.032707196 0.027472189
v  0.016716322 -0.035011392 0.02735292
v  -0.0051694484 -0.058667284 0.028105086
v  0.0026131338 -0.058616918 0.028436339
v  -9.9179631e-10 0.027551489 0.028632944
v  -0.0044235149 0.027903812 0.026592432
v  -0.0087381089 0.026868002 0.026592432
v  -0.012837541 0.025169926 0.026592432
v  -0.016620873 0.022851544 0.026592432
v  -0.019994942 0.019969778 0.026592432
v  -0.022876667 0.016595738 0.026592432
v  -0.025195094 0.012812394 0.026592432
v  -0.026893137 0.0087129651 0.026592432
v  -0.027496478 -2.5135894e-05 0.028640753
v  -0.027928976 0.0043983632 0.026592432
v  -0.028239971 -2.5135894e-05 0.026615744
v  -0.027971731 -0.0039590425 0.026604658
v  -0.02715951 -0.0080070915 0.026365569
v  -9.9178099e-10 0.028251963 0.026592432
v  0.0055170422 0.027710872 0.02658168
v  0.0027232608 0.028122859 0.02658168
v  0.0081763556 0.027046459 0.02658168
v  0.010822064 0.026101606 0.02658168
v  0.013312965 0.024924593 0.02658168
v  0.015711201 0.02348836 0.02658168
v  0.017935088 0.021839397 0.02658168
v  0.019996567 0.019971447 0.02658168
v  0.021864539 0.017909961 0.02658168
v  0.023513472 0.015686052 0.02658168
v  0.024949757 0.0132878 0.02658168
v  0.02612677 0.010796922 0.02658168
v  0.027071616 0.0081511913 0.02658168
v  0.027736036 0.0054919296 0.02658168
v  0.028147986 0.0026981407 0.02658168
v  0.027551373 -2.5135894e-05 0.02842935
v  0.028068809 -2.5135894e-05 0.027393995
v  0.0028088531 -0.065025136 0.028338036
v  -8.4423757e-09 -0.061855834 0.028505398
v  -0.017473364 -0.04125772 0.024888625
v  0.015998928 -0.040864747 0.026108613
v  -9.9179509e-10 -0.065025136 0.028499952
v  -0.0027920986 -0.065025136 0.028339004
v  0.028012967 -0.003957314 0.026396399
v  0.0032757064 -0.10502516 0.028311124
v  -0.021688322 -0.023927314 0.026066763
v  -0.007692893 -0.058726054 0.02754665
v  0.0052000647 -0.05866788 0.028099721
v  -0.025987865 -0.011996848 0.025963431
v  -0.0055207172 -0.065025136 0.027784562
v  -0.0032757083 -0.065025136 0.028311124
v  0.0032757064 -0.065025136 0.028311124
v  -0.0044008391 -0.11202513 0.028158171
v  0.0021376302 -0.11499999 0.028419716
v  0.0021376302 -0.11202513 0.028419716
v  0.0085634133 -0.11499999 0.027183047
v  0.0085634133 -0.11202513 0.027183047
v  -9.9179276e-10 -0.11202513 0.028199999
v  0.0062750867 -0.11202513 0.027492968
v  -0.0044008391 -0.11499999 0.028158171
v  -9.9173125e-10 -0.11499999 0.020000001
v  -0.0051763812 -0.11499999 0.019318519
v  -0.018179333 -0.032024723 0.027242674
v  -0.017878255 -0.032024723 0.027531257
v  -0.018472226 -0.032024723 0.02683924
v  -0.0032757083 -0.10502516 0.028311124
v  0.0055533936 -0.065025136 0.027776895
v  0.0096540293 -0.10502516 0.0268151
v  0.0062750867 -0.10502516 0.027492968
v  -9.9179276e-10 -0.10502516 0.028199999
v  -0.0082433419 -0.065025136 0.027145972
v  -0.0096540311 -0.10502516 0.0268151
v  -0.0062750923 -0.10502516 0.027492968
v  -0.011744742 -0.052647632 0.026518008
v  0.027192106 -0.0080042901 0.026159627
v  0.020021578 -0.027973039 0.026845699
v  0.0095638772 -0.052508216 0.027343644
v  -0.015034535 -0.04686759 0.025557173
v  -0.013103367 -0.04660682 0.026630199
v  0.013174607 -0.046615403 0.02659451
v  -0.0062750923 -0.11202513 0.027492968
v  -0.010707309 -0.11202513 0.026412187
v  -0.010707309 -0.11499999 0.026412187
v  0.0082922792 -0.065025136 0.027134499
v  0.0077377474 -0.058727186 0.027534543
v  -0.010147777 -0.058796089 0.02676524
v  -0.02461105 -0.01595561 0.025457313
v  0.026007822 -0.011993629 0.025765283
v  -0.020534443 -0.027940197 0.025476178
v  -0.018619588 -0.033253532 0.026138408
v  -0.018993201 -0.036065858 0.024640752
v  -0.0096540311 -0.065025136 0.0268151
v  0.010205708 -0.058797937 0.02674379
v  -0.013894723 -0.052819949 0.025487846
v  0.011810555 -0.05265234 0.026489785
v  0.012235521 -0.10502516 0.02540732
v  0.012235521 -0.11202513 0.02540732
v  -0.012235523 -0.10502516 0.02540732
v  -0.012235523 -0.11202513 0.02540732
v  0.018681271 -0.033293765 0.026040202
v  0.017971938 -0.03553037 0.026019325
v  -0.018884441 -0.041718464 0.023454567
v  0.018609179 -0.03202514 0.026715769
v  -0.02318334 -0.019910617 0.024906268
v  0.028189091 -2.5135894e-05 0.026568515
v  -0.012516142 -0.058879476 0.025766945
v  0.017553268 -0.041281383 0.024815125
v  -0.016858744 -0.047173362 0.024317188
v  0.015113405 -0.046879571 0.025508417
v  0.024618303 -0.015952451 0.025270497
v  0.014537751 -0.11499999 0.02451334
v  0.014537751 -0.11202513 0.02451334
v  0.0051763793 -0.11499999 0.019318519
v  0.0096540293 -0.065025136 0.0268151
v  -0.019260192 -0.032024603 0.025713762
v  -0.019210616 -0.032024663 0.025822168
v  -0.018837145 -0.032024663 0.026336594
v  0.018916732 -0.03202508 0.026217571
v  0.019286415 -0.032025021 0.02561873
v  0.020572847 -0.027937336 0.025328537
v  0.010911829 -0.065025136 0.026190726
v  -0.010851801 -0.065025136 0.026220521
v  0.015522211 -0.10502516 0.023902109
v  -0.013356571 -0.065025136 0.024977146
v  -0.015522213 -0.10502516 0.023902109
v  0.013431734 -0.065025136 0.024939833
v  0.012585691 -0.058882218 0.025733722
v  -0.021858996 -0.023889048 0.02436935
v  -0.015946979 -0.053022902 0.024276068
v  -0.028251925 -2.5135894e-05 0.026583178
v  -0.028470261 -0.0011940426 0.024428336
v  -0.028257074 -0.003051383 0.024381546
v  -0.028154681 -0.0039434261 0.024359075
v  -0.028099099 -0.0044276542 0.024346879
v  0.013970382 -0.052826684 0.025447344
v  -9.9178088e-10 0.028253095 0.026581554
v  -0.0058124932 0.027875857 0.024435719
v  -0.0044520618 0.028082328 0.024435719
v  -0.0027280981 0.028343992 0.024435719
v  -0.002931756 0.028313057 0.024435719
v  -0.0073562497 0.027464347 0.024435719
v  -0.0088064084 0.027077811 0.024435719
v  -0.0088461125 0.027067201 0.024435719
v  -0.0097140418 0.026729541 0.024435712
v  -0.011790437 0.02592166 0.024435712
v  -0.012918965 0.025330799 0.024435712
v  -0.014228315 0.024645286 0.024435712
v  -0.014606976 0.024447041 0.024435712
v  -0.012050991 0.025785225 0.024435712
v  -0.016735969 0.023008304 0.024435712
v  -0.017257785 0.022655683 0.024435712
v  -0.018243389 0.021813707 0.024435712
v  -0.016312098 0.023294764 0.024435712
v  -0.020063063 0.020181315 0.024435712
v  -0.020131571 0.020107822 0.024435712
v  -0.020337148 0.019887345 0.024435712
v  -0.019705938 0.020564334 0.024435712
v  -0.021975124 0.018114047 0.024435712
v  -0.02302015 0.01669951 0.024435712
v  -0.023404313 0.016179519 0.024435712
v  -0.023854366 0.01557036 0.024435712
v  -0.021916019 0.018194037 0.024435712
v  -0.025469897 0.012762922 0.024435712
v  -0.025770674 0.012065667 0.024435712
v  -0.026780253 0.0097251711 0.024435712
v  -0.025385814 0.012909072 0.024435712
v  -0.027389539 0.0076883011 0.024435705
v  -0.027065938 0.0087701259 0.024435705
v  -0.02831406 0.0032252842 0.024435705
v  -0.028315851 0.0031938725 0.024435705
v  -0.028104072 0.0044253641 0.024435705
v  -0.027735507 0.0065317326 0.024435705
v  -0.028313732 -2.5135894e-05 0.026414847
v  0.0018855025 0.028384404 0.024435719
v  0.0027443608 0.028341549 0.024435719
v  0.0027281037 0.028343992 0.024435719
v  0.005812495 0.027875857 0.024435719
v  0.0055581322 0.027914481 0.024435719
v  0.0082329428 0.027230697 0.024435719
v  0.0064015305 0.027718859 0.024435719
v  0.0088461107 0.027067201 0.024435719
v  0.010893009 0.026270824 0.024435712
v  0.010823532 0.026297824 0.024435712
v  0.011790431 0.02592166 0.024435712
v  0.013396635 0.025080698 0.024435712
v  0.015033527 0.024158733 0.024435712
v  0.014606974 0.024447041 0.024435712
v  0.017021259 0.022815483 0.024435712
v  0.015808811 0.023634868 0.024435712
v  0.018875649 0.02127363 0.024435712
v  0.018049119 0.021979647 0.024435712
v  0.017257778 0.022655683 0.024435712
v  0.019705927 0.020564334 0.024435712
v  0.020131564 0.020107822 0.024435712
v  0.021916008 0.018194037 0.024435712
v  0.020609779 0.019594984 0.024435712
v  0.022212913 0.017792182 0.024435712
v  0.022026969 0.018043833 0.024435712
v  0.023684887 0.015799778 0.024435712
v  0.023681281 0.015804606 0.024435712
v  0.023854351 0.01557036 0.024435712
v  0.025117112 0.013375956 0.024435712
v  0.0249309 0.013699549 0.024435712
v  0.025469882 0.012762922 0.024435712
v  0.026034525 0.011453944 0.024435712
v  0.026780238 0.0097251711 0.024435712
v  0.026289215 0.010863501 0.024435712
v  0.027236154 0.0082010208 0.024435705
v  0.026947318 0.009166616 0.024435705
v  0.027735492 0.0065317326 0.024435705
v  0.027911169 0.005527752 0.024435705
v  0.028314037 0.0032252842 0.024435705
v  0.028040526 0.004788416 0.024435705
v  0.028363792 0.0023549967 0.024435705
v  0.028343042 0.002717989 0.024435705
v  0.028212396 -2.5135894e-05 0.026408596
v  -9.9176478e-10 0.028474884 0.024435719
v  -0.00050902466 0.028450446 0.024435719
v  0.023181764 -0.019907875 0.024732409
v  -0.014781722 -0.058977585 0.024559846
v  -0.028499926 -2.507629e-05 0.024435705
v  -0.016449315 -0.11202513 0.023273809
v  -0.016449315 -0.11499999 0.023273809
v  -0.0099999988 -0.11499999 0.017320504
v  0.028420059 -0.0019590086 0.024418687
v  0.028499877 -2.507629e-05 0.024435705
v  0.028270116 -0.0030535287 0.024386233
v  0.028148411 -0.003941936 0.024359887
v  0.027742473 -0.0060418672 0.024270421
v  0.028019508 -0.0048829145 0.024331985
v  -0.026977072 -0.0089665474 0.024096152
v  -0.027373763 -0.0076677031 0.024187883
v  -0.027364438 -0.0077093667 0.024185842
v  -0.027278835 -0.0079871835 0.024166016
v  -0.027737992 -0.0060407347 0.024267724
v  0.019522106 -0.033934813 0.024477398
v  -0.018563045 -0.047521096 0.022912135
v  0.027277438 -0.0079872431 0.024167089
v  0.027351661 -0.007676763 0.024183584
v  0.026971577 -0.0089642825 0.024096658
v  0.027242785 -0.0081322612 0.024159385
v  -0.019468186 -0.033887308 0.024593128
v  -0.019910244 -0.036681395 0.023048973
v  0.016943393 -0.047189157 0.024253523
v  -0.020143954 -0.042219918 0.021870589
v  -0.020792281 -0.027918143 0.023905618
v  0.019059194 -0.036105137 0.024539476
v  0.018964401 -0.041747492 0.023363663
v  -0.024496065 -0.015935047 0.023496522
v  -0.026354903 -0.010985774 0.023952095
v  -0.02603492 -0.011837703 0.023873677
v  -0.025984099 -0.011973065 0.02386122
v  0.021856381 -0.023887081 0.024208164
v  -0.015522213 -0.065025136 0.023902109
v  0.025989791 -0.011976284 0.023869572
v  0.026034651 -0.011838657 0.023879943
v  0.024497708 -0.015935762 0.023497177
v  0.025937041 -0.012138111 0.023857368
v  0.01486118 -0.0589814 0.024512602
v  -0.019582698 -0.032024484 0.025008513
v  0.019545166 -0.032025021 0.025199583
v  -0.017888905 -0.053255837 0.022886461
v  0.016030861 -0.053032082 0.024221247
v  -0.016929293 -0.059090775 0.023153042
v  -0.019809628 -0.032024365 0.024512259
v  -0.019805027 -0.032024365 0.024522318
v  -0.019960346 -0.032024305 0.024182668
v  -0.02406445 -0.017084284 0.023390738
v  -0.024007188 -0.017236752 0.023376709
v  -0.02390421 -0.017524583 0.023347599
v  0.017582415 -0.10502516 0.022047644
v  0.017582415 -0.11202513 0.022047644
v  -0.017582415 -0.10502516 0.022047644
v  -0.017582415 -0.11202513 0.022047644
v  0.019661201 -0.032024961 0.02488601
v  0.019795222 -0.032024961 0.02452386
v  0.019834964 -0.032024961 0.02441646
v  0.020800373 -0.02791713 0.023754893
v  0.023738472 -0.017939014 0.02330718
v  0.023896752 -0.017521424 0.023346787
v  0.024063988 -0.017080111 0.023388645
v  0.015522211 -0.065025136 0.023902109
v  -0.023049226 -0.019914193 0.023105932
v  -0.020136224 -0.04790334 0.021340391
v  0.018651461 -0.047540944 0.022831513
v  0.023042729 -0.019911988 0.023106365
v  0.021984702 -0.022912307 0.022800988
v  -0.021241272 -0.042752486 0.020147143
v  -0.020128747 -0.03456692 0.022940045
v  -0.020645445 -0.037335258 0.021347811
v  -0.015807999 -0.065025136 0.023665687
v  0.0202215 -0.04225425 0.021760991
v  0.019969342 -0.036727291 0.022929868
v  0.019878654 -0.03207783 0.024391314
v  0.019745691 -0.11499999 0.020551344
v  0.019745691 -0.11202513 0.020551344
v  0.009999997 -0.11499999 0.017320504
v  0.018050497 -0.065025136 0.02181053
v  0.0170167 -0.059095901 0.02308972
v  0.015885232 -0.065025136 0.023601798
v  -0.02024989 -0.032749932 0.022813311
v  -0.020595977 -0.035282951 0.021204909
v  0.020172207 -0.034621637 0.022807291
v  -0.00050997833 0.028456585 0.012435718
v  0.0010229786 0.028456466 0.012435718
v  -0.0010186668 0.028456645 0.012435718
v  0.0018783872 0.028346555 0.012435718
v  0.0062111458 0.027789788 0.012435718
v  -0.0029194141 0.028214293 0.012435718
v  -0.0061609456 0.027800994 0.012435718
v  0.0064028641 0.027727621 0.012435718
v  -0.0073409872 0.027423577 0.012435718
v  -0.0096973563 0.026669996 0.012435718
v  0.010824411 0.026293414 0.012435718
v  0.011298536 0.026139574 0.012435718
v  0.015002443 0.024097817 0.012435718
v  -0.011128866 0.026212232 0.012435718
v  -0.012017434 0.025724666 0.012435718
v  -0.014171605 0.024542766 0.012435718
v  -0.016150581 0.023456948 0.012435718
v  0.016091285 0.023497598 0.012435718
v  0.016971922 0.022759037 0.012435718
v  -0.016321594 0.023312764 0.012435718
v  0.018821141 0.021208065 0.012435718
v  -0.018183993 0.021742838 0.012435718
v  0.020362241 0.019915478 0.012435718
v  -0.020054249 0.020166235 0.012435718
v  0.020614197 0.019602673 0.012435718
v  -0.020360487 0.019908087 0.012435718
v  -0.020411527 0.019865053 0.012435718
v  0.022128304 0.017722743 0.012435718
v  -0.021875868 0.018034356 0.012435718
v  0.023676736 0.015800135 0.012435718
v  -0.023377804 0.01615669 0.012435718
v  0.023821799 0.015620071 0.012435718
v  0.024844704 0.013656574 0.012435718
v  -0.023887711 0.015519219 0.012435718
v  -0.025708454 0.012030381 0.012435718
v  0.026002852 0.011433559 0.012435718
v  0.026472656 0.010531801 0.012435718
v  0.026882565 0.0091475425 0.012435718
v  -0.026412683 0.010680932 0.012435718
v  -0.027316781 0.0076664858 0.012435718
v  0.027952423 0.0055347257 0.012435718
v  -0.027945044 0.0055716806 0.012435718
v  0.028025692 0.0047906809 0.012435718
v  0.028266629 0.0023439103 0.012435718
v  -0.028225353 0.0031831437 0.012435718
v  -0.028499929 -2.507629e-05 0.024180224
v  -0.02848156 0.0010000044 0.013435713
v  -0.028500045 -2.4718662e-05 0.018242283
v  -0.028500089 -2.4599452e-05 0.015995381
v  -0.028500086 -2.4599452e-05 0.016318886
v  0.028499877 -2.507629e-05 0.024180463
v  -0.028337596 -0.0025896258 0.023164069
v  0.028337507 -0.0025896258 0.023164069
v  0.020115888 -0.032024842 0.023657305
v  0.020275122 -0.032812636 0.022666929
v  0.02785079 -0.0052214093 0.0221218
v  -0.021884331 -0.023310943 0.022765039
v  -0.021725448 -0.023893042 0.022708734
v  -0.022046426 -0.022716982 0.022822475
v  -0.027850876 -0.0052214093 0.0221218
v  -0.019707398 -0.05351625 0.021321578
v  -0.018944042 -0.059218865 0.021555578
v  0.017979121 -0.053267758 0.022815337
v  0.021877399 -0.023305876 0.022762982
v  0.021133004 -0.026036484 0.022499284
v  0.021717874 -0.023891075 0.02270647
v  -0.02712767 -0.0078043169 0.021083867
v  -0.027024912 -0.0088312449 0.023721969
v  0.027024819 -0.0088312449 0.023721969
v  0.027127584 -0.0078043169 0.021083867
v  -0.020100245 -0.032024425 0.023565723
v  0.028489603 -0.00064740836 0.017991615
v  0.028499899 -2.5135894e-05 0.018248072
v  -0.026101375 -0.011375231 0.022676205
v  -0.020165658 -0.032024484 0.023277259
v  -0.0211457 -0.026017232 0.0225033
v  -0.02106441 -0.026315076 0.022474496
v  -0.020780781 -0.02792315 0.022335371
v  0.020570165 -0.10502516 0.019726081
v  -0.017959943 -0.065025136 0.021885445
v  -0.020112729 -0.065025136 0.020104503
v  -0.020570168 -0.10502516 0.019726081
v  0.026101282 -0.011375231 0.022676205
v  0.023788987 -0.016335292 0.020512385
v  0.020569494 -0.029107137 0.022231666
v  0.020782156 -0.027923567 0.022334343
v  0.021070486 -0.026318891 0.022473549
v  0.021098448 -0.026163263 0.02248705
v  0.020189656 -0.032024961 0.023173755
v  0.020539051 -0.0295438 0.022199621
v  0.020551397 -0.029366715 0.022212615
v  0.020151092 -0.032024901 0.023426561
v  0.026236428 -0.010343594 0.020033961
v  -0.023789076 -0.016335292 0.020512385
v  -0.021565987 -0.048310917 0.019604301
v  -0.023895966 -0.017469091 0.023222087
v  0.023895873 -0.017469091 0.023222087
v  0.020226194 -0.047927182 0.021240799
v  0.021682253 -0.022433085 0.02097108
v  -0.020313451 -0.032024603 0.022625504
v  -0.021324148 -0.11202513 0.018908484
v  -0.021324148 -0.11499999 0.018908484
v  -0.014142134 -0.11499999 0.014142132
v  0.022571532 -0.018782122 0.019403322
v  -0.021682339 -0.022433085 0.02097108
v  -0.021503432 -0.021799369 0.019636406
v  0.020366056 -0.03202514 0.022017522
v  0.028216099 -0.0033198423 0.016943684
v  -0.028489688 -0.00064740836 0.017991615
v  0.02021574 -0.065025136 0.020019284
v  0.019037163 -0.059225421 0.021474225
v  -0.022165945 -0.043305736 0.018299026
v  -0.021192757 -0.038017433 0.019560551
v  0.021313747 -0.042791765 0.020018024
v  0.020694962 -0.037387591 0.021211168
v  -0.021390574 -0.053797465 0.019580817
v  -0.020811578 -0.059360426 0.019774428
v  0.019801868 -0.053530972 0.021232059
v  -0.020456394 -0.033509474 0.021051629
v  -0.020866236 -0.036024492 0.019415094
v  0.020626297 -0.035344403 0.021056255
v  0.020670375 -0.024885161 0.019799931
v  -0.020670464 -0.024885161 0.019799931
v  0.021059809 -0.026265902 0.02238079
v  0.025151735 -0.012849671 0.018958485
v  -0.026236517 -0.010343594 0.020033961
v  0.020464895 -0.033579033 0.020891486
v  -0.020366075 -0.032024842 0.022018095
v  -0.020536674 -0.029542549 0.022200314
v  -0.020563109 -0.02915786 0.022228545
v  -0.020548498 -0.02937053 0.022212943
v  -0.021059902 -0.026265902 0.02238079
v  0.020413203 -0.028770072 0.020924328
v  -1.1260294e-06 0.019999998 0.012435718
v  0.0051752543 0.019318538 0.022435715
v  -1.1260295e-06 0.019999998 0.022435715
v  -0.0051775062 0.019318538 0.022435715
v  -0.0051775062 0.019318538 0.012435718
v  0.0051752543 -0.019318504 0.022435715
v  0.0051752543 0.019318538 0.012435718
v  0.0099988794 0.01732053 0.022435715
v  -0.010001124 0.01732053 0.022435715
v  -0.010001124 0.01732053 0.012435718
v  -1.1260295e-06 -0.020000024 0.022435715
v  -0.0051775062 -0.019318504 0.022435715
v  0.0099988794 0.01732053 0.012435718
v  0.014141015 0.014142114 0.022435715
v  -0.014143259 0.014142114 0.022435715
v  -0.014143259 0.014142114 0.012435718
v  0.014141015 0.014142114 0.012435718
v  0.017319387 0.010000008 0.022435715
v  0.0099988794 -0.017320497 0.022435715
v  0.019317394 0.0051763826 0.022435715
v  0.019998876 1.726624e-08 0.022435715
v  0.019317394 -0.0051764078 0.022435715
v  0.017319387 -0.0099999728 0.022435715
v  0.014141015 -0.014142138 0.022435715
v  -0.017321633 0.010000008 0.022435715
v  -0.017321633 0.010000008 0.012435718
v  -0.010001124 -0.017320497 0.022435715
v  -0.014143259 -0.014142138 0.022435715
v  0.017319387 0.010000008 0.012435718
v  -0.01931964 0.0051763826 0.022435715
v  -0.01931964 0.0051763826 0.012435718
v  0.019317394 0.0051763826 0.012435718
v  -0.020001126 1.726624e-08 0.022435715
v  -0.020001126 1.726624e-08 0.012435718
v  0.019998876 1.726624e-08 0.012435718
v  -0.01931964 -0.0051764078 0.022435715
v  -0.01931964 -0.0051764078 0.012435718
v  0.019317394 -0.0051764078 0.012435718
v  -0.017321633 -0.0099999728 0.022435715
v  -0.017321633 -0.0099999728 0.012435718
v  0.017319387 -0.0099999728 0.012435718
v  -0.014143259 -0.014142138 0.012435718
v  0.014141015 -0.014142138 0.012435718
v  -0.010001124 -0.017320497 0.012435718
v  0.0099988794 -0.017320497 0.012435718
v  -0.0051775062 -0.019318504 0.012435718
v  0.0051752543 -0.019318504 0.012435718
v  -1.1260294e-06 -0.020000024 0.012435718
v  0.019747136 -0.027294083 0.018558977
v  -0.020413289 -0.028770072 0.020924328
v  0.020518845 -0.029496415 0.022142595
v  -0.020518934 -0.029496415 0.022142595
v  -0.020365769 -0.032024842 0.022011628
v  0.020365162 -0.032025259 0.021896301
v  0.020359417 -0.032026213 0.021113856
v  0.020277431 -0.032025855 0.020602202
v  0.020244589 -0.032025736 0.020397237
v  0.020270219 -0.031985682 0.020325823
v  -0.020270312 -0.031985682 0.020325823
v  -0.020275677 -0.032024782 0.020384585
v  -0.020277487 -0.032024782 0.020391902
v  -0.020291416 -0.032024782 0.020448072
v  -0.020304503 -0.032024842 0.020723229
v  0.027646815 -0.0059580035 0.015911995
v  -0.028216189 -0.0033198423 0.016943684
v  0.022047644 -0.10502516 0.017582415
v  0.022047644 -0.11202513 0.017582415
v  -0.022047648 -0.10502516 0.017582415
v  -0.022047648 -0.11202513 0.017582415
v  -0.022838516 -0.048733633 0.017710878
v  0.021654984 -0.048338454 0.019484064
v  -0.020570168 -0.065025136 0.019726081
v  0.020907989 -0.059368353 0.019673092
v  -0.022907933 -0.043868762 0.016345127
v  -0.022924503 -0.054091316 0.017665422
v  -0.022518383 -0.059511404 0.017814754
v  0.021486981 -0.05381481 0.019470772
v  0.022230519 -0.043349486 0.018150141
v  0.021230018 -0.038075667 0.01940727
v  -0.021547468 -0.038716774 0.017712502
v  -0.027646901 -0.0059580035 0.015911995
v  -0.026518067 -0.0094169201 0.017433701
v  0.020880817 -0.036092084 0.019252261
v  -0.020457255 -0.034289639 0.019267006
v  -0.020937571 -0.036779981 0.017598769
v  0.020098774 -0.023542864 0.017276211
v  0.021354763 -0.021195931 0.01831199
v  0.019477597 -0.03044085 0.018201834
v  0.019952087 -0.031216187 0.019241495
v  -0.019747226 -0.027294083 0.018558977
v  -0.019477686 -0.03044085 0.018201834
v  -0.019952176 -0.031216187 0.019241495
v  0.020446522 -0.034365159 0.019095575
v  0.023912681 -0.11499999 0.015505924
v  0.023912681 -0.11202513 0.015505924
v  0.014142132 -0.11499999 0.014142132
v  0.022636658 -0.017760916 0.016758366
v  0.023909105 -0.015329105 0.017855717
v  -0.022571625 -0.018782122 0.019403322
v  -0.025151825 -0.012849671 0.018958485
v  -0.023909194 -0.015329105 0.017855717
v  0.020028992 -0.032703441 0.018889664
v  0.020244135 -0.032025736 0.020394398
v  0.020228578 -0.032025676 0.020297317
v  -0.020067589 -0.032621425 0.019068336
v  -0.020253511 -0.035078984 0.017492538
v  -0.020253906 -0.032024782 0.02029681
v  -0.020040335 -0.032024782 0.019435531
v  0.02009852 -0.03202514 0.019485636
v  -0.023939067 -0.049160939 0.015671616
v  0.025537809 -0.011966926 0.016366383
v  0.026517978 -0.0094169201 0.017433701
v  0.020570165 -0.065025136 0.019726081
v  0.022923691 -0.048764329 0.017568743
v  0.0051763793 -0.10418515 0.019318519
v  -9.9173125e-10 -0.10418515 0.020000001
v  -0.0051763812 -0.10418515 0.019318519
v  -0.020000001 -0.10418515 -1.1267142e-09
v  -0.021896699 -0.065025136 0.017978435
v  0.021988003 -0.065025136 0.017858146
v  0.024531147 -0.10502516 0.01450768
v  -0.02358759 -0.065025136 0.015750771
v  -0.02453115 -0.10502516 0.01450768
v  0.023688903 -0.065025136 0.015617295
v  0.022615371 -0.059520643 0.01769164
v  -0.021354852 -0.021195931 0.01831199
v  -0.019281922 -0.026552243 0.017420879
v  -0.024292761 -0.054389101 0.015581264
v  -0.024049273 -0.059666853 0.015684573
v  -0.02345782 -0.044430595 0.014307871
v  0.020030139 -0.032025199 0.019299215
v  0.023020117 -0.054110926 0.017532958
v  0.023693761 -0.051624399 0.016480258
v  -0.019864986 -0.032024723 0.018728403
v  -0.021706169 -0.039421599 0.015830209
v  0.022961644 -0.043916147 0.01617684
v  0.021569816 -0.038780134 0.017544074
v  0.021254567 -0.020097358 0.015737673
v  -0.022636747 -0.017760916 0.016758366
v  0.009999997 -0.10418515 0.017320504
v  -0.0099999988 -0.10418515 0.017320504
v  0.019784642 -0.032025438 0.018629951
v  -0.02080985 -0.037537854 0.015785439
v  0.020933924 -0.036852818 0.017424045
v  -0.019816468 -0.032024723 0.018622672
v  -0.019608805 -0.032024663 0.018170161
v  0.020221395 -0.035159629 0.017313687
v  -0.019597663 -0.033425551 0.017353585
v  -0.019850431 -0.035867494 0.015768392
v  0.02435535 -0.014474315 0.015284485
v  -0.025537899 -0.011966926 0.016366383
v  -0.025074819 -0.11202513 0.013546347
v  -0.025074819 -0.11499999 0.013546347
v  -0.017320508 -0.11499999 0.009999997
v  0.019534951 -0.033512276 0.017174093
v  0.019564128 -0.032025617 0.018028786
v  0.018875925 -0.029655857 0.017215757
v  0.019281833 -0.026552243 0.017420879
v  -0.018876011 -0.029655857 0.017215757
v  0.019848196 -0.022905691 0.016056864
v  -0.021254657 -0.020097358 0.015737673
v  -0.019848285 -0.022905691 0.016056864
v  -0.020098863 -0.023542864 0.017276211
v  -0.024852557 -0.049582344 0.013502701
v  0.028499907 -2.5135894e-05 0.016268088
v  0.019506743 -0.032025676 0.017872369
v  0.019020772 -0.032025557 0.017081423
v  -0.019230479 -0.032024663 0.01734574
v  -0.018972335 -0.032024723 0.016973486
v  -0.019041514 -0.032024723 0.017073242
v  0.02401725 -0.049194138 0.015506833
v  0.028492136 -0.0006966418 0.012435622
v  0.028416207 -0.0016612834 0.012435636
v  0.023026509 -0.016879601 0.014245129
v  -0.024355443 -0.014474315 0.015284485
v  -0.02453115 -0.065025136 0.01450768
v  -0.023807006 -0.044980507 0.012212857
v  -0.02547734 -0.054681998 0.013339675
v  0.024143739 -0.059677165 0.015538207
v  -0.025387479 -0.059821766 0.013394921
v  -0.021666529 -0.040120762 0.013940549
v  0.02540732 -0.10502516 0.012235521
v  0.02540732 -0.11202513 0.012235521
v  -0.025407324 -0.10502516 0.012235521
v  -0.025407324 -0.11202513 0.012235521
v  0.023497587 -0.044480722 0.014121248
v  0.021710997 -0.039489131 0.015648691
v  0.02497608 -0.057142239 0.01435355
v  0.024384422 -0.054410439 0.015424936
v  -0.020485112 -0.038287263 0.014006435
v  0.02604345 -0.011169535 0.013859964
v  0.026908902 -0.0085760178 0.014885909
v  -0.026908996 -0.0085760178 0.014885909
v  0.020785687 -0.037614863 0.015601865
v  0.018785117 -0.025813682 0.016320353
v  0.018183386 -0.028858883 0.016288115
v  -0.01878521 -0.025813682 0.016320353
v  -0.018183479 -0.028858883 0.016288115
v  -0.018932497 -0.034224313 0.015745467
v  -0.01925662 -0.036644798 0.014130249
v  0.014142132 -0.10418515 0.014142132
v  -0.014142134 -0.10418515 0.014142132
v  0.019795297 -0.035952192 0.015586733
v  -0.018290365 -0.025082393 0.015265456
v  0.01887629 -0.032025557 0.016846282
v  0.018667666 -0.032025497 0.016506737
v  0.018571755 -0.032025438 0.016350633
v  0.018019309 -0.031964283 0.015716022
v  -0.018152533 -0.032024961 0.015875084
v  -0.018337106 -0.032024901 0.01605746
v  -0.018652895 -0.032024842 0.016512839
v  -0.018019399 -0.031964283 0.015716022
v  -0.018068252 -0.032024961 0.015791809
v  0.01884496 -0.034314554 0.015570424
v  0.028246483 -0.0038174218 0.012435651
v  -0.02848055 -0.0010000295 0.013435713
v  -0.028236045 -0.0038951463 0.012435465
v  -0.028426839 -0.0016621179 0.012435659
v  0.021411357 -0.019110782 0.013356387
v  -0.023026602 -0.016879601 0.014245129
v  -0.018118115 -0.032490592 0.015648117
v  -0.01808832 -0.035006743 0.014276086
v  0.017997002 -0.032583158 0.01548428
v  0.024844838 -0.051987153 0.014315522
v  0.024970373 -0.013690573 0.012849971
v  -0.026043536 -0.011169535 0.013859964
v  0.01805531 -0.032025438 0.015807105
v  -0.025564151 -0.049988013 0.011225461
v  0.017437672 -0.028049571 0.015418618
v  0.018290272 -0.025082393 0.015265456
v  -0.016673921 -0.027230246 0.014605931
v  -0.017437762 -0.028049571 0.015418618
v  0.017088858 -0.031136079 0.015045277
v  -0.017088952 -0.031136079 0.015045277
v  0.028499914 -2.5135894e-05 0.012435718
v  0.024920305 -0.049617153 0.013315222
v  0.017820893 -0.02436219 0.014266892
v  0.01875413 -0.023339076 0.014544955
v  0.019646062 -0.022293312 0.01488462
v  -0.019646147 -0.022293312 0.01488462
v  -0.01875422 -0.023339076 0.014544955
v  -0.028499929 -2.507629e-05 0.013435713
v  -0.028495425 0.0004856759 0.013435713
v  0.028070537 -0.0047364659 0.01243589
v  0.027648432 -0.0069412417 0.012436449
v  -0.027631832 -0.0070081181 0.012435487
v  -0.02807272 -0.0047365851 0.012435473
v  -0.023947163 -0.045508008 0.010085545
v  0.018018676 -0.032025438 0.015768548
v  -0.017971082 -0.032025021 0.015695794
v  -0.021426642 -0.040802639 0.012068137
v  0.017958013 -0.032025438 0.015704697
v  -0.019967308 -0.039017241 0.012291438
v  -0.018482978 -0.037399929 0.012607194
v  0.020449353 -0.020146174 0.013008676
v  -0.020449443 -0.020146174 0.013008676
v  -0.021411447 -0.019110782 0.013356387
v  -0.017144131 -0.03202514 0.014878689
v  0.01728416 -0.032025378 0.014995507
v  -0.017041853 -0.033248883 0.014366812
v  -0.02502965 -0.065025136 0.013388022
v  0.023829682 -0.045032363 0.012009694
v  0.021651251 -0.040191334 0.013748339
v  -0.017083229 -0.035761338 0.012968182
v  0.024531147 -0.065025136 0.01450768
v  0.020438394 -0.038367253 0.0138176
v  0.019177271 -0.036732238 0.013950302
v  -0.026515516 -0.059971016 0.010960399
v  0.01797582 -0.035098951 0.014110236
v  0.026248826 -0.065025136 0.01064971
v  0.02547594 -0.059832733 0.013224251
v  0.025104595 -0.065025136 0.013219698
v  0.026819048 -0.11499999 0.0096430695
v  0.026819048 -0.11202513 0.0096430695
v  0.017320504 -0.11499999 0.009999997
v  0.01689597 -0.033342104 0.014219112
v  0.025561487 -0.054704409 0.013158641
v  0.016106887 -0.030289335 0.014455213
v  0.016673831 -0.027230246 0.014605931
v  -0.015106612 -0.029422624 0.013931206
v  -0.016106976 -0.030289335 0.014455213
v  0.023412852 -0.016207857 0.012435726
v  0.024060173 -0.015306336 0.012435741
v  -0.024109142 -0.015229386 0.012435636
v  -0.024386698 -0.014728767 0.012435778
v  -0.024970463 -0.013690573 0.012849971
v  0.016868403 -0.025379045 0.014042421
v  0.015921136 -0.026407106 0.013852111
v  -0.017820986 -0.02436219 0.014266892
v  -0.016868496 -0.025379045 0.014042421
v  0.017009756 -0.032025319 0.014803088
v  0.016635148 -0.032025259 0.014540418
v  -0.015986929 -0.032025021 0.014096334
v  -0.016638802 -0.03202508 0.01453705
v  0.026773443 -0.0098038735 0.012436158
v  0.027398823 -0.0077578849 0.012436367
v  -0.026815722 -0.0096867504 0.012436776
v  -0.027403099 -0.0077588386 0.012435853
v  0.018222554 -0.022062464 0.012572839
v  0.019381179 -0.021127326 0.012744493
v  -0.019381272 -0.021127326 0.012744493
v  0.015106528 -0.029422624 0.013931206
v  -0.014116158 -0.028540177 0.01345992
v  -0.015921229 -0.026407106 0.013852111
v  0.017001739 -0.022968514 0.012494541
v  -0.018222643 -0.022062464 0.012572839
v  0.015658593 -0.034062844 0.013152919
v  0.015849767 -0.032025199 0.013989716
v  -0.015827937 -0.033970874 0.013281389
v  0.027195847 -0.10502516 0.0085226661
v  -0.026166914 -0.065025136 0.010833687
v  -0.02719585 -0.10502516 0.0085226661
v  0.015082343 -0.032025319 0.013637333
v  -0.014679191 -0.032025199 0.013451702
v  -0.015085199 -0.03202508 0.01363325
v  -0.015725357 -0.032024961 0.013919494
v  -0.015935628 -0.036476653 0.011836021
v  0.02614261 -0.05736522 0.011989108
v  0.025798997 -0.052338284 0.012012972
v  -0.02605973 -0.050369006 0.0088664284
v  -0.017541936 -0.03812186 0.011222213
v  0.015757253 -0.023870034 0.01249805
v  -0.017001832 -0.022968514 0.012494541
v  0.02149806 -0.018679244 0.012435711
v  0.022199182 -0.017898066 0.012435689
v  -0.022219041 -0.017873509 0.012435555
v  -0.02341097 -0.016206069 0.012435607
v  0.016946083 -0.035853904 0.012815624
v  0.017320504 -0.10418515 0.009999997
v  -0.017320508 -0.10418515 0.009999997
v  -0.019318519 -0.10418515 0.0051763793
v  -0.019262036 -0.039716762 0.010667465
v  0.025617806 -0.050023478 0.011016033
v  0.018378621 -0.037488502 0.01243329
v  0.014529361 -0.024794025 0.012557096
v  -0.015757343 -0.023870034 0.01249805
v  -0.020985609 -0.041455489 0.010237931
v  0.019896237 -0.039098721 0.012101202
v  -0.023868153 -0.045999628 0.0079426309
v  0.014492511 -0.032025438 0.01336649
v  0.014478101 -0.032025438 0.013359874
v  0.014121591 -0.032025497 0.013196177
v  0.01411607 -0.028540177 0.01345992
v  -0.014119555 -0.032025259 0.013201459
v  -0.014476222 -0.032025199 0.013360939
v  -0.012451266 -0.030759914 0.012901365
v  0.026391467 -0.010700208 0.0124363
v  0.025057537 -0.013533873 0.0124363
v  0.025578244 -0.01260851 0.01243659
v  -0.02569353 -0.012371582 0.012436411
v  -0.026391888 -0.010700804 0.012436642
v  -0.012241074 -0.02678339 0.012681632
v  -0.014529453 -0.024794025 0.012557096
v  0.021388693 -0.040874761 0.011867962
v  0.023949316 -0.045560043 0.0098673692
v  0.014306678 -0.034733515 0.012286252
v  -0.014498257 -0.034644883 0.012393563
v  -0.0275036 -0.11202513 0.0074700778
v  -0.0275036 -0.11499999 0.0074700778
v  -0.019318519 -0.11499999 0.0051763793
v  -0.026482081 -0.052640121 0.0098153939
v  -0.025727274 -0.052309614 0.012210018
v  0.012451178 -0.030759914 0.012901365
v  0.010224602 -0.028951807 0.012594431
v  0.012240983 -0.02678339 0.012681632
v  -0.01022469 -0.028951807 0.012594431
v  -0.028199961 -0.0010000295 0.012435718
v  -0.028199961 -0.0010000295 0.013435713
v  -0.028199961 0.0010000044 0.013435713
v  -0.028199961 0.0010000044 0.012435718
v  -0.02848156 0.0010000044 0.012435718
v  -0.028483408 -0.0010000295 0.012435718
v  -0.02719585 -0.065025136 0.0085226661
v  -0.013212693 -0.032542031 0.012766502
v  -0.013070059 -0.035259586 0.011696539
v  0.012990474 -0.032622557 0.012684464
v  -0.021495311 -0.018674595 0.012435599
v  -0.020446891 -0.019835038 0.012435659
v  -0.026459778 -0.054961722 0.010957583
v  -0.014662602 -0.037141424 0.010886176
v  0.026594168 -0.059982281 0.010764911
v  -0.013977353 -0.032025319 0.013137869
v  0.014054916 -0.032025497 0.013165562
v  0.013043485 -0.032025438 0.012885331
v  0.026532536 -0.054984372 0.010751731
v  0.015774405 -0.03656755 0.011700115
v  -0.013261222 -0.032025438 0.012938655
v  0.020452669 -0.019844038 0.012435733
v  0.019333696 -0.020911021 0.012435122
v  0.020159854 -0.020170255 0.012435741
v  -0.020005787 -0.020323319 0.012435681
v  -0.016446596 -0.038799923 0.0099925241
v  -0.010011577 -0.033523958 0.01193954
v  -0.012061325 -0.032025617 0.012604869
v  0.011940821 -0.032025378 0.01257982
v  0.011573738 -0.032025378 0.012528903
v  -0.010121779 -0.032027226 0.012314244
v  -0.011573219 -0.032026034 0.012531734
v  0.024385301 -0.014728528 0.012435927
v  -0.025051093 -0.013530356 0.012436098
v  0.017412124 -0.038209956 0.011058404
v  -0.011556604 -0.035804372 0.011177643
v  -0.018169174 -0.021931572 0.012434511
v  -0.019334452 -0.0209112 0.012435257
v  0.012856967 -0.035342555 0.01161114
v  0.009753882 -0.033587616 0.011901348
v  0.011323339 -0.035879534 0.011114365
v  0.0096586784 -0.026838703 0.012435555
v  0.011492728 -0.026054723 0.01243586
v  0.012711241 -0.025533838 0.012436061
v  -0.01219995 -0.025781376 0.012435718
v  -0.011504085 -0.026063545 0.012435696
v  -0.014367499 -0.024598939 0.012435607
v  -0.018376401 -0.040375691 0.0091585284
v  0.0082016652 -0.027269585 0.012435622
v  0.0082596978 -0.027252419 0.012435614
v  0.0098637333 -0.032025497 0.012291706
v  0.0084373495 -0.031236274 0.012279241
v  -0.0084374407 -0.031236274 0.012279241
v  -0.0094911577 -0.032027345 0.012245125
v  -0.009728712 -0.032027584 0.012255347
v  -0.008181476 -0.027286215 0.012435607
v  -0.008271561 -0.027261002 0.012435607
v  -0.0091722542 -0.027009053 0.012435599
v  0.017852334 -0.022239311 0.01243402
v  0.01817756 -0.021947665 0.012434258
v  0.016957728 -0.022887392 0.012434675
v  -0.017496893 -0.022520287 0.012434079
v  0.014360576 -0.024591072 0.012435867
v  -0.015058202 -0.024222178 0.012435569
v  0.015705368 -0.023794634 0.012435599
v  0.015523664 -0.023926301 0.012435733
v  -0.015694262 -0.023778303 0.012435182
v  -0.016961547 -0.022893889 0.012434407
v  -8.2948063e-08 -0.028525634 0.01243542
v  0.00038093975 -0.028503938 0.01243545
v  -8.2948063e-08 -0.02867703 0.012437879
v  0.00065372785 -0.032025021 0.012314408
v  -4.5695156e-08 -0.032025021 0.012335978
v  -0.00065574149 -0.032025795 0.012327424
v  -0.00038206676 -0.028504891 0.012435458
v  -0.0021904046 -0.030038817 0.012409276
v  -0.0037260586 -0.028252942 0.012435711
v  -0.0030894587 -0.028357906 0.012435733
v  -0.0045852372 -0.028111262 0.012435681
v  -0.0061612213 -0.027851326 0.012435629
v  0.0064786887 -0.027779205 0.012435689
v  0.0045808693 -0.028107984 0.012435674
v  0.0032293564 -0.028342111 0.012435666
v  0.0037226072 -0.028256638 0.012435674
v  -0.0043922188 -0.031796735 0.012210018
v  0.0061925417 -0.029464168 0.012388214
v  -0.0061926292 -0.029464168 0.012388214
v  0.0043921312 -0.031796735 0.012210018
v  0.0021903133 -0.030038817 0.012409276
v  0.019165112 -0.039798182 0.010479852
v  0.0042264825 -0.032025259 0.012196547
v  0.0030437848 -0.03202514 0.012235559
v  -0.0033489475 -0.032025795 0.012243657
v  -0.00097219745 -0.032026213 0.012323297
v  -0.013278325 -0.037744921 0.010118133
v  0.0061388006 -0.032025319 0.012133456
v  0.0078747114 -0.032025438 0.012182719
v  0.0064706048 -0.032025378 0.012142873
v  -0.0067585045 -0.032025259 0.012129403
v  -0.0067825401 -0.032025259 0.012128591
v  -4.5695156e-08 -0.034489077 0.01194366
v  -4.5695153e-08 -0.034731667 0.011860429
v  -0.0033074329 -0.034568589 0.011775239
v  0.0030070161 -0.034590404 0.011790051
v  0.0094922772 -0.032025497 0.012240185
v  -0.020343995 -0.042068224 0.0084755486
v  0.014477885 -0.037228566 0.010769448
v  0.00938744 -0.032025557 0.012225642
v  -0.0078738639 -0.032026093 0.012175544
v  -0.0042287903 -0.032025676 0.012214168
v  0.027492968 -0.10502516 0.0062750941
v  0.027492968 -0.11202513 0.0062750941
v  -0.027492968 -0.10502516 0.0062750941
v  -0.027492968 -0.11202513 0.0062750941
v  -0.0066676261 -0.034193378 0.011683761
v  -0.026325358 -0.050716083 0.0064525371
v  -0.027222233 -0.055220526 0.0084573394
v  0.0063845878 -0.034235518 0.011681936
v  0.020922555 -0.041527551 0.010033078
v  -0.023560291 -0.046442669 0.0058035022
v  0.026539167 -0.052668612 0.0095950356
v  0.026095456 -0.050403994 0.008636727
v  0.027091546 -0.057574492 0.0094879409
v  -0.0066558952 -0.035613816 0.011193617
v  -0.0099768611 -0.036271494 0.01082351
v  0.0097256741 -0.036336999 0.010782077
v  0.006375066 -0.035656612 0.011191762
v  0.023846081 -0.046050053 0.0077109849
v  0.0030108979 -0.036010843 0.011304609
v  -4.5695149e-08 -0.036129575 0.011380746
v  -0.015209907 -0.039424043 0.008929654
v  -0.003311024 -0.035989922 0.011289082
v  0.016291155 -0.038885634 0.0098424619
v  -0.011794829 -0.038277607 0.009525626
v  0.013070441 -0.037826221 0.010022162
v  -4.5695149e-08 -0.03638069 0.011294595
v  0.0030376306 -0.037349802 0.01063276
v  -4.5695145e-08 -0.037429374 0.010697334
v  -0.0033396753 -0.037330132 0.010617538
v  -0.0066924663 -0.036958974 0.010535023
v  -0.027010983 -0.052942973 0.0073316162
v  -0.017318795 -0.040984493 0.0077852225
v  0.0064120134 -0.03700183 0.010531469
v  0.011564746 -0.038350921 0.0094513809
v  0.0098158857 -0.037605088 0.0099929934
v  0.018252401 -0.040455323 0.0089776134
v  -0.027244473 -0.065025136 0.0082677817
v  -0.027021075 -0.057557683 0.0097014895
v  -0.027416119 -0.060109835 0.0084003201
v  -0.027751198 -0.057747941 0.0071120476
v  -0.013843779 -0.039985042 0.0080394512
v  -0.010065966 -0.03754 0.010038844
v  0.0064985445 -0.038263004 0.009692817
v  0.015028796 -0.039505403 0.0087964525
v  0.027811764 -0.065025136 0.0052939197
v  0.027480906 -0.060120922 0.0081802672
v  0.027195847 -0.065025136 0.0085226661
v  0.027285157 -0.065025136 0.0080544865
v  0.027279494 -0.055242579 0.0082273846
v  -4.5695142e-08 -0.038061004 0.010337635
v  -0.019504121 -0.04263119 0.0068064174
v  0.0030887043 -0.038598817 0.0097652068
v  -0.0033950331 -0.038580637 0.0097514456
v  -0.0067805918 -0.038220864 0.0096998578
v  0.020253597 -0.042138558 0.0082698008
v  -4.5695138e-08 -0.038645368 0.0098345643
v  -0.023015874 -0.046826582 0.0036929015
v  -0.012359702 -0.040474992 0.0073224297
v  -0.026345005 -0.051015537 0.0039993292
v  -0.01022935 -0.038732272 0.009099721
v  0.023510283 -0.046489578 0.0055609038
v  0.01363699 -0.040060144 0.0079255542
v  0.019318512 -0.10418515 0.0051763793
v  0.019318512 -0.11499999 0.0051763793
v  0.0066358661 -0.039435249 0.008674263
v  0.0099788671 -0.03879587 0.0090474924
v  -0.016098736 -0.041535061 0.0065642213
v  0.026338896 -0.050749045 0.0062038144
v  0.017166806 -0.041060667 0.0076149916
v  -4.5695131e-08 -0.039654117 0.0089662438
v  -0.027748292 -0.055451732 0.0058663627
v  0.0031647822 -0.039752942 0.0087004071
v  -0.0034778127 -0.039736491 0.0086892908
v  -0.0069214972 -0.039394598 0.0086865788
v  -0.028073309 -0.060234111 0.0057394346
v  0.028311571 -0.11499999 0.0032718542
v  0.028311571 -0.11202513 0.0032718542
v  0.027049331 -0.052970331 0.0070895841
v  -0.010773175 -0.04088835 0.0067749983
v  0.027805014 -0.057763916 0.0068743443
v  0.012127816 -0.040541988 0.0072296476
v  -0.018470393 -0.043136518 0.0052548265
v  -0.0091005126 -0.041222315 0.0063881641
v  0.0088224774 -0.041268926 0.0063396534
v  0.010517462 -0.04094575 0.0067043817
v  0.019384405 -0.042698186 0.0066039329
v  -4.5695131e-08 -0.039797585 0.0087915054
v  -0.014726643 -0.04202066 0.0055078184
v  -0.027298572 -0.053210121 0.0047864309
v  0.015918156 -0.04160611 0.0064084074
v  -3.824454e-08 -0.041001599 0.0073252982
v  0.0070590368 -0.041512173 0.0061185872
v  0.0033908105 -0.04177646 0.0060029393
v  -0.0037242519 -0.041763764 0.0060006818
v  -0.0073576579 -0.041477006 0.0061464449
v  0.028423464 -0.10502516 0.0020872902
v  -0.028291365 -0.065025136 0.0027797769
v  -0.028423464 -0.10502516 0.0020872902
v  -0.02776772 -0.065025136 0.0055248281
v  -0.022230139 -0.047143679 0.0016396481
v  -0.028234402 -0.057913881 0.0044376021
v  0.022934368 -0.046868306 0.0034428525
v  0.027785806 -0.055472236 0.0056139668
v  0.028338341 -0.065025136 0.0025334943
v  0.028120032 -0.060244482 0.0054959571
v  -0.013214045 -0.042436164 0.0046234271
v  -0.026103919 -0.051254969 0.0015261497
v  0.014517157 -0.042084914 0.0053697368
v  -0.017249653 -0.043578606 0.003842904
v  0.026331758 -0.051044445 0.0037327323
v  0.018319769 -0.043198626 0.0050599789
v  -0.02848245 -0.11202513 0.0010000009
v  -0.02848245 -0.11499999 0.0010000009
v  -0.028200002 -0.11499999 0.0010000009
v  -0.028022567 -0.055648606 0.0032130245
v  -3.8244529e-08 -0.041773181 0.0060449904
v  -0.011574698 -0.042778771 0.0039133569
v  0.012975826 -0.042492252 0.0045058047
v  -0.028473565 -0.060340386 0.0030071016
v  0.027313663 -0.053234857 0.0045239991
v  0.0282673 -0.057928365 0.0041774875
v  -0.021202201 -0.047389489 -0.00032496566
v  -0.0098237069 -0.043047946 0.0033740539
v  0.011308453 -0.042825561 0.0038181532
v  0.022113902 -0.047178607 0.0013865258
v  -0.015851496 -0.043953937 0.0025895338
v  -0.027327782 -0.05342881 0.0021967466
v  0.017066976 -0.043634396 0.003660104
v  -0.0079772295 -0.043246012 0.002995285
v  0.0095305732 -0.043084782 0.0033021558
v  0.028199999 -0.10502516 -1.1263521e-09
v  0.028199999 -0.11202513 -1.1263521e-09
v  -0.028200002 -0.10502516 -1.1267758e-09
v  -0.028200002 -0.11202513 -1.1267758e-09
v  -0.028200002 -0.11202513 0.0010000009
v  0.0076588085 -0.043272655 0.0029462713
v  -3.8244522e-08 -0.042362016 0.0050679808
v  0.0037059253 -0.0434619 0.0026300352
v  -0.0040680366 -0.043453496 0.0026413079
v  -0.02845704 -0.058050316 0.0017068337
v  0.028035736 -0.055666309 0.0029395695
v  0.024295671 -0.049175363 0.001043557
v  0.026059313 -0.051278036 0.0012440148
v  -0.014287871 -0.044261616 0.0015091698
v  0.028498081 -0.060349565 0.0027421366
v  0.015636219 -0.044002455 0.0024230059
v  -0.019936005 -0.047563296 -0.0021689173
v  0.020000001 -0.10418515 -1.1264137e-09
v  0.020000001 -0.11499999 -1.1264137e-09
v  -0.020000001 -0.11499999 -1.1267142e-09
v  -3.8244504e-08 -0.043473821 0.0026065025
v  0.021048537 -0.047416549 -0.00057600177
v  -0.028028743 -0.055800121 0.00051606336
v  -0.012570803 -0.044502717 0.00061024615
v  0.027314803 -0.053449016 0.0019151594
v  0.014039739 -0.044302028 0.0013626243
v  -0.028606584 -0.060425024 0.00023192428
v  0.028464561 -0.058062177 0.0014258798
v  -0.027083414 -0.053587656 -0.0004166525
v  -0.010714271 -0.044680398 -0.00010550507
v  -0.018441277 -0.047668617 -0.0038614285
v  0.012289933 -0.044534545 0.00048657021
v  -0.024375508 -0.049147706 0.0013166505
v  -0.023594236 -0.049345594 -0.00093355513
v  0.019742994 -0.047581773 -0.0024121937
v  -0.0087348269 -0.044799965 -0.00064360088
v  0.010401427 -0.044703525 -0.00020449721
v  0.028311571 -0.11499999 -0.0032718529
v  0.028311571 -0.11202513 -0.0032718529
v  -0.02840556 -0.058148246 -0.0010598686
v  -0.028532205 -0.06276314 -0.0012536098
v  -0.028522292 -0.062723443 0.0015378247
v  -0.006651436 -0.044869643 -0.0010172885
v  0.0083914762 -0.044814926 -0.00071739889
v  0.006279788 -0.044877391 -0.0010669765
v  0.028012743 -0.055813354 0.00022301711
v  -0.028423464 -0.065025136 0.0020872902
v  0.028423464 -0.065025136 0.0020872902
v  0.028499989 -0.065025136 -1.1263499e-09
v  0.028490154 -0.065025136 -0.00026832262
v  0.028604766 -0.060432177 -5.2758689e-05
v  -3.8244501e-08 -0.043625694 0.002270377
v  -0.0044853324 -0.044900578 -0.0012479585
v  0.0040883562 -0.044903141 -0.001276457
v  -4.5695053e-08 -0.044906598 -0.0014096734
v  -0.016731543 -0.047712963 -0.0053751552
v  0.01820804 -0.047678512 -0.0040910291
v  -0.027752755 -0.055896442 -0.002202024
v  0.028499996 -0.10502516 -1.1263499e-09
v  -0.028499993 -0.065025136 -1.1267781e-09
v  -0.0285 -0.10502516 -1.1267781e-09
v  0.027037611 -0.053601544 -0.00071495509
v  -0.028463388 -0.060481589 -0.0025645096
v  -0.022548707 -0.049468379 -0.0031048555
v  -0.028423464 -0.065025136 -0.0020872888
v  -0.025590496 -0.051425498 -0.00094070024
v  -0.026553905 -0.053678673 -0.0030263152
v  -0.014815577 -0.047706466 -0.0066893408
v  0.028383082 -0.058156174 -0.0013599147
v  0.023477009 -0.049365204 -0.0012122442
v  0.016457027 -0.04771499 -0.005585433
v  -0.024797292 -0.0515217 -0.0033696566
v  0.025510168 -0.051441055 -0.0012348865
v  -0.028200002 -0.11499999 -0.00099999947
v  -0.019318519 -0.11499999 -0.0051763812
v  -0.012705279 -0.047660869 -0.0077914046
v  -0.028068585 -0.058199983 -0.0038385179
v  0.014498732 -0.047701579 -0.0068754526
v  -0.028266924 -0.062788114 -0.0040451
v  0.027702866 -0.055903535 -0.0025120464
v  -0.019318519 -0.10418515 -0.0051763812
v  -0.017320508 -0.10418515 -0.0099999988
v  0.019318512 -0.10418515 -0.0051763812
v  0.019318512 -0.11499999 -0.0051763812
v  0.028423464 -0.10502516 -0.0020872888
v  0.027492968 -0.11202513 -0.0062750885
v  0.027492968 -0.10502516 -0.0062750885
v  -0.027492968 -0.10502516 -0.0062750885
v  -0.028423464 -0.10502516 -0.0020872888
v  -0.027492968 -0.11202513 -0.0062750885
v  -0.028200002 -0.11202513 -0.00099999947
v  0.028238086 -0.065025136 -0.0030590792
v  0.028221702 -0.062789783 -0.0043455819
v  0.028423464 -0.065025136 -0.0020872888
v  0.028431064 -0.060485762 -0.0028668393
v  -0.010417924 -0.04758982 -0.008677409
v  0.012346162 -0.047650676 -0.0079495991
v  -0.021242576 -0.049517553 -0.0051620314
v  -0.027184362 -0.055930834 -0.0049128095
v  0.022391049 -0.049478989 -0.0033837457
v  -0.0079756165 -0.047508877 -0.0093523385
v  0.026470801 -0.053684812 -0.0033377756
v  0.010017714 -0.047576468 -0.0088052945
v  -0.023722054 -0.051542323 -0.0057256268
v  -0.02573221 -0.053697687 -0.0055999765
v  -0.02848245 -0.11202513 -0.00099999947
v  -0.0275036 -0.11202513 -0.007470076
v  -0.02848245 -0.11499999 -0.00099999947
v  -0.017320508 -0.11499999 -0.0099999988
v  -0.014142134 -0.11499999 -0.014142134
v  -0.0275036 -0.11499999 -0.007470076
v  -0.0054046782 -0.047435027 -0.0098300995
v  -0.028036749 -0.060504835 -0.0053572105
v  0.0075366488 -0.047494989 -0.0094491215
v  0.024677305 -0.051528435 -0.0036713269
v  -4.5695053e-08 -0.044960182 -0.0015635726
v  -0.0027351091 -0.04738627 -0.010133163
v  -0.028291373 -0.065025136 -0.0027797271
v  0.0049304357 -0.047423821 -0.0098967673
v  0.0022302261 -0.047381442 -0.010172584
v  0.028011641 -0.058202665 -0.0041548321
v  -3.8244409e-08 -0.047379773 -0.010292103
v  0.027195847 -0.10502516 -0.0085226642
v  -0.02719585 -0.10502516 -0.0085226642
v  -0.019686246 -0.049499255 -0.0070703523
v  -0.027438378 -0.05820046 -0.0066001536
v  0.021042323 -0.049518865 -0.0054350356
v  0.027096165 -0.055930596 -0.0052361535
v  -0.027724532 -0.062795684 -0.0068109455
v  -0.027767746 -0.065025136 -0.0055246921
v  0.02796988 -0.060505252 -0.005674121
v  -0.026317948 -0.055900197 -0.0075838873
v  0.027711114 -0.065025136 -0.0058215456
v  -0.022368761 -0.051490586 -0.0079717347
v  0.026819048 -0.11499999 -0.0096430676
v  0.026819048 -0.11202513 -0.0096430676
v  0.025607778 -0.053694885 -0.0059199976
v  -0.024616743 -0.05364446 -0.0081022354
v  0.023559151 -0.051539522 -0.0060292529
v  -0.02732254 -0.060491603 -0.0081172483
v  -0.017894166 -0.049424332 -0.0087977732
v  0.019442445 -0.049491685 -0.0073309848
v  0.027342824 -0.058196943 -0.0069289589
v  0.027195847 -0.065025136 -0.0085226642
v  0.027645087 -0.062795386 -0.0071234228
v  -0.026511649 -0.058147531 -0.0093127908
v  -0.020748692 -0.051374476 -0.010071141
v  0.017320504 -0.10418515 -0.0099999988
v  0.017320504 -0.11499999 -0.0099999988
v  0.023912681 -0.11499999 -0.015505926
v  0.026187545 -0.055891674 -0.0079159448
v  -0.026905609 -0.062784299 -0.0095229903
v  -0.015873926 -0.049306076 -0.010318046
v  0.02216067 -0.051478129 -0.0082710395
v  -0.027244495 -0.065025136 -0.0082676569
v  0.01760543 -0.049409013 -0.0090395967
v  -0.025153341 -0.055805009 -0.01018043
v  0.027217438 -0.06048749 -0.0084448503
v  -0.023212327 -0.053523343 -0.010496062
v  0.0244477 -0.053632241 -0.0084252888
v  0.02540732 -0.11202513 -0.012235519
v  0.02540732 -0.10502516 -0.012235519
v  -0.025407324 -0.10502516 -0.012235519
v  -0.025407324 -0.11202513 -0.012235519
v  -0.026320586 -0.060440462 -0.010813718
v  -0.013636739 -0.04915927 -0.011612871
v  -0.02719585 -0.065025136 -0.0085226642
v  0.015538781 -0.049284618 -0.01053526
v  0.026373854 -0.0581371 -0.0096494788
v  -0.018877147 -0.051206868 -0.011988823
v  0.026030352 -0.065025136 -0.011140411
v  0.026788881 -0.062781617 -0.0098434957
v  0.020494414 -0.051353138 -0.010359314
v  -0.025074819 -0.11202513 -0.013546345
v  -0.025074819 -0.11499999 -0.013546345
v  -0.025290249 -0.058041912 -0.011942917
v  -0.011200336 -0.049000662 -0.012672433
v  0.024977548 -0.055787843 -0.010515754
v  0.013254954 -0.049133878 -0.011800651
v  -0.02153117 -0.053343337 -0.012744275
v  -0.023696607 -0.055649918 -0.012666487
v  -0.025813995 -0.062753245 -0.01215233
v  0.022996379 -0.053501766 -0.010815852
v  0.026174074 -0.060431283 -0.011147429
v  -0.026166914 -0.065025136 -0.010833689
v  0.024531147 -0.10502516 -0.014507678
v  -0.025029609 -0.065025136 -0.013388121
v  -0.02453115 -0.10502516 -0.014507678
v  -0.0085881436 -0.048848908 -0.013495711
v  -0.016761059 -0.051002901 -0.013694205
v  0.010772995 -0.048974138 -0.012827174
v  0.018575093 -0.051178258 -0.012258866
v  -0.025035309 -0.060352068 -0.013415148
v  -0.005828497 -0.048724394 -0.014090625
v  0.0081176227 -0.048824649 -0.013615289
v  0.023912681 -0.11202513 -0.015505926
v  0.025107315 -0.058024209 -0.012282179
v  -0.0029538507 -0.048648637 -0.014474024
v  0.024886629 -0.065025136 -0.013709248
v  0.025657421 -0.062748 -0.012476363
v  0.0053184694 -0.048706513 -0.014174626
v  0.014142132 -0.10418515 -0.014142134
v  0.014142132 -0.11499999 -0.014142134
v  0.009999997 -0.10418515 -0.017320508
v  -0.014142134 -0.10418515 -0.014142134
v  0.019745691 -0.11499999 -0.020551344
v  -0.019589292 -0.053118091 -0.014810783
v  -3.0793814e-08 -0.047875267 -0.01207972
v  -3.0793792e-08 -0.048683863 -0.014658806
v  0.0024092263 -0.048641723 -0.014523924
v  -0.023781808 -0.057887714 -0.014456612
v  -0.014411413 -0.050778847 -0.015163698
v  0.02126733 -0.053313356 -0.013053929
v  -0.021960871 -0.055443686 -0.015006077
v  0.023473246 -0.055624228 -0.012998913
v  0.016409447 -0.050968867 -0.013939508
v  -0.024457244 -0.062702999 -0.014670414
v  0.02484489 -0.060337704 -0.013749824
v  -0.011846532 -0.050552707 -0.016381232
v  0.01400987 -0.050741833 -0.015378387
v  -0.023476152 -0.060229402 -0.01589044
v  -0.017393658 -0.052862983 -0.016662376
v  -0.02453115 -0.065025136 -0.014507678
v  0.022047644 -0.11202513 -0.017582415
v  0.022047644 -0.10502516 -0.017582415
v  -0.022047648 -0.10502516 -0.017582415
v  -0.022047648 -0.11202513 -0.017582415
v  0.019275894 -0.053081315 -0.01510301
v  0.023551768 -0.057862978 -0.014792521
v  0.024258872 -0.062695011 -0.014993065
v  -0.022000315 -0.057692509 -0.016820336
v  -0.0090910541 -0.050344687 -0.017338524
v  -0.019962734 -0.055199485 -0.017163886
v  0.011396109 -0.050515871 -0.016560378
v  0.021689018 -0.055410545 -0.015328878
v  -0.022846838 -0.062635109 -0.017049784
v  -0.0061748782 -0.050177496 -0.018035417
v  -0.021324148 -0.11202513 -0.018908484
v  -0.021324148 -0.11499999 -0.018908484
v  0.0085941991 -0.050311964 -0.017478393
v  -0.014955559 -0.052594226 -0.018271437
v  0.024531147 -0.065025136 -0.014507678
v  0.023240207 -0.060210031 -0.016220478
v  0.017028822 -0.052821558 -0.016930012
v  -0.0031321133 -0.050076168 -0.018480266
v  0.009999997 -0.11499999 -0.017320508
v  -0.0099999988 -0.10418515 -0.017320508
v  0.014537751 -0.11499999 -0.02451334
v  -0.0099999988 -0.11499999 -0.017320508
v  0.0056353947 -0.050153594 -0.01813372
v  -0.021657901 -0.060078006 -0.01820947
v  -3.8244359e-08 -0.049387496 -0.016903041
v  0.023364542 -0.065025136 -0.016044622
v  -0.023587549 -0.065025136 -0.015750827
v  0.020570165 -0.10502516 -0.019726081
v  -0.02189674 -0.065025136 -0.017978387
v  -0.020570168 -0.10502516 -0.019726081
v  0.0025550565 -0.05006681 -0.018536458
v  0.021722367 -0.057661634 -0.017146474
v  -0.017710006 -0.054931741 -0.019106129
v  0.021663493 -0.065025136 -0.018285671
v  0.022605469 -0.06262444 -0.017365819
v  -0.019962857 -0.057467561 -0.019001177
v  0.019640801 -0.055160444 -0.017469784
v  -0.012294066 -0.052329402 -0.019616349
v  0.014538898 -0.052550536 -0.018507762
v  0.019745691 -0.11202513 -0.020551344
v  -0.020998279 -0.062552378 -0.019264439
v  0.021375803 -0.060054284 -0.018528873
v  -0.0094348313 -0.052088182 -0.020681547
v  0.011826678 -0.052286606 -0.019815212
v  -0.015214891 -0.054655235 -0.020803215
v  -0.019598087 -0.059905987 -0.020343041
v  -3.8244345e-08 -0.050099295 -0.018677993
v  0.017336247 -0.054888766 -0.019387743
v  -0.020570168 -0.065025136 -0.019726081
v  0.01963569 -0.057431977 -0.019310551
v  -0.017679023 -0.05722509 -0.020966953
v  0.0051763793 -0.10418515 -0.019318515
v  0.0051763793 -0.11499999 -0.019318515
v  -0.0051763812 -0.10418515 -0.019318515
v  -9.9143072e-10 -0.10418515 -0.020000001
v  0.0085634133 -0.11499999 -0.027183047
v  -0.010707309 -0.11499999 -0.026412187
v  -0.0051763812 -0.11499999 -0.019318515
v  -0.016449315 -0.11499999 -0.023273805
v  -0.0064088712 -0.051892918 -0.021457853
v  0.020570165 -0.065025136 -0.019726081
v  0.020713514 -0.062539503 -0.019568371
v  0.0089192754 -0.052050214 -0.020837562
v  0.017582415 -0.11202513 -0.022047648
v  0.017582415 -0.10502516 -0.022047648
v  -0.017582415 -0.10502516 -0.022047648
v  -0.017582415 -0.11202513 -0.022047648
v  -0.0032512927 -0.051769357 -0.021943053
v  0.0058490625 -0.051864605 -0.021566635
v  -0.01892948 -0.062459152 -0.021289742
v  -0.012497273 -0.054385643 -0.022229897
v  -3.8244334e-08 -0.050587159 -0.019894416
v  0.014789051 -0.054610651 -0.021053335
v  0.019268973 -0.059878986 -0.020645322
v  0.0026523909 -0.051756542 -0.022001514
v  -0.016449315 -0.11202513 -0.023273805
v  -0.017309042 -0.059722405 -0.022262486
v  -0.01516254 -0.056977611 -0.022688562
v  -0.020112867 -0.065025136 -0.020104395
v  0.01730126 -0.057186525 -0.021252332
v  -9.9143072e-10 -0.11499999 -0.020000001
v  0.0021376302 -0.11499999 -0.028419722
v  -0.0044008391 -0.11499999 -0.028158173
v  0.014800138 -0.05574147 -0.02208147
v  0.01763664 -0.065025136 -0.022152903
v  0.01860108 -0.062444549 -0.021575755
v  0.019803552 -0.065025136 -0.020360278
v  -0.0095835039 -0.054140132 -0.023365015
v  0.015522211 -0.10502516 -0.023902113
v  -0.015522213 -0.10502516 -0.023902113
v  0.012020594 -0.054342251 -0.022441523
v  -3.8244316e-08 -0.051754098 -0.02213903
v  -0.017960055 -0.065025136 -0.021885352
v  -0.016656378 -0.062359851 -0.023101965
v  0.014537751 -0.11202513 -0.02451334
v  0.016932165 -0.059693258 -0.022540918
v  -0.0065051885 -0.053937595 -0.024191553
v  -0.012499263 -0.055525403 -0.023274669
v  0.0090586683 -0.05410127 -0.023531446
v  -0.01480664 -0.059535902 -0.02394156
v  0.012021116 -0.05548368 -0.02348947
v  0.014734215 -0.056937855 -0.022942713
v  -0.003297911 -0.053799074 -0.024697052
v  0.0059362194 -0.053907257 -0.024306534
v  0.015522211 -0.065025136 -0.023902113
v  0.016284449 -0.062344056 -0.023364069
v  -0.015808022 -0.065025136 -0.023665672
v  -3.8244316e-08 -0.05182163 -0.022268957
v  -3.0793721e-08 -0.053128224 -0.024158658
v  0.0026900908 -0.053782206 -0.02475501
v  0.012235521 -0.11202513 -0.025407324
v  0.012235521 -0.10502516 -0.025407324
v  -0.012235523 -0.10502516 -0.025407324
v  -0.012235523 -0.11202513 -0.025407324
v  0.011956654 -0.0566989 -0.024355548
v  -0.0095785381 -0.05528925 -0.024427341
v  -0.01419757 -0.062258761 -0.024679454
v  0.0090529239 -0.055251639 -0.024596395
v  0.014382488 -0.05950604 -0.024189325
v  -0.012434092 -0.056737583 -0.024139913
v  -0.012303722 -0.058016997 -0.024829945
v  -0.015522213 -0.065025136 -0.023902113
v  -0.010707309 -0.11202513 -0.026412187
v  -0.0095202671 -0.056518119 -0.025297383
v  0.012950576 -0.065025136 -0.025178684
v  0.013783163 -0.062242489 -0.024911588
v  -0.0064975293 -0.055091899 -0.02526628
v  0.0089965081 -0.056482952 -0.02546717
v  0.0059285378 -0.055061799 -0.025382662
v  -0.013356549 -0.065025136 -0.024977157
v  0.0096540293 -0.10502516 -0.026815103
v  -0.010851768 -0.065025136 -0.02622054
v  -0.0096540311 -0.10502516 -0.026815103
v  -0.012112335 -0.0593553 -0.025356242
v  -0.011575279 -0.062159996 -0.026002539
v  -0.009410386 -0.057820898 -0.025979111
v  -2.3343135e-08 -0.053779047 -0.024845099
v  0.011642589 -0.059326094 -0.025566397
v  -0.0032918537 -0.054950517 -0.025775069
v  0.0026848083 -0.054931741 -0.025832223
v  0.00889106 -0.057789307 -0.026147688
v  -0.0064525092 -0.056332093 -0.026139552
v  0.0085634133 -0.11202513 -0.027183047
v  0.0058865612 -0.056303125 -0.026256157
v  -1.5892549e-08 -0.054549616 -0.025657864
v  -0.0092523405 -0.059188586 -0.02648419
v  0.010431892 -0.065025136 -0.02642897
v  0.011120378 -0.062143844 -0.026198594
v  -0.0032662386 -0.056191903 -0.026647324
v  -0.0063714655 -0.057652038 -0.02681504
v  -0.0088148164 -0.062066894 -0.027053336
v  0.0026634848 -0.056171816 -0.026703535
v  0.0062750867 -0.11202513 -0.027492968
v  0.0062750867 -0.10502516 -0.027492968
v  -0.0062750923 -0.10502516 -0.027492968
v  -0.0062750923 -0.11202513 -0.027492968
v  0.0058115562 -0.057625216 -0.026930673
v  0.0087398877 -0.059161525 -0.026649615
v  -1.5892548e-08 -0.054901581 -0.025915364
v  -8.44196e-09 -0.056153756 -0.026831562
v  -0.0062569799 -0.059042435 -0.027304413
v  -0.0096540311 -0.065025136 -0.026815103
v  -0.0032218928 -0.057518225 -0.027317559
v  0.0057059219 -0.059018712 -0.027417855
v  0.0096540293 -0.065025136 -0.026815103
v  0.0083223497 -0.062051516 -0.027207168
v  0.0026268056 -0.057497602 -0.027372772
v  -0.0044008391 -0.11202513 -0.028158173
v  -0.0059443126 -0.061981898 -0.027815821
v  -8.4419556e-09 -0.05743907 -0.027435495
v  -0.00316031 -0.058920782 -0.027797399
v  0.0077700308 -0.065025136 -0.02725699
v  -0.0082433382 -0.065025136 -0.027145976
v  0.0032757064 -0.10502516 -0.028311124
v  -0.0055207582 -0.065025136 -0.027784554
v  -0.0032757083 -0.10502516 -0.028311124
v  0.0025760299 -0.058900874 -0.027851561
v  0.0021376302 -0.11202513 -0.028419722
v  0.0050308248 -0.065025136 -0.027899465
v  0.0054181954 -0.061967473 -0.027921362
v  -0.0029946798 -0.061905187 -0.028276317
v  -9.9137332e-10 -0.057923775 -0.027663266
v  -9.913691e-10 -0.11202513 -0.028200001
v  -9.913691e-10 -0.10502516 -0.028200001
v  -8.441952e-09 -0.058832925 -0.027906897
v  -0.0032757083 -0.065025136 -0.028311124
v  -8.4419502e-09 -0.059842389 -0.028177401
v  0.0024399152 -0.061891716 -0.028327771
v  0.0032757064 -0.065025136 -0.028311124
v  -1.5892528e-08 -0.061835986 -0.0284076
v  -2.3343109e-08 -0.06216703 -0.028445827
v  -0.0027921656 -0.065025136 -0.028338995
v  0.0022727838 -0.065025136 -0.028368931
v  -9.9136699e-10 -0.065025136 -0.028499931

# 0 UV coordinates

# 4962 vertex normals
vn 0.0040814178 0.040615741 0.99916649
vn 0.017223202 -0.0030848021 0.99984694
vn 0.017227268 -0.0031013326 0.99984682
vn 0.017225485 -0.0031001195 0.99984682
vn -0.033393055 0.050368641 0.99817228
vn -0.033262979 0.050265044 0.99818182
vn -0.033283301 0.050273068 0.99818075
vn -0.033272684 0.050270289 0.99818128
vn -0.015901748 0.044839188 0.99886763
vn 0.0053835926 0.016772656 0.99984485
vn 0.0054457453 0.016706692 0.99984562
vn 0.0054102121 0.016755447 0.99984497
vn -0.0034158679 0.02459231 0.99969172
vn 0.017213479 -0.0030780691 0.99984711
vn 0.017234571 -0.0031202906 0.99984658
vn 0.0076682377 0.071364433 0.99742085
vn 0.014306648 0.039607983 0.99911284
vn -0.0094393548 0.033333521 0.99939972
vn 0.019413883 0.044943016 0.99880087
vn 0.019418355 0.044945557 0.99880069
vn -0.015976736 0.012294604 0.99979675
vn -0.015984839 0.012282282 0.99979681
vn -0.015960004 0.012313528 0.99979681
vn -0.015990654 0.012260714 0.99979699
vn -0.022285059 -0.012256303 0.99967653
vn 0.034293029 0.039591108 0.99862731
vn -0.012419423 0.059869952 0.99812895
vn -0.015947169 0.012409041 0.99979585
vn -0.015972303 0.012309475 0.99979669
vn 0.019369135 0.044904534 0.9988035
vn -0.0050844746 0.034611456 0.99938792
vn 0.0076838522 -0.032202493 0.99945182
vn 0.0031527712 -0.034969632 0.99938339
vn -0.11710458 -0.075736329 0.99022752
vn -0.043547045 -0.05226722 0.99768323
vn 0.0031499604 -0.034970965 0.99938339
vn -0.012434172 -0.034879062 0.99931419
vn 0.076142192 -0.076030888 0.99419397
vn 0.0031038555 -0.040466126 0.99917608
vn -0.025147295 -0.025500292 0.99935848
vn 0.026675029 0.0054469253 0.99962932
vn 0.026677037 0.0050127353 0.99963152
vn 0.026665751 -0.026927419 0.99928164
vn 0.030096401 -0.025585143 0.99921948
vn -0.032199498 -0.026556138 0.99912858
vn -0.027267225 -0.028946856 0.99920899
vn -0.032210276 0.0060178498 0.99946302
vn -0.03200404 -0.0016081113 0.99948645
vn -0.032357674 -0.013631573 0.99938339
vn -0.032230079 0.0015146564 0.99947935
vn 0.75632071 0.65384907 -0.021457642
vn 0.97458339 0.2217323 -0.031968657
vn 0.75634944 0.65378183 -0.022469567
vn 0.75776887 0.65215725 -0.021845795
vn 0.97459543 0.22168203 -0.031949706
vn 0.75609052 0.65404505 -0.023499254
vn 0.75783563 0.65205801 -0.022485621
vn 0.75619274 0.65392774 -0.023474781
vn 0.9746564 0.22183526 -0.028879432
vn 0.97562176 0.21766104 -0.028032929
vn 0.75606698 0.65392303 -0.027338898
vn 0.75767797 0.65217251 -0.024396019
vn 0.99804491 0.058357388 -0.022376988
vn 0.97565699 0.21774073 -0.026123956
vn 0.99978626 -0.0011839001 -0.020639708
vn 0.99816388 0.056384604 -0.022128316
vn 0.02506787 0.0036591534 0.99967903
vn 0.75611997 0.65386403 -0.027284628
vn -0.94172555 0.33521035 -0.028053559
vn -0.6732235 0.73864144 -0.034336742
vn -0.94166654 0.33528128 -0.029165475
vn -0.94088656 0.33752558 -0.02844142
vn -0.94167626 0.33524007 -0.029324906
vn -0.94082689 0.33763018 -0.02916473
vn -0.94155061 0.3352854 -0.032651611
vn -0.94085896 0.33747861 -0.029876923
vn 0.9997862 -0.0011490962 -0.020646757
vn 0.035875622 0.002620246 0.99935281
vn 0.020288695 -0.027337974 0.99942034
vn 0.31969798 -0.94745022 -0.011457512
vn 0.48681876 0.87332875 -0.017446879
vn 0.036369424 0.0041633421 0.99932975
vn 0.036473662 0.00024375471 0.99933457
vn 0.481794 0.8761102 -0.017476916
vn 0.31623212 -0.94861585 -0.011192125
vn 0.59505665 -0.8034026 -0.021255495
vn 0.57727224 -0.81628633 -0.020818243
vn -0.94158375 0.33518645 -0.032712769
vn 0.47766709 0.87837201 -0.017226171
vn 0.030559864 -0.02674895 0.99917495
vn 0.05396143 -0.021956399 0.99830163
vn 0.083566397 -0.01320872 0.99641466
vn 0.48678619 0.87334704 -0.017441031
vn 0.48832324 0.87248439 -0.017645312
vn 0.49065408 0.87117243 -0.017809097
vn 0.49065229 0.87117326 -0.01781781
vn -0.94152844 0.33521396 -0.033996999
vn -0.9407621 0.33747292 -0.03284372
vn -0.67310232 0.73875666 -0.034232784
vn -0.9996441 -0.0010593173 -0.026655665
vn -0.99964005 -0.0010356461 -0.0268078
vn -0.99964333 -0.00097658578 -0.026687892
vn -0.5422231 0.83992046 -0.022972016
vn -0.67086571 0.74098516 -0.029667903
vn -0.040809408 0.0033746788 0.99916124
vn -0.086155616 -0.014019497 0.99618304
vn -0.052428778 -0.023932697 0.99833786
vn -0.32756609 -0.94472909 -0.01368774
vn -0.49042705 0.87124127 -0.020493079
vn -0.040891014 -0.0010794211 0.99916303
vn -0.040401507 0.0021422105 0.99918121
vn -0.44475907 0.89545298 -0.018796775
vn -0.48664594 0.87337619 -0.019742236
vn -0.54136312 0.8404789 -0.022829922
vn -0.88753229 -0.45922494 -0.037400957
vn -0.33412686 -0.94242066 -0.014233279
vn -0.32781088 -0.9446438 -0.013716789
vn -0.87869132 -0.47596431 -0.036871534
vn 0.99979174 -0.0011393264 -0.020375079
vn 0.99978995 -0.0012331187 -0.020458357
vn -0.99963939 -0.0010250123 -0.026833121
vn -0.99964124 -0.0009454391 -0.026767276
vn -0.021823773 0.044939786 0.99875128
vn -0.99964023 -0.0010519843 -0.02680235
vn 0.9997918 -0.0011419179 -0.020372238
vn 0.36444575 -0.92972678 -0.052796196
vn 0.75313622 -0.65410227 -0.07025744
vn 0.74659324 -0.6625905 -0.05976918
vn 0.36474735 -0.93020374 -0.040992849
vn 0.3494693 -0.93606454 -0.040674351
vn 0.034293871 0.039579313 0.99862778
vn -0.072394021 0.12007885 0.9901213
vn -0.046584528 0.10455769 0.99342716
vn 0.39315647 0.157865 0.90581822
vn -0.024928875 0.10188872 0.99448341
vn -0.024401395 0.10215471 0.99446923
vn -0.026074067 0.10188134 0.9944548
vn -0.021832082 0.044962242 0.99875009
vn -0.99964142 -0.0010740209 -0.026756341
vn 0.75346494 -0.65479028 -0.059500158
vn 0.74696332 -0.66297984 -0.050035253
vn -0.99969769 -0.0012285101 -0.024556022
vn -0.99966949 -0.0015450924 -0.025662169
vn -0.073793866 -0.99408245 -0.079715468
vn 0.3501243 -0.93641716 -0.023147535
vn -0.85044444 -0.521532 -0.06891039
vn -0.54668993 -0.83526623 -0.058825593
vn -0.51444364 -0.85084146 -0.10684837
vn -0.54424584 -0.83206069 -0.10710524
vn -0.51365834 -0.84982455 -0.11812425
vn 0.12730464 0.036472455 0.99119288
vn -0.85070145 -0.52183324 -0.063222282
vn -0.86016357 -0.50616097 -0.062607735
vn 0.97028452 -0.23718302 -0.047877014
vn 0.96910197 -0.24272342 -0.043893877
vn -0.12578888 -0.99205101 -0.0034588515
vn -0.066109203 -0.99564105 -0.065791354
vn 0.014327794 0.039596315 0.99911302
vn -0.072309174 -0.99595046 -0.05342387
vn -0.12870096 -0.99042118 -0.05001935
vn 0.056690212 0.016742511 0.99825144
vn -0.089206666 -0.0085840402 0.99597615
vn -0.081516609 -0.010029136 0.99662155
vn -0.051516023 -0.010705885 0.99861479
vn -0.49042687 0.87124074 -0.020521227
vn -0.49042296 0.87124431 -0.020459814
vn -0.49037215 0.87127304 -0.020456437
vn -0.0060243583 0.05027419 0.99871731
vn 0.9997986 -0.0010893075 -0.020040069
vn 0.99979705 -0.0012170367 -0.020110535
vn 0.9690913 -0.24276565 -0.043896541
vn -0.12353454 -0.031628657 0.99183607
vn 0.11301789 -0.049999505 0.99233413
vn -0.98825043 -0.14393613 -0.051414426
vn -0.86075836 -0.50788558 -0.033870865
vn -0.12301097 -0.99004447 -0.068412259
vn -0.064617388 -0.99365443 -0.092062123
vn 0.11301896 -0.049991596 0.99233443
vn -0.98825485 -0.14398381 -0.051195908
vn -0.98993099 -0.13225874 -0.050440259
vn 0.045759439 0.10664014 0.99324417
vn 0.99979854 -0.0013567141 -0.020027084
vn -0.01272265 0.12038134 0.99264622
vn 0.96925151 -0.24311422 -0.038039297
vn 0.97048628 -0.23767364 -0.040836971
vn -0.12353481 -0.031670395 0.99183476
vn -0.52168763 -0.85058904 -0.06588117
vn -0.12470546 -0.9920882 0.014476633
vn 0.089598134 -0.0089257481 0.995938
vn 0.34627101 -0.93793893 0.019156216
vn 0.36589715 -0.9306553 0.00019036765
vn 0.11301903 -0.050006613 0.99233365
vn -0.98875111 -0.14493823 -0.036933862
vn -0.99037027 -0.13125938 -0.044018921
vn 0.04575355 0.10661843 0.99324673
vn 0.014956463 0.1109349 0.99371511
vn 0.010660582 0.11260558 0.99358255
vn -0.012992029 0.11490215 0.99329185
vn -0.13697821 -0.10102893 0.9854086
vn 0.99030626 0.13855547 -0.0097941784
vn 0.98899192 0.14691058 -0.017672833
vn 0.99979818 -0.0013183987 -0.020046687
vn -0.041310053 0.12026731 0.99188167
vn 0.01115131 0.12035967 0.99266773
vn -0.52111435 -0.85175538 -0.054337859
vn -0.55345958 -0.83130109 -0.05119564
vn 0.086821079 -0.0072560017 0.99619752
vn 0.089574695 -0.008994434 0.99593949
vn -0.96908623 0.24662544 -0.0069153076
vn 0.12611431 -0.11909451 0.98484093
vn -0.083302401 -0.0054076128 0.99650967
vn 0.34758797 -0.93764639 -0.0013550522
vn 0.36707377 -0.93008912 -0.013824747
vn -0.1369815 -0.10103515 0.98540753
vn 0.98998588 0.13998029 -0.018262364
vn 0.98897672 0.14697683 -0.017967021
vn -0.2021727 -0.21821821 0.95472878
vn 0.86536479 0.49947655 0.040827677
vn 0.86072159 0.5083307 0.027536904
vn -0.96911758 0.24651176 -0.0065617436
vn -0.96901375 0.2469205 -0.006525286
vn 0.10526125 -0.07582622 0.99154949
vn 0.044066433 -0.099060051 0.99410528
vn -0.11803506 -0.017966226 0.99284691
vn 0.75414634 -0.6566304 0.0099940449
vn 0.74685216 -0.6647076 0.01937999
vn 0.11064707 0.020878579 0.99364042
vn 0.095488928 0.054753076 0.99392354
vn 0.099456176 0.047729518 0.99389654
vn -0.4887121 -0.86918211 0.075385198
vn -0.99698788 0.005314183 0.07737495
vn -0.85195792 -0.52322018 0.020206707
vn -0.55030638 -0.83496249 0.00070712657
vn 0.13403031 -0.021547731 0.99074292
vn 0.099513814 0.047623981 0.99389583
vn -0.99698764 0.0052728462 0.077381283
vn 0.31278941 -0.94975638 -0.011206911
vn -0.85156131 -0.52361608 0.025876384
vn -0.86098713 -0.50788498 0.027459886
vn 0.13404411 -0.02155087 0.99074101
vn -0.34117204 -0.93989289 -0.01424872
vn -0.49041793 0.8712467 -0.02048183
vn -0.75107861 0.65929079 0.034879532
vn -0.9690271 0.24687709 -0.0061802804
vn -0.0019397548 -0.11903787 0.99288779
vn -0.093230546 0.065660603 0.99347711
vn -0.099586695 0.056882612 0.99340165
vn -0.11697393 0.022091949 0.99288923
vn 0.48789266 -0.86939561 0.078179114
vn 0.48839119 -0.869205 0.077180058
vn 0.99652624 0.0042927004 0.083168559
vn 0.077124201 0.09562812 0.99242485
vn 0.096842177 0.055598836 0.99374563
vn -0.99678051 0.0056614978 0.079978518
vn -0.99690562 0.0045573106 0.078475393
vn 0.4906891 0.87115246 -0.017821191
vn 0.32034105 -0.029729249 0.9468357
vn 0.21436426 -0.025560582 0.97641927
vn 0.077994265 -0.023120357 0.99668568
vn 0.49067166 0.87116235 -0.017817533
vn 0.49060294 0.87119657 -0.018036678
vn -0.11800568 -0.017961206 0.99285048
vn 0.75334889 -0.65730757 0.020303719
vn 0.74620044 -0.66510648 0.028605932
vn -0.24450158 -0.023554638 0.96936274
vn -0.08246278 -0.020667704 0.99637979
vn -0.49041671 0.87124068 -0.020762706
vn -0.4907884 0.87103319 -0.020686282
vn -0.017543511 -0.11259785 0.99348575
vn -0.088253491 -0.075960726 0.9931975
vn 0.86515236 0.50079614 0.026732536
vn 0.86069155 0.5085187 0.024874674
vn -0.082421184 -0.020665308 0.99638331
vn -0.49038419 0.87126178 -0.020646784
vn -0.75123084 0.65911531 0.034917533
vn -0.75103581 0.65933609 0.034944218
vn -0.0018937701 -0.11901291 0.99289089
vn 0.013135179 -0.12943162 0.99150133
vn 0.5418247 0.83827233 0.061036881
vn 0.51912647 0.85424519 0.027800808
vn 0.091581479 0.052449901 0.99441534
vn 0.083176188 0.074039385 0.99378061
vn 0.083177686 0.074036956 0.99378067
vn 0.068496943 0.095676899 0.9930529
vn -0.9966979 0.0057612578 0.080994509
vn -0.99683857 0.0046292422 0.079318494
vn -0.99972981 -0.0010919818 -0.023217849
vn -0.99968892 -0.001473457 -0.024896907
vn -0.097676806 0.056027461 0.99363989
vn -0.09938436 0.0656351 0.99288207
vn -0.084707916 0.080124311 0.99317908
vn -0.084695004 0.080145322 0.99317849
vn 0.99652702 0.0042983522 0.083159015
vn 0.96813589 -0.24483725 0.052607574
vn -0.11541262 0.019318186 0.99312979
vn -0.10743526 0.0354423 0.99358016
vn -0.10742458 0.035459273 0.9935807
vn 0.48766348 -0.86954165 0.077984765
vn 0.48843494 -0.86919194 0.077049583
vn -0.98804027 -0.14578065 0.050243523
vn -0.85861886 -0.50951153 0.056317642
vn -0.98802263 -0.1458182 0.050480764
vn -0.98976314 -0.13312203 0.051453736
vn 0.059198134 -0.071180105 0.99570525
vn 0.12341903 -0.01162389 0.99228656
vn 0.10357697 0.028425137 0.99421519
vn 0.10357734 0.028424466 0.99421513
vn 0.10350135 0.02850757 0.99422067
vn 0.10928103 0.018560054 0.99383759
vn -0.48847696 -0.86939555 0.074442469
vn -0.48864684 -0.86930174 0.074423112
vn -0.10245666 -0.060800403 0.9928776
vn 0.96907234 -0.24046677 0.055448465
vn 0.96789938 -0.24498369 0.056158811
vn -0.98707539 -0.14678612 0.064311847
vn -0.98936564 -0.13349658 0.057743851
vn 0.059198339 -0.071132101 0.9957087
vn 0.096213743 -0.071857482 0.99276352
vn 0.096443832 -0.035914276 0.9946903
vn -0.38322204 0.92077816 0.072859108
vn -0.7510075 0.65934855 0.035316933
vn -0.026827658 -0.13645093 0.99028349
vn 0.10931024 0.018505577 0.99383539
vn -0.48891512 -0.86917573 0.074131772
vn -0.48846838 -0.86941338 0.074290477
vn -0.48825872 -0.86953247 0.074274644
vn -0.1061242 -0.067580529 0.99205369
vn -0.1031009 -0.060696077 0.99281728
vn 0.96785778 -0.24515118 0.056144312
vn 0.31271428 -0.94978106 -0.011210005
vn 0.48930612 0.87193567 -0.017540369
vn 0.01311577 -0.12941635 0.9915036
vn 0.54060626 0.84088111 0.025764348
vn 0.51864558 0.85477591 0.019101989
vn -0.98705649 -0.14690751 0.064324699
vn 0.095042087 -0.065866515 0.9932918
vn 0.095396452 -0.057174232 0.99379605
vn 0.092572019 -0.083254874 0.99221927
vn 0.09486258 -0.080362976 0.99224132
vn -0.96527255 0.24482544 0.091156125
vn 0.23053715 -0.11741307 0.96595383
vn 0.067223892 -0.1162504 0.99094236
vn 0.067219958 -0.1162505 0.99094266
vn -0.96532613 0.24462849 0.091117181
vn -0.96528244 0.24488029 0.090903461
vn -0.10120058 -0.057080831 0.99322718
vn -0.10117102 -0.061182711 0.99298596
vn 0.96747166 -0.2454453 0.06128002
vn 0.96880943 -0.24068272 0.058993053
vn -0.38414982 0.91835564 0.095141314
vn -0.35304004 0.93048775 0.097751036
vn -0.021998616 -0.13249423 0.99093962
vn -0.029256176 -0.13069525 0.99099082
vn 0.042191684 -0.15538338 0.98695284
vn 0.12671608 0.98261821 0.135663
vn 0.062365256 0.99576557 0.067538954
vn 0.23038949 -0.11741827 0.9659884
vn -0.96526968 0.2449294 0.090906426
vn 0.98661327 0.13566443 0.090495378
vn 0.98607409 0.14488029 0.081655636
vn -0.10083622 -0.057053085 0.99326581
vn -0.10046514 -0.07888408 0.99180847
vn -0.10914236 0.065568887 0.99186122
vn -0.14778945 0.017189145 0.98886949
vn -0.058412582 0.14155701 0.98820525
vn 0.99658507 0.0044206297 0.082454279
vn 0.99658424 0.0044118022 0.082464792
vn 0.99658149 0.0042502843 0.082506195
vn 0.043869365 -0.13049786 0.99047756
vn 0.019445352 -0.13066207 0.99123627
vn 0.12361448 0.99023622 0.064433649
vn 0.060759634 0.99736202 0.039715402
vn 0.05808429 0.99730337 0.044857189
vn -0.35392272 0.92603493 0.13114125
vn -0.056360018 -0.12746812 0.9902401
vn 0.058701038 -0.057246488 0.99663287
vn 0.49054846 0.87122738 -0.018030137
vn 0.49060667 0.87119472 -0.018025039
vn 0.10824598 -0.12531373 0.98619431
vn -0.74482912 0.65823126 0.1093672
vn -0.96535265 0.24469152 0.090665758
vn 0.073030092 -0.13422187 0.98825657
vn 0.077812642 -0.13399938 0.98792171
vn -0.34136799 0.92544049 0.16440123
vn -0.37422189 0.91783392 0.13243455
vn 0.05691075 0.99585426 0.070960991
vn 0.11519101 0.99059165 0.073886439
vn -0.084649086 -0.12721725 0.98825622
vn -0.057566307 -0.14919251 0.98713106
vn 0.1082418 -0.12531443 0.98619473
vn -0.74486941 0.65823919 0.10904454
vn -0.74509972 0.65797973 0.10903707
vn 0.98735154 0.13625067 0.081072472
vn 0.98610681 0.14487915 0.081261344
vn -0.10080631 -0.081155263 0.99159062
vn -0.10175216 -0.07915277 0.99165583
vn 0.85336381 0.50539595 0.12784803
vn -0.081913069 -0.12260721 0.9890691
vn -0.10770124 -0.10382415 0.98874718
vn 0.074168593 -0.13681312 0.98781639
vn 0.078268796 -0.13478248 0.98777914
vn -0.34353489 0.92983305 0.13188718
vn -0.37574244 0.92013657 0.11030119
vn 0.85823989 0.49818048 0.12345259
vn 0.85462344 0.50676107 0.11319004
vn -0.14370096 -0.125047 0.98168898
vn -0.082969375 -0.12438768 0.98875868
vn -0.082957491 -0.12438874 0.98875958
vn -0.7451635 0.65797579 0.10862394
vn -0.038153574 0.10658624 0.99357116
vn 0.99981922 -0.0012053845 -0.018975472
vn 0.99982494 -0.0014190287 -0.018657349
vn 0.10824557 0.016647326 0.99398482
vn 0.10653979 0.020929437 0.99408811
vn -0.48857883 -0.86945432 0.07307481
vn -0.48900011 -0.86924636 0.072730236
vn 0.070802011 0.073411703 0.99478531
vn 0.068805903 0.090913385 0.99347901
vn 0.044249278 0.095770404 0.99441946
vn 0.073592149 0.079744294 0.99409509
vn 0.071479805 0.082645506 0.99401224
vn -0.99634397 0.0061643939 0.085209377
vn -0.99657547 0.004838821 0.082546361
vn 0.51529163 0.8537389 0.07486254
vn 0.11116984 0.98365188 0.14166951
vn -0.089774758 -0.13199942 0.98717612
vn 0.51492178 0.85323435 0.082744561
vn 0.53334326 0.84182906 0.082878143
vn -0.089782514 -0.13199629 0.98717582
vn 0.85908735 0.49923214 0.11285484
vn 0.85493118 0.50681728 0.11058455
vn -0.14367613 -0.12504947 0.98169231
vn -0.10202755 0.0284745 0.99437398
vn -0.12542194 0.0080858842 0.99207056
vn -0.12541142 0.0080957664 0.99207181
vn -0.11835361 0.01824058 0.99280399
vn -0.11579532 0.024713714 0.99296558
vn -0.11544026 0.019370526 0.99312556
vn 0.48815769 -0.86942482 0.076174766
vn 0.48867902 -0.86922908 0.075057365
vn 0.53144932 0.83949018 0.11321595
vn 0.065398529 0.030282071 0.99739963
vn 0.030812357 0.068913803 0.99714667
vn 0.052221689 0.027170999 0.9982658
vn 0.0835777 -0.027241133 0.99612886
vn 0.063274287 0.036766518 0.99731869
vn 0.069370009 0.031186691 0.99710339
vn 0.034988184 0.068913393 0.99700892
vn 0.063284151 0.036739115 0.9973191
vn 0.071130104 0.029033087 0.99704444
vn 0.047428753 0.050262559 0.99760926
vn 0.065703474 0.035776343 0.99719763
vn -0.058293056 0.027350483 0.9979248
vn -0.058075082 0.027102226 0.99794424
vn -0.058031887 0.027115978 0.99794638
vn -0.076705456 0.11248253 0.99068862
vn -0.09775392 0.095575951 0.9906106
vn 0.99662125 0.0043924977 0.082016796
vn 0.99662346 0.006166433 0.081875987
vn -0.068389319 0.036193214 0.99700201
vn -0.069788441 0.031476483 0.99706507
vn -0.034842465 0.065988332 0.99721187
vn -0.089781381 -0.026303159 0.99561411
vn 0.064099915 -0.086734965 0.99416709
vn 0.064260244 0.050515022 0.99665385
vn 0.059220478 0.04403381 0.99727327
vn 0.064345784 -0.03332131 0.9973712
vn 0.060330939 0.042050377 0.99729228
vn 0.064443439 0.025958704 0.99758369
vn 0.064461142 -0.046892371 0.99681789
vn -0.049042065 0.058168303 0.99710149
vn -0.062773377 0.042472418 0.99712366
vn -0.075645201 0.033542123 0.99657047
vn 0.10562872 0.011989482 0.99433339
vn 0.10526014 0.022068424 0.99419981
vn -0.48898667 -0.86925399 0.072728887
vn -0.041522674 0.059414487 0.99736941
vn -0.095957696 0.03747765 0.99467963
vn -0.039486568 -0.0028095723 0.99921614
vn -0.069956034 -0.075816818 0.99466473
vn -0.070093885 -0.042729653 0.99662483
vn -0.070215479 0.023964908 0.99724394
vn -0.08247456 -0.019677836 0.99639887
vn -0.06442523 0.044546433 0.9969278
vn -0.096936055 -0.01342265 0.9952001
vn -0.076756038 0.112438 0.99068975
vn 0.99664664 0.0068113091 0.081541911
vn 0.99671203 0.0060405433 0.080800116
vn -0.095924504 0.037496008 0.99468213
vn -0.033575933 0.073771484 0.99670982
vn 0.082332805 0.094940171 0.9920724
vn 0.49060911 0.87119305 -0.0180375
vn 0.99326366 0.0047624931 -0.11577847
vn 0.99349415 0.004147944 -0.11380745
vn 0.038906809 0.06097642 0.99738061
vn 0.055553425 0.050237678 0.99719107
vn -0.49335822 0.86956805 -0.021190222
vn -0.49041411 0.87123919 -0.020887239
vn -0.49039245 0.87125331 -0.020806974
vn 0.20851348 0.19857308 0.95764863
vn 0.10960749 0.00028574956 0.99397492
vn -0.48907918 -0.86924952 0.072158568
vn -0.48872739 -0.86947227 0.07185743
vn 0.050122626 -0.076651342 0.99579734
vn 0.036631189 -0.05877446 0.99759901
vn 0.042011824 -0.05487946 0.99760878
vn 0.048848346 -0.075540945 0.99594545
vn 0.034477964 -0.067593269 0.99711704
vn -0.9925952 0.004110584 -0.12139955
vn -0.49339902 0.86954397 -0.021230483
vn -0.045086846 -0.070239536 0.99651068
vn -0.038615916 -0.049973331 0.99800372
vn 0.052714102 -0.054917194 0.99709845
vn -0.049384121 -0.045128036 0.99775982
vn -0.055995595 -0.076529972 0.99549365
vn 0.99319631 0.042602554 -0.1083797
vn 0.99313408 0.036758751 -0.11105622
vn 0.8527562 0.5047822 -0.13417079
vn 0.85612494 0.49953568 -0.1323411
vn 0.85298067 0.50488204 -0.13235605
vn 0.85716659 0.50010449 -0.12312973
vn 0.8571921 0.50006795 -0.1231007
vn -0.054370631 -0.075704023 0.99564689
vn -0.04512649 -0.070324779 0.99650288
vn 0.55033368 0.82629126 -0.11989813
vn 0.5274387 0.84104937 -0.12018501
vn 0.52897239 0.84006834 -0.12030553
vn -0.031660236 0.095659144 0.99491054
vn 0.055942908 0.079245776 0.99528414
vn -0.9974125 0.0048668841 0.071725652
vn -0.99656385 0.0079076709 0.082449876
vn -0.99655122 0.0077944007 0.082613409
vn -0.077114046 -0.10505558 0.99147201
vn 0.054222018 -0.055276122 0.99699777
vn 0.050299115 -0.073773593 0.99600577
vn -0.070091091 -0.042718828 0.99662548
vn -0.11850409 0.009321983 0.99290979
vn -0.14987539 0.081078105 0.98537493
vn 0.48832625 -0.86947298 0.07452634
vn 0.48891672 -0.86928499 0.072829016
vn 0.035718549 -0.072378971 0.99673742
vn -0.05584858 -0.075000741 0.99561828
vn -0.054966085 -0.07521601 0.99565119
vn -0.054083887 -0.074320644 0.9957667
vn -0.055721179 -0.075541802 0.99558455
vn -0.028478032 0.10666902 0.99388665
vn 0.033372823 0.082007281 0.99607283
vn 0.99349189 0.0041842517 -0.11382613
vn 0.99357575 0.042832594 -0.1047501
vn 0.99384558 0.037213638 -0.10433649
vn -0.60772908 0.7845183 -0.12327362
vn -0.88970637 0.43720868 -0.13141951
vn -0.89172667 0.4308247 -0.13861319
vn -0.88888443 0.43663916 -0.13867477
vn -0.89140564 0.43078083 -0.14079711
vn -0.99357533 -0.038088132 -0.10657111
vn -0.99337262 -0.040171184 -0.10768963
vn 0.99380165 0.043379042 -0.10235488
vn 0.99401706 0.037381902 -0.10262867
vn 0.05871053 -0.061130293 0.99640161
vn 0.072645679 -0.11563821 0.99063134
vn 0.03773611 -0.076129429 0.99638361
vn 0.97996956 -0.17351224 -0.097740136
vn 0.99349982 0.0064122081 -0.11365318
vn 0.99381125 0.0054908069 -0.11094606
vn 0.1012544 -0.081265196 0.99153596
vn -0.60677898 0.78413969 -0.13016991
vn -0.62094033 0.77279758 -0.13121364
vn 0.54361182 0.82369977 -0.16126037
vn 0.54431295 0.82322454 -0.1613218
vn 0.52371746 0.83661318 -0.16061877
vn -0.99348491 -0.038156904 -0.10738585
vn -0.99292219 -0.04047123 -0.1116586
vn 0.12171943 0.99248695 -0.012409095
vn -0.60384434 0.78257 -0.15151322
vn -0.61916757 0.77193522 -0.14403996
vn 0.12987894 0.042125337 0.99063462
vn 0.1461931 0.98884499 -0.028515832
vn 0.11660225 0.99177921 -0.052706022
vn -0.056761391 -0.07262437 0.99574286
vn -0.054560591 -0.074189231 0.99575055
vn -0.053860813 -0.073526084 0.99583781
vn -0.055271473 -0.074584484 0.99568176
vn -0.99280286 0.0045119044 -0.11967485
vn -0.99283814 0.003986693 -0.11940055
vn -0.2039929 0.97825307 -0.037520535
vn 0.045352403 -0.075479828 0.99611545
vn 0.048558116 -0.073652513 0.99610108
vn -0.99284375 0.0055784327 -0.11929009
vn 0.017044859 0.14358233 0.98949158
vn 0.96075416 -0.27653667 0.02188433
vn 0.99984795 -0.0012827399 -0.017392185
vn -0.24046864 0.96896493 -0.057286907
vn -0.20253341 0.97784668 -0.052878048
vn 0.14203119 0.10417383 0.98436522
vn 0.91853547 -0.38964617 -0.066846773
vn 0.97978902 -0.17742227 -0.092384025
vn -0.0029865964 0.14542007 0.98936552
vn -0.97466433 -0.22350891 0.0085539548
vn -0.97587085 -0.21795416 0.013117208
vn 0.049238842 -0.073896982 0.99604958
vn 0.047946282 -0.072983064 0.99618
vn 0.047837045 -0.072770737 0.9962008
vn 0.047599409 -0.072660074 0.99622029
vn 0.047830135 -0.072820477 0.99619752
vn 0.048465665 -0.072912604 0.99616003
vn 0.048912462 -0.072917566 0.99613786
vn 0.050963152 -0.072677068 0.99605262
vn 0.050932884 -0.072683223 0.9960537
vn 0.052181341 -0.072192967 0.99602473
vn 0.052204296 -0.072179608 0.99602449
vn 0.21119963 0.12051167 0.96998537
vn -0.48891047 -0.86951661 0.070052989
vn -0.48302737 -0.87286568 0.069210038
vn 0.11743692 -0.003247364 0.99307501
vn 0.11707548 -0.078462869 0.99001867
vn -0.02249011 -0.022813071 0.99948674
vn -0.010477441 -0.095697083 0.99535537
vn 0.019879442 -0.036874913 0.99912214
vn 0.03888974 -0.076192386 0.99633443
vn -0.0057005882 -0.12954892 0.99155664
vn 0.00035695639 -0.11415946 0.99346238
vn -0.0027142959 -0.12744904 0.99184144
vn -0.029444238 -0.076220319 0.99665618
vn 0.12988906 0.042129628 0.99063307
vn 0.1171921 0.99170572 -0.052780751
vn 0.072840534 -0.032061078 0.99682814
vn -0.91813403 -0.38965002 -0.072130203
vn 0.21280465 0.0077157989 0.97706431
vn 0.17812699 -0.0063807499 0.98398679
vn 0.17207032 0.035776034 0.98443478
vn 0.17206575 0.035785031 0.98443526
vn -0.056597002 -0.072807521 0.99573886
vn -0.05432 -0.072839022 0.99586338
vn -0.054225996 -0.072819516 0.99586987
vn -0.053351931 -0.072600983 0.99593306
vn -0.053903595 -0.07299602 0.99587446
vn -0.053415965 -0.072629906 0.99592751
vn 0.14201242 0.045002904 0.98884135
vn 0.12978674 0.042097177 0.99064791
vn 0.17307822 0.03195345 0.9843896
vn 0.14199832 0.045006949 0.9888432
vn 0.14173847 0.98799562 -0.061439879
vn 0.11441541 0.99146134 -0.062558539
vn 0.11780865 0.12626378 0.98497641
vn 0.14203846 0.10417971 0.98436356
vn 0.12037744 0.11342184 0.98622751
vn 0.0751478 0.16663659 0.9831506
vn 0.10309027 0.14346784 0.98427099
vn 0.10308135 0.14347096 0.98427147
vn -0.030594006 0.1465098 0.98873603
vn -0.90826929 -0.41795304 -0.019030936
vn -0.9229182 -0.38338417 0.035193752
vn -0.031651948 0.095558733 0.99492043
vn 0.10777991 0.14045356 0.9842034
vn -0.031646751 0.09565974 0.9949109
vn -0.3240715 0.94600558 -0.0071483543
vn -0.32075801 0.9471519 -0.004187583
vn 0.2112581 0.12058499 0.96996355
vn 0.9185189 -0.38969445 -0.066792883
vn -0.0727681 0.094299667 0.99288082
vn -0.052839555 0.1125385 0.99224144
vn 0.99691671 0.0064331889 0.078202933
vn 0.99705118 0.0055574942 0.076537676
vn 0.046564911 -0.07478223 0.99611211
vn -0.1230315 -0.00069762993 0.99240249
vn -0.12298295 -0.028100578 0.99201089
vn -0.070092209 -0.042719502 0.99662536
vn -0.99742097 0.0047875606 0.071613111
vn 0.017040543 0.14354749 0.98949671
vn 0.96075147 -0.27654502 0.021896649
vn -0.041309766 0.12027314 0.99188095
vn 0.0059437267 0.17762534 0.98408026
vn -0.03293664 0.18124458 0.98288637
vn 0.06961742 0.19960655 0.97739995
vn -0.041309025 0.12027472 0.99188083
vn -0.99746919 0.0047990233 0.070937693
vn -0.99719626 0.0069367541 0.074508592
vn -0.05270575 -0.074552111 0.99582332
vn -0.15037014 -0.0019950937 0.98862773
vn 0.48224819 -0.87308437 0.071835667
vn -0.060007669 -0.20927933 0.97601295
vn -0.030069802 -0.1856415 0.98215735
vn 0.0036926856 -0.1579776 0.98743582
vn 0.0037121705 -0.15795331 0.98743963
vn 0.012406714 -0.14290339 0.98965889
vn -0.018869171 -0.14013311 0.98995286
vn -0.0098057846 -0.15667376 0.98760176
vn -0.009753624 -0.15676132 0.98758835
vn -0.0096717626 -0.15684402 0.98757601
vn 0.04765005 -0.20937094 0.97667462
vn 0.50479048 -0.85232919 -0.13682665
vn 0.50731039 -0.8508293 -0.13684174
vn 0.50731921 -0.85081822 -0.13687792
vn 0.50737309 -0.85065383 -0.13769758
vn -0.055692188 -0.07269299 0.99579823
vn 0.50735772 -0.85066301 -0.13769756
vn 0.50724214 -0.8507238 -0.13774751
vn 0.50733173 -0.85059446 -0.13821577
vn -0.13045254 0.032294676 0.99092847
vn -0.1945446 0.97546721 -0.10303435
vn -0.23222536 0.96523589 -0.11996255
vn 0.20187357 0.97840697 -0.044349335
vn 0.50736135 -0.85057694 -0.13821495
vn 0.50729275 -0.85053504 -0.13872354
vn 0.50719607 -0.85064453 -0.13840537
vn 0.14758596 0.08688651 0.98522544
vn 0.14758621 0.086886585 0.98522538
vn 0.1475825 0.086899534 0.98522478
vn 0.14262162 0.00033692174 0.98977721
vn 0.11747344 -0.0032442869 0.99307072
vn 0.21787295 0.11717889 0.96891719
vn -0.48418006 -0.87204522 0.071461551
vn -0.48638329 -0.87100112 0.069197953
vn 0.69038624 -0.71265531 -0.12445594
vn 0.68137872 -0.72334921 -0.11175425
vn -0.5061633 -0.85075182 -0.14149234
vn -0.50877935 -0.84919012 -0.14149094
vn -0.14558995 0.048402432 0.98816031
vn 0.25807509 0.96556854 0.032781649
vn 0.070585422 0.10796703 0.99164551
vn 0.035074491 0.11547523 0.99269092
vn 0.090840779 0.06870573 0.99349254
vn 0.035149239 0.11541568 0.99269521
vn 0.99381679 0.006336214 -0.11085145
vn 0.50467139 -0.85241795 -0.13671286
vn 0.049585242 0.11936903 0.991611
vn -0.016200807 0.17738591 0.98400801
vn 0.82915759 -0.55528837 -0.064439848
vn 0.93172348 -0.32919526 0.15336843
vn 0.042527251 0.12901565 0.99073023
vn -0.028478019 0.10666908 0.99388665
vn 0.042510871 0.12902097 0.99073023
vn 0.04234596 0.12905896 0.99073237
vn 0.045110259 0.12844241 0.99069047
vn 0.049900554 0.1280141 0.99051619
vn 0.052103687 0.1280839 0.9903937
vn 0.065832242 0.12892312 0.98946702
vn 0.036376696 0.13183777 0.99060363
vn 0.05341145 0.11539391 0.9918828
vn 0.035659093 0.13241403 0.99055284
vn 0.039899718 0.1300541 0.99070376
vn 0.04208025 0.12918942 0.99072665
vn -0.50617123 -0.85088992 -0.14063089
vn -0.50603032 -0.85088432 -0.14117104
vn 0.21025208 0.2017822 0.95659709
vn 0.11741277 -0.032297373 0.99255788
vn 0.072864518 -0.032061934 0.99682635
vn -0.78159171 -0.61275631 -0.11680791
vn -0.78302932 -0.61087942 -0.1170103
vn -0.50898284 -0.84909141 -0.14135148
vn 0.011152531 0.12036552 0.99266702
vn 0.21235161 0.10675298 0.97134471
vn 0.21132164 0.11749683 0.97032863
vn -0.48630989 -0.8710376 0.069254197
vn 0.11737852 0.03264102 0.99255067
vn 0.11737983 -0.032296378 0.99256182
vn -0.055695519 -0.072693661 0.99579799
vn -0.50624919 -0.85085404 -0.14056726
vn -0.047953214 0.12928542 0.99044728
vn -0.044451274 0.13088384 0.99040067
vn -0.045426965 0.13032074 0.99043065
vn -0.06818448 0.12837377 0.98937911
vn -0.076103635 0.12954515 0.98864871
vn 0.082332551 0.094942801 0.99207217
vn -0.048704479 0.12904167 0.9904424
vn -0.050288957 0.1286431 0.99041504
vn -0.055191539 0.12813167 0.99022025
vn -0.055030923 0.1242194 0.9907276
vn 0.81924844 -0.54698235 -0.17216934
vn 0.80029756 -0.58731681 -0.12075923
vn -0.50619239 -0.85088789 -0.14056689
vn -0.036458794 0.130339 0.99079895
vn -0.036496677 0.13031897 0.99080014
vn -0.074342951 0.10900801 0.99125695
vn -0.086769938 0.063720882 0.99418843
vn -0.057881687 0.1126668 0.99194551
vn -0.057865012 0.11267873 0.99194515
vn -0.063615948 0.065917075 0.99579513
vn -0.15759252 0.09487655 0.98293591
vn -0.12304788 -0.00069666433 0.99240047
vn -0.12305503 -0.00069547619 0.99239963
vn -0.15759152 0.094860308 0.98293763
vn 0.011152402 0.12036732 0.99266678
vn -0.038689461 0.19352829 0.98033154
vn 0.016648049 0.20126972 0.97939438
vn -0.030591566 0.14649452 0.98873836
vn -0.50835842 -0.84969056 -0.13999176
vn -0.50608832 -0.85105741 -0.13991395
vn -0.50611478 -0.85102862 -0.13999307
vn -0.50630575 -0.85101032 -0.13941263
vn -0.92294151 -0.38332435 0.035233911
vn -0.32400867 0.94604701 -0.0036618449
vn -0.32079956 0.94714242 -0.0029774418
vn -0.063613847 0.06591884 0.99579513
vn -0.053383503 -0.072764091 0.99591947
vn -0.087670192 0.17886119 0.9799605
vn -0.12035315 0.15790595 0.98009223
vn -0.15040384 -0.0019967167 0.98862261
vn 0.48351747 -0.87220812 0.073917568
vn 0.48153269 -0.87310809 0.076213412
vn -0.058849894 0.19367927 0.97929823
vn -0.13087125 0.11124101 0.98513865
vn -0.14168003 0.13952215 0.98003078
vn -0.12036025 0.15790305 0.98009187
vn 0.011382636 0.26754034 0.9634794
vn -0.12300646 -0.028100442 0.99200797
vn -0.17732573 0.11129197 0.97783929
vn 0.99705124 0.0055566216 0.076537058
vn -0.15039143 0.010604369 0.98856968
vn -0.15039958 -0.0019977137 0.98862326
vn -0.99252194 0.0051377788 -0.12195811
vn -0.23622814 0.065279946 0.96950233
vn -0.14560038 0.048405841 0.98815858
vn -0.14555973 0.048411418 0.98816431
vn -0.19786146 0.031660151 0.97971857
vn -0.19489017 0.041925695 0.97992861
vn 0.27321833 0.95927703 -0.071689352
vn 0.20115513 0.97879106 -0.038789853
vn -0.19889463 0.0140748 0.97991979
vn -0.19488844 0.041929103 0.97992879
vn -0.19889395 0.014072235 0.97991997
vn -0.19878404 0.036189504 0.97937489
vn -0.15870628 -0.001460574 0.98732477
vn 0.4857398 -0.87113762 0.071944907
vn -0.123036 -0.01391238 0.99230468
vn -0.079121277 -0.026737038 0.99650639
vn -0.91812921 -0.3896699 -0.072084449
vn -0.054214571 -0.072119296 0.99592149
vn 0.21210504 -0.080498442 0.97392577
vn 0.1728615 0.035723601 0.98429811
vn -0.72143447 0.68941903 0.065067045
vn -0.72062087 0.69008672 0.06697616
vn 0.097590245 0.14984128 0.98388195
vn -0.97154331 -0.21501349 0.09936215
vn -0.96112871 -0.27128065 0.05136539
vn -0.78173345 -0.61316681 -0.11366291
vn -0.78349042 -0.61097163 -0.11338622
vn 0.047650665 -0.071975417 0.9962675
vn 0.22206876 0.036672331 0.97434109
vn -0.7866289 -0.61155403 0.08495073
vn -0.76472867 -0.63411987 0.1143768
vn 0.091342136 0.00084654335 0.99581921
vn 0.047504321 -0.071655303 0.9962976
vn -0.055109125 -0.072628275 0.99583536
vn 0.0012888869 0.19987816 0.97981989
vn -0.61014104 -0.78618556 0.098184533
vn -0.6173622 -0.78030384 0.099949457
vn -0.13037011 0.16440335 0.97773981
vn -0.098000802 0.17554869 0.97958076
vn 0.93300891 -0.33969855 0.11874043
vn 0.93350607 -0.33823979 0.11899709
vn 0.8225019 -0.55673039 -0.11636975
vn 0.80084187 -0.59057617 -0.099358253
vn 0.27304518 0.95932418 -0.071717754
vn -0.01631047 0.17737497 0.98400819
vn 0.83799517 -0.54478031 0.031281672
vn 0.66442138 -0.74380082 0.072832875
vn 0.00132268 0.19988078 0.97981936
vn -0.61038363 -0.78563964 0.10100553
vn -0.61769861 -0.77829158 0.11274154
vn -0.20301954 0.0053999447 0.97915977
vn 0.70864707 0.70461446 -0.036575843
vn 0.58881348 0.80216295 0.099162914
vn -0.053486746 -0.071739815 0.99598825
vn 0.99323076 -0.10740596 -0.044234004
vn 0.99122727 -0.12731153 -0.035500541
vn 0.026079971 0.18266717 0.98282886
vn 0.019451125 0.18450931 0.98263824
vn 0.4303568 -0.9021976 0.028853636
vn 0.66518378 -0.72316825 0.18589848
vn 0.22207017 0.036666505 0.97434103
vn -0.79086649 -0.60990912 0.050408293
vn -0.76948166 -0.63337857 0.08203432
vn -0.98210257 -0.17910022 -0.058289245
vn -0.78352839 -0.61163312 -0.10949029
vn -0.19827726 0.040352326 0.97931498
vn 0.59958857 -0.79513001 0.090894252
vn -0.98209351 -0.17939751 -0.057523102
vn -0.98219436 -0.17863886 -0.058157995
vn -0.98219717 -0.17862417 -0.058155742
vn 0.087654002 0.16257815 0.98279452
vn 0.10823829 0.15274034 0.98232114
vn -0.90079319 -0.39503059 0.18033999
vn -0.92555451 -0.23012227 0.30065355
vn 0.019382725 0.18452348 0.98263699
vn 0.43067065 -0.90204984 0.028790651
vn 0.99122393 -0.12733622 -0.035504498
vn -0.021797884 0.20006484 0.97954017
vn -0.91856408 -0.38925934 -0.068681799
vn -0.91813529 -0.38986155 -0.070961364
vn 0.082445323 0.16548266 0.98276055
vn -0.79596746 -0.60316402 0.051274136
vn 0.019436629 0.18451403 0.98263764
vn 0.25406018 -0.95895159 0.12595759
vn 0.43495607 -0.89417917 0.10609812
vn 0.17483327 0.058711305 0.98284602
vn 0.19041422 0.018694526 0.98152584
vn -0.72072732 0.68998426 0.066886947
vn -0.20574968 -0.00066336495 0.97860444
vn 0.91742814 -0.39018849 0.077965133
vn 0.62659603 -0.76745886 0.13558891
vn -0.035535485 0.19951282 0.97925067
vn -0.17770816 -0.97423756 0.13885599
vn -0.19947276 -0.96982616 0.14017083
vn 0.22208911 0.036617205 0.97433853
vn -0.79102457 -0.60979468 0.049300212
vn -0.77348506 -0.63205653 0.047173426
vn -0.035804201 0.19951142 0.97924113
vn -0.198351 -0.97004467 0.14025058
vn 0.13842571 -0.029404452 0.98993623
vn 0.15169574 -0.05686745 0.98679
vn 0.13842164 -0.029398402 0.98993695
vn 0.13555723 -0.026198803 0.99042308
vn -0.20574778 -0.00065411243 0.97860485
vn 0.91725028 -0.39038527 0.079065353
vn 0.92727643 -0.36549398 0.081071205
vn -0.20302635 0.0053543253 0.97915864
vn 0.70864695 0.70461458 -0.036575872
vn 0.21240777 0.059656899 0.97535837
vn 0.23776114 -0.011579548 0.97125465
vn -0.9772647 -0.14134131 0.15803911
vn -0.96306986 -0.18560925 0.19505298
vn -0.13551606 -0.016710335 0.9906342
vn -0.14393263 -0.030947424 0.98910344
vn -0.14073344 -0.026818709 0.98968422
vn 0.043329246 0.18195902 0.98235101
vn 0.013170741 -0.9058134 0.42347211
vn -0.1303215 0.16442618 0.97774249
vn 0.93372673 -0.33880198 0.11561824
vn 0.93320727 -0.34033465 0.11531063
vn 0.082468703 0.16546735 0.98276114
vn -0.60043794 -0.7849043 0.15296884
vn -0.79422271 -0.59349632 0.13027807
vn -0.98207909 -0.17947245 -0.057535075
vn 0.22574136 0.015086053 0.97407043
vn 0.17512277 -0.054335572 0.98304611
vn -0.98660117 -0.0053817169 0.16306193
vn 0.047435734 0.18197937 0.98215753
vn 0.043347377 0.18405989 0.98195875
vn -0.002539149 -0.99729574 0.073449329
vn -0.19331427 -0.97779495 0.080911025
vn 0.24843518 -0.96830899 0.025645111
vn -0.091875501 0.18302822 0.97880518
vn 0.6647445 -0.72995085 0.15901732
vn 0.064935938 0.17820181 0.98184901
vn -0.58996516 -0.76270682 0.26498944
vn -0.43507311 -0.89797163 0.066017784
vn 0.10398544 -0.19802774 0.97466511
vn -0.9689579 0.24598248 0.024762863
vn -0.98218572 -0.17895786 -0.057317495
vn -0.091924712 0.18300295 0.9788053
vn 0.66487837 -0.73000145 0.15822348
vn 0.66621476 -0.72880244 0.15812923
vn 0.06820859 0.1750638 0.98219156
vn 0.064004757 0.17624854 0.98226261
vn -0.19270362 -0.9771595 0.089580387
vn -0.19447154 -0.97680962 0.089575827
vn -0.42601284 -0.8713299 0.24351034
vn 0.16597609 0.090744101 0.98194575
vn -0.91216356 0.39297351 0.11631606
vn 0.91859192 -0.38981825 -0.065043338
vn 0.91891325 -0.38931772 -0.063483126
vn -0.15723172 -0.056796938 0.9859271
vn -0.14306282 -0.027777649 0.98932374
vn 0.99357229 -0.11248947 -0.012655384
vn 0.94188327 0.33547801 0.017619742
vn -0.18595821 -0.94788361 0.25872037
vn -0.20575227 -0.00066722464 0.9786039
vn 0.91310704 -0.39160934 0.11347967
vn 0.92340761 -0.36593196 0.11581116
vn -0.045772508 0.20054358 0.97861493
vn -0.034834117 0.20374653 0.97840375
vn -0.1809451 -0.96829903 0.17220892
vn -0.20070979 -0.96467865 0.17061871
vn 0.15330943 0.076960914 0.98517674
vn 0.14740863 0.085185468 0.9854005
vn 0.14736922 0.08523801 0.98540187
vn 0.14278917 0.090140723 0.98563987
vn -0.034879591 0.20373344 0.97840488
vn -0.18091349 -0.96810412 0.17333426
vn -0.20018996 -0.96381617 0.176018
vn 0.1428396 0.090087175 0.98563743
vn -0.065601766 0.19501318 0.97860426
vn 0.27189457 -0.9517867 0.14204027
vn 0.27212557 -0.95174146 0.14190097
vn 0.25616676 -0.95265502 0.16378945
vn -0.19972725 0.03369404 0.97927207
vn 0.8147099 0.57218915 0.094060242
vn 0.78935283 0.60330015 0.11380273
vn -0.085231617 -0.2043189 0.97518682
vn 0.94491541 0.32695207 0.015400033
vn 0.94180244 0.33574057 0.016923068
vn -0.066543639 0.19850525 0.97783822
vn -0.074305959 0.19346575 0.97828913
vn 0.27092707 -0.94852132 0.16403012
vn 0.25574803 -0.95159453 0.17047225
vn 0.66644037 -0.72904837 0.15603101
vn 0.15332752 0.076933689 0.98517609
vn -0.2215405 -0.033648718 0.97457045
vn 0.91849124 -0.36677471 0.14781809
vn 0.98567486 -0.00337556 0.16862305
vn 0.13742895 0.10304871 0.98513669
vn 0.11792543 0.13230285 0.98416948
vn 0.11718537 0.13323912 0.98413157
vn 0.12267447 0.12629306 0.98437852
vn 0.13132098 0.11698395 0.98441333
vn 0.13783285 0.11116523 0.98419732
vn 0.13784251 0.11115818 0.98419678
vn 0.14589831 0.10554316 0.98365355
vn 0.14589517 0.10554504 0.98365384
vn 0.16072281 0.097164303 0.98220533
vn 0.19800754 0.078356802 0.9770636
vn -0.13860136 0.075829536 0.98744088
vn -0.14261104 0.077785149 0.98671758
vn -0.15722029 0.079642825 0.98434687
vn -0.15309922 0.085078776 0.98454165
vn -0.14927976 0.089128837 0.98476982
vn -0.19640906 0.072454602 0.97784138
vn -0.19114506 0.082141198 0.97811878
vn 0.91151339 0.39291307 0.12150155
vn 0.22974584 0.061487261 0.97130644
vn 0.13373318 0.076069877 0.9880935
vn 0.13665065 0.095302984 0.98602432
vn 0.13767424 -0.080989443 0.98716086
vn 0.13700491 -0.082319602 0.98714393
vn 0.12452707 -0.02949651 0.99177766
vn 0.1371484 -0.044785976 0.98953754
vn -0.1588944 0.077102721 0.98428029
vn -0.14366762 0.094125196 0.98513961
vn -0.17893326 -0.071591757 0.98125303
vn -0.20355925 -0.011806034 0.97899145
vn 0.98435867 -0.0076753334 0.17600888
vn 0.98617291 -0.0042629284 0.16566476
vn 0.10411134 -0.19799711 0.97465789
vn -0.96889436 0.23899263 0.064235888
vn -0.96081984 0.26830739 0.069544263
vn -0.18124759 -0.080673419 0.98012298
vn 0.19498096 0.081132039 0.97744566
vn -0.13902189 0.074906044 0.98745227
vn -0.1435297 0.094241679 0.98514861
vn 0.025381032 -0.2172772 0.97577989
vn -0.76872247 0.63872474 0.033112008
vn -0.9605487 0.26625991 0.080323212
vn -0.08530958 -0.20429952 0.97518408
vn 0.94440466 0.32878393 0.0010016771
vn 0.9443742 0.32887128 0.0010174422
vn 0.94106394 0.33822772 0.00082090037
vn 0.17512275 -0.054337479 0.983046
vn -0.98543853 -0.0057545714 0.16993453
vn -0.98553401 -0.0046986942 0.16941248
vn 0.13641042 0.095465153 0.9860419
vn -0.020940464 -0.22069323 0.97511846
vn 0.71630365 0.68261373 0.14473282
vn 0.69972003 0.69975162 0.1440122
vn -0.14553005 0.10492465 0.9837743
vn 0.025387857 -0.21727538 0.97578013
vn -0.76938993 0.63734263 0.042820167
vn -0.74707818 0.66300029 0.048008163
vn -0.020945821 -0.22069186 0.97511864
vn 0.69997537 0.69950616 0.14396407
vn 0.12129083 0.1050529 0.98704225
vn -0.19113965 0.082153529 0.97811884
vn 0.91151088 0.39293367 0.12145375
vn -0.045996159 0.14044562 0.98901939
vn 0.093629636 -0.16029958 0.98261768
vn 0.12122968 -0.11471625 0.98597342
vn 0.097167104 -0.1331501 0.98632127
vn 0.11801407 -0.085392572 0.98933351
vn 0.077177092 -0.13271378 0.98814511
vn 0.097161554 -0.13314861 0.98632199
vn 0.097171329 -0.13314608 0.98632139
vn -0.17893322 -0.07159476 0.98125279
vn 0.98613542 -0.0069316891 0.16579778
vn 0.98410684 -0.010262446 0.17728072
vn -0.13964048 0.06974493 0.98774296
vn -0.13683203 0.076032922 0.98767203
vn -0.10871121 0.11743043 0.98711294
vn 0.073921897 -0.12725438 0.98911166
vn 0.093411185 -0.12665997 0.98753816
vn 0.085280612 -0.16459732 0.98266727
vn 0.10500795 -0.17940079 0.97815573
vn 0.052567795 -0.14739363 0.98767996
vn 0.053118542 -0.14758042 0.98762262
vn 0.042985715 -0.14422336 0.98861104
vn 0.038494222 -0.14331609 0.98892808
vn 0.039057065 -0.14334509 0.98890179
vn 0.040772025 -0.15844017 0.98652643
vn -0.063131981 -0.18392102 0.98091149
vn -0.068456173 -0.10023427 0.9926061
vn 0.13815399 -0.080845982 0.98710555
vn 0.137655 -0.082311884 0.98705411
vn 0.13182105 -0.099499725 0.98626721
vn 0.13180719 -0.099527314 0.98626626
vn -0.063403092 -0.17506124 0.9825139
vn -0.063709863 -0.15271518 0.98621452
vn -0.036436673 -0.15397695 0.98740238
vn -0.068455532 -0.10023476 0.9926061
vn 0.1878852 -0.082127005 0.97875142
vn 0.17978074 -0.091217481 0.97946835
vn -0.98793399 -0.0087112747 0.15463021
vn -0.98791075 -0.0089894896 0.1547628
vn -0.068700992 -0.10024051 0.99258852
vn -0.087309405 -0.13194104 0.987405
vn -0.11542007 -0.10143447 0.98812413
vn 0.131735 0.0751087 0.98843539
vn 0.083621919 0.12567484 0.98854095
vn 0.029476557 -0.15665253 0.98721379
vn -0.14309311 -0.08214359 0.98629445
vn -0.13700993 -0.099794902 0.98552996
vn -0.13729772 -0.099214926 0.98554844
vn -0.13308372 -0.10549828 0.98547393
vn -0.083398849 -0.13365686 0.98751229
vn -0.11633681 -0.038365878 0.99246854
vn -0.12475806 -0.044732723 0.99117827
vn -0.14309311 -0.082143873 0.98629445
vn -0.74949247 0.65499395 0.096145473
vn -0.013112573 -0.23070812 0.97293466
vn -0.39287403 0.90700889 0.15160757
vn -0.3922582 0.90739805 0.15087187
vn -0.020978559 -0.22068018 0.9751206
vn 0.71573502 0.69016349 0.10676029
vn 0.7147786 0.69112313 0.10695984
vn 0.69980413 0.70606494 0.10838094
vn 0.012999539 -0.23284902 0.972426
vn 0.31992161 0.93338037 0.16263846
vn 0.31423649 0.93631238 0.15676279
vn -0.035721552 -0.15417013 0.98739839
vn -0.048972644 -0.16373365 0.98528826
vn 0.11843012 -0.16970856 0.97835237
vn 0.06845507 -0.20165038 0.97706246
vn 0.075691782 -0.20212442 0.97643048
vn -0.49932888 0.84806615 0.17735407
vn -0.49334946 0.85157669 0.17726672
vn -0.49369901 0.85155731 0.17638437
vn 0.029550651 -0.15664729 0.98721242
vn 0.04230376 0.13896857 0.98939282
vn 0.012952818 -0.23282829 0.9724316
vn 0.31979972 0.93451291 0.15624911
vn 0.31418282 0.93667132 0.15471268
vn 0.07565929 -0.20212404 0.9764331
vn -0.49921638 0.84810919 0.17746502
vn -0.049005844 0.13657163 0.98941731
vn -0.013133179 -0.2307173 0.97293222
vn -0.39281651 0.90703273 0.15161413
vn 0.047401272 -0.20474313 0.97766733
vn -0.010652203 -0.22153457 0.97509432
vn -0.16173951 0.96844453 0.18961944
vn -0.16468155 0.9685055 0.18675399
vn 0.04604163 0.13799307 0.98936248
vn 0.1506689 0.097319089 0.98378241
vn 0.15985247 0.076393023 0.98418051
vn -0.91275543 0.39263269 0.11277022
vn -0.91233683 0.39316139 0.11430492
vn 0.047377281 -0.20474832 0.97766739
vn -0.16469227 0.96850365 0.18675409
vn 0.017572949 -0.16011515 0.98694193
vn 0.12672356 0.15104307 0.98037094
vn 0.72813016 -0.68542957 0.0035704128
vn -0.16212361 0.96982813 0.1820695
vn -0.49914351 0.84811312 0.17765087
vn 0.11844397 -0.16970488 0.97835129
vn -0.49351934 0.85183251 0.17555629
vn -0.49382207 0.85165644 0.17555931
vn -0.14830987 -0.025858186 0.98860282
vn 0.0069375592 -0.22085893 0.97528106
vn -0.047383863 -0.2061647 0.97736937
vn 0.087473735 0.9798373 0.17963085
vn -0.39238751 0.90716988 0.15190414
vn -0.029255178 -0.16031876 0.98663163
vn -0.047383901 -0.2061647 0.97736937
vn 0.087318875 0.97960967 0.18094292
vn 0.089442514 0.97940725 0.18100128
vn -0.061473791 -0.20405914 0.97702652
vn -0.12151511 -0.19951661 0.97233081
vn 0.49417844 0.85043067 0.18043087
vn 0.29422021 0.9377352 0.18462698
vn 0.29484805 0.93738765 0.18538897
vn 0.089192927 0.97906637 0.18295796
vn -0.072018906 -0.19909859 0.97732955
vn -0.10682262 -0.17424181 0.97889155
vn 0.49412057 0.85048568 0.1803301
vn -0.10682674 -0.17423967 0.97889149
vn 0.49431995 0.85070491 0.17874263
vn 0.49394649 0.85078853 0.17937587
vn 0.49399409 0.85076112 0.17937504
vn 0.1685451 -0.1147324 0.97899389
vn -0.91487551 0.37672809 0.14518528
vn -0.92129976 0.34497508 0.17944063
vn -0.98804319 -0.0089140171 0.15391935
vn 0.017630935 -0.16008452 0.98694587
vn 0.11842939 -0.16970564 0.97835296
vn -0.49368313 0.85202605 0.17415121
vn -0.49365464 0.85204273 0.17415002
vn -0.4940362 0.85206264 0.17296673
vn -0.10682333 -0.17424048 0.97889173
vn 0.49438518 0.8508358 0.17793755
vn 0.49413726 0.85098058 0.17793374
vn -0.8145746 -0.57941103 -0.027405854
vn -0.81965274 -0.57247281 -0.021079466
vn 0.11843897 -0.16970597 0.97835171
vn -0.49414015 0.85204083 0.17277709
vn -0.16943131 -0.17569152 0.96975541
vn 0.49430194 0.85121846 0.17633115
vn 0.4896149 0.85393572 0.1762699
vn 0.49428806 0.85122955 0.17631678
vn 0.16855042 -0.11471581 0.97899491
vn -0.91873562 0.37999535 0.10737043
vn -0.92615414 0.34857154 0.14400147
vn -0.12730475 -0.17449959 0.97639304
vn -0.16004218 -0.15914598 0.97419661
vn 0.48949119 0.85401195 0.17624395
vn 0.12471019 -0.17020912 0.97748464
vn 0.15681286 -0.23606452 0.95900118
vn 0.15979317 -0.15590191 0.9747619
vn -0.49414414 0.85203916 0.17277384
vn 0.14307116 -0.02567523 0.98937929
vn 0.16448201 -0.14347555 0.97588956
vn -0.60164869 0.77836198 0.17936413
vn 0.16854955 -0.11472095 0.97899449
vn -0.918841 0.37997547 0.10653593
vn -0.93036777 0.35102248 0.10582573
vn -0.63083059 0.74328989 0.22264986
vn -0.040910669 -0.16259977 0.9858436
vn -0.027248286 -0.1656263 0.98581207
vn -0.18872362 -0.082334667 0.97857261
vn -0.17734958 -0.10463218 0.97856998
vn 0.98717165 -0.0087725893 0.15942131
vn 0.97726917 0.12476531 0.17140165
vn -0.16619095 -0.16995947 0.97133636
vn -0.16663022 -0.15659223 0.97350568
vn 0.48970875 0.85409564 0.17523128
vn 0.48927304 0.85427701 0.17556383
vn -0.050148107 0.13710406 0.98928642
vn 0.027774811 -0.16889563 0.98524255
vn 0.019869113 -0.1681256 0.9855653
vn 0.020064943 -0.16859624 0.98548096
vn -0.071139753 0.21478948 0.97406602
vn -0.66852117 -0.74228823 -0.045690898
vn -0.69809973 -0.71552008 -0.026224252
vn -0.049294751 0.13420144 0.98972726
vn -0.16974238 -0.12447445 0.97759587
vn 0.76426542 0.61697227 0.18773279
vn 0.78685933 0.59761614 0.15397196
vn -0.16974016 -0.12448585 0.97759479
vn 0.76906627 0.62035626 0.1539323
vn 0.79087412 0.60051262 0.11790995
vn -0.16976605 -0.1244117 0.97759974
vn 0.77190417 0.62477857 0.11754048
vn 0.79100609 0.60050094 0.11708104
vn 0.96257645 0.16475081 0.21518315
vn -0.11357279 -0.18564461 0.97603142
vn -0.11357228 -0.18564445 0.97603148
vn -0.038555816 -0.13105144 0.99062556
vn -0.068669058 -0.16414724 0.98404282
vn -0.046317879 -0.138344 0.98930055
vn -0.040770587 -0.13292968 0.99028653
vn -0.11357909 -0.18564001 0.97603154
vn -0.11357386 -0.18564463 0.9760313
vn -0.028476695 -0.16840452 0.98530656
vn -0.032133099 -0.17140302 0.98467684
vn -0.038664259 -0.1722132 0.98430061
vn 0.91193372 0.3929894 0.11805168
vn -0.071091883 0.21481954 0.97406286
vn -0.67321247 -0.73920333 -0.019062793
vn -0.70433414 -0.70970684 0.015151498
vn -0.043143705 -0.16191046 0.9858619
vn 0.037135385 -0.16229306 0.98604357
vn 0.1394342 0.15819448 0.97751349
vn 0.32764447 -0.94021314 0.09299653
vn 0.72740686 -0.68613344 0.010010352
vn 0.13946961 0.1582249 0.97750354
vn 0.32706937 -0.9405579 0.091523252
vn 0.33198386 -0.9389267 0.090572327
vn 0.21209618 -0.080499075 0.97392768
vn 0.23405118 0.048499189 0.97101384
vn 0.23404898 0.048502676 0.9710142
vn 0.24965349 -0.067247249 0.9659974
vn 0.22673917 0.075920343 0.97099197
vn 0.22674173 0.075917237 0.97099161
vn 0.21598084 0.10284655 0.97096592
vn 0.21598193 0.10284552 0.9709658
vn 0.15069479 0.097335301 0.98377687
vn 0.20480886 0.12327438 0.97100812
vn -0.91281557 0.39260146 0.11239134
vn -0.91261107 0.39304227 0.11251153
vn 0.15844445 0.17950603 0.97091347
vn 0.12479768 0.19955462 0.97190714
vn 0.32624137 -0.94137639 0.085889988
vn 0.33179969 -0.93912327 0.089199103
vn 0.14054161 0.19447932 0.97078621
vn 0.14054355 0.19447885 0.97078604
vn 0.11449414 0.21111642 0.97073215
vn 0.11449192 0.21111666 0.97073239
vn -0.14117649 0.17350705 0.97466123
vn -0.25463513 -0.96187687 0.099768832
vn -0.28082281 -0.95420885 0.10307258
vn 0.087792225 0.2237256 0.97069013
vn 0.087789282 0.22372565 0.97069043
vn 0.06125984 0.23261543 0.97063756
vn 0.061263915 0.2326158 0.9706372
vn -0.19488013 0.10524721 0.975164
vn -0.21508721 0.071665987 0.97396177
vn 0.91211939 0.39259124 0.11794187
vn 0.034697756 0.23824656 0.97058469
vn 0.034693543 0.23824574 0.97058505
vn -0.032020353 0.20000653 0.97927117
vn 0.034965202 0.23821941 0.97058177
vn 0.20658588 0.11558224 0.97157758
vn -0.97165 0.18431839 0.14806411
vn -0.14118662 0.1735014 0.97466075
vn -0.28092086 -0.95418203 0.10305376
vn 0.1532242 0.18454319 0.97080696
vn -0.090377696 -0.9797098 0.17888689
vn -0.021803712 0.20005926 0.97954118
vn 0.1532452 0.18453279 0.97080564
vn -0.090655178 -0.98001337 0.1770746
vn -0.086204208 -0.98052174 0.17648228
vn -0.19089752 0.12618028 0.97346634
vn 0.98381621 0.049056359 0.17233425
vn 0.91200858 0.39298332 0.1174923
vn 0.20428073 0.13222718 0.9699409
vn -0.97039491 0.1661578 0.1752862
vn -0.99165839 -0.04720686 0.11993811
vn 0.20351517 0.13180353 0.97015947
vn 0.20453845 0.13037302 0.9701376
vn -0.99166638 -0.046696432 0.12007195
vn 0.035502046 -0.13463908 0.99025851
vn 0.20349211 0.13183804 0.97015965
vn -0.98335087 0.15590848 0.093346454
vn -0.99193853 -0.047022268 0.11767258
vn 0.039032638 -0.15587784 0.98700482
vn -0.043374218 -0.16121453 0.98596579
vn -0.16080675 0.16666025 0.97281319
vn 0.18566976 -0.97067279 0.15271254
vn -0.26128581 -0.95461833 0.14294602
vn 0.14943269 0.12965506 0.98023438
vn -0.16075368 0.16667719 0.97281909
vn 0.18525712 -0.97064835 0.15336767
vn 0.21322866 -0.96434021 0.15678491
vn 0.17626423 0.17592663 0.96849406
vn -0.49892664 -0.84216237 0.20453531
vn -0.086997323 -0.98140711 0.17108916
vn 0.31909657 0.0085970303 0.94768322
vn 0.22606844 -0.084363118 0.97045141
vn 0.1677449 0.17880403 0.96947962
vn 0.17382713 0.17186792 0.96966261
vn -0.49832392 -0.84209591 0.20627101
vn -0.50302225 -0.83922058 0.20658518
vn 0.17387795 0.17181343 0.96966314
vn -0.49858025 -0.84191447 0.2063923
vn 0.19156009 0.15462703 0.96922404
vn -0.96620679 -0.11641528 0.2299825
vn -0.84139276 -0.51459998 0.16506071
vn 0.19155578 0.15463567 0.9692235
vn -0.82448679 -0.54106724 0.16573395
vn -0.83440781 -0.50876707 0.21194264
vn -0.15702917 0.12668249 0.97943527
vn -0.24074072 -0.035404287 0.96994352
vn -0.19890164 -0.011492897 0.97995204
vn -0.24014375 -0.072823256 0.96800196
vn -0.22791949 -0.084611468 0.96999669
vn -0.11708276 -0.083763532 0.98958337
vn -0.19889508 0.014071248 0.97991979
vn 0.19149028 0.15484039 0.96920377
vn -0.83352685 -0.51018095 0.21201035
vn 0.19052246 0.15787746 0.9689045
vn -0.50166845 -0.83800757 0.21464406
vn 0.12946706 -0.098519988 0.98667729
vn -0.16090731 0.16667394 0.97279423
vn 0.20720479 -0.95669842 0.2044365
vn 0.20706087 -0.95673358 0.20441774
vn 0.1765534 -0.96161324 0.21006885
vn -0.13531634 -0.098843113 0.98585981
vn -0.18357545 0.1669621 0.9687227
vn 0.59813362 -0.77759111 0.19387674
vn -0.19216496 0.14743422 0.97022462
vn 0.88210839 -0.41779223 0.21756478
vn 0.98428094 0.049737174 0.16946176
vn -0.18613404 0.14452329 0.97183698
vn -0.19147521 0.14174308 0.97120857
vn 0.8822515 -0.41775504 0.21705531
vn 0.8827889 -0.41664872 0.21699671
vn -0.17438918 0.15470023 0.97244859
vn -0.16621168 0.16408257 0.97234285
vn 0.60800797 -0.76494324 0.21257506
vn 0.59545904 -0.77440143 0.21384804
vn -0.17430563 0.15479006 0.97244924
vn 0.60757172 -0.76473886 0.21454839
vn 0.59384733 -0.77381909 0.22033919
vn 0.88300604 -0.41685709 0.21570939
vn -0.15806548 0.12811862 0.97908169
vn 0.21278679 -0.008527806 0.97706145
vn 0.21260293 -0.042426609 0.97621715
vn -0.15766701 0.12762921 0.97920984
vn -0.15304413 0.13367002 0.9791373
vn -0.15511084 0.12549105 0.97989416
vn -0.15086938 0.12361109 0.98079497
vn -0.15270014 0.12417538 0.98044026
vn -0.15237154 0.12399731 0.98051393
vn -0.085783325 0.12702401 0.98818326
vn -0.1411842 0.12318814 0.98228902
vn -0.15019898 0.12354305 0.98090643
vn 0.22355232 -0.15903677 0.96162969
vn -0.15158013 0.12809433 0.98010987
vn -0.19370735 -0.15796854 0.9682579
vn -0.22601864 -0.14375018 0.96345806
vn -0.017360777 0.27525085 0.96121567
vn -0.0171485 0.27525178 0.96121919
vn -0.017148504 0.27525184 0.96121919
vn -0.027014287 0.28423035 0.95837539
vn -0.062808655 0.27905998 0.95821738
vn -0.06280794 0.27905986 0.9582175
vn -0.10190624 0.26757944 0.95813173
vn -0.017360866 0.27525091 0.96121567
vn -0.10190003 0.26757911 0.95813245
vn -0.13896288 0.25065324 0.95805126
vn -0.13896796 0.25065279 0.95805067
vn -0.17325149 0.22862001 0.95797539
vn -0.17324819 0.2286208 0.9579758
vn -0.20403779 0.20194143 0.95790827
vn -0.20404185 0.20193984 0.95790774
vn -0.2307246 0.17114586 0.95784926
vn -0.23072697 0.1711445 0.95784897
vn -0.25275376 0.13687006 0.95780069
vn -0.25275317 0.13687055 0.95780075
vn -0.26968232 0.099800803 0.95776367
vn -0.26967981 0.099803388 0.95776409
vn -0.28115949 0.060706832 0.957739
vn -0.28695998 0.020373143 0.95772588
vn -0.2811625 0.060702674 0.9577384
vn -0.28696039 0.02037368 0.95772576
vn -0.28700379 -0.010477819 0.95787215
vn -0.15349321 0.12761785 0.97987425
vn 0.065693907 -0.3104324 0.94832277
vn -0.010567173 -0.20961934 0.97772598
vn -0.069146343 -0.30914149 0.94849896
vn 0.0068474007 -0.20961836 0.9777593
vn 0.21280062 -0.0085268049 0.97705841
vn 0.21277322 -0.008534926 0.97706431
vn 0.30567098 0.032637782 0.95157766
vn 0.30132052 0.062317014 0.95148438
vn 0.30132487 0.062311221 0.95148337
vn 0.29193452 0.097527318 0.95145291
vn 0.29193455 0.097527288 0.95145291
vn 0.27811328 0.13212059 0.95141852
vn 0.27811185 0.13212173 0.95141876
vn 0.25993994 0.16528912 0.9513731
vn 0.25993487 0.16529216 0.95137393
vn 0.23753181 0.19638181 0.9513216
vn 0.23754047 0.19637802 0.95132023
vn 0.21130724 0.22461085 0.95126194
vn 0.21130396 0.22461182 0.95126241
vn 0.18120062 0.24983342 0.95118326
vn 0.18119477 0.24983428 0.95118415
vn 0.14772217 0.27121308 0.95111597
vn 0.14773284 0.27121282 0.95111442
vn 0.1134324 0.28741255 0.95106632
vn 0.11342779 0.28741226 0.95106697
vn 0.079346985 0.2988345 0.95100051
vn 0.079353735 0.29883566 0.95099962
vn 0.045235537 0.30606788 0.95093435
vn 0.045218058 0.306063 0.95093679
vn 0.035030741 0.30710217 0.95103163
vn -0.017361049 0.27524722 0.96121669
vn 0.21261674 -0.042426843 0.97621417
vn 0.12173285 -0.25076517 0.96036345
vn 0.043392215 -0.24794467 0.96780193
vn -0.037673298 0.27510089 0.96067697
vn -0.062897481 -0.29182598 0.95440114
vn -0.013540748 -0.24661495 0.96901894
vn -0.08795128 -0.24991769 0.96426433
vn -0.12509459 -0.23474237 0.96397477
vn 0.2125894 -0.042424552 0.97622019
vn -0.28700304 -0.010477754 0.95787239
vn -0.32884145 -0.048291475 0.94314963
vn -0.29875851 -0.077309005 0.95119226
vn -0.2869592 0.020374911 0.95772612
vn 0.34721982 -0.01531556 0.93765867
vn 0.29879585 -0.053218503 0.95283198
vn 0.34707257 -0.032901138 0.93726099
vn 0.19280034 -0.14104912 0.97104746
vn 0.29540992 -0.14797102 0.94384193
vn -0.27538103 -0.14701919 0.95002663
vn -0.29646087 -0.13786311 0.94504219
vn 0.009191351 -0.29234424 0.95626897
vn 0.18813227 -0.2374614 0.9530049
vn 0.085881658 -0.23211358 0.96888989
vn -0.15859307 -0.23646164 0.95861053
vn -0.19049059 -0.22361501 0.9558816
vn -0.0065984195 0.35256457 0.93576419
vn -0.016669456 0.35252854 0.93565255
vn -0.016668689 0.35251772 0.93565667
vn -0.016666146 0.35251176 0.93565893
vn -0.051969748 0.37858775 0.92410523
vn -0.083371483 0.37393275 0.92370099
vn -0.083367653 0.37393159 0.92370176
vn -0.13575333 0.35854983 0.92358702
vn -0.13575722 0.35855043 0.92358625
vn -0.18542393 0.33586827 0.92347741
vn -0.1854261 0.33586827 0.92347693
vn -0.23135981 0.30634815 0.92337614
vn -0.0065935664 0.3525537 0.93576837
vn -0.23135477 0.30634883 0.92337716
vn -0.27261946 0.27059287 0.92328662
vn -0.27261874 0.27059308 0.92328674
vn -0.30837512 0.22932799 0.92320824
vn -0.30837306 0.22932892 0.92320871
vn -0.33788952 0.18340054 0.92314404
vn -0.33789012 0.18340015 0.92314386
vn -0.36057249 0.13373306 0.92309421
vn -0.36057484 0.13373105 0.92309362
vn -0.37595785 0.08134032 0.92305982
vn -0.38372511 0.027301159 0.92304373
vn -0.37595466 0.081343964 0.92306083
vn -0.38372523 0.027301226 0.92304367
vn -0.38348418 -0.044717629 0.92246419
vn 0.34722191 -0.015315411 0.93765795
vn 0.34722158 -0.015315494 0.93765807
vn 0.38065541 0.078597412 0.92137069
vn 0.38065916 0.07859312 0.92136949
vn 0.38667384 0.037503053 0.92145365
vn 0.36881033 0.12300538 0.9213298
vn 0.36881217 0.12300375 0.92132926
vn 0.35138002 0.1666366 0.92128408
vn 0.35137552 0.16663967 0.92128521
vn 0.3284587 0.20847075 0.92122465
vn 0.32845882 0.20847069 0.92122459
vn 0.3001976 0.24768513 0.92115879
vn 0.30020109 0.2476839 0.92115796
vn 0.26711616 0.28328434 0.92108572
vn 0.26711971 0.28328356 0.92108494
vn 0.22914796 0.31509966 0.92097962
vn 0.22913617 0.31510049 0.92098224
vn 0.18692462 0.34206575 0.92089641
vn 0.18693024 0.34206605 0.92089516
vn 0.14367674 0.36249694 0.9208436
vn 0.14367887 0.36249724 0.92084318
vn 0.10068892 0.37690771 0.92076182
vn 0.10068671 0.37690717 0.9207623
vn 0.27040911 -0.22823021 0.93530202
vn 0.1581746 -0.2210094 0.96235943
vn 0.27601838 -0.13608748 0.95146942
vn 0.057664018 0.38603193 0.92068136
vn 0.057660878 0.38603082 0.92068207
vn -0.0065938593 0.35254779 0.93577057
vn 0.039967027 0.38785958 0.92085153
vn -0.25273034 -0.22750621 0.94040859
vn -0.27088657 -0.22021751 0.93708307
vn 0.34707463 -0.032901201 0.93726021
vn -0.38372779 0.02729821 0.92304265
vn -0.38379136 -0.020348493 0.9231956
vn -0.36201915 -0.042662896 0.93119389
vn 0.38611439 -0.036678679 0.9217214
vn 0.38198718 -0.144521 0.91279763
vn 0.34693831 -0.043185778 0.93689317
vn 0.3265599 -0.063777514 0.94302231
vn -0.38387537 -0.069459811 0.92076874
vn -0.3771638 -0.14416593 0.91485715
vn -0.38063034 -0.14262849 0.91366166
vn 0.0031699492 -0.29126468 0.95663726
vn -0.0044389302 -0.29236564 0.95629632
vn 0.0031627496 -0.29126877 0.95663601
vn 0.0092557501 -0.28746513 0.95774639
vn 0.0013879837 -0.29236436 0.95630598
vn -0.012947271 -0.28918228 0.95718652
vn -0.021092013 -0.28184292 0.95922869
vn -0.021088049 -0.28184506 0.95922816
vn 0.037264515 -0.29558948 0.954588
vn 0.037265722 -0.29558954 0.95458794
vn 0.09477438 -0.28404474 0.95411551
vn 0.094699033 -0.28406158 0.95411795
vn 0.083867557 -0.28741673 0.95412678
vn -0.074646436 -0.28731835 0.95492202
vn -0.022567246 -0.28970784 0.95684904
vn -0.086776607 -0.28107998 0.95575303
vn -0.074655466 -0.28731677 0.95492178
vn -0.074658915 -0.28731582 0.95492184
vn 0.00081389199 0.435947 0.89997196
vn -0.020510692 0.43586972 0.89977604
vn 0.1546258 -0.28451464 0.94611961
vn 0.17019749 -0.27344853 0.94670939
vn 0.097050548 -0.29067856 0.95188612
vn 0.097048506 -0.29067844 0.95188636
vn -0.14706871 -0.27607667 0.94981706
vn -0.15676211 -0.26904008 0.95028579
vn -0.14707495 -0.27607256 0.9498173
vn -0.072361894 -0.28010958 0.95723683
vn 0.34144875 -0.23582496 0.9098348
vn 0.41885084 -0.2064525 0.88427448
vn 0.37327942 -0.22904032 0.89900112
vn 0.38061094 -0.22789863 0.89621288
vn 0.25423518 -0.21888486 0.94204772
vn 0.37985381 -0.14313005 0.9139064
vn -0.38975948 -0.21021679 0.89660275
vn -0.37147853 -0.22011334 0.90197217
vn -0.33043084 -0.22466557 0.91670108
vn -0.3897815 -0.21020651 0.89659554
vn 0.43675259 0.028944563 0.89911592
vn 0.43682915 -0.022079641 0.89927346
vn 0.43674931 0.028944327 0.89911747
vn 0.43676555 0.028947899 0.89910948
vn 0.48749748 0.048304919 0.87178713
vn 0.48004305 0.098981082 0.87164295
vn 0.48004171 0.098982438 0.87164354
vn 0.46511811 0.15491773 0.87158799
vn 0.46512333 0.1549136 0.87158597
vn 0.44316325 0.20986979 0.87152797
vn 0.44316334 0.20986973 0.87152797
vn 0.41429847 0.26254562 0.87145084
vn 0.41429403 0.26254755 0.87145239
vn 0.43682584 -0.02207971 0.89927506
vn 0.37870312 0.31193486 0.8713671
vn 0.37870687 0.31193379 0.87136585
vn 0.33704841 0.35676658 0.87127262
vn 0.3370437 0.35676733 0.87127411
vn 0.28920332 0.39683574 0.87113881
vn 0.28920603 0.39683571 0.87113792
vn 0.25020719 -0.27152094 0.92933995
vn 0.17645635 -0.28681028 0.94159597
vn 0.17647088 -0.28681132 0.94159293
vn 0.23605724 0.4307873 0.87103343
vn 0.23604614 0.4307861 0.87103707
vn 0.18156923 0.45653743 0.87098002
vn 0.18158787 0.45654106 0.87097424
vn 0.12745926 0.47468984 0.87087524
vn 0.12743902 0.47468364 0.87088156
vn 0.073236063 0.48618039 0.87078416
vn 0.073255099 0.48618832 0.87077814
vn 0.00080884009 0.43594009 0.89997536
vn 0.00081927283 0.43605471 0.89991981
vn 0.0098236641 0.49227586 0.8703838
vn 0.08181978 0.52544641 0.84688342
vn -0.14357564 -0.26799151 0.95266289
vn -0.25058955 -0.25586006 0.93367046
vn -0.28485745 -0.19862634 0.9377653
vn -0.23231584 -0.26608723 0.93553561
vn -0.020515325 0.43597913 0.89972293
vn -0.020507118 0.43586287 0.89977944
vn -0.054019336 0.49005991 0.87001336
vn -0.10681035 0.48224309 0.86950165
vn -0.10681307 0.48224443 0.86950058
vn -0.17437448 0.4624064 0.86935258
vn -0.49163944 -0.025549723 0.87042397
vn -0.49421719 -0.028934602 0.86885679
vn -0.494268 -0.028940337 0.8688277
vn -0.49023283 -0.080091856 0.86790383
vn -0.17436945 0.46240473 0.86935443
vn -0.23842788 0.43315023 0.869214
vn 0.43684211 -0.022081519 0.89926714
vn 0.49561632 -0.037035868 0.8677516
vn 0.49435475 -0.080760509 0.86550051
vn -0.23842302 0.43314937 0.86921579
vn -0.29765946 0.39508066 0.86908579
vn -0.29765984 0.39508066 0.86908567
vn -0.35087597 0.3489686 0.8689689
vn -0.35087866 0.3489683 0.86896795
vn -0.39698836 0.29575446 0.8688668
vn -0.39698532 0.29575527 0.86886793
vn -0.43505341 0.23652098 0.86878443
vn -0.43506017 0.23651816 0.86878181
vn -0.46431082 0.1724668 0.86871785
vn -0.46430659 0.17246932 0.86871958
vn -0.48414549 0.10490523 0.86867601
vn -0.49411777 0.035202179 0.86868203
vn -0.48414576 0.104905 0.86867589
vn -0.49416706 0.035207625 0.86865371
vn -0.49416858 0.035206065 0.86865294
vn -0.49113485 -0.081290096 0.86728227
vn -0.47421092 -0.1508134 0.86739802
vn -0.48818919 -0.13707592 0.86190575
vn 0.44541892 -0.18484147 0.87603402
vn 0.49262995 -0.13891108 0.85908055
vn 0.49565893 -0.082515731 0.86458856
vn 0.51120436 -0.15434887 0.84548599
vn 0.53722507 0.0066509834 0.8434127
vn 0.53723371 0.0034808575 0.84342623
vn -0.031140326 0.52704978 0.84926367
vn 0.37493038 -0.28231162 0.88302171
vn 0.27410585 -0.29181045 0.91635835
vn 0.27406085 -0.29180697 0.91637295
vn 0.37493989 -0.2823025 0.88302058
vn -0.50222683 -0.18887861 0.8438561
vn -0.5011903 -0.19965334 0.84198982
vn -0.51041055 -0.17293294 0.84236288
vn -0.47979179 -0.21115738 0.85159403
vn -0.47979057 -0.21115807 0.85159457
vn -0.40003538 -0.22253273 0.88907307
vn -0.47980443 -0.21115276 0.85158807
vn -0.32813278 -0.26156461 0.90769643
vn -0.32813913 -0.26150319 0.90771186
vn -0.32813397 -0.26150703 0.90771258
vn 0.44726807 -0.23864353 0.86197478
vn 0.51442796 -0.21396871 0.8304103
vn 0.51443321 -0.21396528 0.83040792
vn 0.44724581 -0.23864162 0.86198688
vn 0.44726887 -0.23864326 0.86197442
vn 0.50229168 -0.24392952 0.82957906
vn -0.15041575 -0.28375727 0.9470253
vn -0.10663088 -0.38820589 0.91538298
vn 0.11725902 -0.34796229 0.93014652
vn 0.17396586 -0.28149545 0.94366103
vn -0.10663883 -0.38817713 0.91539425
vn 0.068197995 -0.20878659 0.97558045
vn 0.12518151 -0.31928948 0.93935287
vn 0.068181701 -0.20878533 0.97558182
vn 0.065060019 -0.31276992 0.9475981
vn 0.10508248 -0.31324732 0.94383991
vn 0.041230906 -0.31275281 0.94893926
vn -0.01796094 -0.10700858 0.99409586
vn -0.12838018 -0.11716615 0.98477948
vn -0.082173705 -0.31111526 0.94681293
vn -0.016259251 -0.30933848 0.950813
vn -0.12038508 -0.31455177 0.94157559
vn -0.19292299 -0.30174404 0.93366551
vn -0.096407406 -0.31474197 0.94426852
vn -0.027411047 -0.31498173 0.9487018
vn 0.11688149 -0.31582114 0.9415921
vn 0.11691271 -0.31581649 0.94158977
vn 0.12546688 -0.31427023 0.941006
vn -0.25118819 -0.2905727 0.92329407
vn -0.19413665 -0.38484573 0.90233296
vn -0.096714616 -0.30544293 0.94728607
vn -0.021282278 -0.30002972 0.95369244
vn -0.024657652 -0.30048254 0.95346856
vn -0.19416662 -0.38480243 0.90234494
vn 0.11748974 -0.30098841 0.94636256
vn 0.039014783 -0.30317143 0.95213705
vn 0.17398272 -0.28149676 0.94365758
vn -0.25479499 -0.30667511 0.91707683
vn 0.21150081 -0.36208969 0.90783173
vn 0.25845629 -0.29181829 0.92089218
vn 0.03292197 -0.30440387 0.95197397
vn 0.0046529029 -0.30560738 0.95214623
vn 0.27752104 -0.29771435 0.91342664
vn 0.0033609855 -0.29310533 0.95607424
vn 0.032932207 -0.30328676 0.95233011
vn 0.032936107 -0.30328691 0.95232993
vn -0.021295264 -0.30082676 0.95344102
vn -0.024740601 -0.30094144 0.95332164
vn -2.6619649e-05 -0.30139729 0.95349866
vn 0.00085174432 -0.30073982 0.95370585
vn -0.037466347 -0.29225379 0.95560664
vn -0.0042632446 -0.30073744 0.95369744
vn -0.3454552 -0.28698185 0.89347756
vn -0.34539923 -0.28698921 0.89349681
vn 0.27756208 -0.2977097 0.91341567
vn 0.38038111 -0.28996608 0.87819695
vn -0.37910199 -0.28922644 0.87899357
vn -0.3531124 -0.29844454 0.88670319
vn 0.38039845 -0.28996718 0.87818909
vn -0.29894906 -0.32351395 0.89775729
vn -0.19088474 -0.33193472 0.92378694
vn -0.19087361 -0.3319346 0.92378932
vn -0.19089355 -0.33193606 0.92378467
vn -0.24690069 -0.33546859 0.90912092
vn 0.21271598 -0.33393392 0.91828102
vn 0.32356298 -0.31954896 0.89061522
vn 0.25422353 -0.33509201 0.90723962
vn 0.21270756 -0.33393347 0.91828316
vn 0.21271333 -0.33393386 0.91828167
vn -0.35306522 -0.29844868 0.88672054
vn 0.38224918 -0.29255006 0.87652725
vn 0.3881059 -0.291731 0.87422353
vn -0.45431715 -0.28916669 0.84260225
vn 0.49341479 -0.2924099 0.81916928
vn 0.61548573 0.12503771 0.77816635
vn 0.61548233 0.1250442 0.77816802
vn 0.61401582 0.1264549 0.77909803
vn 0.53722972 0.006651321 0.84340972
vn 0.6193648 0.024704831 0.78471458
vn 0.62466836 0.052805737 0.77910268
vn 0.61546272 0.12517525 0.77816248
vn 0.59518343 0.19799332 0.77881664
vn 0.59610581 0.19631113 0.77853698
vn 0.59613645 0.19620551 0.77854013
vn -0.48263791 -0.29077336 0.82614255
vn -0.46016324 -0.29655951 0.83684063
vn 0.56362373 0.26657912 0.78183365
vn 0.56975818 0.26271328 0.7786895
vn 0.59483898 0.19577587 0.7796399
vn 0.56974995 0.26272914 0.77869016
vn 0.53187662 0.33658355 0.77705777
vn 0.5372802 0.32718363 0.77735502
vn 0.53075349 0.32321084 0.78347653
vn 0.49426547 0.38907024 0.7773841
vn 0.4861722 0.39984217 0.77702177
vn 0.53077328 0.32316008 0.78348404
vn 0.4435966 0.44572622 0.77752829
vn 0.44360873 0.44571352 0.77752858
vn 0.44359919 0.44571972 0.77753049
vn 0.4256987 0.44987589 0.78510654
vn 0.48676765 0.38318831 0.78499937
vn 0.4867667 0.38319108 0.7849986
vn 0.36396939 0.49850225 0.7867794
vn 0.38593191 0.49598706 0.77785176
vn 0.38592279 0.49599433 0.7778517
vn 0.38593021 0.49598828 0.77785188
vn 0.32230628 0.53928894 0.77800137
vn 0.30281186 0.55126029 0.77744269
vn 0.32230946 0.53928632 0.77800184
vn 0.25830531 0.57036197 0.7797215
vn 0.25834438 0.57034373 0.77972186
vn 0.25828555 0.57035166 0.77973557
vn 0.22766435 0.57078445 0.78890687
vn 0.31378698 0.52507615 0.79109591
vn 0.3138181 0.52504504 0.7911042
vn 0.15985826 0.59291542 0.78923804
vn 0.19196336 0.5975557 0.77850962
vn 0.19193925 0.59755242 0.77851814
vn 0.19190769 0.59756285 0.7785179
vn 0.11515439 0.61521262 0.77990574
vn 0.11524715 0.61520147 0.77990079
vn 0.092170246 0.60752243 0.78893673
vn 0.1152422 0.61519474 0.77990687
vn 0.49340209 -0.29240927 0.81917715
vn 0.011598854 0.52723479 0.84964049
vn 0.049159598 0.62078381 0.78243899
vn 0.037982039 0.62165332 0.7823711
vn 0.038187746 0.62163579 0.78237498
vn -0.13111506 0.59472966 0.79316169
vn -0.12268878 0.60386974 0.78758419
vn -0.057838105 0.61294645 0.7880047
vn -0.12286092 0.60384554 0.7875759
vn -0.1226456 0.60388112 0.78758216
vn -0.031140298 0.52704942 0.84926391
vn -0.19348934 0.58798689 0.78538734
vn -0.19353373 0.58796364 0.78539383
vn -0.21285678 0.56602454 0.7964347
vn -0.19352956 0.58797461 0.78538662
vn -0.46019208 -0.29655388 0.8368268
vn -0.29044876 0.52871537 0.79755855
vn -0.25904271 0.56175649 0.78570133
vn -0.25902426 0.56177181 0.78569645
vn -0.25902504 0.56177145 0.78569645
vn -0.32106993 0.52728486 0.78669232
vn -0.3723861 0.47307038 0.79845661
vn -0.36444154 0.48450589 0.7952587
vn -0.32105184 0.52729625 0.78669208
vn -0.43063748 0.42857656 0.79427546
vn -0.43062973 0.42859566 0.79426932
vn -0.4306061 0.42885864 0.79414016
vn -0.37935784 0.48188812 0.78985536
vn -0.3793124 0.48192602 0.78985405
vn -0.48248687 0.37552503 0.79132003
vn -0.49047405 0.36586866 0.79093319
vn 0.53723836 0.00348101 0.84342331
vn -0.60891145 -0.047254395 0.79182941
vn -0.6089114 -0.047256447 0.79182935
vn -0.59834462 -0.097891025 0.79523647
vn -0.59835005 -0.097872429 0.79523468
vn -0.60021222 -0.031290006 0.79922849
vn -0.61176324 -0.03263361 0.79036748
vn -0.60030663 -0.092561625 0.79439557
vn -0.52681965 0.31485128 0.78951234
vn -0.52682638 0.31484053 0.78951216
vn -0.52656102 0.28656289 0.8003844
vn -0.47431386 0.36905852 0.79926354
vn -0.47430664 0.3690635 0.7992655
vn -0.56104648 0.20860684 0.80106807
vn -0.55816483 0.25279999 0.79028106
vn -0.55815631 0.25281107 0.79028356
vn -0.55816382 0.25280225 0.79028106
vn -0.58415133 0.18761842 0.7896623
vn -0.58414823 0.1876286 0.78966218
vn -0.5862835 0.12715657 0.80006427
vn -0.58414567 0.18762928 0.78966391
vn 0.49330857 -0.29226997 0.81928319
vn 0.49287117 -0.29236141 0.8195138
vn -0.61150688 0.043610472 0.79003638
vn -0.60090375 0.042255007 0.79820371
vn -0.60077477 0.11252669 0.79145908
vn -0.60077351 0.1125397 0.79145813
vn -0.60077131 0.11254832 0.79145861
vn 0.63061363 -0.092312977 0.77058733
vn 0.53723562 0.0034813173 0.84342504
vn 0.63203967 -0.059809301 0.77262455
vn 0.62705749 -0.095970169 0.77303857
vn 0.63060993 -0.092325114 0.77058882
vn -0.59689921 -0.14197311 0.78965497
vn -0.60361844 -0.099135078 0.79108596
vn -0.60361725 -0.099156223 0.79108423
vn -0.58950442 -0.14669614 0.79433292
vn -0.5969016 -0.14196981 0.78965378
vn -0.61180753 0.030282198 0.79042679
vn -0.61202502 0.014371871 0.79070777
vn -0.61202687 0.014388377 0.7907061
vn 0.63006634 -0.14192022 0.76346254
vn 0.62088084 -0.15082364 0.76925892
vn 0.63005704 -0.14192995 0.76346844
vn 0.63006657 -0.14191718 0.7634629
vn -0.45890912 -0.19038635 0.8678453
vn -0.52115673 -0.29291221 0.80162215
vn 0.53261417 0.13092896 0.83616966
vn 0.0384943 0.6297847 0.77581531
vn -0.0084056612 0.63027298 0.77632809
vn -0.052413568 0.61993712 0.78289896
vn -0.58767623 -0.17971674 0.78888434
vn -0.58767718 -0.17970797 0.78888565
vn -0.5875203 -0.17975798 0.78899109
vn -0.53740823 -0.19431569 0.82063013
vn -0.5449 -0.19275907 0.81604409
vn -0.45890775 -0.19040284 0.86784238
vn 0.50222427 -0.30286074 0.80996674
vn 0.50386333 -0.29236186 0.81280154
vn 0.52310723 -0.22205444 0.82283086
vn 0.59295487 -0.21474357 0.77607328
vn 0.59291792 -0.21475163 0.77609926
vn 0.59291798 -0.2147546 0.77609843
vn 0.63079023 -0.18817843 0.75278986
vn 0.63079226 -0.18816009 0.75279272
vn 0.71063733 -0.20550114 0.67287731
vn 0.00093603518 -0.28406626 0.95880419
vn -0.021395916 -0.28400174 0.95858502
vn -0.57704669 -0.20123538 0.79153109
vn -0.55026376 -0.28367922 0.78532535
vn 0.52311748 -0.22205529 0.82282412
vn -0.59492373 -0.2965596 0.74707305
vn -0.56254536 -0.30353206 0.76903254
vn 0.57395047 -0.29656461 0.76330221
vn 0.57973331 -0.26066008 0.77198809
vn -0.37101823 -0.34918997 0.86047184
vn -0.41213697 -0.34668541 0.8425867
vn -0.29650944 -0.34532169 0.89041287
vn -0.29650307 -0.34532109 0.89041525
vn -0.59801048 -0.2439144 0.76347178
vn 0.38050252 -0.34702763 0.85719872
vn 0.32006258 -0.34873128 0.88087821
vn 0.32003483 -0.3487289 0.88088924
vn -0.54797852 -0.20282181 0.81153119
vn -0.54797965 -0.20281301 0.81153262
vn 0.69629663 -0.29509419 0.65428621
vn 0.69636357 -0.29509455 0.65421474
vn -0.59801698 -0.24391274 0.76346731
vn 0.63036263 -0.24292412 0.73731327
vn 0.63031888 -0.24293546 0.73734689
vn 0.66732383 0.041567944 0.74360675
vn 0.66129339 0.055909835 0.74804085
vn 0.66731143 -0.042010859 0.74359298
vn 0.58095568 -0.082397394 0.80975378
vn 0.63032627 -0.24293484 0.73734081
vn -0.59800589 -0.24391276 0.76347595
vn -0.65076822 -0.28922606 0.70203203
vn -0.6527164 -0.26677692 0.70907784
vn -0.68316954 -0.24875967 0.68658429
vn 0.48859453 -0.13997456 0.86120993
vn 0.48081234 -0.23460837 0.84485406
vn -0.66023612 -0.22491024 0.71659172
vn -0.66025418 -0.22478203 0.71661526
vn 0.48856428 -0.13997076 0.86122769
vn 0.66404694 -0.24948122 0.70484096
vn 0.66518295 -0.24230601 0.70627153
vn 0.68005979 -0.21576476 0.70068842
vn -0.53215939 -0.344035 0.77359313
vn -0.41066313 -0.35584915 0.83948028
vn -0.4106338 -0.35585061 0.83949405
vn -0.41063729 -0.35585091 0.8394922
vn -0.47223645 -0.35367936 0.80740547
vn 0.4393295 -0.35750687 0.82412285
vn 0.43934658 -0.35750809 0.82411319
vn 0.48230636 -0.35484052 0.80091745
vn 0.44002402 -0.35762012 0.82370305
vn 0.6800791 -0.21575482 0.70067275
vn 0.00092037016 -0.22798677 0.97366381
vn -0.021442106 -0.27689466 0.96066099
vn -0.036577869 -0.2278343 0.97301263
vn 0.033469051 -0.25003651 0.9676578
vn -0.66025156 -0.22478308 0.71661735
vn -0.65334827 -0.16559669 0.73872441
vn -0.69471979 -0.21169476 0.68742251
vn -0.021455145 -0.27688354 0.96066391
vn 0.033378497 -0.25956279 0.96514922
vn 0.036195245 -0.25741959 0.96562159
vn -0.021437857 -0.27688387 0.96066421
vn -0.095601432 -0.33774272 0.93637079
vn -0.11090633 -0.30381358 0.94625425
vn 0.67295623 -0.15781066 0.72265184
vn 0.68965936 -0.21330354 0.69200546
vn 0.033379953 -0.25956276 0.96514916
vn -0.65334785 -0.16560063 0.73872387
vn 0.67295796 -0.15779321 0.72265404
vn 0.11598703 -0.33720636 0.93425846
vn -0.67115539 -0.30929306 0.67371231
vn -0.67200589 -0.3088429 0.67307067
vn -0.7790556 -0.14289486 0.61045343
vn 0.67294979 -0.15779522 0.7226612
vn -0.77899945 -0.14290294 0.61052322
vn 0.036721233 -0.22783205 0.97300774
vn -0.036178298 -0.25067323 0.96739548
vn -0.071816161 -0.22739713 0.97115034
vn -0.095602095 -0.33774191 0.93637097
vn 0.61382139 -0.088911653 0.7844221
vn 0.76686305 -0.14374293 0.625507
vn 0.11677785 -0.31833521 0.94075799
vn 0.10993322 -0.32619566 0.93888819
vn -0.73366559 -0.13122891 0.66671866
vn -0.73319894 -0.15396088 0.6623559
vn -0.75209719 -0.14074717 0.64384782
vn 0.6138221 -0.088899076 0.78442299
vn 0.60400623 -0.30730993 0.73534828
vn 0.68244445 -0.31068951 0.66162044
vn 0.69021958 -0.2715264 0.67072374
vn -0.73366404 -0.13124572 0.66671705
vn -0.74358249 -0.06042387 0.66590846
vn -0.75662464 -0.015764602 0.6536594
vn -0.79763001 -0.065847978 0.59954178
vn 0.61337245 -0.088943347 0.78476959
vn 0.76931685 -0.048387863 0.63703233
vn 0.76951659 0.042699009 0.63719779
vn 0.85139394 -0.062176168 0.52082866
vn -0.77952266 0.011385129 0.62627059
vn -0.77950436 0.011394304 0.62629318
vn 0.71859533 0.145992 0.67993164
vn 0.71859676 0.14598501 0.6799317
vn 0.74159873 0.10934971 0.66187155
vn 0.75071841 0.15268409 0.6427359
vn 0.73137659 0.061826214 0.67916554
vn 0.73411936 0.026099904 0.67851865
vn 0.75952435 0.064214885 0.6473015
vn 0.75498134 0.03619352 0.65474665
vn 0.75504291 0.036227759 0.65467376
vn 0.67106098 0.30944675 0.67373574
vn 0.66825998 0.31577039 0.67358571
vn 0.67607433 0.31173432 0.66764152
vn 0.69805288 0.22974606 0.67818797
vn 0.70359421 0.25127092 0.66469401
vn 0.69805205 0.22974883 0.67818791
vn 0.69798219 0.22986133 0.67822164
vn 0.72713172 0.18167189 0.66202319
vn 0.6304695 0.38385993 0.67465526
vn 0.63043767 0.38391006 0.67465651
vn 0.63414854 0.38617283 0.66987026
vn 0.63647735 0.38118309 0.67051923
vn -0.61599636 0.11539121 0.77925181
vn -0.61599475 0.11540028 0.77925169
vn -0.61601824 0.11538184 0.7792359
vn -0.77905947 0.040542576 0.62563783
vn -0.83773589 0.045146704 0.54420614
vn 0.51675129 0.51920307 0.68073213
vn 0.51674283 0.51921147 0.68073213
vn 0.53842807 0.541013 0.64606518
vn 0.55112219 0.49939063 0.66848582
vn 0.57663512 0.45393705 0.67928869
vn 0.57663715 0.45393446 0.67928863
vn 0.59804225 0.44342023 0.66762567
vn 0.59004158 0.46446219 0.66039819
vn -0.62028104 0.28093514 0.73234338
vn -0.62028617 0.28093553 0.73233896
vn -0.7697469 0.31883848 0.5530206
vn -0.58339429 0.18738793 0.79027647
vn -0.58339798 0.18737644 0.79027647
vn -0.58337677 0.18738081 0.79029107
vn -0.81529307 0.19573463 0.54496342
vn 0.37923923 0.63459873 0.67339593
vn 0.38006473 0.63461423 0.67291576
vn 0.37954715 0.63506538 0.67278224
vn 0.3795512 0.63506281 0.67278236
vn 0.44437203 0.59932023 0.66584438
vn 0.45095646 0.5795545 0.67878926
vn 0.45095456 0.57955599 0.6787892
vn 0.45094523 0.57956225 0.67879009
vn 0.50341463 0.55557251 0.6617499
vn -0.50336915 0.39177796 0.77014899
vn -0.63604951 0.54324502 0.54802001
vn -0.43739212 0.43532598 0.78687954
vn -0.50304526 0.39141411 0.77054554
vn -0.50303996 0.3914212 0.77054542
vn -0.68288529 0.4081232 0.60589033
vn -0.61080712 0.36502889 0.70261556
vn -0.65166742 0.3993437 0.64486754
vn -0.62027526 0.28094721 0.73234367
vn 0.22999537 0.71602476 0.65909839
vn 0.3046374 0.67270678 0.67428601
vn 0.30469888 0.67268002 0.67428493
vn 0.30857405 0.68136001 0.66372478
vn 0.31750384 0.67189902 0.66913605
vn 0.37928313 0.63457376 0.67339474
vn -0.39828506 0.65409321 0.64306384
vn -0.39599553 0.64620352 0.65238678
vn -0.38698277 0.63557941 0.66804427
vn -0.40077546 0.50913554 0.76168233
vn -0.40079582 0.50912017 0.76168191
vn -0.40053648 0.50889176 0.76197094
vn -0.54057908 0.63293326 0.55422896
vn -0.43740568 0.43531236 0.78687954
vn 0.13468434 0.71955144 0.68125314
vn 0.13479233 0.7195307 0.68125373
vn 0.14124927 0.75402766 0.64147556
vn 0.17857938 0.714737 0.67621034
vn 0.22411895 0.69765168 0.68047988
vn -0.13147114 0.64709485 0.75098836
vn -0.19353093 0.80609852 0.55924141
vn -0.19419427 0.58999413 0.78370625
vn -0.19417791 0.59007937 0.78364617
vn 0.22405745 0.69767088 0.68048042
vn -0.19422507 0.59006393 0.78364605
vn 0.24840876 0.69561487 0.67410165
vn -0.27688044 0.60049832 0.75015932
vn -0.32004091 0.77265882 0.5482446
vn -0.2768802 0.60049564 0.75016153
vn -0.27690169 0.60048521 0.75016195
vn -0.0092481449 0.69333279 0.72055823
vn -0.066066183 0.78141749 0.6205014
vn 0.045135129 0.7347281 0.67685854
vn 0.051834915 0.7341938 0.67695832
vn 0.042342763 0.69274056 0.71994275
vn 0.044891678 0.73474365 0.67685783
vn 0.10923891 0.74079376 0.66279066
vn -0.13161094 0.64685076 0.75117415
vn -0.058396529 0.74194497 0.66791278
vn -0.13142386 0.64710337 0.75098932
vn -0.77950591 0.011392673 0.62629122
vn -0.77965003 0.011375067 0.6261121
vn -0.77870381 0.046759859 0.62564677
vn -0.19240695 -0.30968633 0.93116808
vn -0.11318217 -0.27753946 0.9540239
vn -0.16339645 -0.24503151 0.95564699
vn 0.11675485 -0.24772288 0.96177006
vn 0.071304403 -0.24967557 0.96570069
vn 0.75447887 -0.052952293 0.6541847
vn 0.74481338 -0.1419263 0.6520046
vn 0.75089967 -0.049858607 0.65853155
vn 0.7544167 -0.052945353 0.654257
vn -0.19241777 -0.30968535 0.93116617
vn 0.11680903 -0.31833315 0.94075483
vn -0.73906851 -0.23794141 0.6302076
vn -0.77195966 -0.21635686 0.59771895
vn 0.21371862 -0.32100633 0.92264795
vn 0.20748755 -0.32723531 0.92188174
vn 0.01761321 0.76675487 0.64169836
vn -0.06023265 0.76548147 0.64063263
vn -0.060247596 0.76546329 0.64065289
vn -0.17924991 0.74661493 0.64065248
vn -0.29383457 0.70939016 0.64064562
vn -0.17925644 0.74661911 0.6406458
vn -0.40119559 0.65468919 0.64064354
vn -0.29383695 0.70939124 0.64064342
vn -0.49867237 0.58386701 0.64064431
vn -0.4011946 0.65468895 0.64064437
vn -0.58386248 0.49867249 0.64064837
vn -0.4986673 0.58386654 0.64064872
vn -0.65468895 0.40119532 0.64064395
vn -0.58386779 0.49867216 0.64064378
vn -0.70939082 0.29383826 0.64064324
vn -0.65469009 0.40119505 0.64064294
vn -0.74662364 0.17924854 0.64064276
vn -0.70939243 0.29383764 0.64064175
vn -0.77872038 0.046761166 0.62562603
vn -0.76781267 0.03735593 0.63958448
vn -0.74662185 0.17924957 0.64064449
vn 0.753236 -0.21756311 0.62072682
vn 0.7612533 -0.15806584 0.62889475
vn -0.20645277 -0.32195979 0.92396921
vn -0.19113305 -0.32826808 0.92504495
vn -0.58448243 -0.34926367 0.73239005
vn -0.52918476 -0.35804737 0.76926303
vn -0.52917993 -0.35804775 0.76926613
vn -0.52914351 -0.35804832 0.76929092
vn 0.21372461 -0.32100412 0.92264736
vn -0.1911443 -0.32826692 0.92504305
vn 0.56424755 -0.35668316 0.74458164
vn 0.44109064 -0.34754735 0.82743573
vn 0.59439182 -0.3537426 0.72219425
vn 0.21372731 -0.32100382 0.92264682
vn -0.26690081 -0.26295108 0.92715734
vn -0.21275219 -0.28460857 0.93473762
vn 0.21734843 -0.26880449 0.93835163
vn 0.16175383 -0.27408347 0.94800526
vn -0.75641322 -0.29715434 0.58269924
vn -0.79315388 -0.27267304 0.54456985
vn -0.27631271 -0.34823468 0.89575881
vn -0.29798225 -0.33232954 0.89485395
vn 0.77189595 -0.27492297 0.57323116
vn 0.77815676 -0.24318378 0.57908005
vn 0.2771481 -0.35508561 0.89280629
vn 0.3221451 -0.33159935 0.88671553
vn -0.29798123 -0.33232972 0.89485425
vn 0.32217976 -0.33159328 0.88670522
vn -0.34070802 -0.26683369 0.90150863
vn -0.29041764 -0.28866166 0.91232234
vn 0.29638466 -0.27405736 0.91490364
vn 0.26628751 -0.27829599 0.92284465
vn -0.77909809 -0.33120614 0.53226745
vn -0.809434 -0.31057519 0.49835697
vn -0.29798755 -0.33233133 0.89485157
vn 0.32215375 -0.33158562 0.8867175
vn 0.071983211 -0.22739081 0.97113943
vn -0.071816266 -0.22739357 0.97115117
vn 0.71713388 -0.32389823 0.6170972
vn 0.79120189 -0.32413146 0.51859272
vn 0.79700154 -0.30130729 0.52345246
vn -0.35275498 -0.36088249 0.86332369
vn -0.41392735 -0.33545509 0.84624702
vn -0.7037248 -0.33392861 0.6271069
vn -0.70191765 -0.34123504 0.62519622
vn -0.69277227 -0.34569252 0.63290071
vn -0.64774156 -0.3516818 0.6758334
vn -0.53199023 -0.34463695 0.77344155
vn -0.77944446 -0.018024802 0.626212
vn -0.7794441 -0.018024674 0.62621242
vn -0.86109847 -0.16389738 0.48129728
vn -0.84129864 -0.18068072 0.50948119
vn -0.8523761 -0.07396096 0.51767242
vn 0.065565854 0.86566144 0.49631786
vn 0.017611142 0.76671201 0.64174956
vn 0.12484927 0.84665406 0.51729059
vn 0.12484726 0.84665579 0.51728827
vn 0.045738157 0.85451365 0.51741123
vn 0.20744471 0.83026612 0.51732469
vn 0.2074392 0.83027184 0.51731777
vn 0.28781453 0.8059622 0.5172888
vn 0.28782368 0.80595046 0.51730204
vn 0.36563304 0.77374959 0.51732391
vn 0.365623 0.77376521 0.5173077
vn 0.4397018 0.73419333 0.51732242
vn 0.43969566 0.73420554 0.51731032
vn 0.50971138 0.68744284 0.51731676
vn 0.50971699 0.68742859 0.51733023
vn 0.57463813 0.63417536 0.51731282
vn 0.57463801 0.63417584 0.51731241
vn 0.63417238 0.57464522 0.51730871
vn 0.63417315 0.57464069 0.51731277
vn 0.68744308 0.50970674 0.51732099
vn 0.68744242 0.50971544 0.51731336
vn 0.73420024 0.43970883 0.51730663
vn 0.73420012 0.43970364 0.51731122
vn 0.77375549 0.36561981 0.51732445
vn 0.77375603 0.3656244 0.51732039
vn 0.80595106 0.28782511 0.51730031
vn 0.80594975 0.28781924 0.51730567
vn 0.83026922 0.20744051 0.51732141
vn 0.83026856 0.20743838 0.51732337
vn 0.84664947 0.12483957 0.51730049
vn 0.84665161 0.12484441 0.51729578
vn 0.7552045 0.027113058 0.65492827
vn 0.85413158 0.051303137 0.51752025
vn 0.35658571 -0.35897464 0.86254495
vn 0.443396 -0.33808726 0.83011866
vn 0.75454009 -0.049926419 0.65435207
vn -0.41393912 -0.33545229 0.84624237
vn 0.44268832 -0.33826584 0.83042353
vn -0.060239166 0.76543838 0.64068347
vn 0.56596142 -0.34912774 0.74685842
vn 0.56593603 -0.34912553 0.74687868
vn 0.68883067 -0.34592625 0.63706148
vn 0.68882984 -0.34592637 0.63706231
vn 0.71424735 -0.33996627 0.61177909
vn 0.7130211 -0.34058595 0.6128639
vn -0.084052466 -0.18228324 0.97964686
vn -0.00017071127 -0.12618694 0.99200648
vn -0.16957578 -0.17488453 0.96987599
vn -0.16148739 -0.17809999 0.970671
vn 0.17062068 -0.17761694 0.96919596
vn 0.041441113 -0.1842149 0.98201197
vn -0.77907658 0.035612617 0.62591642
vn 0.8536433 -0.16509718 0.49400008
vn 0.86420608 -0.035345349 0.50189501
vn 0.89235103 -0.069436863 0.44596872
vn -0.37591174 -0.28482005 0.88179809
vn -0.4172571 -0.26496848 0.86930329
vn 0.38281447 -0.27246505 0.88273203
vn 0.34018278 -0.28057855 0.89752513
vn -0.87296134 -0.24344432 0.42269769
vn -0.84159857 -0.27026656 0.46761936
vn 0.89450079 -0.0045584864 0.44704309
vn -0.44572255 -0.33667526 0.82944632
vn -0.41015533 -0.35869744 0.83851582
vn 0.85649937 -0.24617529 0.45365903
vn 0.86787856 -0.18433809 0.46130934
vn 0.44191772 -0.34288505 0.82893819
vn 0.44884598 -0.33866829 0.82694685
vn -0.80107927 -0.34131062 0.49171031
vn -0.81389946 -0.33260727 0.47638226
vn 0.086372696 -0.12571536 0.98829925
vn -0.068114951 0.86551327 0.49623293
vn -0.068114713 0.86551297 0.49623346
vn -0.20268443 0.84419882 0.4962332
vn -0.20267759 0.84419256 0.49624658
vn -0.33223647 0.80209661 0.49624583
vn -0.33223614 0.80209643 0.4962464
vn -0.4536244 0.74024647 0.49624601
vn -0.45362824 0.7402482 0.49623993
vn -0.56384015 0.66017443 0.49623981
vn -0.5638358 0.66017324 0.4962464
vn -0.66016984 0.56384051 0.4962455
vn -0.66017467 0.56384104 0.49623853
vn -0.74025011 0.45362633 0.4962388
vn -0.74025458 0.45362613 0.4962323
vn -0.8021028 0.33223924 0.49623397
vn -0.80209422 0.332241 0.49624667
vn -0.84419477 0.20267496 0.49624389
vn -0.77907622 0.035612587 0.6259169
vn -0.84419692 0.20267415 0.49624059
vn -0.86493456 0.073819891 0.49642602
vn -0.88538891 -0.29588252 0.3585248
vn -0.8521595 -0.32560876 0.40963778
vn -0.41018564 -0.35868973 0.83850425
vn 0.8678956 -0.30022511 0.39575514
vn 0.87473094 -0.27382439 0.39983243
vn -0.53529525 -0.32852918 0.77815652
vn 0.44189635 -0.34289095 0.82894719
vn -0.23287013 -0.19032061 0.95370311
vn -0.27879485 -0.18486837 0.94238907
vn 0.28087407 -0.18483616 0.94177777
vn 0.23441115 -0.1903948 0.95331067
vn 0.1629318 -0.17281771 0.97138423
vn 0.087115765 -0.10311886 0.99084675
vn 0.027764795 -0.12613605 0.99162436
vn -0.086114235 -0.12571596 0.98832172
vn -0.46926865 -0.27017015 0.840711
vn -0.49704137 -0.25508389 0.82938659
vn 0.47635826 -0.26100713 0.83961785
vn 0.41736847 -0.27582082 0.86586744
vn -0.53525782 -0.32853398 0.77818024
vn 0.56935215 -0.33370629 0.75131768
vn -0.93762028 -0.048596244 0.34424797
vn -0.93723702 0.056364339 0.34410727
vn -0.81484169 -0.32927638 0.47708499
vn -0.79562843 -0.34137359 0.50043929
vn -0.89517546 -0.32363194 0.30646905
vn -0.86975026 -0.3479602 0.3499403
vn -0.10793696 -0.11027448 0.98802286
vn -0.033933707 -0.085491054 0.99576092
vn -0.16570196 -0.11442105 0.97951555
vn -0.18589853 -0.10558814 0.97687918
vn 0.16724989 -0.10684089 0.98010844
vn 0.10862148 -0.11031751 0.98794305
vn -0.55929554 -0.16146153 0.81309205
vn -0.49058259 -0.34981912 0.79809481
vn -0.53443027 -0.32843113 0.7787922
vn 0.5999096 -0.1158122 0.79164135
vn 0.52424634 -0.32982609 0.78509903
vn 0.82144803 -0.33914918 0.45847675
vn 0.82201463 -0.33722448 0.45888081
vn 0.88566732 -0.34056738 0.31560624
vn 0.90557355 -0.3271094 0.27006674
vn 0.87674069 -0.34903136 0.33091208
vn 0.88382804 -0.32699847 0.33454439
vn -0.30721751 -0.19075392 0.93232524
vn -0.35724238 -0.18276475 0.91595572
vn 0.3598839 -0.18259117 0.91495574
vn 0.30924666 -0.19074573 0.93165582
vn -0.70359272 -0.088711075 0.70504439
vn -0.48843911 -0.50728315 0.70999366
vn 0.041917074 -0.035445694 0.99849212
vn -0.041730076 -0.035445973 0.99849999
vn 0.041917171 -0.035442293 0.99849224
vn -0.070121132 -0.035386022 0.99691063
vn -0.041399769 -0.047009259 0.99803615
vn -0.26575226 -0.10522936 0.95828104
vn -0.23976044 -0.11746672 0.9636994
vn -0.62715262 -0.29987058 0.7188583
vn -0.63018173 -0.29723418 0.71730244
vn 0.24217963 -0.10766004 0.96423978
vn 0.18666467 -0.11277238 0.97592968
vn 0.59990156 -0.11581624 0.79164684
vn 0.62488675 -0.31538695 0.71417618
vn 0.63395631 -0.29569924 0.71460575
vn 0.53604382 -0.3346082 0.77504474
vn -0.11026647 -0.051788837 0.99255186
vn -0.12726176 -0.044393264 0.99087518
vn 0.11120646 -0.044931691 0.9927811
vn 0.069993138 -0.046206471 0.99647677
vn 0.04060806 0.94511014 0.32421869
vn -0.07423491 0.94328046 0.32359102
vn -0.074225061 0.94322032 0.32376856
vn -0.22087614 0.91999316 0.32376894
vn -0.22086273 0.91998869 0.32379079
vn -0.3620649 0.8741101 0.32379079
vn -0.36207682 0.87411213 0.32377213
vn -0.49435693 0.80671084 0.32377276
vn -0.49434328 0.80671078 0.32379389
vn -0.61445749 0.71944422 0.32379326
vn -0.61446977 0.71944237 0.32377401
vn -0.7194466 0.61446393 0.32377562
vn -0.71944135 0.61446559 0.32378414
vn -0.80671048 0.49435014 0.32378402
vn -0.80671 0.4943504 0.32378492
vn -0.8741098 0.36207107 0.3237848
vn -0.87411159 0.36206979 0.32378137
vn -0.91998965 0.22087039 0.32378286
vn -0.93722844 0.056363661 0.34413081
vn -0.91999084 0.22086923 0.32378027
vn -0.94454634 0.057367496 0.32332832
vn -0.93761164 -0.048595961 0.34427151
vn -0.93761873 -0.048596624 0.34425211
vn -0.94639993 -0.065423146 0.31630212
vn -0.92882687 -0.20460875 0.30889463
vn -0.94395417 -0.18462521 0.27361286
vn -0.93657678 0.067658424 0.34386957
vn 0.040604778 0.94504219 0.32441711
vn 0.13831182 0.93796617 0.31794545
vn 0.13831747 0.93796283 0.31795287
vn 0.046149179 0.94697231 0.31798375
vn 0.22981417 0.91982722 0.31796741
vn 0.22981329 0.91982788 0.31796625
vn 0.31886786 0.89287901 0.31794712
vn 0.3188701 0.89287698 0.31795049
vn 0.40505826 0.85722178 0.31796014
vn 0.40505859 0.85722142 0.31796068
vn 0.48712248 0.81339902 0.31795245
vn 0.48712143 0.81340039 0.31795049
vn 0.56470221 0.76158428 0.31796348
vn 0.56470025 0.7615875 0.31795928
vn 0.63661987 0.70257962 0.31795764
vn 0.63662076 0.70257777 0.31795987
vn 0.70257628 0.63662255 0.31795961
vn 0.70257568 0.63662416 0.31795773
vn 0.76159263 0.5646953 0.3179557
vn 0.76159424 0.56468934 0.31796259
vn 0.81339431 0.48713207 0.3179498
vn 0.81339425 0.4871324 0.31794944
vn 0.85721999 0.40506378 0.31795797
vn 0.85722011 0.40506163 0.31796035
vn 0.89288026 0.31886372 0.31794769
vn 0.89288038 0.3188661 0.317945
vn 0.91982591 0.22981384 0.31797147
vn 0.91982675 0.2298201 0.31796452
vn 0.93796724 0.13830949 0.31794336
vn 0.93796611 0.13830508 0.31794852
vn 0.89449722 -0.0045586596 0.44705027
vn 0.89450157 -0.0045578303 0.44704157
vn 0.94561988 0.067424007 0.31820911
vn -0.074235126 0.94321251 0.323789
vn 0.070617974 -0.013143712 0.99741685
vn 0.019516699 -0.035466999 0.99918026
vn -0.070121124 -0.035386436 0.99691063
vn -0.48834223 -0.50739098 0.70998329
vn 0.89395362 -0.035154756 0.4467786
vn -0.56814438 -0.2423088 0.78644669
vn -0.57992214 -0.23488335 0.78007698
vn -0.66578346 -0.27238604 0.6946497
vn 0.5745253 -0.23695736 0.78343594
vn 0.49848071 -0.26183012 0.82641512
vn 0.057549246 -0.0017154937 0.9983412
vn -0.057548299 -0.0017157644 0.99834126
vn -0.043576486 -0.014056684 0.9989512
vn 0.9387995 -0.18665101 0.28951138
vn 0.95156729 -0.088230386 0.29450819
vn 0.89395791 -0.035155132 0.44676989
vn 0.057549331 5.1022178e-09 0.99834269
vn -0.05754583 -0.0094252322 0.99829835
vn -0.89819533 -0.33165854 0.28852689
vn -0.89000463 -0.33984688 0.30396682
vn 0.54824662 -0.4194082 0.72354847
vn -0.18843888 -0.057751395 0.98038542
vn -0.214843 -0.045322943 0.97559637
vn 0.19014999 -0.047004249 0.98062915
vn 0.12788209 -0.050861012 0.99048442
vn -0.91796583 -0.29616815 0.2638621
vn -0.9403311 -0.26647669 0.21158355
vn -0.12729844 -0.042923722 0.99093527
vn -0.22834818 0.0049385899 0.97356701
vn -0.057549037 -0.013621816 0.99824977
vn 0.12891492 -0.0060472093 0.99163723
vn 0.057543609 -0.013555824 0.99825096
vn -0.039969016 -7.9944055e-17 0.99920094
vn 0.18898624 3.7796656e-16 0.98197973
vn -2e-15 1 2.0001687e-29
vn 2e-15 -1 -2.0001687e-29
vn -0.65187186 -0.33545956 0.68009555
vn -0.65185857 -0.33545843 0.68010885
vn -0.80376804 -0.31214097 0.50648296
vn -0.76522332 -0.32526037 0.55555284
vn -7.5119971e-12 -0.00069700129 0.99999976
vn -0.057554379 -1.1511477e-16 0.99834239
vn 0.057548895 1.1509178e-16 0.99834269
vn 0.22835179 4.5669772e-16 0.97357869
vn 0.22819777 -0.036722761 0.97292203
vn -0.22835097 -4.5670783e-16 0.97357887
vn 0.22835121 3.5204646e-08 0.97357881
vn -0.22835121 4.4879599e-08 0.97357881
vn -0.22835203 -6.2571068e-08 0.97357863
vn -0.34537801 -0.10396654 0.93268698
vn -0.31611648 -0.1189191 0.94123781
vn 0.93066943 -0.27096817 0.24582644
vn 0.94569188 -0.20650499 0.2510429
vn 0.80502063 -0.34072363 0.48564306
vn 0.80880481 -0.32765886 0.48833847
vn 0.31944361 -0.1076814 0.94146723
vn 0.26672974 -0.1144531 0.95695126
vn -0.43664771 -0.18397397 0.88062042
vn -0.46086183 -0.17066415 0.87090766
vn -0.38303307 -0.18714155 0.90457928
vn 0.44168347 -0.17518784 0.87990052
vn 0.38554478 -0.18697037 0.90354705
vn 0.11196412 2.2392227e-16 0.99371225
vn -0.11196405 -2.239341e-16 0.99371225
vn -0.26681906 -5.3364389e-16 0.96374667
vn 0.7083683 -0.26271281 0.6551308
vn -0.21509242 -0.037314173 0.97588056
vn 0.2162323 -0.042917885 0.97539818
vn 0.22819573 -0.036722895 0.97292244
vn 0.21581905 -0.055449776 0.97485769
vn -0.30176467 -0.046882402 0.95222902
vn -0.26862112 -0.063861154 0.96112663
vn 0.27117234 -0.050120719 0.96122497
vn -0.91623855 -0.34475076 0.20409268
vn -0.9384017 -0.31279638 0.14683545
vn -0.66579044 -0.27238238 0.69464445
vn 0.70836735 -0.26271334 0.65513158
vn 0.92917752 -0.31917524 0.18643042
vn 0.93624151 -0.29656056 0.18842421
vn -0.22815114 -0.041936636 0.97272217
vn 0.22834976 -1.2139894e-07 0.97357917
vn -0.88529861 -0.3238911 0.33367783
vn -0.90676522 -0.30376866 0.29240623
vn 0.90840584 -0.31814212 0.27126452
vn -0.7112301 -0.29445025 0.63831872
vn -0.73557895 -0.23970011 0.6336146
vn -0.72768146 -0.24802348 0.639503
vn -0.22814912 -0.041936845 0.97272259
vn -0.30284789 -0.016377989 0.95289814
vn 0.30407795 -0.033700094 0.95205086
vn 0.30302703 -0.059785139 0.95110482
vn -0.3936165 -0.11749829 0.9117347
vn -0.42331794 -0.10086202 0.90034926
vn -0.64228982 -0.37206391 0.67009866
vn 0.39776602 -0.10568575 0.91137958
vn 0.34651029 -0.11438228 0.93104637
vn 0.33027938 6.6055303e-16 0.94388324
vn -0.33027956 -6.6056478e-16 0.94388318
vn 0.72604686 -0.27275658 0.63123679
vn 0.74004269 -0.2405647 0.62806487
vn 0.63520658 -0.29614243 0.71331078
vn -0.66891658 -0.19922903 0.71614128
vn -0.6647597 -0.20236942 0.71912527
vn 0.69924772 -0.30465165 0.64671475
vn 0.70738512 -0.26754397 0.65423733
vn -0.92431992 -0.3536489 0.14340563
vn -0.93940938 -0.32864773 0.097471327
vn 0.98828405 -0.050569002 0.14400472
vn 0.98944986 0.014237667 0.14417458
vn -0.38652939 -0.048092514 0.92102236
vn -0.34836099 -0.069538243 0.93477756
vn 0.67400146 -0.19808444 0.71167731
vn 0.58322245 -0.23667017 0.77707064
vn 0.35177237 -0.053234085 0.93457067
vn -0.52071744 -0.1675095 0.83713436
vn -0.53696716 -0.15743369 0.8287828
vn -0.78723168 -0.23155697 0.57153094
vn 0.52596354 -0.16077299 0.83517325
vn 0.46238104 -0.17785485 0.86866069
vn 0.93417889 -0.3341527 0.12510721
vn 0.93126255 -0.3424246 0.12448089
vn 0.4079811 8.1595668e-16 0.91299039
vn -0.22835 -4.5670587e-16 0.97357911
vn 0.22835314 4.5670042e-16 0.97357839
vn 0.22834373 -0.0090810917 0.97353822
vn -0.87439281 -0.27505741 0.39972574
vn -0.77138251 -0.30223271 0.56002182
vn -0.77140039 -0.30223361 0.55999666
vn -0.90257925 -0.26170087 0.34185281
vn 0.81198215 -0.29909593 0.50122511
vn 0.811979 -0.29909587 0.50123024
vn 0.89805424 -0.30268234 0.31918961
vn 0.9087624 -0.2629934 0.32401446
vn -0.78724968 -0.23154373 0.57151157
vn 0.44463313 8.8926093e-16 0.89571279
vn 0.44444457 -0.029121401 0.89533287
vn -0.44463539 -8.8927617e-16 0.89571166
vn -0.44446027 -0.028063484 0.89535886
vn 0.44463518 -8.0515441e-08 0.89571178
vn -0.44463426 4.3080224e-08 0.8957122
vn -0.44463518 -6.5801082e-08 0.89571178
vn -0.38705257 -0.036822308 0.92132211
vn 0.38787398 -0.065398127 0.91938937
vn 0.44444686 -0.029121039 0.89533174
vn 0.38798904 -0.063315071 0.91948664
vn -0.94025594 -0.32616967 0.097632796
vn -0.94304413 -0.32093015 0.087587669
vn 0.82903141 -0.22541 0.51175892
vn -0.49918827 -0.094777785 0.86129451
vn -0.47099614 -0.11228645 0.87495965
vn -0.85287738 -0.41783425 0.31307292
vn -0.97931343 -0.1165731 0.16539624
vn -0.99269688 -0.067969456 0.099664509
vn -0.93660009 0.067659728 0.34380573
vn -0.9900738 -0.11565745 0.07985761
vn -0.99007404 -0.11565545 0.07985764
vn -0.97473979 -0.2012921 0.096766844
vn 0.47580874 -0.10042275 0.87379706
vn 0.42464125 -0.1115342 0.89846534
vn 0.047507983 0.99350119 0.103433
vn -0.078042708 0.99159068 0.1032341
vn -0.23125505 0.96327716 0.13644855
vn -0.14952578 0.98522335 0.083528325
vn -0.077591985 0.98704171 0.14045711
vn -0.14964974 0.98521215 0.083438255
vn -0.14952272 0.98522383 0.083528318
vn -0.25622165 0.96126086 0.10162708
vn -0.25682241 0.96110016 0.10163047
vn -0.36061665 0.92693454 0.10367266
vn -0.36064565 0.92692167 0.10368659
vn -0.37918839 0.9154222 0.13497531
vn -0.25623709 0.96125787 0.10161637
vn -0.4622159 0.882846 0.083303064
vn -0.46220943 0.88284987 0.083297953
vn -0.5172382 0.84407264 0.14144243
vn -0.46227372 0.88281858 0.083272591
vn -0.46221283 0.88284761 0.083303064
vn -0.55764467 0.82521462 0.089739904
vn -0.6446926 0.75466764 0.12185319
vn -0.64462054 0.75474387 0.1217623
vn -0.55765396 0.82520753 0.089747094
vn -0.55767953 0.82519108 0.089740053
vn -0.72853333 0.67912245 0.089621112
vn -0.72844732 0.6792146 0.089621566
vn -0.75693589 0.6464892 0.095392644
vn -0.64469475 0.75469673 0.12166169
vn -0.72845435 0.67920631 0.089626849
vn -0.80161542 0.59221399 0.081824943
vn -0.80161065 0.59222043 0.081824936
vn -0.80160302 0.59223127 0.081820972
vn -0.84462363 0.51758379 0.13681336
vn -0.71986985 0.67121959 0.17678133
vn -0.80155689 0.59228307 0.081898026
vn -0.91291159 0.39380431 0.1072875
vn -0.9129172 0.39378953 0.10729411
vn -0.91602319 0.37943017 0.13013162
vn -0.86251944 0.49634013 0.09852241
vn -0.86256886 0.49625415 0.098522924
vn -0.96623212 0.23197073 0.11218295
vn -0.95466423 0.28557044 0.08405824
vn -0.9546659 0.28556478 0.084058225
vn -0.98772144 0.056344166 0.14571099
vn -0.98172879 0.1717806 0.081853248
vn -0.93989193 0.28115261 0.19379468
vn -0.98172897 0.17177965 0.081853248
vn -0.98794001 0.080624029 0.13219036
vn -0.93657213 0.06765753 0.34388235
vn -0.8528043 -0.41794431 0.31312522
vn 0.047512397 0.99359262 0.10254868
vn 0.14513138 0.98416954 0.10172122
vn 0.14787987 0.98376179 0.10170669
vn 0.047653597 0.99359161 0.10249343
vn 0.14942777 0.98407871 0.096230887
vn 0.14936255 0.98408866 0.096230581
vn 0.24142401 0.96629977 0.089326225
vn 0.25601962 0.96049559 0.10909697
vn 0.25600687 0.96049958 0.10909174
vn 0.33415583 0.93567902 0.11333422
vn 0.25660786 0.96237308 0.089389496
vn 0.36092281 0.92869908 0.085163265
vn 0.36128497 0.92855936 0.085150741
vn 0.36127901 0.9285605 0.085164115
vn 0.42433706 0.89802021 0.11617991
vn 0.46226969 0.88291657 0.082249776
vn 0.5109337 0.85316241 0.10516949
vn 0.55351931 0.81893563 0.15152809
vn 0.46224573 0.88292915 0.082249761
vn 0.59192628 0.79830611 0.11104357
vn 0.55805951 0.82576329 0.081759512
vn 0.55800056 0.8258031 0.08175955
vn 0.64720732 0.75768197 0.083909191
vn 0.64725006 0.75764549 0.083909079
vn 0.55454093 0.82077128 0.13718174
vn 0.64724648 0.75764555 0.083935969
vn 0.66716152 0.73628277 0.11306278
vn 0.72850561 0.67923468 0.088993408
vn 0.73685211 0.66768301 0.10605809
vn 0.72849649 0.67924225 0.089010485
vn 0.72846174 0.67928171 0.088993639
vn 0.80043525 0.59143955 0.0974814
vn 0.80049551 0.59135813 0.097480878
vn 0.79962647 0.59288859 0.09529265
vn 0.79787558 0.59594411 0.090802886
vn 0.80048198 0.59137452 0.097492561
vn 0.85290068 0.51079237 0.10794241
vn 0.80069369 0.59144509 0.095301405
vn 0.86339438 0.4968414 0.08774244
vn 0.8633967 0.49683753 0.08774168
vn 0.86339498 0.49684039 0.087742448
vn 0.89825773 0.42445311 0.11389731
vn 0.91515857 0.39476395 0.081524603
vn 0.93517172 0.33396921 0.11797611
vn 0.91516107 0.39475846 0.081522979
vn 0.91516083 0.39475897 0.081522971
vn 0.95499629 0.2856662 0.079855688
vn 0.95499676 0.28566486 0.07985501
vn 0.95499516 0.28566992 0.079855688
vn 0.96358055 0.24075204 0.11640887
vn 0.98163664 0.17176747 0.08297877
vn 0.98311418 0.14496225 0.11168023
vn 0.98163772 0.17176321 0.082974575
vn 0.98163944 0.17175129 0.082978725
vn 0.9942373 0.056833968 0.090895809
vn 0.99423659 0.056846481 0.090895861
vn 0.99510419 0.017352065 0.097296186
vn 0.98944694 0.014237528 0.14419447
vn 0.047678534 0.99356973 0.10269327
vn -0.047700606 0.99356872 0.10269316
vn -0.04766383 0.99357134 0.10268468
vn 0.98828113 -0.050569739 0.14402457
vn 0.94396043 -0.32062411 0.078351304
vn 0.93376815 -0.34956229 0.076702289
vn -0.42604324 -0.074510999 0.90162921
vn -0.468036 -0.048409786 0.88238245
vn 0.43033621 -0.055795621 0.90094262
vn -0.99527127 -0.025846899 0.09363234
vn -0.993994 0.056841072 0.093514666
vn -0.47960278 -9.5921081e-16 0.87748569
vn 0.98867363 -0.042072605 0.1440637
vn 0.98706955 -0.050533395 0.15211883
vn 0.98796934 0.056488879 0.14396405
vn 0.98841077 -0.13732503 0.064699523
vn 0.98841089 -0.13732365 0.064700171
vn 0.97648507 -0.20240575 0.074221291
vn 0.96546346 -0.23658063 0.10913257
vn 0.98841155 -0.13731876 0.064700253
vn -0.95736313 -0.28555334 0.043762699
vn -0.97337663 -0.22084942 0.06134709
vn -0.95352191 -0.29730684 0.049037244
vn -0.95352411 -0.29729974 0.049037427
vn -0.9733634 -0.2209091 0.061342329
vn -0.97336221 -0.22091632 0.061335243
vn -0.78723538 -0.23154435 0.57153094
vn -0.44398004 -0.054226555 0.89439434
vn 0.81621575 -0.22583082 0.53178221
vn 0.832946 -0.20449102 0.51418322
vn 0.44463542 -4.5988614e-08 0.89571166
vn -0.606592 -0.14134707 0.7823472
vn -0.61344194 -0.13644981 0.77786273
vn 0.97135454 -0.2343131 0.039594125
vn 0.97135746 -0.23430073 0.039596409
vn 0.95732909 -0.28729427 0.03135325
vn 0.94885886 -0.31261364 0.044040967
vn 0.97137743 -0.23421797 0.039595921
vn -0.8031655 -0.24673884 0.54225922
vn -0.83699667 -0.15723836 0.52413034
vn -0.82069987 -0.17978369 0.54233712
vn 0.61162263 -0.13720766 0.77916098
vn 0.53931308 -0.16186321 0.82640284
vn -0.76710457 -0.13851856 0.62638903
vn -0.74842566 -0.15619288 0.64456403
vn -0.96009243 -0.26461163 0.090571508
vn -0.94394404 -0.29362515 0.15084402
vn 0.83902913 -0.16412017 0.51874334
vn 0.73579597 -0.23926885 0.63352561
vn 0.77045476 -0.14243349 0.6213792
vn 0.67009234 -0.19854413 0.71523178
vn -0.94518197 -0.32120728 -0.058796022
vn -0.95484215 -0.29602265 0.025437128
vn -0.93630105 -0.35115287 -0.0056595993
vn -0.93634957 -0.35102355 -0.0056486595
vn -0.93630719 -0.35113657 -0.0056498623
vn 0.95635647 -0.28357491 0.070481218
vn 0.9437716 -0.32339284 0.068645641
vn -0.89956456 -0.14700203 0.41130766
vn -0.46856713 -0.038617037 0.88258344
vn -0.44398198 -0.054226171 0.89439338
vn 0.95096368 -0.30907458 -0.011872668
vn 0.95096236 -0.30907863 -0.011873021
vn 0.94402689 -0.32294315 -0.067238115
vn 0.93531096 -0.35373834 -0.0079107778
vn 0.95095998 -0.30908605 -0.011872737
vn 0.47062653 -0.049035564 0.88096887
vn 0.46960613 -0.065745629 0.88042468
vn -0.89955008 -0.14701903 0.41133326
vn -0.88027495 -0.25121456 0.40250126
vn 0.83293682 -0.20449913 0.51419491
vn 0.82917732 -0.22461073 0.51187402
vn -0.573107 -0.084689751 0.81509262
vn -0.54736477 -0.10266376 0.83057332
vn 0.55269629 -0.090894707 0.8284111
vn 0.50078052 -0.1050721 0.85917324
vn -0.50112075 -0.078378201 0.86182064
vn -0.54559308 -0.047505118 0.8367027
vn -0.88021618 -0.25123447 0.40261739
vn -0.88028538 -0.25121439 0.40247849
vn -0.96999264 -0.18595858 0.15663227
vn -0.88027775 -0.25121629 0.40249404
vn -0.93631071 -0.34625939 -0.058538523
vn -0.93631166 -0.34625643 -0.058540385
vn -0.94146115 -0.32972893 -0.070211843
vn -0.94136059 -0.3300783 -0.06991832
vn 0.50629193 -0.057402223 0.86044955
vn 0.53203195 1.0640589e-15 0.84672427
vn -0.53203225 -1.0640696e-15 0.84672409
vn 0.91055709 -0.2395504 0.33689973
vn 0.91053385 -0.23955189 0.33696142
vn 0.91054624 -0.23954818 0.33693054
vn 0.96893919 -0.20557973 0.13745464
vn 0.95471716 -0.26531032 0.1346314
vn 0.93507737 -0.34808543 -0.066834278
vn 0.9400686 -0.32945535 -0.087921694
vn 0.93510008 -0.34801111 -0.066903442
vn 0.93508285 -0.3480646 -0.066866301
vn 0.92847157 -0.14112265 0.34354758
vn -0.89955801 -0.14701591 0.41131708
vn -0.44463617 -8.8927776e-16 0.89571124
vn 0.44463614 8.8926686e-16 0.8957113
vn 0.44424734 -0.041809667 0.8949281
vn -0.94148082 -0.32982793 -0.069479458
vn -0.94927442 -0.30653411 -0.070106305
vn -0.69198972 -0.10413408 0.71435726
vn -0.68979502 -0.10599907 0.71620321
vn 0.92845351 -0.14113104 0.34359294
vn 0.69648516 -0.10285238 0.71016181
vn 0.61689293 -0.13735326 0.77496916
vn 0.94259357 -0.32427311 -0.079776488
vn 0.9425931 -0.32427457 -0.079776444
vn 0.94645363 -0.29929829 -0.12102114
vn -0.85497153 -0.058867581 0.51532352
vn -0.82602829 -0.095575444 0.55546618
vn -0.91979665 -0.052021615 0.38893175
vn -0.90063858 -0.092205063 0.42467448
vn -0.89645815 -0.14618926 0.41831985
vn -0.63741243 -0.0057526361 0.77050132
vn -0.54655886 -0.030980209 0.83684748
vn 0.85673898 -0.069006294 0.51111299
vn 0.75551248 -0.14579318 0.63870591
vn 0.83084422 -0.16198352 0.53240883
vn 0.80065972 0.52073854 0.29626909
vn 0.8148374 -0.13026646 0.56486338
vn -0.90021634 -0.14163195 0.41176564
vn 0.60546678 1.2109288e-15 0.79587054
vn 0.54579031 -0.084688187 0.8336311
vn 0.63740414 -0.0081120515 0.77048695
vn 0.63739365 -0.0081151361 0.77049565
vn 0.54720771 -0.066725589 0.83433288
vn -0.83796525 -0.38862976 0.38312024
vn -0.96342641 -0.036901712 0.26542005
vn -0.95857936 -0.052763671 0.27989569
vn 0.92033535 -0.066227444 0.38548243
vn 0.89793891 -0.15328233 0.41256541
vn -0.047954127 0.99884939 0.00051482883
vn 7.7764184e-05 0.99999881 -0.0015281882
vn 0.04793179 0.99884737 0.0025530527
vn -0.047916967 0.99884808 0.0025510199
vn 0.00011717318 0.99999988 0.00051159709
vn 0.12744108 0.99184096 -0.0032039096
vn 0.047905643 0.99884683 -0.0031788466
vn 0.1274488 0.99180597 -0.0088127758
vn 0.14865023 0.98888659 -0.0025241564
vn -0.15016824 0.98862571 -0.008291238
vn -0.12647504 0.99193162 -0.0087047098
vn 0.15005863 0.98867488 -0.0021075353
vn -0.15004192 0.9886449 -0.0082912659
vn -0.1500499 0.98867679 -0.001810873
vn -0.12647539 0.99195588 -0.0052449228
vn 0.15012416 0.98866493 -0.0021038658
vn 0.25754392 0.96626633 0.00073414878
vn 0.30845228 0.95123369 0.0034244077
vn -0.25757009 0.96625853 0.0014511248
vn 0.25755689 0.96626288 0.00073414767
vn -0.25755343 0.96625733 -0.0036104007
vn -0.30462971 0.95246398 -0.0036234134
vn 0.2576392 0.96624094 0.0007206857
vn -0.25813499 0.96601224 -0.013664116
vn -0.30459383 0.95243239 -0.0097532468
vn 0.30852512 0.95115858 -0.010469936
vn 0.36260164 0.93194419 -0.00031598171
vn -0.3625648 0.93194443 -0.0051285252
vn -0.36259529 0.93193257 -0.0051285084
vn 0.30863041 0.95118201 -0.00032700697
vn 0.36223808 0.93208337 0.0020468468
vn 0.36259559 0.93194431 0.0020604492
vn 0.46381578 0.88586956 -0.010492052
vn 0.4827514 0.87574881 -0.0038853735
vn -0.46388093 0.88588798 -0.0041229334
vn -0.3045769 0.95246708 0.0062718168
vn -0.46381727 0.88591212 -0.0057678241
vn -0.48104236 0.87667835 -0.0057693948
vn -0.46380594 0.88588303 -0.0097602708
vn -0.48100126 0.87668902 -0.0073615406
vn 0.4637917 0.88588208 -0.010496299
vn -0.46379927 0.88588655 -0.009760269
vn 0.55997652 0.82848918 -0.0056562037
vn -0.5599097 0.82854551 0.0036618232
vn -0.48100165 0.87665731 -0.01045801
vn 0.48274758 0.875741 -0.005696022
vn 0.55987114 0.82857144 0.0037009506
vn 0.64258033 0.7661919 0.006361451
vn 0.55992335 0.82852119 -0.0061993138
vn -0.55993795 0.82853281 0.0016859282
vn -0.64458609 0.76452994 0.0016569039
vn -0.55990291 0.82855648 0.001687738
vn 0.55982292 0.82858908 -0.0061992202
vn 0.64952433 0.76030767 -0.0070994142
vn 0.64259142 0.76615953 -0.0087085776
vn -0.64449489 0.76456231 -0.0084159058
vn -0.64951354 0.76031101 -0.0077051455
vn 0.64948142 0.76034427 -0.0071045263
vn -0.64950037 0.76032227 -0.0077051469
vn 0.64952224 0.7603094 -0.0071045216
vn 0.64261431 0.76616406 -0.0062811184
vn 0.73140407 0.68193716 0.0031293153
vn -0.73139721 0.68195027 -0.0013941969
vn -0.64451605 0.76456177 -0.0066566383
vn -0.73147613 0.68186563 -0.0013941485
vn 0.77877569 0.62728322 0.0049159769
vn 0.73136348 0.68198752 0.00070625928
vn -0.73138803 0.68195659 0.0026012722
vn -0.64452052 0.76458687 -0.00043118591
vn -0.73138523 0.68195671 0.0032664628
vn -0.64460087 0.76451492 0.0025751838
vn 0.73139948 0.6819489 0.00070624781
vn 0.77876496 0.62722188 -0.010856381
vn 0.80429286 0.59416336 -0.0091064004
vn -0.80421346 0.59424603 -0.010598324
vn -0.78086734 0.62460136 -0.01092414
vn -0.80426735 0.59417313 -0.010598285
vn 0.80423236 0.5942452 -0.0091091013
vn 0.77878785 0.62722111 -0.0091205174
vn 0.80431342 0.59420508 -0.00052598282
vn -0.8043043 0.59421051 -0.0029072028
vn -0.78089887 0.6246376 -0.0049811616
vn -0.80429643 0.59422117 -0.0029072056
vn 0.77873284 0.62735552 -0.00052864396
vn 0.80118537 0.59841621 0.00017930006
vn 0.80435467 0.59414935 0.000279359
vn 0.88686758 0.4620235 -0.00049180293
vn 0.86671168 0.49874511 -0.0080117052
vn -0.86673623 0.49876669 0.0002828388
vn -0.78091103 0.62464207 -0.0004920963
vn 0.86670941 0.49874905 -0.0080117034
vn 0.86671001 0.498748 -0.0080117416
vn -0.86671036 0.49863681 -0.013209392
vn -0.88649017 0.46263844 -0.010041622
vn 0.91821057 0.39608049 -0.0030963318
vn 0.8867988 0.46200517 -0.011794611
vn -0.91819537 0.39608359 -0.0059255124
vn -0.91820163 0.39606902 -0.0059255022
vn 0.91821277 0.39607543 0.003088291
vn 0.88685423 0.46203879 -0.0031256163
vn 0.91821301 0.39607492 0.0030883087
vn 0.95804083 0.28657657 -0.0056251748
vn 0.95882928 0.28392994 -0.0054910551
vn -0.8864978 0.46263126 0.009692844
vn -0.95803434 0.28657925 -0.0065203528
vn 0.95804071 0.2865769 -0.0056251748
vn -0.95782727 0.28727338 -0.0063985535
vn -0.95803744 0.28657326 -0.0063297725
vn 0.95803964 0.28658062 -0.005624848
vn -0.95803541 0.28657994 -0.0063297725
vn 0.95882308 0.28393504 -0.0062572276
vn 0.98502773 0.17236084 0.0034865204
vn -0.95783001 0.28726724 -0.0062576099
vn -0.98502862 0.17235702 0.0034106418
vn 0.99518043 0.097999319 0.0034782088
vn 0.98503584 0.17234553 -0.0011851486
vn 0.98503375 0.17235744 -0.0011851437
vn -0.98502851 0.17235796 0.0034107349
vn 0.99512506 0.097991332 -0.011128673
vn 0.99833637 0.057080891 -0.0081365742
vn -0.99315429 0.11655275 -0.00775092
vn -0.99834824 0.056950368 -0.0075800088
vn -0.99836898 0.057091251 1.4557721e-05
vn -0.99355209 0.11312188 -0.0075940597
vn -0.99836898 0.057090595 2.2855191e-05
vn -0.99928004 0.037162382 0.0076417951
vn -0.99836731 0.057120308 1.1496622e-05
vn -0.99836922 0.057086848 2.4808518e-05
vn 0.99833715 0.057068326 -0.0081361867
vn 0.9983694 0.057083521 7.4997508e-12
vn 0.99828625 0.057951346 -0.0081365909
vn 0.99914938 -0.041237313 7.5056098e-12
vn -0.99967819 -0.025368607 1.457681e-05
vn -0.99732381 -0.038503405 -0.062150888
vn -0.99316776 -0.1145569 0.022238227
vn 0.99802476 -0.046406794 -0.042343125
vn 0.99072939 -0.13581544 0.0030769734
vn 0.80065602 0.52069056 0.29636347
vn 0.92541456 -0.16234055 0.34242293
vn 0.94032526 -0.17602843 0.29120845
vn 0.97039008 -0.036681816 0.23874161
vn 0.98414385 -0.17690375 -0.012882261
vn 0.98946387 -0.13391764 -0.055020675
vn -0.99316728 -0.11456104 0.022236628
vn -0.96371788 -0.25560924 -0.076888219
vn -0.96597672 -0.24687229 -0.077090897
vn -0.93760461 -0.32225734 -0.13056718
vn -0.96372861 -0.25557265 -0.076874867
vn 0.9894644 -0.13391288 -0.055023465
vn -0.9911961 -0.11199398 -0.070623308
vn -0.98520917 -0.16700058 -0.038389288
vn -0.97569162 -0.21687548 -0.031479161
vn 0.97232693 -0.23035532 -0.038944874
vn -0.64492273 -0.06978853 0.76105469
vn -0.62301999 -0.087306246 0.7773183
vn -0.57365292 -0.080424607 0.8151406
vn -0.61890608 -0.044940352 0.78417832
vn 0.97232568 -0.2303604 -0.038946878
vn -0.97568995 -0.21688259 -0.031481963
vn 0.62867713 -0.075994037 0.77394444
vn 0.57503784 -0.094297022 0.81267434
vn 0.57962596 -0.057447314 0.81285518
vn 0.96315521 -0.25408107 -0.088175401
vn 0.96480209 -0.24096446 -0.10532381
vn 0.96316248 -0.25405866 -0.088160075
vn 0.96316624 -0.25404429 -0.088160455
vn -0.96743488 -0.24437891 -0.065944597
vn -0.96270102 -0.26270241 -0.064762831
vn -0.95684189 -0.20400172 -0.20697077
vn -0.95524132 -0.2954306 0.015321784
vn 0.96668774 -0.22456877 -0.12281547
vn 0.96646547 -0.24978782 -0.059586242
vn 0.96722108 -0.24680282 -0.0597637
vn -0.97485179 -0.028187016 0.22106446
vn -0.95935893 -0.17969184 0.21758056
vn 0.99986309 -0.01654629 3.9334836e-06
vn 0.99786568 -0.065116897 0.0048913653
vn 0.99518657 0.097998708 2.764993e-06
vn -0.99800223 -0.063178658 1.5604532e-05
vn 0.96668684 -0.22445813 -0.12302475
vn -0.95524383 -0.29542339 0.015306668
vn 0.94993848 -0.31148383 0.024386661
vn 0.94993991 -0.31147933 0.024388462
vn -0.95524371 -0.29542366 0.01530657
vn -0.93550408 -0.34392697 -0.08090993
vn -0.94762248 -0.3048614 -0.095242448
vn -0.95935857 -0.1796919 0.21758209
vn -0.96226889 -0.25292507 -0.1003372
vn -0.96226889 -0.25292504 -0.10033715
vn -0.98868746 -0.14983778 -0.0067630573
vn -0.98487574 -0.17313406 -0.0066608605
vn 0.63741463 1.2748246e-15 0.77052099
vn -0.63742298 -1.2748507e-15 0.77051407
vn 0.63742369 -1.3888612e-07 0.77051347
vn -0.63742381 -9.5514201e-09 0.77051342
vn -0.63742459 -9.3786461e-08 0.77051276
vn -0.63742369 8.0873129e-08 0.77051347
vn 0.94649845 -0.31525058 -0.068976492
vn 0.95019919 -0.30483967 -0.064763568
vn -0.93555391 -0.3438032 -0.080859363
vn 0.95019621 -0.30484802 -0.064768054
vn -0.9355101 -0.34390888 -0.080917016
vn 0.92603111 -0.3343617 -0.17512468
vn 0.91865784 -0.37759674 -0.1161398
vn 0.9843477 -0.17584014 -0.011826124
vn 0.98434722 -0.17584269 -0.011826106
vn 0.98434865 -0.17583536 -0.011816652
vn 0.96067977 -0.25024012 -0.1203089
vn 0.98932093 -0.14502586 -0.014545196
vn 0.99284005 -0.061711881 -0.10227522
vn 0.99284011 -0.06171339 -0.10227381
vn 0.97484297 -0.16597639 0.14877175
vn 0.97484696 -0.16597505 0.14874704
vn 0.95042676 -0.30049473 -0.079949602
vn 0.94676691 -0.31332102 -0.073907539
vn -0.94721669 -0.30950609 -0.083585151
vn -0.6365006 -0.05380138 0.76939744
vn 0.98850983 0.010211126 0.15081134
vn 0.63742512 1.3787589e-07 0.77051234
vn -0.97485191 -0.028186588 0.22106408
vn 0.92602974 -0.33436599 -0.17512377
vn -0.91947436 -0.35434562 -0.17031173
vn -0.9268927 -0.33199626 -0.17506684
vn -0.77304029 -0.054670475 0.63199669
vn -0.76264518 -0.065606296 0.64348131
vn 0.98851281 0.010232035 0.15079015
vn -0.92798156 -0.33315694 -0.16690324
vn -0.92779976 -0.32972088 -0.17456155
vn 0.92933285 -0.33809218 -0.14843884
vn 0.92889881 -0.32715991 -0.17353204
vn -0.92892468 -0.31221366 -0.19905156
vn 0.77674389 -0.056873787 0.6272434
vn 0.69428486 -0.1029301 0.71230185
vn -0.92891836 -0.31222862 -0.19905776
vn 0.92649549 -0.34461299 -0.15115541
vn 0.92655462 -0.33495912 -0.17116939
vn 0.92451447 -0.30240375 -0.23200206
vn -0.97485167 -0.028187158 0.22106493
vn -0.97082174 -0.095043749 0.2201633
vn -0.66710311 -1.3342107e-15 0.74496543
vn 0.910631 -0.36717805 -0.18955594
vn 0.92469871 -0.3162446 -0.21194737
vn -0.92362374 -0.30908254 -0.2266873
vn -0.92003381 -0.29157358 -0.26176834
vn -0.91690779 -0.35400119 -0.1842913
vn 0.98850995 0.010219096 0.15080978
vn 0.985412 -0.079735205 0.15035105
vn 0.99507952 -0.098769709 -0.0078269364
vn 0.98316252 -0.18271932 0.0022605737
vn -0.98508912 -0.16858362 -0.034336008
vn -0.99949223 -0.024717737 0.020108053
vn -0.61781234 -0.060170498 0.78402007
vn 0.92451441 -0.30240586 -0.23199956
vn -0.92368793 -0.30734572 -0.22877766
vn 0.6202184 -0.069964655 0.78130281
vn 0.63645911 -0.055010524 0.76934624
vn 0.62056756 -0.065689169 0.78139675
vn -0.92261714 0.039008569 0.38373947
vn -0.89162141 -0.020712472 0.4523077
vn -0.97017509 0.072669469 0.23125623
vn -0.95745957 0.012899258 0.28827909
vn 0.92397934 0.021494064 0.38183796
vn 0.83388287 -0.077526517 0.54646963
vn 0.91034395 -0.063902251 0.40888926
vn -0.71406925 -0.0489785 0.69835967
vn -0.6973983 -0.064663209 0.71376061
vn -0.64358795 -0.079914868 0.76118869
vn -0.68803203 -0.039973177 0.72457856
vn 0.70299011 -0.054337151 0.70912087
vn 0.64731312 -0.078137495 0.75820857
vn -0.94583082 -0.23662665 -0.22228797
vn 0.65023059 -0.055095147 0.75773656
vn -0.98913115 -0.050966911 0.13791992
vn -0.99074167 0.11936828 0.064669386
vn -0.99040771 0.05476759 0.12685876
vn 0.97159982 0.050185088 0.23124729
vn 0.96387464 -0.034340989 0.26413333
vn 0.9466185 -0.23698559 -0.21852049
vn -0.94581944 -0.23665857 -0.2223023
vn 0.93789917 -0.23064613 -0.25912842
vn 0.9329862 -0.27297565 -0.23456575
vn -0.937316 -0.23054594 -0.26131842
vn -0.93165177 -0.26648122 -0.24700746
vn 0.9618783 -0.25195196 -0.10634983
vn 0.93875664 -0.22425081 -0.26162475
vn 0.91619951 -0.39303157 -0.078131936
vn 0.92771506 -0.3613545 -0.093636192
vn -0.91796136 -0.38315794 -0.10264931
vn -0.9499681 -0.3043465 -0.070241146
vn 0.99318695 -0.02001624 0.11480014
vn 0.9932186 0.096814752 0.064371698
vn -0.9962585 0.0044225464 0.086310118
vn -0.99348956 -0.074599616 0.086101241
vn -0.9216032 -0.13085848 -0.36540878
vn -0.99347973 -0.074579053 0.086232491
vn -0.99349278 -0.074607551 0.08605665
vn -0.95418197 -0.24361897 -0.17374296
vn -0.94644111 -0.20274796 -0.25128177
vn 0.96188039 -0.25190559 -0.10644093
vn 0.96710825 -0.15635818 -0.20063338
vn -0.97811848 -0.16113225 -0.13160805
vn 0.97416276 -0.16132756 -0.15805182
vn 0.97153097 -0.13948075 -0.19150129
vn -0.13052177 -0.99144542 -9.8047959e-13
vn 0.13052177 -0.99144542 9.8047959e-13
vn 7.5119997e-12 6.0276869e-21 -1
vn -0.38268283 -0.9238798 -2.8747135e-12
vn 0.38268334 -0.92387956 2.8747172e-12
vn -0.60876691 -0.79334915 -4.5730568e-12
vn 0.60876691 -0.79334915 4.5730568e-12
vn -0.79335117 -0.60876429 -5.9596538e-12
vn 0.79335117 -0.60876429 5.9596538e-12
vn -0.9238798 -0.38268283 -6.940185e-12
vn 0.9238798 -0.38268283 6.940185e-12
vn -0.99144483 -0.13052635 -7.4477334e-12
vn 0.99144477 -0.13052705 7.4477325e-12
vn -0.99144506 0.13052487 -7.4477351e-12
vn 0.99144495 0.13052557 7.4477343e-12
vn -0.92387813 0.38268688 -6.9401724e-12
vn 0.92387813 0.38268688 6.9401724e-12
vn -0.79335541 0.60875875 -5.9596859e-12
vn 0.79335541 0.60875875 5.9596859e-12
vn -0.6087597 0.79335463 -4.573003e-12
vn 0.6087597 0.79335463 4.573003e-12
vn -0.38268283 0.9238798 -2.8747135e-12
vn 0.38268334 0.92387956 2.8747172e-12
vn -0.13053299 0.99144399 -9.8056383e-13
vn 0.13053299 0.99144399 9.8056383e-13
vn 0.93855292 -0.22479743 -0.26188645
vn 0.94902366 -0.065754719 -0.30827001
vn -0.9687776 -0.12594207 -0.21356162
vn -0.97444421 -0.15979356 -0.15787479
vn -0.97455341 -0.15805635 -0.15894592
vn 0.97416294 -0.16132469 -0.15805358
vn 0.98517889 -0.095593594 -0.14242342
vn 0.93141848 -0.038374934 -0.36192131
vn -0.98965645 -0.058376987 -0.13104281
vn -0.97661161 -0.13653713 -0.16609442
vn -0.94533068 -0.041229784 -0.32349649
vn 0.93142056 -0.038378634 -0.36191544
vn -0.94552648 -0.040546279 -0.32301033
vn -0.99677074 -0.065048449 -0.047082491
vn 0.93142104 -0.038377125 -0.36191434
vn 0.99817467 -0.059949826 -0.0073031201
vn 0.99817473 -0.059954505 -0.0072551235
vn 0.98740202 0.0021129895 -0.1582175
vn 0.98740274 0.0021101334 -0.15821293
vn 0.94826525 -0.24344294 0.20378542
vn 0.9945268 -0.025356945 -0.10135826
vn -0.99452668 -0.025354359 -0.10135975
vn -0.96810079 0.073427446 -0.23956059
vn -0.99416369 -0.022250861 -0.10556237
vn -0.96795827 0.073767178 -0.24003157
vn -0.99719232 -0.057938632 -0.047440682
vn -0.99719262 -0.057951033 -0.047418635
vn 0.97806919 -0.2081475 -0.0074367831
vn 0.96292621 -0.2697646 0.00036951361
vn -0.96538949 -0.25939548 -0.027150497
vn -0.99319768 -0.11286788 0.028620897
vn 0.70710677 1.4142093e-15 0.70710677
vn -0.70710647 -1.4142172e-15 0.70710707
vn -0.99473238 0.091103025 -0.046986207
vn 0.99760038 0.068835907 -0.0074255327
vn -0.99469912 0.091303937 -0.047300063
vn 0.99760127 0.068824545 -0.0074078743
vn -0.63611251 -0.064129665 0.76892668
vn -0.84455001 0.007442601 0.53542501
vn -0.82832521 -0.014992918 0.56004691
vn 0.63742429 5.1334517e-08 0.770513
vn 0.84750968 0.0010431875 0.53077888
vn 0.76782686 -0.057871033 0.63803834
vn -0.63610733 -0.064131737 0.76893079
vn -0.68832541 -0.035517719 0.72453201
vn 0.69138718 -0.040462319 0.72135055
vn 0.68976861 -0.061951052 0.72137463
vn -0.95983618 0.15163726 0.2360523
vn -0.93901312 0.066891678 0.33731267
vn -0.7787618 -0.021433398 0.62695348
vn -0.76749492 -0.034338363 0.64013469
vn -0.71066779 -0.075906254 0.69942087
vn -0.75247562 -0.031982906 0.65784305
vn 0.77265376 -0.025242995 0.63432556
vn 0.71697807 -0.055374146 0.69489288
vn 0.71767491 -0.049516685 0.6946156
vn 0.96314847 0.12608592 0.23758651
vn 0.89838421 0.0059053428 0.43917078
vn 0.96267551 0.052483767 0.26552093
vn -0.97614014 0.20837942 0.061061222
vn -0.98163843 0.13066943 0.13896565
vn 0.98346341 0.089361638 -0.15752541
vn 0.94600075 -0.32351443 -0.020517943
vn -0.94812012 -0.31739542 -0.018120728
vn -0.97566354 -0.21835913 0.019999584
vn -0.94526255 -0.32601741 -0.013834386
vn 0.98190886 0.17792408 0.064791977
vn 0.99014223 0.099706829 0.098371394
vn -0.99486566 0.092905886 -0.040134992
vn -0.95862061 0.26101974 -0.11364508
vn -0.9819892 0.18499757 -0.03838126
vn 0.91846389 -0.22300854 -0.32663628
vn 0.90366071 -0.33478329 -0.26705325
vn 0.89284015 -0.35615447 -0.27566364
vn -0.93124425 -0.26465076 -0.25048783
vn 0.9532845 -0.047802582 -0.2982676
vn 0.96115255 0.0086105177 -0.27588335
vn 0.92746007 0.076908685 -0.36592737
vn -0.91755372 -0.16539183 -0.36158085
vn -0.95328492 -0.047802761 -0.29826632
vn -0.92746025 0.076909631 -0.36592674
vn -0.96115214 0.0086130239 -0.27588475
vn 0.99235648 0.10899725 -0.05786382
vn 0.96607572 0.23280975 -0.11179153
vn -0.99411887 0.097437315 -0.047260847
vn 0.97293383 0.1706668 -0.1557965
vn 0.77103424 1.5420647e-15 0.63679367
vn 0.90993047 -0.39395952 -0.12970132
vn 0.90070283 -0.41819808 -0.11766399
vn 0.90746123 -0.40484852 -0.11230241
vn -0.90767729 -0.34031516 -0.24557582
vn -0.92360312 -0.38079458 -0.044189736
vn -0.90746123 -0.40484852 -0.11230241
vn -0.90892458 -0.40188304 -0.11111309
vn -0.95237505 0.19289067 -0.23616728
vn 0.95013291 0.21018888 -0.23036516
vn 0.98672903 0.037524376 -0.15798023
vn 0.72896051 -0.67453337 -0.11671022
vn 0.98670149 0.037779856 -0.15809137
vn 0.72848123 -0.67497474 -0.11715031
vn -0.95341963 0.1879604 -0.23592767
vn -0.9677372 0.16943428 -0.18648537
vn -0.93836772 0.23406354 -0.25432321
vn -0.95308053 0.18909687 -0.23638922
vn -0.94617814 -0.2228756 -0.23467724
vn 0.75052869 -0.41471863 -0.51450473
vn -0.966757 0.045002054 -0.25170562
vn -0.94618165 -0.22291659 -0.23462398
vn 0.98670501 0.037748612 -0.15807682
vn 0.97905141 0.12990528 -0.15678956
vn -0.95311308 0.18899105 -0.23634274
vn -0.90088248 0.081499606 0.42634323
vn -0.8830691 0.045590814 0.46702293
vn -0.63741952 -1.2748437e-15 0.77051693
vn 0.91753167 -0.39766076 0.0012354132
vn 0.93640399 -0.35014334 -0.023391504
vn 0.94943595 -0.31383064 -0.0090394178
vn -0.92276388 -0.38360539 -0.03679353
vn 0.63742083 1.2748371e-15 0.77051586
vn 0.63711774 -0.030834638 0.77014947
vn 0.90362561 0.070310384 0.42251295
vn 0.83349121 -0.0019130917 0.55252939
vn -0.13052598 -2.6104597e-16 -0.99144489
vn 0.13052598 2.6105794e-16 -0.99144489
vn 0.92932487 -0.19445983 -0.31391191
vn -0.94555801 -0.26523504 -0.18860117
vn -0.79592246 -0.039075579 0.60413623
vn -0.75000077 -0.065023638 0.65823311
vn 0.79653031 1.5930569e-15 0.60459864
vn 0.79583186 -0.041868806 0.60406846
vn -0.79653078 -1.5930652e-15 0.60459799
vn 0.79652995 3.3880294e-08 0.60459906
vn -0.79652995 3.9305856e-08 0.60459906
vn -0.79652965 1.0355542e-07 0.60459948
vn 0.74992537 -0.10016137 0.65389574
vn 0.79583114 -0.041869208 0.60406929
vn 0.75432897 -0.054810312 0.65420461
vn -0.9047367 -0.3401151 -0.25646299
vn -0.91702425 -0.31397969 -0.2459335
vn -0.86240816 -0.18310072 -0.47193891
vn -0.83673209 0.013019864 0.54745764
vn -0.83034623 0.0036831836 0.55723566
vn -0.77365875 -0.06774044 0.62997097
vn -0.81116539 -0.020536885 0.58445609
vn -0.95879602 0.27230874 0.080981985
vn -0.96279061 0.16431545 0.2145569
vn 0.91943175 0.20213465 -0.3373231
vn 0.93678701 0.065861985 -0.34364566
vn 0.78208113 -0.025503879 0.6226545
vn 0.83518511 0.015649999 0.54974627
vn 0.83209854 0.0093445145 0.55454904
vn 0.78061384 -0.04010848 0.62372535
vn -0.95311677 0.18898498 -0.23633261
vn -0.96948498 0.048011623 -0.24040338
vn -0.93356651 0.34244141 -0.10577081
vn -0.96734124 0.25313225 -0.013226329
vn 0.96715581 0.23921633 0.085937329
vn 0.94199741 0.10252947 0.31957555
vn 0.97738218 0.18065563 0.10994393
vn 0.90846986 -0.37048092 -0.19345903
vn 0.87840933 -0.45270267 -0.15315792
vn -0.90169913 -0.41034138 -0.13623023
vn -0.90783048 -0.39821872 -0.13139875
vn -0.38268456 -7.6536357e-16 -0.92387909
vn 0.38268456 7.6537468e-16 -0.92387909
vn 0.91942692 0.20214047 -0.33733273
vn 0.93678492 0.065861382 -0.34365135
vn -0.87937552 0.38928974 -0.27413902
vn -0.93041962 0.31019977 -0.19518055
vn 0.94673157 0.30614072 -0.099885851
vn 0.9688803 0.23725438 -0.070578344
vn 0.92834073 0.081921197 -0.36259118
vn -0.8965109 0.16438974 -0.41139305
vn -0.89650869 0.16439286 -0.41139662
vn -0.92871422 0.084107079 -0.36113146
vn 0.95308262 0.21279785 -0.21529181
vn 0.893058 0.35805801 -0.27247369
vn -0.90659344 0.070823267 -0.41601977
vn -0.93351227 0.14945082 -0.32591301
vn -0.89584148 0.28590292 -0.34018758
vn -0.85163939 0.34454697 -0.39496541
vn 0.89302957 -0.44996563 0.0053996788
vn 0.90595806 -0.4232673 -0.0092087379
vn -0.89687413 -0.44196177 -0.016928155
vn -0.93124193 -0.36410466 0.014705047
vn -0.81943476 -1.638873e-15 0.57317245
vn 0.91466558 0.19375324 -0.35474861
vn 0.85771775 0.32355025 -0.39954409
vn 0.92403239 0.17675899 -0.33899918
vn 0.93513817 0.088518776 -0.34304669
vn -0.88460183 0.22957668 -0.40592384
vn 0.84901696 -0.012773902 -0.52821118
vn 0.82873279 -0.24906431 -0.5011676
vn 0.90010703 -0.089541718 -0.42636791
vn -0.90010673 -0.089542717 -0.42636842
vn -0.84901565 -0.012773548 -0.52821332
vn 0.85989439 -0.45657146 -0.22830701
vn 0.88186491 -0.31850606 -0.34766108
vn -0.8788141 -0.4255704 -0.21581388
vn -0.85989439 -0.45657146 -0.22830701
vn -0.88186491 -0.31850606 -0.34766108
vn -0.85164428 -0.25325087 -0.45887473
vn -0.93684703 0.16560932 0.30804414
vn -0.92327166 0.11513917 0.36648667
vn 0.99986309 -0.01654622 3.7624416e-06
vn 0.99518633 0.098001085 3.7448431e-06
vn -0.9998616 -0.016637428 2.0270993e-05
vn 0.84550697 0.12354195 -0.51947606
vn 0.93511897 0.088523306 -0.34309778
vn 0.87805921 0.080413379 -0.47174755
vn -0.90571207 0.083292633 -0.41562963
vn -0.87889922 0.083765291 -0.46959504
vn -0.80877757 0.17692572 -0.56087083
vn -0.80876625 0.17693777 -0.5608834
vn -0.88459307 0.22958508 -0.40593815
vn 0.94039798 0.14929269 0.30555421
vn 0.88710356 0.06448777 0.45704332
vn 0.92400593 0.17679125 -0.33905441
vn 0.99988842 -0.014927986 0.00058817025
vn 0.99691588 -0.078469224 0.0011498741
vn 0.99455166 -0.10408063 0.0058547677
vn -0.99546421 -0.091014899 -0.027700091
vn -0.79448086 -0.0716772 0.60304439
vn 0.82421392 0.25348985 -0.50637364
vn 0.79652965 -1.9288915e-08 0.60459948
vn 0.88983065 -0.45577016 -0.021794535
vn 0.87669015 -0.48099303 -0.0077509382
vn -0.88609147 -0.46351033 -0.00030601304
vn -0.90217495 -0.43116716 0.013237634
vn -0.79448056 -0.071677402 0.60304475
vn -0.80884582 -0.055828974 0.58536446
vn -0.91740602 0.39185753 -0.069382228
vn -0.95942616 0.26729417 0.089751258
vn -0.88574588 0.054167327 0.46099907
vn -0.88322514 0.049101032 0.46637157
vn 0.81191331 -0.060465146 0.58063823
vn 0.81319571 -0.043818858 0.58033842
vn -0.83102995 -0.055284046 0.55347341
vn -0.86319 -0.0052274489 0.50485212
vn -0.84961343 0.46264941 -0.25320461
vn -0.91531104 0.37109578 -0.15650423
vn 0.84672427 1.6934453e-15 0.53203195
vn -0.84672427 -1.6934517e-15 0.53203195
vn 0.88711596 0.064947136 0.45695415
vn 0.93343049 0.35325259 -0.062611312
vn 0.95883906 0.20853722 0.19271705
vn 0.94950515 0.31044894 -0.045402594
vn 0.84121597 -0.023769928 0.54017657
vn 0.83967286 0.0024398963 0.54308701
vn 0.83691406 -0.033008285 0.54633808
vn -0.76656419 0.49709007 -0.4065474
vn -0.84421813 0.42117473 -0.33152315
vn 0.92210531 -0.38149917 0.064654112
vn 0.94358015 -0.32916641 0.036137868
vn 0.95582753 -0.2894474 0.051126372
vn -0.93012172 -0.36660871 0.021716341
vn -0.95582795 -0.28944561 0.051128428
vn 0.87108523 0.42384821 -0.24811937
vn 0.9030028 0.36525813 -0.22621323
vn 0.81101966 -0.2456865 -0.53092867
vn 0.85346603 -0.16340572 -0.49486801
vn 0.77462703 -0.059699252 -0.62959427
vn -0.81102091 -0.24568674 -0.53092664
vn -0.85346723 -0.16340597 -0.49486583
vn -0.77462947 -0.059700709 -0.62959117
vn -0.84807098 0.24239884 -0.47118825
vn -0.8038314 0.20756821 -0.557468
vn -0.79216188 0.38787851 -0.47120041
vn -0.7270515 0.44580415 -0.52216357
vn -0.60876149 -1.2175183e-15 -0.79335326
vn 0.60876149 1.2175278e-15 -0.79335326
vn 0.86944503 0.33123389 -0.36653709
vn 0.78628504 0.46465394 -0.40725002
vn 0.86519432 -0.34892121 -0.36012879
vn -0.80563855 -0.23763575 -0.54265618
vn -0.80916238 -0.43586895 -0.39404893
vn 0.84919804 0.081480071 -0.52175063
vn 0.84921229 0.081472225 -0.52172863
vn 0.75358176 0.13792205 -0.64272237
vn 0.84918082 0.081484333 -0.52177799
vn 0.82399076 0.060254328 -0.56339031
vn -0.69073665 0.18469436 -0.69912153
vn -0.81830889 0.091310866 -0.56747943
vn -0.81830502 0.091312803 -0.56748474
vn -0.82399315 0.060252596 -0.56338704
vn -0.84979641 0.026671151 -0.52643585
vn -0.6907599 0.18467689 -0.69910318
vn 0.73668718 0.42224607 -0.52820474
vn 0.83391792 0.2579993 -0.48787019
vn 0.82042873 0.26975638 -0.50411135
vn -0.78637469 0.29021502 -0.54533488
vn -0.78634185 0.29023585 -0.54537112
vn 0.99679828 -0.07846462 0.015378897
vn 0.97444856 -0.22244446 0.031120209
vn -0.99659002 -0.079348363 0.022630367
vn -0.99630952 -0.085833445 1.1472926e-05
vn -0.97425801 -0.22304367 0.032754079
vn -0.99625373 -0.085123256 0.015250624
vn -0.99521929 -0.097065404 0.010810834
vn 0.8204664 0.26972964 -0.50406426
vn 0.87742728 -0.46085685 -0.13316263
vn 0.82122749 -0.56614852 -0.071142472
vn -0.86746216 -0.49594447 -0.039350912
vn -0.88026524 -0.47356299 -0.029516397
vn -0.8164075 0.11374231 -0.56616384
vn -0.71370357 0.32879987 -0.61848027
vn -0.74870151 0.30120516 -0.59052646
vn 0.70610833 0.31424788 -0.63455439
vn 0.85023504 -0.064693145 -0.52241284
vn 0.88511693 0.043931577 0.46329048
vn 0.88555646 0.066285871 0.45977819
vn 0.88815689 -0.45276627 0.078613319
vn 0.91087854 -0.40918109 0.053582534
vn -0.89681578 -0.44052121 0.040773682
vn -0.93572342 -0.34367427 0.079433605
vn 0.689861 0.30729306 -0.65548664
vn 0.62186009 -0.51396292 -0.59087408
vn -0.94855517 0.25678638 0.18521297
vn -0.94595802 0.19191186 0.26140636
vn 0.69029111 -0.12886405 -0.71196365
vn 0.74870127 -0.32600388 -0.57720697
vn 0.79435647 -0.25667238 -0.55056065
vn -0.72185761 -0.36218596 -0.58969736
vn -0.66881126 -0.10631057 -0.7357918
vn -0.69028968 -0.12886375 -0.71196508
vn 0.75614959 -0.0063025206 -0.65436846
vn 0.64184445 0.10600155 -0.75947309
vn -0.75614852 -0.0063013393 -0.65436965
vn -0.64184552 0.10600056 -0.75947231
vn 0.99993294 -0.011582749 1.9439954e-06
vn 0.99518657 0.097998187 1.9347679e-06
vn 0.95428747 0.23542742 0.18414485
vn 0.9247058 0.14000398 0.35400292
vn -0.67412698 0.2827718 -0.68234372
vn 0.73456228 -0.56997192 -0.36817151
vn 0.74601024 -0.32200515 -0.58290774
vn 0.75737894 -0.51599807 -0.40015385
vn 0.81137592 -0.448879 -0.37440187
vn -0.81137496 -0.44887879 -0.37440416
vn -0.75737983 -0.51599574 -0.40015519
vn -0.79297286 -0.40067881 -0.45896676
vn -0.99980253 -0.019872885 -5.8866877e-05
vn -0.99996114 0.0088177808 -6.4221545e-05
vn -0.99963051 0.026948551 0.0035507875
vn 0.98075551 -0.18774585 0.053574041
vn 0.98075438 -0.18775223 0.053571668
vn 0.94968778 -0.30125454 0.085667215
vn -0.94942147 -0.30170628 0.087018229
vn -0.98028868 -0.19026659 0.053222936
vn -0.98028737 -0.19027437 0.053220037
vn -0.67416811 0.28275281 -0.68231094
vn -0.84101623 0.50141454 -0.20316279
vn -0.92819142 0.3708263 -0.030799026
vn 0.68987179 0.30728701 -0.65547818
vn 0.62187433 -0.51394957 -0.59087074
vn -0.6740948 0.28276566 -0.68237805
vn -0.66906565 -0.30680156 -0.67692244
vn -0.73818964 0.56285256 -0.37185088
vn -0.83324569 0.4765802 -0.2803086
vn 0.68990523 0.30727148 -0.65545022
vn 0.6219089 -0.51393187 -0.5908497
vn -0.63497519 0.58303863 -0.5068258
vn -0.73574358 0.51405215 -0.44094416
vn -0.79652935 -1.5930623e-15 0.60459989
vn -0.58528501 0.52651906 -0.61661911
vn -0.66873258 0.4725796 -0.57399064
vn 0.82542223 -0.51356888 -0.2343611
vn 0.75042307 -0.62663966 -0.21020934
vn -0.82542163 -0.51356989 -0.2343609
vn -0.75042307 -0.62663966 -0.21020934
vn -0.82904452 -0.53379798 -0.16656804
vn 0.41058406 -0.24910174 -0.87713683
vn -0.67402691 0.17625016 -0.71737272
vn -0.6690039 -0.30671978 -0.67702049
vn 0.68987733 0.30727962 -0.6554758
vn 0.71117294 0.19399953 -0.6757198
vn -0.6484918 0.27739382 -0.70888013
vn -0.6836195 0.23227432 -0.6918909
vn -0.9135232 -0.0071783797 0.40672323
vn -0.86004168 -0.05981585 0.50670534
vn -0.92374122 0.10136425 0.3693608
vn 0.86553162 0.46034908 -0.19731624
vn 0.94568068 0.31842098 0.065544859
vn 0.88269931 0.43110773 -0.18705097
vn -0.56551313 0.40823761 -0.71661496
vn -0.62163001 0.36931628 -0.69078332
vn 0.79652995 1.5930563e-15 0.60459906
vn 0.79515642 -0.058701076 0.60355645
vn 0.80393159 0.4756223 -0.35703984
vn 0.7669934 0.5240441 -0.37026864
vn 0.65979451 0.55043346 -0.51156056
vn 0.75521106 0.43335831 -0.4917894
vn -0.88136828 -0.038802765 0.47083363
vn -0.90757096 0.013989584 0.41966566
vn 0.59814924 0.50122988 -0.62528884
vn 0.72553378 0.32515609 -0.60652637
vn 0.85671824 -0.12107322 0.50137329
vn 0.91347778 -0.012197094 0.40670574
vn 0.91347688 -0.012198144 0.40670779
vn 0.86411721 -0.049676109 0.50083303
vn 0.92577094 0.12161733 0.35799074
vn 0.89595377 1.791905e-15 0.44414726
vn 0.66441572 0.22445302 -0.71286225
vn 0.56450391 0.39199099 -0.72641474
vn 0.88884664 0.040090177 0.4564476
vn 0.88801682 0.012056726 0.45965293
vn 0.54014587 0.040633775 -0.84058988
vn 0.59676647 -0.21143278 -0.7740581
vn 0.67887908 -0.089914039 -0.728724
vn -0.50815535 0.067398585 -0.85862422
vn -0.54014486 0.040634606 -0.84059048
vn -0.60725588 -0.19726039 -0.76962888
vn 0.8741231 -0.48566315 0.0063387449
vn 0.80929077 -0.58109891 0.085863285
vn 0.86355495 -0.50103897 0.056857828
vn -0.8629027 -0.50197935 0.058443371
vn -0.87334847 -0.48422214 0.052833814
vn -0.86088407 -0.50585985 0.054629788
vn -0.90230697 -0.42107779 0.092388086
vn 0.63334143 -0.45507863 -0.625925
vn 0.63076079 -0.46638453 -0.62018251
vn 0.58026844 -0.19380528 -0.79102975
vn -0.65660113 -0.43062606 -0.61922216
vn -0.63334143 -0.45507863 -0.625925
vn -0.65881264 -0.28160182 -0.69761473
vn 0.56583178 0.1694352 -0.80692387
vn 0.56585771 0.16942835 -0.80690712
vn 0.59749895 0.14309886 -0.78899789
vn -0.58779103 0.12462486 -0.79935622
vn -0.55025464 0.18665028 -0.81386822
vn -0.55025613 0.18664907 -0.81386751
vn 0.54788947 0.29912663 -0.78124285
vn 0.95215571 -0.29104653 0.093227871
vn 0.9241938 -0.35945624 0.1290621
vn 0.95215768 -0.29103908 0.093230754
vn -0.92456996 -0.35900846 0.12760608
vn -0.95224774 -0.29007599 0.095289685
vn -0.95224464 -0.29008776 0.09528514
vn 0.73307079 -0.46358588 -0.49768999
vn 0.60303533 -0.66677159 -0.43790868
vn 0.66846257 -0.61522287 -0.41792175
vn -0.66846418 -0.61522269 -0.41791952
vn -0.7609973 -0.5254733 -0.38047466
vn -0.53652948 0.28708911 -0.79354644
vn 0.54785788 0.29913738 -0.78126091
vn 0.5906623 -0.18019153 -0.78654248
vn 0.43835649 -0.036995739 -0.89803946
vn -0.41648024 -0.017994436 -0.90896666
vn -0.4905144 -0.3005473 -0.81796509
vn -0.50845629 -0.28059122 -0.81408894
vn 0.6503523 -0.42145762 -0.63199317
vn 0.51697862 -0.64827186 -0.55899614
vn -0.57281464 -0.60900694 -0.54862916
vn -0.69949216 -0.4990074 -0.51156849
vn 0.51743335 0.29819286 -0.80208713
vn 0.55252576 0.27174857 -0.78795177
vn 0.56899834 0.13332334 -0.81145906
vn -0.53778303 0.28736973 -0.79259574
vn -0.53630728 0.28839055 -0.79322469
vn 0.91354483 1.8270871e-15 0.40673804
vn -0.91354674 -1.827096e-15 0.40673372
vn 0.91354543 -5.3119244e-08 0.40673667
vn -0.91354531 1.0801202e-07 0.40673694
vn -0.91354543 7.7834898e-08 0.40673667
vn 0.41052753 0.17896144 -0.89411408
vn 0.52272606 0.090851367 -0.84764588
vn -0.40083173 0.18859541 -0.89652979
vn -0.40084302 0.18858719 -0.89652646
vn -0.55524385 0.13140112 -0.82124174
vn -0.51203752 0.073583551 -0.85580552
vn -0.41849846 0.46722096 -0.77882195
vn -0.48237175 0.43211505 -0.76196724
vn 0.89587349 -0.019864578 0.44386491
vn 0.89684826 0.0014480021 0.4423359
vn 0.92495853 0.086366482 0.370125
vn 0.92323112 0.12408955 0.36365652
vn -0.9341864 0.3510797 0.063551873
vn -0.94921565 0.27367863 0.15520845
vn -0.53813642 0.54002398 -0.64713466
vn -0.44151407 0.58744186 -0.67821634
vn 0.43305311 -0.6004163 -0.67228359
vn 0.55748427 -0.35671183 -0.74964523
vn -0.46988764 -0.5752672 -0.66953212
vn -0.62632501 -0.44545299 -0.63975668
vn 0.74373889 -0.66751826 0.035661932
vn 0.81152833 -0.58272427 -0.043060575
vn 0.8292135 -0.53203911 -0.17128733
vn -0.81851727 -0.57221437 -0.050992377
vn -0.81275237 -0.58097494 -0.043607913
vn -0.81274658 -0.58098274 -0.043612052
vn 0.58645821 0.40397516 -0.70204765
vn 0.41836575 0.44938478 -0.78931832
vn -0.79335326 -1.5867029e-15 -0.60876149
vn 0.79335326 1.5867102e-15 -0.60876149
vn -0.49840048 0.64891493 -0.57489681
vn -0.61696166 0.58919674 -0.52173316
vn 0.94345492 0.32538655 0.063375048
vn 0.94317245 0.22251599 0.24680434
vn 0.45633692 0.56140107 -0.69035172
vn 0.62419653 0.51655585 -0.58613026
vn -0.53632975 0.28838345 -0.79321206
vn 0.46593219 -0.27354488 -0.84147513
vn 0.35844675 -0.52564168 -0.77150291
vn -0.37168244 -0.51608688 -0.77169067
vn -0.54823685 -0.36594233 -0.75201231
vn -0.6135844 0.64266175 -0.45880288
vn -0.73261797 0.56578493 -0.37836272
vn 0.39574546 0.31685409 -0.8619681
vn 0.68563038 0.56599599 -0.45777676
vn 0.52663475 0.61696011 -0.5848214
vn -0.74056393 0.59533215 -0.31168047
vn -0.8719753 0.46916872 -0.13978483
vn 0.41525024 0.098259211 -0.90438509
vn 0.41524559 0.09826076 -0.90438706
vn 0.47680092 0.067078315 -0.87644815
vn 0.34028444 -0.11639857 -0.93309051
vn 0.41526011 0.09825597 -0.90438092
vn -0.4061048 0.10065044 -0.90826666
vn -0.28804991 0.15568757 -0.94487494
vn -0.40614817 0.10063604 -0.9082489
vn -0.38627625 -0.058082927 -0.92055255
vn -0.3886297 0.30553547 -0.86926121
vn 0.91577441 -0.39024565 0.095213383
vn 0.91364509 -0.40461415 0.039243702
vn 0.85269654 -0.47988167 0.20645152
vn 0.9157753 -0.39024332 0.095214367
vn -0.88600707 -0.43803677 0.15203723
vn -0.91816914 -0.38379329 0.09832646
vn -0.91817641 -0.38377383 0.098334648
vn 0.48344132 -0.25514159 -0.83736926
vn -0.31009963 -0.088374205 -0.94658768
vn -0.28743947 -0.43645954 -0.85257351
vn -0.31403452 -0.41470057 -0.85405254
vn 0.64789957 0.60519481 -0.46256393
vn 0.78778446 0.53537422 -0.30458173
vn 0.90310079 0.42595798 -0.054486565
vn 0.77263838 0.5543651 -0.30936912
vn 0.39549357 0.31681386 -0.86209852
vn 0.3957634 0.31669635 -0.86201787
vn -0.41292453 0.3123275 -0.85553777
vn -0.3863306 0.32237881 -0.86418784
vn -0.92856765 -1.8571375e-15 0.37116325
vn -0.94648081 0.18816383 0.26223743
vn -0.9459033 0.17340137 0.27422428
vn -0.90804255 0.09823139 0.40719688
vn 0.22731954 0.073839366 -0.97101676
vn 0.20717095 0.089747451 -0.97417945
vn 0.23146315 -0.17676321 -0.9566502
vn 0.16378208 -0.24816929 -0.95477086
vn -0.20717095 0.089747451 -0.97417945
vn -0.23146316 -0.17676362 -0.95665008
vn -0.38642895 0.32235748 -0.86415178
vn -1 -2e-15 -7.5119997e-12
vn -0.99318397 0.11655717 -7.4607985e-12
vn -0.99636585 -0.085129306 0.0028469292
vn -0.91171694 -0.063235864 0.40592289
vn -0.91171658 -0.063236333 0.40592372
vn -0.9022876 -0.082635172 0.42314127
vn 0.39579222 0.31669 -0.86200696
vn -0.40763232 0.051993802 -0.91166472
vn -0.2937791 0.33329588 -0.89588374
vn -0.2837024 0.33836889 -0.89722878
vn 0.41725177 -0.011654641 -0.9087162
vn 0.27239001 0.33965963 -0.90024161
vn 0.7503736 -0.62287337 -0.22128759
vn -0.71985501 -0.65037638 -0.24252702
vn -0.71986574 -0.65036654 -0.24252142
vn -0.74518424 -0.58464378 -0.32076803
vn -0.92478496 0.079728462 0.37204319
vn -0.92484581 0.010504399 0.38019717
vn 0.94912106 0.18427365 0.25536734
vn -0.28428906 0.50919777 -0.81234068
vn -0.35020381 0.47925815 -0.80477881
vn 0.90633583 -0.07158079 0.4164511
vn 0.90881366 -0.037554782 0.41550866
vn 0.91354573 4.0872635e-08 0.40673599
vn -0.40765843 0.051940702 -0.91165608
vn -0.38852218 0.30612531 -0.8691017
vn 0.41724527 -0.011639617 -0.90871936
vn 0.39517722 0.321098 -0.86065733
vn 0.25572699 0.28776485 -0.92292744
vn 0.26453531 0.1359072 -0.95475143
vn 0.92746991 0.083381988 0.36448181
vn 0.92823583 0.040178418 0.36981609
vn 0.44567138 0.46448365 -0.76526594
vn 0.28444153 0.49081931 -0.82352257
vn -0.25694638 0.28372827 -0.92383808
vn -0.26527852 0.14168039 -0.95370537
vn 0.70289123 -0.63084418 -0.32860252
vn 0.64964527 -0.57261747 -0.50007027
vn 0.63846695 -0.71182126 -0.29269508
vn 0.70284247 -0.63088661 -0.3286252
vn -0.68202406 -0.65483528 -0.32562846
vn -0.6965391 -0.62925625 -0.34477505
vn -0.41114101 0.59237248 -0.69286209
vn -0.30770758 0.63203275 -0.71123177
vn -0.1514143 0.29967734 -0.94194859
vn -0.26749387 0.061067976 -0.96162242
vn -0.26527941 0.14168097 -0.95370507
vn 0.26453677 0.13590787 -0.95475096
vn 0.13482021 0.19259778 -0.97197205
vn 0.2326182 0.12267641 -0.96480012
vn -0.14554259 0.18291841 -0.97229534
vn -0.14552657 0.18292959 -0.97229564
vn -0.20129512 0.082189709 -0.97607636
vn 0.25572771 0.28776473 -0.92292732
vn 0.8715018 -0.49038762 -0.0021510799
vn 0.87149835 -0.49039379 -0.002130745
vn -0.87445259 -0.48480183 -0.017315391
vn -0.87445837 -0.48479164 -0.017310327
vn 0.49001715 0.58137017 -0.64953208
vn 0.32294568 0.60604334 -0.72692335
vn -0.18802963 0.35125539 -0.91720474
vn -0.11807046 0.38571176 -0.91503322
vn 0.58042282 -0.62284809 -0.52456617
vn -0.51608276 -0.51359695 -0.68547559
vn -0.55872393 -0.63768291 -0.53027171
vn -0.55873919 -0.63767326 -0.53026724
vn 0.27523592 0.34116334 -0.89880627
vn 0.18712494 0.15904346 -0.96937579
vn 0.10615597 0.38717932 -0.91587287
vn 0.17368393 0.35409299 -0.91894072
vn 0.095791824 -0.049094714 -0.99418992
vn 0.097205102 -0.22702494 -0.96902573
vn 0.097206935 -0.22702314 -0.96902597
vn 0.16510633 -0.24965405 -0.9541555
vn -0.094756037 -0.23360461 -0.96770358
vn -0.19000313 -0.13758935 -0.97209466
vn -0.25497177 -0.34972972 -0.90148681
vn -0.12626413 -0.23154849 -0.96459454
vn -0.49752402 0.64909005 -0.57545805
vn -0.36785373 0.69837004 -0.61397308
vn -0.1440025 0.23034832 -0.96239436
vn 0.020449337 -0.069564782 -0.9973678
vn 0.020509271 -0.069495812 -0.99737138
vn 0.13693683 0.081155971 -0.98724973
vn 0.059025809 0.090978041 -0.99410206
vn 0.11615476 0.046015903 -0.99216461
vn -0.044577297 0.10223485 -0.993761
vn -0.042866949 0.1026465 -0.99379379
vn -0.11523525 0.046745561 -0.99223775
vn -0.019813258 -0.070792578 -0.99729425
vn -0.019798985 -0.070808984 -0.99729335
vn -0.14757535 0.084837243 -0.98540556
vn -0.027143143 -0.066838749 -0.9973945
vn 0.13366383 0.2313893 -0.96363527
vn 0.51314008 -0.57169914 -0.64019322
vn 0.51770711 -0.71511382 -0.46967179
vn 0.36329895 -0.41753575 -0.83287323
vn 0.51310837 -0.57171988 -0.64020008
vn -0.5147779 -0.64478302 -0.56502974
vn -0.47399306 -0.54076439 -0.69491327
vn 0.22401862 -0.35568181 -0.90736216
vn 0.20966212 -0.36698228 -0.90629232
vn -0.21007234 -0.38520694 -0.89860183
vn -0.30631143 -0.46030316 -0.83324325
vn -0.14402029 0.23033041 -0.96239603
vn 0.13365054 0.23140411 -0.9636336
vn 0.33031541 -0.4568097 -0.82596403
vn 0.33778808 -0.59114438 -0.73242581
vn 0.3303737 -0.45676896 -0.82596326
vn 0.31950477 -0.4443118 -0.83696103
vn -0.28105068 -0.40349665 -0.87074739
vn -0.28690526 -0.399443 -0.87070698
vn -0.33212006 -0.4766109 -0.81396455
vn -0.33211553 -0.47661358 -0.81396484
vn 0.0010028266 -0.016238008 -0.99986768
vn -0.032959018 0.030405639 -0.99899411
vn -0.021227427 0.032705687 -0.99923956
vn 0.013001476 0.030420106 -0.99945265
vn -0.00097926531 -0.016238008 -0.99986768
vn 0.019471917 0.029151032 -0.99938536
vn 0.00010308982 0.0001753392 -1
vn -0.00072718784 -0.00070076087 -0.99999946
vn 0.00011194849 0.00018503243 -1
vn -2.757207e-05 -0.00014051778 -1
vn 9.3338087e-05 -3.8662307e-05 -1
vn 0.00017383335 0.0002161927 -0.99999994
vn 0.00010228004 6.9095448e-05 -1
vn 3.2629836e-05 -0.00025969386 -0.99999994
vn 0.00035084059 0.00046455782 -0.99999982
vn 0.00010274714 7.0557719e-05 -1
vn -3.0891439e-05 -0.00014476872 -1
vn 0.00017304145 0.00021445868 -0.99999994
vn 0.00034676649 0.00045957905 -0.99999982
vn 0.00016029958 1.1209041e-05 -1
vn -7.8735859e-05 -6.7729663e-05 -1
vn 0.00017816365 0.00022211282 -0.99999994
vn 3.2932967e-05 -0.00026572502 -0.99999994
vn -7.714102e-05 -6.6772904e-05 -1
vn 0.00016166571 1.1442697e-05 -1
vn -0.0007376945 -0.00071106781 -0.99999946
vn 0.00053410407 0.00057889288 -0.9999997
vn 0.0019869588 0.0019744171 -0.99999607
vn -7.1603979e-05 -7.4151438e-05 -1
vn -5.4140168e-05 -5.4302833e-05 -1
vn 0.00013676575 0.00015619246 -1
vn 0.00014207212 0.00016157895 -1
vn 1.8892717e-05 3.7967846e-05 -1
vn 1.0431337e-05 9.0388867e-06 -1
vn -1.0090051e-05 -1.3782446e-05 -1
vn 0.00039669883 0.00039238049 -0.99999982
vn -8.2697143e-06 -1.1767445e-05 -1
vn -0.0004585406 -0.00038575759 -0.99999982
vn 0.0028842562 0.017279951 -0.99984652
vn 0.00077509903 0.016152203 -0.99986923
vn -0.00010719281 -9.8931901e-05 -1
vn 4.1266481e-05 3.7331873e-05 -1
vn 1.3673938e-05 1.2221723e-05 -1
vn 4.2677303e-07 0.00014423436 -1
vn -1.2589826e-05 -1.4456385e-05 -1
vn -1.0930804e-05 -6.0506031e-06 -1
vn -7.6632923e-06 1.0088821e-06 -1
vn 4.0769504e-05 3.6885569e-05 -1
vn 3.8909558e-05 3.5265501e-05 -1
vn 1.5569887e-05 1.6108999e-05 -1
vn 1.5122671e-06 5.4032889e-06 -1
vn 7.5119997e-12 9.0025205e-05 -1
vn 7.7864017e-05 6.334357e-05 -1
vn 0.0001628695 0.00017420399 -1
vn -2.7241108e-06 2.0902748e-06 -1
vn -1.2010485e-05 -1.7833212e-05 -1
vn 0.00039611995 0.0003919364 -0.99999982
vn 0.00038621298 0.0003868131 -0.99999982
vn -0.00011909389 0.00015520687 -1
vn 5.260867e-05 6.8561247e-05 -1
vn -7.2403323e-06 1.7479759e-05 -1
vn -0.00045583831 -0.00038244465 -0.99999982
vn -0.0004583642 -0.00038560212 -0.99999982
vn 1.5001924e-05 3.621784e-05 -1
vn -4.1699568e-05 -3.064295e-06 -1
vn -0.00011863261 -3.2973316e-05 -1
vn -3.8218597e-05 -2.3654213e-06 -1
vn 7.0532615e-06 4.6090481e-06 -1
vn -6.7563093e-07 5.1317115e-06 -1
vn 4.6024011e-06 3.4956796e-05 -1
vn -9.8783523e-05 -2.3179966e-05 -1
vn 7.3874588e-05 3.4859931e-05 -1
vn 7.6225668e-05 3.496556e-05 -1
vn -8.6981561e-07 5.0219733e-06 -1
vn 1.3139944e-05 1.1340375e-05 -1
vn 0.010199999 0.06164499 -0.99804604
vn 0.046530951 0.054775264 -0.99741393
vn -0.0088112857 0.029658617 -0.99952126
vn -0.0050188722 0.029015847 -0.99956638
vn -0.0032197956 -0.0029544793 -0.99999046
vn 0.0048642126 0.029291036 -0.9995591
vn -0.021033732 0.060004935 -0.99797642
vn -0.0050244899 0.029009176 -0.9995665
vn 0.013135542 0.066082209 -0.99772769
vn -0.046528533 0.054778188 -0.99741387
vn -0.0029978156 0.017387049 -0.99984431
vn -0.00083680049 0.016064078 -0.9998706
vn 0.00012068906 9.7061864e-05 -1
vn 0.00042675462 0.00033419419 -0.99999988
vn -0.001789674 -0.0014761464 -0.99999732
vn -8.4047068e-05 -2.9566392e-05 -1
vn 0.0081861755 0.029225763 -0.99953932
vn -0.01826328 0.038302727 -0.99909925
vn 0.00046169927 0.00036131244 -0.99999982
vn -0.0023792447 -0.0019869497 -0.99999517
vn -0.0023969361 -0.0020031463 -0.99999511
vn 0.0022526395 0.0023517027 -0.9999947
vn 0.0022553904 0.0023543555 -0.9999947
vn -8.8459171e-07 -6.7316523e-06 -1
vn -4.2344222e-06 -9.6764797e-06 -1
vn 0.018210208 0.03836982 -0.99909765
vn -0.012357226 0.031626232 -0.99942338
vn 0.015717348 0.03556804 -0.99924368
vn 0.39718249 0.66773033 -0.62958896
vn 0.5609569 0.63759327 -0.52801728
vn -0.027417023 0.078615196 -0.99652797
vn -0.032871597 0.073051743 -0.9967863
vn -0.032880969 0.073047712 -0.9967863
vn 0.04469071 0.057075109 -0.99736911
vn 0.012957674 0.051144812 -0.99860716
vn 0.0334321 0.063643254 -0.99741256
vn -0.17099635 0.5383836 -0.82516867
vn -0.23397453 0.5137735 -0.82540458
vn -0.030564221 0.099570282 -0.99456102
vn 0.030551976 0.099858433 -0.99453247
vn 0.028233197 0.098353058 -0.99475098
vn 0.028251475 0.098354973 -0.99475032
vn 0.024718709 0.095104173 -0.9951604
vn 0.033621944 0.093129493 -0.99508613
vn -0.038218208 0.10949099 -0.99325275
vn -0.032564539 0.15715238 -0.9870373
vn 0.01269547 0.15722311 -0.98748147
vn 0.5540511 0.27015823 -0.78742743
vn 0.012617364 0.1730262 -0.9848364
vn 0.032963913 0.1815877 -0.98282212
vn 0.034217749 0.18047111 -0.9829849
vn -0.03247581 0.17146955 -0.98465401
vn -0.031151932 0.17265055 -0.98449039
vn -0.56608874 0.26751715 -0.77972955
vn -0.14399569 0.23033299 -0.96239907
vn 0.13365537 0.23140363 -0.963633
vn 0.13381058 0.22660173 -0.96475196
vn -0.48762751 0.70473516 -0.51533264
vn -0.6240961 0.63915533 -0.44942692
vn 0.31567633 0.50862688 -0.80102879
vn 0.17101029 0.52035588 -0.83665121
vn 0.13371257 0.22647291 -0.96479583
vn 0.0282245 0.10150583 -0.99443448
vn -0.042845711 0.099940926 -0.99407047
vn -0.042845327 0.099941194 -0.99407041
vn -0.042210069 0.21394832 -0.9759326
vn -0.042153481 0.21392997 -0.97593904
vn 0.032965522 0.18158771 -0.98282206
vn 0.033498079 0.0057960926 -0.99942195
vn 0.13355093 0.23138998 -0.96365076
vn -0.032461509 0.17146944 -0.98465449
vn 0.94388312 1.8877641e-15 0.33027974
vn -0.9438833 -1.8877686e-15 0.3302792
vn 0.0277505 0.20943093 -0.97742957
vn 0.032828279 0.20254552 -0.97872245
vn 0.047551759 0.18660702 -0.98128319
vn 0.033489436 0.005789916 -0.99942231
vn -0.89447719 0.44417149 -0.051207379
vn -0.93231368 0.35802001 0.051115766
vn -0.032859161 0.082531624 -0.9960466
vn -0.95115602 0.12404593 0.28269207
vn -0.95184404 0.13228662 0.27657393
vn -0.050319888 0.17960995 -0.98245007
vn -0.032324579 0.19659878 -0.97995102
vn 0.027784262 0.2030478 -0.97877455
vn 0.024223534 0.20536065 -0.97838652
vn -0.034211032 0.20301062 -0.97857869
vn -0.042279582 0.19865134 -0.97915787
vn 0.027816828 0.2030464 -0.97877389
vn 0.033068717 0.2025536 -0.97871268
vn 0.67782742 0.62123626 -0.39321175
vn 0.52508551 0.66938448 -0.5255565
vn -0.62841845 0.67231721 -0.39125422
vn -0.79760993 0.55749494 -0.23025583
vn 0.95257318 0.13379264 0.27332017
vn 0.94608516 0.18773852 0.26396424
vn 0.90814012 0.41547167 -0.051622253
vn 0.94070423 0.30926809 0.1393874
vn 0.93482673 -0.0047955154 0.35507181
vn 0.93537974 0.029943911 0.352375
vn -0.0070180316 0.32613164 -0.94529831
vn 0.028637463 0.376488 -0.92597878
vn -0.096367791 0.3735348 -0.92259687
vn 0.084642746 0.37495363 -0.9231714
vn -0.03657575 0.37712139 -0.92544132
vn -0.0011425517 0.32608131 -0.94534105
vn 0.66605043 0.63308567 -0.39443552
vn 0.83607912 0.52496606 -0.15931824
vn -0.036692083 0.32434833 -0.94522583
vn -0.03730911 0.32307491 -0.9456377
vn 0.040333699 0.32430276 -0.9450931
vn -0.29564565 0.6328513 -0.71560663
vn -0.19156641 0.66481209 -0.72202992
vn -0.064121895 0.32256892 -0.94437158
vn 0.039811142 0.32328895 -0.94546252
vn 0.062085688 0.32602033 -0.94332182
vn 0.063253216 0.32284442 -0.944336
vn 0.36368749 0.63054937 -0.68566674
vn 0.20570257 0.63948935 -0.74076974
vn -0.081673749 0.55901563 -0.8251248
vn -0.1381979 0.53919089 -0.83076745
vn -0.065937631 0.32575989 -0.9431504
vn 0.081127264 0.54207903 -0.83640224
vn 0.20425677 0.53995222 -0.81653583
vn -0.036690295 0.32429022 -0.9452458
vn 0.039842565 0.32425106 -0.94513166
vn -0.051942445 0.44704434 -0.89300245
vn -0.076866738 0.44592512 -0.89176357
vn -0.031420317 0.49465281 -0.86852252
vn 0.054171991 0.4463971 -0.89319372
vn 0.035446633 0.49458614 -0.86840546
vn 0.074705943 0.43686032 -0.89642179
vn 0.071293145 0.44562224 -0.89237779
vn -0.95312655 0.25766367 0.15861653
vn -0.95548171 0.2379546 0.17444846
vn -0.38491091 0.69674522 -0.60530132
vn -0.25078362 0.73576498 -0.62909251
vn 0.013081326 0.43940365 -0.89819449
vn -0.072055362 0.43788579 -0.89613843
vn -0.020401554 0.44008332 -0.89772516
vn -0.021525448 0.55674756 -0.83040279
vn 0.11452118 0.56227535 -0.81898189
vn -0.019691966 0.55683959 -0.83038664
vn 0.024773162 0.52943397 -0.84798938
vn 0.43993041 0.69343328 -0.57062382
vn 0.27905944 0.70681584 -0.65002865
vn 0.95590353 0.25147843 0.15168083
vn -0.98142785 0.041808903 0.18722007
vn -0.92081946 0.010465025 0.38984868
vn -0.94265896 -0.023813587 0.33290693
vn -0.94179052 -0.041882992 0.33358121
vn -0.95679313 0.047562055 0.28685313
vn -0.96093643 0.079497546 0.2651062
vn -0.19658291 0.66483772 -0.72065657
vn -0.097103111 0.69004536 -0.71722269
vn -0.91354495 -1.8270924e-15 0.40673777
vn 0.034925327 0.52396715 -0.85102212
vn 0.02890018 0.52437484 -0.85099697
vn -0.047498334 0.55083907 -0.83325881
vn -0.027582882 0.52670997 -0.84959739
vn 0.10907457 0.66591549 -0.73801035
vn 0.25233594 0.66783851 -0.70022732
vn 0.93570608 -0.12991026 0.32799
vn 0.91119635 -0.071667828 0.40569073
vn 0.98172385 0.033863492 0.18727401
vn 0.98172385 0.033863436 0.18727411
vn 0.94526607 -0.022627342 0.32551515
vn 0.95414656 0.13156821 0.26887575
vn 0.95838934 0.072069414 0.27621713
vn -0.031419795 0.49461579 -0.86854362
vn 0.035446037 0.49454916 -0.86842656
vn -0.5157913 0.6990236 -0.4953033
vn -0.36871177 0.75288212 -0.54517901
vn 0.91354549 1.8270884e-15 0.40673664
vn -0.053249978 0.56819713 -0.82116777
vn -0.083005488 0.56621575 -0.82006693
vn 0.055162635 0.56685072 -0.8219716
vn 0.080979854 0.54615736 -0.83375919
vn 0.072630674 0.56569046 -0.82141286
vn 0.027950289 0.55033505 -0.83447593
vn -0.071736149 0.54888171 -0.83281618
vn 0.40681964 0.72005677 -0.56215304
vn 0.56404293 0.69027662 -0.4531818
vn -0.026840657 0.65219003 -0.75758016
vn 0.030978952 0.65211195 -0.75748944
vn -0.5149262 0.73408407 -0.44268677
vn -0.71295029 0.63415283 -0.29925254
vn -0.11639619 0.69120461 -0.71322376
vn -0.025329685 0.71105242 -0.70268261
vn -0.83322442 0.53144795 -0.15264393
vn -0.89593303 0.44172281 -0.046744093
vn 0.046006747 0.61422026 -0.78779238
vn -0.032601234 0.621198 -0.7829752
vn 0.75316644 0.61145252 -0.2426234
vn 0.55557501 0.69755793 -0.45249233
vn 0.1598141 0.6967923 -0.69924241
vn 0.034623295 0.68858588 -0.7243278
vn -0.92387956 -1.8477568e-15 -0.38268334
vn 0.92387933 1.8477609e-15 -0.38268396
vn -0.060541913 0.6506356 -0.75697291
vn -0.03075882 0.61895424 -0.78482455
vn 0.02400342 0.62366766 -0.78132099
vn -0.28409502 0.73523349 -0.61540371
vn -0.15171759 0.76509154 -0.62579286
vn 0.85136485 0.50125593 -0.15466222
vn 0.91700971 0.39728996 0.035410922
vn 0.17711918 0.73806763 -0.65106452
vn 0.32966238 0.73699576 -0.59005082
vn -0.026840836 0.65214807 -0.75761628
vn 0.030979035 0.65206999 -0.75752556
vn -0.96688288 0.17647758 0.18437225
vn -0.96658844 0.18253852 0.17996259
vn -0.040685825 0.6760807 -0.73570341
vn -0.081876859 0.67289472 -0.73519313
vn 0.042732306 0.67435294 -0.73717165
vn 0.080200031 0.64583284 -0.75925487
vn 0.067344569 0.67247665 -0.73704809
vn -0.96163869 -0.026169753 0.27306807
vn -0.97073925 0.02870854 0.23841387
vn 0.035526671 0.65061212 -0.75857878
vn -0.065205343 0.65013009 -0.75701988
vn 0.9736411 1.9472809e-15 0.22808544
vn 0.96703464 0.18537542 0.17458516
vn 0.95286006 0.255766 0.16322213
vn 0.026149878 0.72989297 -0.68306112
vn -0.054834772 0.71396899 -0.69802678
vn 0.9648571 0.01274606 0.26246586
vn 0.96397263 0.062120967 0.25864592
vn 0.087368071 0.72026223 -0.68817812
vn -0.019595528 0.70937955 -0.7045542
vn -0.41346401 0.74805617 -0.51909482
vn -0.26277 0.79072815 -0.55290228
vn 0.067553937 0.74872142 -0.6594336
vn -0.01033226 0.73436582 -0.67867523
vn -0.070450753 0.75135696 -0.65612453
vn 0.0047561368 0.73737234 -0.67546976
vn 0.033433761 0.74024099 -0.67150986
vn 0.2990163 0.76067919 -0.57615662
vn 0.45453647 0.74542832 -0.48757896
vn -0.029155552 0.7725426 -0.63429326
vn 0.032210831 0.77247006 -0.63423371
vn -0.19824846 0.76711214 -0.61011183
vn -0.072890989 0.78950506 -0.60940027
vn -0.9422605 0.33012775 0.056220781
vn -0.94907838 0.30595151 0.075126104
vn 0.23444395 0.7715463 -0.59139866
vn 0.094174929 0.76462895 -0.63755292
vn -0.029156581 0.77249342 -0.63435304
vn 0.032211721 0.77242112 -0.63429332
vn -0.038509622 0.79779559 -0.60169691
vn -0.052735396 0.79670131 -0.60206807
vn -0.075060815 0.76774055 -0.6363492
vn 0.052218366 0.79505944 -0.60427952
vn 0.07641504 0.76460856 -0.63994884
vn 0.0386094 0.79615575 -0.60385871
vn 0.024426997 0.77105153 -0.63630408
vn -0.027327815 0.77353972 -0.63315833
vn 0.94550055 0.32191995 0.048951212
vn 0.98228723 1.9645733e-15 0.18738148
vn -0.98228675 -1.9645745e-15 0.18738391
vn 0.98228717 4.7075743e-09 0.18738186
vn -0.98228723 -2.9073497e-09 0.18738131
vn -0.98228735 -5.5867684e-08 0.18738095
vn -0.98228723 -1.6096232e-08 0.18738146
vn -0.62461829 0.69956911 -0.34706637
vn -0.40744877 0.78344148 -0.46926001
vn -0.97809792 0.082122475 0.19126007
vn -0.97881353 0.1145067 0.16974178
vn -0.96747452 -0.072564289 0.24233747
vn -0.98152739 -0.039324529 0.18723653
vn 0.44844365 0.75014496 -0.48598441
vn 0.66299045 0.68470019 -0.30270338
vn 0.96790236 0.1838489 0.17136109
vn 0.97780502 0.10720014 0.18001518
vn 0.98133737 -0.043970224 0.18719938
vn 0.96673214 -0.10138061 0.23484246
vn 0.97273719 -0.005300743 0.23184964
vn 0.98228723 4.8589463e-08 0.18738158
vn -0.12893948 0.79428852 -0.59370059
vn -0.01472277 0.8111068 -0.5847128
vn -0.75726163 0.6092996 -0.23517835
vn -0.84336597 0.52071595 -0.13262266
vn 0.15644416 0.79969865 -0.57966137
vn 0.031327762 0.7886731 -0.61401409
vn -0.32108116 0.78854311 -0.52450615
vn -0.17327292 0.82133597 -0.54349214
vn 0.7791819 0.57900745 -0.24005398
vn 0.87365818 0.48279679 -0.060238529
vn 0.35482657 0.78961366 -0.50060803
vn 0.20560052 0.79421455 -0.57179695
vn -0.98874861 -1.9774982e-15 0.14958654
vn -0.96880615 0.23277344 0.085036136
vn -0.96816123 0.23632699 0.082543291
vn -0.0055730157 0.85647529 -0.51615793
vn 0.0083065955 0.85645902 -0.51614815
vn 0.024701094 0.83092606 -0.55583429
vn -0.076062351 0.81793612 -0.57025874
vn 0.096058555 0.8232289 -0.55952382
vn -0.01265394 0.81114078 -0.58471406
vn -0.98394674 -0.0081195142 0.17827772
vn -0.98851532 0.049181707 0.14289357
vn 0.96770823 0.24069247 0.074886106
vn 0.94293386 0.32687956 0.063447267
vn 0.98543435 0.032377258 0.16694556
vn 0.98189884 0.09752816 0.16236673
vn -0.53753912 0.75491381 -0.3757084
vn -0.31087512 0.82313091 -0.47519696
vn 0.04793825 0.84921479 -0.52586704
vn -0.038402058 0.83867407 -0.54327804
vn -0.039703481 0.83227247 -0.55294317
vn 0.052055381 0.84327215 -0.53496015
vn 0.34973755 0.79333252 -0.49830428
vn 0.57242084 0.74572462 -0.34092402
vn -0.2413073 0.82226384 -0.51541537
vn -0.10197956 0.84696287 -0.52177972
vn -0.91399974 0.40354133 -0.041938733
vn -0.92647952 0.37574306 -0.021280037
vn 0.26822752 0.82528472 -0.49694982
vn 0.12902552 0.8228842 -0.55336607
vn 0.057535227 0.86567581 -0.49728775
vn -0.013864308 0.85672492 -0.51558727
vn -0.052133802 0.85175341 -0.52134264
vn 0.022323437 0.86038941 -0.509148
vn 0.99371225 1.9874239e-15 0.11196399
vn -0.99371219 -1.9874252e-15 0.11196457
vn 0.91796088 0.39354545 -0.04969712
vn 0.048509646 0.86686349 -0.49617991
vn 0.0043418808 0.87472105 -0.48460728
vn -0.047157019 0.8695991 -0.49150142
vn -0.0055733155 0.85646135 -0.51618105
vn 0.0083068348 0.85644513 -0.51617128
vn -0.007010757 0.89425045 -0.44751203
vn -0.030386709 0.89298338 -0.44906279
vn 0.030141568 0.89170855 -0.45160526
vn 0.006663138 0.89306241 -0.44988352
vn -0.98834687 0.12032136 0.09323734
vn -0.98564041 0.15238455 0.072745346
vn -0.70788419 0.63992321 -0.29899541
vn -0.98815799 -0.045541734 0.14652552
vn -0.97981751 -0.070868775 0.18690981
vn 0.96805072 0.23987512 0.073059991
vn 0.98597783 0.14557737 0.081578225
vn 0.65030664 0.69727814 -0.3015036
vn 0.75599074 0.6119411 -0.23239224
vn 0.81499308 0.56181508 -0.14195096
vn -0.17526647 0.85051686 -0.49588576
vn -0.049192578 0.86897874 -0.49239823
vn 0.98971075 -0.039944455 0.1373937
vn 0.99068165 0.014122381 0.13546385
vn 0.19640626 0.85426265 -0.48131064
vn 0.070250116 0.84807724 -0.52519512
vn 0.98228741 1.2840917e-07 0.18738061
vn -0.455102 0.80143625 -0.38804913
vn -0.22809428 0.85539907 -0.46504349
vn -0.99144471 -1.9828887e-15 -0.13052738
vn 0.99144489 1.9828906e-15 -0.13052598
vn -0.00031763429 0.91134691 -0.41163903
vn 0.0010314743 0.9113465 -0.41163883
vn 0.48613471 0.79609662 -0.36042091
vn 0.26281023 0.82919645 -0.49331939
vn -0.95616251 0.29250568 -0.013916138
vn -0.95599133 0.29304746 -0.014273982
vn -0.013411021 0.88809413 -0.45946592
vn -0.12324784 0.87409389 -0.46986154
vn 0.95394242 0.29901785 -0.02412953
vn 0.91634351 0.3990832 -0.032360319
vn 0.13960293 0.87782753 -0.45818105
vn 0.028688064 0.87042618 -0.49146235
vn -0.99666387 0.012689124 0.08062356
vn -0.99641019 0.071336001 0.045583986
vn 0.99615973 0.054176681 0.068779625
vn 0.9885751 0.13635458 0.064239517
vn -0.87050873 0.47445601 -0.13079005
vn -0.88906682 0.44433025 -0.11013994
vn 0.007737021 0.90452802 -0.42634395
vn -0.084460206 0.89357364 -0.44089976
vn -0.3794215 0.84022897 -0.38736883
vn -0.16066474 0.88185591 -0.44330233
vn 0.0025217624 0.89006406 -0.45582852
vn 0.096869923 0.89688194 -0.43153101
vn 0.87528187 0.46312058 -0.13928746
vn -0.77089393 0.61630201 -0.16091722
vn -0.66492093 0.68774968 -0.29134262
vn -0.57401866 0.74715632 -0.33505222
vn 0.40718845 0.837304 -0.36485553
vn 0.18966575 0.8592962 -0.47501251
vn 0.60234648 0.71804971 -0.34868804
vn 0.017319631 0.9182086 -0.39571837
vn -0.057077017 0.90938008 -0.41203168
vn 0.066425048 0.91210109 -0.40454835
vn -0.010913821 0.90684283 -0.42132762
vn 1 2e-15 7.5119997e-12
vn -0.98660952 0.16295449 -0.006895252
vn -0.98084456 0.19316985 -0.025087943
vn -0.99675655 -0.063289776 0.049706466
vn -0.999825 0.018415974 0.0032887068
vn -0.9936384 -0.043681704 0.10380116
vn -0.038346883 0.9218362 -0.38567802
vn 0.015734488 0.92866963 -0.37057406
vn 0.045709461 0.92393756 -0.37980261
vn 0.035856463 0.92361623 -0.38163775
vn -0.015194715 0.93020344 -0.36672968
vn 0.95395619 0.29896352 -0.024256783
vn 0.98210186 0.18744391 -0.018458541
vn -0.98228729 -1.9645756e-15 0.18738115
vn -0.98228407 0.0025553938 0.18738054
vn 0.98142326 -0.041885085 0.18722728
vn 0.99910665 -0.021075012 0.036629554
vn 0.99908966 0.021884292 -0.036619555
vn 0.99888414 -0.026752718 0.038919497
vn 0.99866593 0.035959207 0.037057515
vn 0.0077971634 0.93692654 -0.34943938
vn 0.0010302378 0.91129482 -0.41175321
vn -0.023495879 0.93779129 -0.34640357
vn -0.00031674191 0.91129524 -0.41175339
vn 0.021869503 0.93865567 -0.34416166
vn 0.010454753 0.93846738 -0.34520966
vn -0.0098384889 0.94438052 -0.32870761
vn -0.3113713 0.87220234 -0.37724134
vn -0.1085635 0.90357119 -0.41445521
vn 0.98228526 1.9645695e-15 0.18739173
vn 0.33700165 0.87066567 -0.35828921
vn 0.13118659 0.8846423 -0.44743496
vn -0.010583783 0.94437331 -0.3287051
vn -0.92925394 0.3531934 -0.10835823
vn -0.93034005 0.35077184 -0.10689485
vn 0.99932849 1.9986568e-15 0.036641255
vn 0.99932861 1.8613936e-07 0.03663769
vn -0.99932855 1.8613935e-07 0.036639474
vn -0.99932843 -1.998657e-15 0.036643036
vn -0.99874592 -0.034141783 0.036618114
vn 0.92614353 0.35811368 -0.11837564
vn 0.87502611 0.46911287 -0.11942548
vn -0.99909401 0.037606783 -0.019921187
vn -0.99403501 0.095411137 -0.052831281
vn -0.58637464 0.74227786 -0.32432756
vn -0.491189 0.79478312 -0.35644516
vn -0.99876106 -0.049580641 0.0042519011
vn -0.99921912 0.014796451 -0.036635526
vn -0.76702732 0.60907155 -0.20174472
vn -0.81552911 0.54039365 -0.20709176
vn -0.83975762 0.50931883 -0.18815288
vn -0.070902869 0.92122424 -0.38251626
vn -0.25081471 0.89811367 -0.36122546
vn 0.99638432 0.078784794 -0.03180078
vn 0.98324537 0.17893516 -0.034795702
vn 0.51855671 0.7685768 -0.37468475
vn 0.62179667 0.72870362 -0.28698418
vn 0.27562714 0.89727503 -0.34485826
vn 0.087208822 0.90581322 -0.41460466
vn -0.72042793 0.64265859 -0.26071736
vn -0.66177064 0.69111735 -0.29054502
vn 0.82096964 0.52828908 -0.21660903
vn 0.75900608 0.61672908 -0.20869842
vn 0.67923069 0.66856414 -0.30276665
vn -0.045748055 0.93531388 -0.35084909
vn -0.19848682 0.91847098 -0.34207317
vn -0.97221041 0.20868017 -0.10611095
vn -0.96411633 0.23613909 -0.12131795
vn 0.22247453 0.9180429 -0.32818028
vn 0.056517348 0.9231829 -0.38018292
vn -0.99734956 -0.052855022 -0.050001957
vn -0.99508375 0.028589785 -0.094820842
vn 0.92609197 0.3587786 -0.11675415
vn 0.96570927 0.23174115 -0.11705397
vn 0.99932897 1.8613943e-07 -0.036628325
vn -0.99932855 1.8613935e-07 -0.036639538
vn -0.99144471 -1.9828902e-15 0.13052738
vn 0.99144489 1.9828891e-15 0.13052598
vn 0.99932849 9.8865783e-08 -0.036641318
vn 0.99371225 1.9874252e-15 -0.11196412
vn -0.99371219 -1.9874237e-15 -0.1119647
vn -0.99932843 -1.9986566e-15 -0.036643099
vn 0.99694383 -0.033350848 -0.070644744
vn 0.99905932 -0.023211313 -0.036629278
vn 0.98132807 0.044185355 -0.1871973
vn 0.99682456 -0.051720668 -0.060545467
vn 0.99616677 0.061045051 -0.062652104
vn -0.030433832 0.94618249 -0.32219946
vn -0.15387189 0.93403327 -0.32234335
vn 0.17719139 0.9338007 -0.3108367
vn 0.036700062 0.93702137 -0.3473385
vn 0.99932855 1.9986572e-15 -0.036639147
vn -0.51018178 0.78880817 -0.34277728
vn -0.41487274 0.83411324 -0.36350477
vn -0.88989693 0.41240686 -0.19494633
vn -0.8926971 0.40754554 -0.19234999
vn 0.43968496 0.8111617 -0.3856084
vn 0.54333442 0.77916741 -0.31254727
vn -0.11540267 0.94559413 -0.30419403
vn -0.021661449 0.95411032 -0.29867089
vn 0.88608897 0.41586912 -0.20469296
vn 0.82239276 0.53456861 -0.19469614
vn 0.13852409 0.9454177 -0.29495165
vn 0.02470783 0.94757605 -0.31857371
vn -0.64942366 0.69767094 -0.30249667
vn -0.58670664 0.74195361 -0.32446909
vn -0.75313789 0.60003281 -0.26971093
vn -0.78194112 0.56931961 -0.25385696
vn -7.5119997e-12 -6.0276869e-21 1
vn -0.98874861 -1.9774965e-15 -0.14958654
vn -0.081130147 0.95384318 -0.28913856
vn -0.016284401 0.95939898 -0.28158203
vn -0.99039584 0.066273615 -0.12134215
vn -0.9810425 0.12161083 -0.15088539
vn 0.10453247 0.95366198 -0.28213787
vn 0.017044751 0.95512474 -0.29571301
vn 0.60374111 0.7211718 -0.33971748
vn 0.68849736 0.67716974 -0.2596392
vn 0.75885403 0.58776665 -0.28048331
vn -0.0062444308 0.96268636 -0.27054766
vn -0.010587253 0.94434017 -0.32880008
vn -0.049085669 0.95931363 -0.27804306
vn -0.99465591 -0.042382423 -0.094145223
vn -0.98205262 0.021835102 -0.18733892
vn 0.073136814 0.95913899 -0.27331915
vn 0.043310553 0.96003866 -0.27649581
vn 0.0054847249 0.96300662 -0.26942196
vn 0.0099151675 0.94434673 -0.32880235
vn 0.98545086 0.10615585 -0.13273108
vn 0.96559334 0.2240348 -0.13205288
vn 0.015034817 0.96355122 -0.26710108
vn -0.017809702 0.96350729 -0.26708892
vn 0.98228747 1.964576e-15 -0.1873803
vn -0.98228681 -1.9645724e-15 -0.18738359
vn 0.98228717 -3.921593e-08 -0.18738186
vn -0.98228723 4.0993548e-08 -0.18738131
vn -0.43820757 0.82817078 -0.34943858
vn -0.34640223 0.86632919 -0.35983226
vn -0.94554168 0.25563157 -0.20150301
vn -0.93590575 0.28008169 -0.21362275
vn 0.36739877 0.84677076 -0.38470432
vn 0.46930882 0.82123441 -0.32453546
vn 0.88622558 0.41712591 -0.20151973
vn 0.93730187 0.27700457 -0.2115033
vn -0.9878248 -0.039071176 -0.15058404
vn -0.98050392 0.039980467 -0.19238935
vn -0.98228747 -1.2920266e-07 -0.18738016
vn -0.97786105 -0.094826773 -0.18653579
vn 0.9866541 0.014439341 -0.16218892
vn 0.98274821 0.089110434 -0.16206568
vn -0.84063673 0.46843004 -0.27185139
vn -0.84523636 0.46182677 -0.26887086
vn 0.98228705 4.9458595e-08 -0.18738249
vn 0.97734964 -0.10013796 -0.18644062
vn -0.57820517 0.74564558 -0.33119693
vn -0.51418996 0.78512549 -0.3452341
vn 0.9736411 1.9472836e-15 -0.22808544
vn 0.83625501 0.47067264 -0.28132689
vn 0.76217359 0.59415239 -0.25704932
vn -0.68674499 0.6530937 -0.31913948
vn -0.71880603 0.62367225 -0.30716586
vn 0.52967113 0.76652664 -0.36316028
vn 0.61670107 0.72947735 -0.29587597
vn 0.69222665 0.64115417 -0.3312757
vn -0.97028166 0.097568661 -0.22143584
vn -0.95739955 0.1495447 -0.24702723
vn -0.37089625 0.86123848 -0.34742513
vn -0.28592473 0.89240247 -0.34909156
vn -0.97724187 -0.091478057 -0.19138987
vn 0.30206004 0.87629682 -0.37531799
vn 0.40111563 0.8559764 -0.32620648
vn 0.96323431 0.13557346 -0.23194723
vn 0.93615371 0.27005148 -0.22514096
vn 0.97677827 -0.069648765 -0.20261602
vn 0.9773497 -0.10013844 -0.1864399
vn 0.97908074 -0.010252974 -0.20321377
vn -0.90777671 0.30210397 -0.29098895
vn -0.89728838 0.32362899 -0.30022964
vn -0.50856626 0.78715831 -0.3489157
vn -0.44567642 0.82153875 -0.35559338
vn -0.92387956 -1.8477615e-15 0.38268334
vn 0.92387933 1.8477564e-15 0.38268396
vn 0.83677864 0.4723874 -0.27686042
vn 0.89810783 0.32170835 -0.29984343
vn -0.96784389 -0.022379544 -0.25055414
vn -0.95603704 0.052755989 -0.28846139
vn -0.23265924 0.91315806 -0.33468205
vn -0.30775079 0.88870937 -0.33983094
vn 0.4586823 0.80535918 -0.37550917
vn 0.54621428 0.77430362 -0.31953704
vn -0.98228711 1.4537261e-08 -0.18738201
vn -0.97841388 -0.088716783 -0.18664315
vn 0.24367322 0.90035045 -0.36054456
vn 0.33854663 0.8844319 -0.32119519
vn -0.78406125 0.52028477 -0.33845484
vn -0.79032129 0.51254898 -0.33568698
vn 0.96469206 0.028860336 -0.26179454
vn 0.95835143 0.11927263 -0.25949302
vn -0.61885208 0.69982642 -0.35674232
vn -0.652798 0.67236686 -0.34896636
vn 0.98228717 1.9645754e-15 -0.18738177
vn 0.77913129 0.52156895 -0.34773582
vn 0.69758278 0.64748436 -0.30682617
vn 0.62358618 0.68856966 -0.37015143
vn 0.94388318 1.8877684e-15 -0.33027956
vn -0.94388336 -1.8877648e-15 -0.33027902
vn -0.93903303 0.13008763 -0.31826741
vn -0.92346048 0.17828375 -0.33975816
vn -0.18660459 0.92924583 -0.31887454
vn -0.24995086 0.91079545 -0.32859728
vn -0.95729077 -0.0050569535 -0.28908265
vn -0.97841412 -0.088718288 -0.18664093
vn 0.19283663 0.91937596 -0.34287304
vn 0.28089377 0.90738189 -0.31266084
vn 0.93012321 0.16591336 -0.32763335
vn 0.8961187 0.3154068 -0.31223354
vn -0.44078818 0.82302046 -0.35825002
vn -0.38124231 0.85211098 -0.35855433
vn 0.91123992 0.071003504 -0.40570962
vn 0.94330585 -0.14685455 -0.29767069
vn 0.95385647 0.0048490935 -0.30022383
vn 0.39084661 0.83851469 -0.37964723
vn 0.47849324 0.81243068 -0.33316755
vn -0.92856765 -1.8571331e-15 -0.37116325
vn -0.86049807 0.34674808 -0.37324107
vn -0.84973383 0.36552313 -0.37992796
vn -0.14687292 0.94138396 -0.30368504
vn -0.19770586 0.92803538 -0.31569403
vn 0.78019452 0.52363491 -0.3422032
vn 0.84970379 0.36457321 -0.38090664
vn 0.14904542 0.93404567 -0.32456768
vn 0.22864287 0.92534184 -0.30243164
vn -0.55105257 0.74072814 -0.38426936
vn -0.58561814 0.71567321 -0.3806091
vn -0.72229087 0.56766546 -0.39503399
vn -0.73002034 0.55921143 -0.39287767
vn -0.93734974 -0.0036839913 -0.34837028
vn -0.92179942 0.066536129 -0.38191462
vn -0.98228753 -1.9645739e-15 -0.18737982
vn 0.55451548 0.73042679 -0.39873469
vn 0.63104916 0.69470614 -0.34519616
vn 0.71682352 0.56815934 -0.40417695
vn 0.93227184 0.044706102 -0.35898542
vn 0.9233411 0.15030318 -0.35334143
vn 0.91354567 1.8270937e-15 -0.4067362
vn -0.91354519 -1.827088e-15 -0.40673724
vn -0.91172361 -0.063118815 -0.40592623
vn 0.91354543 -3.7144176e-08 -0.40673667
vn -0.91354561 6.5305777e-08 -0.40673628
vn -0.91354543 1.1933373e-08 -0.40673667
vn -0.15015112 0.94110531 -0.3029446
vn -0.11185033 0.95022857 -0.29078367
vn -0.32000574 0.87758803 -0.35698122
vn -0.37392536 0.85396147 -0.36184201
vn 0.11085599 0.94503677 -0.30759788
vn 0.18131337 0.93899208 -0.29226586
vn 0.32579634 0.86654228 -0.37810212
vn 0.41328746 0.8448205 -0.33981144
vn -0.89740908 0.16239595 -0.41022491
vn -0.8799606 0.20666689 -0.42773607
vn -0.10579663 0.95060968 -0.29180187
vn -0.079771772 0.95625246 -0.28145644
vn 0.076427683 0.95290846 -0.29346931
vn 0.13762274 0.94899035 -0.28368512
vn -0.92032367 -0.079349138 -0.38302493
vn 0.89595389 1.7919105e-15 -0.44414702
vn 0.88694102 0.19588016 -0.41829011
vn 0.84703809 0.35885951 -0.39210498
vn -0.063008256 0.956949 -0.28333479
vn -0.048933197 0.95972896 -0.27663317
vn 0.91107106 -0.073544174 -0.40563628
vn 0.91405994 -0.09606196 -0.39403868
vn 0.91864258 0.021433538 -0.39450783
vn 0.043971181 0.95803112 -0.28327173
vn 0.095870405 0.95581424 -0.27789935
vn -0.79335326 -1.5867102e-15 0.60876149
vn 0.79335326 1.5867029e-15 0.60876149
vn -0.48345959 0.7765879 -0.40395308
vn -0.51749355 0.75427341 -0.40406933
vn -0.017808471 0.96351326 -0.26706749
vn -0.026125483 0.96024525 -0.27793264
vn 0.044495385 0.95325726 -0.29886585
vn 0.015033668 0.96355724 -0.26707953
vn -0.0012229767 0.9605099 -0.27824321
vn 0.054476645 0.95969433 -0.27571568
vn -0.80530345 0.38873872 -0.44762549
vn -0.7947855 0.40486526 -0.45210639
vn -0.262862 0.89820099 -0.35233298
vn -0.30955282 0.87976408 -0.36082155
vn 0.48488116 0.76753277 -0.41926566
vn 0.56407869 0.73626524 -0.37380305
vn -0.65685838 0.61067045 -0.44228795
vn -0.66591114 0.60173535 -0.4409954
vn 0.7185638 0.57051563 -0.39771599
vn 0.79367673 0.40476313 -0.45414096
vn 0.26498622 0.88948131 -0.37229735
vn 0.34976983 0.87216204 -0.34204447
vn -0.89664638 0.015778214 -0.44246614
vn -0.8781538 0.080573909 -0.47154397
vn 0.65080106 0.61049646 -0.45138901
vn -0.90952218 -0.093749791 -0.40494496
vn 0.91354495 7.1169957e-08 -0.40673774
vn 0.88979185 0.061002318 -0.45227119
vn 0.87849492 0.18086964 -0.44219095
vn -0.2100251 0.91440165 -0.3460623
vn -0.24864367 0.90059197 -0.35652551
vn 0.20891771 0.9077158 -0.3638756
vn 0.28911573 0.8944959 -0.34101203
vn -0.84647685 0.19327851 -0.49610513
vn -0.82790375 0.23359469 -0.5099107
vn -0.4148176 0.80817938 -0.41805792
vn -0.44711435 0.78894371 -0.42149329
vn -0.0073349397 0.9541766 -0.2991541
vn -0.88029003 -0.005229739 -0.47440711
vn -0.90952218 -0.093749784 -0.40494496
vn 0.84672427 1.6934517e-15 -0.53203195
vn -0.84672427 -1.6934453e-15 -0.53203195
vn 0.41388479 0.80043215 -0.43359867
vn 0.49643344 0.77303672 -0.39492789
vn 0.83475733 0.22431509 -0.50285482
vn 0.79048818 0.39959845 -0.46416536
vn 0.87334919 -0.03248658 -0.48601013
vn 0.87379843 0.038442198 -0.48476639
vn -0.74358755 0.42768809 -0.51396537
vn -0.73379457 0.44120115 -0.5166111
vn -0.19096631 0.91691226 -0.35043365
vn -0.16088222 0.92668998 -0.33965066
vn -0.58789986 0.64994973 -0.48160058
vn -0.59812987 0.64072961 -0.48135874
vn 0.15709566 0.92178214 -0.35445544
vn 0.23171945 0.91216409 -0.33802781
vn 0.65335703 0.61310989 -0.44409558
vn 0.7313379 0.44186878 -0.51951599
vn 0.58081037 0.6493367 -0.49093905
vn -0.91354561 -1.8270888e-15 -0.40673631
vn -0.84639931 0.034686685 -0.53141797
vn -0.82572895 0.093938291 -0.55619001
vn -0.13546486 0.92916811 -0.34394163
vn -0.11432342 0.93542361 -0.33453378
vn -0.81943476 -1.638866e-15 -0.57317245
vn 0.1083807 0.9321366 -0.34550685
vn 0.17696835 0.92561769 -0.33453563
vn -0.34674168 0.83507949 -0.42709768
vn -0.37614557 0.81908911 -0.43313685
vn 0.91354632 1.827095e-15 -0.40673476
vn 0.91332489 0.022015493 -0.40663618
vn 0.83797407 0.076637417 -0.54030192
vn 0.82487923 0.20985973 -0.52491248
vn 0.34352565 0.82854587 -0.44215596
vn 0.42701659 0.80561578 -0.41065809
vn -0.080678992 0.93757987 -0.33828226
vn -0.069087178 0.94070238 -0.33212343
vn -0.60876149 -1.2175278e-15 0.79335326
vn 0.60876149 1.2175183e-15 0.79335326
vn 0.061530087 0.93902588 -0.33829632
vn 0.12357085 0.93517756 -0.33192337
vn -0.78739989 0.22188605 -0.57512432
vn -0.76836926 0.2582624 -0.58558446
vn -0.0073354277 0.95417434 -0.29916143
vn -0.038961101 0.94181681 -0.33386102
vn 0.79652959 1.5930628e-15 -0.60459954
vn 0.79609966 -0.032851852 -0.60427314
vn -0.79652977 -1.5930559e-15 -0.6045993
vn -0.79641443 -0.017016968 -0.60451174
vn 0.79652995 2.6492982e-08 -0.60459906
vn -0.79652995 -8.699379e-09 -0.60459906
vn -0.79653013 2.1525826e-08 -0.60459888
vn 5.8943675e-05 0.95419997 -0.29916951
vn 0.037443195 0.94210017 -0.33323461
vn 0.06986206 0.94082814 -0.33160466
vn -0.82652432 -0.048633177 -0.5607962
vn 0.77469003 0.2504265 -0.58063924
vn 0.72782999 0.43729696 -0.52823752
vn -0.5137428 0.68646437 -0.5146212
vn -0.52502555 0.67712051 -0.5156123
vn 0.81484401 -0.10101321 -0.57081133
vn 0.79609984 -0.03285202 -0.60427296
vn 0.81998599 0.054711878 -0.56976277
vn -0.6754722 0.46417132 -0.57295924
vn -0.66697049 0.47488749 -0.57413608
vn 0.50542164 0.68540722 -0.52418119
vn 0.58434749 0.65221751 -0.48285642
vn -0.28060326 0.85714996 -0.43192101
vn -0.3061744 0.84438086 -0.43963411
vn 0.66239476 0.47654504 -0.57804674
vn 0.27522704 0.8517803 -0.44578069
vn 0.35764664 0.83344811 -0.42125186
vn 0.771034 1.5420719e-15 -0.63679397
vn -0.79388273 -0.081463531 -0.60258937
vn -0.7875337 0.051877804 -0.61408412
vn -0.76534241 0.10574871 -0.63487649
vn 0.79652977 5.6980465e-08 -0.6045993
vn 0.77773172 0.090615168 -0.62203079
vn 0.76361948 0.23651099 -0.60078937
vn -0.21673603 0.87454516 -0.4338159
vn -0.2376752 0.86489648 -0.44211379
vn 0.20939036 0.87030947 -0.44577697
vn 0.28946313 0.85636955 -0.42760068
vn -0.43619144 0.71921504 -0.54080194
vn -0.44810104 0.7100898 -0.54311872
vn -0.72045028 0.2485173 -0.64744925
vn -0.70173323 0.28060913 -0.65485036
vn 0.0088174362 0.92811245 -0.37219557
vn -0.016641976 0.92802 -0.3721585
vn 0.42679119 0.71768004 -0.5502587
vn 0.51010305 0.68860453 -0.51538205
vn -0.76739818 -0.013184662 -0.64103526
vn -0.79388243 -0.081463292 -0.60258973
vn 0.70660561 0.27447566 -0.65220517
vn 0.65888965 0.47270864 -0.58515894
vn -0.59892714 0.49967402 -0.62578923
vn -0.59257054 0.50705516 -0.62590349
vn -0.38268334 -7.6537225e-16 0.92387956
vn 0.38268334 7.6536113e-16 0.92387956
vn -0.15464859 0.88742757 -0.43423051
vn -0.17019577 0.88079149 -0.44185945
vn 0.79393786 -0.080618352 -0.60263032
vn 0.75851834 -0.0023984152 -0.65164727
vn 0.75806427 0.069229782 -0.64849502
vn 0.58503085 0.5098111 -0.63073885
vn 0.14557089 0.88435596 -0.44353542
vn 0.22264293 0.87447214 -0.43096241
vn 0.70710707 1.4142184e-15 -0.70710647
vn -0.70710677 -1.4142093e-15 -0.70710677
vn -0.79652983 -1.5930561e-15 -0.60459918
vn -0.093387827 0.89569527 -0.43475133
vn -0.10253733 0.89206612 -0.44011834
vn 0.082768336 0.89397073 -0.44041547
vn 0.15644133 0.88782758 -0.4327682
vn -0.72050804 0.067232728 -0.69017965
vn -0.69752187 0.11556683 -0.70718282
vn -0.35742122 0.74730694 -0.56016284
vn -0.36921397 0.73888522 -0.56367511
vn 0.79653054 1.5930647e-15 -0.60459828
vn -0.016644105 0.92800701 -0.37219071
vn -0.050947625 0.89788079 -0.43728068
vn 0.34691998 0.74543619 -0.56918484
vn 0.43257356 0.72115844 -0.54111981
vn 0.70920694 0.10273664 -0.69747454
vn 0.69482076 0.26134607 -0.67001671
vn 0.0088193854 0.92809951 -0.37222779
vn 0.049138822 0.89828086 -0.43666565
vn 0.089409664 0.89621085 -0.43452498
vn -0.66710275 -1.3342011e-15 -0.74496567
vn -0.64380658 0.27504548 -0.71404701
vn -0.62669235 0.3016502 -0.71851504
vn -0.51542854 0.53306884 -0.67094785
vn -0.51159871 0.53720021 -0.67058384
vn -0.69935876 -0.0076347515 -0.71473002
vn -0.63706833 0.033470966 -0.77008027
vn 0.62881452 0.29760191 -0.7183491
vn 0.58208919 0.50700063 -0.63570631
vn -0.13052668 -2.6105934e-16 0.99144483
vn 0.13052668 2.6104738e-16 0.99144483
vn 0.48581544 0.59059691 -0.64434355
vn 0.52675492 0.5307591 -0.66394579
vn 0.68361408 -0.093605168 -0.72381622
vn 0.63737714 0.012126225 -0.77045655
vn 0.63737696 0.012126364 -0.77045673
vn 0.68846351 0.08210963 -0.72060806
vn -0.27867001 0.77029413 -0.57357645
vn -0.28941745 0.76309001 -0.57786781
vn 0.63742405 1.2748527e-15 -0.77051324
vn -0.63742548 -1.2748463e-15 -0.77051198
vn 0.63742405 5.3063198e-10 -0.77051318
vn -0.63742405 -2.8090065e-08 -0.77051318
vn 0.2670114 0.76834577 -0.58167833
vn 0.35354 0.74910253 -0.56022751
vn 0.024724584 0.88698757 -0.46113095
vn -0.031951919 0.88680577 -0.46103644
vn -0.63742322 1.3654962e-07 -0.77051389
vn -0.63620287 -0.061848968 -0.7690388
vn -0.64421928 0.082600512 -0.76036745
vn -0.62188381 0.12386265 -0.77325195
vn 0.63742381 4.3159694e-08 -0.77051342
vn 0.60546678 1.2109384e-15 -0.79587054
vn 0.63132536 0.11385088 -0.76711553
vn 0.61728859 0.28588545 -0.73295587
vn -0.20023057 0.78794008 -0.58228695
vn -0.20900224 0.7823835 -0.58668053
vn -0.41328332 0.61570603 -0.67089719
vn -0.45570686 0.55481112 -0.69607174
vn 0.18737113 0.78619248 -0.58889174
vn 0.27388185 0.77199042 -0.57360226
vn -0.55845034 0.3009252 -0.77303118
vn -0.54400849 0.32147852 -0.77505243
vn 0.39881277 0.62028635 -0.67542076
vn 0.39998204 0.61870247 -0.67618167
vn 0.5425359 0.31948507 -0.77690673
vn 0.51386768 0.48236799 -0.709409
vn -0.62108046 -0.053140387 -0.7819432
vn -0.1215892 0.80000162 -0.58754867
vn -0.12757042 0.79639411 -0.59117025
vn 0.10754099 0.79870725 -0.59203184
vn 0.19362964 0.78948921 -0.58242112
vn 0.63604474 -0.065756306 -0.76884538
vn 0.61059481 -0.014692816 -0.79180688
vn 0.61088127 0.094816409 -0.78602415
vn -0.63742471 -1.7858213e-08 -0.77051264
vn -0.63691717 -0.039896429 -0.76989919
vn -0.031947285 0.88684762 -0.46095631
vn -0.043741714 0.82174319 -0.56817669
vn -0.06697382 0.80372608 -0.59121817
vn 0.024720466 0.88702935 -0.46105078
vn 0.037133861 0.82196331 -0.56832856
vn 0.064552039 0.80424821 -0.59077728
vn 0.11207994 0.80116314 -0.58785689
vn 0.53203195 1.064069e-15 -0.84672427
vn -0.53203225 -1.0640594e-15 -0.84672409
vn 0.4259361 0.51000744 -0.74730909
vn 0.42368135 0.51371461 -0.74605054
vn 0.63742429 1.2748532e-15 -0.770513
vn -0.32484907 0.64125943 -0.69516867
vn -0.32652816 0.63899362 -0.69646716
vn -0.55952501 0.097877733 -0.82301378
vn -0.53912926 0.13137856 -0.83191305
vn 0.31128451 0.64277482 -0.69995886
vn 0.30954134 0.64513868 -0.69855577
vn 0.54514068 0.12425187 -0.82908571
vn 0.53218102 0.30960914 -0.78798831
vn -0.43931416 0.50614005 -0.74217606
vn -0.45961624 0.38485011 -0.80040193
vn -0.48673767 0.32869029 -0.80935109
vn 0.44948983 0.33950785 -0.82625258
vn -0.54050714 0.022485891 -0.84103888
vn -0.63691574 -0.039895698 -0.76990044
vn -0.47960323 -9.5920118e-16 -0.87748545
vn -0.3479214 0.53069091 -0.77286345
vn -0.34681919 0.53248823 -0.77212226
vn 0.44400412 0.053266112 -0.89444005
vn 0.52246231 -0.074796133 -0.84937543
vn 0.5262416 0.10738689 -0.84352702
vn -0.23475648 0.66155124 -0.71220738
vn -0.23661618 0.65900439 -0.71395099
vn 0.33168122 0.53453398 -0.77734226
vn 0.33078057 0.53600895 -0.77671015
vn 0.22048962 0.66202444 -0.71631557
vn 0.21866123 0.66455048 -0.71453476
vn -0.63742322 -1.2748418e-15 -0.77051389
vn 0.44463536 8.8927607e-16 -0.89571166
vn -0.44463494 -8.8926453e-16 -0.8957119
vn -0.44430092 -0.038755108 -0.89503896
vn 0.44463518 -1.2988062e-08 -0.89571178
vn -0.4446348 -1.1026144e-08 -0.89571196
vn -0.44463518 4.686741e-08 -0.89571178
vn -0.4620032 0.26657397 -0.84586722
vn -0.46782807 0.11242554 -0.87663984
vn -0.45027989 0.13832882 -0.8821072
vn -0.36345702 0.40768692 -0.83766961
vn -0.36008883 0.41416198 -0.83594608
vn 0.023886636 0.72547603 -0.68783283
vn -0.035271507 0.72523123 -0.68760133
vn 0.44095123 0.33167031 -0.83400047
vn 0.45203459 0.13377096 -0.88191271
vn -0.14312653 0.67601037 -0.72285873
vn -0.14472844 0.67374009 -0.72465718
vn 0.12770735 0.67579138 -0.72594547
vn 0.12616505 0.67800736 -0.72414666
vn 0.37676367 0.35020158 -0.85755932
vn 0.34659877 0.41120565 -0.84307724
vn -0.25191891 0.55103391 -0.79554915
vn -0.25179476 0.55123824 -0.79544693
vn 0.4079811 8.159677e-16 -0.91299039
vn 0.23466751 0.55408341 -0.79870069
vn 0.23466313 0.55409068 -0.79869694
vn -0.44888151 -0.040401813 -0.89267749
vn -0.035271063 0.72524202 -0.68758994
vn -0.057124894 0.682172 -0.72895682
vn 0.049846534 0.68280804 -0.72889543
vn 0.023886267 0.72548681 -0.68782145
vn -0.37050334 0.28379434 -0.88441396
vn -0.3653937 0.29494885 -0.88288879
vn 0.44414365 -0.047010005 -0.89472145
vn 0.43563509 0.1194322 -0.89216477
vn 0.43399516 -0.031714696 -0.90035683
vn -0.44420251 -0.0440851 -0.89484113
vn 0.44463524 -1.8102478e-08 -0.89571172
vn -0.15352108 0.56597614 -0.81000143
vn -0.15402812 0.5651179 -0.8105042
vn -0.26339483 0.42661372 -0.86523056
vn -0.26157898 0.43008941 -0.86405993
vn -0.37030798 0.12570003 -0.92036486
vn -0.35627559 0.14450128 -0.92313981
vn 0.13586572 0.56706649 -0.81238914
vn 0.13528554 0.56806117 -0.81179082
vn 0.33027884 6.6056336e-16 -0.94388342
vn -0.33027902 -6.6055234e-16 -0.94388336
vn 0.24532585 0.42949226 -0.86910969
vn 0.24375473 0.43251678 -0.86805117
vn 0.35313818 0.14202721 -0.92472792
vn 0.34911487 0.28774312 -0.89180869
vn 0.031609636 0.59016091 -0.80666655
vn -0.043133758 0.58990645 -0.8063187
vn -0.043133069 0.58994883 -0.80628777
vn -0.052814037 0.57338208 -0.81758404
vn 0.031783823 0.57424849 -0.81806386
vn 0.042757031 0.58995873 -0.80630052
vn -0.2684657 0.30007017 -0.91536009
vn -0.26526409 0.30689266 -0.91403055
vn -0.44420415 -0.044085581 -0.8948403
vn -0.35639966 0.025891384 -0.9339748
vn -0.16013959 0.44092691 -0.8831414
vn -0.15961708 0.44194064 -0.88272923
vn 0.24710594 0.30873948 -0.91848713
vn 0.24997735 0.30260563 -0.91975063
vn 0.33979049 0.028221879 -0.9400776
vn 0.34000903 0.13055114 -0.93131644
vn 0.44436815 -0.034607604 -0.89517558
vn -0.44463643 -8.8926749e-16 -0.89571112
vn 0.14064525 0.44359955 -0.88512051
vn 0.14094125 0.44301936 -0.885364
vn -0.26681933 -5.3363282e-16 -0.96374655
vn 0.4446345 8.8927437e-16 -0.89571208
vn -0.26783445 0.13742062 -0.95361435
vn -0.25797206 0.14952789 -0.95451128
vn -0.055931192 0.4246003 -0.90365165
vn -0.043701667 0.44942272 -0.89224964
vn 0.2493086 0.14860162 -0.95695496
vn 0.045935001 0.44913906 -0.89228028
vn -0.16259563 0.31299222 -0.93573421
vn -0.16126038 0.31581581 -0.93501627
vn 0.22835019 4.5670624e-16 -0.97357905
vn 0.22827245 -0.026092822 -0.97324759
vn -0.22834943 -4.5669301e-16 -0.97357923
vn -0.22832824 -0.013623002 -0.97348887
vn 0.22835067 2.337508e-08 -0.97357893
vn -0.22835067 -3.4688796e-08 -0.97357893
vn -0.22835179 8.7949168e-08 -0.97357869
vn 0.031072047 0.42506066 -0.90463138
vn 0.14287142 0.314969 -0.9382869
vn 0.14187756 0.31708422 -0.93772507
vn -0.25614595 -0.019217405 -0.96644706
vn -0.22815271 -0.04174795 -0.97272992
vn 0.18898706 3.7798006e-16 -0.98197955
vn 0.22827305 -0.026092935 -0.97324741
vn 0.24026927 0.1405587 -0.96047586
vn 0.23763096 -0.037056386 -0.97064841
vn 0.2283508 7.7972855e-09 -0.97357893
vn -0.16115031 0.14765005 -0.97582275
vn -0.1563186 0.1531359 -0.97576326
vn -0.043536343 0.42489672 -0.9041943
vn -0.061054032 0.32069358 -0.9452132
vn 0.052542251 0.32076669 -0.94569975
vn 0.031072432 0.42509556 -0.90461498
vn 0.1412943 0.15321523 -0.97803938
vn 0.11196441 2.2393481e-16 -0.99371225
vn -0.11196434 -2.2392272e-16 -0.99371225
vn 0.027565895 0.2587446 -0.96555233
vn -0.040629309 0.25862977 -0.96512169
vn -0.22835007 -4.5669428e-16 -0.97357911
vn -0.22815099 -0.041747715 -0.97273028
vn -0.040629178 0.25862262 -0.96512365
vn -0.073557615 0.15403591 -0.98532343
vn -0.15483706 0.024965215 -0.98762453
vn 0.027565759 0.25873798 -0.96555412
vn 0.068458244 0.15383366 -0.98572242
vn 0.137418 0.14964774 -0.97914344
vn 0.22835097 4.5670778e-16 -0.97357887
vn 0.22820394 -0.035878588 -0.97295207
vn 0.13591345 0.030992163 -0.99023587
vn -0.039969586 -7.9933143e-17 -0.99920088
vn 0.03510024 0.11463609 -0.99278724
vn -0.046151031 0.11458484 -0.99234086
vn -0.046151135 0.11459073 -0.99234021
vn -0.057535507 0.016318895 -0.99821007
vn -0.055069458 0.016481705 -0.99834651
vn 0.057543229 1.1509247e-16 -0.99834299
vn 0.057540324 0.01004452 -0.99829262
vn -0.05754317 -1.1508032e-16 -0.99834299
vn 7.5119997e-12 -0.00069676846 -0.99999976
vn -0.057540469 -0.0094242832 -0.9982987
vn 0.057542965 -6.6110593e-09 -0.99834305
vn 0.035100326 0.11464047 -0.99278677
vn 0.047131628 0.010606793 -0.99883235
vn -0.05753275 0.018894941 -0.99816477
vn 0.05753269 0.01889584 -0.99816477

# Mesh '' with 5354 faces
usemtl DefaultMaterial
f  1//1 2//1 3//1
f  4//2 5//2 3//2
f  5//3 6//3 3//3
f  7//4 8//4 3//4
f  9//5 10//5 3//5
f  11//6 12//6 3//6
f  12//7 13//7 3//7
f  10//8 11//8 3//8
f  13//9 1//9 3//9
f  14//10 15//10 3//10
f  16//11 14//11 3//11
f  17//12 16//12 3//12
f  15//13 9//13 3//13
f  8//14 17//14 3//14
f  6//15 7//15 3//15
f  18//16 4//16 3//16
f  2//17 19//17 3//17
f  20//18 21//18 3//18
f  22//19 23//19 3//19
f  23//20 24//20 3//20
f  25//21 26//21 3//21
f  26//22 27//22 3//22
f  28//23 25//23 3//23
f  29//24 30//24 3//24
f  31//25 32//25 3//25
f  19//26 20//26 3//26
f  32//27 33//27 3//27
f  30//28 31//28 3//28
f  27//29 29//29 3//29
f  24//30 28//30 3//30
f  21//31 22//31 3//31
f  34//32 18//32 3//32
f  35//33 34//33 3//33
f  36//34 37//34 3//34
f  37//35 38//35 3//35
f  38//36 35//36 3//36
f  33//37 39//37 3//37
f  40//38 36//38 3//38
f  41//39 40//39 3//39
f  39//40 41//40 3//40
f  42//41 43//41 18//41
f  43//42 4//42 18//42
f  44//43 42//43 18//43
f  34//44 44//44 18//44
f  45//45 46//45 33//45
f  46//46 39//46 33//46
f  47//47 45//47 33//47
f  32//48 48//48 33//48
f  48//49 49//49 33//49
f  49//50 47//50 33//50
f  8//51 50//51 17//51
f  50//52 16//52 17//52
f  7//53 51//53 8//53
f  51//54 50//54 8//54
f  50//55 14//55 16//55
f  6//56 52//56 7//56
f  52//57 51//57 7//57
f  5//58 52//58 6//58
f  53//59 15//59 14//59
f  50//60 53//60 14//60
f  4//61 54//61 5//61
f  54//62 52//62 5//62
f  55//63 9//63 15//63
f  53//64 55//64 15//64
f  56//65 10//65 9//65
f  55//66 56//66 9//66
f  43//67 57//67 4//67
f  57//68 54//68 4//68
f  30//69 58//69 31//69
f  58//70 32//70 31//70
f  29//71 59//71 30//71
f  59//72 58//72 30//72
f  27//73 60//73 29//73
f  60//74 59//74 29//74
f  26//75 61//75 27//75
f  61//76 60//76 27//76
f  56//77 11//77 10//77
f  62//78 43//78 42//78
f  44//79 63//79 42//79
f  64//80 62//80 42//80
f  63//81 64//81 42//81
f  62//82 65//82 43//82
f  65//83 57//83 43//83
f  65//84 54//84 57//84
f  64//85 66//85 62//85
f  66//86 67//86 62//86
f  67//87 65//87 62//87
f  25//88 61//88 26//88
f  67//89 54//89 65//89
f  44//90 68//90 63//90
f  68//91 69//91 63//91
f  69//92 70//92 63//92
f  71//93 64//93 63//93
f  72//94 71//94 63//94
f  73//95 72//95 63//95
f  70//96 73//96 63//96
f  28//97 74//97 25//97
f  74//98 61//98 25//98
f  58//99 48//99 32//99
f  24//100 74//100 28//100
f  23//101 75//101 24//101
f  75//102 74//102 24//102
f  76//103 49//103 48//103
f  58//104 76//104 48//104
f  47//105 77//105 45//105
f  78//106 79//106 45//106
f  79//107 46//107 45//107
f  77//108 80//108 45//108
f  80//109 78//109 45//109
f  49//110 81//110 47//110
f  81//111 77//111 47//111
f  82//112 83//112 49//112
f  83//113 81//113 49//113
f  76//114 82//114 49//114
f  81//115 84//115 77//115
f  84//116 85//116 77//116
f  85//117 80//117 77//117
f  83//118 84//118 81//118
f  86//119 12//119 11//119
f  56//120 86//120 11//120
f  22//121 87//121 23//121
f  87//122 75//122 23//122
f  21//123 88//123 22//123
f  88//124 87//124 22//124
f  86//125 13//125 12//125
f  89//126 44//126 34//126
f  90//127 89//127 34//127
f  35//128 90//128 34//128
f  91//129 68//129 44//129
f  89//130 91//130 44//130
f  19//131 92//131 20//131
f  92//132 93//132 20//132
f  93//133 94//133 20//133
f  94//134 95//134 20//134
f  95//135 96//135 20//135
f  96//136 21//136 20//136
f  96//137 97//137 21//137
f  97//138 88//138 21//138
f  97//139 87//139 88//139
f  98//140 90//140 35//140
f  38//141 98//141 35//141
f  96//142 99//142 97//142
f  99//143 87//143 97//143
f  100//144 69//144 68//144
f  91//145 100//145 68//145
f  101//146 40//146 41//146
f  102//147 101//147 41//147
f  39//148 102//148 41//148
f  103//149 102//149 39//149
f  46//150 103//150 39//150
f  104//151 36//151 40//151
f  105//152 104//152 40//152
f  101//153 105//153 40//153
f  106//154 98//154 38//154
f  37//155 106//155 38//155
f  107//156 103//156 46//156
f  79//157 107//157 46//157
f  2//158 92//158 19//158
f  108//159 109//159 69//159
f  100//160 108//160 69//160
f  109//161 70//161 69//161
f  110//162 111//162 78//162
f  111//163 112//163 78//163
f  112//164 79//164 78//164
f  80//165 85//165 78//165
f  85//166 113//166 78//166
f  113//167 110//167 78//167
f  114//168 1//168 13//168
f  115//169 114//169 13//169
f  86//170 115//170 13//170
f  116//171 106//171 37//171
f  36//172 116//172 37//172
f  117//173 36//173 104//173
f  118//174 117//174 104//174
f  105//175 118//175 104//175
f  119//176 107//176 79//176
f  112//177 119//177 79//177
f  120//178 36//178 117//178
f  121//179 120//179 117//179
f  118//180 121//180 117//180
f  122//181 1//181 114//181
f  115//182 122//182 114//182
f  2//183 93//183 92//183
f  123//184 124//184 116//184
f  124//185 106//185 116//185
f  36//186 123//186 116//186
f  125//187 126//187 109//187
f  108//188 125//188 109//188
f  126//189 70//189 109//189
f  127//190 119//190 112//190
f  111//191 127//191 112//191
f  128//192 36//192 120//192
f  129//193 128//193 120//193
f  121//194 129//194 120//194
f  122//195 130//195 1//195
f  130//196 2//196 1//196
f  130//197 131//197 2//197
f  131//198 93//198 2//198
f  36//199 132//199 123//199
f  133//200 124//200 123//200
f  132//201 133//201 123//201
f  115//202 130//202 122//202
f  131//203 134//203 93//203
f  134//204 94//204 93//204
f  135//205 136//205 126//205
f  125//206 135//206 126//206
f  137//207 70//207 126//207
f  136//208 137//208 126//208
f  129//209 138//209 128//209
f  138//210 36//210 128//210
f  110//211 139//211 111//211
f  140//212 127//212 111//212
f  139//213 140//213 111//213
f  36//214 141//214 132//214
f  142//215 133//215 132//215
f  141//216 142//216 132//216
f  36//217 143//217 141//217
f  144//218 142//218 141//218
f  143//219 144//219 141//219
f  145//220 146//220 138//220
f  129//221 145//221 138//221
f  147//222 36//222 138//222
f  146//223 147//223 138//223
f  110//224 148//224 139//224
f  149//225 140//225 139//225
f  148//226 149//226 139//226
f  150//227 151//227 152//227
f  151//228 153//228 152//228
f  153//229 154//229 152//229
f  155//230 150//230 152//230
f  154//231 155//231 152//231
f  156//232 157//232 136//232
f  135//233 156//233 136//233
f  157//234 137//234 136//234
f  153//235 158//235 154//235
f  158//236 155//236 154//236
f  71//237 66//237 64//237
f  159//238 160//238 157//238
f  156//239 159//239 157//239
f  160//240 137//240 157//240
f  84//241 161//241 85//241
f  161//242 113//242 85//242
f  162//243 163//243 146//243
f  145//244 162//244 146//244
f  163//245 147//245 146//245
f  164//246 165//246 166//246
f  165//247 167//247 166//247
f  167//248 168//248 166//248
f  169//249 170//249 166//249
f  168//250 169//250 166//250
f  170//251 164//251 166//251
f  171//252 172//252 158//252
f  153//253 171//253 158//253
f  172//254 173//254 158//254
f  173//255 155//255 158//255
f  137//256 73//256 70//256
f  160//257 174//257 137//257
f  174//258 175//258 137//258
f  175//259 176//259 137//259
f  177//260 73//260 137//260
f  176//261 177//261 137//261
f  110//262 178//262 148//262
f  179//263 149//263 148//263
f  178//264 179//264 148//264
f  180//265 178//265 110//265
f  181//266 180//266 110//266
f  113//267 182//267 110//267
f  182//268 181//268 110//268
f  147//269 183//269 143//269
f  36//270 147//270 143//270
f  184//271 144//271 143//271
f  183//272 184//272 143//272
f  185//273 180//273 181//273
f  182//274 185//274 181//274
f  186//275 187//275 163//275
f  162//276 186//276 163//276
f  187//277 147//277 163//277
f  147//278 188//278 183//278
f  189//279 184//279 183//279
f  188//280 189//280 183//280
f  171//281 190//281 172//281
f  190//282 191//282 172//282
f  191//283 192//283 172//283
f  192//284 193//284 172//284
f  193//285 194//285 172//285
f  194//286 173//286 172//286
f  95//287 195//287 96//287
f  195//288 99//288 96//288
f  196//289 165//289 164//289
f  197//290 198//290 164//290
f  198//291 199//291 164//291
f  199//292 196//292 164//292
f  170//293 197//293 164//293
f  180//294 179//294 178//294
f  200//295 201//295 168//295
f  167//296 202//296 168//296
f  202//297 200//297 168//297
f  203//298 169//298 168//298
f  201//299 203//299 168//299
f  204//300 174//300 160//300
f  159//301 204//301 160//301
f  205//302 206//302 174//302
f  204//303 205//303 174//303
f  206//304 175//304 174//304
f  207//305 208//305 150//305
f  208//306 209//306 150//306
f  209//307 210//307 150//307
f  210//308 151//308 150//308
f  211//309 207//309 150//309
f  155//310 212//310 150//310
f  212//311 211//311 150//311
f  185//312 213//312 180//312
f  214//313 179//313 180//313
f  213//314 214//314 180//314
f  215//315 216//315 206//315
f  205//316 215//316 206//316
f  216//317 175//317 206//317
f  216//318 217//318 175//318
f  217//319 176//319 175//319
f  218//320 219//320 187//320
f  186//321 218//321 187//321
f  219//322 147//322 187//322
f  220//323 207//323 211//323
f  221//324 220//324 211//324
f  222//325 221//325 211//325
f  212//326 222//326 211//326
f  185//327 223//327 213//327
f  223//328 224//328 213//328
f  224//329 214//329 213//329
f  225//330 66//330 71//330
f  72//331 225//331 71//331
f  147//332 226//332 188//332
f  227//333 189//333 188//333
f  226//334 227//334 188//334
f  215//335 228//335 216//335
f  228//336 229//336 216//336
f  229//337 217//337 216//337
f  230//338 231//338 228//338
f  231//339 229//339 228//339
f  215//340 230//340 228//340
f  232//341 233//341 230//341
f  233//342 234//342 230//342
f  234//343 231//343 230//343
f  215//344 235//344 230//344
f  235//345 232//345 230//345
f  223//346 236//346 224//346
f  236//347 237//347 224//347
f  237//348 238//348 224//348
f  238//349 214//349 224//349
f  239//350 240//350 219//350
f  218//351 239//351 219//351
f  241//352 147//352 219//352
f  240//353 241//353 219//353
f  147//354 242//354 226//354
f  243//355 227//355 226//355
f  242//356 243//356 226//356
f  244//357 233//357 232//357
f  235//358 244//358 232//358
f  245//359 238//359 237//359
f  246//360 245//360 237//360
f  236//361 247//361 237//361
f  247//362 246//362 237//362
f  248//363 249//363 197//363
f  249//364 250//364 197//364
f  250//365 198//365 197//365
f  170//366 251//366 197//366
f  251//367 252//367 197//367
f  252//368 248//368 197//368
f  253//369 254//369 242//369
f  147//370 253//370 242//370
f  255//371 243//371 242//371
f  254//372 255//372 242//372
f  256//373 257//373 240//373
f  239//374 256//374 240//374
f  257//375 241//375 240//375
f  217//376 258//376 176//376
f  259//377 177//377 176//377
f  258//378 259//378 176//378
f  260//379 233//379 244//379
f  261//380 260//380 244//380
f  235//381 261//381 244//381
f  262//382 263//382 254//382
f  253//383 262//383 254//383
f  264//384 255//384 254//384
f  263//385 264//385 254//385
f  265//386 266//386 257//386
f  256//387 265//387 257//387
f  267//388 241//388 257//388
f  266//389 267//389 257//389
f  268//390 233//390 260//390
f  269//391 268//391 260//391
f  261//392 269//392 260//392
f  270//393 245//393 246//393
f  271//394 270//394 246//394
f  247//395 272//395 246//395
f  272//396 271//396 246//396
f  273//397 270//397 271//397
f  272//398 274//398 271//398
f  274//399 273//399 271//399
f  233//400 268//400 263//400
f  262//401 233//401 263//401
f  275//402 264//402 263//402
f  268//403 275//403 263//403
f  276//404 270//404 273//404
f  277//405 276//405 273//405
f  267//406 277//406 273//406
f  274//407 278//407 273//407
f  278//408 267//408 273//408
f  269//409 275//409 268//409
f  279//410 131//410 130//410
f  280//411 279//411 130//411
f  115//412 280//412 130//412
f  281//413 282//413 220//413
f  282//414 207//414 220//414
f  221//415 283//415 220//415
f  283//416 281//416 220//416
f  192//417 284//417 193//417
f  284//418 285//418 193//418
f  286//419 287//419 193//419
f  288//420 286//420 193//420
f  285//421 288//421 193//421
f  287//422 289//422 193//422
f  289//423 194//423 193//423
f  290//424 291//424 266//424
f  265//425 290//425 266//425
f  291//426 267//426 266//426
f  292//427 293//427 291//427
f  290//428 292//428 291//428
f  293//429 267//429 291//429
f  294//430 276//430 277//430
f  293//431 294//431 277//431
f  267//432 293//432 277//432
f  200//433 295//433 201//433
f  295//434 296//434 201//434
f  296//435 297//435 201//435
f  297//436 298//436 201//436
f  298//437 299//437 201//437
f  299//438 300//438 201//438
f  301//439 203//439 201//439
f  300//440 301//440 201//440
f  292//441 294//441 293//441
f  173//442 53//442 50//442
f  155//443 173//443 50//443
f  51//444 155//444 50//444
f  212//445 155//445 51//445
f  52//446 212//446 51//446
f  194//447 55//447 53//447
f  173//448 194//448 53//448
f  54//449 212//449 52//449
f  194//450 56//450 55//450
f  302//451 86//451 56//451
f  194//452 302//452 56//452
f  59//453 83//453 58//453
f  83//454 76//454 58//454
f  60//455 83//455 59//455
f  303//456 304//456 248//456
f  304//457 249//457 248//457
f  252//458 305//458 248//458
f  305//459 303//459 248//459
f  169//460 83//460 60//460
f  61//461 251//461 60//461
f  251//462 170//462 60//462
f  170//463 169//463 60//463
f  306//464 66//464 225//464
f  72//465 306//465 225//465
f  67//466 212//466 54//466
f  306//467 67//467 66//467
f  307//468 212//468 67//468
f  306//469 307//469 67//469
f  73//470 306//470 72//470
f  308//471 251//471 61//471
f  309//472 308//472 61//472
f  74//473 309//473 61//473
f  310//474 311//474 281//474
f  311//475 282//475 281//475
f  283//476 310//476 281//476
f  312//477 309//477 74//477
f  75//478 312//478 74//478
f  83//479 82//479 76//479
f  84//480 313//480 161//480
f  313//481 113//481 161//481
f  314//482 313//482 84//482
f  83//483 314//483 84//483
f  203//484 314//484 83//484
f  169//485 203//485 83//485
f  315//486 304//486 303//486
f  305//487 316//487 303//487
f  316//488 315//488 303//488
f  87//489 312//489 75//489
f  317//490 312//490 87//490
f  99//491 317//491 87//491
f  318//492 259//492 258//492
f  319//493 318//493 258//493
f  217//494 319//494 258//494
f  302//495 320//495 86//495
f  320//496 115//496 86//496
f  321//497 223//497 185//497
f  322//498 321//498 185//498
f  182//499 322//499 185//499
f  323//500 324//500 310//500
f  324//501 311//501 310//501
f  325//502 323//502 310//502
f  283//503 325//503 310//503
f  90//504 91//504 89//504
f  90//505 326//505 91//505
f  326//506 100//506 91//506
f  98//507 106//507 90//507
f  106//508 326//508 90//508
f  327//509 236//509 223//509
f  321//510 327//510 223//510
f  328//511 105//511 101//511
f  102//512 328//512 101//512
f  326//513 108//513 100//513
f  107//514 328//514 102//514
f  103//515 107//515 102//515
f  329//516 191//516 190//516
f  330//517 329//517 190//517
f  331//518 330//518 190//518
f  171//519 331//519 190//519
f  332//520 331//520 171//520
f  153//521 332//521 171//521
f  151//522 332//522 153//522
f  121//523 118//523 105//523
f  328//524 121//524 105//524
f  333//525 332//525 151//525
f  210//526 333//526 151//526
f  209//527 333//527 210//527
f  334//528 335//528 287//528
f  286//529 334//529 287//529
f  335//530 336//530 287//530
f  336//531 337//531 287//531
f  337//532 289//532 287//532
f  107//533 121//533 328//533
f  326//534 135//534 108//534
f  135//535 125//535 108//535
f  313//536 182//536 113//536
f  299//537 338//537 300//537
f  338//538 339//538 300//538
f  340//539 301//539 300//539
f  339//540 340//540 300//540
f  124//541 326//541 106//541
f  119//542 127//542 107//542
f  129//543 121//543 107//543
f  145//544 129//544 107//544
f  127//545 145//545 107//545
f  341//546 280//546 115//546
f  320//547 341//547 115//547
f  229//548 319//548 217//548
f  342//549 192//549 191//549
f  329//550 342//550 191//550
f  343//551 202//551 167//551
f  344//552 343//552 167//552
f  165//553 344//553 167//553
f  345//554 344//554 165//554
f  196//555 345//555 165//555
f  346//556 345//556 196//556
f  199//557 346//557 196//557
f  347//558 284//558 192//558
f  342//559 347//559 192//559
f  156//560 135//560 326//560
f  133//561 156//561 326//561
f  124//562 133//562 326//562
f  347//563 285//563 284//563
f  348//564 319//564 229//564
f  349//565 348//565 229//565
f  231//566 349//566 229//566
f  350//567 200//567 202//567
f  343//568 350//568 202//568
f  351//569 352//569 209//569
f  352//570 333//570 209//570
f  208//571 351//571 209//571
f  353//572 346//572 199//572
f  198//573 353//573 199//573
f  207//574 351//574 208//574
f  354//575 295//575 200//575
f  350//576 354//576 200//576
f  282//577 355//577 207//577
f  356//578 351//578 207//578
f  355//579 356//579 207//579
f  140//580 149//580 127//580
f  162//581 145//581 127//581
f  186//582 162//582 127//582
f  149//583 186//583 127//583
f  327//584 357//584 236//584
f  357//585 247//585 236//585
f  354//586 296//586 295//586
f  142//587 144//587 133//587
f  144//588 156//588 133//588
f  357//589 272//589 247//589
f  358//590 131//590 279//590
f  359//591 358//591 279//591
f  280//592 359//592 279//592
f  354//593 360//593 296//593
f  360//594 297//594 296//594
f  361//595 288//595 285//595
f  362//596 361//596 285//596
f  347//597 362//597 285//597
f  94//598 363//598 95//598
f  364//599 195//599 95//599
f  363//600 364//600 95//600
f  189//601 159//601 156//601
f  144//602 189//602 156//602
f  243//603 264//603 159//603
f  227//604 243//604 159//604
f  189//605 227//605 159//605
f  264//606 269//606 159//606
f  269//607 261//607 159//607
f  261//608 235//608 159//608
f  235//609 215//609 159//609
f  215//610 205//610 159//610
f  205//611 204//611 159//611
f  365//612 324//612 323//612
f  325//613 366//613 323//613
f  366//614 365//614 323//614
f  367//615 307//615 306//615
f  73//616 367//616 306//616
f  241//617 368//617 147//617
f  368//618 369//618 147//618
f  370//619 253//619 147//619
f  371//620 372//620 147//620
f  372//621 373//621 147//621
f  373//622 370//622 147//622
f  369//623 374//623 147//623
f  374//624 371//624 147//624
f  282//625 375//625 355//625
f  375//626 356//626 355//626
f  177//627 367//627 73//627
f  250//628 353//628 198//628
f  324//629 376//629 311//629
f  376//630 377//630 311//630
f  377//631 378//631 311//631
f  378//632 282//632 311//632
f  179//633 276//633 149//633
f  276//634 292//634 149//634
f  292//635 290//635 149//635
f  290//636 265//636 149//636
f  239//637 186//637 149//637
f  265//638 239//638 149//638
f  379//639 380//639 282//639
f  380//640 375//640 282//640
f  378//641 381//641 282//641
f  381//642 379//642 282//642
f  382//643 356//643 375//643
f  380//644 382//644 375//644
f  383//645 286//645 288//645
f  361//646 383//646 288//646
f  383//647 384//647 286//647
f  384//648 385//648 286//648
f  385//649 386//649 286//649
f  386//650 334//650 286//650
f  94//651 387//651 363//651
f  388//652 364//652 363//652
f  387//653 388//653 363//653
f  389//654 335//654 334//654
f  386//655 390//655 334//655
f  390//656 389//656 334//656
f  391//657 382//657 380//657
f  379//658 391//658 380//658
f  365//659 376//659 324//659
f  362//660 383//660 361//660
f  392//661 304//661 315//661
f  393//662 392//662 315//662
f  316//663 394//663 315//663
f  394//664 393//664 315//664
f  184//665 189//665 144//665
f  314//666 395//666 313//666
f  395//667 322//667 313//667
f  322//668 182//668 313//668
f  389//669 336//669 335//669
f  396//670 131//670 358//670
f  359//671 396//671 358//671
f  397//672 134//672 131//672
f  396//673 398//673 131//673
f  398//674 399//674 131//674
f  399//675 400//675 131//675
f  400//676 397//676 131//676
f  390//677 401//677 389//677
f  401//678 336//678 389//678
f  239//679 218//679 186//679
f  338//680 402//680 339//680
f  402//681 340//681 339//681
f  403//682 404//682 371//682
f  404//683 405//683 371//683
f  405//684 406//684 371//684
f  406//685 407//685 371//685
f  407//686 372//686 371//686
f  374//687 408//687 371//687
f  408//688 409//688 371//688
f  409//689 410//689 371//689
f  410//690 411//690 371//690
f  411//691 403//691 371//691
f  412//692 349//692 231//692
f  413//693 412//693 231//693
f  414//694 413//694 231//694
f  234//695 414//695 231//695
f  214//696 276//696 179//696
f  233//697 414//697 234//697
f  415//698 414//698 233//698
f  262//699 415//699 233//699
f  416//700 298//700 297//700
f  417//701 416//701 297//701
f  360//702 418//702 297//702
f  418//703 417//703 297//703
f  253//704 415//704 262//704
f  370//705 419//705 253//705
f  419//706 415//706 253//706
f  221//707 212//707 307//707
f  283//708 221//708 307//708
f  325//709 283//709 307//709
f  420//710 325//710 307//710
f  367//711 420//711 307//711
f  421//712 376//712 365//712
f  366//713 422//713 365//713
f  422//714 421//714 365//714
f  423//715 419//715 370//715
f  373//716 423//716 370//716
f  241//717 424//717 368//717
f  424//718 369//718 368//718
f  425//719 298//719 416//719
f  417//720 425//720 416//720
f  336//721 320//721 302//721
f  337//722 336//722 302//722
f  194//723 289//723 302//723
f  289//724 337//724 302//724
f  426//725 348//725 349//725
f  412//726 426//726 349//726
f  336//727 341//727 320//727
f  427//728 398//728 396//728
f  428//729 427//729 396//729
f  359//730 428//730 396//730
f  429//731 430//731 341//731
f  359//732 280//732 341//732
f  430//733 431//733 341//733
f  431//734 432//734 341//734
f  432//735 433//735 341//735
f  433//736 434//736 341//736
f  434//737 428//737 341//737
f  428//738 359//738 341//738
f  401//739 435//739 341//739
f  336//740 401//740 341//740
f  435//741 436//741 341//741
f  436//742 437//742 341//742
f  437//743 429//743 341//743
f  267//744 438//744 241//744
f  438//745 424//745 241//745
f  221//746 222//746 212//746
f  259//747 420//747 367//747
f  177//748 259//748 367//748
f  439//749 374//749 369//749
f  440//750 439//750 369//750
f  424//751 440//751 369//751
f  397//752 94//752 134//752
f  441//753 442//753 421//753
f  442//754 376//754 421//754
f  422//755 441//755 421//755
f  366//756 325//756 420//756
f  259//757 366//757 420//757
f  238//758 276//758 214//758
f  278//759 438//759 267//759
f  443//760 444//760 317//760
f  445//761 446//761 317//761
f  444//762 445//762 317//762
f  364//763 447//763 317//763
f  195//764 364//764 317//764
f  99//765 195//765 317//765
f  448//766 443//766 317//766
f  449//767 448//767 317//767
f  447//768 449//768 317//768
f  446//769 312//769 317//769
f  450//770 423//770 373//770
f  372//771 450//771 373//771
f  274//772 438//772 278//772
f  446//773 451//773 312//773
f  451//774 394//774 312//774
f  394//775 309//775 312//775
f  305//776 308//776 309//776
f  394//777 316//777 309//777
f  316//778 305//778 309//778
f  308//779 252//779 251//779
f  301//780 340//780 314//780
f  340//781 452//781 314//781
f  452//782 395//782 314//782
f  203//783 301//783 314//783
f  397//784 400//784 94//784
f  400//785 453//785 94//785
f  453//786 454//786 94//786
f  454//787 387//787 94//787
f  455//788 456//788 274//788
f  456//789 438//789 274//789
f  457//790 455//790 274//790
f  272//791 457//791 274//791
f  454//792 388//792 387//792
f  458//793 391//793 379//793
f  381//794 458//794 379//794
f  305//795 252//795 308//795
f  265//796 256//796 239//796
f  393//797 459//797 392//797
f  459//798 304//798 392//798
f  338//799 460//799 402//799
f  461//800 340//800 402//800
f  460//801 461//801 402//801
f  462//802 463//802 304//802
f  463//803 464//803 304//803
f  464//804 249//804 304//804
f  459//805 465//805 304//805
f  465//806 462//806 304//806
f  452//807 322//807 395//807
f  466//808 459//808 393//808
f  394//809 466//809 393//809
f  299//810 467//810 338//810
f  467//811 460//811 338//811
f  357//812 457//812 272//812
f  464//813 250//813 249//813
f  425//814 468//814 298//814
f  468//815 469//815 298//815
f  469//816 470//816 298//816
f  470//817 299//817 298//817
f  471//818 468//818 425//818
f  417//819 471//819 425//819
f  472//820 467//820 299//820
f  470//821 473//821 299//821
f  473//822 472//822 299//822
f  472//823 474//823 467//823
f  474//824 460//824 467//824
f  474//825 461//825 460//825
f  340//826 321//826 452//826
f  321//827 322//827 452//827
f  464//828 353//828 250//828
f  245//829 276//829 238//829
f  442//830 377//830 376//830
f  378//831 475//831 381//831
f  476//832 458//832 381//832
f  475//833 476//833 381//833
f  386//834 477//834 390//834
f  435//835 401//835 390//835
f  477//836 435//836 390//836
f  478//837 408//837 374//837
f  439//838 478//838 374//838
f  255//839 264//839 243//839
f  479//840 442//840 441//840
f  480//841 479//841 441//841
f  422//842 480//842 441//842
f  318//843 366//843 259//843
f  264//844 275//844 269//844
f  270//845 276//845 245//845
f  453//846 481//846 454//846
f  447//847 388//847 454//847
f  481//848 447//848 454//848
f  482//849 483//849 466//849
f  483//850 459//850 466//850
f  451//851 482//851 466//851
f  394//852 451//852 466//852
f  484//853 450//853 372//853
f  407//854 484//854 372//854
f  471//855 469//855 468//855
f  485//856 398//856 427//856
f  434//857 485//857 427//857
f  428//858 434//858 427//858
f  453//859 486//859 481//859
f  487//860 447//860 481//860
f  486//861 487//861 481//861
f  488//862 470//862 469//862
f  489//863 488//863 469//863
f  471//864 489//864 469//864
f  294//865 292//865 276//865
f  490//866 484//866 407//866
f  406//867 490//867 407//867
f  491//868 398//868 485//868
f  492//869 491//869 485//869
f  493//870 492//870 485//870
f  434//871 493//871 485//871
f  494//872 442//872 479//872
f  495//873 494//873 479//873
f  480//874 495//874 479//874
f  496//875 409//875 408//875
f  478//876 496//876 408//876
f  472//877 497//877 474//877
f  497//878 461//878 474//878
f  498//879 410//879 409//879
f  499//880 498//880 409//880
f  496//881 499//881 409//881
f  386//882 500//882 477//882
f  500//883 501//883 477//883
f  502//884 435//884 477//884
f  501//885 502//885 477//885
f  503//886 491//886 492//886
f  493//887 503//887 492//887
f  405//888 490//888 406//888
f  399//889 453//889 400//889
f  463//890 504//890 464//890
f  504//891 353//891 464//891
f  500//892 505//892 501//892
f  505//893 502//893 501//893
f  506//894 491//894 503//894
f  493//895 433//895 503//895
f  433//896 506//896 503//896
f  378//897 507//897 475//897
f  507//898 508//898 475//898
f  508//899 476//899 475//899
f  472//900 509//900 497//900
f  509//901 510//901 497//901
f  510//902 461//902 497//902
f  453//903 511//903 486//903
f  449//904 487//904 486//904
f  511//905 449//905 486//905
f  512//906 442//906 494//906
f  513//907 512//907 494//907
f  495//908 513//908 494//908
f  453//909 514//909 511//909
f  514//910 449//910 511//910
f  495//911 480//911 318//911
f  319//912 495//912 318//912
f  480//913 422//913 318//913
f  422//914 366//914 318//914
f  472//915 515//915 509//915
f  515//916 516//916 509//916
f  516//917 510//917 509//917
f  517//918 470//918 488//918
f  489//919 517//919 488//919
f  518//920 442//920 512//920
f  519//921 518//921 512//921
f  520//922 519//922 512//922
f  513//923 520//923 512//923
f  516//924 327//924 321//924
f  461//925 516//925 321//925
f  340//926 461//926 321//926
f  521//927 491//927 506//927
f  433//928 521//928 506//928
f  522//929 483//929 482//929
f  451//930 446//930 482//930
f  446//931 522//931 482//931
f  500//932 523//932 505//932
f  436//933 502//933 505//933
f  523//934 436//934 505//934
f  498//935 411//935 410//935
f  524//936 518//936 519//936
f  525//937 524//937 519//937
f  520//938 525//938 519//938
f  526//939 491//939 521//939
f  527//940 526//940 521//940
f  431//941 527//941 521//941
f  432//942 431//942 521//942
f  433//943 432//943 521//943
f  528//944 483//944 522//944
f  446//945 528//945 522//945
f  500//946 529//946 523//946
f  437//947 436//947 523//947
f  529//948 437//948 523//948
f  530//949 403//949 411//949
f  531//950 530//950 411//950
f  498//951 531//951 411//951
f  532//952 483//952 528//952
f  445//953 532//953 528//953
f  446//954 445//954 528//954
f  500//955 526//955 529//955
f  526//956 527//956 529//956
f  429//957 437//957 529//957
f  430//958 429//958 529//958
f  527//959 430//959 529//959
f  507//960 533//960 508//960
f  533//961 476//961 508//961
f  362//962 534//962 383//962
f  534//963 384//963 383//963
f  535//964 357//964 327//964
f  516//965 535//965 327//965
f  536//966 490//966 405//966
f  404//967 536//967 405//967
f  431//968 430//968 527//968
f  472//969 537//969 515//969
f  537//970 535//970 515//970
f  535//971 516//971 515//971
f  453//972 538//972 514//972
f  538//973 539//973 514//973
f  448//974 449//974 514//974
f  539//975 448//975 514//975
f  540//976 329//976 330//976
f  331//977 540//977 330//977
f  332//978 540//978 331//978
f  333//979 540//979 332//979
f  538//980 541//980 539//980
f  542//981 448//981 539//981
f  541//982 542//982 539//982
f  352//983 540//983 333//983
f  538//984 543//984 541//984
f  443//985 542//985 541//985
f  444//986 443//986 541//986
f  543//987 444//987 541//987
f  544//988 470//988 517//988
f  545//989 544//989 517//989
f  489//990 545//990 517//990
f  403//991 546//991 404//991
f  547//992 536//992 404//992
f  546//993 547//993 404//993
f  483//994 532//994 543//994
f  538//995 483//995 543//995
f  548//996 444//996 543//996
f  532//997 548//997 543//997
f  445//998 548//998 532//998
f  540//999 342//999 329//999
f  472//1000 549//1000 537//1000
f  550//1001 535//1001 537//1001
f  549//1002 550//1002 537//1002
f  540//1003 551//1003 342//1003
f  551//1004 552//1004 342//1004
f  552//1005 553//1005 342//1005
f  553//1006 554//1006 342//1006
f  554//1007 555//1007 342//1007
f  555//1008 556//1008 342//1008
f  556//1009 557//1009 342//1009
f  557//1010 558//1010 342//1010
f  558//1011 559//1011 342//1011
f  559//1012 560//1012 342//1012
f  560//1013 347//1013 342//1013
f  344//1014 350//1014 343//1014
f  345//1015 346//1015 344//1015
f  346//1016 561//1016 344//1016
f  561//1017 350//1017 344//1017
f  561//1018 354//1018 350//1018
f  562//1019 470//1019 544//1019
f  563//1020 562//1020 544//1020
f  545//1021 563//1021 544//1021
f  560//1022 362//1022 347//1022
f  351//1023 356//1023 352//1023
f  356//1024 540//1024 352//1024
f  348//1025 564//1025 319//1025
f  564//1026 565//1026 319//1026
f  520//1027 495//1027 319//1027
f  565//1028 520//1028 319//1028
f  353//1029 561//1029 346//1029
f  561//1030 360//1030 354//1030
f  566//1031 567//1031 549//1031
f  472//1032 566//1032 549//1032
f  567//1033 568//1033 549//1033
f  568//1034 550//1034 549//1034
f  569//1035 403//1035 530//1035
f  570//1036 569//1036 530//1036
f  531//1037 570//1037 530//1037
f  535//1038 457//1038 357//1038
f  560//1039 534//1039 362//1039
f  417//1040 418//1040 360//1040
f  561//1041 417//1041 360//1041
f  571//1042 403//1042 569//1042
f  572//1043 571//1043 569//1043
f  570//1044 572//1044 569//1044
f  403//1045 573//1045 546//1045
f  574//1046 547//1046 546//1046
f  575//1047 574//1047 546//1047
f  573//1048 575//1048 546//1048
f  576//1049 524//1049 525//1049
f  565//1050 576//1050 525//1050
f  520//1051 565//1051 525//1051
f  382//1052 540//1052 356//1052
f  403//1053 577//1053 573//1053
f  578//1054 575//1054 573//1054
f  577//1055 578//1055 573//1055
f  504//1056 561//1056 353//1056
f  579//1057 403//1057 571//1057
f  580//1058 579//1058 571//1058
f  572//1059 580//1059 571//1059
f  403//1060 581//1060 577//1060
f  581//1061 578//1061 577//1061
f  391//1062 540//1062 382//1062
f  582//1063 562//1063 563//1063
f  545//1064 582//1064 563//1064
f  388//1065 447//1065 364//1065
f  413//1066 583//1066 412//1066
f  583//1067 426//1067 412//1067
f  584//1068 585//1068 413//1068
f  585//1069 583//1069 413//1069
f  414//1070 586//1070 413//1070
f  586//1071 587//1071 413//1071
f  587//1072 584//1072 413//1072
f  566//1073 588//1073 567//1073
f  588//1074 589//1074 567//1074
f  589//1075 568//1075 567//1075
f  489//1076 471//1076 417//1076
f  545//1077 489//1077 417//1077
f  561//1078 545//1078 417//1078
f  415//1079 590//1079 414//1079
f  590//1080 586//1080 414//1080
f  591//1081 578//1081 415//1081
f  419//1082 591//1082 415//1082
f  578//1083 592//1083 415//1083
f  592//1084 593//1084 415//1084
f  593//1085 594//1085 415//1085
f  594//1086 595//1086 415//1086
f  595//1087 590//1087 415//1087
f  423//1088 591//1088 419//1088
f  596//1089 440//1089 424//1089
f  438//1090 596//1090 424//1090
f  426//1091 597//1091 348//1091
f  597//1092 564//1092 348//1092
f  583//1093 598//1093 426//1093
f  598//1094 597//1094 426//1094
f  596//1095 439//1095 440//1095
f  596//1096 599//1096 439//1096
f  599//1097 478//1097 439//1097
f  456//1098 596//1098 438//1098
f  600//1099 524//1099 576//1099
f  601//1100 600//1100 576//1100
f  564//1101 601//1101 576//1101
f  565//1102 564//1102 576//1102
f  455//1103 596//1103 456//1103
f  457//1104 602//1104 455//1104
f  602//1105 596//1105 455//1105
f  458//1106 476//1106 391//1106
f  476//1107 540//1107 391//1107
f  450//1108 591//1108 423//1108
f  589//1109 603//1109 457//1109
f  604//1110 605//1110 457//1110
f  603//1111 604//1111 457//1111
f  605//1112 606//1112 457//1112
f  606//1113 602//1113 457//1113
f  535//1114 550//1114 457//1114
f  550//1115 568//1115 457//1115
f  568//1116 589//1116 457//1116
f  580//1117 607//1117 579//1117
f  608//1118 403//1118 579//1118
f  609//1119 608//1119 579//1119
f  607//1120 609//1120 579//1120
f  403//1121 610//1121 581//1121
f  592//1122 578//1122 581//1122
f  593//1123 592//1123 581//1123
f  610//1124 593//1124 581//1124
f  403//1125 611//1125 610//1125
f  594//1126 593//1126 610//1126
f  611//1127 594//1127 610//1127
f  599//1128 499//1128 478//1128
f  499//1129 496//1129 478//1129
f  612//1130 613//1130 614//1130
f  615//1131 612//1131 614//1131
f  616//1132 615//1132 614//1132
f  590//1133 616//1133 614//1133
f  586//1134 590//1134 614//1134
f  613//1135 586//1135 614//1135
f  484//1136 591//1136 450//1136
f  433//1137 493//1137 434//1137
f  403//1138 617//1138 611//1138
f  618//1139 594//1139 611//1139
f  617//1140 618//1140 611//1140
f  619//1141 615//1141 616//1141
f  590//1142 619//1142 616//1142
f  487//1143 449//1143 447//1143
f  620//1144 403//1144 608//1144
f  609//1145 620//1145 608//1145
f  615//1146 621//1146 617//1146
f  403//1147 615//1147 617//1147
f  595//1148 618//1148 617//1148
f  621//1149 595//1149 617//1149
f  502//1150 436//1150 435//1150
f  622//1151 623//1151 533//1151
f  507//1152 622//1152 533//1152
f  623//1153 540//1153 533//1153
f  540//1154 476//1154 533//1154
f  615//1155 619//1155 621//1155
f  619//1156 595//1156 621//1156
f  490//1157 591//1157 484//1157
f  624//1158 385//1158 384//1158
f  534//1159 624//1159 384//1159
f  625//1160 595//1160 619//1160
f  590//1161 625//1161 619//1161
f  612//1162 626//1162 613//1162
f  587//1163 586//1163 613//1163
f  626//1164 587//1164 613//1164
f  510//1165 516//1165 461//1165
f  627//1166 403//1166 620//1166
f  628//1167 627//1167 620//1167
f  629//1168 628//1168 620//1168
f  609//1169 629//1169 620//1169
f  599//1170 498//1170 499//1170
f  630//1171 627//1171 628//1171
f  631//1172 630//1172 628//1172
f  629//1173 631//1173 628//1173
f  627//1174 630//1174 632//1174
f  633//1175 627//1175 632//1175
f  634//1176 633//1176 632//1176
f  635//1177 634//1177 632//1177
f  630//1178 635//1178 632//1178
f  631//1179 635//1179 630//1179
f  636//1180 627//1180 633//1180
f  637//1181 636//1181 633//1181
f  634//1182 637//1182 633//1182
f  638//1183 636//1183 637//1183
f  639//1184 638//1184 637//1184
f  640//1185 639//1185 637//1185
f  634//1186 640//1186 637//1186
f  641//1187 600//1187 601//1187
f  598//1188 641//1188 601//1188
f  597//1189 598//1189 601//1189
f  564//1190 597//1190 601//1190
f  536//1191 591//1191 490//1191
f  612//1192 642//1192 626//1192
f  584//1193 587//1193 626//1193
f  585//1194 584//1194 626//1194
f  642//1195 585//1195 626//1195
f  643//1196 636//1196 638//1196
f  644//1197 643//1197 638//1197
f  639//1198 644//1198 638//1198
f  645//1199 504//1199 463//1199
f  462//1200 645//1200 463//1200
f  612//1201 646//1201 642//1201
f  646//1202 585//1202 642//1202
f  647//1203 636//1203 643//1203
f  602//1204 606//1204 643//1204
f  606//1205 647//1205 643//1205
f  644//1206 602//1206 643//1206
f  648//1207 600//1207 641//1207
f  583//1208 648//1208 641//1208
f  598//1209 583//1209 641//1209
f  649//1210 636//1210 647//1210
f  650//1211 649//1211 647//1211
f  606//1212 650//1212 647//1212
f  612//1213 651//1213 646//1213
f  600//1214 652//1214 646//1214
f  651//1215 600//1215 646//1215
f  652//1216 585//1216 646//1216
f  520//1217 513//1217 495//1217
f  600//1218 653//1218 652//1218
f  653//1219 585//1219 652//1219
f  653//1220 600//1220 648//1220
f  654//1221 653//1221 648//1221
f  583//1222 654//1222 648//1222
f  654//1223 585//1223 653//1223
f  570//1224 531//1224 498//1224
f  599//1225 570//1225 498//1225
f  566//1226 655//1226 588//1226
f  655//1227 656//1227 588//1227
f  603//1228 589//1228 588//1228
f  656//1229 603//1229 588//1229
f  657//1230 655//1230 650//1230
f  655//1231 649//1231 650//1231
f  658//1232 657//1232 650//1232
f  606//1233 658//1233 650//1233
f  444//1234 548//1234 445//1234
f  574//1235 578//1235 591//1235
f  547//1236 574//1236 591//1236
f  536//1237 547//1237 591//1237
f  465//1238 659//1238 462//1238
f  660//1239 645//1239 462//1239
f  659//1240 660//1240 462//1240
f  542//1241 443//1241 448//1241
f  661//1242 655//1242 657//1242
f  658//1243 605//1243 657//1243
f  605//1244 661//1244 657//1244
f  662//1245 655//1245 661//1245
f  605//1246 604//1246 661//1246
f  604//1247 662//1247 661//1247
f  656//1248 655//1248 662//1248
f  604//1249 663//1249 662//1249
f  663//1250 656//1250 662//1250
f  663//1251 603//1251 656//1251
f  639//1252 640//1252 596//1252
f  640//1253 634//1253 596//1253
f  634//1254 635//1254 596//1254
f  609//1255 599//1255 596//1255
f  631//1256 609//1256 596//1256
f  635//1257 631//1257 596//1257
f  602//1258 644//1258 596//1258
f  644//1259 639//1259 596//1259
f  580//1260 570//1260 599//1260
f  607//1261 580//1261 599//1261
f  609//1262 607//1262 599//1262
f  561//1263 582//1263 545//1263
f  465//1264 664//1264 659//1264
f  665//1265 660//1265 659//1265
f  664//1266 665//1266 659//1266
f  580//1267 572//1267 570//1267
f  575//1268 578//1268 574//1268
f  666//1269 385//1269 624//1269
f  667//1270 666//1270 624//1270
f  534//1271 667//1271 624//1271
f  668//1272 385//1272 666//1272
f  560//1273 668//1273 666//1273
f  667//1274 560//1274 666//1274
f  442//1275 518//1275 377//1275
f  669//1276 378//1276 377//1276
f  670//1277 669//1277 377//1277
f  518//1278 670//1278 377//1278
f  671//1279 507//1279 378//1279
f  669//1280 671//1280 378//1280
f  672//1281 622//1281 507//1281
f  671//1282 672//1282 507//1282
f  673//1283 623//1283 622//1283
f  672//1284 673//1284 622//1284
f  673//1285 551//1285 623//1285
f  551//1286 540//1286 623//1286
f  674//1287 385//1287 668//1287
f  675//1288 674//1288 668//1288
f  559//1289 675//1289 668//1289
f  560//1290 559//1290 668//1290
f  676//1291 386//1291 385//1291
f  674//1292 676//1292 385//1292
f  677//1293 500//1293 386//1293
f  676//1294 677//1294 386//1294
f  465//1295 678//1295 664//1295
f  679//1296 665//1296 664//1296
f  678//1297 679//1297 664//1297
f  680//1298 526//1298 500//1298
f  677//1299 680//1299 500//1299
f  681//1300 491//1300 526//1300
f  680//1301 681//1301 526//1301
f  682//1302 562//1302 582//1302
f  683//1303 682//1303 582//1303
f  561//1304 683//1304 582//1304
f  684//1305 398//1305 491//1305
f  681//1306 684//1306 491//1306
f  685//1307 399//1307 398//1307
f  684//1308 685//1308 398//1308
f  672//1309 686//1309 673//1309
f  686//1310 551//1310 673//1310
f  465//1311 687//1311 678//1311
f  687//1312 679//1312 678//1312
f  688//1313 674//1313 675//1313
f  559//1314 688//1314 675//1314
f  685//1315 453//1315 399//1315
f  689//1316 674//1316 688//1316
f  558//1317 689//1317 688//1317
f  559//1318 558//1318 688//1318
f  690//1319 682//1319 683//1319
f  691//1320 690//1320 683//1320
f  561//1321 691//1321 683//1321
f  672//1322 692//1322 686//1322
f  552//1323 551//1323 686//1323
f  692//1324 552//1324 686//1324
f  693//1325 694//1325 692//1325
f  672//1326 693//1326 692//1326
f  694//1327 552//1327 692//1327
f  595//1328 625//1328 590//1328
f  693//1329 695//1329 694//1329
f  553//1330 552//1330 694//1330
f  695//1331 553//1331 694//1331
f  618//1332 595//1332 594//1332
f  631//1333 629//1333 609//1333
f  465//1334 696//1334 687//1334
f  696//1335 697//1335 687//1335
f  697//1336 679//1336 687//1336
f  560//1337 667//1337 534//1337
f  465//1338 698//1338 696//1338
f  698//1339 699//1339 696//1339
f  699//1340 697//1340 696//1340
f  700//1341 674//1341 689//1341
f  557//1342 700//1342 689//1342
f  558//1343 557//1343 689//1343
f  701//1344 518//1344 524//1344
f  600//1345 701//1345 524//1345
f  702//1346 674//1346 700//1346
f  703//1347 702//1347 700//1347
f  556//1348 703//1348 700//1348
f  557//1349 556//1349 700//1349
f  704//1350 702//1350 703//1350
f  556//1351 704//1351 703//1351
f  693//1352 705//1352 695//1352
f  554//1353 553//1353 695//1353
f  705//1354 554//1354 695//1354
f  693//1355 706//1355 705//1355
f  555//1356 554//1356 705//1356
f  706//1357 555//1357 705//1357
f  645//1358 561//1358 504//1358
f  707//1359 708//1359 566//1359
f  472//1360 707//1360 566//1360
f  708//1361 709//1361 566//1361
f  709//1362 655//1362 566//1362
f  605//1363 658//1363 606//1363
f  473//1364 707//1364 472//1364
f  693//1365 704//1365 706//1365
f  704//1366 555//1366 706//1366
f  693//1367 702//1367 704//1367
f  556//1368 555//1368 704//1368
f  654//1369 583//1369 585//1369
f  465//1370 710//1370 698//1370
f  711//1371 712//1371 698//1371
f  712//1372 699//1372 698//1372
f  710//1373 711//1373 698//1373
f  663//1374 604//1374 603//1374
f  465//1375 713//1375 710//1375
f  713//1376 711//1376 710//1376
f  714//1377 682//1377 690//1377
f  715//1378 714//1378 690//1378
f  691//1379 715//1379 690//1379
f  716//1380 717//1380 714//1380
f  717//1381 682//1381 714//1381
f  718//1382 716//1382 714//1382
f  715//1383 718//1383 714//1383
f  717//1384 719//1384 713//1384
f  465//1385 717//1385 713//1385
f  720//1386 711//1386 713//1386
f  719//1387 720//1387 713//1387
f  717//1388 716//1388 719//1388
f  721//1389 720//1389 719//1389
f  716//1390 721//1390 719//1390
f  718//1391 721//1391 716//1391
f  660//1392 561//1392 645//1392
f  722//1393 670//1393 518//1393
f  701//1394 722//1394 518//1394
f  679//1395 561//1395 660//1395
f  665//1396 679//1396 660//1396
f  697//1397 561//1397 679//1397
f  712//1398 720//1398 561//1398
f  699//1399 712//1399 561//1399
f  697//1400 699//1400 561//1400
f  718//1401 691//1401 561//1401
f  721//1402 718//1402 561//1402
f  720//1403 721//1403 561//1403
f  651//1404 701//1404 600//1404
f  718//1405 715//1405 691//1405
f  723//1406 649//1406 655//1406
f  709//1407 723//1407 655//1407
f  684//1408 724//1408 685//1408
f  724//1409 453//1409 685//1409
f  724//1410 725//1410 453//1410
f  725//1411 726//1411 453//1411
f  726//1412 538//1412 453//1412
f  726//1413 727//1413 538//1413
f  727//1414 483//1414 538//1414
f  684//1415 725//1415 724//1415
f  727//1416 728//1416 483//1416
f  728//1417 459//1417 483//1417
f  728//1418 729//1418 459//1418
f  729//1419 465//1419 459//1419
f  729//1420 730//1420 465//1420
f  730//1421 717//1421 465//1421
f  730//1422 731//1422 717//1422
f  731//1423 682//1423 717//1423
f  731//1424 732//1424 682//1424
f  732//1425 562//1425 682//1425
f  732//1426 733//1426 562//1426
f  733//1427 470//1427 562//1427
f  733//1428 734//1428 470//1428
f  734//1429 473//1429 470//1429
f  735//1430 707//1430 473//1430
f  734//1431 736//1431 473//1431
f  736//1432 735//1432 473//1432
f  735//1433 708//1433 707//1433
f  711//1434 720//1434 712//1434
f  737//1435 612//1435 615//1435
f  403//1436 737//1436 615//1436
f  636//1437 737//1437 627//1437
f  737//1438 403//1438 627//1438
f  722//1439 738//1439 670//1439
f  738//1440 739//1440 670//1440
f  739//1441 740//1441 670//1441
f  740//1442 741//1442 670//1442
f  741//1443 669//1443 670//1443
f  741//1444 742//1444 669//1444
f  742//1445 671//1445 669//1445
f  742//1446 743//1446 671//1446
f  743//1447 672//1447 671//1447
f  743//1448 744//1448 672//1448
f  744//1449 693//1449 672//1449
f  744//1450 745//1450 693//1450
f  745//1451 702//1451 693//1451
f  745//1452 746//1452 702//1452
f  746//1453 674//1453 702//1453
f  746//1454 747//1454 674//1454
f  747//1455 676//1455 674//1455
f  747//1456 748//1456 676//1456
f  748//1457 677//1457 676//1457
f  748//1458 749//1458 677//1458
f  749//1459 680//1459 677//1459
f  749//1460 750//1460 680//1460
f  750//1461 681//1461 680//1461
f  750//1462 751//1462 681//1462
f  751//1463 684//1463 681//1463
f  751//1464 752//1464 684//1464
f  752//1465 725//1465 684//1465
f  701//1466 738//1466 722//1466
f  753//1467 651//1467 612//1467
f  737//1468 753//1468 612//1468
f  752//1469 726//1469 725//1469
f  754//1470 737//1470 636//1470
f  755//1471 754//1471 636//1471
f  756//1472 755//1472 636//1472
f  649//1473 756//1473 636//1473
f  701//1474 739//1474 738//1474
f  735//1475 757//1475 708//1475
f  757//1476 758//1476 708//1476
f  758//1477 709//1477 708//1477
f  736//1478 757//1478 735//1478
f  759//1479 740//1479 739//1479
f  701//1480 760//1480 739//1480
f  760//1481 759//1481 739//1481
f  651//1482 761//1482 701//1482
f  761//1483 760//1483 701//1483
f  762//1484 723//1484 709//1484
f  758//1485 762//1485 709//1485
f  754//1486 753//1486 737//1486
f  763//1487 761//1487 651//1487
f  753//1488 763//1488 651//1488
f  764//1489 756//1489 649//1489
f  723//1490 764//1490 649//1490
f  751//1491 765//1491 752//1491
f  765//1492 726//1492 752//1492
f  765//1493 766//1493 726//1493
f  766//1494 767//1494 726//1494
f  767//1495 768//1495 726//1495
f  768//1496 727//1496 726//1496
f  768//1497 769//1497 727//1497
f  769//1498 728//1498 727//1498
f  769//1499 770//1499 728//1499
f  770//1500 729//1500 728//1500
f  770//1501 771//1501 729//1501
f  771//1502 730//1502 729//1502
f  751//1503 766//1503 765//1503
f  771//1504 772//1504 730//1504
f  772//1505 731//1505 730//1505
f  772//1506 773//1506 731//1506
f  773//1507 732//1507 731//1507
f  773//1508 774//1508 732//1508
f  774//1509 733//1509 732//1509
f  774//1510 775//1510 733//1510
f  775//1511 734//1511 733//1511
f  775//1512 776//1512 734//1512
f  776//1513 736//1513 734//1513
f  777//1514 757//1514 736//1514
f  776//1515 778//1515 736//1515
f  778//1516 777//1516 736//1516
f  777//1517 758//1517 757//1517
f  759//1518 779//1518 740//1518
f  779//1519 780//1519 740//1519
f  781//1520 741//1520 740//1520
f  782//1521 781//1521 740//1521
f  780//1522 782//1522 740//1522
f  783//1523 742//1523 741//1523
f  781//1524 783//1524 741//1524
f  784//1525 743//1525 742//1525
f  783//1526 784//1526 742//1526
f  785//1527 744//1527 743//1527
f  784//1528 785//1528 743//1528
f  786//1529 745//1529 744//1529
f  785//1530 786//1530 744//1530
f  787//1531 746//1531 745//1531
f  786//1532 787//1532 745//1532
f  788//1533 747//1533 746//1533
f  787//1534 788//1534 746//1534
f  789//1535 748//1535 747//1535
f  788//1536 789//1536 747//1536
f  790//1537 749//1537 748//1537
f  789//1538 790//1538 748//1538
f  791//1539 750//1539 749//1539
f  790//1540 791//1540 749//1540
f  792//1541 793//1541 761//1541
f  763//1542 792//1542 761//1542
f  793//1543 760//1543 761//1543
f  794//1544 751//1544 750//1544
f  791//1545 794//1545 750//1545
f  767//1546 766//1546 751//1546
f  794//1547 767//1547 751//1547
f  795//1548 764//1548 723//1548
f  762//1549 795//1549 723//1549
f  760//1550 779//1550 759//1550
f  778//1551 796//1551 777//1551
f  796//1552 797//1552 777//1552
f  797//1553 758//1553 777//1553
f  798//1554 779//1554 760//1554
f  793//1555 798//1555 760//1555
f  799//1556 780//1556 779//1556
f  798//1557 799//1557 779//1557
f  797//1558 800//1558 758//1558
f  801//1559 762//1559 758//1559
f  800//1560 801//1560 758//1560
f  802//1561 803//1561 754//1561
f  804//1562 802//1562 754//1562
f  803//1563 805//1563 754//1563
f  805//1564 753//1564 754//1564
f  806//1565 804//1565 754//1565
f  755//1566 807//1566 754//1566
f  807//1567 808//1567 754//1567
f  808//1568 806//1568 754//1568
f  805//1569 809//1569 753//1569
f  809//1570 810//1570 753//1570
f  810//1571 811//1571 753//1571
f  811//1572 812//1572 753//1572
f  812//1573 763//1573 753//1573
f  813//1574 814//1574 755//1574
f  814//1575 807//1575 755//1575
f  756//1576 815//1576 755//1576
f  815//1577 816//1577 755//1577
f  816//1578 813//1578 755//1578
f  794//1579 817//1579 767//1579
f  817//1580 768//1580 767//1580
f  818//1581 792//1581 763//1581
f  819//1582 818//1582 763//1582
f  812//1583 820//1583 763//1583
f  820//1584 819//1584 763//1584
f  821//1585 822//1585 756//1585
f  764//1586 821//1586 756//1586
f  822//1587 823//1587 756//1587
f  823//1588 815//1588 756//1588
f  824//1589 825//1589 793//1589
f  825//1590 826//1590 793//1590
f  826//1591 827//1591 793//1591
f  828//1592 824//1592 793//1592
f  792//1593 828//1593 793//1593
f  827//1594 798//1594 793//1594
f  829//1595 830//1595 762//1595
f  801//1596 829//1596 762//1596
f  831//1597 795//1597 762//1597
f  830//1598 831//1598 762//1598
f  832//1599 782//1599 780//1599
f  799//1600 832//1600 780//1600
f  832//1601 833//1601 782//1601
f  833//1602 834//1602 782//1602
f  834//1603 835//1603 782//1603
f  835//1604 836//1604 782//1604
f  836//1605 781//1605 782//1605
f  836//1606 837//1606 781//1606
f  837//1607 783//1607 781//1607
f  837//1608 838//1608 783//1608
f  838//1609 784//1609 783//1609
f  838//1610 839//1610 784//1610
f  839//1611 785//1611 784//1611
f  799//1612 833//1612 832//1612
f  839//1613 840//1613 785//1613
f  840//1614 786//1614 785//1614
f  840//1615 841//1615 786//1615
f  841//1616 787//1616 786//1616
f  841//1617 842//1617 787//1617
f  842//1618 788//1618 787//1618
f  843//1619 828//1619 792//1619
f  844//1620 843//1620 792//1620
f  818//1621 844//1621 792//1621
f  842//1622 845//1622 788//1622
f  845//1623 789//1623 788//1623
f  845//1624 846//1624 789//1624
f  846//1625 790//1625 789//1625
f  846//1626 847//1626 790//1626
f  847//1627 791//1627 790//1627
f  847//1628 848//1628 791//1628
f  848//1629 794//1629 791//1629
f  849//1630 850//1630 794//1630
f  850//1631 817//1631 794//1631
f  848//1632 851//1632 794//1632
f  851//1633 849//1633 794//1633
f  852//1634 821//1634 764//1634
f  795//1635 853//1635 764//1635
f  853//1636 854//1636 764//1636
f  854//1637 852//1637 764//1637
f  850//1638 768//1638 817//1638
f  850//1639 849//1639 768//1639
f  849//1640 855//1640 768//1640
f  855//1641 769//1641 768//1641
f  855//1642 856//1642 769//1642
f  856//1643 770//1643 769//1643
f  857//1644 858//1644 797//1644
f  796//1645 859//1645 797//1645
f  859//1646 857//1646 797//1646
f  858//1647 800//1647 797//1647
f  856//1648 860//1648 770//1648
f  860//1649 771//1649 770//1649
f  834//1650 833//1650 799//1650
f  861//1651 834//1651 799//1651
f  798//1652 861//1652 799//1652
f  860//1653 862//1653 771//1653
f  862//1654 772//1654 771//1654
f  862//1655 863//1655 772//1655
f  863//1656 773//1656 772//1656
f  863//1657 864//1657 773//1657
f  864//1658 774//1658 773//1658
f  864//1659 865//1659 774//1659
f  865//1660 775//1660 774//1660
f  865//1661 866//1661 775//1661
f  866//1662 776//1662 775//1662
f  866//1663 867//1663 776//1663
f  867//1664 778//1664 776//1664
f  859//1665 796//1665 778//1665
f  867//1666 868//1666 778//1666
f  868//1667 859//1667 778//1667
f  868//1668 857//1668 859//1668
f  858//1669 869//1669 800//1669
f  870//1670 801//1670 800//1670
f  869//1671 870//1671 800//1671
f  871//1672 872//1672 798//1672
f  872//1673 873//1673 798//1673
f  873//1674 861//1674 798//1674
f  827//1675 871//1675 798//1675
f  874//1676 835//1676 834//1676
f  861//1677 874//1677 834//1677
f  851//1678 855//1678 849//1678
f  875//1679 876//1679 828//1679
f  877//1680 875//1680 828//1680
f  843//1681 877//1681 828//1681
f  876//1682 824//1682 828//1682
f  870//1683 878//1683 801//1683
f  878//1684 879//1684 801//1684
f  879//1685 880//1685 801//1685
f  880//1686 881//1686 801//1686
f  881//1687 882//1687 801//1687
f  883//1688 829//1688 801//1688
f  882//1689 883//1689 801//1689
f  831//1690 884//1690 795//1690
f  884//1691 885//1691 795//1691
f  885//1692 853//1692 795//1692
f  886//1693 887//1693 827//1693
f  887//1694 888//1694 827//1694
f  888//1695 889//1695 827//1695
f  826//1696 890//1696 827//1696
f  890//1697 886//1697 827//1697
f  889//1698 871//1698 827//1698
f  822//1699 891//1699 823//1699
f  891//1700 815//1700 823//1700
f  820//1701 892//1701 819//1701
f  892//1702 818//1702 819//1702
f  891//1703 816//1703 815//1703
f  812//1704 893//1704 820//1704
f  893//1705 892//1705 820//1705
f  811//1706 893//1706 812//1706
f  894//1707 893//1707 811//1707
f  810//1708 894//1708 811//1708
f  809//1709 894//1709 810//1709
f  895//1710 813//1710 816//1710
f  891//1711 895//1711 816//1711
f  896//1712 814//1712 813//1712
f  895//1713 896//1713 813//1713
f  891//1714 897//1714 895//1714
f  897//1715 898//1715 895//1715
f  898//1716 896//1716 895//1716
f  896//1717 807//1717 814//1717
f  894//1718 899//1718 893//1718
f  899//1719 900//1719 893//1719
f  900//1720 892//1720 893//1720
f  901//1721 891//1721 822//1721
f  821//1722 901//1722 822//1722
f  896//1723 902//1723 807//1723
f  902//1724 903//1724 807//1724
f  903//1725 808//1725 807//1725
f  852//1726 901//1726 821//1726
f  904//1727 894//1727 809//1727
f  805//1728 904//1728 809//1728
f  892//1729 844//1729 818//1729
f  854//1730 901//1730 852//1730
f  905//1731 843//1731 844//1731
f  892//1732 905//1732 844//1732
f  906//1733 904//1733 805//1733
f  803//1734 906//1734 805//1734
f  905//1735 877//1735 843//1735
f  802//1736 907//1736 803//1736
f  908//1737 906//1737 803//1737
f  907//1738 908//1738 803//1738
f  903//1739 909//1739 808//1739
f  909//1740 806//1740 808//1740
f  909//1741 910//1741 806//1741
f  910//1742 804//1742 806//1742
f  910//1743 907//1743 802//1743
f  804//1744 910//1744 802//1744
f  853//1745 901//1745 854//1745
f  885//1746 901//1746 853//1746
f  905//1747 875//1747 877//1747
f  905//1748 876//1748 875//1748
f  911//1749 901//1749 885//1749
f  884//1750 911//1750 885//1750
f  905//1751 824//1751 876//1751
f  912//1752 913//1752 891//1752
f  913//1753 914//1753 891//1753
f  914//1754 915//1754 891//1754
f  915//1755 897//1755 891//1755
f  901//1756 912//1756 891//1756
f  916//1757 917//1757 892//1757
f  917//1758 918//1758 892//1758
f  918//1759 905//1759 892//1759
f  900//1760 919//1760 892//1760
f  919//1761 916//1761 892//1761
f  831//1762 911//1762 884//1762
f  920//1763 825//1763 824//1763
f  905//1764 920//1764 824//1764
f  830//1765 911//1765 831//1765
f  920//1766 826//1766 825//1766
f  921//1767 922//1767 835//1767
f  922//1768 923//1768 835//1768
f  923//1769 836//1769 835//1769
f  874//1770 924//1770 835//1770
f  924//1771 925//1771 835//1771
f  925//1772 926//1772 835//1772
f  926//1773 921//1773 835//1773
f  927//1774 837//1774 836//1774
f  923//1775 928//1775 836//1775
f  928//1776 927//1776 836//1776
f  929//1777 911//1777 830//1777
f  829//1778 929//1778 830//1778
f  930//1779 838//1779 837//1779
f  931//1780 930//1780 837//1780
f  927//1781 932//1781 837//1781
f  932//1782 931//1782 837//1782
f  933//1783 839//1783 838//1783
f  930//1784 933//1784 838//1784
f  934//1785 935//1785 839//1785
f  935//1786 936//1786 839//1786
f  936//1787 840//1787 839//1787
f  933//1788 934//1788 839//1788
f  937//1789 938//1789 840//1789
f  938//1790 939//1790 840//1790
f  939//1791 940//1791 840//1791
f  940//1792 841//1792 840//1792
f  936//1793 941//1793 840//1793
f  941//1794 937//1794 840//1794
f  942//1795 842//1795 841//1795
f  943//1796 942//1796 841//1796
f  940//1797 944//1797 841//1797
f  944//1798 943//1798 841//1798
f  945//1799 946//1799 842//1799
f  946//1800 845//1800 842//1800
f  942//1801 945//1801 842//1801
f  947//1802 948//1802 845//1802
f  948//1803 949//1803 845//1803
f  949//1804 950//1804 845//1804
f  950//1805 846//1805 845//1805
f  946//1806 951//1806 845//1806
f  951//1807 947//1807 845//1807
f  952//1808 847//1808 846//1808
f  953//1809 952//1809 846//1809
f  950//1810 954//1810 846//1810
f  954//1811 953//1811 846//1811
f  955//1812 956//1812 847//1812
f  956//1813 957//1813 847//1813
f  957//1814 848//1814 847//1814
f  952//1815 955//1815 847//1815
f  920//1816 890//1816 826//1816
f  958//1817 851//1817 848//1817
f  959//1818 958//1818 848//1818
f  957//1819 960//1819 848//1819
f  960//1820 959//1820 848//1820
f  961//1821 856//1821 855//1821
f  962//1822 961//1822 855//1822
f  958//1823 963//1823 855//1823
f  963//1824 964//1824 855//1824
f  964//1825 962//1825 855//1825
f  851//1826 958//1826 855//1826
f  965//1827 966//1827 856//1827
f  966//1828 967//1828 856//1828
f  967//1829 860//1829 856//1829
f  961//1830 965//1830 856//1830
f  883//1831 929//1831 829//1831
f  968//1832 862//1832 860//1832
f  969//1833 968//1833 860//1833
f  967//1834 970//1834 860//1834
f  970//1835 969//1835 860//1835
f  971//1836 972//1836 862//1836
f  972//1837 973//1837 862//1837
f  973//1838 863//1838 862//1838
f  968//1839 971//1839 862//1839
f  974//1840 975//1840 863//1840
f  975//1841 976//1841 863//1841
f  976//1842 864//1842 863//1842
f  973//1843 977//1843 863//1843
f  977//1844 974//1844 863//1844
f  976//1845 978//1845 864//1845
f  978//1846 865//1846 864//1846
f  861//1847 924//1847 874//1847
f  979//1848 980//1848 858//1848
f  980//1849 981//1849 858//1849
f  981//1850 982//1850 858//1850
f  982//1851 983//1851 858//1851
f  984//1852 979//1852 858//1852
f  857//1853 984//1853 858//1853
f  983//1854 869//1854 858//1854
f  985//1855 986//1855 865//1855
f  986//1856 987//1856 865//1856
f  987//1857 866//1857 865//1857
f  978//1858 988//1858 865//1858
f  988//1859 985//1859 865//1859
f  989//1860 867//1860 866//1860
f  990//1861 989//1861 866//1861
f  987//1862 991//1862 866//1862
f  991//1863 990//1863 866//1863
f  992//1864 993//1864 867//1864
f  993//1865 994//1865 867//1865
f  994//1866 868//1866 867//1866
f  989//1867 992//1867 867//1867
f  995//1868 886//1868 890//1868
f  920//1869 995//1869 890//1869
f  984//1870 857//1870 868//1870
f  996//1871 984//1871 868//1871
f  997//1872 996//1872 868//1872
f  994//1873 998//1873 868//1873
f  998//1874 997//1874 868//1874
f  999//1875 1000//1875 861//1875
f  1001//1876 924//1876 861//1876
f  1000//1877 1001//1877 861//1877
f  873//1878 1002//1878 861//1878
f  1002//1879 999//1879 861//1879
f  1003//1880 1004//1880 869//1880
f  1005//1881 1003//1881 869//1881
f  983//1882 1005//1882 869//1882
f  1006//1883 870//1883 869//1883
f  1004//1884 1006//1884 869//1884
f  996//1885 1007//1885 984//1885
f  1007//1886 1008//1886 984//1886
f  1008//1887 979//1887 984//1887
f  1009//1888 1002//1888 873//1888
f  872//1889 1010//1889 873//1889
f  1010//1890 1011//1890 873//1890
f  1011//1891 1009//1891 873//1891
f  882//1892 1012//1892 883//1892
f  1012//1893 929//1893 883//1893
f  1001//1894 925//1894 924//1894
f  959//1895 1013//1895 958//1895
f  1013//1896 1014//1896 958//1896
f  1014//1897 963//1897 958//1897
f  1006//1898 1015//1898 870//1898
f  1015//1899 1016//1899 870//1899
f  1016//1900 1017//1900 870//1900
f  1017//1901 1018//1901 870//1901
f  1018//1902 878//1902 870//1902
f  881//1903 1012//1903 882//1903
f  1019//1904 887//1904 886//1904
f  995//1905 1019//1905 886//1905
f  1019//1906 888//1906 887//1906
f  1020//1907 1021//1907 872//1907
f  1022//1908 1020//1908 872//1908
f  1021//1909 1023//1909 872//1909
f  1023//1910 1024//1910 872//1910
f  1024//1911 1010//1911 872//1911
f  871//1912 1022//1912 872//1912
f  1025//1913 907//1913 910//1913
f  909//1914 1025//1914 910//1914
f  1026//1915 1012//1915 881//1915
f  880//1916 1026//1916 881//1916
f  1019//1917 889//1917 888//1917
f  1027//1918 929//1918 1012//1918
f  1026//1919 1027//1919 1012//1919
f  995//1920 1028//1920 1019//1920
f  1028//1921 889//1921 1019//1921
f  911//1922 1029//1922 901//1922
f  1029//1923 1030//1923 901//1923
f  1030//1924 1031//1924 901//1924
f  1031//1925 912//1925 901//1925
f  879//1926 1026//1926 880//1926
f  1032//1927 920//1927 905//1927
f  918//1928 1033//1928 905//1928
f  1033//1929 1032//1929 905//1929
f  1018//1930 1034//1930 878//1930
f  1034//1931 879//1931 878//1931
f  1035//1932 1022//1932 871//1932
f  889//1933 1035//1933 871//1933
f  1034//1934 1026//1934 879//1934
f  1028//1935 1035//1935 889//1935
f  1028//1936 1022//1936 1035//1936
f  1036//1937 1037//1937 1001//1937
f  1037//1938 925//1938 1001//1938
f  1038//1939 1036//1939 1001//1939
f  1000//1940 1038//1940 1001//1940
f  1028//1941 1020//1941 1022//1941
f  1018//1942 1026//1942 1034//1942
f  1017//1943 1039//1943 1018//1943
f  1039//1944 1040//1944 1018//1944
f  1040//1945 1026//1945 1018//1945
f  1041//1946 1021//1946 1020//1946
f  1028//1947 1041//1947 1020//1947
f  1016//1948 1039//1948 1017//1948
f  1015//1949 1039//1949 1016//1949
f  1041//1950 1023//1950 1021//1950
f  1028//1951 1042//1951 1041//1951
f  1042//1952 1023//1952 1041//1952
f  1042//1953 1024//1953 1023//1953
f  1043//1954 1044//1954 911//1954
f  1044//1955 1045//1955 911//1955
f  1045//1956 1046//1956 911//1956
f  1046//1957 1029//1957 911//1957
f  929//1958 1043//1958 911//1958
f  1047//1959 1048//1959 920//1959
f  1048//1960 1049//1960 920//1960
f  1049//1961 995//1961 920//1961
f  1032//1962 1047//1962 920//1962
f  1042//1963 1010//1963 1024//1963
f  1050//1964 907//1964 1025//1964
f  909//1965 1051//1965 1025//1965
f  1051//1966 1050//1966 1025//1966
f  1050//1967 908//1967 907//1967
f  1006//1968 1039//1968 1015//1968
f  1004//1969 1052//1969 1006//1969
f  1052//1970 1039//1970 1006//1970
f  903//1971 1051//1971 909//1971
f  1053//1972 906//1972 908//1972
f  1050//1973 1053//1973 908//1973
f  902//1974 1051//1974 903//1974
f  896//1975 1054//1975 902//1975
f  1054//1976 1051//1976 902//1976
f  1055//1977 1011//1977 1010//1977
f  1042//1978 1055//1978 1010//1978
f  1053//1979 904//1979 906//1979
f  1003//1980 1052//1980 1004//1980
f  1055//1981 1009//1981 1011//1981
f  1053//1982 894//1982 904//1982
f  1056//1983 1027//1983 1026//1983
f  1040//1984 1056//1984 1026//1984
f  1005//1985 1052//1985 1003//1985
f  1055//1986 1002//1986 1009//1986
f  983//1987 1052//1987 1005//1987
f  1057//1988 1053//1988 1050//1988
f  1051//1989 1058//1989 1050//1989
f  1058//1990 1057//1990 1050//1990
f  898//1991 1054//1991 896//1991
f  1059//1992 999//1992 1002//1992
f  1055//1993 1059//1993 1002//1993
f  1060//1994 899//1994 894//1994
f  1053//1995 1060//1995 894//1995
f  982//1996 1061//1996 983//1996
f  1061//1997 1062//1997 983//1997
f  1062//1998 1052//1998 983//1998
f  1059//1999 1000//1999 999//1999
f  995//2000 1063//2000 1028//2000
f  1063//2001 1064//2001 1028//2001
f  1064//2002 1042//2002 1028//2002
f  981//2003 1061//2003 982//2003
f  980//2004 1061//2004 981//2004
f  1065//2005 1061//2005 980//2005
f  979//2006 1065//2006 980//2006
f  1059//2007 1038//2007 1000//2007
f  1038//2008 1066//2008 1036//2008
f  1066//2009 1037//2009 1036//2009
f  1059//2010 1066//2010 1038//2010
f  1067//2011 1065//2011 979//2011
f  1008//2012 1067//2012 979//2012
f  1068//2013 923//2013 922//2013
f  921//2014 1068//2014 922//2014
f  1069//2015 1068//2015 921//2015
f  926//2016 1069//2016 921//2016
f  925//2017 1069//2017 926//2017
f  1070//2018 1069//2018 925//2018
f  1037//2019 1070//2019 925//2019
f  1071//2020 1070//2020 1037//2020
f  1066//2021 1071//2021 1037//2021
f  932//2022 1072//2022 931//2022
f  1072//2023 1073//2023 931//2023
f  1073//2024 930//2024 931//2024
f  927//2025 1074//2025 932//2025
f  1074//2026 1072//2026 932//2026
f  928//2027 1074//2027 927//2027
f  923//2028 1074//2028 928//2028
f  1068//2029 1074//2029 923//2029
f  933//2030 1075//2030 934//2030
f  1075//2031 935//2031 934//2031
f  930//2032 1073//2032 933//2032
f  1073//2033 1075//2033 933//2033
f  994//2034 1076//2034 998//2034
f  1076//2035 997//2035 998//2035
f  1076//2036 996//2036 997//2036
f  1077//2037 1007//2037 996//2037
f  1076//2038 1077//2038 996//2038
f  938//2039 1078//2039 939//2039
f  1078//2040 940//2040 939//2040
f  937//2041 1079//2041 938//2041
f  1079//2042 1078//2042 938//2042
f  941//2043 1079//2043 937//2043
f  936//2044 1079//2044 941//2044
f  1075//2045 1079//2045 936//2045
f  935//2046 1075//2046 936//2046
f  991//2047 1080//2047 990//2047
f  1080//2048 989//2048 990//2048
f  1080//2049 1081//2049 989//2049
f  1081//2050 992//2050 989//2050
f  1081//2051 993//2051 992//2051
f  1081//2052 994//2052 993//2052
f  1081//2053 1076//2053 994//2053
f  1082//2054 951//2054 946//2054
f  1083//2055 1082//2055 946//2055
f  945//2056 1083//2056 946//2056
f  942//2057 1083//2057 945//2057
f  1084//2058 1083//2058 942//2058
f  943//2059 1084//2059 942//2059
f  944//2060 1084//2060 943//2060
f  940//2061 1084//2061 944//2061
f  1078//2062 1084//2062 940//2062
f  1085//2063 978//2063 976//2063
f  1086//2064 1085//2064 976//2064
f  975//2065 1086//2065 976//2065
f  1085//2066 988//2066 978//2066
f  1085//2067 985//2067 988//2067
f  1085//2068 986//2068 985//2068
f  1080//2069 987//2069 986//2069
f  1085//2070 1080//2070 986//2070
f  1080//2071 991//2071 987//2071
f  1087//2072 954//2072 950//2072
f  949//2073 1087//2073 950//2073
f  948//2074 1087//2074 949//2074
f  947//2075 1082//2075 948//2075
f  1082//2076 1087//2076 948//2076
f  951//2077 1082//2077 947//2077
f  1088//2078 972//2078 971//2078
f  1089//2079 1088//2079 971//2079
f  968//2080 1089//2080 971//2080
f  1088//2081 973//2081 972//2081
f  1088//2082 977//2082 973//2082
f  1088//2083 974//2083 977//2083
f  1088//2084 1086//2084 974//2084
f  1086//2085 975//2085 974//2085
f  955//2086 1090//2086 956//2086
f  1090//2087 957//2087 956//2087
f  952//2088 1091//2088 955//2088
f  1091//2089 1090//2089 955//2089
f  953//2090 1091//2090 952//2090
f  962//2091 1092//2091 961//2091
f  1092//2092 1093//2092 961//2092
f  1093//2093 965//2093 961//2093
f  1093//2094 966//2094 965//2094
f  954//2095 1091//2095 953//2095
f  1093//2096 967//2096 966//2096
f  1087//2097 1091//2097 954//2097
f  1089//2098 970//2098 967//2098
f  1093//2099 1089//2099 967//2099
f  1089//2100 969//2100 970//2100
f  1089//2101 968//2101 969//2101
f  1013//2102 1094//2102 1014//2102
f  1094//2103 963//2103 1014//2103
f  960//2104 1095//2104 959//2104
f  1095//2105 1094//2105 959//2105
f  1094//2106 1013//2106 959//2106
f  957//2107 1095//2107 960//2107
f  1090//2108 1095//2108 957//2108
f  1092//2109 964//2109 963//2109
f  1094//2110 1092//2110 963//2110
f  1092//2111 962//2111 964//2111
f  1077//2112 1067//2112 1008//2112
f  1007//2113 1077//2113 1008//2113
f  1076//2114 1067//2114 1077//2114
f  897//2115 1054//2115 898//2115
f  1054//2116 1096//2116 1051//2116
f  1096//2117 1058//2117 1051//2117
f  1097//2118 1060//2118 1053//2118
f  1057//2119 1097//2119 1053//2119
f  1071//2120 1066//2120 1059//2120
f  1055//2121 1098//2121 1059//2121
f  1098//2122 1070//2122 1059//2122
f  1070//2123 1071//2123 1059//2123
f  915//2124 1054//2124 897//2124
f  1060//2125 900//2125 899//2125
f  1062//2126 1099//2126 1052//2126
f  1099//2127 1039//2127 1052//2127
f  1100//2128 919//2128 900//2128
f  1060//2129 1100//2129 900//2129
f  1095//2130 1101//2130 1094//2130
f  1101//2131 1102//2131 1094//2131
f  1102//2132 1092//2132 1094//2132
f  1102//2133 1093//2133 1092//2133
f  1103//2134 1089//2134 1093//2134
f  1102//2135 1103//2135 1093//2135
f  1104//2136 1088//2136 1089//2136
f  1103//2137 1104//2137 1089//2137
f  1105//2138 1086//2138 1088//2138
f  1104//2139 1105//2139 1088//2139
f  1106//2140 1085//2140 1086//2140
f  1105//2141 1106//2141 1086//2141
f  1107//2142 1080//2142 1085//2142
f  1106//2143 1107//2143 1085//2143
f  1108//2144 1081//2144 1080//2144
f  1107//2145 1108//2145 1080//2145
f  1109//2146 1076//2146 1081//2146
f  1108//2147 1109//2147 1081//2147
f  1065//2148 1067//2148 1076//2148
f  1110//2149 1065//2149 1076//2149
f  1109//2150 1110//2150 1076//2150
f  1042//2151 1111//2151 1055//2151
f  1111//2152 1098//2152 1055//2152
f  1112//2153 1054//2153 915//2153
f  914//2154 1112//2154 915//2154
f  1027//2155 1113//2155 929//2155
f  1113//2156 1114//2156 929//2156
f  1114//2157 1115//2157 929//2157
f  1115//2158 1043//2158 929//2158
f  1100//2159 916//2159 919//2159
f  913//2160 1112//2160 914//2160
f  1116//2161 1117//2161 995//2161
f  1049//2162 1118//2162 995//2162
f  1118//2161 1116//2161 995//2161
f  1117//2163 1063//2163 995//2163
f  1100//2164 917//2164 916//2164
f  1119//2165 1096//2165 1054//2165
f  1112//2166 1119//2166 1054//2166
f  1120//2167 1100//2167 1060//2167
f  1097//2168 1120//2168 1060//2168
f  1099//2169 1121//2169 1039//2169
f  1121//2170 1040//2170 1039//2170
f  1122//2171 1112//2171 913//2171
f  912//2172 1122//2172 913//2172
f  1064//2173 1123//2173 1042//2173
f  1123//2174 1111//2174 1042//2174
f  1100//2175 1124//2175 917//2175
f  1124//2176 918//2176 917//2176
f  1031//2177 1122//2177 912//2177
f  1124//2178 1033//2178 918//2178
f  1125//2179 1119//2179 1112//2179
f  1122//2180 1125//2180 1112//2180
f  1126//2181 1124//2181 1100//2181
f  1120//2182 1126//2182 1100//2182
f  1121//2183 1127//2183 1040//2183
f  1127//2184 1056//2184 1040//2184
f  1030//2185 1122//2185 1031//2185
f  1124//2186 1032//2186 1033//2186
f  1128//2187 1097//2187 1057//2187
f  1058//2188 1128//2188 1057//2188
f  1063//2189 1129//2189 1064//2189
f  1129//2190 1130//2190 1064//2190
f  1130//2191 1123//2191 1064//2191
f  1131//2192 1122//2192 1030//2192
f  1029//2193 1131//2193 1030//2193
f  1056//2194 1132//2194 1027//2194
f  1132//2195 1133//2195 1027//2195
f  1133//2196 1134//2196 1027//2196
f  1134//2197 1135//2197 1027//2197
f  1135//2198 1113//2198 1027//2198
f  1065//2199 1136//2199 1061//2199
f  1136//2200 1137//2200 1061//2200
f  1138//2201 1062//2201 1061//2201
f  1139//2202 1138//2202 1061//2202
f  1137//2203 1139//2203 1061//2203
f  1140//2204 1141//2204 1095//2204
f  1141//2205 1101//2205 1095//2205
f  1090//2206 1142//2206 1095//2206
f  1142//2207 1143//2207 1095//2207
f  1143//2208 1140//2208 1095//2208
f  1091//2209 1144//2209 1090//2209
f  1144//2210 1142//2210 1090//2210
f  1087//2211 1145//2211 1091//2211
f  1145//2212 1144//2212 1091//2212
f  1082//2213 1146//2213 1087//2213
f  1146//2214 1145//2214 1087//2214
f  1083//2215 1147//2215 1082//2215
f  1147//2216 1146//2216 1082//2216
f  1084//2217 1148//2217 1083//2217
f  1148//2218 1147//2218 1083//2218
f  1078//2219 1149//2219 1084//2219
f  1149//2220 1148//2220 1084//2220
f  1079//2221 1150//2221 1078//2221
f  1150//2222 1149//2222 1078//2222
f  1075//2223 1151//2223 1079//2223
f  1151//2224 1150//2224 1079//2224
f  1073//2225 1152//2225 1075//2225
f  1152//2226 1151//2226 1075//2226
f  1072//2227 1153//2227 1073//2227
f  1153//2228 1152//2228 1073//2228
f  1074//2229 1154//2229 1072//2229
f  1154//2230 1153//2230 1072//2230
f  1068//2231 1155//2231 1074//2231
f  1155//2232 1154//2232 1074//2232
f  1069//2233 1156//2233 1068//2233
f  1156//2234 1155//2234 1068//2234
f  1070//2235 1157//2235 1069//2235
f  1157//2236 1156//2236 1069//2236
f  1124//2237 1158//2237 1032//2237
f  1158//2238 1047//2238 1032//2238
f  1098//2239 1157//2239 1070//2239
f  1046//2240 1131//2240 1029//2240
f  1158//2241 1048//2241 1047//2241
f  1141//2242 1102//2242 1101//2242
f  1117//2243 1159//2243 1063//2243
f  1159//2244 1160//2244 1063//2244
f  1160//2245 1161//2245 1063//2245
f  1161//2246 1162//2246 1063//2246
f  1162//2247 1163//2247 1063//2247
f  1163//2248 1129//2248 1063//2248
f  1164//2249 1165//2249 1058//2249
f  1165//2250 1128//2250 1058//2250
f  1096//2251 1166//2251 1058//2251
f  1166//2252 1164//2252 1058//2252
f  1167//2253 1120//2253 1097//2253
f  1128//2254 1167//2254 1097//2254
f  1110//2255 1136//2255 1065//2255
f  1111//2256 1168//2256 1098//2256
f  1168//2257 1169//2257 1098//2257
f  1169//2258 1157//2258 1098//2258
f  1131//2259 1170//2259 1122//2259
f  1170//2260 1125//2260 1122//2260
f  1171//2261 1158//2261 1124//2261
f  1126//2262 1171//2262 1124//2262
f  1172//2263 1099//2263 1062//2263
f  1138//2264 1172//2264 1062//2264
f  1169//2265 1156//2265 1157//2265
f  1173//2266 1131//2266 1046//2266
f  1045//2267 1173//2267 1046//2267
f  1123//2268 1174//2268 1111//2268
f  1174//2269 1168//2269 1111//2269
f  1175//2270 1049//2270 1048//2270
f  1158//2271 1175//2271 1048//2271
f  1127//2272 1176//2272 1056//2272
f  1176//2273 1132//2273 1056//2273
f  1165//2274 1167//2274 1128//2274
f  1140//2275 1102//2275 1141//2275
f  1140//2276 1177//2276 1102//2276
f  1177//2277 1103//2277 1102//2277
f  1177//2278 1178//2278 1103//2278
f  1178//2279 1104//2279 1103//2279
f  1178//2280 1179//2280 1104//2280
f  1179//2281 1105//2281 1104//2281
f  1179//2282 1180//2282 1105//2282
f  1180//2283 1106//2283 1105//2283
f  1180//2284 1181//2284 1106//2284
f  1181//2285 1107//2285 1106//2285
f  1181//2286 1182//2286 1107//2286
f  1182//2287 1108//2287 1107//2287
f  1182//2288 1183//2288 1108//2288
f  1183//2289 1109//2289 1108//2289
f  1183//2290 1184//2290 1109//2290
f  1184//2291 1110//2291 1109//2291
f  1137//2292 1136//2292 1110//2292
f  1184//2293 1185//2293 1110//2293
f  1185//2294 1137//2294 1110//2294
f  1186//2295 1121//2295 1099//2295
f  1172//2296 1186//2296 1099//2296
f  1044//2297 1173//2297 1045//2297
f  1130//2298 1187//2298 1123//2298
f  1187//2299 1174//2299 1123//2299
f  1043//2300 1173//2300 1044//2300
f  1175//2301 1118//2301 1049//2301
f  1188//2302 1166//2302 1096//2302
f  1119//2303 1188//2303 1096//2303
f  1189//2304 1126//2304 1120//2304
f  1190//2305 1189//2305 1120//2305
f  1167//2306 1190//2306 1120//2306
f  1191//2307 1167//2307 1165//2307
f  1192//2308 1191//2308 1165//2308
f  1164//2309 1192//2309 1165//2309
f  1173//2310 1193//2310 1131//2310
f  1193//2311 1170//2311 1131//2311
f  1194//2312 1175//2312 1158//2312
f  1171//2313 1194//2313 1158//2313
f  1115//2314 1173//2314 1043//2314
f  1175//2315 1116//2315 1118//2315
f  1195//2316 1139//2316 1137//2316
f  1185//2317 1195//2317 1137//2317
f  1176//2318 1196//2318 1132//2318
f  1196//2319 1133//2319 1132//2319
f  1197//2320 1127//2320 1121//2320
f  1186//2321 1197//2321 1121//2321
f  1198//2322 1199//2322 1164//2322
f  1199//2323 1192//2323 1164//2323
f  1166//2324 1200//2324 1164//2324
f  1200//2325 1198//2325 1164//2325
f  1201//2326 1190//2326 1167//2326
f  1191//2327 1201//2327 1167//2327
f  1114//2328 1202//2328 1115//2328
f  1202//2329 1203//2329 1115//2329
f  1203//2330 1173//2330 1115//2330
f  1204//2331 1117//2331 1116//2331
f  1175//2332 1204//2332 1116//2332
f  1163//2333 1205//2333 1129//2333
f  1205//2334 1130//2334 1129//2334
f  1206//2335 1207//2335 1130//2335
f  1205//2336 1206//2336 1130//2336
f  1207//2337 1208//2337 1130//2337
f  1208//2338 1187//2338 1130//2338
f  1209//2339 1188//2339 1119//2339
f  1125//2340 1209//2340 1119//2340
f  1210//2341 1171//2341 1126//2341
f  1189//2342 1210//2342 1126//2342
f  1211//2343 1202//2343 1114//2343
f  1113//2344 1211//2344 1114//2344
f  1212//2345 1191//2345 1192//2345
f  1199//2346 1212//2346 1192//2346
f  1213//2347 1191//2347 1212//2347
f  1214//2348 1213//2348 1212//2348
f  1199//2349 1214//2349 1212//2349
f  1215//2350 1200//2350 1166//2350
f  1188//2351 1215//2351 1166//2351
f  1211//2352 1216//2352 1202//2352
f  1216//2353 1203//2353 1202//2353
f  1217//2354 1189//2354 1190//2354
f  1201//2355 1217//2355 1190//2355
f  1204//2356 1159//2356 1117//2356
f  1218//2357 1159//2357 1204//2357
f  1219//2358 1218//2358 1204//2358
f  1175//2359 1219//2359 1204//2359
f  1198//2360 1220//2360 1199//2360
f  1220//2361 1214//2361 1199//2361
f  1221//2362 1201//2362 1191//2362
f  1213//2363 1221//2363 1191//2363
f  1143//2364 1222//2364 1140//2364
f  1222//2365 1177//2365 1140//2365
f  1222//2366 1223//2366 1177//2366
f  1223//2367 1178//2367 1177//2367
f  1223//2368 1224//2368 1178//2368
f  1224//2369 1179//2369 1178//2369
f  1224//2370 1225//2370 1179//2370
f  1225//2371 1180//2371 1179//2371
f  1225//2372 1226//2372 1180//2372
f  1226//2373 1181//2373 1180//2373
f  1226//2374 1227//2374 1181//2374
f  1227//2375 1182//2375 1181//2375
f  1227//2376 1228//2376 1182//2376
f  1228//2377 1183//2377 1182//2377
f  1228//2378 1229//2378 1183//2378
f  1229//2379 1184//2379 1183//2379
f  1229//2380 1230//2380 1184//2380
f  1230//2381 1185//2381 1184//2381
f  1231//2382 1195//2382 1185//2382
f  1230//2383 1232//2383 1185//2383
f  1232//2384 1231//2384 1185//2384
f  1231//2385 1139//2385 1195//2385
f  1231//2386 1233//2386 1139//2386
f  1233//2387 1234//2387 1139//2387
f  1234//2388 1235//2388 1139//2388
f  1235//2389 1138//2389 1139//2389
f  1232//2390 1233//2390 1231//2390
f  1236//2391 1222//2391 1143//2391
f  1142//2392 1237//2392 1143//2392
f  1237//2393 1238//2393 1143//2393
f  1238//2394 1236//2394 1143//2394
f  1144//2395 1239//2395 1142//2395
f  1239//2396 1237//2396 1142//2396
f  1145//2397 1240//2397 1144//2397
f  1240//2398 1239//2398 1144//2398
f  1146//2399 1241//2399 1145//2399
f  1241//2400 1240//2400 1145//2400
f  1147//2401 1242//2401 1146//2401
f  1242//2402 1241//2402 1146//2402
f  1148//2403 1243//2403 1147//2403
f  1243//2404 1242//2404 1147//2404
f  1149//2405 1244//2405 1148//2405
f  1244//2406 1243//2406 1148//2406
f  1150//2407 1245//2407 1149//2407
f  1245//2408 1244//2408 1149//2408
f  1151//2409 1246//2409 1150//2409
f  1246//2410 1245//2410 1150//2410
f  1152//2411 1247//2411 1151//2411
f  1247//2412 1246//2412 1151//2412
f  1153//2413 1248//2413 1152//2413
f  1248//2414 1247//2414 1152//2414
f  1154//2415 1249//2415 1153//2415
f  1249//2416 1248//2416 1153//2416
f  1155//2417 1250//2417 1154//2417
f  1250//2418 1249//2418 1154//2418
f  1156//2419 1251//2419 1155//2419
f  1251//2420 1250//2420 1155//2420
f  1169//2421 1252//2421 1156//2421
f  1252//2422 1253//2422 1156//2422
f  1253//2423 1251//2423 1156//2423
f  1236//2424 1223//2424 1222//2424
f  1254//2425 1221//2425 1213//2425
f  1255//2426 1254//2426 1213//2426
f  1214//2427 1255//2427 1213//2427
f  1135//2428 1211//2428 1113//2428
f  1168//2429 1252//2429 1169//2429
f  1203//2430 1256//2430 1173//2430
f  1256//2431 1193//2431 1173//2431
f  1134//2432 1211//2432 1135//2432
f  1257//2433 1219//2433 1175//2433
f  1194//2434 1257//2434 1175//2434
f  1258//2435 1254//2435 1255//2435
f  1259//2436 1258//2436 1255//2436
f  1214//2437 1259//2437 1255//2437
f  1174//2438 1260//2438 1168//2438
f  1260//2439 1253//2439 1168//2439
f  1253//2440 1252//2440 1168//2440
f  1261//2441 1254//2441 1258//2441
f  1259//2442 1261//2442 1258//2442
f  1262//2443 1176//2443 1127//2443
f  1197//2444 1262//2444 1127//2444
f  1218//2445 1160//2445 1159//2445
f  1200//2446 1263//2446 1198//2446
f  1263//2447 1220//2447 1198//2447
f  1264//2448 1217//2448 1201//2448
f  1221//2449 1264//2449 1201//2449
f  1235//2450 1265//2450 1138//2450
f  1265//2451 1172//2451 1138//2451
f  1220//2452 1266//2452 1214//2452
f  1266//2453 1267//2453 1214//2453
f  1267//2454 1259//2454 1214//2454
f  1268//2455 1264//2455 1221//2455
f  1254//2456 1268//2456 1221//2456
f  1269//2457 1270//2457 1271//2457
f  1270//2458 1272//2458 1271//2458
f  1272//2458 1273//2458 1271//2458
f  1274//2459 1269//2459 1271//2459
f  1275//2459 1274//2459 1271//2459
f  1273//2459 1275//2459 1271//2459
f  1269//2457 1276//2457 1270//2457
f  1277//2460 1272//2460 1270//2460
f  1278//2460 1277//2460 1270//2460
f  1276//2460 1278//2460 1270//2460
f  1279//2461 1280//2461 1133//2461
f  1280//2462 1134//2462 1133//2462
f  1196//2463 1281//2463 1133//2463
f  1281//2464 1279//2464 1133//2464
f  1282//2465 1261//2465 1259//2465
f  1267//2466 1282//2466 1259//2466
f  1261//2467 1268//2467 1254//2467
f  1261//2468 1283//2468 1268//2468
f  1283//2469 1264//2469 1268//2469
f  1266//2470 1282//2470 1267//2470
f  1284//2471 1283//2471 1261//2471
f  1285//2460 1284//2460 1261//2460
f  1286//2460 1285//2460 1261//2460
f  1282//2460 1286//2460 1261//2460
f  1287//2472 1288//2472 1282//2472
f  1266//2473 1287//2473 1282//2473
f  1289//2460 1286//2460 1282//2460
f  1288//2460 1289//2460 1282//2460
f  1290//2474 1215//2474 1188//2474
f  1209//2475 1290//2475 1188//2475
f  1187//2476 1291//2476 1174//2476
f  1291//2477 1260//2477 1174//2477
f  1162//2478 1292//2478 1163//2478
f  1292//2479 1205//2479 1163//2479
f  1293//2480 1210//2480 1189//2480
f  1217//2481 1293//2481 1189//2481
f  1170//2482 1294//2482 1125//2482
f  1294//2483 1295//2483 1125//2483
f  1295//2484 1209//2484 1125//2484
f  1296//2485 1194//2485 1171//2485
f  1210//2486 1296//2486 1171//2486
f  1275//2487 1285//2487 1286//2487
f  1274//2487 1275//2487 1286//2487
f  1289//2488 1274//2488 1286//2488
f  1289//2488 1297//2488 1274//2488
f  1297//2459 1269//2459 1274//2459
f  1298//2489 1276//2489 1269//2489
f  1297//2459 1298//2459 1269//2459
f  1298//2489 1299//2489 1276//2489
f  1299//2460 1278//2460 1276//2460
f  1218//2490 1161//2490 1160//2490
f  1263//2491 1266//2491 1220//2491
f  1300//2492 1301//2492 1264//2492
f  1283//2493 1300//2493 1264//2493
f  1301//2494 1217//2494 1264//2494
f  1302//2495 1263//2495 1200//2495
f  1215//2496 1302//2496 1200//2496
f  1301//2497 1293//2497 1217//2497
f  1265//2498 1303//2498 1172//2498
f  1303//2499 1186//2499 1172//2499
f  1280//2500 1211//2500 1134//2500
f  1218//2501 1162//2501 1161//2501
f  1208//2502 1304//2502 1187//2502
f  1304//2503 1291//2503 1187//2503
f  1263//2504 1287//2504 1266//2504
f  1284//2505 1300//2505 1283//2505
f  1305//2506 1196//2506 1176//2506
f  1262//2507 1305//2507 1176//2507
f  1292//2508 1206//2508 1205//2508
f  1280//2509 1306//2509 1211//2509
f  1306//2510 1307//2510 1211//2510
f  1307//2511 1216//2511 1211//2511
f  1308//2512 1287//2512 1263//2512
f  1302//2513 1308//2513 1263//2513
f  1300//2514 1309//2514 1301//2514
f  1309//2515 1293//2515 1301//2515
f  1295//2516 1310//2516 1209//2516
f  1310//2517 1290//2517 1209//2517
f  1279//2518 1306//2518 1280//2518
f  1311//2519 1296//2519 1210//2519
f  1293//2520 1311//2520 1210//2520
f  1312//2460 1284//2460 1285//2460
f  1313//2521 1312//2521 1285//2521
f  1275//2521 1313//2521 1285//2521
f  1288//2460 1314//2460 1289//2460
f  1314//2522 1297//2522 1289//2522
f  1273//2459 1313//2459 1275//2459
f  1314//2522 1315//2522 1297//2522
f  1315//2459 1298//2459 1297//2459
f  1316//2523 1162//2523 1218//2523
f  1317//2524 1316//2524 1218//2524
f  1219//2525 1317//2525 1218//2525
f  1216//2526 1318//2526 1203//2526
f  1318//2527 1256//2527 1203//2527
f  1316//2528 1319//2528 1162//2528
f  1319//2529 1292//2529 1162//2529
f  1303//2530 1320//2530 1186//2530
f  1320//2531 1197//2531 1186//2531
f  1260//2532 1321//2532 1253//2532
f  1321//2533 1251//2533 1253//2533
f  1322//2534 1302//2534 1215//2534
f  1290//2535 1322//2535 1215//2535
f  1323//2536 1317//2536 1219//2536
f  1257//2537 1323//2537 1219//2537
f  1309//2538 1311//2538 1293//2538
f  1193//2539 1324//2539 1170//2539
f  1324//2540 1294//2540 1170//2540
f  1281//2541 1306//2541 1279//2541
f  1325//2542 1257//2542 1194//2542
f  1296//2543 1325//2543 1194//2543
f  1207//2544 1326//2544 1208//2544
f  1326//2545 1304//2545 1208//2545
f  1272//2546 1327//2546 1273//2546
f  1327//2546 1328//2546 1273//2546
f  1328//2459 1313//2459 1273//2459
f  1329//2460 1327//2460 1272//2460
f  1277//2460 1329//2460 1272//2460
f  1308//2547 1288//2547 1287//2547
f  1284//2548 1330//2548 1300//2548
f  1330//2549 1309//2549 1300//2549
f  1331//2550 1332//2550 1196//2550
f  1332//2551 1333//2551 1196//2551
f  1333//2552 1281//2552 1196//2552
f  1305//2553 1331//2553 1196//2553
f  1319//2554 1334//2554 1292//2554
f  1334//2555 1335//2555 1292//2555
f  1336//2556 1206//2556 1292//2556
f  1335//2557 1336//2557 1292//2557
f  1333//2558 1306//2558 1281//2558
f  1284//2559 1337//2559 1330//2559
f  1337//2560 1309//2560 1330//2560
f  1338//2561 1288//2561 1308//2561
f  1302//2562 1338//2562 1308//2562
f  1339//2563 1337//2563 1284//2563
f  1312//2460 1339//2460 1284//2460
f  1338//2564 1340//2564 1288//2564
f  1340//2565 1341//2565 1288//2565
f  1341//2460 1314//2460 1288//2460
f  1322//2566 1338//2566 1302//2566
f  1342//2567 1343//2567 1309//2567
f  1337//2568 1342//2568 1309//2568
f  1343//2569 1311//2569 1309//2569
f  1320//2570 1344//2570 1197//2570
f  1344//2571 1262//2571 1197//2571
f  1316//2572 1334//2572 1319//2572
f  1345//2573 1310//2573 1295//2573
f  1294//2574 1345//2574 1295//2574
f  1346//2575 1347//2575 1233//2575
f  1347//2576 1348//2576 1233//2576
f  1348//2577 1234//2577 1233//2577
f  1232//2578 1346//2578 1233//2578
f  1348//2579 1349//2579 1234//2579
f  1349//2580 1350//2580 1234//2580
f  1350//2581 1235//2581 1234//2581
f  1351//2582 1325//2582 1296//2582
f  1311//2583 1351//2583 1296//2583
f  1238//2584 1352//2584 1236//2584
f  1352//2585 1223//2585 1236//2585
f  1353//2586 1224//2586 1223//2586
f  1354//2587 1353//2587 1223//2587
f  1352//2588 1355//2588 1223//2588
f  1355//2589 1356//2589 1223//2589
f  1356//2590 1354//2590 1223//2590
f  1357//2591 1358//2591 1224//2591
f  1358//2592 1359//2592 1224//2592
f  1359//2593 1360//2593 1224//2593
f  1360//2594 1361//2594 1224//2594
f  1361//2595 1225//2595 1224//2595
f  1353//2596 1357//2596 1224//2596
f  1362//2597 1363//2597 1225//2597
f  1363//2598 1364//2598 1225//2598
f  1364//2599 1226//2599 1225//2599
f  1361//2600 1365//2600 1225//2600
f  1365//2601 1362//2601 1225//2601
f  1366//2602 1367//2602 1226//2602
f  1367//2603 1368//2603 1226//2603
f  1368//2604 1227//2604 1226//2604
f  1364//2605 1369//2605 1226//2605
f  1369//2606 1366//2606 1226//2606
f  1370//2607 1371//2607 1227//2607
f  1371//2608 1372//2608 1227//2608
f  1372//2609 1228//2609 1227//2609
f  1368//2610 1373//2610 1227//2610
f  1373//2611 1370//2611 1227//2611
f  1374//2612 1375//2612 1228//2612
f  1375//2613 1376//2613 1228//2613
f  1376//2614 1377//2614 1228//2614
f  1377//2615 1229//2615 1228//2615
f  1372//2616 1378//2616 1228//2616
f  1378//2617 1374//2617 1228//2617
f  1379//2618 1380//2618 1229//2618
f  1380//2619 1381//2619 1229//2619
f  1381//2620 1230//2620 1229//2620
f  1377//2621 1382//2621 1229//2621
f  1382//2622 1379//2622 1229//2622
f  1383//2623 1232//2623 1230//2623
f  1381//2624 1384//2624 1230//2624
f  1384//2625 1383//2625 1230//2625
f  1385//2626 1386//2626 1232//2626
f  1387//2627 1385//2627 1232//2627
f  1383//2628 1388//2628 1232//2628
f  1388//2629 1387//2629 1232//2629
f  1386//2630 1389//2630 1232//2630
f  1389//2631 1346//2631 1232//2631
f  1389//2632 1347//2632 1346//2632
f  1390//2633 1352//2633 1238//2633
f  1237//2634 1391//2634 1238//2634
f  1391//2635 1392//2635 1238//2635
f  1392//2636 1390//2636 1238//2636
f  1393//2637 1394//2637 1237//2637
f  1394//2638 1391//2638 1237//2638
f  1239//2639 1395//2639 1237//2639
f  1395//2640 1396//2640 1237//2640
f  1396//2641 1393//2641 1237//2641
f  1240//2642 1397//2642 1239//2642
f  1397//2643 1395//2643 1239//2643
f  1398//2644 1399//2644 1240//2644
f  1399//2645 1397//2645 1240//2645
f  1400//2646 1398//2646 1240//2646
f  1241//2647 1400//2647 1240//2647
f  1401//2648 1400//2648 1241//2648
f  1242//2649 1402//2649 1241//2649
f  1402//2650 1403//2650 1241//2650
f  1403//2651 1401//2651 1241//2651
f  1243//2652 1404//2652 1242//2652
f  1404//2653 1405//2653 1242//2653
f  1405//2654 1402//2654 1242//2654
f  1406//2655 1407//2655 1243//2655
f  1407//2656 1408//2656 1243//2656
f  1408//2657 1404//2657 1243//2657
f  1409//2658 1406//2658 1243//2658
f  1244//2659 1409//2659 1243//2659
f  1410//2660 1409//2660 1244//2660
f  1245//2661 1411//2661 1244//2661
f  1411//2662 1412//2662 1244//2662
f  1412//2663 1410//2663 1244//2663
f  1413//2664 1414//2664 1245//2664
f  1414//2665 1411//2665 1245//2665
f  1246//2666 1415//2666 1245//2666
f  1415//2667 1416//2667 1245//2667
f  1416//2668 1413//2668 1245//2668
f  1247//2669 1417//2669 1246//2669
f  1417//2670 1415//2670 1246//2670
f  1418//2671 1419//2671 1247//2671
f  1419//2672 1417//2672 1247//2672
f  1420//2673 1418//2673 1247//2673
f  1248//2674 1420//2674 1247//2674
f  1421//2675 1420//2675 1248//2675
f  1249//2676 1422//2676 1248//2676
f  1422//2677 1423//2677 1248//2677
f  1423//2678 1421//2678 1248//2678
f  1424//2679 1425//2679 1249//2679
f  1425//2680 1422//2680 1249//2680
f  1426//2681 1424//2681 1249//2681
f  1250//2682 1426//2682 1249//2682
f  1427//2683 1426//2683 1250//2683
f  1251//2684 1428//2684 1250//2684
f  1428//2685 1429//2685 1250//2685
f  1429//2686 1427//2686 1250//2686
f  1430//2687 1431//2687 1251//2687
f  1431//2688 1428//2688 1251//2688
f  1432//2689 1430//2689 1251//2689
f  1321//2690 1432//2690 1251//2690
f  1390//2691 1433//2691 1352//2691
f  1433//2692 1434//2692 1352//2692
f  1434//2693 1355//2693 1352//2693
f  1260//2694 1432//2694 1321//2694
f  1206//2695 1435//2695 1207//2695
f  1435//2696 1326//2696 1207//2696
f  1310//2697 1436//2697 1290//2697
f  1436//2698 1322//2698 1290//2698
f  1343//2699 1351//2699 1311//2699
f  1437//2700 1347//2700 1389//2700
f  1386//2701 1437//2701 1389//2701
f  1438//2702 1299//2702 1298//2702
f  1315//2459 1438//2459 1298//2459
f  1438//2702 1439//2702 1299//2702
f  1439//2460 1440//2460 1299//2460
f  1440//2460 1278//2460 1299//2460
f  1441//2703 1442//2703 1432//2703
f  1260//2704 1441//2704 1432//2704
f  1442//2705 1430//2705 1432//2705
f  1443//2706 1441//2706 1260//2706
f  1444//2707 1443//2707 1260//2707
f  1291//2708 1445//2708 1260//2708
f  1445//2709 1446//2709 1260//2709
f  1446//2710 1444//2710 1260//2710
f  1447//2711 1265//2711 1235//2711
f  1448//2712 1449//2712 1235//2712
f  1449//2713 1450//2713 1235//2713
f  1450//2714 1447//2714 1235//2714
f  1350//2715 1451//2715 1235//2715
f  1451//2716 1448//2716 1235//2716
f  1332//2717 1306//2717 1333//2717
f  1322//2718 1340//2718 1338//2718
f  1316//2719 1452//2719 1334//2719
f  1452//2720 1335//2720 1334//2720
f  1339//2721 1342//2721 1337//2721
f  1256//2722 1453//2722 1193//2722
f  1453//2723 1324//2723 1193//2723
f  1454//2724 1455//2724 1291//2724
f  1455//2725 1445//2725 1291//2725
f  1304//2726 1456//2726 1291//2726
f  1456//2727 1457//2727 1291//2727
f  1457//2728 1454//2728 1291//2728
f  1332//2729 1458//2729 1306//2729
f  1458//2730 1459//2730 1306//2730
f  1459//2731 1307//2731 1306//2731
f  1460//2732 1323//2732 1257//2732
f  1325//2733 1460//2733 1257//2733
f  1307//2734 1461//2734 1216//2734
f  1461//2735 1318//2735 1216//2735
f  1344//2736 1462//2736 1262//2736
f  1462//2737 1305//2737 1262//2737
f  1463//2738 1452//2738 1316//2738
f  1317//2739 1463//2739 1316//2739
f  1464//2740 1463//2740 1317//2740
f  1323//2741 1464//2741 1317//2741
f  1465//2742 1303//2742 1265//2742
f  1447//2743 1466//2743 1265//2743
f  1466//2744 1467//2744 1265//2744
f  1467//2745 1468//2745 1265//2745
f  1468//2746 1465//2746 1265//2746
f  1336//2747 1469//2747 1206//2747
f  1469//2748 1435//2748 1206//2748
f  1331//2749 1458//2749 1332//2749
f  1436//2750 1470//2750 1322//2750
f  1470//2751 1340//2751 1322//2751
f  1471//2752 1472//2752 1304//2752
f  1472//2753 1456//2753 1304//2753
f  1326//2754 1473//2754 1304//2754
f  1473//2755 1474//2755 1304//2755
f  1474//2756 1471//2756 1304//2756
f  1342//2757 1475//2757 1343//2757
f  1475//2758 1351//2758 1343//2758
f  1476//2759 1458//2759 1331//2759
f  1305//2760 1476//2760 1331//2760
f  1452//2761 1477//2761 1335//2761
f  1477//2762 1336//2762 1335//2762
f  1478//2763 1345//2763 1294//2763
f  1324//2764 1478//2764 1294//2764
f  1479//2765 1460//2765 1325//2765
f  1351//2766 1479//2766 1325//2766
f  1345//2767 1480//2767 1310//2767
f  1480//2768 1436//2768 1310//2768
f  1481//2769 1482//2769 1305//2769
f  1482//2770 1476//2770 1305//2770
f  1462//2771 1483//2771 1305//2771
f  1483//2772 1481//2772 1305//2772
f  1465//2773 1484//2773 1303//2773
f  1484//2774 1485//2774 1303//2774
f  1485//2775 1486//2775 1303//2775
f  1486//2776 1320//2776 1303//2776
f  1475//2777 1479//2777 1351//2777
f  1487//2460 1339//2460 1312//2460
f  1488//2778 1487//2778 1312//2778
f  1313//2778 1488//2778 1312//2778
f  1341//2460 1489//2460 1314//2460
f  1489//2779 1315//2779 1314//2779
f  1328//2459 1488//2459 1313//2459
f  1489//2779 1490//2779 1315//2779
f  1490//2459 1438//2459 1315//2459
f  1477//2780 1491//2780 1336//2780
f  1491//2781 1492//2781 1336//2781
f  1492//2782 1493//2782 1336//2782
f  1493//2783 1494//2783 1336//2783
f  1494//2784 1469//2784 1336//2784
f  1495//2785 1496//2785 1326//2785
f  1435//2786 1495//2786 1326//2786
f  1496//2787 1497//2787 1326//2787
f  1497//2788 1473//2788 1326//2788
f  1452//2789 1491//2789 1477//2789
f  1482//2790 1458//2790 1476//2790
f  1470//2791 1341//2791 1340//2791
f  1339//2792 1498//2792 1342//2792
f  1498//2793 1475//2793 1342//2793
f  1486//2794 1499//2794 1320//2794
f  1499//2795 1344//2795 1320//2795
f  1318//2796 1500//2796 1256//2796
f  1500//2797 1453//2797 1256//2797
f  1452//2798 1492//2798 1491//2798
f  1501//2799 1464//2799 1323//2799
f  1460//2800 1501//2800 1323//2800
f  1502//2801 1495//2801 1435//2801
f  1503//2802 1502//2802 1435//2802
f  1469//2803 1503//2803 1435//2803
f  1459//2804 1504//2804 1307//2804
f  1504//2805 1461//2805 1307//2805
f  1505//2806 1506//2806 1458//2806
f  1506//2807 1459//2807 1458//2807
f  1482//2808 1505//2808 1458//2808
f  1507//2809 1470//2809 1436//2809
f  1480//2810 1507//2810 1436//2810
f  1508//2811 1509//2811 1463//2811
f  1464//2812 1508//2812 1463//2812
f  1509//2813 1452//2813 1463//2813
f  1510//2814 1493//2814 1492//2814
f  1452//2815 1510//2815 1492//2815
f  1481//2816 1505//2816 1482//2816
f  1327//2817 1511//2817 1328//2817
f  1511//2817 1512//2817 1328//2817
f  1512//2459 1488//2459 1328//2459
f  1513//2460 1511//2460 1327//2460
f  1329//2460 1513//2460 1327//2460
f  1514//2818 1515//2818 1475//2818
f  1516//2819 1514//2819 1475//2819
f  1498//2820 1516//2820 1475//2820
f  1515//2821 1479//2821 1475//2821
f  1483//2822 1517//2822 1481//2822
f  1517//2823 1518//2823 1481//2823
f  1518//2824 1505//2824 1481//2824
f  1509//2825 1519//2825 1452//2825
f  1519//2826 1510//2826 1452//2826
f  1520//2827 1434//2827 1433//2827
f  1521//2828 1520//2828 1433//2828
f  1390//2829 1521//2829 1433//2829
f  1522//2830 1355//2830 1434//2830
f  1520//2831 1522//2831 1434//2831
f  1523//2832 1521//2832 1390//2832
f  1392//2833 1523//2833 1390//2833
f  1524//2834 1523//2834 1392//2834
f  1391//2835 1524//2835 1392//2835
f  1525//2836 1356//2836 1355//2836
f  1522//2837 1525//2837 1355//2837
f  1394//2838 1524//2838 1391//2838
f  1525//2839 1354//2839 1356//2839
f  1526//2840 1353//2840 1354//2840
f  1525//2841 1526//2841 1354//2841
f  1393//2842 1524//2842 1394//2842
f  1396//2843 1527//2843 1393//2843
f  1527//2844 1524//2844 1393//2844
f  1526//2845 1357//2845 1353//2845
f  1395//2846 1527//2846 1396//2846
f  1528//2847 1358//2847 1357//2847
f  1526//2848 1528//2848 1357//2848
f  1397//2849 1527//2849 1395//2849
f  1529//2850 1359//2850 1358//2850
f  1528//2851 1529//2851 1358//2851
f  1530//2852 1527//2852 1397//2852
f  1399//2853 1530//2853 1397//2853
f  1529//2854 1360//2854 1359//2854
f  1529//2855 1361//2855 1360//2855
f  1531//2856 1530//2856 1399//2856
f  1398//2857 1531//2857 1399//2857
f  1400//2858 1531//2858 1398//2858
f  1401//2859 1532//2859 1400//2859
f  1532//2860 1531//2860 1400//2860
f  1533//2861 1365//2861 1361//2861
f  1529//2862 1533//2862 1361//2862
f  1534//2863 1362//2863 1365//2863
f  1533//2864 1534//2864 1365//2864
f  1535//2865 1363//2865 1362//2865
f  1534//2866 1535//2866 1362//2866
f  1403//2867 1532//2867 1401//2867
f  1535//2868 1364//2868 1363//2868
f  1402//2869 1532//2869 1403//2869
f  1536//2870 1369//2870 1364//2870
f  1535//2871 1536//2871 1364//2871
f  1537//2872 1532//2872 1402//2872
f  1405//2873 1537//2873 1402//2873
f  1538//2874 1537//2874 1405//2874
f  1404//2875 1538//2875 1405//2875
f  1539//2876 1366//2876 1369//2876
f  1536//2877 1539//2877 1369//2877
f  1539//2878 1367//2878 1366//2878
f  1408//2879 1538//2879 1404//2879
f  1407//2880 1540//2880 1408//2880
f  1540//2881 1538//2881 1408//2881
f  1539//2882 1541//2882 1367//2882
f  1541//2883 1368//2883 1367//2883
f  1406//2884 1540//2884 1407//2884
f  1541//2885 1373//2885 1368//2885
f  1409//2886 1540//2886 1406//2886
f  1542//2887 1540//2887 1409//2887
f  1410//2888 1542//2888 1409//2888
f  1543//2889 1370//2889 1373//2889
f  1541//2890 1543//2890 1373//2890
f  1543//2891 1371//2891 1370//2891
f  1544//2892 1542//2892 1410//2892
f  1412//2893 1544//2893 1410//2893
f  1545//2894 1372//2894 1371//2894
f  1543//2895 1545//2895 1371//2895
f  1546//2896 1378//2896 1372//2896
f  1545//2897 1546//2897 1372//2897
f  1411//2898 1544//2898 1412//2898
f  1547//2899 1544//2899 1411//2899
f  1414//2900 1547//2900 1411//2900
f  1548//2901 1374//2901 1378//2901
f  1546//2902 1548//2902 1378//2902
f  1548//2903 1375//2903 1374//2903
f  1413//2904 1547//2904 1414//2904
f  1549//2905 1547//2905 1413//2905
f  1416//2906 1549//2906 1413//2906
f  1550//2907 1376//2907 1375//2907
f  1548//2908 1550//2908 1375//2908
f  1550//2909 1377//2909 1376//2909
f  1551//2910 1549//2910 1416//2910
f  1415//2911 1551//2911 1416//2911
f  1417//2912 1551//2912 1415//2912
f  1552//2913 1551//2913 1417//2913
f  1419//2914 1552//2914 1417//2914
f  1553//2915 1382//2915 1377//2915
f  1550//2916 1553//2916 1377//2916
f  1418//2917 1552//2917 1419//2917
f  1420//2918 1552//2918 1418//2918
f  1554//2919 1379//2919 1382//2919
f  1553//2920 1554//2920 1382//2920
f  1421//2921 1555//2921 1420//2921
f  1555//2922 1552//2922 1420//2922
f  1554//2923 1380//2923 1379//2923
f  1554//2924 1381//2924 1380//2924
f  1423//2925 1556//2925 1421//2925
f  1556//2926 1555//2926 1421//2926
f  1422//2927 1556//2927 1423//2927
f  1425//2928 1557//2928 1422//2928
f  1557//2929 1556//2929 1422//2929
f  1554//2930 1558//2930 1381//2930
f  1558//2931 1384//2931 1381//2931
f  1424//2932 1557//2932 1425//2932
f  1558//2933 1559//2933 1384//2933
f  1559//2934 1383//2934 1384//2934
f  1426//2935 1557//2935 1424//2935
f  1559//2936 1388//2936 1383//2936
f  1560//2937 1557//2937 1426//2937
f  1427//2938 1560//2938 1426//2938
f  1559//2939 1561//2939 1388//2939
f  1561//2940 1387//2940 1388//2940
f  1562//2941 1560//2941 1427//2941
f  1429//2942 1562//2942 1427//2942
f  1428//2943 1562//2943 1429//2943
f  1561//2944 1385//2944 1387//2944
f  1563//2945 1562//2945 1428//2945
f  1431//2946 1563//2946 1428//2946
f  1561//2947 1564//2947 1385//2947
f  1564//2948 1386//2948 1385//2948
f  1565//2949 1437//2949 1386//2949
f  1564//2950 1566//2950 1386//2950
f  1567//2951 1565//2951 1386//2951
f  1566//2952 1568//2952 1386//2952
f  1568//2953 1569//2953 1386//2953
f  1569//2954 1567//2954 1386//2954
f  1430//2955 1563//2955 1431//2955
f  1442//2956 1570//2956 1430//2956
f  1570//2957 1563//2957 1430//2957
f  1441//2958 1570//2958 1442//2958
f  1565//2959 1347//2959 1437//2959
f  1565//2960 1571//2960 1347//2960
f  1571//2961 1348//2961 1347//2961
f  1572//2962 1570//2962 1441//2962
f  1443//2963 1572//2963 1441//2963
f  1510//2964 1573//2964 1493//2964
f  1573//2965 1494//2965 1493//2965
f  1574//2966 1573//2966 1510//2966
f  1519//2967 1574//2967 1510//2967
f  1575//2968 1572//2968 1443//2968
f  1444//2969 1575//2969 1443//2969
f  1571//2970 1349//2970 1348//2970
f  1576//2971 1577//2971 1344//2971
f  1577//2972 1462//2972 1344//2972
f  1499//2973 1578//2973 1344//2973
f  1578//2974 1576//2974 1344//2974
f  1446//2975 1575//2975 1444//2975
f  1579//2976 1350//2976 1349//2976
f  1571//2977 1579//2977 1349//2977
f  1579//2978 1451//2978 1350//2978
f  1445//2979 1575//2979 1446//2979
f  1580//2980 1478//2980 1324//2980
f  1453//2981 1580//2981 1324//2981
f  1478//2982 1581//2982 1345//2982
f  1581//2983 1480//2983 1345//2983
f  1455//2984 1575//2984 1445//2984
f  1579//2985 1448//2985 1451//2985
f  1582//2986 1501//2986 1460//2986
f  1479//2987 1582//2987 1460//2987
f  1515//2988 1582//2988 1479//2988
f  1583//2989 1503//2989 1469//2989
f  1494//2990 1584//2990 1469//2990
f  1584//2991 1585//2991 1469//2991
f  1585//2992 1583//2992 1469//2992
f  1579//2993 1586//2993 1448//2993
f  1586//2994 1587//2994 1448//2994
f  1587//2995 1449//2995 1448//2995
f  1587//2996 1450//2996 1449//2996
f  1454//2997 1588//2997 1455//2997
f  1588//2998 1589//2998 1455//2998
f  1589//2999 1575//2999 1455//2999
f  1590//3000 1517//3000 1483//3000
f  1462//3001 1590//3001 1483//3001
f  1591//3002 1592//3002 1570//3002
f  1572//3003 1591//3003 1570//3003
f  1592//3004 1563//3004 1570//3004
f  1567//3005 1571//3005 1565//3005
f  1457//3006 1588//3006 1454//3006
f  1587//3007 1447//3007 1450//3007
f  1456//3008 1588//3008 1457//3008
f  1472//3009 1588//3009 1456//3009
f  1587//3010 1466//3010 1447//3010
f  1593//3011 1467//3011 1466//3011
f  1587//3012 1593//3012 1466//3012
f  1594//3013 1590//3013 1462//3013
f  1577//3014 1595//3014 1462//3014
f  1595//3015 1596//3015 1462//3015
f  1597//3016 1594//3016 1462//3016
f  1596//3017 1597//3017 1462//3017
f  1339//3018 1516//3018 1498//3018
f  1507//3019 1341//3019 1470//3019
f  1598//3020 1516//3020 1339//3020
f  1487//2460 1598//2460 1339//2460
f  1507//3021 1599//3021 1341//3021
f  1599//3022 1600//3022 1341//3022
f  1600//3023 1601//3023 1341//3023
f  1601//2460 1489//2460 1341//2460
f  1602//3024 1588//3024 1472//3024
f  1471//3025 1602//3025 1472//3025
f  1593//3026 1468//3026 1467//3026
f  1474//3027 1602//3027 1471//3027
f  1593//3028 1465//3028 1468//3028
f  1473//3029 1603//3029 1474//3029
f  1603//3030 1602//3030 1474//3030
f  1604//3031 1605//3031 1494//3031
f  1605//3032 1606//3032 1494//3032
f  1606//3033 1607//3033 1494//3033
f  1607//3034 1584//3034 1494//3034
f  1608//3035 1609//3035 1494//3035
f  1609//3036 1610//3036 1494//3036
f  1610//3037 1604//3037 1494//3037
f  1573//3038 1611//3038 1494//3038
f  1611//3039 1608//3039 1494//3039
f  1612//3040 1589//3040 1588//3040
f  1602//3041 1612//3041 1588//3041
f  1586//3042 1593//3042 1587//3042
f  1480//3043 1599//3043 1507//3043
f  1574//3044 1611//3044 1573//3044
f  1598//3045 1514//3045 1516//3045
f  1594//3046 1517//3046 1590//3046
f  1497//3047 1603//3047 1473//3047
f  1593//3048 1613//3048 1465//3048
f  1613//3049 1484//3049 1465//3049
f  1461//3050 1614//3050 1318//3050
f  1614//3051 1500//3051 1318//3051
f  1574//3052 1608//3052 1611//3052
f  1615//3053 1485//3053 1484//3053
f  1613//3054 1615//3054 1484//3054
f  1496//3055 1616//3055 1497//3055
f  1616//3056 1603//3056 1497//3056
f  1615//3057 1486//3057 1485//3057
f  1617//3058 1508//3058 1464//3058
f  1501//3059 1617//3059 1464//3059
f  1615//3060 1499//3060 1486//3060
f  1618//3061 1616//3061 1496//3061
f  1495//3062 1618//3062 1496//3062
f  1502//3063 1618//3063 1495//3063
f  1619//3064 1517//3064 1594//3064
f  1597//3065 1619//3065 1594//3065
f  1620//3066 1439//3066 1438//3066
f  1490//2459 1620//2459 1438//2459
f  1620//3066 1621//3066 1439//3066
f  1621//2460 1622//2460 1439//2460
f  1622//2460 1440//2460 1439//2460
f  1623//3067 1603//3067 1616//3067
f  1618//3068 1623//3068 1616//3068
f  1624//3069 1499//3069 1615//3069
f  1625//3070 1624//3070 1615//3070
f  1613//3071 1625//3071 1615//3071
f  1574//3072 1626//3072 1608//3072
f  1626//3073 1609//3073 1608//3073
f  1627//3074 1591//3074 1572//3074
f  1575//3075 1627//3075 1572//3075
f  1628//3076 1579//3076 1571//3076
f  1567//3077 1628//3077 1571//3077
f  1581//3078 1599//3078 1480//3078
f  1503//3079 1618//3079 1502//3079
f  1624//3080 1578//3080 1499//3080
f  1629//3081 1630//3081 1515//3081
f  1514//3082 1629//3082 1515//3082
f  1630//3083 1582//3083 1515//3083
f  1506//3084 1631//3084 1459//3084
f  1631//3085 1504//3085 1459//3085
f  1518//3086 1632//3086 1505//3086
f  1632//3087 1506//3087 1505//3087
f  1633//3088 1634//3088 1509//3088
f  1508//3089 1633//3089 1509//3089
f  1634//3090 1519//3090 1509//3090
f  1635//3091 1580//3091 1453//3091
f  1500//3092 1635//3092 1453//3092
f  1580//3093 1636//3093 1478//3093
f  1636//3094 1581//3094 1478//3094
f  1637//3095 1617//3095 1501//3095
f  1582//3096 1637//3096 1501//3096
f  1624//3097 1576//3097 1578//3097
f  1630//3098 1637//3098 1582//3098
f  1619//3099 1638//3099 1517//3099
f  1638//3100 1639//3100 1517//3100
f  1639//3101 1518//3101 1517//3101
f  1634//3102 1640//3102 1519//3102
f  1640//3103 1574//3103 1519//3103
f  1583//3104 1618//3104 1503//3104
f  1624//3105 1577//3105 1576//3105
f  1585//3106 1641//3106 1583//3106
f  1641//3107 1618//3107 1583//3107
f  1642//3108 1595//3108 1577//3108
f  1624//3109 1642//3109 1577//3109
f  1584//3110 1643//3110 1585//3110
f  1643//3111 1641//3111 1585//3111
f  1603//3112 1644//3112 1602//3112
f  1644//3113 1612//3113 1602//3113
f  1645//3114 1613//3114 1593//3114
f  1586//3115 1645//3115 1593//3115
f  1646//3116 1626//3116 1574//3116
f  1640//3117 1646//3117 1574//3117
f  1647//3118 1638//3118 1619//3118
f  1648//3119 1647//3119 1619//3119
f  1597//3120 1649//3120 1619//3120
f  1649//3121 1650//3121 1619//3121
f  1650//3122 1648//3122 1619//3122
f  1651//3123 1596//3123 1595//3123
f  1642//3124 1651//3124 1595//3124
f  1607//3125 1643//3125 1584//3125
f  1606//3126 1643//3126 1607//3126
f  1651//3127 1597//3127 1596//3127
f  1605//3128 1652//3128 1606//3128
f  1652//3129 1643//3129 1606//3129
f  1653//3130 1654//3130 1655//3130
f  1656//3131 1657//3131 1655//3131
f  1657//3131 1653//3131 1655//3131
f  1654//3132 1658//3132 1655//3132
f  1658//3132 1656//3132 1655//3132
f  1653//3130 1659//3130 1654//3130
f  1659//3133 1660//3133 1654//3133
f  1660//3132 1658//3132 1654//3132
f  1661//3134 1662//3134 1656//3134
f  1662//3134 1657//3134 1656//3134
f  1658//3132 1663//3132 1656//3132
f  1663//3132 1664//3132 1656//3132
f  1664//3132 1661//3132 1656//3132
f  1659//3133 1665//3133 1660//3133
f  1665//3135 1666//3135 1660//3135
f  1666//3132 1658//3132 1660//3132
f  1667//3136 1668//3136 1661//3136
f  1668//3136 1662//3136 1661//3136
f  1664//3132 1667//3132 1661//3132
f  1665//3135 1669//3135 1666//3135
f  1669//3137 1670//3137 1666//3137
f  1671//3132 1658//3132 1666//3132
f  1670//3132 1672//3132 1666//3132
f  1672//3132 1673//3132 1666//3132
f  1673//3132 1674//3132 1666//3132
f  1674//3132 1675//3132 1666//3132
f  1675//3132 1676//3132 1666//3132
f  1676//3132 1671//3132 1666//3132
f  1677//3138 1678//3138 1667//3138
f  1678//3138 1668//3138 1667//3138
f  1664//3132 1679//3132 1667//3132
f  1679//3132 1680//3132 1667//3132
f  1680//3132 1677//3132 1667//3132
f  1669//3137 1681//3137 1670//3137
f  1681//3139 1672//3139 1670//3139
f  1682//3140 1683//3140 1677//3140
f  1683//3140 1678//3140 1677//3140
f  1680//3132 1682//3132 1677//3132
f  1681//3139 1684//3139 1672//3139
f  1684//3141 1673//3141 1672//3141
f  1685//3142 1686//3142 1682//3142
f  1686//3142 1683//3142 1682//3142
f  1680//3132 1685//3132 1682//3132
f  1684//3141 1687//3141 1673//3141
f  1687//3143 1674//3143 1673//3143
f  1688//3144 1689//3144 1685//3144
f  1689//3144 1686//3144 1685//3144
f  1680//3132 1688//3132 1685//3132
f  1687//3143 1690//3143 1674//3143
f  1690//3145 1675//3145 1674//3145
f  1691//3146 1692//3146 1688//3146
f  1692//3146 1689//3146 1688//3146
f  1680//3132 1691//3132 1688//3132
f  1690//3145 1693//3145 1675//3145
f  1693//3147 1676//3147 1675//3147
f  1680//3148 1694//3148 1691//3148
f  1694//3148 1692//3148 1691//3148
f  1693//3147 1695//3147 1676//3147
f  1695//3149 1671//3149 1676//3149
f  1679//3150 1696//3150 1680//3150
f  1696//3150 1694//3150 1680//3150
f  1695//3149 1697//3149 1671//3149
f  1697//3151 1658//3151 1671//3151
f  1664//3152 1698//3152 1679//3152
f  1698//3152 1696//3152 1679//3152
f  1697//3151 1699//3151 1658//3151
f  1699//3153 1663//3153 1658//3153
f  1663//3154 1700//3154 1664//3154
f  1700//3154 1698//3154 1664//3154
f  1699//3153 1700//3153 1663//3153
f  1701//3155 1641//3155 1643//3155
f  1652//3156 1701//3156 1643//3156
f  1642//3157 1702//3157 1651//3157
f  1702//3158 1597//3158 1651//3158
f  1702//3159 1649//3159 1597//3159
f  1604//3160 1652//3160 1605//3160
f  1703//3161 1652//3161 1604//3161
f  1610//3162 1703//3162 1604//3162
f  1702//3163 1650//3163 1649//3163
f  1702//3164 1704//3164 1650//3164
f  1704//3165 1648//3165 1650//3165
f  1609//3166 1703//3166 1610//3166
f  1704//3167 1705//3167 1648//3167
f  1705//3168 1647//3168 1648//3168
f  1626//3169 1703//3169 1609//3169
f  1626//3170 1706//3170 1703//3170
f  1706//3171 1707//3171 1703//3171
f  1707//3172 1708//3172 1703//3172
f  1708//3173 1709//3173 1703//3173
f  1709//3174 1710//3174 1703//3174
f  1710//3175 1652//3175 1703//3175
f  1702//3176 1711//3176 1704//3176
f  1712//3177 1713//3177 1704//3177
f  1711//3178 1712//3178 1704//3178
f  1713//3179 1714//3179 1704//3179
f  1714//3180 1715//3180 1704//3180
f  1715//3181 1705//3181 1704//3181
f  1716//3182 1627//3182 1575//3182
f  1589//3183 1716//3183 1575//3183
f  1717//3184 1586//3184 1579//3184
f  1628//3185 1717//3185 1579//3185
f  1718//2460 1598//2460 1487//2460
f  1719//3186 1718//3186 1487//3186
f  1488//3186 1719//3186 1487//3186
f  1601//2460 1720//2460 1489//2460
f  1720//3187 1490//3187 1489//3187
f  1512//2459 1719//2459 1488//2459
f  1720//3187 1721//3187 1490//3187
f  1721//2459 1620//2459 1490//2459
f  1705//3188 1638//3188 1647//3188
f  1646//3189 1706//3189 1626//3189
f  1715//3190 1638//3190 1705//3190
f  1646//3191 1707//3191 1706//3191
f  1581//3192 1600//3192 1599//3192
f  1504//3193 1722//3193 1461//3193
f  1722//3194 1614//3194 1461//3194
f  1598//3195 1629//3195 1514//3195
f  1723//3196 1633//3196 1508//3196
f  1617//3197 1723//3197 1508//3197
f  1724//3198 1600//3198 1581//3198
f  1636//3199 1724//3199 1581//3199
f  1629//3200 1725//3200 1630//3200
f  1725//3201 1637//3201 1630//3201
f  1632//3202 1726//3202 1506//3202
f  1726//3203 1631//3203 1506//3203
f  1727//3204 1635//3204 1500//3204
f  1614//3205 1727//3205 1500//3205
f  1635//3206 1728//3206 1580//3206
f  1728//3207 1636//3207 1580//3207
f  1729//3208 1723//3208 1617//3208
f  1637//3209 1729//3209 1617//3209
f  1725//3210 1729//3210 1637//3210
f  1730//3211 1731//3211 1634//3211
f  1633//3212 1730//3212 1634//3212
f  1731//3213 1640//3213 1634//3213
f  1639//3214 1732//3214 1518//3214
f  1732//3215 1632//3215 1518//3215
f  1646//3216 1708//3216 1707//3216
f  1612//3217 1716//3217 1589//3217
f  1733//3218 1734//3218 1586//3218
f  1717//3219 1733//3219 1586//3219
f  1734//3220 1645//3220 1586//3220
f  1731//3221 1735//3221 1640//3221
f  1735//3222 1646//3222 1640//3222
f  1715//3223 1736//3223 1638//3223
f  1736//3224 1737//3224 1638//3224
f  1737//3225 1639//3225 1638//3225
f  1641//3226 1738//3226 1618//3226
f  1739//3227 1623//3227 1618//3227
f  1738//3228 1739//3228 1618//3228
f  1625//3229 1642//3229 1624//3229
f  1740//3230 1701//3230 1652//3230
f  1710//3231 1741//3231 1652//3231
f  1741//3232 1740//3232 1652//3232
f  1642//3233 1742//3233 1702//3233
f  1742//3234 1743//3234 1702//3234
f  1743//3235 1744//3235 1702//3235
f  1744//3236 1711//3236 1702//3236
f  1745//3237 1708//3237 1646//3237
f  1735//3238 1745//3238 1646//3238
f  1714//3239 1736//3239 1715//3239
f  1745//3240 1709//3240 1708//3240
f  1511//3241 1746//3241 1512//3241
f  1746//3241 1747//3241 1512//3241
f  1747//2459 1719//2459 1512//2459
f  1748//2460 1746//2460 1511//2460
f  1513//2460 1748//2460 1511//2460
f  1623//3242 1749//3242 1603//3242
f  1749//3243 1750//3243 1603//3243
f  1750//3244 1644//3244 1603//3244
f  1751//3245 1625//3245 1613//3245
f  1645//3246 1752//3246 1613//3246
f  1752//3247 1753//3247 1613//3247
f  1753//3248 1751//3248 1613//3248
f  1713//3249 1736//3249 1714//3249
f  1745//3250 1754//3250 1709//3250
f  1754//3251 1755//3251 1709//3251
f  1755//3252 1710//3252 1709//3252
f  1754//3253 1756//3253 1755//3253
f  1756//3254 1710//3254 1755//3254
f  1712//3255 1757//3255 1713//3255
f  1758//3256 1736//3256 1713//3256
f  1757//3257 1758//3257 1713//3257
f  1759//3258 1757//3258 1712//3258
f  1711//3259 1759//3259 1712//3259
f  1756//3260 1741//3260 1710//3260
f  1744//3261 1760//3261 1711//3261
f  1760//3262 1759//3262 1711//3262
f  1754//3263 1761//3263 1756//3263
f  1761//3264 1741//3264 1756//3264
f  1760//3265 1757//3265 1759//3265
f  1631//3266 1762//3266 1504//3266
f  1762//3267 1722//3267 1504//3267
f  1724//3268 1601//3268 1600//3268
f  1644//3269 1763//3269 1612//3269
f  1763//3270 1764//3270 1612//3270
f  1764//3271 1716//3271 1612//3271
f  1734//3272 1752//3272 1645//3272
f  1598//3273 1765//3273 1629//3273
f  1765//3274 1725//3274 1629//3274
f  1766//3275 1730//3275 1633//3275
f  1723//3276 1766//3276 1633//3276
f  1767//3277 1329//3277 1768//3277
f  1329//3277 1277//3277 1768//3277
f  1277//3278 1769//3278 1768//3278
f  1769//2460 1770//2460 1768//2460
f  1770//2460 1767//2460 1768//2460
f  1278//3278 1769//3278 1277//3278
f  1701//3279 1738//3279 1641//3279
f  1625//3280 1742//3280 1642//3280
f  1771//3281 1724//3281 1636//3281
f  1728//3282 1771//3282 1636//3282
f  1598//3283 1772//3283 1765//3283
f  1772//3284 1725//3284 1765//3284
f  1771//3285 1601//3285 1724//3285
f  1773//3286 1772//3286 1598//3286
f  1718//2460 1773//2460 1598//2460
f  1774//3287 1775//3287 1601//3287
f  1771//3288 1774//3288 1601//3288
f  1775//2460 1720//2460 1601//2460
f  1776//3289 1777//3289 1725//3289
f  1772//3290 1776//3290 1725//3290
f  1777//3291 1729//3291 1725//3291
f  1751//3292 1778//3292 1625//3292
f  1778//3293 1779//3293 1625//3293
f  1779//3294 1742//3294 1625//3294
f  1780//3295 1727//3295 1614//3295
f  1722//3296 1780//3296 1614//3296
f  1727//3297 1781//3297 1635//3297
f  1781//3298 1728//3298 1635//3298
f  1732//3299 1782//3299 1632//3299
f  1782//3300 1726//3300 1632//3300
f  1754//3301 1783//3301 1761//3301
f  1783//3302 1741//3302 1761//3302
f  1729//3303 1784//3303 1723//3303
f  1785//3304 1766//3304 1723//3304
f  1784//3305 1785//3305 1723//3305
f  1777//3306 1784//3306 1729//3306
f  1786//3307 1757//3307 1760//3307
f  1744//3308 1786//3308 1760//3308
f  1737//3309 1787//3309 1639//3309
f  1787//3310 1732//3310 1639//3310
f  1788//3311 1789//3311 1731//3311
f  1730//3312 1788//3312 1731//3312
f  1789//3313 1735//3313 1731//3313
f  1739//3314 1790//3314 1623//3314
f  1790//3315 1749//3315 1623//3315
f  1753//3316 1791//3316 1751//3316
f  1791//3317 1778//3317 1751//3317
f  1792//3318 1513//3318 1767//3318
f  1513//3318 1329//3318 1767//3318
f  1770//2460 1792//2460 1767//2460
f  1278//3319 1793//3319 1769//3319
f  1793//2460 1770//2460 1769//2460
f  1440//3319 1793//3319 1278//3319
f  1754//3320 1794//3320 1783//3320
f  1794//3321 1741//3321 1783//3321
f  1758//3322 1795//3322 1736//3322
f  1795//3323 1737//3323 1736//3323
f  1789//3324 1796//3324 1735//3324
f  1796//3325 1745//3325 1735//3325
f  1794//3326 1740//3326 1741//3326
f  1797//3327 1786//3327 1744//3327
f  1798//3328 1797//3328 1744//3328
f  1743//3329 1798//3329 1744//3329
f  1799//3330 1754//3330 1745//3330
f  1796//3331 1799//3331 1745//3331
f  1786//3332 1797//3332 1757//3332
f  1797//3333 1800//3333 1757//3333
f  1801//3334 1758//3334 1757//3334
f  1800//3335 1801//3335 1757//3335
f  1750//3336 1802//3336 1644//3336
f  1802//3337 1763//3337 1644//3337
f  1803//3338 1753//3338 1752//3338
f  1734//3339 1803//3339 1752//3339
f  1804//3340 1621//3340 1620//3340
f  1721//2459 1804//2459 1620//2459
f  1804//3340 1805//3340 1621//3340
f  1805//2460 1806//2460 1621//2460
f  1806//2460 1622//2460 1621//2460
f  1807//3341 1794//3341 1754//3341
f  1799//3342 1807//3342 1754//3342
f  1807//3343 1808//3343 1794//3343
f  1808//3344 1740//3344 1794//3344
f  1798//3345 1800//3345 1797//3345
f  1740//3346 1809//3346 1701//3346
f  1810//3347 1738//3347 1701//3347
f  1809//3348 1810//3348 1701//3348
f  1779//3349 1811//3349 1742//3349
f  1811//3350 1743//3350 1742//3350
f  1812//3351 1790//3351 1739//3351
f  1738//3352 1812//3352 1739//3352
f  1791//3353 1813//3353 1778//3353
f  1813//3354 1814//3354 1778//3354
f  1814//3355 1815//3355 1778//3355
f  1815//3356 1779//3356 1778//3356
f  1726//3357 1816//3357 1631//3357
f  1816//3358 1762//3358 1631//3358
f  1591//3359 1817//3359 1592//3359
f  1817//3360 1563//3360 1592//3360
f  1569//3361 1628//3361 1567//3361
f  1818//3362 1819//3362 1740//3362
f  1808//3363 1818//3363 1740//3363
f  1819//3364 1809//3364 1740//3364
f  1820//3365 1798//3365 1743//3365
f  1811//3366 1821//3366 1743//3366
f  1821//3367 1822//3367 1743//3367
f  1822//3368 1820//3368 1743//3368
f  1820//3369 1800//3369 1798//3369
f  1823//3370 1788//3370 1730//3370
f  1766//3371 1823//3371 1730//3371
f  1807//3372 1818//3372 1808//3372
f  1824//3373 1817//3373 1591//3373
f  1825//3374 1824//3374 1591//3374
f  1627//3375 1825//3375 1591//3375
f  1569//3376 1717//3376 1628//3376
f  1728//3377 1774//3377 1771//3377
f  1807//3378 1819//3378 1818//3378
f  1773//3379 1776//3379 1772//3379
f  1749//3380 1826//3380 1750//3380
f  1826//3381 1802//3381 1750//3381
f  1827//3382 1791//3382 1753//3382
f  1803//3383 1827//3383 1753//3383
f  1828//3384 1774//3384 1728//3384
f  1781//3385 1828//3385 1728//3385
f  1787//3386 1829//3386 1732//3386
f  1829//3387 1782//3387 1732//3387
f  1830//3388 1780//3388 1722//3388
f  1762//3389 1830//3389 1722//3389
f  1776//3390 1831//3390 1777//3390
f  1831//3391 1784//3391 1777//3391
f  1780//3392 1832//3392 1727//3392
f  1832//3393 1781//3393 1727//3393
f  1795//3394 1833//3394 1737//3394
f  1833//3395 1787//3395 1737//3395
f  1834//2460 1773//2460 1718//2460
f  1835//3396 1834//3396 1718//3396
f  1719//3396 1835//3396 1718//3396
f  1775//2460 1836//2460 1720//2460
f  1836//3397 1721//3397 1720//3397
f  1747//2459 1835//2459 1719//2459
f  1836//3397 1837//3397 1721//3397
f  1837//2459 1804//2459 1721//2459
f  1785//3398 1823//3398 1766//3398
f  1838//3399 1839//3399 1789//3399
f  1788//3400 1838//3400 1789//3400
f  1839//3401 1796//3401 1789//3401
f  1831//3402 1840//3402 1784//3402
f  1841//3403 1785//3403 1784//3403
f  1840//3404 1841//3404 1784//3404
f  1801//3405 1842//3405 1758//3405
f  1842//3406 1795//3406 1758//3406
f  1763//3407 1843//3407 1764//3407
f  1843//3408 1844//3408 1764//3408
f  1844//3409 1716//3409 1764//3409
f  1845//3410 1803//3410 1734//3410
f  1733//3411 1845//3411 1734//3411
f  1839//3412 1846//3412 1796//3412
f  1846//3413 1799//3413 1796//3413
f  1847//3414 1738//3414 1810//3414
f  1848//3415 1847//3415 1810//3415
f  1809//3416 1848//3416 1810//3416
f  1815//3417 1849//3417 1779//3417
f  1849//3418 1850//3418 1779//3418
f  1850//3419 1811//3419 1779//3419
f  1822//3420 1851//3420 1800//3420
f  1820//3421 1822//3421 1800//3421
f  1852//3422 1801//3422 1800//3422
f  1851//3423 1852//3423 1800//3423
f  1853//3424 1748//3424 1792//3424
f  1748//3424 1513//3424 1792//3424
f  1770//2460 1853//2460 1792//2460
f  1440//3425 1854//3425 1793//3425
f  1854//2460 1770//2460 1793//2460
f  1622//3425 1854//3425 1440//3425
f  1855//3426 1807//3426 1799//3426
f  1846//3427 1855//3427 1799//3427
f  1847//3428 1812//3428 1738//3428
f  1856//3429 1849//3429 1815//3429
f  1814//3430 1856//3430 1815//3430
f  1857//3431 1858//3431 1809//3431
f  1858//3432 1859//3432 1809//3432
f  1859//3433 1860//3433 1809//3433
f  1819//3434 1857//3434 1809//3434
f  1860//3435 1848//3435 1809//3435
f  1861//3436 1862//3436 1811//3436
f  1862//3437 1863//3437 1811//3437
f  1863//3438 1821//3438 1811//3438
f  1850//3439 1864//3439 1811//3439
f  1864//3440 1865//3440 1811//3440
f  1865//3441 1861//3441 1811//3441
f  1855//3442 1866//3442 1807//3442
f  1866//3443 1819//3443 1807//3443
f  1866//3444 1857//3444 1819//3444
f  1821//3445 1851//3445 1822//3445
f  1863//3446 1851//3446 1821//3446
f  1867//3447 1825//3447 1627//3447
f  1716//3448 1867//3448 1627//3448
f  1568//3449 1868//3449 1717//3449
f  1569//3450 1568//3450 1717//3450
f  1869//3451 1733//3451 1717//3451
f  1870//3452 1869//3452 1717//3452
f  1868//3453 1870//3453 1717//3453
f  1866//3454 1858//3454 1857//3454
f  1790//3455 1871//3455 1749//3455
f  1871//3456 1826//3456 1749//3456
f  1872//3457 1813//3457 1791//3457
f  1827//3458 1872//3458 1791//3458
f  1862//3459 1873//3459 1863//3459
f  1873//3460 1874//3460 1863//3460
f  1874//3461 1851//3461 1863//3461
f  1866//3462 1875//3462 1858//3462
f  1875//3463 1859//3463 1858//3463
f  1841//3464 1876//3464 1785//3464
f  1876//3465 1823//3465 1785//3465
f  1802//3466 1877//3466 1763//3466
f  1877//3467 1843//3467 1763//3467
f  1878//3468 1827//3468 1803//3468
f  1845//3469 1878//3469 1803//3469
f  1875//3470 1879//3470 1859//3470
f  1879//3471 1860//3471 1859//3471
f  1782//3472 1880//3472 1726//3472
f  1880//3473 1816//3473 1726//3473
f  1848//3474 1881//3474 1847//3474
f  1882//3475 1812//3475 1847//3475
f  1881//3476 1882//3476 1847//3476
f  1856//3477 1883//3477 1849//3477
f  1883//3478 1884//3478 1849//3478
f  1884//3479 1850//3479 1849//3479
f  1885//3480 1881//3480 1848//3480
f  1860//3481 1885//3481 1848//3481
f  1884//3482 1886//3482 1850//3482
f  1886//3483 1864//3483 1850//3483
f  1824//3484 1887//3484 1817//3484
f  1887//3485 1563//3485 1817//3485
f  1888//3486 1838//3486 1788//3486
f  1823//3487 1888//3487 1788//3487
f  1861//3488 1873//3488 1862//3488
f  1889//3489 1890//3489 1812//3489
f  1882//3490 1889//3490 1812//3490
f  1890//3491 1891//3491 1812//3491
f  1891//3492 1790//3492 1812//3492
f  1813//3493 1892//3493 1814//3493
f  1892//3494 1893//3494 1814//3494
f  1893//3495 1856//3495 1814//3495
f  1894//3496 1868//3496 1568//3496
f  1895//3497 1894//3497 1568//3497
f  1566//3498 1895//3498 1568//3498
f  1896//3499 1867//3499 1716//3499
f  1897//3500 1896//3500 1716//3500
f  1844//3501 1897//3501 1716//3501
f  1898//3502 1845//3502 1733//3502
f  1899//3503 1898//3503 1733//3503
f  1869//3504 1899//3504 1733//3504
f  1865//3505 1873//3505 1861//3505
f  1833//3506 1900//3506 1787//3506
f  1900//3507 1829//3507 1787//3507
f  1875//3508 1901//3508 1879//3508
f  1901//3509 1860//3509 1879//3509
f  1902//3510 1873//3510 1865//3510
f  1864//3511 1902//3511 1865//3511
f  1842//3512 1903//3512 1795//3512
f  1903//3513 1833//3513 1795//3513
f  1875//3514 1904//3514 1901//3514
f  1904//3515 1860//3515 1901//3515
f  1852//3516 1905//3516 1801//3516
f  1905//3517 1842//3517 1801//3517
f  1828//3518 1775//3518 1774//3518
f  1874//3519 1906//3519 1851//3519
f  1906//3520 1852//3520 1851//3520
f  1891//3521 1907//3521 1790//3521
f  1907//3522 1871//3522 1790//3522
f  1908//3523 1892//3523 1813//3523
f  1909//3524 1908//3524 1813//3524
f  1872//3525 1909//3525 1813//3525
f  1904//3526 1885//3526 1860//3526
f  1886//3527 1910//3527 1864//3527
f  1910//3528 1902//3528 1864//3528
f  1875//3529 1911//3529 1904//3529
f  1911//3530 1885//3530 1904//3530
f  1912//3531 1873//3531 1902//3531
f  1910//3532 1912//3532 1902//3532
f  1913//3533 1828//3533 1781//3533
f  1832//3534 1913//3534 1781//3534
f  1816//3535 1830//3535 1762//3535
f  1914//3536 1915//3536 1839//3536
f  1838//3537 1914//3537 1839//3537
f  1915//3538 1846//3538 1839//3538
f  1912//3539 1916//3539 1873//3539
f  1916//3540 1874//3540 1873//3540
f  1773//3541 1917//3541 1776//3541
f  1917//3542 1831//3542 1776//3542
f  1918//3543 1855//3543 1846//3543
f  1915//3544 1918//3544 1846//3544
f  1918//3545 1919//3545 1855//3545
f  1919//3546 1866//3546 1855//3546
f  1830//3547 1920//3547 1780//3547
f  1920//3548 1832//3548 1780//3548
f  1919//3549 1921//3549 1866//3549
f  1921//3550 1875//3550 1866//3550
f  1922//3551 1923//3551 1831//3551
f  1924//3552 1922//3552 1831//3552
f  1917//3553 1924//3553 1831//3553
f  1923//3554 1840//3554 1831//3554
f  1876//3555 1888//3555 1823//3555
f  1746//3556 1925//3556 1747//3556
f  1925//3556 1926//3556 1747//3556
f  1926//2459 1835//2459 1747//2459
f  1927//2460 1925//2460 1746//2460
f  1748//2460 1927//2460 1746//2460
f  1928//3557 1911//3557 1875//3557
f  1921//3558 1928//3558 1875//3558
f  1929//3559 1876//3559 1841//3559
f  1840//3560 1929//3560 1841//3560
f  1885//3561 1930//3561 1881//3561
f  1931//3562 1882//3562 1881//3562
f  1930//3563 1931//3563 1881//3563
f  1932//3564 1933//3564 1884//3564
f  1933//3565 1886//3565 1884//3565
f  1883//3566 1932//3566 1884//3566
f  1826//3567 1934//3567 1802//3567
f  1934//3568 1935//3568 1802//3568
f  1935//3569 1877//3569 1802//3569
f  1936//3570 1872//3570 1827//3570
f  1937//3571 1936//3571 1827//3571
f  1938//3572 1937//3572 1827//3572
f  1878//3573 1938//3573 1827//3573
f  1939//3574 1889//3574 1882//3574
f  1940//3575 1939//3575 1882//3575
f  1931//3576 1940//3576 1882//3576
f  1893//3577 1941//3577 1856//3577
f  1941//3578 1942//3578 1856//3578
f  1942//3579 1883//3579 1856//3579
f  1943//3580 1944//3580 1885//3580
f  1911//3581 1943//3581 1885//3581
f  1944//3582 1930//3582 1885//3582
f  1933//3583 1945//3583 1886//3583
f  1945//3584 1946//3584 1886//3584
f  1946//3585 1910//3585 1886//3585
f  1928//3586 1943//3586 1911//3586
f  1947//3587 1948//3587 1844//3587
f  1843//3588 1947//3588 1844//3588
f  1948//3589 1897//3589 1844//3589
f  1949//3590 1878//3590 1845//3590
f  1950//3591 1949//3591 1845//3591
f  1898//3592 1950//3592 1845//3592
f  1890//3593 1951//3593 1891//3593
f  1951//3594 1952//3594 1891//3594
f  1952//3595 1907//3595 1891//3595
f  1908//3596 1953//3596 1892//3596
f  1953//3597 1893//3597 1892//3597
f  1946//3598 1912//3598 1910//3598
f  1928//3599 1944//3599 1943//3599
f  1954//3600 1940//3600 1931//3600
f  1930//3601 1954//3601 1931//3601
f  1955//3602 1932//3602 1883//3602
f  1942//3603 1956//3603 1883//3603
f  1956//3604 1955//3604 1883//3604
f  1889//3605 1957//3605 1890//3605
f  1957//3606 1951//3606 1890//3606
f  1953//3607 1958//3607 1893//3607
f  1958//3608 1941//3608 1893//3608
f  1928//3609 1959//3609 1944//3609
f  1959//3610 1960//3610 1944//3610
f  1960//3611 1930//3611 1944//3611
f  1961//3612 1912//3612 1946//3612
f  1945//3613 1961//3613 1946//3613
f  1773//3614 1924//3614 1917//3614
f  1913//3615 1775//3615 1828//3615
f  1962//3616 1924//3616 1773//3616
f  1834//2460 1962//2460 1773//2460
f  1913//3617 1963//3617 1775//3617
f  1963//3618 1964//3618 1775//3618
f  1964//2460 1836//2460 1775//2460
f  1960//3619 1965//3619 1930//3619
f  1965//3620 1954//3620 1930//3620
f  1966//3621 1967//3621 1933//3621
f  1967//3622 1968//3622 1933//3622
f  1968//3623 1945//3623 1933//3623
f  1932//3624 1966//3624 1933//3624
f  1961//3625 1969//3625 1912//3625
f  1969//3626 1916//3626 1912//3626
f  1923//3627 1970//3627 1840//3627
f  1970//3628 1929//3628 1840//3628
f  1929//3629 1971//3629 1876//3629
f  1971//3630 1888//3630 1876//3630
f  1829//3631 1972//3631 1782//3631
f  1972//3632 1880//3632 1782//3632
f  1973//3633 1906//3633 1874//3633
f  1916//3634 1973//3634 1874//3634
f  1974//3635 1957//3635 1889//3635
f  1939//3636 1974//3636 1889//3636
f  1958//3637 1975//3637 1941//3637
f  1975//3638 1942//3638 1941//3638
f  1976//3639 1977//3639 1826//3639
f  1977//3640 1934//3640 1826//3640
f  1871//3641 1976//3641 1826//3641
f  1978//3642 1909//3642 1872//3642
f  1979//3643 1978//3643 1872//3643
f  1936//3644 1979//3644 1872//3644
f  1921//3645 1980//3645 1928//3645
f  1980//3646 1959//3646 1928//3646
f  1981//3647 1927//3647 1853//3647
f  1927//3647 1748//3647 1853//3647
f  1770//2460 1981//2460 1853//2460
f  1622//3648 1982//3648 1854//3648
f  1983//2460 1770//2460 1854//2460
f  1982//2460 1983//2460 1854//2460
f  1806//3648 1982//3648 1622//3648
f  1906//3649 1984//3649 1852//3649
f  1984//3650 1905//3650 1852//3650
f  1985//3651 1914//3651 1838//3651
f  1888//3652 1985//3652 1838//3652
f  1986//3653 1980//3653 1921//3653
f  1919//3654 1986//3654 1921//3654
f  1968//3655 1961//3655 1945//3655
f  1940//3656 1987//3656 1939//3656
f  1987//3657 1974//3657 1939//3657
f  1975//3658 1988//3658 1942//3658
f  1988//3659 1956//3659 1942//3659
f  1905//3660 1989//3660 1842//3660
f  1989//3661 1903//3661 1842//3661
f  1959//3662 1965//3662 1960//3662
f  1918//3663 1990//3663 1919//3663
f  1990//3664 1986//3664 1919//3664
f  1903//3665 1991//3665 1833//3665
f  1991//3666 1900//3666 1833//3666
f  1992//3667 1993//3667 1954//3667
f  1993//3668 1994//3668 1954//3668
f  1994//3669 1995//3669 1954//3669
f  1995//3670 1940//3670 1954//3670
f  1965//3671 1992//3671 1954//3671
f  1996//3672 1997//3672 1932//3672
f  1998//3673 1996//3673 1932//3673
f  1997//3674 1966//3674 1932//3674
f  1955//3675 1998//3675 1932//3675
f  1967//3676 1961//3676 1968//3676
f  1999//3677 1947//3677 1843//3677
f  1877//3678 2000//3678 1843//3678
f  2000//3679 2001//3679 1843//3679
f  2001//3680 1999//3680 1843//3680
f  2002//3681 1938//3681 1878//3681
f  2003//3682 2002//3682 1878//3682
f  1949//3683 2003//3683 1878//3683
f  1995//3684 1987//3684 1940//3684
f  2004//3685 1955//3685 1956//3685
f  1988//3686 2005//3686 1956//3686
f  2005//3687 2004//3687 1956//3687
f  2006//3688 1990//3688 1918//3688
f  1915//3689 2006//3689 1918//3689
f  1914//3690 2007//3690 1915//3690
f  2007//3691 2006//3691 1915//3691
f  1959//3692 2008//3692 1965//3692
f  2008//3693 1992//3693 1965//3693
f  2009//3694 1961//3694 1967//3694
f  1966//3695 2009//3695 1967//3695
f  2010//3696 1805//3696 1804//3696
f  1837//2459 2010//2459 1804//2459
f  2010//3696 2011//3696 1805//3696
f  2011//2460 2012//2460 1805//2460
f  2012//2460 1806//2460 1805//2460
f  1880//3697 2013//3697 1816//3697
f  2013//3698 2014//3698 1816//3698
f  2014//3699 1830//3699 1816//3699
f  1994//3700 2015//3700 1995//3700
f  2015//3701 2016//3701 1995//3701
f  2016//3702 2017//3702 1995//3702
f  2017//3703 1987//3703 1995//3703
f  2018//3704 1998//3704 1955//3704
f  2004//3705 2018//3705 1955//3705
f  1997//3706 2009//3706 1966//3706
f  2019//3707 2020//3707 2021//3707
f  2022//3707 2019//3707 2021//3707
f  2023//2460 2022//2460 2021//2460
f  1566//2460 2023//2460 2021//2460
f  1895//3132 1566//3132 2021//3132
f  1894//3132 1895//3132 2021//3132
f  2020//3132 1894//3132 2021//3132
f  1564//3708 2023//3708 1566//3708
f  2020//3132 1868//3132 1894//3132
f  2019//2459 1868//2459 2020//2459
f  2024//3709 1870//3709 1868//3709
f  2019//2459 2024//2459 1868//2459
f  1963//3710 1913//3710 1832//3710
f  2025//3711 1963//3711 1832//3711
f  1920//3712 2025//3712 1832//3712
f  2008//3713 1993//3713 1992//3713
f  1996//3714 2026//3714 1997//3714
f  2027//3715 2009//3715 1997//3715
f  2026//3716 2027//3716 1997//3716
f  2028//3717 1994//3717 1993//3717
f  2008//3718 2028//3718 1993//3718
f  1907//3719 1976//3719 1871//3719
f  2029//3720 2030//3720 1909//3720
f  1978//3721 2029//3721 1909//3721
f  2030//3722 1908//3722 1909//3722
f  2014//3723 2031//3723 1830//3723
f  2031//3724 1920//3724 1830//3724
f  1971//3725 1985//3725 1888//3725
f  2009//3726 2032//3726 1961//3726
f  2032//3727 1969//3727 1961//3727
f  1922//3728 2033//3728 1923//3728
f  2033//3729 1970//3729 1923//3729
f  1962//3730 1922//3730 1924//3730
f  2034//3731 2026//3731 1996//3731
f  1998//3732 2034//3732 1996//3732
f  2028//3733 2035//3733 1994//3733
f  2035//3734 2015//3734 1994//3734
f  2028//3735 2036//3735 2035//3735
f  2036//3736 2015//3736 2035//3736
f  2037//3737 1971//3737 1929//3737
f  1970//3738 2037//3738 1929//3738
f  1980//3739 2038//3739 1959//3739
f  2038//3740 2008//3740 1959//3740
f  2039//3741 2026//3741 2034//3741
f  1998//3742 2039//3742 2034//3742
f  2040//3743 1976//3743 1907//3743
f  1952//3744 2041//3744 1907//3744
f  2041//3745 2042//3745 1907//3745
f  2042//3746 2040//3746 1907//3746
f  2043//3747 1953//3747 1908//3747
f  2030//3748 2043//3748 1908//3748
f  2044//3749 1973//3749 1916//3749
f  1969//3750 2044//3750 1916//3750
f  2045//3751 2026//3751 2039//3751
f  2046//3752 2045//3752 2039//3752
f  1998//3753 2046//3753 2039//3753
f  2036//3754 2047//3754 2015//3754
f  2047//3755 2048//3755 2015//3755
f  2048//3756 2016//3756 2015//3756
f  2049//3757 2050//3757 1998//3757
f  2050//3758 2046//3758 1998//3758
f  2018//3759 2049//3759 1998//3759
f  2028//3760 2047//3760 2036//3760
f  1935//3761 2051//3761 1877//3761
f  2051//3762 2000//3762 1877//3762
f  2002//3763 2052//3763 1938//3763
f  2052//3764 1937//3764 1938//3764
f  1986//3765 2053//3765 1980//3765
f  2053//3766 2038//3766 1980//3766
f  2054//3767 2027//3767 2026//3767
f  2045//3768 2054//3768 2026//3768
f  1951//3769 2041//3769 1952//3769
f  2055//3770 1958//3770 1953//3770
f  2056//3771 2055//3771 1953//3771
f  2043//3772 2056//3772 1953//3772
f  2008//3773 2057//3773 2028//3773
f  2058//3774 2047//3774 2028//3774
f  2059//3775 2058//3775 2028//3775
f  2057//3776 2059//3776 2028//3776
f  2016//3777 2060//3777 2017//3777
f  2060//3778 2061//3778 2017//3778
f  2061//3779 2062//3779 2017//3779
f  2062//3780 1987//3780 2017//3780
f  2063//3781 2064//3781 2004//3781
f  2064//3782 2018//3782 2004//3782
f  2005//3783 2065//3783 2004//3783
f  2065//3784 2063//3784 2004//3784
f  2066//3785 1984//3785 1906//3785
f  1973//3786 2066//3786 1906//3786
f  2050//3787 2045//3787 2046//3787
f  2067//3788 2068//3788 2016//3788
f  2068//3789 2060//3789 2016//3789
f  2048//3790 2069//3790 2016//3790
f  2069//3791 2070//3791 2016//3791
f  2070//3792 2067//3792 2016//3792
f  2071//3793 2072//3793 2018//3793
f  2072//3794 2073//3794 2018//3794
f  2074//3795 2071//3795 2018//3795
f  2075//3796 2074//3796 2018//3796
f  2076//3797 2075//3797 2018//3797
f  2073//3798 2049//3798 2018//3798
f  2064//3799 2076//3799 2018//3799
f  2058//3800 2048//3800 2047//3800
f  2077//3801 2078//3801 1951//3801
f  2079//3802 2077//3802 1951//3802
f  1957//3803 2079//3803 1951//3803
f  2078//3804 2041//3804 1951//3804
f  2080//3805 1975//3805 1958//3805
f  2055//3806 2080//3806 1958//3806
f  2081//3807 1974//3807 1987//3807
f  2062//3808 2081//3808 1987//3808
f  2082//3809 2065//3809 2005//3809
f  1988//3810 2082//3810 2005//3810
f  2049//3811 2045//3811 2050//3811
f  2058//3812 2069//3812 2048//3812
f  2083//3813 2079//3813 1974//3813
f  2081//3814 2084//3814 1974//3814
f  2084//3815 2083//3815 1974//3815
f  2079//3816 1957//3816 1974//3816
f  2085//3817 2082//3817 1988//3817
f  1975//3818 2085//3818 1988//3818
f  2086//3819 2085//3819 1975//3819
f  2080//3820 2086//3820 1975//3820
f  2087//3821 2088//3821 2089//3821
f  2090//3822 2091//3822 2089//3822
f  2088//3823 2090//3823 2089//3823
f  2091//3824 2092//3824 2089//3824
f  2093//3825 2087//3825 2089//3825
f  2092//3826 2093//3826 2089//3826
f  2075//3827 2003//3827 1949//3827
f  1950//3828 2075//3828 1949//3828
f  2075//3829 2002//3829 2003//3829
f  1690//3830 1999//3830 2001//3830
f  1693//3831 1690//3831 2001//3831
f  2000//3832 1693//3832 2001//3832
f  1948//3833 1690//3833 1897//3833
f  1690//3834 1896//3834 1897//3834
f  2075//3835 2052//3835 2002//3835
f  1947//3836 1690//3836 1948//3836
f  1690//3837 1947//3837 1999//3837
f  2051//3838 1693//3838 2000//3838
f  2075//3839 1937//3839 2052//3839
f  2061//3840 1697//3840 2062//3840
f  1697//3841 2081//3841 2062//3841
f  1935//3842 1693//3842 2051//3842
f  1690//3843 1867//3843 1896//3843
f  1697//3844 2084//3844 2081//3844
f  2060//3845 1697//3845 2061//3845
f  1898//3846 2075//3846 1950//3846
f  2085//3847 1936//3847 1937//3847
f  2082//3848 2085//3848 1937//3848
f  2076//3849 2064//3849 1937//3849
f  2064//3850 2063//3850 1937//3850
f  2063//3851 2065//3851 1937//3851
f  2065//3852 2082//3852 1937//3852
f  2075//3853 2076//3853 1937//3853
f  1934//3854 1693//3854 1935//3854
f  1695//3855 2040//3855 2042//3855
f  2041//3856 1695//3856 2042//3856
f  1695//3857 1976//3857 2040//3857
f  1697//3858 2083//3858 2084//3858
f  2094//3859 2095//3859 2096//3859
f  2093//3860 2094//3860 2096//3860
f  2019//3861 2093//3861 2096//3861
f  2095//3862 2019//3862 2096//3862
f  1977//3863 1693//3863 1934//3863
f  2022//3132 1525//3132 1522//3132
f  1520//3132 2022//3132 1522//3132
f  1668//3132 2022//3132 1520//3132
f  1662//3132 1668//3132 1520//3132
f  1521//3132 1653//3132 1520//3132
f  1653//3132 1657//3132 1520//3132
f  1657//3132 1662//3132 1520//3132
f  1523//3132 1653//3132 1521//3132
f  1524//3132 1653//3132 1523//3132
f  2022//3132 1526//3132 1525//3132
f  2022//3132 1528//3132 1526//3132
f  1659//3132 1653//3132 1524//3132
f  1527//3132 1659//3132 1524//3132
f  1665//3132 1659//3132 1527//3132
f  1530//3132 1665//3132 1527//3132
f  2022//3132 1529//3132 1528//3132
f  2022//3132 1533//3132 1529//3132
f  1531//3132 1665//3132 1530//3132
f  2022//3132 1534//3132 1533//3132
f  1532//3132 1665//3132 1531//3132
f  2022//3132 1535//3132 1534//3132
f  2022//3132 1536//3132 1535//3132
f  1537//3132 1665//3132 1532//3132
f  1538//3132 1665//3132 1537//3132
f  2022//3132 1539//3132 1536//3132
f  2022//3132 1541//3132 1539//3132
f  1669//3132 1665//3132 1538//3132
f  1540//3132 1669//3132 1538//3132
f  2022//3132 1543//3132 1541//3132
f  1542//3132 1669//3132 1540//3132
f  2022//3132 1545//3132 1543//3132
f  1544//3132 1669//3132 1542//3132
f  2022//3132 1546//3132 1545//3132
f  2022//3132 1548//3132 1546//3132
f  1547//3132 1669//3132 1544//3132
f  2022//3132 1550//3132 1548//3132
f  1681//3132 1669//3132 1547//3132
f  1549//3132 1681//3132 1547//3132
f  2022//3132 1553//3132 1550//3132
f  1551//3132 1681//3132 1549//3132
f  1552//3132 1681//3132 1551//3132
f  2022//3132 1554//3132 1553//3132
f  1678//3132 2022//3132 1668//3132
f  1684//3132 1681//3132 1552//3132
f  1555//3132 1684//3132 1552//3132
f  1559//3132 1558//3132 1554//3132
f  1564//3132 1559//3132 1554//3132
f  2022//3132 1564//3132 1554//3132
f  1556//3132 1684//3132 1555//3132
f  1557//3132 1684//3132 1556//3132
f  1683//3132 2022//3132 1678//3132
f  1560//3132 1684//3132 1557//3132
f  1564//3132 1561//3132 1559//3132
f  1562//3132 1684//3132 1560//3132
f  1562//3132 1687//3132 1684//3132
f  2019//3132 2022//3132 1683//3132
f  1686//3132 2019//3132 1683//3132
f  1563//3132 1687//3132 1562//3132
f  2022//3132 2023//3132 1564//3132
f  1887//3132 1687//3132 1563//3132
f  1887//3864 1824//3864 1687//3864
f  1824//3865 1825//3865 1687//3865
f  1825//3866 1867//3866 1687//3866
f  1867//3867 1690//3867 1687//3867
f  1689//3132 2019//3132 1686//3132
f  2095//3868 2097//3868 2019//3868
f  2097//3869 2098//3869 2019//3869
f  2098//3870 2074//3870 2019//3870
f  2074//3871 2075//3871 2019//3871
f  1870//3872 2024//3872 2019//3872
f  2075//3873 1870//3873 2019//3873
f  1689//3132 1692//3132 2019//3132
f  1692//3132 1694//3132 2019//3132
f  1694//3874 2093//3874 2019//3874
f  1977//3875 1695//3875 1693//3875
f  1977//3876 1976//3876 1695//3876
f  2041//3877 2078//3877 1695//3877
f  2078//3878 2077//3878 1695//3878
f  2077//3879 1697//3879 1695//3879
f  1696//3880 2093//3880 1694//3880
f  2060//3881 1699//3881 1697//3881
f  2077//3882 2079//3882 1697//3882
f  2079//3883 2083//3883 1697//3883
f  1698//3884 2093//3884 1696//3884
f  2060//3885 2068//3885 1699//3885
f  2068//3886 2067//3886 1699//3886
f  2067//3887 2099//3887 1699//3887
f  2099//3888 2100//3888 1699//3888
f  2100//3889 1700//3889 1699//3889
f  1700//3890 2087//3890 1698//3890
f  2087//3891 2093//3891 1698//3891
f  2101//3892 2088//3892 1700//3892
f  2088//3893 2087//3893 1700//3893
f  2100//3894 2102//3894 1700//3894
f  2102//3895 2101//3895 1700//3895
f  2103//3896 2097//3896 2095//3896
f  2094//3897 2103//3897 2095//3897
f  2067//3898 2104//3898 2099//3898
f  2104//3899 2100//3899 2099//3899
f  2030//3900 2056//3900 2043//3900
f  2105//3901 2098//3901 2097//3901
f  2103//3902 2105//3902 2097//3902
f  2104//3903 2102//3903 2100//3903
f  2104//3904 2106//3904 2102//3904
f  2106//3905 2107//3905 2102//3905
f  2107//3906 2101//3906 2102//3906
f  2107//3907 2088//3907 2101//3907
f  2075//3908 1869//3908 1870//3908
f  2029//3909 1979//3909 2030//3909
f  1979//3910 2056//3910 2030//3910
f  2085//3911 1979//3911 1936//3911
f  2105//3912 2074//3912 2098//3912
f  2070//3913 2104//3913 2067//3913
f  2029//3914 1978//3914 1979//3914
f  2055//3915 2056//3915 1979//3915
f  2080//3916 2055//3916 1979//3916
f  2085//3917 2086//3917 1979//3917
f  2086//3918 2080//3918 1979//3918
f  1898//3919 1899//3919 2075//3919
f  1899//3920 1869//3920 2075//3920
f  2105//3921 2071//3921 2074//3921
f  2092//3922 2094//3922 2093//3922
f  2107//3923 2090//3923 2088//3923
f  2108//3924 2053//3924 1986//3924
f  1990//3925 2108//3925 1986//3925
f  2106//3926 2109//3926 2107//3926
f  2109//3927 2110//3927 2107//3927
f  2110//3928 2090//3928 2107//3928
f  2111//3929 2103//3929 2094//3929
f  2092//3930 2112//3930 2094//3930
f  2112//3931 2111//3931 2094//3931
f  2027//3932 2113//3932 2009//3932
f  2113//3933 2032//3933 2009//3933
f  2114//3934 2106//3934 2104//3934
f  2070//3935 2115//3935 2104//3935
f  2115//3936 2116//3936 2104//3936
f  2116//3937 2114//3937 2104//3937
f  2103//3938 2117//3938 2105//3938
f  2117//3939 2118//3939 2105//3939
f  2118//3940 2071//3940 2105//3940
f  2090//3941 2119//3941 2091//3941
f  2119//3942 2092//3942 2091//3942
f  2119//3943 2120//3943 2092//3943
f  2120//3944 2112//3944 2092//3944
f  2121//3945 2111//3945 2112//3945
f  2120//3946 2121//3946 2112//3946
f  2110//3947 2122//3947 2090//3947
f  2122//3948 2120//3948 2090//3948
f  2120//3949 2119//3949 2090//3949
f  2073//3950 2045//3950 2049//3950
f  2058//3951 2123//3951 2069//3951
f  2123//3952 2070//3952 2069//3952
f  1984//3953 2124//3953 1905//3953
f  2124//3954 1989//3954 1905//3954
f  2038//3955 2125//3955 2008//3955
f  2125//3956 2057//3956 2008//3956
f  2123//3957 2126//3957 2070//3957
f  2126//3958 2115//3958 2070//3958
f  2118//3959 2127//3959 2071//3959
f  2127//3960 2072//3960 2071//3960
f  2072//3961 2045//3961 2073//3961
f  2127//3962 2045//3962 2072//3962
f  2121//3963 2128//3963 2111//3963
f  2128//3964 2103//3964 2111//3964
f  2058//3965 2126//3965 2123//3965
f  2109//3966 2122//3966 2110//3966
f  2129//2460 1962//2460 1834//2460
f  2130//3967 2129//3967 1834//3967
f  1835//3967 2130//3967 1834//3967
f  1964//2460 2131//2460 1836//2460
f  2131//3968 1837//3968 1836//3968
f  1926//2459 2130//2459 1835//2459
f  2131//3968 2132//3968 1837//3968
f  2132//2459 2010//2459 1837//2459
f  2058//3969 2115//3969 2126//3969
f  2133//3970 2117//3970 2128//3970
f  2121//3971 2133//3971 2128//3971
f  2117//3972 2103//3972 2128//3972
f  1900//3973 2134//3973 1829//3973
f  2134//3974 1972//3974 1829//3974
f  2114//3975 2109//3975 2106//3975
f  2013//3976 2135//3976 2014//3976
f  2135//3977 2031//3977 2014//3977
f  2136//3978 2122//3978 2109//3978
f  2114//3979 2136//3979 2109//3979
f  2136//3980 2116//3980 2115//3980
f  2058//3981 2136//3981 2115//3981
f  2133//3982 2045//3982 2127//3982
f  2118//3983 2133//3983 2127//3983
f  2136//3984 2114//3984 2116//3984
f  2133//3985 2118//3985 2117//3985
f  2006//3986 2137//3986 1990//3986
f  2137//3987 2108//3987 1990//3987
f  1989//3988 2138//3988 1903//3988
f  2138//3989 1991//3989 1903//3989
f  2037//3990 2139//3990 1971//3990
f  2139//3991 1985//3991 1971//3991
f  2140//3992 2007//3992 1914//3992
f  1985//3993 2140//3993 1914//3993
f  2033//3994 2141//3994 1970//3994
f  2141//3995 2037//3995 1970//3995
f  2133//3996 2142//3996 2045//3996
f  2142//3997 2143//3997 2045//3997
f  2143//3998 2054//3998 2045//3998
f  2059//3999 2144//3999 2058//3999
f  2144//4000 2145//4000 2058//4000
f  2145//4001 2136//4001 2058//4001
f  2146//4002 2137//4002 2006//4002
f  2007//4003 2146//4003 2006//4003
f  2147//4004 2148//4004 2120//4004
f  2122//4005 2147//4005 2120//4005
f  2148//4006 2121//4006 2120//4006
f  2149//4007 2044//4007 1969//4007
f  2032//4008 2149//4008 1969//4008
f  2136//4009 2147//4009 2122//4009
f  2148//4010 2150//4010 2121//4010
f  2142//4011 2133//4011 2121//4011
f  2150//4012 2142//4012 2121//4012
f  2053//4013 2151//4013 2038//4013
f  2151//4014 2125//4014 2038//4014
f  2054//4015 2152//4015 2027//4015
f  2152//4016 2113//4016 2027//4016
f  2145//4017 2147//4017 2136//4017
f  2153//4018 2059//4018 2057//4018
f  2125//4019 2153//4019 2057//4019
f  2147//4020 2154//4020 2148//4020
f  2154//4021 2150//4021 2148//4021
f  2155//4022 2154//4022 2147//4022
f  2145//4023 2155//4023 2147//4023
f  2155//4024 2156//4024 2154//4024
f  2157//4025 2150//4025 2154//4025
f  2156//4026 2157//4026 2154//4026
f  2158//4027 2142//4027 2150//4027
f  2157//4028 2158//4028 2150//4028
f  1972//4029 2159//4029 1880//4029
f  2159//4030 2013//4030 1880//4030
f  2160//4031 2066//4031 1973//4031
f  2044//4032 2160//4032 1973//4032
f  2158//4033 2143//4033 2142//4033
f  2161//4034 2155//4034 2145//4034
f  2144//4035 2161//4035 2145//4035
f  2143//4036 2152//4036 2054//4036
f  2153//4037 2162//4037 2059//4037
f  2162//4038 2163//4038 2059//4038
f  2163//4039 2144//4039 2059//4039
f  2108//4040 2164//4040 2053//4040
f  2164//4041 2151//4041 2053//4041
f  2139//4042 2140//4042 1985//4042
f  2165//4043 2025//4043 1920//4043
f  2031//4044 2166//4044 1920//4044
f  2166//4045 2167//4045 1920//4045
f  2167//4046 2165//4046 1920//4046
f  2135//4047 2168//4047 2031//4047
f  2168//4048 2166//4048 2031//4048
f  2169//4049 2149//4049 2032//4049
f  2113//4050 2169//4050 2032//4050
f  2025//4051 1964//4051 1963//4051
f  2158//4052 2170//4052 2143//4052
f  2170//4053 2152//4053 2143//4053
f  2171//4054 2161//4054 2144//4054
f  2163//4055 2171//4055 2144//4055
f  2172//4056 2153//4056 2125//4056
f  2151//4057 2172//4057 2125//4057
f  2173//4058 2174//4058 2033//4058
f  1922//4059 2175//4059 2033//4059
f  2175//4060 2176//4060 2033//4060
f  2176//4061 2173//4061 2033//4061
f  2174//4062 2141//4062 2033//4062
f  2177//4063 2139//4063 2037//4063
f  2141//4064 2177//4064 2037//4064
f  2155//4065 2178//4065 2156//4065
f  2178//4066 2157//4066 2156//4066
f  2179//4067 2124//4067 1984//4067
f  2066//4068 2179//4068 1984//4068
f  1962//4069 2175//4069 1922//4069
f  2180//4070 2178//4070 2155//4070
f  2161//4071 2180//4071 2155//4071
f  2178//4072 2181//4072 2157//4072
f  2182//4073 2158//4073 2157//4073
f  2181//4074 2182//4074 2157//4074
f  2182//4075 2170//4075 2158//4075
f  2171//4076 2180//4076 2161//4076
f  2183//4077 2164//4077 2108//4077
f  2137//4078 2183//4078 2108//4078
f  2180//4079 2184//4079 2178//4079
f  2184//4080 2181//4080 2178//4080
f  2124//4081 2185//4081 1989//4081
f  2185//4082 2138//4082 1989//4082
f  2186//4083 2169//4083 2113//4083
f  2152//4084 2186//4084 2113//4084
f  1991//4085 2187//4085 1900//4085
f  2187//4086 2134//4086 1900//4086
f  2182//4087 2188//4087 2170//4087
f  2188//4088 2152//4088 2170//4088
f  2146//4089 2189//4089 2137//4089
f  2189//4090 2183//4090 2137//4090
f  2172//4091 2190//4091 2153//4091
f  2190//4092 2162//4092 2153//4092
f  2191//4093 2192//4093 1981//4093
f  2192//4093 1927//4093 1981//4093
f  1770//2460 2191//2460 1981//2460
f  1806//4094 1983//4094 1982//4094
f  2192//2460 1925//2460 1927//2460
f  2012//4094 1983//4094 1806//4094
f  2193//4095 2171//4095 2163//4095
f  2194//4096 2193//4096 2163//4096
f  2162//4097 2194//4097 2163//4097
f  2195//4098 2160//4098 2044//4098
f  2149//4099 2195//4099 2044//4099
f  2196//4100 2146//4100 2007//4100
f  2140//4101 2196//4101 2007//4101
f  2197//4102 2172//4102 2151//4102
f  2164//4103 2197//4103 2151//4103
f  2180//4104 2198//4104 2184//4104
f  2198//4105 2181//4105 2184//4105
f  2159//4106 2199//4106 2013//4106
f  2199//4107 2135//4107 2013//4107
f  2200//4108 2198//4108 2180//4108
f  2171//4109 2200//4109 2180//4109
f  2198//4110 2201//4110 2181//4110
f  2202//4111 2182//4111 2181//4111
f  2201//4112 2202//4112 2181//4112
f  2168//4113 2203//4113 2166//4113
f  2203//4114 2167//4114 2166//4114
f  2202//4115 2188//4115 2182//4115
f  2193//4116 2200//4116 2171//4116
f  1925//4117 2204//4117 1926//4117
f  2204//4117 2205//4117 1926//4117
f  2205//2459 2130//2459 1926//2459
f  2192//2460 2204//2460 1925//2460
f  2177//4118 2206//4118 2139//4118
f  2206//4119 2140//4119 2139//4119
f  2188//4120 2207//4120 2152//4120
f  2207//4121 2186//4121 2152//4121
f  2174//4122 2208//4122 2141//4122
f  2208//4123 2177//4123 2141//4123
f  2190//4124 2209//4124 2162//4124
f  2209//4125 2194//4125 2162//4125
f  2210//4126 2179//4126 2066//4126
f  2160//4127 2210//4127 2066//4127
f  2202//4128 2211//4128 2188//4128
f  2211//4129 2207//4129 2188//4129
f  2212//4130 2193//4130 2194//4130
f  2213//4131 2212//4131 2194//4131
f  2209//4132 2213//4132 2194//4132
f  2214//4133 2197//4133 2164//4133
f  2183//4134 2214//4134 2164//4134
f  2200//4135 2215//4135 2198//4135
f  2215//4136 2201//4136 2198//4136
f  2216//4137 2195//4137 2149//4137
f  2169//4138 2216//4138 2149//4138
f  2134//4139 2217//4139 1972//4139
f  2217//4140 2159//4140 1972//4140
f  2197//4141 2218//4141 2172//4141
f  2218//4142 2190//4142 2172//4142
f  2200//4143 2219//4143 2215//4143
f  2219//4144 2201//4144 2215//4144
f  2220//4145 2221//4145 2200//4145
f  2221//4146 2219//4146 2200//4146
f  2193//4147 2220//4147 2200//4147
f  2219//4148 2222//4148 2201//4148
f  2223//4149 2202//4149 2201//4149
f  2222//4150 2223//4150 2201//4150
f  2223//4151 2211//4151 2202//4151
f  2212//4152 2220//4152 2193//4152
f  2206//4153 2196//4153 2140//4153
f  1962//4154 2176//4154 2175//4154
f  2165//4155 1964//4155 2025//4155
f  2224//4156 2176//4156 1962//4156
f  2129//2460 2224//2460 1962//2460
f  2225//4157 2226//4157 1964//4157
f  2227//4158 2225//4158 1964//4158
f  2165//4159 2227//4159 1964//4159
f  2226//2460 2131//2460 1964//2460
f  2228//4160 2185//4160 2124//4160
f  2179//4161 2228//4161 2124//4161
f  2199//4162 2229//4162 2135//4162
f  2229//4163 2168//4163 2135//4163
f  2203//4164 2227//4164 2167//4164
f  2227//4165 2165//4165 2167//4165
f  2230//4166 2214//4166 2183//4166
f  2189//4167 2230//4167 2183//4167
f  2231//4168 2206//4168 2177//4168
f  2208//4169 2231//4169 2177//4169
f  2173//4170 2232//4170 2174//4170
f  2232//4171 2233//4171 2174//4171
f  2233//4172 2208//4172 2174//4172
f  2224//4173 2173//4173 2176//4173
f  2234//4174 2216//4174 2169//4174
f  2186//4175 2234//4175 2169//4175
f  2138//4176 2235//4176 1991//4176
f  2235//4177 2187//4177 1991//4177
f  2218//4178 2236//4178 2190//4178
f  2236//4179 2209//4179 2190//4179
f  2237//4180 2210//4180 2160//4180
f  2195//4181 2237//4181 2160//4181
f  2238//4182 2189//4182 2146//4182
f  2196//4183 2238//4183 2146//4183
f  2214//4184 2239//4184 2197//4184
f  2239//4185 2218//4185 2197//4185
f  2240//4186 2011//4186 2010//4186
f  2132//2459 2240//2459 2010//2459
f  2240//4186 2241//4186 2011//4186
f  2241//2460 2242//2460 2011//2460
f  2242//2460 2012//2460 2011//2460
f  2217//4187 2243//4187 2159//4187
f  2243//4188 2199//4188 2159//4188
f  2221//4189 2244//4189 2219//4189
f  2244//4190 2222//4190 2219//4190
f  2207//4191 2245//4191 2186//4191
f  2245//4192 2234//4192 2186//4192
f  2236//4193 2246//4193 2209//4193
f  2246//4194 2213//4194 2209//4194
f  2229//4195 2247//4195 2168//4195
f  2247//4196 2203//4196 2168//4196
f  2231//4197 2248//4197 2206//4197
f  2248//4198 2196//4198 2206//4198
f  2233//4199 2249//4199 2208//4199
f  2249//4200 2231//4200 2208//4200
f  2250//4201 2228//4201 2179//4201
f  2210//4202 2250//4202 2179//4202
f  2211//4203 2251//4203 2207//4203
f  2251//4204 2245//4204 2207//4204
f  2252//4205 2212//4205 2213//4205
f  2246//4206 2252//4206 2213//4206
f  2253//4207 2239//4207 2214//4207
f  2230//4208 2253//4208 2214//4208
f  2254//4209 2237//4209 2195//4209
f  2216//4210 2254//4210 2195//4210
f  2187//4211 2255//4211 2134//4211
f  2255//4212 2217//4212 2134//4212
f  2239//4213 2256//4213 2218//4213
f  2256//4214 2236//4214 2218//4214
f  2223//4215 2257//4215 2211//4215
f  2257//4216 2251//4216 2211//4216
f  2258//4217 2220//4217 2212//4217
f  2252//4218 2258//4218 2212//4218
f  2259//2460 2224//2460 2129//2460
f  2260//4219 2259//4219 2129//4219
f  2130//4219 2260//4219 2129//4219
f  2226//2460 2261//2460 2131//2460
f  2261//4220 2132//4220 2131//4220
f  2205//2459 2260//2459 2130//2459
f  2261//4220 2262//4220 2132//4220
f  2262//2459 2263//2459 2132//2459
f  2263//2459 2240//2459 2132//2459
f  2248//4221 2238//4221 2196//4221
f  2222//4222 2257//4222 2223//4222
f  2258//4223 2264//4223 2220//4223
f  2264//4224 2221//4224 2220//4224
f  2221//4225 2265//4225 2244//4225
f  2265//4226 2222//4226 2244//4226
f  2264//4227 2266//4227 2221//4227
f  2266//4228 2265//4228 2221//4228
f  2265//4229 2267//4229 2222//4229
f  2267//4230 2257//4230 2222//4230
f  2243//4231 2268//4231 2199//4231
f  2268//4232 2229//4232 2199//4232
f  2185//4233 2235//4233 2138//4233
f  2247//4234 2225//4234 2203//4234
f  2225//4235 2227//4235 2203//4235
f  2269//4236 2248//4236 2231//4236
f  2249//4237 2269//4237 2231//4237
f  2270//4238 2230//4238 2189//4238
f  2271//4239 2270//4239 2189//4239
f  2238//4240 2271//4240 2189//4240
f  2272//4241 2254//4241 2216//4241
f  2234//4242 2272//4242 2216//4242
f  2232//4243 2273//4243 2233//4243
f  2273//4244 2249//4244 2233//4244
f  2256//4245 2274//4245 2236//4245
f  2274//4246 2246//4246 2236//4246
f  2224//4247 2232//4247 2173//4247
f  2275//4248 2250//4248 2210//4248
f  2237//4249 2275//4249 2210//4249
f  2276//4250 2277//4250 2191//4250
f  2277//4250 2192//4250 2191//4250
f  1770//2460 2276//2460 2191//2460
f  2012//4251 1770//4251 1983//4251
f  2277//2460 2204//2460 2192//2460
f  2278//4251 1770//4251 2012//4251
f  2242//2460 2278//2460 2012//2460
f  2266//4252 2279//4252 2265//4252
f  2279//4253 2267//4253 2265//4253
f  2253//4254 2280//4254 2239//4254
f  2280//4255 2256//4255 2239//4255
f  2255//4256 2281//4256 2217//4256
f  2281//4257 2243//4257 2217//4257
f  2245//4258 2282//4258 2234//4258
f  2282//4259 2272//4259 2234//4259
f  2269//4260 2283//4260 2248//4260
f  2283//4261 2238//4261 2248//4261
f  2274//4262 2284//4262 2246//4262
f  2284//4263 2252//4263 2246//4263
f  2268//4264 2285//4264 2229//4264
f  2285//4265 2247//4265 2229//4265
f  2273//4266 2286//4266 2249//4266
f  2286//4267 2269//4267 2249//4267
f  2235//4268 2287//4268 2187//4268
f  2287//4269 2255//4269 2187//4269
f  2251//4270 2288//4270 2245//4270
f  2288//4271 2282//4271 2245//4271
f  2289//4272 2275//4272 2237//4272
f  2254//4273 2289//4273 2237//4273
f  2290//4274 2258//4274 2252//4274
f  2284//4275 2290//4275 2252//4275
f  2283//4276 2271//4276 2238//4276
f  2291//4277 2235//4277 2185//4277
f  2292//4278 2291//4278 2185//4278
f  2228//4279 2292//4279 2185//4279
f  2280//4280 2293//4280 2256//4280
f  2293//4281 2274//4281 2256//4281
f  2270//4282 2253//4282 2230//4282
f  2257//4283 2294//4283 2251//4283
f  2294//4284 2288//4284 2251//4284
f  2290//4285 2295//4285 2258//4285
f  2295//4286 2264//4286 2258//4286
f  2204//4287 2296//4287 2205//4287
f  2296//4287 2297//4287 2205//4287
f  2297//2459 2260//2459 2205//2459
f  2277//2460 2296//2460 2204//2460
f  2281//4288 2298//4288 2243//4288
f  2298//4289 2268//4289 2243//4289
f  2285//4290 2299//4290 2247//4290
f  2299//4291 2300//4291 2247//4291
f  2300//4292 2225//4292 2247//4292
f  2301//4293 2294//4293 2257//4293
f  2267//4294 2301//4294 2257//4294
f  2295//4295 2302//4295 2264//4295
f  2302//4296 2303//4296 2264//4296
f  2303//4297 2266//4297 2264//4297
f  2304//4298 2283//4298 2269//4298
f  2286//4299 2304//4299 2269//4299
f  2305//4300 2226//4300 2225//4300
f  2300//4301 2305//4301 2225//4301
f  2232//4302 2306//4302 2273//4302
f  2306//4303 2307//4303 2273//4303
f  2307//4304 2308//4304 2273//4304
f  2308//4305 2309//4305 2273//4305
f  2309//4306 2286//4306 2273//4306
f  2310//4307 2311//4307 2267//4307
f  2279//4308 2310//4308 2267//4308
f  2311//4309 2301//4309 2267//4309
f  2310//4310 2279//4310 2266//4310
f  2303//4311 2312//4311 2266//4311
f  2312//4312 2313//4312 2266//4312
f  2313//4313 2310//4313 2266//4313
f  2314//4314 2289//4314 2254//4314
f  2272//4315 2314//4315 2254//4315
f  2224//4316 2306//4316 2232//4316
f  2293//4317 2315//4317 2274//4317
f  2315//4318 2284//4318 2274//4318
f  2313//4319 2311//4319 2310//4319
f  2287//4320 2316//4320 2255//4320
f  2316//4321 2281//4321 2255//4321
f  2224//4322 2317//4322 2306//4322
f  2317//4323 2307//4323 2306//4323
f  2318//4324 2319//4324 2305//4324
f  2319//4325 2226//4325 2305//4325
f  2300//4326 2318//4326 2305//4326
f  2259//2460 2317//2460 2224//2460
f  2319//2460 2261//2460 2226//2460
f  2304//4327 2320//4327 2283//4327
f  2320//4328 2271//4328 2283//4328
f  2298//4329 2321//4329 2268//4329
f  2321//4330 2285//4330 2268//4330
f  2322//4331 2292//4331 2228//4331
f  2250//4332 2322//4332 2228//4332
f  2299//4333 2323//4333 2300//4333
f  2323//4334 2318//4334 2300//4334
f  2291//4335 2324//4335 2235//4335
f  2324//4336 2325//4336 2235//4336
f  2325//4337 2287//4337 2235//4337
f  2282//4338 2326//4338 2272//4338
f  2326//4339 2314//4339 2272//4339
f  2309//4340 2327//4340 2286//4340
f  2327//4341 2304//4341 2286//4341
f  2328//4342 2280//4342 2253//4342
f  2270//4343 2328//4343 2253//4343
f  2315//4344 2329//4344 2284//4344
f  2329//4345 2290//4345 2284//4345
f  2330//4346 2324//4346 2291//4346
f  2292//4347 2330//4347 2291//4347
f  2320//4348 2331//4348 2271//4348
f  2331//4349 2270//4349 2271//4349
f  2331//4350 2328//4350 2270//4350
f  2262//3707 2242//3707 2263//3707
f  2241//3132 2240//3132 2263//3132
f  2242//3132 2241//3132 2263//3132
f  2262//3707 2332//3707 2242//3707
f  2332//2460 2333//2460 2242//2460
f  2333//2460 2278//2460 2242//2460
f  2288//4351 2334//4351 2282//4351
f  2334//4352 2326//4352 2282//4352
f  2316//4353 2335//4353 2281//4353
f  2335//4354 2298//4354 2281//4354
f  2329//4355 2336//4355 2290//4355
f  2336//4356 2295//4356 2290//4356
f  2321//4357 2337//4357 2285//4357
f  2337//4358 2299//4358 2285//4358
f  2338//4359 2320//4359 2304//4359
f  2327//4360 2338//4360 2304//4360
f  2317//4361 2308//4361 2307//4361
f  2323//4362 2319//4362 2318//4362
f  1770//2460 2339//2460 2276//2460
f  2339//2460 2340//2460 2276//2460
f  2340//2460 2341//2460 2276//2460
f  2341//4363 2342//4363 2276//4363
f  2342//4363 2277//4363 2276//4363
f  2278//4364 2339//4364 1770//4364
f  2343//4365 2308//4365 2317//4365
f  2259//2460 2343//2460 2317//2460
f  2344//4366 2345//4366 2259//4366
f  2260//4366 2344//4366 2259//4366
f  2345//2460 2343//2460 2259//2460
f  2346//4367 2262//4367 2261//4367
f  2319//2460 2347//2460 2261//2460
f  2347//2460 2346//2460 2261//2460
f  2323//4368 2347//4368 2319//4368
f  2297//2459 2344//2459 2260//2459
f  2346//4367 2348//4367 2262//4367
f  2349//3707 2332//3707 2262//3707
f  2348//2459 2349//2459 2262//2459
f  2342//2460 2296//2460 2277//2460
f  2333//4364 2339//4364 2278//4364
f  2350//4369 2351//4369 2309//4369
f  2308//4370 2352//4370 2309//4370
f  2352//4371 2350//4371 2309//4371
f  2351//4372 2353//4372 2309//4372
f  2353//4373 2327//4373 2309//4373
f  2294//4374 2354//4374 2288//4374
f  2354//4375 2334//4375 2288//4375
f  2336//4376 2355//4376 2295//4376
f  2355//4377 2302//4377 2295//4377
f  2343//4378 2352//4378 2308//4378
f  2356//4379 2322//4379 2250//4379
f  2275//4380 2356//4380 2250//4380
f  2325//4381 2357//4381 2287//4381
f  2357//4382 2316//4382 2287//4382
f  2358//4383 2293//4383 2280//4383
f  2328//4384 2358//4384 2280//4384
f  2359//4385 2354//4385 2294//4385
f  2301//4386 2359//4386 2294//4386
f  2338//4387 2360//4387 2320//4387
f  2360//4388 2331//4388 2320//4388
f  2355//4389 2361//4389 2302//4389
f  2361//4390 2303//4390 2302//4390
f  2362//4391 2330//4391 2292//4391
f  2322//4392 2362//4392 2292//4392
f  2330//4393 2363//4393 2324//4393
f  2363//4394 2325//4394 2324//4394
f  2364//4395 2332//4395 2349//4395
f  2348//2459 2364//2459 2349//2459
f  2365//4396 2366//4396 2364//4396
f  2366//4395 2332//4395 2364//4395
f  2348//2459 2365//2459 2364//2459
f  2367//2460 2333//2460 2332//2460
f  2368//2460 2367//2460 2332//2460
f  2366//2460 2368//2460 2332//2460
f  2365//4396 2369//4396 2366//4396
f  2369//2460 2368//2460 2366//2460
f  2370//4397 2359//4397 2301//4397
f  2311//4398 2370//4398 2301//4398
f  2335//4399 2371//4399 2298//4399
f  2371//4400 2321//4400 2298//4400
f  2361//4401 2372//4401 2303//4401
f  2372//4402 2312//4402 2303//4402
f  2373//4403 2358//4403 2328//4403
f  2331//4404 2373//4404 2328//4404
f  2360//4405 2373//4405 2331//4405
f  2374//4406 2375//4406 2311//4406
f  2313//4407 2374//4407 2311//4407
f  2375//4408 2370//4408 2311//4408
f  2337//4409 2376//4409 2299//4409
f  2376//4410 2323//4410 2299//4410
f  2372//4411 2377//4411 2312//4411
f  2377//4412 2378//4412 2312//4412
f  2378//4413 2374//4413 2312//4413
f  2374//4414 2313//4414 2312//4414
f  2353//4415 2379//4415 2327//4415
f  2379//4416 2338//4416 2327//4416
f  2378//4417 2380//4417 2374//4417
f  2380//4418 2375//4418 2374//4418
f  2343//4419 2350//4419 2352//4419
f  2376//4420 2347//4420 2323//4420
f  2381//4421 2350//4421 2343//4421
f  2345//2460 2381//2460 2343//2460
f  2376//4422 2382//4422 2347//4422
f  2382//2460 2346//2460 2347//2460
f  2383//4423 2356//4423 2275//4423
f  2289//4424 2383//4424 2275//4424
f  2357//4425 2384//4425 2316//4425
f  2384//4426 2335//4426 2316//4426
f  2385//4427 2315//4427 2293//4427
f  2358//4428 2385//4428 2293//4428
f  2386//4429 2360//4429 2338//4429
f  2379//4430 2386//4430 2338//4430
f  2371//4431 2387//4431 2321//4431
f  2387//4432 2337//4432 2321//4432
f  2388//4433 2382//4433 2376//4433
f  2337//4434 2388//4434 2376//4434
f  2351//4435 2389//4435 2353//4435
f  2389//4436 2379//4436 2353//4436
f  2363//4437 2390//4437 2325//4437
f  2390//4438 2357//4438 2325//4438
f  2381//4439 2391//4439 2350//4439
f  2391//4440 2351//4440 2350//4440
f  2392//4441 2362//4441 2322//4441
f  2356//4442 2392//4442 2322//4442
f  2296//4443 2393//4443 2297//4443
f  2393//4443 2394//4443 2297//4443
f  2394//2459 2344//2459 2297//2459
f  2342//2460 2393//2460 2296//2460
f  2386//4444 2395//4444 2360//4444
f  2395//4445 2373//4445 2360//4445
f  2362//4446 2396//4446 2330//4446
f  2396//4447 2363//4447 2330//4447
f  2397//4448 2385//4448 2358//4448
f  2373//4449 2397//4449 2358//4449
f  2395//4450 2397//4450 2373//4450
f  2384//4451 2398//4451 2335//4451
f  2398//4452 2371//4452 2335//4452
f  2399//4453 2383//4453 2289//4453
f  2314//4454 2399//4454 2289//4454
f  2387//4455 2388//4455 2337//4455
f  2400//4456 2329//4456 2315//4456
f  2385//4457 2400//4457 2315//4457
f  2389//4458 2401//4458 2379//4458
f  2401//4459 2386//4459 2379//4459
f  2402//4460 2403//4460 2351//4460
f  2391//4461 2402//4461 2351//4461
f  2403//4462 2389//4462 2351//4462
f  2390//4463 2404//4463 2357//4463
f  2404//4464 2384//4464 2357//4464
f  2405//4465 2392//4465 2356//4465
f  2383//4466 2405//4466 2356//4466
f  2340//2460 2406//2460 2341//2460
f  2406//4467 2407//4467 2341//4467
f  2407//4467 2342//4467 2341//4467
f  2333//4468 2340//4468 2339//4468
f  2407//2460 2408//2460 2342//2460
f  2408//2460 2393//2460 2342//2460
f  2367//4468 2340//4468 2333//4468
f  2409//4469 2395//4469 2386//4469
f  2401//4470 2409//4470 2386//4470
f  2398//4471 2410//4471 2371//4471
f  2410//4472 2387//4472 2371//4472
f  2326//4473 2411//4473 2314//4473
f  2411//4474 2399//4474 2314//4474
f  2412//4475 2400//4475 2385//4475
f  2397//4476 2412//4476 2385//4476
f  2413//4477 2382//4477 2388//4477
f  2387//4478 2413//4478 2388//4478
f  2414//4479 2336//4479 2329//4479
f  2400//4480 2414//4480 2329//4480
f  2396//4481 2415//4481 2363//4481
f  2415//4482 2390//4482 2363//4482
f  2403//4483 2416//4483 2389//4483
f  2416//4484 2401//4484 2389//4484
f  2392//4485 2417//4485 2362//4485
f  2417//4486 2396//4486 2362//4486
f  2381//4487 2402//4487 2391//4487
f  2409//4488 2418//4488 2395//4488
f  2418//4489 2397//4489 2395//4489
f  2418//4490 2412//4490 2397//4490
f  2419//4491 2420//4491 2345//4491
f  2344//4491 2419//4491 2345//4491
f  2420//2460 2381//2460 2345//2460
f  2421//4492 2348//4492 2346//4492
f  2382//2460 2421//2460 2346//2460
f  2394//2459 2419//2459 2344//2459
f  2421//4492 2422//4492 2348//4492
f  2422//2459 2365//2459 2348//2459
f  2404//4493 2423//4493 2384//4493
f  2423//4494 2398//4494 2384//4494
f  2334//4495 2424//4495 2326//4495
f  2424//4496 2411//4496 2326//4496
f  2410//4497 2425//4497 2387//4497
f  2425//4498 2413//4498 2387//4498
f  2426//4499 2355//4499 2336//4499
f  2414//4500 2426//4500 2336//4500
f  2416//4501 2427//4501 2401//4501
f  2427//4502 2409//4502 2401//4502
f  2428//4503 2405//4503 2383//4503
f  2399//4504 2428//4504 2383//4504
f  2402//4505 2429//4505 2403//4505
f  2429//4506 2430//4506 2403//4506
f  2430//4507 2416//4507 2403//4507
f  2431//4508 2414//4508 2400//4508
f  2412//4509 2431//4509 2400//4509
f  2432//4510 2369//4510 2365//4510
f  2422//2459 2432//2459 2365//2459
f  2432//4510 2433//4510 2369//4510
f  2433//2460 2368//2460 2369//2460
f  2415//4511 2434//4511 2390//4511
f  2434//4512 2404//4512 2390//4512
f  2354//4513 2435//4513 2334//4513
f  2435//4514 2424//4514 2334//4514
f  2436//4515 2418//4515 2409//4515
f  2427//4516 2436//4516 2409//4516
f  2437//4517 2361//4517 2355//4517
f  2426//4518 2437//4518 2355//4518
f  2405//4519 2438//4519 2392//4519
f  2438//4520 2417//4520 2392//4520
f  2417//4521 2439//4521 2396//4521
f  2439//4522 2415//4522 2396//4522
f  2423//4523 2440//4523 2398//4523
f  2440//4524 2410//4524 2398//4524
f  2425//4525 2382//4525 2413//4525
f  2441//4526 2431//4526 2412//4526
f  2418//4527 2441//4527 2412//4527
f  2436//4528 2441//4528 2418//4528
f  2430//4529 2442//4529 2416//4529
f  2442//4530 2427//4530 2416//4530
f  2381//4531 2429//4531 2402//4531
f  2443//4532 2382//4532 2425//4532
f  2410//4533 2443//4533 2425//4533
f  2444//4534 2429//4534 2381//4534
f  2420//2460 2444//2460 2381//2460
f  2443//4535 2445//4535 2382//4535
f  2445//4536 2446//4536 2382//4536
f  2446//2460 2421//2460 2382//2460
f  2447//4537 2435//4537 2354//4537
f  2359//4538 2447//4538 2354//4538
f  2411//4539 2448//4539 2399//4539
f  2448//4540 2428//4540 2399//4540
f  2449//4541 2372//4541 2361//4541
f  2437//4542 2449//4542 2361//4542
f  2450//4543 2426//4543 2414//4543
f  2431//4544 2450//4544 2414//4544
f  2434//4545 2451//4545 2404//4545
f  2451//4546 2423//4546 2404//4546
f  2452//4547 2447//4547 2359//4547
f  2370//4548 2452//4548 2359//4548
f  2453//4549 2377//4549 2372//4549
f  2449//4550 2453//4550 2372//4550
f  2440//4551 2443//4551 2410//4551
f  2393//4552 2408//4552 2394//4552
f  2408//4552 2454//4552 2394//4552
f  2454//2459 2419//2459 2394//2459
f  2442//4553 2455//4553 2427//4553
f  2455//4554 2436//4554 2427//4554
f  2456//4555 2452//4555 2370//4555
f  2375//4556 2456//4556 2370//4556
f  2429//4557 2457//4557 2430//4557
f  2457//4558 2458//4558 2430//4558
f  2458//4559 2442//4559 2430//4559
f  2459//4560 2378//4560 2377//4560
f  2453//4561 2459//4561 2377//4561
f  2340//2460 2460//2460 2406//2460
f  2460//4562 2461//4562 2406//4562
f  2461//4562 2407//4562 2406//4562
f  2462//2460 2460//2460 2340//2460
f  2463//2460 2462//2460 2340//2460
f  2367//4563 2463//4563 2340//4563
f  2461//2460 2464//2460 2407//2460
f  2464//2460 2408//2460 2407//2460
f  2368//4563 2463//4563 2367//4563
f  2428//4564 2465//4564 2405//4564
f  2465//4565 2438//4565 2405//4565
f  2380//4566 2466//4566 2375//4566
f  2466//4567 2456//4567 2375//4567
f  2467//4568 2466//4568 2378//4568
f  2466//4569 2380//4569 2378//4569
f  2468//4570 2467//4570 2378//4570
f  2459//4571 2468//4571 2378//4571
f  2439//4572 2469//4572 2415//4572
f  2469//4573 2434//4573 2415//4573
f  2424//4574 2470//4574 2411//4574
f  2470//4575 2448//4575 2411//4575
f  2471//4576 2450//4576 2431//4576
f  2441//4577 2471//4577 2431//4577
f  2438//4578 2472//4578 2417//4578
f  2472//4579 2439//4579 2417//4579
f  2473//4580 2441//4580 2436//4580
f  2455//4581 2473//4581 2436//4581
f  2474//4582 2437//4582 2426//4582
f  2450//4583 2474//4583 2426//4583
f  2451//4584 2475//4584 2423//4584
f  2475//4585 2440//4585 2423//4585
f  2473//4586 2471//4586 2441//4586
f  2440//4587 2445//4587 2443//4587
f  2444//4588 2457//4588 2429//4588
f  2458//4589 2476//4589 2442//4589
f  2476//4590 2455//4590 2442//4590
f  2435//4591 2477//4591 2424//4591
f  2477//4592 2470//4592 2424//4592
f  2478//4593 2449//4593 2437//4593
f  2474//4594 2478//4594 2437//4594
f  2469//4595 2479//4595 2434//4595
f  2479//4596 2451//4596 2434//4596
f  2448//4597 2480//4597 2428//4597
f  2480//4598 2465//4598 2428//4598
f  2467//4599 2456//4599 2466//4599
f  2475//4600 2481//4600 2440//4600
f  2481//4601 2445//4601 2440//4601
f  2482//4602 2483//4602 2420//4602
f  2419//4602 2482//4602 2420//4602
f  2483//2460 2444//2460 2420//2460
f  2484//4603 2422//4603 2421//4603
f  2446//2460 2484//2460 2421//2460
f  2454//2459 2482//2459 2419//2459
f  2484//4603 2485//4603 2422//4603
f  2485//2459 2432//2459 2422//2459
f  2486//4604 2474//4604 2450//4604
f  2471//4605 2486//4605 2450//4605
f  2476//4606 2487//4606 2455//4606
f  2487//4607 2473//4607 2455//4607
f  2457//4608 2488//4608 2458//4608
f  2488//4609 2476//4609 2458//4609
f  2472//4610 2489//4610 2439//4610
f  2489//4611 2469//4611 2439//4611
f  2490//4612 2477//4612 2435//4612
f  2447//4613 2490//4613 2435//4613
f  2465//4614 2491//4614 2438//4614
f  2491//4615 2472//4615 2438//4615
f  2492//4616 2453//4616 2449//4616
f  2478//4617 2492//4617 2449//4617
f  2493//4618 2471//4618 2473//4618
f  2487//4619 2493//4619 2473//4619
f  2493//4620 2486//4620 2471//4620
f  2481//4621 2446//4621 2445//4621
f  2479//4622 2494//4622 2451//4622
f  2494//4623 2475//4623 2451//4623
f  2495//4624 2490//4624 2447//4624
f  2452//4625 2495//4625 2447//4625
f  2496//4626 2433//4626 2432//4626
f  2485//2459 2496//2459 2432//2459
f  2496//4626 2497//4626 2433//4626
f  2497//2460 2368//2460 2433//2460
f  2498//4627 2459//4627 2453//4627
f  2492//4628 2498//4628 2453//4628
f  2470//4629 2499//4629 2448//4629
f  2499//4630 2480//4630 2448//4630
f  2444//4631 2500//4631 2457//4631
f  2500//4632 2488//4632 2457//4632
f  2488//4633 2501//4633 2476//4633
f  2501//4634 2487//4634 2476//4634
f  2502//4635 2478//4635 2474//4635
f  2486//4636 2502//4636 2474//4636
f  2503//4637 2495//4637 2452//4637
f  2456//4638 2503//4638 2452//4638
f  2462//4639 2504//4639 2460//4639
f  2504//4639 2461//4639 2460//4639
f  2505//2460 2462//2460 2463//2460
f  2368//4640 2505//4640 2463//4640
f  2504//2460 2506//2460 2461//2460
f  2506//2460 2464//2460 2461//2460
f  2497//2460 2507//2460 2368//2460
f  2507//4640 2505//4640 2368//4640
f  2508//4641 2468//4641 2459//4641
f  2498//4642 2508//4642 2459//4642
f  2489//4643 2509//4643 2469//4643
f  2509//4644 2479//4644 2469//4644
f  2467//4645 2510//4645 2456//4645
f  2510//4646 2503//4646 2456//4646
f  2444//4647 2511//4647 2500//4647
f  2511//4648 2488//4648 2500//4648
f  2512//4649 2446//4649 2481//4649
f  2475//4650 2512//4650 2481//4650
f  2513//4651 2511//4651 2444//4651
f  2483//2460 2513//2460 2444//2460
f  2514//4652 2515//4652 2446//4652
f  2512//4653 2514//4653 2446//4653
f  2515//2460 2484//2460 2446//2460
f  2510//4654 2467//4654 2468//4654
f  2516//4655 2510//4655 2468//4655
f  2508//4656 2516//4656 2468//4656
f  2494//4657 2512//4657 2475//4657
f  2501//4658 2517//4658 2487//4658
f  2517//4659 2493//4659 2487//4659
f  2480//4660 2518//4660 2465//4660
f  2518//4661 2491//4661 2465//4661
f  2519//4662 2520//4662 2488//4662
f  2511//4663 2519//4663 2488//4663
f  2520//4664 2501//4664 2488//4664
f  2491//4665 2521//4665 2472//4665
f  2521//4666 2489//4666 2472//4666
f  2522//4667 2502//4667 2486//4667
f  2493//4668 2522//4668 2486//4668
f  2477//4669 2523//4669 2470//4669
f  2523//4670 2499//4670 2470//4670
f  2517//4671 2522//4671 2493//4671
f  2524//4672 2492//4672 2478//4672
f  2502//4673 2524//4673 2478//4673
f  2408//4674 2464//4674 2454//4674
f  2464//4674 2525//4674 2454//4674
f  2525//2459 2482//2459 2454//2459
f  2494//4675 2514//4675 2512//4675
f  2509//4676 2526//4676 2479//4676
f  2526//4677 2494//4677 2479//4677
f  2513//4678 2519//4678 2511//4678
f  2520//4679 2527//4679 2501//4679
f  2527//4680 2517//4680 2501//4680
f  2490//4681 2528//4681 2477//4681
f  2528//4682 2523//4682 2477//4682
f  2529//4683 2498//4683 2492//4683
f  2524//4684 2529//4684 2492//4684
f  2499//4685 2530//4685 2480//4685
f  2530//4686 2518//4686 2480//4686
f  2521//4687 2531//4687 2489//4687
f  2531//4688 2509//4688 2489//4688
f  2516//4689 2532//4689 2510//4689
f  2532//4690 2503//4690 2510//4690
f  2533//4691 2524//4691 2502//4691
f  2522//4692 2533//4692 2502//4692
f  2526//4693 2534//4693 2494//4693
f  2534//4694 2514//4694 2494//4694
f  2527//4695 2535//4695 2517//4695
f  2535//4696 2522//4696 2517//4696
f  2518//4697 2536//4697 2491//4697
f  2536//4698 2521//4698 2491//4698
f  2505//2460 2537//2460 2462//2460
f  2537//4699 2538//4699 2462//4699
f  2538//4699 2504//4699 2462//4699
f  2539//2460 2540//2460 2505//2460
f  2540//2460 2537//2460 2505//2460
f  2507//4700 2539//4700 2505//4700
f  2538//2460 2541//2460 2504//2460
f  2541//2460 2506//2460 2504//2460
f  2542//2460 2543//2460 2507//2460
f  2497//2460 2544//2460 2507//2460
f  2544//2460 2542//2460 2507//2460
f  2543//4700 2539//4700 2507//4700
f  2495//4701 2545//4701 2490//4701
f  2545//4702 2528//4702 2490//4702
f  2519//4703 2546//4703 2520//4703
f  2546//4704 2547//4704 2520//4704
f  2547//4705 2527//4705 2520//4705
f  2535//4706 2533//4706 2522//4706
f  2548//4707 2508//4707 2498//4707
f  2529//4708 2548//4708 2498//4708
f  2549//4709 2550//4709 2483//4709
f  2482//4709 2549//4709 2483//4709
f  2550//2460 2513//2460 2483//2460
f  2551//4710 2485//4710 2484//4710
f  2515//2460 2551//2460 2484//2460
f  2525//2459 2549//2459 2482//2459
f  2551//4710 2552//4710 2485//4710
f  2552//2459 2496//2459 2485//2459
f  2534//4711 2515//4711 2514//4711
f  2503//4712 2553//4712 2495//4712
f  2553//4713 2545//4713 2495//4713
f  2554//4714 2516//4714 2508//4714
f  2548//4715 2554//4715 2508//4715
f  2531//4716 2555//4716 2509//4716
f  2555//4717 2526//4717 2509//4717
f  2523//4718 2556//4718 2499//4718
f  2556//4719 2530//4719 2499//4719
f  2513//4720 2546//4720 2519//4720
f  2532//4721 2557//4721 2503//4721
f  2557//4722 2553//4722 2503//4722
f  2558//4723 2529//4723 2524//4723
f  2533//4724 2558//4724 2524//4724
f  2547//4725 2559//4725 2527//4725
f  2559//4726 2535//4726 2527//4726
f  2557//4727 2532//4727 2516//4727
f  2560//4728 2557//4728 2516//4728
f  2554//4729 2560//4729 2516//4729
f  2561//4730 2497//4730 2496//4730
f  2552//2459 2561//2459 2496//2459
f  2561//4730 2544//4730 2497//4730
f  2536//4731 2562//4731 2521//4731
f  2562//4732 2531//4732 2521//4732
f  2530//4733 2563//4733 2518//4733
f  2563//4734 2536//4734 2518//4734
f  2555//4735 2564//4735 2526//4735
f  2564//4736 2534//4736 2526//4736
f  2559//4737 2565//4737 2535//4737
f  2565//4738 2533//4738 2535//4738
f  2540//4739 2566//4739 2537//4739
f  2566//4739 2538//4739 2537//4739
f  2543//4740 2540//4740 2539//4740
f  2566//2460 2567//2460 2538//2460
f  2567//2460 2541//2460 2538//2460
f  2542//2460 2568//2460 2543//2460
f  2568//2460 2566//2460 2543//2460
f  2566//4740 2540//4740 2543//4740
f  2569//4741 2558//4741 2533//4741
f  2565//4742 2569//4742 2533//4742
f  2570//4743 2571//4743 2547//4743
f  2546//4744 2572//4744 2547//4744
f  2572//4745 2570//4745 2547//4745
f  2571//4746 2559//4746 2547//4746
f  2528//4747 2573//4747 2523//4747
f  2573//4748 2556//4748 2523//4748
f  2513//4749 2572//4749 2546//4749
f  2564//4750 2515//4750 2534//4750
f  2574//4751 2572//4751 2513//4751
f  2550//2460 2574//2460 2513//2460
f  2564//4752 2575//4752 2515//4752
f  2575//2460 2551//2460 2515//2460
f  2576//4753 2548//4753 2529//4753
f  2558//4754 2576//4754 2529//4754
f  2560//4755 2577//4755 2557//4755
f  2577//4756 2553//4756 2557//4756
f  2568//2460 2567//2460 2566//2460
f  2578//4757 2575//4757 2564//4757
f  2555//4758 2578//4758 2564//4758
f  2562//4759 2579//4759 2531//4759
f  2579//4760 2555//4760 2531//4760
f  2574//4761 2570//4761 2572//4761
f  2464//4762 2506//4762 2525//4762
f  2506//4762 2580//4762 2525//4762
f  2580//2459 2549//2459 2525//2459
f  2571//4763 2581//4763 2559//4763
f  2581//4764 2565//4764 2559//4764
f  2545//4765 2582//4765 2528//4765
f  2582//4766 2573//4766 2528//4766
f  2556//4767 2583//4767 2530//4767
f  2583//4768 2563//4768 2530//4768
f  2584//4769 2554//4769 2548//4769
f  2576//4770 2584//4770 2548//4770
f  2563//4771 2585//4771 2536//4771
f  2585//4772 2562//4772 2536//4772
f  2586//4773 2576//4773 2558//4773
f  2569//4774 2586//4774 2558//4774
f  2581//4775 2587//4775 2565//4775
f  2587//4776 2569//4776 2565//4776
f  2579//4777 2578//4777 2555//4777
f  2553//4778 2588//4778 2545//4778
f  2588//4779 2582//4779 2545//4779
f  2589//4780 2560//4780 2554//4780
f  2584//4781 2589//4781 2554//4781
f  2570//4782 2590//4782 2571//4782
f  2590//4783 2591//4783 2571//4783
f  2591//4784 2581//4784 2571//4784
f  2592//4785 2575//4785 2578//4785
f  2579//4786 2592//4786 2578//4786
f  2577//4787 2593//4787 2553//4787
f  2593//4788 2594//4788 2553//4788
f  2594//4789 2588//4789 2553//4789
f  2593//4790 2577//4790 2560//4790
f  2594//4791 2593//4791 2560//4791
f  2595//4792 2594//4792 2560//4792
f  2589//4793 2595//4793 2560//4793
f  2596//4794 2597//4794 2550//4794
f  2549//4794 2596//4794 2550//4794
f  2597//2460 2574//2460 2550//2460
f  2598//4795 2552//4795 2551//4795
f  2575//2460 2598//2460 2551//2460
f  2580//2459 2596//2459 2549//2459
f  2598//4795 2599//4795 2552//4795
f  2599//2459 2561//2459 2552//2459
f  2600//4796 2586//4796 2569//4796
f  2587//4797 2600//4797 2569//4797
f  2574//4798 2590//4798 2570//4798
f  2573//4799 2601//4799 2556//4799
f  2601//4800 2583//4800 2556//4800
f  2585//4801 2602//4801 2562//4801
f  2602//4802 2579//4802 2562//4802
f  2586//4803 2603//4803 2576//4803
f  2603//4804 2584//4804 2576//4804
f  2591//4805 2604//4805 2581//4805
f  2604//4806 2587//4806 2581//4806
f  2583//4807 2605//4807 2563//4807
f  2605//4808 2606//4808 2563//4808
f  2606//4809 2585//4809 2563//4809
f  2604//4810 2600//4810 2587//4810
f  2602//4811 2607//4811 2579//4811
f  2607//4812 2592//4812 2579//4812
f  2608//4813 2544//4813 2561//4813
f  2599//2459 2608//2459 2561//2459
f  2608//4813 2542//4813 2544//4813
f  2601//4814 2609//4814 2583//4814
f  2609//4815 2605//4815 2583//4815
f  2590//4816 2610//4816 2591//4816
f  2610//4817 2611//4817 2591//4817
f  2611//4818 2604//4818 2591//4818
f  2582//4819 2612//4819 2573//4819
f  2612//4820 2601//4820 2573//4820
f  2613//4821 2603//4821 2586//4821
f  2600//4822 2613//4822 2586//4822
f  2603//4823 2614//4823 2584//4823
f  2614//4824 2589//4824 2584//4824
f  2607//4825 2575//4825 2592//4825
f  2574//4826 2610//4826 2590//4826
f  2615//4827 2575//4827 2607//4827
f  2602//4828 2615//4828 2607//4828
f  2616//4829 2610//4829 2574//4829
f  2597//2460 2616//2460 2574//2460
f  2615//4830 2617//4830 2575//4830
f  2617//4831 2618//4831 2575//4831
f  2618//2460 2598//2460 2575//2460
f  2606//4832 2619//4832 2585//4832
f  2619//4833 2620//4833 2585//4833
f  2620//4834 2602//4834 2585//4834
f  2609//4835 2621//4835 2605//4835
f  2621//4836 2606//4836 2605//4836
f  2595//4837 2622//4837 2594//4837
f  2622//4838 2588//4838 2594//4838
f  2623//4839 2600//4839 2604//4839
f  2611//4840 2623//4840 2604//4840
f  2588//4841 2624//4841 2582//4841
f  2624//4842 2612//4842 2582//4842
f  2614//4843 2625//4843 2589//4843
f  2625//4844 2595//4844 2589//4844
f  2623//4845 2626//4845 2600//4845
f  2626//4846 2613//4846 2600//4846
f  2612//4847 2627//4847 2601//4847
f  2627//4848 2609//4848 2601//4848
f  2506//4849 2541//4849 2580//4849
f  2541//4849 2628//4849 2580//4849
f  2628//2459 2596//2459 2580//2459
f  2613//4850 2629//4850 2603//4850
f  2629//4851 2614//4851 2603//4851
f  2620//4852 2615//4852 2602//4852
f  2622//4853 2630//4853 2588//4853
f  2630//4854 2624//4854 2588//4854
f  2625//4855 2630//4855 2595//4855
f  2630//4856 2622//4856 2595//4856
f  2621//4857 2631//4857 2606//4857
f  2631//4858 2619//4858 2606//4858
f  2610//4859 2632//4859 2611//4859
f  2633//4860 2623//4860 2611//4860
f  2632//4861 2633//4861 2611//4861
f  2620//4862 2617//4862 2615//4862
f  2616//4863 2632//4863 2610//4863
f  2624//4864 2634//4864 2612//4864
f  2634//4865 2627//4865 2612//4865
f  2627//4866 2635//4866 2609//4866
f  2635//4867 2621//4867 2609//4867
f  2631//4868 2636//4868 2619//4868
f  2636//4869 2620//4869 2619//4869
f  2629//4870 2637//4870 2614//4870
f  2637//4871 2625//4871 2614//4871
f  2638//4872 2639//4872 2597//4872
f  2596//4872 2638//4872 2597//4872
f  2639//2460 2616//2460 2597//2460
f  2640//4873 2599//4873 2598//4873
f  2618//2460 2640//2460 2598//2460
f  2628//2459 2638//2459 2596//2459
f  2640//4873 2641//4873 2599//4873
f  2641//2459 2608//2459 2599//2459
f  2642//4874 2629//4874 2613//4874
f  2626//4875 2642//4875 2613//4875
f  2633//4876 2643//4876 2623//4876
f  2643//4877 2626//4877 2623//4877
f  2625//4878 2644//4878 2630//4878
f  2644//4879 2624//4879 2630//4879
f  2644//4880 2645//4880 2624//4880
f  2645//4881 2634//4881 2624//4881
f  2637//4882 2644//4882 2625//4882
f  2637//4883 2645//4883 2644//4883
f  2635//4884 2646//4884 2621//4884
f  2646//4885 2631//4885 2621//4885
f  2647//4886 2617//4886 2620//4886
f  2636//4887 2647//4887 2620//4887
f  2634//4888 2648//4888 2627//4888
f  2648//4889 2635//4889 2627//4889
f  2643//4890 2649//4890 2626//4890
f  2649//4891 2642//4891 2626//4891
f  2650//4892 2651//4892 2633//4892
f  2651//4893 2643//4893 2633//4893
f  2632//4894 2650//4894 2633//4894
f  2647//4895 2618//4895 2617//4895
f  2642//4896 2652//4896 2629//4896
f  2652//4897 2637//4897 2629//4897
f  2653//4898 2542//4898 2608//4898
f  2641//2459 2653//2459 2608//2459
f  2653//4898 2568//4898 2542//4898
f  2616//4899 2650//4899 2632//4899
f  2646//4900 2654//4900 2631//4900
f  2654//4901 2636//4901 2631//4901
f  2645//4902 2655//4902 2634//4902
f  2655//4903 2648//4903 2634//4903
f  2651//4904 2649//4904 2643//4904
f  2652//4905 2645//4905 2637//4905
f  2648//4906 2656//4906 2635//4906
f  2656//4907 2646//4907 2635//4907
f  2616//4908 2657//4908 2650//4908
f  2657//4909 2651//4909 2650//4909
f  2658//4910 2618//4910 2647//4910
f  2636//4911 2658//4911 2647//4911
f  2659//4912 2657//4912 2616//4912
f  2639//2460 2659//2460 2616//2460
f  2660//4913 2661//4913 2618//4913
f  2658//4914 2660//4914 2618//4914
f  2661//2460 2640//2460 2618//2460
f  2652//4915 2655//4915 2645//4915
f  2662//4916 2652//4916 2642//4916
f  2649//4917 2662//4917 2642//4917
f  2654//4918 2658//4918 2636//4918
f  2654//4919 2660//4919 2658//4919
f  2541//4920 2567//4920 2628//4920
f  2567//4920 2663//4920 2628//4920
f  2663//2459 2638//2459 2628//2459
f  2657//4921 2664//4921 2651//4921
f  2665//4922 2649//4922 2651//4922
f  2664//4923 2665//4923 2651//4923
f  2659//4924 2664//4924 2657//4924
f  2656//4925 2666//4925 2646//4925
f  2666//4926 2654//4926 2646//4926
f  2655//4927 2667//4927 2648//4927
f  2667//4928 2656//4928 2648//4928
f  2662//4929 2667//4929 2652//4929
f  2667//4930 2655//4930 2652//4930
f  2665//4931 2662//4931 2649//4931
f  2668//4932 2669//4932 2639//4932
f  2638//4932 2668//4932 2639//4932
f  2669//2460 2659//2460 2639//2460
f  2669//4933 2641//4933 2640//4933
f  2661//2460 2669//2460 2640//2460
f  2663//2459 2668//2459 2638//2459
f  2669//4933 2668//4933 2641//4933
f  2668//2459 2653//2459 2641//2459
f  2662//4934 2670//4934 2667//4934
f  2670//4935 2656//4935 2667//4935
f  2671//4936 2661//4936 2660//4936
f  2654//4937 2671//4937 2660//4937
f  2670//4938 2672//4938 2656//4938
f  2672//4939 2666//4939 2656//4939
f  2666//4940 2671//4940 2654//4940
f  2672//4941 2670//4941 2662//4941
f  2673//4942 2672//4942 2662//4942
f  2665//4943 2673//4943 2662//4943
f  2659//4944 2674//4944 2664//4944
f  2674//4945 2665//4945 2664//4945
f  2674//4946 2673//4946 2665//4946
f  2663//4947 2568//4947 2653//4947
f  2668//2459 2663//2459 2653//2459
f  2663//4947 2567//4947 2568//4947
f  2673//4948 2675//4948 2672//4948
f  2675//4949 2666//4949 2672//4949
f  2661//2460 2659//2460 2669//2460
f  2675//4950 2676//4950 2666//4950
f  2677//4951 2671//4951 2666//4951
f  2676//4952 2677//4952 2666//4952
f  2659//4953 2678//4953 2674//4953
f  2678//4954 2673//4954 2674//4954
f  2677//4955 2661//4955 2671//4955
f  2661//4956 2677//4956 2659//4956
f  2677//4957 2679//4957 2659//4957
f  2679//4958 2678//4958 2659//4958
f  2676//4959 2675//4959 2673//4959
f  2678//4960 2676//4960 2673//4960
f  2676//4961 2679//4961 2677//4961
f  2679//4962 2676//4962 2678//4962

