# File produced by Open Asset Import Library (http://www.assimp.sf.net)
# (assimp v5.0.0)

mtllib link4.mtl

# 2504 vertex positions
v  -0.0063137272 0.028304359 -0.081499994
v  -7.6280127e-10 0.028999997 -0.079601169
v  -7.6280154e-10 0.028999997 -0.081499994
v  0.006029441 0.028366281 -0.079601169
v  0.006029441 0.028366281 -0.081499994
v  0.0027120777 0.022335952 -0.081499994
v  -0.0063137272 0.028304359 -0.079601169
v  0.0029999681 0.028542778 -0.079601169
v  -0.0029999658 0.028542778 -0.079601169
v  -0.0023308552 0.028882777 -0.069999933
v  -7.6280005e-10 0.028999968 -0.069999993
v  -7.6280043e-10 0.028999997 -0.073000014
v  0.0027399056 0.028870275 -0.069999933
v  0.0028586083 0.028852655 -0.069999933
v  0.0062149679 0.028326211 -0.073000014
v  -0.0062149661 0.028326211 -0.073000014
v  -0.0051831203 0.028502552 -0.069999874
v  -0.0029095083 0.028853683 -0.069999933
v  -0.0029999658 0.028542778 -0.073000014
v  0.0029999681 0.028542778 -0.073000014
v  2.1588942e-08 0.028893797 -0.068536937
v  -0.0023882769 0.028677253 -0.067903757
v  2.1588942e-08 0.028727038 -0.067867637
v  0.0029282861 0.028629487 -0.067914784
v  -0.0053100297 0.028294941 -0.067967594
v  0.0058245426 0.028195588 -0.067979455
v  0.0057631945 0.028421594 -0.069999874
v  2.1588942e-08 0.028475245 -0.06685704
v  -0.0024218343 0.028001158 -0.065975487
v  -0.0053827995 0.02762807 -0.066080868
v  0.0029693239 0.027956074 -0.065993607
v  0.0088687902 0.027295319 -0.073000014
v  0.0088687902 0.027295319 -0.079601169
v  -0.0088687884 0.027295319 -0.079601169
v  -0.0088687884 0.027295319 -0.073000014
v  -0.0059310021 0.028387053 -0.069999874
v  1.4138362e-08 0.028033694 -0.065920413
v  0.0062098047 0.028306222 -0.069999874
v  -0.006211427 0.028312845 -0.069999874
v  0.011795363 0.026492817 -0.079601169
v  0.011795363 0.026492817 -0.081499994
v  0.0079786098 0.021037867 -0.081499994
v  0.0084640672 0.027723877 -0.069999754
v  0.0087227738 0.027657045 -0.069999754
v  0.01214113 0.026336154 -0.073000014
v  -0.0079834806 0.027843913 -0.069999754
v  -0.012141132 0.026336154 -0.073000014
v  -0.010704652 0.026911883 -0.069999814
v  -0.0088851349 0.027605308 -0.069999754
v  -0.008173381 0.027615791 -0.068037033
v  0.0086576408 0.027469663 -0.068049192
v  -0.01232455 0.026250815 -0.081499994
v  -0.0027120716 0.022335952 -0.081499994
v  -0.01232455 0.026250815 -0.079601169
v  -0.0082798759 0.026945254 -0.06619668
v  0.005903787 0.027528925 -0.066100717
v  1.4138362e-08 0.027716188 -0.06524688
v  -0.0024338297 0.026892668 -0.06420964
v  -0.0054083923 0.026539294 -0.064338505
v  0.0029839941 0.026851771 -0.064231575
v  1.4138362e-08 0.026921598 -0.064137697
v  0.011398128 0.02646107 -0.068120599
v  0.011153697 0.026746927 -0.069999814
v  -0.0083152363 0.025868056 -0.064481974
v  -0.010948048 0.026648743 -0.068108797
v  -0.011080616 0.025963156 -0.066316843
v  0.0087691983 0.026797256 -0.066217005
v  0.005931451 0.026442735 -0.064363062
v  0.014349996 0.024854926 -0.073000014
v  0.014349996 0.024854926 -0.079601169
v  -0.014350002 0.024854926 -0.079601169
v  -0.014350002 0.024854926 -0.073000014
v  -0.011120227 0.024889788 -0.064631283
v  1.4138362e-08 0.026700472 -0.063829005
v  -0.011741218 0.026516845 -0.069999874
v  -0.0053901756 0.025057552 -0.062735319
v  -0.0024257607 0.025384596 -0.062596202
v  0.0029741444 0.025348654 -0.062619627
v  0.011534183 0.025771966 -0.066336691
v  0.0088057136 0.025721198 -0.064507246
v  0.01158513 0.026585406 -0.069999814
v  1.4138362e-08 0.025404787 -0.062512279
v  -0.012132165 0.026318474 -0.069999874
v  -0.013605569 0.025405658 -0.068180084
v  -0.013755304 0.024695544 -0.066436589
v  0.012129626 0.026313147 -0.069999874
v  -0.0082846889 0.024409709 -0.06289202
v  0.017045774 0.023461489 -0.079601169
v  0.017045774 0.023461489 -0.081499994
v  0.012781455 0.018517135 -0.081499994
v  0.014018363 0.02518188 -0.068191171
v  0.013733684 0.025511092 -0.069999993
v  0.0059112376 0.024965337 -0.062762082
v  0.014318599 0.025218619 -0.069999993
v  0.01750312 0.023122301 -0.073000014
v  -0.013320138 0.025715699 -0.069999933
v  -0.01750312 0.023122301 -0.073000014
v  -0.015804473 0.024267023 -0.069999933
v  -0.014467114 0.02513372 -0.069999993
v  -0.017744102 0.022937892 -0.081499994
v  -0.0079786116 0.021037867 -0.081499994
v  -0.017744102 0.022937892 -0.079601169
v  -0.013792717 0.023619046 -0.064779937
v  -0.011073888 0.023451118 -0.063055038
v  0.014169968 0.024467079 -0.066455364
v  0.01157388 0.024698479 -0.06465596
v  0.0087727075 0.024266457 -0.062919676
v  -0.016119324 0.023900775 -0.068249226
v  -0.016276747 0.023158928 -0.066552758
v  1.4138362e-08 0.025321541 -0.062427703
v  -0.0023996837 0.023523329 -0.061120454
v  -0.0053327093 0.023227206 -0.061261181
v  0.0029422708 0.023492789 -0.061143938
v  2.1588942e-08 0.023494964 -0.061010782
v  0.016492486 0.023646457 -0.068259478
v  0.016179286 0.024028299 -0.069999933
v  -0.008195241 0.022611914 -0.061420683
v  0.0058481535 0.02314066 -0.06128842
v  -0.0137265 0.022196 -0.06321609
v  0.01920405 0.021328254 -0.073000014
v  0.01920405 0.021328254 -0.079601169
v  -0.019204047 0.021328254 -0.079601169
v  -0.019204047 0.021328254 -0.073000014
v  0.01152452 0.023262633 -0.06308192
v  0.014206386 0.023389457 -0.064803183
v  -0.016305152 0.02207352 -0.064923227
v  0.01665023 0.022899179 -0.066570044
v  -0.010950957 0.02168577 -0.06158543
v  -0.017031956 0.023471532 -0.069999874
v  0.0086776232 0.022474227 -0.061448816
v  0.016893364 0.023571489 -0.069999933
v  -0.018464543 0.022150723 -0.068315327
v  -0.018620063 0.021372048 -0.066663325
v  0.017484367 0.023098847 -0.069999874
v  0.018467091 0.02231293 -0.069999814
v  0.018796451 0.021871505 -0.068324745
v  -0.016214803 0.02066203 -0.063369274
v  -0.0023582138 0.021365171 -0.059763078
v  -0.0052417228 0.021103187 -0.059900526
v  2.9039523e-08 0.021341218 -0.059688333
v  0.002891592 0.021340309 -0.059785966
v  -0.017487407 0.023102885 -0.069999874
v  0.021551199 0.019404789 -0.079601169
v  0.021551199 0.019404789 -0.081499994
v  0.016841494 0.014920264 -0.081499994
v  -0.013568209 0.020461669 -0.061745349
v  0.014136582 0.021968467 -0.063241124
v  0.016676627 0.021811916 -0.064944506
v  0.011395841 0.021502508 -0.061612312
v  -0.0080555836 0.020527309 -0.060055677
v  -0.018632665 0.020273207 -0.065058231
v  0.0057484722 0.021023287 -0.059927169
v  0.019280568 0.021662375 -0.069999814
v  0.022051774 0.018833993 -0.073000014
v  -0.018133465 0.022579951 -0.069999874
v  -0.022051774 0.018833993 -0.073000014
v  -0.020284411 0.020670971 -0.069999874
v  -0.019407459 0.021548761 -0.069999814
v  -0.02231238 0.018524511 -0.081499994
v  -0.012781457 0.018517135 -0.081499994
v  -0.02231238 0.018524511 -0.079601169
v  0.018950872 0.021087004 -0.066679001
v  -0.010762894 0.019643327 -0.060212974
v  0.0085296249 0.020396678 -0.060082797
v  0.0027120777 0.022335952 -0.071500003
v  0.0079786098 0.021037867 -0.071500003
v  -0.0027120716 0.022335952 -0.071500003
v  0.022500001 -1.1721463e-09 -0.071500003
v  -0.0079786116 0.021037867 -0.071500003
v  -0.016019244 0.018956399 -0.061893765
v  -0.02061829 0.020174457 -0.068377912
v  -0.020762473 0.019355541 -0.066767156
v  -0.018514026 0.018869547 -0.063510835
v  0.016582169 0.020401819 -0.063391745
v  0.01397243 0.02023886 -0.061769847
v  0.020908006 0.019875949 -0.068386376
v  0.01896055 0.019985808 -0.065077245
v  -0.013331835 0.018462157 -0.060361091
v  0.02057524 0.020381613 -0.069999933
v  0.011199742 0.019467128 -0.060238246
v  -0.020752657 0.018239832 -0.065183282
v  2.9039523e-08 0.021102464 -0.059541766
v  -0.0022419102 0.01641473 -0.057306413
v  -0.0049867975 0.016224837 -0.057432238
v  0.00274942 0.016401282 -0.057327751
v  0.023218788 0.016869439 -0.073000014
v  0.023218788 0.016869439 -0.079601169
v  -0.023218788 0.016869439 -0.079601169
v  -0.023218788 0.016869439 -0.073000014
v  -0.0076668346 0.015739424 -0.05756617
v  3.6490103e-08 0.017302452 -0.057650868
v  0.021049805 0.019051073 -0.066781163
v  0.012781455 0.018517135 -0.071500003
v  -0.012781457 0.018517135 -0.071500003
v  0.0054693883 0.016159786 -0.057455841
v  -0.021567725 0.019386431 -0.069999993
v  -0.018279489 0.017189799 -0.062026385
v  -0.010245026 0.014957665 -0.057690386
v  -0.015734792 0.016999012 -0.060492698
v  0.018837355 0.018582975 -0.063530505
v  0.01638069 0.018700307 -0.061915103
v  0.0081183156 0.015625594 -0.057588402
v  0.021453224 0.019513061 -0.069999993
v  -0.020601775 0.016840776 -0.063638926
v  0.013728327 0.018246112 -0.060383264
v  -0.022559587 0.017992644 -0.068436682
v  -0.022683233 0.01713152 -0.066863894
v  0.021036252 0.017932704 -0.06520009
v  0.022806838 0.0176803 -0.068444312
v  0.022025779 0.018812736 -0.069999993
v  -0.012689897 0.013885147 -0.057792488
v  0.010660893 0.01479908 -0.057708982
v  0.025114737 0.014499999 -0.079601169
v  0.025114737 0.014499999 -0.081499994
v  0.019922763 0.010456271 -0.081499994
v  -0.022028897 0.018815516 -0.069999993
v  -0.022644643 0.015996573 -0.06529814
v  0.022926986 0.016813321 -0.066876411
v  -0.017947428 0.015272751 -0.060603324
v  -0.020326763 0.015184066 -0.062141184
v  0.022483483 0.0182529 -0.069999993
v  0.023387745 0.017146846 -0.069999993
v  0.02557572 0.013670503 -0.073000014
v  -0.022236355 0.018558687 -0.069999993
v  -0.025575716 0.013670503 -0.073000014
v  -0.023970239 0.016263572 -0.069999933
v  -0.023488455 0.017008631 -0.069999993
v  0.016088843 0.016749224 -0.060510997
v  0.018596895 0.016906766 -0.062044326
v  0.020880453 0.016534021 -0.063655853
v  -0.025810219 0.013222425 -0.081499994
v  -0.01684149 0.014920264 -0.081499994
v  -0.025810219 0.013222425 -0.079601169
v  0.016841494 0.014920264 -0.071500003
v  -0.01684149 0.014920264 -0.071500003
v  -0.014974446 0.012533016 -0.057864431
v  0.013067014 0.013686716 -0.057806019
v  -0.02245786 0.014599509 -0.063753128
v  -0.024269614 0.01562768 -0.068491995
v  -0.02436417 0.014723941 -0.066954076
v  0.022884011 0.015675595 -0.065312862
v  0.024474762 0.015306859 -0.06849885
v  3.6490103e-08 0.016351445 -0.057239655
v  -0.019947827 0.013305045 -0.060690943
v  0.024173543 0.015947206 -0.069999933
v  -0.024291314 0.013568624 -0.065403163
v  -0.017075073 0.010917052 -0.057901744
v  0.018257819 0.014995462 -0.06061757
v  0.020599559 0.014880321 -0.062155847
v  0.026218757 0.011673345 -0.073000014
v  0.026218757 0.011673345 -0.079601169
v  -0.026218753 0.011673345 -0.079601169
v  -0.026218753 0.011673345 -0.073000014
v  -0.022141211 0.01296319 -0.062237922
v  0.024564914 0.014397583 -0.066965163
v  0.015310771 0.012300245 -0.057872299
v  0.022692084 0.01427859 -0.063767493
v  2.9039525e-08 0.011633768 -0.055199806
v  -0.0021048046 0.011075064 -0.055005614
v  -0.0046851384 0.010949186 -0.055117492
v  0.0025816404 0.011070854 -0.055025581
v  -0.025147971 0.014442272 -0.069999874
v  -0.0072071971 0.01055505 -0.055221085
v  0.0051390966 0.010898559 -0.055136863
v  -0.024066016 0.012171774 -0.063854098
v  0.025062568 0.014589972 -0.069999874
v  -0.0096354457 0.0098835221 -0.055298392
v  0.024487227 0.013239547 -0.065415978
v  -0.025731787 0.013104237 -0.068543971
v  -0.025789499 0.012159101 -0.06703788
v  0.007632277 0.01045896 -0.055236403
v  0.025895797 0.012780129 -0.06855011
v  0.02554334 0.013653873 -0.069999874
v  -0.018970512 0.0090567311 -0.057902936
v  -0.021716472 0.011119678 -0.060755435
v  0.020213999 0.013006463 -0.060701314
v  0.017369419 0.010655812 -0.057904009
v  -0.011939743 0.0089334166 -0.055336837
v  0.019922763 0.010456271 -0.071500003
v  -0.019922759 0.010456271 -0.081499994
v  -0.028699998 0.0010000009 -0.081499994
v  -0.028982751 0.0010000009 -0.081499994
v  -0.028069813 0.007285981 -0.081499994
v  -0.019922759 0.010456271 -0.071500003
v  0.022369698 0.012644826 -0.062249545
v  0.010027281 0.0097445091 -0.055307511
v  -0.025677916 0.010983608 -0.065498888
v  -0.023707733 0.010553665 -0.062317494
v  0.027580641 0.0089614904 -0.079601169
v  0.027580641 0.0089614904 -0.081499994
v  0.02184619 0.0053846003 -0.081499994
v  -0.025469061 0.013807929 -0.069999874
v  0.025948398 0.011829979 -0.067047775
v  0.024256758 0.011842608 -0.063866198
v  -0.014094313 0.0077103884 -0.055328373
v  -0.025546186 0.013655557 -0.069999874
v  0.012295297 0.0087552583 -0.055338565
v  0.0256292 0.013486697 -0.069999874
v  0.026458949 0.011871099 -0.069999874
v  0.026836447 0.01089502 -0.069999933
v  0.027911201 0.0078717759 -0.073000014
v  -0.026528299 0.011715314 -0.069999874
v  -0.027911201 0.0078717759 -0.073000014
v  -0.02761402 0.0088580986 -0.070000052
v  -0.026718151 0.011215686 -0.069999933
v  -0.026931968 0.01044879 -0.068592727
v  -0.025412705 0.0095862662 -0.063942671
v  -0.020642024 0.0069743753 -0.057868782
v  0.025831714 0.01065202 -0.065510035
v  -0.028069813 0.007285981 -0.079601169
v  -0.026945926 0.0094652614 -0.067115486
v  0.021938846 0.010805919 -0.06076229
v  0.019222319 0.008773013 -0.057899956
v  -0.023239527 0.0087432405 -0.060798232
v  0.027056374 0.010126322 -0.068598151
v  0.023893096 0.010226711 -0.062326435
v  -0.016076621 0.0062258155 -0.055269007
v  0.014411598 0.0074977563 -0.055322353
v  -0.025014143 0.007984913 -0.062381033
v  -0.026792154 0.0082712984 -0.065585554
v  -7.6279483e-10 0.0094360029 -0.028500022
v  -0.006202464 0.0094360029 -0.027816894
v  -7.6279483e-10 0.012136004 -0.028500022
v  -0.006202464 0.012136004 -0.027816894
v  0.0059254831 0.012136004 -0.027877213
v  -0.0053846026 0.012136004 -0.021846177
v  -7.6279405e-10 0.012136004 -0.02249998
v  0.011591992 0.012136004 -0.026036026
v  0.0059254831 0.0094360029 -0.027877213
v  0.0053846007 0.012136004 -0.021846177
v  -0.012107597 0.0094360029 -0.02580029
v  -0.012107597 0.012136004 -0.02580029
v  -0.010456272 0.012136004 -0.019922735
v  0.016751878 0.012136004 -0.023056986
v  0.011591992 0.0094360029 -0.026036026
v  0.010456271 0.012136004 -0.019922735
v  -0.017432321 0.0094360029 -0.022546949
v  -0.017432321 0.012136004 -0.022546949
v  -0.014920262 0.012136004 -0.016841473
v  0.021179631 0.012136004 -0.01907021
v  0.016751878 0.0094360029 -0.023056986
v  0.014920256 0.012136004 -0.016841473
v  -0.021921385 0.0094360029 -0.018212738
v  -0.021921385 0.012136004 -0.018212738
v  -0.028200001 0.012136004 -0.00099998969
v  -0.021037865 0.012136004 -0.0079786209
v  -0.018517137 0.012136004 -0.012781444
v  -7.6279411e-10 0.0021359983 -0.02249998
v  -0.0053846026 0.0021359983 -0.021846177
v  0.0053846007 0.0021359983 -0.021846177
v  -0.010456272 0.0021359983 -0.019922735
v  0.010456271 0.0021359983 -0.019922735
v  -0.014920262 0.0021359983 -0.016841473
v  0.024681725 0.012136004 -0.014249983
v  0.021179631 0.0094360029 -0.01907021
v  0.018517137 0.012136004 -0.012781444
v  -0.025359597 0.0094360029 -0.013005438
v  -0.025359597 0.012136004 -0.013005438
v  0.014920256 0.0021359983 -0.016841473
v  -0.018517137 0.0021359983 -0.012781444
v  0.027105108 0.012136004 -0.0088070063
v  0.024681725 0.0094360029 -0.014249983
v  -0.027582131 0.0094360029 -0.007174673
v  -0.027582131 0.012136004 -0.007174673
v  0.018517137 0.0021359983 -0.012781444
v  0.021037869 0.012136004 -0.0079786209
v  -0.021037865 0.0021359983 -0.0079786209
v  0.028343871 0.012136004 -0.0029790427
v  0.027105108 0.0094360029 -0.0088070063
v  0.021037869 0.0021359983 -0.0079786209
v  0.022335954 0.012136004 -0.0027120735
v  -0.02233595 0.012136004 -0.0027120735
v  -0.02233595 0.0021359983 -0.0027120735
v  -0.028482448 0.0094360029 -0.00099998969
v  -0.028482448 0.012136004 -0.00099998969
v  0.028343871 0.012136004 0.0029790376
v  0.028343871 0.0094360029 -0.0029790427
v  0.022335954 0.0021359983 -0.0027120735
v  0.022335954 0.012136004 0.0027120684
v  -0.02233595 0.012136004 0.0027120684
v  -0.02233595 0.0021359983 0.0027120684
v  -0.028200001 0.012136004 0.00099998456
v  -0.018517137 0.012136004 0.012781438
v  -0.021037865 0.012136004 0.0079786154
v  -0.028200001 0.0094360029 -2.5509261e-09
v  -0.028200001 0.0094360029 -0.00099998969
v  -0.028482448 0.012136004 0.00099998456
v  -0.027582131 0.012136004 0.0071746684
v  -0.028200001 0.0094360029 0.00099998456
v  -0.028482448 0.0094360029 0.00099998456
v  -0.027582131 0.0094360029 0.0071746684
v  0.022335954 0.0021359983 0.0027120684
v  0.021037869 0.012136004 0.0079786154
v  0.027105108 0.012136004 0.0088070007
v  -0.021037865 0.0021359983 0.0079786154
v  0.028343871 0.0094360029 0.0029790376
v  -0.025359597 0.0094360029 0.013005433
v  -0.025359597 0.012136004 0.013005433
v  0.021037869 0.0021359983 0.0079786154
v  0.018517137 0.012136004 0.012781438
v  0.024681725 0.012136004 0.014249978
v  -0.018517137 0.0021359983 0.012781438
v  0.027105108 0.0094360029 0.0088070007
v  0.018517137 0.0021359983 0.012781438
v  0.014920256 0.012136004 0.016841469
v  0.021179631 0.012136004 0.019070206
v  -0.021921385 0.012136004 0.018212734
v  -0.014920262 0.012136004 0.016841469
v  -0.014920262 0.0021359983 0.016841469
v  -0.021921385 0.0094360029 0.018212734
v  0.024681725 0.0094360029 0.014249978
v  0.014920256 0.0021359983 0.016841469
v  0.010456271 0.012136004 0.019922791
v  0.011591992 0.012136004 0.026036022
v  0.016751878 0.012136004 0.023056982
v  -0.017432321 0.012136004 0.022546945
v  -0.010456272 0.012136004 0.019922791
v  -0.010456272 0.0021359983 0.019922791
v  -0.017432321 0.0094360029 0.022546945
v  0.021179631 0.0094360029 0.019070206
v  0.010456271 0.0021359983 0.019922791
v  0.0053846007 0.012136004 0.021846173
v  0.0059254831 0.012136004 0.02787721
v  -0.012107597 0.012136004 0.025800286
v  -0.0053846026 0.012136004 0.021846173
v  -0.0053846026 0.0021359983 0.021846173
v  0.0053846007 0.0021359983 0.021846173
v  -7.6278833e-10 0.012136004 0.022499977
v  -7.6278756e-10 0.012136004 0.028500019
v  -0.006202464 0.012136004 0.02781689
v  -7.6278839e-10 0.0021359983 0.022499977
v  -0.012107597 0.0094360029 0.025800286
v  0.016751878 0.0094360029 0.023056982
v  -0.006202464 0.0094360029 0.02781689
v  0.011591992 0.0094360029 0.026036022
v  -7.6278761e-10 0.0094360029 0.028500019
v  0.0059254831 0.0094360029 0.02787721
v  0.025561474 0.0092545887 -0.063952625
v  0.027064711 0.0091385012 -0.067124128
v  0.028072834 0.0059670643 -0.073000014
v  0.028072834 0.0059670643 -0.079601169
v  -0.028072834 0.0059670643 -0.079601169
v  -0.028072834 0.0059670643 -0.073000014
v  2.9039525e-08 0.010997451 -0.05491418
v  -0.027858734 0.007689184 -0.068637967
v  -0.02207822 0.0046958909 -0.057801787
v  -0.0019741214 0.0058913664 -0.052623574
v  -0.0043953517 0.0058048801 -0.052713219
v  0.0024214231 0.0058909492 -0.052640621
v  2.9039525e-08 0.0066157193 -0.052947346
v  -0.026486728 0.0068739564 -0.064019144
v  -0.0067643011 0.0054885433 -0.05277795
v  -0.017866317 0.0044956342 -0.055158082
v  0.0048215454 0.0057656006 -0.052726869
v  0.027561389 0.0090205288 -0.070000052
v  0.023419447 0.0084203919 -0.060802046
v  0.020851851 0.0066741914 -0.057861272
v  0.016354464 0.0059839548 -0.055255536
v  0.02690573 0.0079424968 -0.065595031
v  -0.0090484293 0.0049223588 -0.052799765
v  -0.0245062 0.0062055723 -0.060820941
v  0.0071638813 0.0054088668 -0.052784923
v  0.02184619 0.0053846003 -0.071500003
v  -0.02184619 0.0053846003 -0.081499994
v  -0.02184619 0.0053846003 -0.071500003
v  -0.027822964 0.0066722394 -0.067186415
v  0.025158025 0.0076552243 -0.062387709
v  0.027945615 0.0073729292 -0.068642676
v  0.027783625 0.0081970161 -0.070000052
v  -0.011219964 0.0040957988 -0.052766088
v  0.0094173839 0.0048028142 -0.052797977
v  -0.026050411 0.0052888305 -0.062429432
v  -0.027624518 0.0054631592 -0.065662622
v  -7.6279483e-10 0.0094360029 -0.028199973
v  0.0062750867 0.0094360029 -0.027492942
v  -7.6279483e-10 0.003435998 -0.028199973
v  -0.0062750923 0.003435998 -0.027492942
v  -0.0062750923 0.0094360029 -0.027492942
v  0.012235521 0.0094360029 -0.025407316
v  0.0062750867 0.003435998 -0.027492942
v  -0.012235523 0.003435998 -0.025407316
v  -0.012235523 0.0094360029 -0.025407316
v  0.017582417 0.0094360029 -0.022047641
v  0.012235521 0.003435998 -0.025407316
v  -0.017582413 0.003435998 -0.022047641
v  -0.017582413 0.0094360029 -0.022047641
v  0.022047646 0.0094360029 -0.017582418
v  0.017582417 0.003435998 -0.022047641
v  -0.022047646 0.003435998 -0.017582418
v  -0.022047646 0.0094360029 -0.017582418
v  0.025407322 0.0094360029 -0.012235525
v  0.022047646 0.003435998 -0.017582418
v  -0.025407322 0.003435998 -0.012235525
v  -0.025407322 0.0094360029 -0.012235525
v  0.02749297 0.0094360029 -0.0062751197
v  0.025407322 0.003435998 -0.012235525
v  -0.027492967 0.003435998 -0.0062751197
v  -0.027492967 0.0094360029 -0.0062751197
v  0.028200001 0.0094360029 -2.5509335e-09
v  0.02749297 0.003435998 -0.0062751197
v  -0.028200001 0.003435998 -2.5509261e-09
v  0.02749297 0.0094360029 0.0062751151
v  0.028200001 0.003435998 -2.5509335e-09
v  -0.027492967 0.003435998 0.0062751151
v  -0.027492967 0.0094360029 0.0062751151
v  0.025407322 0.0094360029 0.012235519
v  0.02749297 0.003435998 0.0062751151
v  -0.025407322 0.003435998 0.012235519
v  -0.025407322 0.0094360029 0.012235519
v  0.022047646 0.0094360029 0.017582415
v  0.025407322 0.003435998 0.012235519
v  -0.022047646 0.003435998 0.017582415
v  -0.022047646 0.0094360029 0.017582415
v  0.017582417 0.0094360029 0.022047637
v  0.022047646 0.003435998 0.017582415
v  -0.017582413 0.003435998 0.022047637
v  -0.017582413 0.0094360029 0.022047637
v  0.012235521 0.0094360029 0.025407312
v  0.017582417 0.003435998 0.022047637
v  -0.012235523 0.003435998 0.025407312
v  -0.012235523 0.0094360029 0.025407312
v  0.0062750867 0.0094360029 0.027492939
v  0.012235521 0.003435998 0.025407312
v  -0.0062750923 0.003435998 0.027492939
v  -0.0062750923 0.0094360029 0.027492939
v  -7.6278761e-10 0.0094360029 0.028200028
v  0.0062750867 0.003435998 0.027492939
v  -7.6278761e-10 0.003435998 0.028200028
v  0.026595548 0.0065452219 -0.06402725
v  0.0279039 0.0063525871 -0.067193806
v  -0.019445583 0.0025395404 -0.054997507
v  0.028841138 0.0030313272 -0.079601169
v  0.028841138 0.0030313272 -0.081499994
v  -0.013254938 0.0030065912 -0.05266935
v  -0.027705222 0.008512049 -0.070000052
v  0.018104129 0.004230103 -0.055137936
v  0.011555447 0.0039385394 -0.052754704
v  -0.023271009 0.002250998 -0.057704929
v  -0.027876388 0.0078625968 -0.070000052
v  0.024645448 0.0058795945 -0.060822252
v  0.02224768 0.0043853582 -0.057790522
v  -0.027279597 0.0040676729 -0.064083397
v  0.027874097 0.0078617623 -0.070000052
v  -0.025507666 0.0035391811 -0.060825054
v  0.02770029 0.0051420615 -0.06567055
v  0.028357692 0.0060697631 -0.070000052
v  0.028461538 0.0054185377 -0.069999993
v  0.0289497 0.0017072547 -0.073000014
v  -0.028420471 0.0057232738 -0.070000052
v  -0.028392967 0.0059025572 -0.070000052
v  -0.028856482 0.002881563 -0.069999933
v  -0.0289497 0.0017072547 -0.073000014
v  -0.028503593 0.0048543871 -0.068679094
v  -0.015132246 0.0016596157 -0.052506153
v  -0.028413214 0.003811023 -0.067249715
v  0.026154943 0.0049619884 -0.062433962
v  0.013555056 0.0028150554 -0.05264831
v  0.02855552 0.004548511 -0.068683088
v  -0.028982751 0.0010000009 -0.079601169
v  -0.020804901 0.00038170326 -0.054790977
v  0.019643955 0.0022561166 -0.054971699
v  -0.028168637 0.0025919068 -0.065729082
v  3.6490103e-08 0.0058238194 -0.052529816
v  0.027350985 0.0037469182 -0.064089656
v  0.028459065 0.0035027924 -0.067255855
v  -0.016832713 6.5753928e-05 -0.052276317
v  -0.024213821 -0.00032752869 -0.057581369
v  0.015395842 0.001438136 -0.052475933
v  0.028700002 -1.1721463e-09 -0.073000014
v  0.028700002 -1.1721463e-09 -0.079601169
v  -0.028699998 -1.1721462e-09 -0.079601169
v  -0.028699998 0.0010000009 -0.079601169
v  -0.028699998 -1.1721462e-09 -0.073000014
v  -0.0019182198 0.0035168591 -0.051332835
v  -0.0042704204 0.0034384716 -0.051404897
v  0.002352766 0.0035158012 -0.05134714
v  0.025608435 0.0032157588 -0.0608241
v  0.02340205 0.0019361514 -0.057690684
v  3.6490107e-08 0.0037003371 -0.051410202
v  -0.0065727616 0.0031541947 -0.051445309
v  0.0046845218 0.0034033644 -0.051414732
v  -0.028861158 0.0019742425 -0.068715155
v  -0.0087947035 0.0026371616 -0.051436011
v  -0.027785882 0.0012014981 -0.064134359
v  0.028839022 0.0030513469 -0.069999933
v  0.0069613 0.003081939 -0.051447395
v  0.022500001 -1.1721463e-09 -0.081499994
v  -0.022500001 -1.1721462e-09 -0.081499994
v  -0.028699998 -0.00099999947 -0.081499994
v  -0.022500001 -1.1721462e-09 -0.071500003
v  0.028209507 0.0022829424 -0.06573534
v  0.02630233 0.00046299282 -0.060808484
v  -0.01090992 0.0018708657 -0.051364545
v  -0.028712664 0.00091340276 -0.067303777
v  0.0091538718 0.0025270085 -0.051428381
v  -0.02193819 -0.0019494083 -0.054543141
v  0.028881148 0.0016824703 -0.068718314
v  -0.018339578 -0.0017590013 -0.051982645
v  0.020965561 8.6365959e-05 -0.054760579
v  0.017059177 -0.00018071874 -0.052237991
v  -0.012895503 0.00084793451 -0.05122352
v  -0.026691683 -0.0020402086 -0.060779992
v  -0.026237424 0.00077860686 -0.060811345
v  0.011237009 0.0017239477 -0.051346425
v  -0.02842164 -0.0003090289 -0.065782964
v  0.02782283 0.00089328992 -0.06413877
v  3.6490107e-08 0.003461479 -0.051257972
v  -0.024901867 -0.0030046192 -0.057433967
v  -0.0018715345 0.001362412 -0.049944226
v  -0.0041653523 0.0012861926 -0.049992744
v  0.0022953295 0.0013594206 -0.049954597
v  0.028726645 0.00062040868 -0.067308486
v  4.3940688e-08 0.0013583477 -0.049917702
v  -0.0064113187 0.0010304812 -0.050004248
v  -0.028076276 -0.00025769812 -0.0050903582
v  -0.028174635 0.0034361768 -0.0041536712
v  -0.027857833 0.0034364599 -0.0061762356
v  -0.027196236 0.0027291502 -0.0087758331
v  -0.027216218 0.0034363407 -0.0086024432
v  -0.012586423 0.0034361843 -0.025848569
v  -0.012566191 0.0018487859 -0.026095988
v  -0.014202164 0.0034364003 -0.025102856
v  -0.014489126 0.0019242081 -0.025145294
v  -0.014528123 0.0034363407 -0.024905087
v  -0.016286422 0.0018557373 -0.02407104
v  -0.01634324 0.0034360352 -0.023803832
v  -0.02706698 0.0034363109 -0.0091667799
v  -0.026852842 0.0034362364 -0.0097338585
v  -0.025969315 0.0034359533 -0.012073758
v  -0.026763748 -0.0047974936 -0.010553601
v  -0.011564021 0.0034360576 -0.026320459
v  -0.028338596 0.0034360352 -0.0031068947
v  -0.010523786 0.0016299475 -0.026908161
v  -0.010535636 0.0034357745 -0.026669146
v  -0.0018226214 0.0034360278 -0.028423788
v  -0.0012773656 0.0013401199 -0.028473498
v  -0.0026346527 0.0034360427 -0.028389873
v  -0.0037373758 0.0034360203 -0.028236093
v  -0.016612969 0.0034359905 -0.023640217
v  -0.028470069 -0.00355439 -0.0013603594
v  -0.028499998 0.0017003815 -2.5509261e-09
v  -0.028499994 0.003435998 -2.5509261e-09
v  -0.001306557 0.0034360203 -0.028445365
v  -0.0012995013 0.0032797295 -0.028475763
v  -3.8015699e-08 0.0028066325 -0.028503539
v  1.4138366e-08 0.003435998 -0.028500022
v  -0.0037170581 0.0020796868 -0.028281929
v  -0.0058355788 0.0034359756 -0.027943613
v  0.0013065926 0.003435998 -0.028445723
v  0.0018212936 0.003435998 -0.028424324
v  0.0012995369 0.0032797444 -0.028475763
v  0.0026183121 0.003435998 -0.028391184
v  0.0012774012 0.001340131 -0.028473498
v  0.0037374042 0.003435998 -0.028235914
v  0.003717094 0.002079698 -0.028281929
v  0.0058128601 0.003435998 -0.027947845
v  0.0060869521 0.002701639 -0.027917804
v  0.0061008772 0.003435998 -0.027880372
v  0.0083717918 0.003435998 -0.027348699
v  -0.0061010206 0.0034359235 -0.027881326
v  -0.0083716968 0.0034354392 -0.027348461
v  0.0088851964 0.003435998 -0.027228476
v  0.0083691766 0.0031971175 -0.027384402
v  0.0098709604 0.003435998 -0.026894273
v  0.010535604 0.003435998 -0.026668968
v  0.0083709722 0.0012710828 -0.027568879
v  0.01052381 0.0016299512 -0.026908161
v  0.011565759 0.003435998 -0.026319744
v  0.012566215 0.0018487896 -0.026095988
v  0.01258663 0.003435998 -0.025849106
v  0.014178655 0.003435998 -0.025115134
v  0.014489143 0.0019242081 -0.025145294
v  0.016343698 0.003435998 -0.023804607
v  0.014527551 0.003435998 -0.024903955
v  -0.0088930177 0.0034353274 -0.027226092
v  0.016603678 0.003435998 -0.023647251
v  0.01628644 0.0018557336 -0.02407104
v  0.018021472 0.003435998 -0.022549214
v  0.017954625 0.0016444537 -0.022887411
v  0.018865623 0.003435998 -0.02189541
v  0.019492671 0.0012917432 -0.021605315
v  0.021054387 0.003435998 -0.019734206
v  0.020966701 0.003435998 -0.019841852
v  0.019587591 0.003435998 -0.021189751
v  -0.018885132 0.0034358713 -0.021877768
v  -0.0195878 0.0034358937 -0.021190168
v  -0.018020775 0.003435916 -0.02254826
v  -0.020974565 0.0034359533 -0.019833149
v  -0.021054704 0.0034359458 -0.019734563
v  0.020901524 0.00079942006 -0.020233693
v  0.022368766 0.003435998 -0.01812047
v  0.022869945 0.003435998 -0.017505171
v  0.023340017 -0.0005885635 -0.017255666
v  0.022183158 0.00017098592 -0.018781247
v  0.024690025 0.003435998 -0.014624002
v  0.024556622 0.003435998 -0.014889303
v  0.023574293 0.003435998 -0.016412796
v  -0.022884894 0.0034358117 -0.017484071
v  -0.023574304 0.0034358639 -0.016412916
v  -0.02236798 0.003435849 -0.018119695
v  -0.024566948 0.0034359384 -0.014870646
v  -0.024690423 0.0034359384 -0.01462442
v  0.024374492 -0.0014730853 -0.015663506
v  0.025654994 0.003435998 -0.012704912
v  0.025950715 0.003435998 -0.012116852
v  0.025288716 -0.0024751734 -0.014011267
v  0.026763752 -0.004797501 -0.010553601
v  0.027215436 0.003435998 -0.0086020259
v  0.027058683 0.003435998 -0.0091935424
v  0.026854277 0.003435998 -0.0097328452
v  -0.025653426 0.0034359458 -0.012703779
v  0.027196243 0.0027291428 -0.0087758331
v  0.027856477 0.003435998 -0.0061829113
v  0.028076276 -0.00025770557 -0.0050903582
v  0.02833885 0.003435998 -0.0031074311
v  0.028174751 0.003435998 -0.0041537308
v  0.028470069 -0.0035543938 -0.0013603594
v  0.028499998 0.003435998 -2.5509332e-09
v  0.028499998 0.0017003554 -2.5509335e-09
v  0.028450571 0.003435998 0.0016778086
v  -0.028450567 0.003435998 0.0016778086
v  0.028500021 -0.013634951 -2.5509337e-09
v  0.028500021 -0.013586742 -2.5509337e-09
v  0.028500028 -0.021797119 -2.5509335e-09
v  0.028500006 -0.0050422079 -2.5509337e-09
v  0.027429976 0.003435998 0.0077360249
v  0.027701385 -0.0394 0.006124971
v  0.028168216 -0.0394 0.0033538912
v  0.028450571 -0.0394 0.0016778086
v  0.02822037 -0.0394 0.0030442451
v  -0.028500006 -0.0050422079 -2.5509261e-09
v  -0.028500017 -0.013586742 -2.5509261e-09
v  -0.028500017 -0.013634936 -2.5509261e-09
v  -0.028450567 -0.0394 0.0016778086
v  -0.028220341 -0.0394 0.0030444239
v  -0.028168216 -0.0394 0.0033538912
v  -0.027701359 -0.0394 0.0061250902
v  -0.027429972 0.003435998 0.0077360249
v  0.025134757 0.003435998 0.013434825
v  0.025913708 -0.0394 0.011500773
v  0.026852228 -0.0394 0.0091705294
v  0.026952311 -0.0394 0.0089220377
v  0.027429976 -0.0394 0.0077360249
v  -0.026952259 -0.0394 0.0089221569
v  -0.026852228 -0.0394 0.0091705294
v  -0.025913663 -0.0394 0.011500892
v  -0.025134753 0.003435998 0.013434825
v  -0.027429972 -0.0394 0.0077360249
v  0.021671571 0.003435998 0.018509267
v  0.02480343 -0.0394 0.013920304
v  0.025134757 -0.0394 0.013434825
v  -0.024803367 -0.0394 0.013920364
v  -0.021671571 0.003435998 0.018509267
v  -0.025134753 -0.0394 0.013434825
v  0.021883622 -0.0394 0.018198548
v  0.023331046 -0.0394 0.016077695
v  0.017201342 0.003435998 0.022723613
v  0.020092823 -0.0394 0.019997654
v  0.021671571 -0.0394 0.018509267
v  -0.018235408 -0.0394 0.021748779
v  -0.017201345 0.003435998 0.022723613
v  -0.020092767 -0.0394 0.019997714
v  -0.023330994 -0.0394 0.016077815
v  -0.021883577 -0.0394 0.018198607
v  -0.021671571 -0.0394 0.018509267
v  0.011931806 0.003435998 0.025882063
v  0.017201342 -0.0394 0.022723613
v  0.01823546 -0.0394 0.02174872
v  0.016219191 -0.0394 0.023312328
v  -0.017201345 -0.0394 0.022723613
v  -0.016219139 -0.0394 0.023312328
v  -0.013972525 -0.0394 0.024658917
v  -0.011931804 0.003435998 0.025882063
v  0.0061078137 0.003435998 0.027837811
v  0.013972565 -0.0394 0.024658917
v  0.008998639 -0.0394 0.02686709
v  0.010322033 -0.0394 0.026422678
v  0.011644564 -0.0394 0.025978563
v  0.011931806 -0.0394 0.025882063
v  0.0061078137 -0.0394 0.027837811
v  0.0062175309 -0.0394 0.027800975
v  -0.011644528 -0.0394 0.025978563
v  -0.010322028 -0.0394 0.026422678
v  -0.0061078118 0.003435998 0.027837811
v  -0.011931804 -0.0394 0.025882063
v  -7.6278761e-10 0.003435998 0.028500019
v  0.002156622 -0.0394 0.028266249
v  0.0030932196 -0.0394 0.028164683
v  0.0045412472 -0.0394 0.028007684
v  0.0046916073 -0.0394 0.027991412
v  -0.0062175104 -0.0394 0.027800975
v  -0.0061078118 -0.0394 0.027837811
v  -0.0045412416 -0.0394 0.028007684
v  -0.0030932098 -0.0394 0.028164683
v  -0.008998611 -0.0394 0.02686709
v  -0.0014198431 -0.0394 0.028346119
v  -7.6278772e-10 -0.0394 0.028500078
v  0.0014198489 -0.0394 0.028346119
v  -0.0021566085 -0.0394 0.028266249
v  -0.0060869204 0.0027016315 -0.027917804
v  -0.019492656 0.001291747 -0.021605315
v  -0.020901509 0.00079942378 -0.020233693
v  -0.025288709 -0.002475166 -0.014011267
v  -0.022183146 0.00017099337 -0.018781247
v  -0.023340005 -0.00058855605 -0.017255725
v  -0.024374481 -0.0014730778 -0.015663566
v  -0.008369145 0.00319711 -0.027384402
v  -0.017954607 0.0016444575 -0.022887411
v  -0.0083709443 0.0012710791 -0.027568879
v  0.0045692092 0.0012545052 -0.049997751
v  -1.8702731e-07 0.00089964899 -0.028514149
v  0.024308696 -0.00064091128 -0.057564799
v  -0.0085811289 0.0005605917 -0.049961034
v  0.0067905402 0.0009652439 -0.050000791
v  0.028863564 0.0025862406 -0.069999933
v  0.028841138 -0.0030313258 -0.079601169
v  0.028841138 -0.0030313258 -0.081499994
v  -0.014731159 -0.00043092039 -0.051009599
v  -0.028856732 0.0028764892 -0.069999933
v  -0.028915051 0.0017055261 -0.069999933
v  0.013188682 0.00066688168 -0.05119497
v  0.027777277 -0.0074793859 -0.0069435858
v  0.0061198091 0.00077982503 -0.028070094
v  -0.0061197812 0.00077981758 -0.028070094
v  -0.010650021 -0.00014678879 -0.049850885
v  -0.028003637 -0.0016897519 -0.064170063
v  0.028910041 0.0017051611 -0.069999933
v  -0.0196441 -0.0037932557 -0.051629845
v  0.0089321723 0.00045960653 -0.049947266
v  0.028009564 -0.0019814272 -0.064172506
v  0.018529437 -0.0020250764 -0.051937524
v  -0.02284047 -0.0044218539 -0.054259364
v  0.0037857138 0.00016942502 -0.028411211
v  -0.0037856817 0.00016941385 -0.028411211
v  -0.028929368 -0.00092089293 -0.068744659
v  -0.02872096 -0.0019884494 -0.067346156
v  0.022063106 -0.0022506688 -0.054509345
v  0.014494664 8.676084e-05 -0.025493743
v  -0.01449464 8.676084e-05 -0.025493743
v  -0.016311139 -0.00175072 -0.024860086
v  -0.012596191 -0.0011047546 -0.049666468
v  0.017927296 -0.0020071466 -0.023685159
v  0.016311161 -0.00175072 -0.024860086
v  0.012601434 3.0419549e-05 -0.026436271
v  -0.012601414 3.0419549e-05 -0.026436271
v  0.010970323 -0.00028354791 -0.049826149
v  0.028999999 -1.1721463e-09 -0.073000014
v  -0.028999999 -1.1721462e-09 -0.073000014
v  -0.028999995 -1.1721462e-09 -0.069999933
v  0.028999999 -1.1721463e-09 -0.069999933
v  0.028920822 -0.00119535 -0.068746924
v  -0.016398385 -0.0019579988 -0.050722782
v  -0.017927282 -0.0020071429 -0.023685219
v  0.019421592 -0.0023982052 -0.022415103
v  0.010592907 -0.00016903623 -0.027242901
v  -0.010592883 -0.00016903995 -0.027242901
v  0.014989286 -0.00064233807 -0.050971273
v  4.3940688e-08 -0.00053337705 -0.048412804
v  4.3940688e-08 0.0013259675 -0.049891952
v  0.0044801002 -0.00062808883 -0.048455719
v  0.0013873718 -0.00053985906 -0.028610112
v  -2.5408252e-07 0.00012967245 -0.02851844
v  -0.0013873362 -0.00053987023 -0.028610112
v  -0.019421574 -0.0023982015 -0.022415163
v  0.020794235 -0.0029199731 -0.021058144
v  -0.0040842639 -0.00059962017 -0.048456673
v  -0.0062862048 -0.000827824 -0.048433784
v  0.0084780743 -0.00050766882 -0.027904393
v  -0.0084780464 -0.00050767255 -0.027904393
v  -0.026869703 -0.004880534 -0.060729865
v  -0.0084159607 -0.0012514938 -0.048353557
v  0.0066582104 -0.00088617695 -0.048424069
v  -0.028384477 -0.0032059301 -0.065821111
v  0.026723742 -0.0023432609 -0.060775343
v  -0.014400155 -0.0023172509 -0.049404208
v  -0.02079422 -0.0029199694 -0.021058144
v  0.022046499 -0.0035666798 -0.019622745
v  0.0062690442 -0.00097398204 -0.028424801
v  -0.0062690163 -0.00097398949 -0.028424801
v  -0.025332477 -0.0057435832 -0.057264928
v  0.012883975 -0.0012755331 -0.049630765
v  0.0287067 -0.0022629474 -0.067349315
v  -0.010450435 -0.0019011993 -0.048204068
v  0.024963163 -0.0033111398 -0.057415668
v  0.0087608835 -0.001343475 -0.048333351
v  -0.020740759 -0.0060106306 -0.051224176
v  -0.022046488 -0.0035666723 -0.019622805
v  0.023180366 -0.0043327003 -0.018115701
v  0.003981336 -0.0015459482 -0.028828265
v  -0.0039813006 -0.0015459557 -0.028828265
v  -3.5094007e-07 -0.00097040948 -0.028727772
v  0.014574616 -0.0016296518 -0.025932314
v  -0.014574596 -0.0016296518 -0.025932373
v  0.019798949 -0.0040731668 -0.05157942
v  -0.017880987 -0.0037196178 -0.050365869
v  0.012721322 -0.001646382 -0.026890697
v  -0.012721301 -0.001646382 -0.026890697
v  0.02184619 -0.005384603 -0.081499994
v  0.02184619 -0.005384603 -0.071500003
v  -0.02184619 -0.005384603 -0.081499994
v  0.028072834 -0.0059670671 -0.073000014
v  0.028072834 -0.0059670671 -0.079601169
v  -0.028072834 -0.0059670671 -0.079601169
v  -0.028699998 -0.00099999947 -0.079601169
v  0.028987072 -0.00027281162 -0.069999993
v  0.0289497 -0.0017072533 -0.073000014
v  -0.028072834 -0.0059670671 -0.073000014
v  -0.0289497 -0.0017072533 -0.073000014
v  -0.028910045 -0.0017051597 -0.069999993
v  -0.02184619 -0.005384603 -0.071500003
v  0.019922763 -0.010456272 -0.071500003
v  0.016841494 -0.014920258 -0.071500003
v  0.012781455 -0.018517138 -0.071500003
v  -0.012368915 -0.0027960886 -0.04797757
v  0.010757393 -0.0018012759 -0.027725639
v  -0.010757373 -0.0018012759 -0.027725639
v  0.016620852 -0.0021952067 -0.050675813
v  -0.027777277 -0.0074793822 -0.0069436454
v  -0.028344624 -0.010438931 -0.00325686
v  0.028919198 -0.0017058079 -0.069999993
v  0.010765842 -0.0020280306 -0.048172656
v  -0.027934741 -0.004571063 -0.064187229
v  -0.023508035 -0.0070009581 -0.05394477
v  -0.016044151 -0.0037801948 -0.049064104
v  0.0086916378 -0.0020878327 -0.02843559
v  -0.0086916061 -0.0020878401 -0.02843559
v  4.3940688e-08 -0.00053573144 -0.04841036
v  -0.0034556582 -0.0021437418 -0.046789769
v  2.1588944e-08 -0.0020945568 -0.046805326
v  0.0016339115 -0.0021829021 -0.029175879
v  -3.8819297e-07 -0.0024193574 -0.029314997
v  -3.6584123e-07 -0.0011592519 -0.028763713
v  -0.0016338759 -0.0021829095 -0.029175879
v  -0.023180358 -0.0043326928 -0.018115761
v  0.024198145 -0.0052112355 -0.016543152
v  -0.0037037625 -0.0021640074 -0.046783272
v  -0.0040295394 -0.0021906171 -0.046774689
v  -0.0049327249 -0.0022643853 -0.046750966
v  0.0022318878 -0.0021330614 -0.046793047
v  0.0038130127 -0.002160338 -0.046784345
v  0.0044195419 -0.002216344 -0.046766344
v  0.0049307561 -0.0022635472 -0.046751145
v  0.022931837 -0.0047232374 -0.054223243
v  0.0146543 -0.0025189158 -0.049358312
v  -0.0061687166 -0.0023653407 -0.046718542
v  -0.0071801813 -0.0025463824 -0.046660725
v  0.0065690046 -0.0024265472 -0.046698753
v  0.0071808314 -0.0025450338 -0.046660963
v  0.0075578606 -0.0026180495 -0.046637658
v  0.0064532822 -0.0024041359 -0.046705905
v  0.0065357601 -0.0024878953 -0.029033722
v  -0.0065357285 -0.002487899 -0.029033722
v  -0.019922759 -0.010456272 -0.081499994
v  -0.028069813 -0.0072859838 -0.081499994
v  -0.028982751 -0.00099999947 -0.081499994
v  -0.028982751 -0.00099999947 -0.079601169
v  -0.028069813 -0.0072859838 -0.079601169
v  -0.014152729 -0.0039450652 -0.047670249
v  -0.0083059827 -0.0027478908 -0.046596292
v  -0.0099866996 -0.0032528837 -0.046435241
v  -0.0083309533 -0.0027523574 -0.046594921
v  0.012653097 -0.0029569429 -0.047935072
v  0.0099829128 -0.0032609489 -0.04643232
v  0.0086442744 -0.0028284502 -0.046570603
v  -0.024198137 -0.005211228 -0.016543152
v  0.025102213 -0.0061949431 -0.01491082
v  -0.0043045925 -0.0029668298 -0.029554309
v  -0.014727802 -0.0032093127 -0.026469829
v  -0.016589481 -0.004898475 -0.025951328
v  0.014727823 -0.0032093127 -0.026469829
v  0.012924395 -0.0031628285 -0.027471008
v  -0.01292437 -0.0031628322 -0.027471008
v  -0.026774194 -0.0077054552 -0.060658518
v  -0.028848283 -0.002876011 -0.070000052
v  -0.028441627 -0.0048625632 -0.067373693
v  0.02887015 -0.0027413231 -0.070000052
v  0.028812632 -0.0031287384 -0.070000052
v  0.027911201 -0.007871774 -0.073000014
v  -0.027911201 -0.007871774 -0.073000014
v  -0.02841315 -0.0057219989 -0.069999993
v  -0.028839037 -0.0030512523 -0.070000052
v  0.018118545 -0.0052691265 -0.024717094
v  0.0165895 -0.0048984787 -0.025951328
v  -0.019170009 -0.0056961044 -0.049944047
v  0.011015422 -0.0032429893 -0.02836925
v  -0.011015397 -0.003242993 -0.02836925
v  -0.010315151 -0.0033521701 -0.046403591
v  -0.0102565 -0.0033344415 -0.046409253
v  -0.01221712 -0.0041853315 -0.046137217
v  -0.010530991 -0.0034174186 -0.046382789
v  -0.021624938 -0.0083806897 -0.050772671
v  -0.017512556 -0.0054825037 -0.048648898
v  0.026872307 -0.005166871 -0.060723428
v  0.027913436 -0.0048428378 -0.064187527
v  -0.018118527 -0.0052691228 -0.024717094
v  0.019536495 -0.005755262 -0.023407163
v  0.018068239 -0.0039774491 -0.050311688
v  0.012175142 -0.0041838712 -0.046137456
v  0.010834447 -0.0035360728 -0.046344344
v  0.01062744 -0.0034691889 -0.046365742
v  -0.025505379 -0.0085067833 -0.057075266
v  0.009009338 -0.0034393196 -0.029169979
v  -0.00900931 -0.0034393233 -0.029169979
v  -0.0026860989 -0.003247862 -0.045222763
v  6.6877832e-09 -0.0022450325 -0.046620253
v  0.0011090405 -0.0026767005 -0.046061579
v  -0.0043619433 -0.0024978344 -0.046379033
v  0.0026861273 -0.0032478694 -0.045222763
v  -2.3918136e-07 -0.0033951898 -0.030023517
v  -3.5839065e-07 -0.0025997323 -0.029445948
v  0.0020164617 -0.0034656089 -0.030053677
v  -0.0020164258 -0.0034656164 -0.030053677
v  0.016264059 -0.0040085851 -0.049009088
v  -8.2133775e-09 -0.0023696546 -0.04646695
v  0.020862415 -0.0062985099 -0.051169936
v  0.028403036 -0.0051159388 -0.067375183
v  -0.0072944248 -0.0039964444 -0.044401888
v  -0.015784901 -0.0053479462 -0.047281805
v  0.02536308 -0.006038358 -0.057245318
v  -0.0087207491 -0.0035949957 -0.045457307
v  -7.6279694e-10 -0.0034627218 -0.044852559
v  -0.01953648 -0.0057552545 -0.023407163
v  0.020843014 -0.0063536405 -0.022026481
v  0.0042759543 -0.0038024907 -0.0443216
v  -0.025102202 -0.0061949356 -0.01491088
v  0.0069171628 -0.0037303765 -0.029887976
v  0.0025321462 -0.0044388897 -0.031190397
v  -0.0069171311 -0.0037303839 -0.029887976
v  0.014404594 -0.0041374764 -0.04761732
v  0.0073844781 -0.0026579883 -0.046518568
v  0.0087207695 -0.0035950106 -0.045457307
v  -0.012904805 -0.0045874431 -0.046008591
v  -0.012416941 -0.0042763329 -0.04610813
v  -0.020842999 -0.0063536367 -0.022026481
v  0.022038758 -0.0070598251 -0.020579042
v  0.01249767 -0.0043397075 -0.046087686
v  -0.0025321103 -0.0044388971 -0.031190397
v  -0.023938682 -0.009650101 -0.053604428
v  0.027580641 -0.0089614922 -0.079601169
v  0.027580641 -0.0089614922 -0.081499994
v  -0.027881857 -0.0076782233 -0.067383587
v  0.02842129 -0.0057645976 -0.069999993
v  0.014951012 -0.0046462803 -0.027103843
v  0.013206712 -0.0045113019 -0.028173329
v  -0.013206691 -0.0045112981 -0.028173329
v  -0.014950992 -0.0046462803 -0.027103843
v  0.011362313 -0.0044866889 -0.02916378
v  -0.011362289 -0.0044866889 -0.02916378
v  3.6490107e-08 -0.003646997 -0.044458512
v  -0.0010472917 -0.0039181202 -0.043981854
v  -0.0058694975 -0.0043767779 -0.043335203
v  0.0010473198 -0.0039181276 -0.043981854
v  0.023568295 -0.0072970032 -0.053907339
v  -0.012479422 -0.005463378 -0.044119004
v  -0.011336145 -0.0055360957 -0.043083612
v  -4.0309413e-07 -0.0038364541 -0.030516984
v  -0.0094256224 -0.0045589968 -0.030084314
v  0.010040796 -0.0045452989 -0.044320885
v  0.028344624 -0.010438935 -0.00325686
v  -0.022038747 -0.0070598214 -0.020579042
v  0.023125254 -0.0078678774 -0.019068899
v  0.0058695218 -0.0043767854 -0.043335143
v  1.6314998e-07 -0.004298409 -0.043065432
v  -0.018795699 -0.0074064001 -0.048163656
v  0.0074066957 -0.0047071441 -0.030949177
v  -0.0074066715 -0.0047071478 -0.030949177
v  -0.0053176181 -0.004901459 -0.031777862
v  -0.017250389 -0.0069964505 -0.046814505
v  -0.020259473 -0.0078623565 -0.049463991
v  0.0044752201 -0.0047180145 -0.042195622
v  -5.8190807e-07 -0.0042924895 -0.031026961
v  -0.0044751922 -0.0047180071 -0.042195622
v  1.7060056e-07 -0.0043600886 -0.042933527
v  -0.01414789 -0.0053801551 -0.045754973
v  -0.01398838 -0.005278436 -0.045787517
v  0.019323476 -0.0059689372 -0.049884204
v  0.017698556 -0.0057327016 -0.048586253
v  -0.01017283 -0.0056133731 -0.042056862
v  0.016003884 -0.0055681965 -0.047219578
v  0.014237679 -0.0054642535 -0.045727972
v  0.012748337 -0.0044608242 -0.046049003
v  0.012917935 -0.00457509 -0.046012405
v  0.014137506 -0.0053967624 -0.045749549
v  -0.013586608 -0.0054017468 -0.045183364
v  -5.4465517e-07 -0.0044025122 -0.031228723
v  -0.00027097837 -0.0047730259 -0.031829301
v  -0.023125246 -0.0078678736 -0.019068958
v  0.011336162 -0.0055361106 -0.043083612
v  9.6094752e-08 -0.004518514 -0.042377774
v  -0.0090096863 -0.0056846193 -0.041001979
v  0.0074524051 -0.0049985624 -0.042232696
v  -4.0309413e-07 -0.0047825999 -0.031925801
v  0.00027101411 -0.0047730221 -0.031829301
v  -0.022293005 -0.010869716 -0.050283138
v  0.0031724938 -0.0051067709 -0.032592777
v  0.0053176498 -0.0049014552 -0.031777862
v  -0.0031724616 -0.0051067746 -0.032592777
v  -0.00098440878 -0.0052955612 -0.033407334
v  0.0079951277 -0.0054471134 -0.03215808
v  0.011790997 -0.0055425442 -0.030078949
v  0.01523894 -0.0059437207 -0.027823092
v  -0.0079950998 -0.0054471134 -0.03215808
v  -0.011790973 -0.0055425442 -0.030078949
v  -0.015238923 -0.005943717 -0.027823092
v  -0.0031399473 -0.00500212 -0.040920321
v  0.0031399794 -0.0050021238 -0.040920321
v  -1.0507092e-07 -0.0049573644 -0.040838066
v  -0.027585302 -0.0074079684 -0.064181507
v  -0.026411876 -0.01047912 -0.060562316
v  0.013586625 -0.0054017692 -0.045183364
v  -0.017093599 -0.0075724139 -0.027314188
v  -0.005989545 -0.005458863 -0.03316367
v  -0.0049694302 -0.0053413748 -0.039854053
v  -0.0078688981 -0.0057368553 -0.039875571
v  -0.0067724446 -0.0057562231 -0.038637761
v  0.0049694618 -0.0053413785 -0.039854053
v  0.02171541 -0.0086707482 -0.050716106
v  -3.2858833e-07 -0.0049702241 -0.032269899
v  0.0009844444 -0.0052955612 -0.033407334
v  -0.026424114 -0.011990407 -0.012480262
v  0.024979196 -0.0097646387 -0.015875997
v  0.027476832 -0.014490706 -0.0089247255
v  0.026424117 -0.01199041 -0.012480262
v  0.026751041 -0.0079716006 -0.060650233
v  0.027540892 -0.0076572425 -0.06417954
v  -0.026965741 -0.010168684 -0.064149737
v  -0.025422994 -0.011256334 -0.056864802
v  0.018506274 -0.0081220204 -0.025970282
v  0.017093614 -0.0075724176 -0.027314188
v  0.005989573 -0.005458863 -0.03316367
v  -0.0039276676 -0.0054682656 -0.034162346
v  -1.6467557e-07 -0.0050368509 -0.040277544
v  4.3940688e-08 -0.0053351833 -0.033620719
v  0.0090097105 -0.0056846305 -0.041001979
v  -0.0018868827 -0.0052130236 -0.039460365
v  -0.0038266859 -0.0054341755 -0.038437549
v  0.0018869183 -0.0052130274 -0.039460365
v  -3.4348952e-07 -0.0052833906 -0.038538817
v  0.0039276993 -0.0054682656 -0.034162287
v  -1.1997209e-07 -0.0053778975 -0.035903994
v  0.027823046 -0.007908565 -0.067383468
v  0.028371722 -0.00595645 -0.069999993
v  0.025508463 -0.0087855281 -0.057054702
v  -0.024979193 -0.0097646313 -0.015875997
v  -3.0623661e-07 -0.0052988618 -0.038107518
v  -0.0027732484 -0.0054630875 -0.036849145
v  -0.00073188619 -0.0053404174 -0.037803832
v  0.0038267144 -0.0054341792 -0.038437489
v  0.00073192193 -0.0053404174 -0.037803773
v  -0.018506255 -0.008122013 -0.025970282
v  -6.7818021e-08 -0.0053990311 -0.035314802
v  2.9039526e-08 -0.005340708 -0.033767287
v  -1.7212615e-07 -0.0053572147 -0.03648055
v  0.0027732842 -0.0054630912 -0.036849145
v  -0.0057399431 -0.0057294606 -0.037262741
v  0.0067724725 -0.0057562306 -0.038637761
v  -0.015621011 -0.0066229827 -0.045357767
v  -0.014241264 -0.0054397001 -0.045735959
v  -0.015823878 -0.0067969612 -0.045302156
v  -0.0047873193 -0.0056435331 -0.03575385
v  0.0047873473 -0.0056435368 -0.03575385
v  0.019922763 -0.010456272 -0.081499994
v  -0.019922759 -0.010456272 -0.071500003
v  -0.015579079 -0.0081236633 -0.042256597
v  0.014537319 -0.0056661307 -0.045663361
v  0.014597147 -0.0067438534 -0.043781225
v  0.0057399711 -0.0057294643 -0.037262682
v  0.0086717671 -0.0059974506 -0.033439282
v  -0.0067575546 -0.0058212406 -0.034603599
v  -0.0086717391 -0.0059974468 -0.033439342
v  -0.010519617 -0.0061949766 -0.032264832
v  -0.014717371 -0.0078988159 -0.041255597
v  -0.018538248 -0.0088747824 -0.046273235
v  -0.01382516 -0.0076804883 -0.040261034
v  0.012599065 -0.0065816729 -0.041729454
v  0.012292421 -0.0064352541 -0.031074585
v  -0.012292401 -0.0064352504 -0.031074645
v  0.015833557 -0.0068425774 -0.045287613
v  0.017436653 -0.0072398572 -0.04674447
v  -0.012915255 -0.0074652447 -0.039255384
v  -0.012003195 -0.0072455495 -0.038215999
v  0.010529331 -0.0064367666 -0.039654855
v  -0.019886572 -0.0095281387 -0.047615413
v  -0.028357726 -0.006069561 -0.069999993
v  -0.0085332626 -0.0062290854 -0.037323479
v  0.0085332906 -0.0062290928 -0.037323479
v  0.0094248122 -0.0064127459 -0.034721855
v  0.010241135 -0.0067393458 -0.035956386
v  0.01894898 -0.007672911 -0.048095111
v  -0.010241115 -0.0067393384 -0.035956446
v  -0.011106038 -0.0070093065 -0.037121121
v  -0.024131905 -0.012331435 -0.05324233
v  -0.02103582 -0.0094855586 -0.023138346
v  0.021035835 -0.0094855661 -0.023138346
v  -0.013982737 -0.0067362613 -0.029859426
v  -0.015584667 -0.0071120909 -0.02860892
v  0.015584684 -0.0071120984 -0.02860886
v  0.027879015 -0.0078634555 -0.069999933
v  0.026218757 -0.01167334 -0.073000014
v  0.026218757 -0.01167334 -0.079601169
v  -0.026218753 -0.01167334 -0.079601169
v  -0.026218753 -0.01167334 -0.073000014
v  0.02038081 -0.0081443684 -0.049400095
v  -0.021144331 -0.010188797 -0.04893345
v  0.023970492 -0.0099358121 -0.0535664
v  -0.02787409 -0.0078617567 -0.069999993
v  -0.011888606 -0.0072810925 -0.03456134
v  0.012003212 -0.0072455606 -0.038215999
v  0.012855991 -0.0071959137 -0.03210992
v  0.013469866 -0.0078561464 -0.033150557
v  0.01188863 -0.0072810999 -0.03456134
v  -0.013469846 -0.007856139 -0.033150557
v  0.013825177 -0.0076805032 -0.040260974
v  0.015579089 -0.0081236856 -0.042256597
v  -0.014979993 -0.008470309 -0.031728033
v  0.01342675 -0.0080983127 -0.036712114
v  0.016857758 -0.0079765888 -0.044925395
v  0.016172968 -0.0071506253 -0.045189206
v  -0.017180592 -0.008578469 -0.044319395
v  -0.016869448 -0.0079757171 -0.044925753
v  -0.017319571 -0.0084831724 -0.044763688
v  -0.017091259 -0.0082257772 -0.044845883
v  -0.022742432 -0.013441508 -0.049763147
v  -0.014121224 -0.0084450366 -0.034172717
v  -0.0147965 -0.0089867273 -0.035164956
v  -0.023169864 -0.011181076 -0.020117225
v  0.023169875 -0.011181084 -0.020117225
v  -0.016415071 -0.0091312425 -0.030292334
v  0.015979894 -0.0081680091 -0.029439094
v  0.016415089 -0.00913125 -0.030292274
v  0.01498001 -0.0084703164 -0.031728033
v  0.017267816 -0.008471177 -0.044767443
v  0.018692642 -0.0091359923 -0.04619706
v  -0.015481816 -0.0094997184 -0.036125783
v  0.015013627 -0.008822077 -0.038697068
v  0.014796517 -0.0089867385 -0.035164956
v  -0.025810219 -0.013222423 -0.081499994
v  -0.025810219 -0.013222423 -0.079601169
v  0.022354499 -0.011156418 -0.0502255
v  -0.019639798 -0.010960628 -0.04566497
v  -0.02579413 -0.013169692 -0.060440127
v  -0.016163833 -0.0099971006 -0.03706098
v  -0.027476825 -0.014490702 -0.0089247255
v  0.028151169 -0.017213641 -0.0052700066
v  -0.019047096 -0.010619675 -0.027365925
v  0.026366986 -0.010722497 -0.060552243
v  0.026902512 -0.010393721 -0.064145684
v  0.020008571 -0.0098051922 -0.047542695
v  -0.027052224 -0.010406812 -0.067374587
v  -0.026090015 -0.012824737 -0.064091325
v  -0.016830523 -0.010486786 -0.037980858
v  0.0165364 -0.0095350714 -0.040621344
v  -0.025091164 -0.013955687 -0.056632403
v  0.01610969 -0.0099068405 -0.033591215
v  -0.027699091 -0.0085102553 -0.069999933
v  -0.020779207 -0.011819032 -0.047012512
v  0.027656704 -0.0087238969 -0.069999933
v  0.027655073 -0.0087282592 -0.069999933
v  0.02557572 -0.013670505 -0.073000014
v  -0.025575716 -0.013670505 -0.073000014
v  -0.026713233 -0.011213628 -0.069999993
v  -0.027561437 -0.009020363 -0.069999933
v  -0.017471906 -0.010971745 -0.03889728
v  0.02697739 -0.010612891 -0.067372918
v  0.025401972 -0.011515451 -0.056843404
v  0.017180607 -0.0085784914 -0.044319335
v  0.016163848 -0.0099971155 -0.03706098
v  -0.021344189 -0.012341705 -0.024353208
v  0.0213442 -0.012341713 -0.024353148
v  0.019047111 -0.010619682 -0.027365925
v  0.018653385 -0.011918933 -0.040767137
v  0.021235406 -0.010474195 -0.04886717
v  -0.021820497 -0.012642224 -0.048361186
v  -0.017363641 -0.010857564 -0.03200293
v  -0.016879927 -0.010021796 -0.031150939
v  0.01736366 -0.010857576 -0.03200293
v  0.017436154 -0.0086742239 -0.044702593
v  -0.017442863 -0.0086661289 -0.044705156
v  -0.024089102 -0.015006644 -0.052861456
v  -0.018653378 -0.011918911 -0.040767197
v  0.018530846 -0.01033269 -0.044172172
v  0.017697863 -0.0089898789 -0.044601742
v  -0.018388096 -0.010068768 -0.044256512
v  0.026651137 -0.011409451 -0.069999993
v  0.025879443 -0.013203305 -0.06734395
v  0.02413813 -0.012602405 -0.053204361
v  0.017471917 -0.010971763 -0.03889728
v  -0.01867643 -0.010496628 -0.0441196
v  0.025114737 -0.014500001 -0.079601169
v  0.025114737 -0.014500001 -0.081499994
v  -0.017855354 -0.011653435 -0.032842044
v  0.017274782 -0.011198536 -0.035376731
v  -0.025966153 -0.013022047 -0.067346752
v  -0.019682731 -0.012853694 -0.028810861
v  0.019763499 -0.011233893 -0.045584444
v  -0.0183446 -0.012420994 -0.033667032
v  -0.020547654 -0.013226141 -0.044998411
v  -0.022971891 -0.016058179 -0.049220089
v  -0.024919167 -0.013173052 -0.016908886
v  0.023297034 -0.014284787 -0.021237554
v  0.02621121 -0.018733023 -0.014607969
v  0.024913266 -0.016424077 -0.017994704
v  0.020871609 -0.012100806 -0.04693735
v  0.018344611 -0.012421009 -0.033666972
v  0.022777312 -0.013719731 -0.049705688
v  -0.018821809 -0.013168302 -0.034480695
v  0.018386483 -0.012428344 -0.03711069
v  -0.024935693 -0.015749032 -0.060293261
v  -0.021468725 -0.014246316 -0.046364371
v  0.019078285 -0.011215203 -0.043889884
v  0.025731713 -0.013388672 -0.060428564
v  0.026012264 -0.013024581 -0.064085484
v  -0.024974719 -0.015350868 -0.06400764
v  -0.028467737 -0.020108661 -0.0015910293
v  -0.028151166 -0.017213637 -0.0052700066
v  0.016841494 -0.014920258 -0.081499994
v  -0.01684149 -0.014920258 -0.081499994
v  -0.02231238 -0.018524515 -0.081499994
v  -0.01684149 -0.014920258 -0.071500003
v  0.021883361 -0.012925417 -0.048294012
v  -0.024520461 -0.016573289 -0.056379978
v  -0.019278768 -0.01389964 -0.03528947
v  -0.01940906 -0.011931886 -0.043660823
v  -0.019693371 -0.012811002 -0.042761151
v  -0.021727167 -0.014976473 -0.025612237
v  0.019682743 -0.012853705 -0.028810801
v  0.025049783 -0.014192578 -0.05661035
v  -0.022284955 -0.015186609 -0.047756139
v  -0.019791443 -0.01268099 -0.043421391
v  -0.019508507 -0.012126711 -0.043598536
v  0.020108379 -0.015317106 -0.0369283
v  -0.023297023 -0.014284779 -0.021237554
v  0.01927878 -0.013899659 -0.035289411
v  -0.026458982 -0.011871059 -0.069999993
v  0.019403689 -0.011930761 -0.043661181
v  0.019618504 -0.012403131 -0.043510262
v  0.020642139 -0.013505583 -0.044915441
v  -0.023814335 -0.017638685 -0.052464131
v  0.026584938 -0.011586242 -0.069999993
v  0.024072774 -0.015259125 -0.052823965
v  0.02554924 -0.013657265 -0.069999993
v  -0.020348087 -0.014913821 -0.03024173
v  0.023218788 -0.016869439 -0.073000014
v  0.023218788 -0.016869439 -0.079601169
v  -0.023218788 -0.016869439 -0.079601169
v  -0.023218788 -0.016869439 -0.073000014
v  -0.021255754 -0.015638901 -0.044283573
v  -0.025543347 -0.013653883 -0.069999993
v  -0.020108368 -0.015317087 -0.036928359
v  0.019693382 -0.012811028 -0.042761151
v  -0.026211202 -0.018733015 -0.014607969
v  0.027215801 -0.021190679 -0.011080983
v  0.021533437 -0.014527136 -0.046288494
v  -0.022981372 -0.018680958 -0.04866058
v  0.021727175 -0.01497648 -0.025612237
v  0.019911565 -0.013047558 -0.043304268
v  -0.020979747 -0.016863672 -0.031641487
v  0.020348102 -0.014913832 -0.03024173
v  0.022982702 -0.016323334 -0.049163882
v  -0.021951366 -0.016774034 -0.045681182
v  -0.019925598 -0.013039277 -0.043306891
v  -0.020805813 -0.016671522 -0.038665
v  0.020248167 -0.01378774 -0.043067697
v  0.020805821 -0.016671544 -0.038665
v  -0.023853537 -0.018192364 -0.060125057
v  -0.022136562 -0.017449012 -0.026865246
v  0.02232185 -0.015462381 -0.047689501
v  -0.024639353 -0.015500155 -0.067301571
v  -0.023638297 -0.017725075 -0.063901663
v  0.024859905 -0.015942762 -0.060280684
v  0.02488663 -0.015525253 -0.064000547
v  -0.020427618 -0.014380005 -0.042878453
v  -0.023724385 -0.019081103 -0.056112055
v  -0.024913263 -0.016424069 -0.017994763
v  0.02454479 -0.015656637 -0.067297935
v  0.025388859 -0.013977983 -0.069999993
v  -0.02231238 -0.018524515 -0.079601169
v  -0.020788975 -0.015345068 -0.042570058
v  0.02446264 -0.016786342 -0.056357924
v  -0.022535786 -0.017783949 -0.047127191
v  0.020526335 -0.014656362 -0.042790178
v  0.021322757 -0.015918726 -0.044199947
v  -0.028500032 -0.021797119 -2.5509261e-09
v  0.028467737 -0.020108664 -0.0015910293
v  -0.025465321 -0.013805808 -0.069999993
v  0.025217891 -0.014319857 -0.070000052
v  0.022051774 -0.018833993 -0.073000014
v  -0.022051774 -0.018833993 -0.073000014
v  -0.02338789 -0.017146623 -0.069999993
v  -0.02396762 -0.016261579 -0.069999993
v  -0.025062621 -0.014589903 -0.070000052
v  -0.02152285 -0.018734379 -0.033037428
v  0.020979762 -0.016863687 -0.031641487
v  -0.023316137 -0.020195847 -0.052056316
v  0.023778811 -0.017869977 -0.052427713
v  -0.02175935 -0.01816286 -0.043531302
v  -0.023680266 -0.019993046 -0.023537757
v  0.02368027 -0.019993057 -0.023537757
v  0.022136569 -0.017449027 -0.026865246
v  0.024982482 -0.022519318 -0.020207884
v  0.023881018 -0.01640941 -0.069999993
v  -0.027215801 -0.021190671 -0.011080983
v  0.027933285 -0.023781413 -0.0074464702
v  0.021551199 -0.019404789 -0.079601169
v  0.021551199 -0.019404789 -0.081499994
v  0.021990485 -0.017048558 -0.04560608
v  -0.023089208 -0.017819958 -0.067241549
v  0.021062158 -0.016329506 -0.042255644
v  -0.022520971 -0.019807035 -0.02808577
v  0.012781455 -0.018517138 -0.081499994
v  -0.012781457 -0.018517138 -0.081499994
v  -0.017744102 -0.022937888 -0.081499994
v  -0.012781457 -0.018517138 -0.071500003
v  -0.022772871 -0.021271983 -0.048090879
v  -0.022224523 -0.019363916 -0.044973139
v  0.022970788 -0.018929092 -0.04860634
v  0.021522857 -0.018734394 -0.033037428
v  0.021932334 -0.020536138 -0.034489457
v  -0.021037091 -0.016326303 -0.042256717
v  -0.021367725 -0.017966567 -0.040574733
v  -0.02256605 -0.020478377 -0.059940521
v  0.0225491 -0.018047584 -0.047062341
v  -0.02210018 -0.019928733 -0.063777864
v  0.023768395 -0.018360702 -0.060112122
v  0.023543827 -0.017874373 -0.063893855
v  -0.021544106 -0.018331455 -0.041616503
v  -0.021154083 -0.016788991 -0.042109016
v  0.022990599 -0.017952247 -0.067237437
v  -0.022718225 -0.021454105 -0.055834416
v  0.021145828 -0.016590772 -0.042172138
v  0.021242656 -0.017064104 -0.042020861
v  0.021800846 -0.018437563 -0.04344875
v  0.023653984 -0.019269438 -0.056090597
v  -0.022572245 -0.02039508 -0.046482746
v  0.021367736 -0.017966593 -0.040574733
v  0.023570687 -0.016894465 -0.069999993
v  -0.024982475 -0.022519307 -0.020207943
v  0.026068382 -0.025021007 -0.016812982
v  -0.022605486 -0.022649447 -0.051645879
v  -0.021932326 -0.020536115 -0.034489457
v  0.022171549 -0.022270022 -0.036078278
v  -0.022055048 -0.020759298 -0.042753223
v  0.023264959 -0.020404221 -0.052021805
v  -0.02282745 -0.0220777 -0.029279353
v  0.022520974 -0.019807046 -0.02808577
v  0.01920405 -0.021328257 -0.073000014
v  0.01920405 -0.021328257 -0.079601169
v  -0.019204047 -0.021328257 -0.079601169
v  -0.019204047 -0.021328257 -0.073000014
v  0.022142254 -0.018680485 -0.069999993
v  0.022240311 -0.019627271 -0.044900242
v  0.021549925 -0.018566204 -0.041540746
v  -0.022234786 -0.018557074 -0.069999993
v  -0.021334205 -0.019962957 -0.067169905
v  -0.027933285 -0.023781406 -0.0074464702
v  0.02835957 -0.026486756 -0.0037651088
v  -0.023859572 -0.022665894 -0.024647655
v  -0.022352252 -0.023798181 -0.04752082
v  -0.021092173 -0.022589317 -0.059745435
v  -0.02228675 -0.021976253 -0.044250313
v  -0.020379979 -0.021946682 -0.063641548
v  0.022743851 -0.021500161 -0.048039559
v  0.022475302 -0.020621819 -0.059927765
v  0.02200298 -0.020053873 -0.063769817
v  0.021235079 -0.020072149 -0.067165673
v  -0.021690249 -0.019318862 -0.041300658
v  -0.022171542 -0.02227 -0.036078338
v  -0.021577876 -0.018559599 -0.041543547
v  0.021759823 -0.019592253 -0.041212741
v  0.022564501 -0.020642487 -0.046420578
v  -0.021968503 -0.021198856 -0.040699307
v  -0.021518305 -0.023670444 -0.055553678
v  0.022638947 -0.021617537 -0.055814091
v  0.022073209 -0.021023827 -0.042673294
v  0.017045774 -0.023461493 -0.081499994
v  0.0079786098 -0.021037867 -0.081499994
v  0.0079786098 -0.021037867 -0.071500003
v  -0.0079786116 -0.021037867 -0.081499994
v  -0.01232455 -0.026250819 -0.081499994
v  -0.0079786116 -0.021037867 -0.071500003
v  0.0027120777 -0.022335952 -0.071500003
v  -0.0027120716 -0.022335952 -0.071500003
v  -0.017744102 -0.022937888 -0.079601169
v  -0.022025771 -0.018812736 -0.069999993
v  0.022032082 -0.018818242 -0.069999993
v  -0.022395357 -0.022981456 -0.045831088
v  -0.026068375 -0.025021 -0.016812982
v  0.02696383 -0.027509606 -0.01331729
v  0.022827461 -0.022077715 -0.029279353
v  0.022999458 -0.024268424 -0.030485453
v  -0.021453377 -0.019512871 -0.069999933
v  0.021661632 -0.019281426 -0.069999933
v  0.020189397 -0.020769516 -0.069999993
v  0.01750312 -0.023122301 -0.073000014
v  -0.01750312 -0.023122301 -0.073000014
v  -0.019280512 -0.021662461 -0.069999993
v  -0.020283755 -0.020669969 -0.069999993
v  -0.021694742 -0.024973175 -0.051241044
v  0.022542134 -0.022833882 -0.051613931
v  -0.022140808 -0.023387784 -0.041961197
v  0.017045774 -0.023461493 -0.079601169
v  -0.019393332 -0.021913538 -0.067090511
v  0.021782383 -0.019702571 -0.041177455
v  0.022281632 -0.022224182 -0.044180814
v  0.021936797 -0.021195902 -0.040699843
v  -0.023968842 -0.025245959 -0.025711121
v  0.023859575 -0.022665905 -0.024647655
v  -0.019450519 -0.024511045 -0.059546117
v  -0.018496666 -0.023767335 -0.063498855
v  0.020999238 -0.022708902 -0.059733335
v  0.020283349 -0.022049082 -0.0636338
v  0.019296892 -0.022001168 -0.067086458
v  0.019754164 -0.021318691 -0.068635464
v  -0.028500039 -0.02790088 -2.5509261e-09
v  -0.028359566 -0.026486753 -0.0037651088
v  -0.021727409 -0.026228799 -0.046961192
v  -0.022138249 -0.024571544 -0.043523077
v  0.022307947 -0.024004405 -0.047473315
v  -0.02014127 -0.025711605 -0.055276576
v  -0.022999454 -0.024268406 -0.030485513
v  0.022975981 -0.026369801 -0.031780127
v  0.021433607 -0.023809409 -0.055535022
v  0.022369355 -0.023209514 -0.045772616
v  -0.02197995 -0.021276211 -0.040674571
v  -0.02214437 -0.024288716 -0.039711181
v  -0.022015903 -0.021934932 -0.040463928
v  0.019512109 -0.02145409 -0.069999993
v  0.022040896 -0.022202691 -0.040377799
v  0.022137992 -0.023637677 -0.041885141
v  0.011795363 -0.026492817 -0.081499994
v  0.0027120777 -0.022335952 -0.081499994
v  -0.0027120716 -0.022335952 -0.081499994
v  -0.0063137272 -0.028304363 -0.081499994
v  -0.026963826 -0.027509598 -0.01331729
v  0.027682938 -0.030006513 -0.009724739
v  0.02222012 -0.023929948 -0.037889544
v  -0.022220116 -0.023929926 -0.037889604
v  -0.022009604 -0.025508611 -0.045183603
v  0.017624132 -0.02312283 -0.068591416
v  0.018041261 -0.022656465 -0.069999993
v  0.014349996 -0.02485493 -0.073000014
v  0.014349996 -0.02485493 -0.079601169
v  -0.014350002 -0.02485493 -0.079601169
v  -0.014350002 -0.02485493 -0.073000014
v  -0.020597093 -0.027143395 -0.050849918
v  0.021622561 -0.025133299 -0.051212195
v  -0.01813357 -0.022579679 -0.069999993
v  -0.017285615 -0.023659186 -0.067008078
v  0.028500043 -0.027900888 -2.5509335e-09
v  -0.016467884 -0.025383012 -0.063356102
v  -0.017658547 -0.026233109 -0.059348766
v  -0.022016175 -0.026007524 -0.041167025
v  0.017194726 -0.023727154 -0.067004502
v  0.018403493 -0.023848811 -0.063491762
v  0.019358449 -0.024608294 -0.059535149
v  -0.023949403 -0.027732672 -0.02674699
v  0.023968846 -0.02524597 -0.025711121
v  0.023949407 -0.027732687 -0.02674699
v  0.02209159 -0.022692917 -0.04022098
v  0.02211488 -0.024800694 -0.043458048
v  -0.022695828 -0.028066372 -0.033543829
v  -0.022975978 -0.026369782 -0.031780127
v  0.022691153 -0.028059086 -0.033555809
v  0.006029441 -0.028366281 -0.081499994
v  -7.6280166e-10 -0.029000001 -0.081499994
v  -0.024955366 -0.028186312 -0.022267403
v  0.025830276 -0.030896749 -0.018853249
v  0.02495537 -0.028186319 -0.022267403
v  -0.017484371 -0.023098851 -0.069999993
v  -0.018603336 -0.027562549 -0.055009488
v  -0.020907387 -0.028534885 -0.046422426
v  0.017490424 -0.023106763 -0.069999993
v  0.022111088 -0.024848709 -0.039532308
v  0.020054311 -0.025827101 -0.055260006
v  0.021670938 -0.026411748 -0.046918277
v  -0.01232455 -0.026250819 -0.079601169
v  -0.02178216 -0.027113328 -0.042803887
v  -0.016893499 -0.023571374 -0.069999993
v  0.017145678 -0.023388581 -0.069999993
v  0.015718549 -0.024323298 -0.069999993
v  0.01214113 -0.026336154 -0.073000014
v  -0.012141132 -0.026336154 -0.073000014
v  -0.014318948 -0.025218388 -0.069999993
v  -0.015805174 -0.024267605 -0.069999993
v  0.015334985 -0.024710042 -0.068547308
v  0.021968313 -0.025715111 -0.045129839
v  -0.02213176 -0.025136789 -0.039440278
v  -0.022139814 -0.024595132 -0.03961331
v  0.011795363 -0.026492817 -0.079601169
v  -0.01541951 -0.024657061 -0.068549037
v  0.021994941 -0.02623914 -0.041096155
v  -0.015030046 -0.025189621 -0.066926658
v  -0.014309884 -0.026789432 -0.063219428
v  -0.019326035 -0.029139472 -0.050479893
v  0.014947227 -0.025240077 -0.066923678
v  0.01638069 -0.025445728 -0.063350081
v  -0.015731689 -0.027749663 -0.059159461
v  -0.027682934 -0.030006509 -0.009724739
v  0.02819258 -0.032532871 -0.0060693645
v  -0.021421332 -0.027944012 -0.044552151
v  0.020519234 -0.027279472 -0.050824586
v  0.017569989 -0.026309935 -0.059339229
v  -0.022120528 -0.025892315 -0.039198939
v  -0.022404782 -0.027196271 -0.035623018
v  -0.022591442 -0.027754305 -0.034289543
v  0.022113703 -0.025137661 -0.03944004
v  0.022334166 -0.026936969 -0.036289457
v  0.022595137 -0.027757281 -0.034291033
v  -0.023731347 -0.030108126 -0.027812781
v  0.023731351 -0.030108141 -0.027812781
v  0.014588787 -0.025063252 -0.069999993
v  -0.01691955 -0.029211847 -0.054757778
v  -0.02168306 -0.028579403 -0.040383998
v  0.018516943 -0.027656039 -0.054995243
v  -0.012981561 -0.026030751 -0.068506062
v  -0.012645436 -0.026495678 -0.066849172
v  0.012907266 -0.026067881 -0.068504691
v  0.013243577 -0.025754074 -0.069999993
v  0.021743372 -0.027321218 -0.042744342
v  0.0088687902 -0.027295323 -0.073000014
v  0.0088687902 -0.027295323 -0.079601169
v  -0.0088687884 -0.027295323 -0.079601169
v  -0.0088687884 -0.027295323 -0.073000014
v  -0.019902084 -0.030689823 -0.045913998
v  -0.025830273 -0.030896742 -0.018853249
v  0.02662129 -0.033414531 -0.015410664
v  0.020841777 -0.028693914 -0.046384577
v  0.022120528 -0.025892315 -0.039198939
v  -0.01203768 -0.027983135 -0.063093483
v  -0.013321233 -0.025717294 -0.069999993
v  0.012572884 -0.026530968 -0.066846788
v  0.014230832 -0.026835712 -0.063214481
v  -0.024799984 -0.030867394 -0.023201289
v  0.024799988 -0.030867405 -0.023201289
v  -0.013683137 -0.029059971 -0.058984522
v  0.015648909 -0.02780837 -0.059151534
v  -0.021223385 -0.029566728 -0.04210544
v  -0.017894838 -0.030944094 -0.050137106
v  0.021172024 -0.029751608 -0.042052273
v  -0.012129632 -0.026313154 -0.069999993
v  0.012134663 -0.026323551 -0.069999993
v  0.019245423 -0.029252332 -0.050458256
v  0.021921478 -0.02748072 -0.038691167
v  -0.021966211 -0.027249033 -0.038765255
v  -0.010424272 -0.027161753 -0.068465531
v  -0.010150773 -0.027569359 -0.066777468
v  0.010362274 -0.027185602 -0.068464458
v  0.010640114 -0.02693505 -0.069999993
v  0.011870033 -0.026459446 -0.069999993
v  -0.020638045 -0.0302568 -0.043948118
v  -0.015102872 -0.03065332 -0.054526214
v  0.021646127 -0.028789934 -0.040319327
v  -0.0063137272 -0.028304363 -0.079601169
v  0.016836204 -0.029285222 -0.054745916
v  -0.01158514 -0.026585424 -0.069999993
v  0.0062149679 -0.028326211 -0.073000014
v  -0.0062149661 -0.028326211 -0.073000014
v  -0.0087226825 -0.027657108 -0.069999993
v  -0.01070593 -0.026914595 -0.069999993
v  -0.022748854 -0.028224887 -0.033165041
v  -0.022915229 -0.028722281 -0.031976465
v  -0.023407176 -0.029877868 -0.029457988
v  0.022824317 -0.028477648 -0.032536093
v  0.022743002 -0.028222056 -0.033158783
v  0.023608036 -0.03039871 -0.02829087
v  0.023393504 -0.02987285 -0.029452922
v  -0.028500076 -0.029287193 -0.00010568159
v  -0.028192576 -0.032532867 -0.0060693645
v  0.02850008 -0.029287195 -0.00010568159
v  0.028456107 -0.035104819 -0.0024037387
v  0.006029441 -0.028366281 -0.079601169
v  -0.0096658366 -0.028961129 -0.062981188
v  0.010090343 -0.027592016 -0.06677568
v  0.011968642 -0.028015381 -0.063089669
v  -0.011524678 -0.030164357 -0.058828894
v  0.013608082 -0.029103 -0.058978323
v  -0.0077701854 -0.028040895 -0.068428218
v  0.0090194037 -0.027561771 -0.069999993
v  0.021597669 -0.030064711 -0.037865166
v  0.022482619 -0.029711263 -0.033700887
v  -0.021145087 -0.031065589 -0.03962535
v  -0.018721949 -0.03266985 -0.045444075
v  -0.0075656557 -0.028403951 -0.066712677
v  0.0077221608 -0.028054243 -0.068427444
v  -0.021668103 -0.029869972 -0.037927452
v  0.019830257 -0.030824944 -0.045881514
v  0.0029999681 -0.028542779 -0.073000014
v  0.0029999681 -0.028542779 -0.079601169
v  -0.0029999658 -0.028542779 -0.079601169
v  -0.0029999658 -0.028542779 -0.073000014
v  -0.02662129 -0.033414528 -0.015410664
v  0.027314961 -0.035793055 -0.011914912
v  0.0079331538 -0.027854843 -0.069999993
v  -0.016316019 -0.032543618 -0.049826089
v  -0.0072093019 -0.029720966 -0.062883496
v  0.007518894 -0.028416662 -0.066711366
v  0.0096084094 -0.028981809 -0.062978446
v  0.017814122 -0.031035095 -0.050119225
v  -0.0079847174 -0.027847731 -0.069999993
v  -0.023964304 -0.031174155 -0.026633801
v  0.024639219 -0.032507963 -0.023773136
v  0.024051137 -0.031305056 -0.026349606
v  -0.013163687 -0.031887773 -0.054320399
v  -0.02248263 -0.029711289 -0.033700828
v  0.015024669 -0.030708946 -0.054516677
v  -0.0062097991 -0.028306218 -0.069999993
v  -0.0050428519 -0.028660839 -0.068394125
v  0.0062130084 -0.028318943 -0.069999993
v  -0.028500039 -0.029655347 -2.5509261e-09
v  0.028478876 -0.0394 0.0007181142
v  0.028500043 -0.029655347 -2.5509335e-09
v  -0.020468064 -0.031898521 -0.041439835
v  -0.0092676738 -0.031063573 -0.05869532
v  0.011459044 -0.030194161 -0.058824304
v  -0.0049107457 -0.028994039 -0.066654503
v  0.0050100898 -0.028666643 -0.068393588
v  -0.025596429 -0.033672042 -0.019751491
v  0.025596432 -0.03367205 -0.019751491
v  -7.6280143e-10 -0.029000001 -0.079601169
v  -0.0057635317 -0.028421493 -0.069999993
v  0.0060682883 -0.028357988 -0.069999993
v  0.0051486855 -0.028504597 -0.069999993
v  -7.6280054e-10 -0.029000001 -0.073000014
v  -0.0027403019 -0.028870232 -0.069999993
v  -0.0051840777 -0.028507501 -0.069999993
v  -0.0046842778 -0.030260837 -0.062799215
v  0.0048788553 -0.028999604 -0.066653669
v  0.0071648574 -0.029732613 -0.062881649
v  0.023303144 -0.031828642 -0.028941872
v  0.0030503564 -0.028839117 -0.069999993
v  -0.002266974 -0.029016148 -0.068362653
v  -0.021645285 -0.030070573 -0.037863318
v  -0.0022082112 -0.029335519 -0.066601396
v  0.0022503503 -0.029017482 -0.068362296
v  0.020406976 -0.032059383 -0.041393403
v  0.021595813 -0.030079486 -0.037860457
v  0.021095239 -0.031253006 -0.039567653
v  0.0023134195 -0.028877987 -0.069999993
v  -0.0023312948 -0.0288896 -0.069999993
v  -7.6280021e-10 -0.029000001 -0.069999993
v  6.6877806e-09 -0.029221028 -0.068353057
v  -0.0069240415 -0.031758897 -0.058583859
v  0.0092129698 -0.03108261 -0.058692101
v  -0.0021090365 -0.030579606 -0.06272459
v  0.0021920197 -0.029336842 -0.066600919
v  0.0046539223 -0.030266024 -0.062798023
v  6.687781e-09 -0.029461076 -0.066564381
v  -0.011111327 -0.032917798 -0.054144327
v  0.01309248 -0.031928185 -0.054313187
v  -0.017377678 -0.034454636 -0.045018915
v  -0.014600449 -0.03393019 -0.04955006
v  0.018646643 -0.032781709 -0.045417015
v  0.016237579 -0.03261457 -0.049811665
v  -0.028456107 -0.035104815 -0.0024037387
v  6.687781e-09 -0.029504471 -0.066241086
v  6.6877814e-09 -0.030723529 -0.062683344
v  0.0020935901 -0.03058094 -0.062723875
v  -0.0204073 -0.033430025 -0.038903657
v  0.02850005 -0.036925118 -2.5509335e-09
v  -0.028458737 -0.0394 0.0014008854
v  -0.02850005 -0.036925118 -2.5509261e-09
v  0.022230856 -0.031880587 -0.033075038
v  -0.022230867 -0.031880613 -0.033074979
v  -0.023028068 -0.033989634 -0.028401913
v  -0.023303166 -0.031828698 -0.028941752
v  -0.0045072408 -0.032252248 -0.058491711
v  0.0068815788 -0.031769615 -0.058581714
v  -0.023686294 -0.030533515 -0.028029026
v  -0.027314957 -0.035793051 -0.011914912
v  0.027879685 -0.038094629 -0.0083621768
v  -0.021571863 -0.030716108 -0.037656967
v  0.02142778 -0.031420384 -0.03743184
v  -0.023930948 -0.031108214 -0.026776494
v  0.023669966 -0.030525394 -0.028019549
v  -0.0089551555 -0.03374701 -0.053999368
v  0.011048771 -0.032945514 -0.054139141
v  -0.0020332641 -0.032546338 -0.058412794
v  0.0044781333 -0.032257073 -0.058490399
v  6.6877814e-09 -0.031007353 -0.061855022
v  -7.6279871e-10 -0.032734852 -0.058398906
v  0.0020183988 -0.032547664 -0.058412019
v  -0.012756617 -0.035104599 -0.049313549
v  -0.018397957 -0.03607722 -0.040248636
v  -0.019523483 -0.034077894 -0.040817861
v  0.014526336 -0.03398348 -0.049538914
v  -0.021806419 -0.034028482 -0.032471422
v  -0.021156237 -0.032199569 -0.037182871
v  0.019455455 -0.034214478 -0.040778402
v  -0.024633955 -0.032498032 -0.023768308
v  -0.02552918 -0.034267861 -0.019937636
v  0.025523022 -0.03425172 -0.019930007
v  0.02522774 -0.033711765 -0.021194758
v  -0.026074767 -0.035264738 -0.017570557
v  0.026084796 -0.035279006 -0.017523767
v  -0.015879903 -0.036027797 -0.044642631
v  0.017301463 -0.03454446 -0.04499704
v  -0.006705516 -0.034380324 -0.053884152
v  -0.021103609 -0.032387413 -0.03712279
v  -0.020567801 -0.03429985 -0.036511544
v  0.0089027649 -0.033764534 -0.053995911
v  0.0211775 -0.03220265 -0.037181858
v  0.021058053 -0.032575987 -0.037062529
v  0.020347342 -0.033593122 -0.038853351
v  -0.0043746727 -0.034824207 -0.053793672
v  0.0066646552 -0.034390103 -0.053881887
v  0.025428802 -0.036293399 -0.019544723
v  0.023028046 -0.033989582 -0.028402032
v  -0.025428861 -0.036293503 -0.019544484
v  -0.024986383 -0.03844174 -0.019200685
v  0.021806411 -0.034028459 -0.032471482
v  -0.022539519 -0.036113773 -0.027887525
v  -0.010792625 -0.036070626 -0.049119119
v  -0.019476134 -0.035639327 -0.038230065
v  0.012688688 -0.03514285 -0.049305443
v  -0.0019777573 -0.035086941 -0.053719465
v  0.0043465337 -0.034828607 -0.053792302
v  -0.021202583 -0.036132872 -0.031898979
v  -0.027953673 -0.038509436 -0.0077174925
v  -0.027959209 -0.038518526 -0.0076705837
v  -0.028253146 -0.039001331 -0.0051804208
v  -0.027879681 -0.038094625 -0.0083622364
v  0.028321028 -0.039109658 -0.0041723275
v  0.02824112 -0.038980495 -0.0051525258
v  0.028175846 -0.038874988 -0.005953195
v  0.027952902 -0.038507845 -0.0076674246
v  -0.014238437 -0.037379216 -0.044317488
v  6.6877823e-09 -0.034526728 -0.054814044
v  0.0019633167 -0.035088211 -0.05371863
v  0.020512439 -0.03428131 -0.036517505
v  0.015805155 -0.03609734 -0.044625405
v  -0.017100703 -0.03787281 -0.039739255
v  0.018325694 -0.036189999 -0.040216032
v  -0.00871721 -0.036834352 -0.048966412
v  0.010732583 -0.036096472 -0.049113516
v  -0.026386574 -0.035826221 -0.016214432
v  -0.02656031 -0.036139071 -0.015458885
v  -0.026643585 -0.036282882 -0.015047791
v  0.027183123 -0.037218858 -0.012443426
v  0.026640415 -0.03627697 -0.015044871
v  0.026446305 -0.035940077 -0.015975298
v  0.026389413 -0.035836048 -0.016219022
v  -0.020424172 -0.034812495 -0.036347751
v  -0.020289306 -0.035293858 -0.036193851
v  0.020296179 -0.034957256 -0.036301497
v  0.019408844 -0.035777707 -0.038187388
v  -0.02554515 -0.034299437 -0.019869329
v  -0.025610968 -0.034429558 -0.019587638
v  0.025539286 -0.034281466 -0.019860329
v  -0.0065405564 -0.037404615 -0.048851851
v  0.0086666485 -0.036850393 -0.048962776
v  -0.012461466 -0.038508445 -0.044046883
v  0.014167256 -0.037430882 -0.044304553
v  0.024986334 -0.038441636 -0.019200923
v  0.022539496 -0.03611372 -0.027887644
v  -0.024216775 -0.04047263 -0.018873038
v  0.021202572 -0.036132853 -0.031899039
v  -0.021844305 -0.038175788 -0.027406754
v  -0.018359356 -0.037663665 -0.037614349
v  -0.0042750584 -0.037793513 -0.048768345
v  0.0063714376 -0.040634841 -0.043555442
v  -0.015641756 -0.039445665 -0.039294366
v  -8.2133784e-09 -0.035191428 -0.053672735
v  0.017026797 -0.037962936 -0.039713267
v  -0.0019360938 -0.0380168 -0.048704807
v  0.0041653207 -0.040958822 -0.043482367
v  0.019849241 -0.036354166 -0.035855059
v  -8.2133784e-09 -0.038106646 -0.048667256
v  -0.010557585 -0.039419718 -0.043831948
v  -0.028453767 -0.039323725 -0.0022482898
v  -0.028429884 -0.039285347 -0.0025973346
v  -0.028322026 -0.03911202 -0.0041736984
v  0.028500058 -0.0394 -2.5509335e-09
v  0.028428271 -0.039283134 -0.0025988843
v  0.028417498 -0.039265595 -0.0029889371
v  0.012395791 -0.038544953 -0.044037703
v  0.026496455 -0.038304444 -0.014818373
v  -0.020405751 -0.038184505 -0.031355802
v  -0.019786719 -0.036325179 -0.035864238
v  -0.018833447 -0.03828131 -0.035239045
v  -0.019441139 -0.037034314 -0.035637621
v  0.019821182 -0.036441877 -0.035826985
v  0.019404858 -0.037184734 -0.035589579
v  0.01828748 -0.037777726 -0.037579183
v  -0.027579796 -0.03788653 -0.010150614
v  -0.027346924 -0.037497472 -0.01157594
v  -0.02717321 -0.037197482 -0.012433412
v  0.027849555 -0.038337652 -0.0084621338
v  0.027774014 -0.038213253 -0.0090429215
v  0.027581662 -0.037889645 -0.010151568
v  0.02718845 -0.037228111 -0.012417856
v  -0.026496518 -0.03830456 -0.014818075
v  -0.014031441 -0.04078351 -0.038916413
v  -0.0085366303 -0.040121507 -0.043670658
v  -0.017066032 -0.039477643 -0.037064258
v  0.010499238 -0.039443862 -0.043825809
v  0.015568665 -0.039514907 -0.039274279
v  0.024216734 -0.040472534 -0.018873276
v  0.021844283 -0.038175743 -0.027406873
v  0.02040574 -0.038184486 -0.031355862
v  -0.020940561 -0.040168189 -0.026956322
v  -0.025947727 -0.040446728 -0.014573994
v  -0.0064102011 -0.040627159 -0.043557648
v  0.0084873056 -0.040136073 -0.043666903
v  -0.028500054 -0.0394 -2.5509261e-09
v  -0.019408152 -0.040150043 -0.030844273
v  0.018801682 -0.038261015 -0.035245541
v  0.027408987 -0.039943714 -0.010014835
v  -0.012279824 -0.041883703 -0.038607839
v  -0.0041921744 -0.040955551 -0.043483619
v  0.013961426 -0.040834308 -0.038901571
v  -0.027409047 -0.039943814 -0.010014477
v  -0.017674644 -0.040100299 -0.034657601
v  -0.018443976 -0.039080516 -0.034983639
v  0.018267199 -0.039214723 -0.034940664
v  -0.015606494 -0.041061185 -0.036585215
v  -0.027854878 -0.038346119 -0.0084669618
v  0.017776392 -0.04009049 -0.034660701
v  0.016964249 -0.041014589 -0.03436536
v  -8.2133775e-09 -0.041175786 -0.04339749
v  -0.027892083 -0.038408272 -0.0082392721
v  0.027942084 -0.038490038 -0.0077505731
v  0.021447055 -0.042182278 -0.022608997
v  0.020940542 -0.040168144 -0.026956441
v  0.023177311 -0.042357441 -0.0185622
v  -0.022517364 -0.040299527 -0.022978129
v  -0.021447074 -0.042182345 -0.022608818
v  0.019408137 -0.040150028 -0.030844333
v  -0.019831993 -0.042061877 -0.02653593
v  0.025947668 -0.040446617 -0.014574292
v  -0.026764028 -0.04207895 -0.0098643927
v  0.027769983 -0.040571377 -0.0075703287
v  -0.027770031 -0.040571466 -0.007569971
v  -0.025013506 -0.042423129 -0.014338317
v  0.028047666 -0.041043036 -0.0050900006
v  -0.010398143 -0.0427504 -0.038368527
v  -0.028047703 -0.041043103 -0.0050895833
v  0.012214988 -0.041918907 -0.038597468
v  -0.018199764 -0.041995596 -0.030367972
v  0.028227195 -0.041337669 -0.0025683667
v  -0.028227217 -0.041337702 -0.0025678899
v  0.028452799 -0.040158376 1.76263e-07
v  0.028419822 -0.040687602 3.5507693e-07
v  -0.028431624 -0.040164802 2.3586766e-07
v  -0.028338127 -0.041209798 5.9349554e-07
v  -0.028385296 -0.040762007 0.0013406847
v  0.028165132 -0.04142433 0.002923188
v  0.028292812 -0.040444806 0.0030355428
v  -0.028165102 -0.041424401 0.0029233072
v  -0.027456433 -0.04248092 0.0058204508
v  -0.027779102 -0.040589172 0.006112454
v  -0.026904453 -0.041479703 0.0088435384
v  -0.02603209 -0.040158108 0.011546311
v  -0.025798727 -0.042139161 0.011343596
v  -0.024797011 -0.040688213 0.013916967
v  -0.023382835 -0.041039221 0.016108571
v  -0.021808613 -0.041230179 0.018140076
v  -0.020084083 -0.041270833 0.020021318
v  -0.018212251 -0.041164182 0.021755217
v  -0.016190015 -0.04090713 0.023338733
v  -0.01400707 -0.040489368 0.024761556
v  -0.011641753 -0.039889235 0.026001988
v  -0.0089127915 -0.041139871 0.026909409
v  -0.011401807 -0.041863706 0.025792716
v  -0.0061865533 -0.040178817 0.027788935
v  -0.0060569579 -0.041156426 0.027674673
v  -0.0030913174 -0.03995597 0.028314767
v  0.02777914 -0.040589113 0.0061122752
v  0.026904501 -0.041479662 0.0088434191
v  0.026032142 -0.040158082 0.011546192
v  0.025798783 -0.042139135 0.011343476
v  0.024797067 -0.040688194 0.013916847
v  0.023382895 -0.04103921 0.016108451
v  0.021808669 -0.041230176 0.018140016
v  0.020084143 -0.041270837 0.020021258
v  0.016190059 -0.040907137 0.023338733
v  0.018212304 -0.041164186 0.021755157
v  0.014007113 -0.040489379 0.024761556
v  0.011641792 -0.039889243 0.026001988
v  0.011401846 -0.04186371 0.025792656
v  0.0089128232 -0.041139878 0.026909409
v  0.0061865738 -0.04017882 0.027788935
v  0.0047026044 -0.039577443 0.02810788
v  0.0030913271 -0.03995597 0.028314767
v  0.0029593029 -0.04093115 0.028198121
v  0.0013795338 -0.040233977 0.028421221
v  -0.0029592894 -0.040931154 0.028198121
v  -0.001379528 -0.040233981 0.028421221
v  5.1391275e-08 -0.039572977 0.028479991
v  -0.0083993012 -0.043394588 -0.038195316
v  0.010340444 -0.042773023 -0.038361851
v  -0.016367089 -0.041833527 -0.034103576
v  -0.017045073 -0.040934827 -0.03439087
v  0.016295031 -0.041776061 -0.034121994
v  0.015540405 -0.042634707 -0.033847574
v  3.4196393e-07 -0.040617175 0.028358696
v  -0.013707501 -0.042404216 0.02449262
v  0.01370754 -0.04240422 0.02449262
v  0.026763976 -0.042078849 -0.0098647503
v  0.0060569784 -0.04115643 0.027674673
v  0.0058358004 -0.04204246 0.027468799
v  0.018199749 -0.041995585 -0.030367972
v  -0.0062980959 -0.04383494 -0.038081292
v  0.0083505278 -0.04340769 -0.038191322
v  0.019831978 -0.042061836 -0.026536049
v  -0.018517662 -0.043827865 -0.026146235
v  0.024508074 -0.042613611 0.013658521
v  -0.024508014 -0.042613629 0.01365864
v  0.020178191 -0.043944504 -0.022264065
v  -0.02017821 -0.043944567 -0.022263886
v  -0.0027150221 -0.041794088 0.02796912
v  -0.021910049 -0.0441016 -0.018266024
v  -0.023177348 -0.042357534 -0.018561961
v  0.025013462 -0.042423021 -0.014338615
v  -0.025684025 -0.044005621 -0.0097158579
v  -0.023779836 -0.044203255 -0.014107171
v  -0.015856437 -0.042787969 0.023035822
v  0.015856482 -0.042787973 0.023035763
v  0.027086526 -0.042702362 -0.0074635171
v  -0.027086571 -0.042702448 -0.0074631595
v  0.026485451 -0.043275021 0.0084550353
v  0.027456477 -0.042480867 0.005820272
v  -0.026485395 -0.043275062 0.0084551545
v  4.0156857e-07 -0.040843811 0.028332351
v  0.0027150281 -0.041794088 0.02796912
v  -0.0041114734 -0.044098642 -0.038015608
v  0.0062598353 -0.043841455 -0.038079087
v  0.027954429 -0.042320833 0.002727804
v  0.028306983 -0.041189261 3.5507693e-07
v  0.023058273 -0.042929001 0.015814481
v  -0.023058213 -0.042929012 0.015814601
v  -0.028277714 -0.041429851 5.338909e-07
v  -0.027968157 -0.042559285 0.00095414859
v  -0.014706944 -0.04326361 -0.033646587
v  -0.01367448 -0.044153001 -0.033362392
v  -0.013970983 -0.043897584 -0.033443991
v  0.014724216 -0.043269936 -0.033644561
v  0.013853981 -0.043881904 -0.033448938
v  0.015399418 -0.042795125 -0.033796314
v  3.2706276e-07 -0.041580796 0.02808666
v  -0.0023790456 -0.04256532 0.027648507
v  -0.017862082 -0.043028429 0.021435676
v  0.017862134 -0.043028433 0.021435676
v  -0.0058357799 -0.042042457 0.027468858
v  -0.016766611 -0.04369102 -0.029929938
v  6.6877841e-09 -0.042302523 -0.041462842
v  -7.6279616e-10 -0.044176627 -0.037927989
v  0.0040850481 -0.044101212 -0.038014416
v  0.016766593 -0.043691009 -0.029929997
v  0.021463446 -0.043099362 0.017825423
v  -0.021463387 -0.04309937 0.017825482
v  0.027335361 -0.043169297 -0.0050230646
v  -0.027335398 -0.043169357 -0.0050226473
v  -0.015573402 -0.042517226 -0.033885065
v  -0.010881298 -0.04355761 0.025302825
v  -0.0084532062 -0.042894702 0.026480494
v  0.010881334 -0.043557614 0.025302825
v  0.0084532341 -0.042894706 0.026480494
v  -0.019730557 -0.043131724 0.019698439
v  0.019730613 -0.04313172 0.01969838
v  0.028253891 -0.041425288 2.9547229e-07
v  0.028087266 -0.042166069 2.9547229e-07
v  0.02803807 -0.042384803 2.9547229e-07
v  0.027497999 -0.043458521 -0.0025372531
v  -0.027498025 -0.043458555 -0.0025368358
v  -0.027932346 -0.042687897 2.9547229e-07
v  -0.028075628 -0.04216598 4.1468158e-07
v  -0.027669813 -0.043143533 0.002458689
v  -0.026856869 -0.044095773 0.0052515245
v  0.027669854 -0.043143466 0.0024585698
v  0.025316201 -0.043870963 0.010891554
v  -0.025316138 -0.043870989 0.010891614
v  0.0023790591 -0.042565316 0.027648507
v  2.749087e-07 -0.042074446 0.027922092
v  0.0051519638 -0.043573041 0.026815651
v  -0.013153234 -0.044064362 0.023968993
v  0.013153276 -0.044064365 0.023968993
v  -0.012165905 -0.044914108 -0.033119086
v  -0.012932361 -0.044527415 -0.033242706
v  -0.010955808 -0.045524631 -0.032923941
v  0.012288912 -0.044982485 -0.033097152
v  0.01215092 -0.045035642 -0.033080164
v  0.010952777 -0.045497186 -0.032932643
v  0.012923515 -0.044536222 -0.033239786
v  0.018517643 -0.043827828 -0.026146354
v  -0.016989641 -0.045441128 -0.025787892
v  -0.0077163586 -0.044372268 0.025774298
v  -0.0051519433 -0.043573037 0.026815651
v  0.0077163866 -0.044372272 0.025774298
v  -0.018722851 -0.045568075 -0.02194375
v  0.0015235088 -0.043924186 0.026823578
v  -7.5268595e-08 -0.043346617 0.027226923
v  0.025683977 -0.044005524 -0.0097162155
v  0.023983695 -0.044303652 0.013164815
v  -0.023983635 -0.044303671 0.013164875
v  0.021910019 -0.044101518 -0.018266203
v  0.02045738 -0.045698095 -0.017986896
v  -0.020457402 -0.04569817 -0.017986717
v  0.023779795 -0.044203155 -0.014107469
v  -0.022314239 -0.045800589 -0.013880792
v  0.027533233 -0.04353632 -2.5509332e-09
v  -0.015285016 -0.044430964 0.022495029
v  0.015285066 -0.044430967 0.022495029
v  -0.024280414 -0.045690134 -0.0095626144
v  0.025819808 -0.044823796 0.0078200074
v  0.026856922 -0.044095721 0.0052514053
v  -0.025819749 -0.044823833 0.0078201266
v  -0.015105617 -0.045192424 -0.029539229
v  0.004226773 -0.044862259 0.025921104
v  -0.0015234955 -0.04392419 0.026823578
v  -0.0042267488 -0.044862259 0.025921104
v  0.022506855 -0.044591997 0.015293715
v  -0.022506796 -0.044592012 0.015293834
v  -0.027528465 -0.043532901 1.7626301e-07
v  0.025948882 -0.044608302 -0.0073558115
v  -0.025948919 -0.044608384 -0.0073554539
v  -0.010281608 -0.04586478 -0.032815162
v  -0.008850486 -0.046214063 -0.032703523
v  0.0088345697 -0.046313155 -0.032671813
v  0.010221622 -0.045778837 -0.03284258
v  -0.017284218 -0.044664983 0.020888506
v  0.017284274 -0.044664983 0.020888446
v  -0.010116999 -0.045007728 0.024569212
v  0.010117038 -0.045007732 0.024569152
v  0.020895518 -0.044745851 0.017288147
v  -0.020895459 -0.044745859 0.017288206
v  -0.019154131 -0.044769712 0.019152639
v  0.019154191 -0.044769712 0.01915258
v  0.026024632 -0.045477845 0.0044497228
v  0.026916698 -0.044604715 0.0017360423
v  0.027350098 -0.043954067 -6.2155578e-08
v  -0.026916645 -0.044604778 0.0017361615
v  -0.026024573 -0.045477889 0.004449842
v  0.026154585 -0.045058511 -0.0049540424
v  -0.026154619 -0.045058571 -0.0049535655
v  0.015105597 -0.045192409 -0.029539289
v  0.024606928 -0.045376103 0.010212895
v  -0.024606861 -0.045376129 0.010213015
v  0.00050296559 -0.045118053 0.025833724
v  -1.0507092e-07 -0.043440711 0.027175484
v  -0.0082817981 -0.04635286 -0.032659177
v  -0.0065778578 -0.046768725 -0.032526258
v  0.0066473549 -0.04667424 -0.032556418
v  0.0082490733 -0.046409812 -0.032640938
v  -3.1368717e-07 -0.044794623 0.026130496
v  0.027338713 -0.043970626 -6.2155578e-08
v  0.026291884 -0.045335956 -0.0025042321
v  -0.027320281 -0.043968469 5.7053718e-08
v  -0.026291911 -0.045335986 -0.0025037553
v  -0.027213927 -0.044190988 -2.5509266e-09
v  -0.012376082 -0.045501627 0.023222504
v  0.012376129 -0.045501631 0.023222504
v  -0.0067639994 -0.045634326 0.024852572
v  0.006764031 -0.045634326 0.024852572
v  0.016989626 -0.045441099 -0.025788011
v  -0.015249372 -0.04686382 -0.0254671
v  0.018722832 -0.045568023 -0.021943869
v  -0.017080445 -0.047038149 -0.021648826
v  -0.0062012048 -0.046792123 -0.032518808
v  -0.0043951394 -0.046904318 -0.032482926
v  0.0049516251 -0.046954188 -0.032466952
v  0.0061523383 -0.046755962 -0.032530311
v  0.023245834 -0.045780197 0.012457606
v  -0.023245767 -0.045780219 0.012457666
v  0.013232826 -0.046449937 -0.029206993
v  0.0031437718 -0.045993671 0.024868725
v  -2.9133543e-07 -0.044936232 0.02598661
v  -0.0031437434 -0.045993671 0.024868725
v  -0.00050294475 -0.045118056 0.025833724
v  -0.018846098 -0.047143586 -0.017725529
v  0.026345193 -0.045416065 -2.5509332e-09
v  0.024280377 -0.045690045 -0.009562972
v  -0.014503629 -0.045863993 0.021744309
v  0.014503679 -0.045863993 0.021744309
v  0.024940923 -0.046159323 0.0069717742
v  -0.02494086 -0.046159361 0.0069718934
v  -0.004025002 -0.046927311 -0.032475535
v  -0.0013612815 -0.04709278 -0.032422606
v  0.0040039038 -0.046981324 -0.032458309
v  0.0044005504 -0.046969965 -0.032461945
v  0.022314213 -0.0458005 -0.01388109
v  -0.020680163 -0.047222737 -0.013663056
v  -0.01323285 -0.046449952 -0.029206933
v  -7.6279544e-10 -0.047095958 -0.032421652
v  -0.02633974 -0.04541197 5.7053718e-08
v  -0.022644401 -0.047153946 -0.0094060926
v  0.021750323 -0.046049878 0.014567849
v  -0.021750256 -0.046049889 0.014567909
v  -0.0091550956 -0.046260238 0.023637949
v  0.0091551309 -0.046260241 0.023637949
v  -0.016503744 -0.046098925 0.020138679
v  0.016503796 -0.046098925 0.020138619
v  0.020126984 -0.046191726 0.016550301
v  -0.02012692 -0.046191737 0.01655036
v  0.025004484 -0.046672106 0.0034602259
v  0.025962248 -0.045864683 0.00081222993
v  0.026293755 -0.045490898 -2.5509332e-09
v  -0.026221182 -0.045577563 5.7053718e-08
v  -0.025962189 -0.045864739 0.00081240875
v  -0.02500442 -0.04667215 0.0034603451
v  0.024478577 -0.046253137 -0.0072410726
v  0.018378049 -0.046207987 0.018407105
v  -0.01837799 -0.04620799 0.018407164
v  0.023699276 -0.046682864 0.0093359323
v  -0.023699205 -0.046682891 0.0093359919
v  0.0056558093 -0.046740521 0.023775039
v  -0.0056557776 -0.046740521 0.023775039
v  -0.011184652 -0.047427002 -0.028941812
v  -1.9447788e-07 -0.045568548 0.02534437
v  -0.011413177 -0.046753138 0.022290288
v  0.011413223 -0.046753142 0.022290228
v  0.011184624 -0.047426987 -0.028941872
v  0.024634637 -0.046671569 -0.00487751
v  -0.024634667 -0.046671622 -0.0048770928
v  0.015249348 -0.046863791 -0.025467159
v  -0.013315034 -0.048051786 -0.025192084
v  0.026199222 -0.045588169 -2.5509332e-09
v  0.024743021 -0.046927016 -0.0024659659
v  -0.025126968 -0.046677645 -2.5509266e-09
v  -0.026206851 -0.045591973 5.7053718e-08
v  -0.024743039 -0.046927042 -0.0024654891
v  0.022320002 -0.047068782 0.011562404
v  -0.022319939 -0.047068805 0.011562523
v  0.017080434 -0.047038104 -0.021649005
v  -0.015256581 -0.048327774 -0.021384241
v  0.023884058 -0.047316868 0.005945561
v  -0.023883987 -0.047316905 0.0059456802
v  -0.013543868 -0.047118649 0.020815192
v  0.013543918 -0.047118649 0.020815192
v  0.01884608 -0.047143523 -0.017725768
v  -0.017083276 -0.048436418 -0.01748425
v  -8.2719176e-08 -0.0462953 0.024606166
v  0.0251268 -0.046691619 -6.2155578e-08
v  -0.0080404924 -0.047360055 0.022553978
v  0.0080405315 -0.047360055 0.022553978
v  0.022644371 -0.047153868 -0.0094064502
v  -0.022885293 -0.0480363 -0.0047947192
v  0.020680144 -0.047222659 -0.013663295
v  -0.018918168 -0.048481744 -0.013456884
v  0.0090040928 -0.04811782 -0.02874619
v  0.020813182 -0.04732715 0.013661382
v  -0.020813115 -0.047327165 0.013661441
v  -0.020857088 -0.048418317 -0.0092515377
v  -0.015548666 -0.047358263 0.019214271
v  0.01554872 -0.04735826 0.019214211
v  0.024982318 -0.04684028 -6.2155578e-08
v  -0.0090041207 -0.048117839 -0.02874613
v  -9.7620337e-08 -0.046395749 0.024477301
v  0.00066458358 -0.047943305 0.022450862
v  -0.0019490801 -0.047013421 0.023704765
v  0.019182459 -0.047461614 0.015636383
v  -0.019182391 -0.047461625 0.015636442
v  0.017427996 -0.047472347 0.017487703
v  -0.017427936 -0.04747235 0.017487762
v  0.022622101 -0.047820102 0.008289394
v  -0.02262203 -0.047820132 0.0082895132
v  0.02288527 -0.048036251 -0.0047950768
v  -0.010300619 -0.047854997 0.021208344
v  0.010300665 -0.047854997 0.021208344
v  -0.0067391926 -0.048545472 -0.028616073
v  -2.8388484e-07 -0.047713924 0.022786437
v  0.006739161 -0.048545454 -0.028616073
v  0.013315014 -0.04805176 -0.025192203
v  -0.01122255 -0.048972581 -0.024969639
v  0.022678651 -0.048325878 0.004770813
v  0.023830637 -0.047712676 0.0023170684
v  0.024730235 -0.047035173 -6.2155578e-08
v  0.024789199 -0.046989582 -6.2155578e-08
v  -0.02484794 -0.046958171 -2.5509268e-09
v  -0.02383057 -0.047712717 0.0023171876
v  -0.02267858 -0.048325911 0.0047709323
v  0.02123189 -0.048195083 0.010504958
v  -0.021231823 -0.048195101 0.010505018
v  0.0031204291 -0.048633963 0.02130097
v  -0.005481706 -0.049230102 0.020056484
v  -0.0031203895 -0.048633963 0.02130097
v  -0.012436402 -0.048225597 0.019738374
v  0.012436456 -0.048225597 0.019738374
v  0.0044378405 -0.048758451 -0.028542103
v  -0.0044378759 -0.04875847 -0.028542044
v  0.015256568 -0.048327733 -0.02138436
v  -0.013269802 -0.04940325 -0.021156313
v  0.023332886 -0.048115477 -6.2155578e-08
v  0.02296748 -0.04826165 -0.0024234678
v  -0.022967499 -0.048261669 -0.002422991
v  -0.024738014 -0.047040198 -2.5509266e-09
v  6.2508599e-07 -0.048719786 -0.028457763
v  -0.00066454784 -0.047943309 0.022450862
v  -2.7643426e-07 -0.047744274 0.022738216
v  0.017083265 -0.048436362 -0.017484428
v  -0.015178111 -0.04956314 -0.017267527
v  -0.023021039 -0.048321452 -2.550927e-09
v  0.019719578 -0.048447959 0.012598393
v  -0.019719508 -0.048447974 0.012598452
v  0.014446317 -0.048470266 0.01814246
v  -0.014446256 -0.04847027 0.01814246
v  0.018918157 -0.048481677 -0.013457122
v  -0.017042384 -0.04959026 -0.013265553
v  0.020931646 -0.048861451 -0.0070002698
v  0.020857066 -0.04841825 -0.0092518358
v  -0.020998772 -0.049184967 -0.0047107958
v  -0.01896983 -0.049509898 -0.0091028241
v  0.021400839 -0.04881325 0.0070987917
v  -0.021400765 -0.04881328 0.0070988513
v  0.018086061 -0.048579633 0.014570651
v  -0.018085994 -0.048579644 0.01457071
v  0.016329199 -0.048587959 0.016419588
v  -0.016329132 -0.048587963 0.016419588
v  0.0054817563 -0.049230099 0.020056484
v  -0.0077374177 -0.04972063 0.018706439
v  0.011222525 -0.048972551 -0.024969758
v  -0.0090128528 -0.049622104 -0.024801852
v  0.02296751 -0.04833208 -6.2155578e-08
v  0.023011863 -0.048305787 -6.2155578e-08
v  0.022527233 -0.048623685 0.0010442708
v  0.021346919 -0.049208559 0.0034697626
v  -0.023011778 -0.048328362 -2.550927e-09
v  -0.022527162 -0.048623726 0.00104439
v  -0.021346845 -0.049208593 0.0034698818
v  -2.4663194e-07 -0.048330035 0.021807192
v  0.020004138 -0.049181741 0.0093078585
v  -0.020004064 -0.049181759 0.0093079181
v  0.0077374717 -0.04972063 0.018706439
v  -0.011207403 -0.049211014 0.018540023
v  0.020998746 -0.049184926 -0.0047112131
v  0.013269781 -0.049403213 -0.021156432
v  -0.011152321 -0.050239757 -0.020970227
v  0.0090128249 -0.049622077 -0.024801971
v  -0.0067311348 -0.050022773 -0.024686517
v  0.018490858 -0.049433652 0.011400339
v  -0.018490784 -0.049433667 0.011400399
v  0.0098766303 -0.050094593 0.017239867
v  0.013220287 -0.049458649 0.016947089
v  0.011889114 -0.050341889 0.015646575
v  -0.013220225 -0.049458653 0.016947089
v  0.021059684 -0.04937619 -0.0023794796
v  -0.021466348 -0.049207561 5.7053718e-08
v  -0.022983097 -0.048344679 -2.550927e-09
v  0.020055458 -0.049682289 0.0057840324
v  -0.020055383 -0.049682315 0.0057841516
v  0.015178098 -0.049563095 -0.017267706
v  -0.013148286 -0.050503157 -0.017080607
v  -2.0937904e-07 -0.04922089 0.020391224
v  0.02146294 -0.049224038 -2.5509326e-09
v  0.018969811 -0.049509838 -0.0091031818
v  -0.019031841 -0.050155398 -0.0046286606
v  0.017042369 -0.049590204 -0.013265791
v  -0.015064833 -0.050548773 -0.013093832
v  0.016859032 -0.049567018 0.013374266
v  -0.016858965 -0.049567029 0.013374326
v  0.015103734 -0.049576912 0.015224752
v  -0.015103673 -0.049576916 0.015224812
v  -0.017002009 -0.050454002 -0.0089642433
v  0.0067310994 -0.050022744 -0.024686636
v  -0.0044233175 -0.050220788 -0.024617316
v  0.021212623 -0.049372431 -2.5509326e-09
v  1.1913301e-06 -0.050176807 -0.024901034
v  0.0044232821 -0.050220758 -0.024617435
v  0.018654801 -0.05004682 0.0079891654
v  -0.018654726 -0.050046843 0.007989225
v  0.017006382 -0.050981957 -0.0045521283
v  0.016995825 -0.05076278 -0.0067740702
v  0.017001994 -0.050453957 -0.0089645414
v  0.011152296 -0.050239719 -0.020970406
v  -0.0089384848 -0.050835446 -0.020827832
v  0.017144084 -0.050301295 0.010084209
v  -0.017144013 -0.05030131 0.010084269
v  -0.020857435 -0.049553975 5.7053718e-08
v  -0.02110903 -0.049410842 5.7053718e-08
v  0.021113552 -0.049417876 -2.5509326e-09
v  0.018693201 -0.050528076 -1.2176022e-07
v  0.017046526 -0.05110218 0.0028364037
v  0.018365957 -0.050656419 0.00055008871
v  -0.018365871 -0.050656453 0.00055020791
v  -0.011889049 -0.050341893 0.015646575
v  -0.0098765688 -0.050094597 0.017239867
v  -6.7818014e-08 -0.050117254 0.018618165
v  0.0025880777 -0.050765246 0.017224131
v  -0.0048245722 -0.051236615 0.015854953
v  -0.0025880195 -0.05076525 0.017224131
v  0.01314827 -0.050503116 -0.017080786
v  -0.011020225 -0.051241182 -0.016927483
v  0.01551827 -0.050440669 0.012064156
v  -0.015518201 -0.05044068 0.012064216
v  0.013769126 -0.050456714 0.013920781
v  -0.013769058 -0.050456721 0.013920841
v  -0.017006401 -0.050981984 -0.0045517706
v  -0.018642712 -0.050519153 -2.5509275e-09
v  0.01506482 -0.050548729 -0.01309407
v  -0.013001614 -0.051350329 -0.012946072
v  -0.01496761 -0.051263534 -0.0088400273
v  0.0089384606 -0.050835408 -0.020827951
v  -0.0066662366 -0.051209982 -0.020727636
v  0.015640438 -0.051461283 0.0050361133
v  -0.017046444 -0.051102206 0.0028365229
v  0.00482463 -0.051236615 0.015854893
v  -0.0069540748 -0.051600933 0.014378664
v  0.0066662049 -0.051209949 -0.020727815
v  -0.0043757716 -0.051402532 -0.020665409
v  0.014141469 -0.0517275 0.0071428991
v  -0.015640356 -0.051461302 0.0050361729
v  0.00695414 -0.051600933 0.014378664
v  -0.0089555653 -0.051837243 0.012774405
v  1.4138372e-08 -0.050622821 0.017618177
v  -0.017989587 -0.050803784 -6.2155571e-08
v  1.280737e-06 -0.05026827 -0.024571182
v  2.3759724e-06 -0.051370427 -0.02059597
v  0.00437574 -0.051402491 -0.020665528
v  0.011020205 -0.051241145 -0.016927661
v  -0.0088190259 -0.051777925 -0.016809346
v  0.012538969 -0.051890194 0.0091462107
v  -0.014141389 -0.051727518 0.0071429587
v  0.0089556342 -0.051837239 0.012774405
v  -0.010815908 -0.051932402 0.011029002
v  0.010815985 -0.051932395 0.011028943
v  -0.012538896 -0.051890206 0.0091462107
v  0.014967597 -0.051263496 -0.0088403253
v  0.013001605 -0.051350288 -0.01294631
v  -0.010872533 -0.051989518 -0.012825134
v  0.018663689 -0.050538514 -1.2176022e-07
v  0.017088182 -0.051095754 -1.2176022e-07
v  -0.012880922 -0.05194357 -0.008733633
v  -1.0507092e-07 -0.051790297 0.014689562
v  0.012837312 -0.052281693 -0.0044248127
v  0.012880906 -0.051943544 -0.0087339906
v  -0.017091509 -0.051103733 -6.2155571e-08
v  0.0088190055 -0.051777888 -0.016809585
v  -0.0065726312 -0.052128997 -0.016725304
v  0.015592947 -0.0516246 -1.2176022e-07
v  -0.014978723 -0.051809382 -6.2155571e-08
v  -0.012837333 -0.052281708 -0.0044244551
v  0.014176666 -0.052001324 -6.2155578e-08
v  -0.014170726 -0.052014172 -6.2155571e-08
v  0.0065726032 -0.052128959 -0.016725482
v  -0.0043132724 -0.052323632 -0.016672017
v  -1.125215e-07 -0.051870242 0.014488992
v  0.0015954442 -0.052436251 0.012687025
v  -5.2916853e-08 -0.05210546 0.013698933
v  -0.0037003651 -0.052776057 0.011186239
v  -0.0015953787 -0.052436251 0.012687025
v  0.010872512 -0.051989485 -0.012825432
v  -0.0086924704 -0.052469619 -0.012731913
v  3.2849432e-06 -0.052281953 -0.017308356
v  0.0043132445 -0.052323595 -0.016672196
v  0.010765514 -0.052780371 0.0038282846
v  -0.010765427 -0.05278039 0.0038282846
v  0.0037004345 -0.052776054 0.011186239
v  -0.0056794668 -0.052989975 0.0095596286
v  0.0091893515 -0.0529694 0.0058578826
v  0.0086924499 -0.052469585 -0.012732211
v  0.0056795394 -0.052989971 0.0095595689
v  -0.0075060287 -0.053051353 0.0077804304
v  0.0075061088 -0.053051345 0.0077803708
v  -0.0091892714 -0.052969415 0.0058578826
v  0.0085967993 -0.052930571 -0.0085812239
v  0.0085700443 -0.053180914 -0.0043419623
v  -0.008570076 -0.053180926 -0.0043416047
v  -0.0085968198 -0.052930593 -0.0085808663
v  0.013363271 -0.052217681 -6.2155578e-08
v  -0.013364323 -0.052218556 -2.5509281e-09
v  1.2589707e-07 -0.052875344 0.011112926
v  -0.0042538727 -0.053004038 -0.012622955
v  0.012914858 -0.052336954 -6.2155578e-08
v  -0.012914133 -0.052332658 -2.5509284e-09
v  0.011954605 -0.052592378 -2.5509315e-09
v  -0.011428346 -0.05270924 -2.5509284e-09
v  3.3519984e-06 -0.052388769 -0.01663238
v  0.004253841 -0.053004004 -0.012623194
v  3.7170769e-06 -0.053029139 -0.012579682
v  -1.2742267e-07 -0.053557821 0.0076581812
v  -1.3487325e-07 -0.05355227 0.007711587
v  0.0042155897 -0.053463656 -0.0085042743
v  -0.0042156177 -0.053463683 -0.0085039763
v  0.0086453324 -0.053214844 -2.550931e-09
v  -0.0086448239 -0.053210739 -2.5509288e-09
v  6.2993895e-05 -0.053567439 0.0076101399
v  -0.0020049147 -0.053744253 0.0059463358
v  -6.2913467e-05 -0.053567439 0.0076101399
v  0.0077599725 -0.05338138 -2.550931e-09
v  0.007152549 -0.053452291 -2.5509308e-09
v  0.0054586893 -0.053667564 0.0021885012
v  0.0070414012 -0.053485088 0.00016545995
v  -0.0074133174 -0.053432614 -6.2155571e-08
v  -0.00704131 -0.053485103 0.00016551955
v  0.0042165136 -0.053722493 -0.0043012523
v  -0.004216549 -0.053722505 -0.0043008947
v  0.0037984319 -0.053772494 0.004133997
v  -0.005458598 -0.053667571 0.0021885608
v  0.0020049952 -0.053744253 0.0059463358
v  -0.0037983402 -0.053772498 0.0041340566
v  4.0076497e-06 -0.053532515 -0.0093939928
v  0.0068915552 -0.05348276 -2.5509308e-09
v  -0.0042710314 -0.053765871 5.7053715e-08
v  -0.0068877013 -0.053488359 -2.550929e-09
v  -0.0071589993 -0.053459588 -2.5509288e-09
v  3.6202193e-06 -0.053577822 -0.0084835915
v  1.8544317e-06 -0.053786676 -0.0042862319
v  0.0042732647 -0.053788427 5.7053715e-08
v  4.3940691e-08 -0.053991344 0.00039952737
v  -1.2742267e-07 -0.053568706 0.0075535155
v  2.1588951e-08 -0.053907372 0.0042959428
v  0.003886401 -0.053833589 5.7053715e-08
v  -0.0030452542 -0.053895872 5.7053715e-08
v  2.9039532e-08 -0.053914137 0.0039819456
v  4.3940691e-08 -0.053999953 -6.2155571e-08

# 0 UV coordinates

# 4401 vertex normals
vn -0.10951601 0.99398506 1.3918701e-14
vn 0.10452793 0.99452198 -1.3284751e-14
vn -1.2709285e-13 2.0001687e-29 -1
vn 1.2709285e-13 -2.0001687e-29 1
vn -0.05021435 0.99873847 9.9215058e-06
vn 0.047281619 0.99888158 9.9229273e-06
vn 0.14622584 0.98506135 -0.090951197
vn 0.10762577 0.99273503 -0.053794466
vn -0.1077573 0.99394774 -0.02136039
vn -0.15187581 0.98339576 -0.099330254
vn -0.050216291 0.99873835 8.4088015e-06
vn -0.050081138 0.9961257 0.072287448
vn 0.047156323 0.9962678 0.072296277
vn -0.064711995 0.99331236 0.095618837
vn -0.023876516 0.97005874 0.24169399
vn 0.036194008 0.96969956 0.24160451
vn 0.066467889 0.9918682 0.10853351
vn -0.04998387 0.99411577 0.096101068
vn 0.14609176 0.98415804 0.10044964
vn -0.1519918 0.98417914 0.091048799
vn -0.13135663 0.98457998 0.11553247
vn 0.14960323 0.98364794 0.1002777
vn 0.14597626 0.98363608 0.10559803
vn 0.14679293 0.98912311 -0.0093421405
vn -0.023876499 0.97005916 0.24169233
vn 0.036193993 0.96969998 0.24160285
vn -0.064589143 0.94205493 0.32918194
vn -0.12959577 0.93641889 0.32607454
vn -0.12965578 0.93644059 0.32598841
vn 0.069112696 0.9419083 0.32868254
vn 0.14722902 0.93439835 0.32438153
vn 2e-15 1 6.4104782e-24
vn 0.20791192 0.97814757 -2.6424118e-14
vn -0.20791192 0.97814757 2.6424118e-14
vn -0.15199141 0.9841792 0.091048829
vn -0.15262297 0.98826867 -0.0055958265
vn -0.021843847 0.90431052 0.42631599
vn 0.034136489 0.90399897 0.42616957
vn 0.248859 0.96334231 0.100204
vn 0.25011194 0.96819246 0.0068815015
vn -0.25393823 0.95961118 0.12108562
vn -0.25581783 0.96671402 0.0046087098
vn 0.30901724 0.95105642 -3.9273879e-14
vn 0.25011322 0.96819216 0.0068815015
vn 0.25011328 0.9681921 0.006881454
vn 0.31786463 0.94656426 -0.054573193
vn -0.25581771 0.96671402 0.0046087098
vn -0.31820047 0.9475649 -0.029482011
vn -0.35460564 0.9304772 -0.092016347
vn -0.25582135 0.96671313 0.0046064216
vn -0.23190477 0.96634179 0.1113722
vn -0.25483909 0.96303695 0.087274618
vn 0.24927604 0.96322685 0.1002772
vn 0.24883933 0.96328014 0.10084807
vn -0.3232944 0.94629842 4.1088406e-14
vn -0.22958189 0.92040294 0.31646577
vn -0.2258828 0.91942483 0.32192376
vn 0.14782861 0.9340198 0.32519796
vn 0.2428268 0.91740113 0.31529391
vn -0.021843584 0.90431809 0.42629996
vn 0.034136288 0.90400672 0.42615318
vn -0.060073797 0.84560835 0.53041267
vn -0.12273378 0.84092623 0.52704787
vn -0.12478936 0.8422361 0.52446735
vn 0.064838968 0.84580207 0.52954203
vn 0.14133857 0.83936512 0.52487099
vn -0.25484794 0.96303469 0.087273501
vn 0.24884407 0.96327901 0.10084745
vn -0.02686765 0.81263638 0.58215141
vn 0.037318364 0.81236356 0.58195597
vn 0.34899327 0.93215376 0.096400507
vn 0.34593406 0.93278944 0.10116047
vn 0.35059509 0.93643934 -0.012824062
vn -0.21691316 0.82927984 0.51501805
vn -0.21597387 0.82878941 0.5162009
vn -0.32958618 0.93715495 0.11451453
vn -0.32663801 0.89396375 0.30681658
vn -0.31935805 0.89271373 0.31791925
vn -0.35486603 0.93114531 0.083895802
vn 0.2465402 0.91455734 0.32062867
vn 0.13999872 0.84061325 0.52323014
vn 0.23186302 0.82651049 0.51295215
vn 0.33579117 0.89069653 0.30643755
vn 0.40673703 0.91354525 -5.1693367e-14
vn -0.40673658 0.91354549 5.1693309e-14
vn -0.30859327 0.80830002 0.50141925
vn -0.3045859 0.80664212 0.50651354
vn -0.026867161 0.81265306 0.58212811
vn 0.037318021 0.81238031 0.58193266
vn -0.35486612 0.93114531 0.083895788
vn -0.35610312 0.93440515 -0.0088091064
vn -0.11581528 0.72877657 0.67488629
vn -0.1119185 0.72568989 0.67885816
vn -0.04907304 0.72955638 0.68215787
vn 0.054874048 0.73009545 0.6811384
vn 0.13075107 0.72468746 0.67655915
vn 0.34187153 0.88508648 0.31582552
vn 0.23297866 0.82528073 0.51442462
vn 0.32008803 0.80487418 0.49972114
vn 0.34898347 0.93215722 0.09640231
vn 0.35058764 0.93644208 -0.012826887
vn -0.030184701 0.71245396 0.70106936
vn 0.038739495 0.71224368 0.70086247
vn -0.42359248 0.89937186 0.10816491
vn -0.44885588 0.88459587 0.12656441
vn -0.41976094 0.85764116 0.29707298
vn -0.40918872 0.85678512 0.31382141
vn 0.44485265 0.88964623 0.10312965
vn 0.44721261 0.89438659 0.0085736336
vn -0.19912104 0.72028267 0.66448754
vn -0.19698605 0.71886879 0.66665143
vn -0.45248479 0.89174765 0.0066075679
vn 0.50000036 0.86602521 -6.3546472e-14
vn 0.43881688 0.89368922 0.093591608
vn 0.44484684 0.88964939 0.10312713
vn 0.42527702 0.854693 0.29772365
vn 0.12768717 0.72808236 0.67349243
vn 0.21321598 0.71665978 0.66403145
vn 0.4472093 0.89438826 0.0085736336
vn 0.44721541 0.89438522 0.0085695656
vn 0.51336491 0.85649765 -0.053556431
vn -0.45247367 0.89175326 0.0066075679
vn -0.51376635 0.85716736 -0.036169332
vn -0.54188073 0.83614635 -0.084997319
vn -0.45247808 0.89175105 0.0066053742
vn -0.45101091 0.88886309 0.080694154
vn -0.52156168 0.85321355 6.6286759e-14
vn -0.39713562 0.7783249 0.48630613
vn -0.3900086 0.77611709 0.49551544
vn -0.28049991 0.70483232 0.6515606
vn -0.28029168 0.70471954 0.65177214
vn 0.43291762 0.84621179 0.31065732
vn 0.32302228 0.80103064 0.50399065
vn 0.40538761 0.7747252 0.48524398
vn 0.21193776 0.71832973 0.66263473
vn 0.29408649 0.70162052 0.6490314
vn -0.45101544 0.88886088 0.080693074
vn 0.44533479 0.89062423 0.092007957
vn -0.5125488 0.85085428 0.11550207
vn -0.50809932 0.81203908 0.28710204
vn -0.49471909 0.81216997 0.3092458
vn -0.030186718 0.71237868 0.70114577
vn 0.038740832 0.71216846 0.70093888
vn -0.038279697 0.62049997 0.78327161
vn -0.099767789 0.61732632 0.78035545
vn -0.10501924 0.62178046 0.77611858
vn 0.04482013 0.62128055 0.7823053
vn 0.11823874 0.61676699 0.77821469
vn -0.028854463 0.6126743 0.78980863
vn 0.036188588 0.61252815 0.78961992
vn 0.52649701 0.84372687 0.10452708
vn 0.53681803 0.8391484 0.08750058
vn 0.53881311 0.84226185 -0.016595701
vn 0.51056445 0.80985141 0.28890258
vn -0.54220724 0.83666134 0.077518113
vn -0.17490622 0.61424536 0.76948714
vn -0.17969392 0.61766648 0.76563585
vn 0.11387737 0.62183505 0.77482456
vn 0.19185172 0.61261374 0.76674467
vn -0.35987669 0.68242812 0.63622373
vn -0.36179623 0.68324894 0.634251
vn 0.58778489 0.80901724 -7.4703251e-14
vn -0.58778548 0.80901682 7.4703325e-14
vn 0.29416773 0.70149428 0.64913106
vn 0.3732307 0.67955047 0.63159323
vn 0.40952376 0.76823217 0.49204639
vn -0.48181981 0.73970103 0.46977875
vn -0.47176811 0.73760635 0.4830856
vn 0.51894289 0.79862225 0.30479625
vn 0.48718554 0.73633629 0.4695307
vn -0.24882901 0.60598075 0.75556034
vn -0.25308645 0.60849625 0.75211668
vn -0.54220825 0.83666074 0.077517807
vn -0.54380679 0.83912069 -0.012274446
vn 0.18863592 0.61700946 0.76401293
vn 0.26446372 0.60338819 0.75231749
vn 0.53681916 0.83914769 0.087500222
vn 0.53881186 0.84226263 -0.016596491
vn -0.59612226 0.79447454 0.11596745
vn -0.59093189 0.75783587 0.27655804
vn -0.57527679 0.75944483 0.30380943
vn 0.62080061 0.77627635 0.10955174
vn 0.62080449 0.77627283 0.10955503
vn 0.60949045 0.78791702 0.08779572
vn 0.59091228 0.75675052 0.2795555
vn -0.43698204 0.65301818 0.61855799
vn -0.4412021 0.65436113 0.61412722
vn 0.62453467 0.78093296 0.010008967
vn -0.032394912 0.53167665 0.84632766
vn -0.08830113 0.5291062 0.84394878
vn -0.094237603 0.53414845 0.84012181
vn -0.021689607 0.52313191 0.85197568
vn 0.038924146 0.52285862 0.85153025
vn 0.028722517 0.53287089 0.84570897
vn 0.10594767 0.52878624 0.84211653
vn -0.62741172 0.77514428 0.074201651
vn -0.62912428 0.77726012 0.0083252946
vn 0.66913027 0.74314517 -8.5041667e-14
vn -0.32216009 0.59233421 0.73848021
vn -0.3257305 0.59402841 0.73554736
vn 0.374291 0.67756337 0.63309884
vn 0.45032942 0.65035874 0.61174905
vn 0.49188688 0.72736782 0.47852206
vn 0.26215839 0.60713434 0.75010723
vn 0.33656278 0.58890545 0.73478967
vn -0.15415387 0.52827615 0.83496159
vn -0.16087213 0.53310913 0.83061111
vn -0.56210154 0.69283408 0.45168877
vn -0.54940784 0.69146955 0.46906388
vn 0.10080035 0.53466439 0.83903116
vn 0.17132649 0.5270654 0.83237571
vn 0.62453628 0.78093165 0.010008967
vn 0.62453115 0.7809357 0.010011725
vn 0.68503964 0.72662878 -0.052262399
vn -0.62912858 0.77725667 0.0083252946
vn -0.68538946 0.72699988 -0.041381534
vn -0.70528018 0.70461202 -0.078113757
vn -0.62912536 0.77725923 0.0083264364
vn -0.62741619 0.77514106 0.074197233
vn -0.69480872 0.71919459 8.8305211e-14
vn 0.59934407 0.74298263 0.29793203
vn 0.56496525 0.69005114 0.45237559
vn -0.21897596 0.52420479 0.8229574
vn -0.22661085 0.52877259 0.81795299
vn -0.62741107 0.77514505 0.074199259
vn 0.16658479 0.53340566 0.82929361
vn 0.23593798 0.52209419 0.81960416
vn -2e-15 -1 -6.4104782e-24
vn -0.23931588 -0.97094178 3.0415334e-14
vn 0.23931555 -0.97094184 -3.0415293e-14
vn 0.62242204 0.77829844 0.082718298
vn -0.3952843 0.57284445 0.71805263
vn -0.39777592 0.57374984 0.71595073
vn -0.67336005 0.73015833 0.11599617
vn -0.66765159 0.6956892 0.26506191
vn -0.65020794 0.69918644 0.2972675
vn -0.51158959 0.61652267 0.59847802
vn -0.51813191 0.61790496 0.59138209
vn 0.45200229 0.64650059 0.61459821
vn 0.33507517 0.59182513 0.73312181
vn 0.40827772 0.5686807 0.71408093
vn 0.68451822 0.72097808 0.10782126
vn 0.66562414 0.69599807 0.26931611
vn 0.52508926 0.61388683 0.58942699
vn 0.56969649 0.67884833 0.46326119
vn -0.2840986 0.51660234 0.80771899
vn -0.29253516 0.52068615 0.80206555
vn 0.70116484 0.7087729 0.077516451
vn 0.70312715 0.71076566 -0.020600781
vn -0.70568401 0.70500535 0.070551589
vn 0.2316511 0.52887517 0.81647342
vn 0.30096674 0.51349372 0.80358148
vn -0.63748181 0.6380803 0.43182227
vn -0.62248123 0.63800704 0.45328149
vn -0.021692086 0.5230481 0.85202706
vn -0.034626618 0.44360608 0.89555269
vn -0.07156752 0.442036 0.89413774
vn -0.083031721 0.4464516 0.8909471
vn 0.028927457 0.52295226 0.85187095
vn 0.039037421 0.44433397 0.89501029
vn 0.093099914 0.44149005 0.89242309
vn 0.74314457 0.66913086 -9.4448355e-14
vn -0.74314427 0.66913122 9.4448321e-14
vn -0.12456769 0.44276175 0.88794422
vn -0.14032963 0.44776681 0.88306993
vn -0.038816974 0.44516021 0.89460921
vn 0.040770315 0.4451257 0.89453948
vn 0.67359042 0.67988896 0.28987402
vn 0.63820446 0.63619953 0.43352652
vn -0.46472389 -0.88545567 5.9063079e-14
vn 0.46472389 -0.88545567 -5.9063079e-14
vn 0.081687137 0.44776455 0.89041233
vn 0.14891623 0.44115192 0.88499093
vn -0.7056846 0.70500475 0.070551276
vn -0.70735288 0.70667946 -0.016000904
vn -0.46812484 0.54682374 0.69414908
vn -0.46920004 0.5470984 0.69320607
vn -0.1766039 0.44274804 0.87908202
vn -0.19688722 0.44779459 0.87219
vn -0.3505308 0.50472391 0.78891188
vn -0.35941151 0.50805324 0.78275496
vn 0.52703655 0.60818911 0.59358108
vn 0.40750903 0.57054585 0.71303141
vn 0.47962609 0.54204655 0.69003212
vn 0.13491166 0.4499208 0.88281941
vn 0.20399593 0.43970403 0.87466908
vn 0.70116425 0.70877349 0.077516772
vn 0.70312774 0.71076506 -0.020600196
vn -0.58334386 0.57277685 0.57587898
vn -0.59221143 0.57370371 0.56581777
vn 0.29726338 0.52053356 0.80042446
vn 0.3670826 0.50056535 0.78401828
vn -0.7436403 0.65855718 0.11533222
vn -0.73773688 0.62616652 0.25230888
vn -0.71896172 0.63190877 0.28945705
vn 0.5971297 0.56992805 0.56446266
vn 0.6425671 0.62294489 0.44614702
vn 0.75423914 0.64978927 0.094324835
vn 0.7687484 0.62849492 0.11840645
vn 0.7341488 0.62809837 0.25791067
vn -0.22990374 0.44151327 0.86730057
vn -0.25449497 0.44589379 0.85814393
vn 0.7741462 0.63290793 0.011192388
vn 0.18799402 0.45103234 0.87248385
vn 0.2602129 0.43658695 0.86120909
vn 0.80901712 0.58778507 -1.0282029e-13
vn -0.77618539 0.62698442 0.066534497
vn -0.77787173 0.62834662 0.0098018032
vn -0.70747894 0.57570595 0.40992227
vn -0.69053948 0.57743329 0.43557549
vn 0.74123454 0.60986269 0.28042629
vn 0.70639074 0.57499969 0.4127802
vn -0.41868833 0.48755533 0.76615268
vn -0.42750177 0.48992476 0.75974733
vn -0.54047298 0.51352108 0.66647208
vn -0.53984994 0.51342863 0.66704804
vn 0.77414197 0.63291305 0.011192388
vn 0.77414578 0.63290846 0.011190942
vn 0.8249113 0.56298012 -0.050742157
vn -0.77787578 0.62834162 0.0098018032
vn -0.82513261 0.56313062 -0.045167312
vn -0.83757985 0.5416069 -0.071568087
vn -0.77787155 0.62834686 0.0098025501
vn -0.77618963 0.62697953 0.066530496
vn 0.77218866 0.63131613 0.071865663
vn 0.36410204 0.507532 0.78092313
vn 0.43467429 0.48231247 0.76054776
vn 0.47941458 0.54270339 0.68966275
vn 0.59904468 0.56246847 0.56989008
vn 0.55039269 0.50829947 0.66234392
vn -0.77618521 0.62698472 0.066533267
vn -0.83472073 0.55067354 1.0608703e-13
vn -0.66312194 -0.74851143 8.427805e-14
vn 0.66312224 -0.74851114 -8.4278091e-14
vn -0.28613159 0.43810403 0.85216993
vn -0.31460801 0.44108546 0.84051496
vn 0.7721926 0.6313116 0.071863182
vn 0.24287802 0.45041457 0.85914898
vn 0.31893376 0.4309082 0.84415603
vn -0.65186185 0.52160215 0.55046099
vn -0.66284126 0.52155083 0.53723937
vn -0.80635256 0.58038574 0.11378903
vn -0.80049759 0.54997355 0.23818634
vn -0.78103834 0.55819452 0.27999634
vn 0.6658771 0.51830184 0.5366292
vn 0.71004879 0.55994189 0.42696118
vn 0.81449884 0.56988657 0.10872384
vn 0.79584891 0.55364543 0.24515556
vn -0.016125623 0.39683205 0.91774958
vn 0.022210704 0.39678574 0.91764247
vn -0.48866439 0.46387994 0.73893338
vn -0.49686161 0.46522179 0.73259622
vn 0.83470535 0.54675853 0.065743156
vn 0.83625895 0.54777169 -0.024842935
vn -0.77114177 0.50630265 0.38600257
vn -0.75305474 0.51021004 0.41544464
vn -0.8381049 0.54195714 0.062149912
vn -0.34654209 0.43124327 0.83302933
vn -0.37805796 0.43210652 0.81875277
vn 0.43248066 0.48883313 0.75762963
vn 0.50379521 0.45756122 0.73268557
vn 0.55055422 0.50762135 0.66272968
vn 0.86602527 0.5000003 -1.1006561e-13
vn -0.86602551 0.49999982 1.1006564e-13
vn -0.61178648 0.47218335 0.6346339
vn -0.60925472 0.4720833 0.63713896
vn 0.80168164 0.53366643 0.26927072
vn 0.76874518 0.50690013 0.38997832
vn 0.3010692 0.4469575 0.8423695
vn 0.38115939 0.42139566 0.82288712
vn 0.66748238 0.50925165 0.54325873
vn 0.61997366 0.46676379 0.63068551
vn -0.016126022 0.39682233 0.91775376
vn -0.02017176 0.39519855 0.91837424
vn -0.058981702 0.39374933 0.91732359
vn -0.069440752 0.39748511 0.91497737
vn 0.022242025 0.395805 0.91806519
vn 0.078054674 0.3932119 0.91612875
vn 0.024585687 0.39675394 0.91759568
vn -0.83810514 0.54195678 0.062149711
vn -0.83956248 0.54289645 -0.019956211
vn -0.09924794 0.39503926 0.9132874
vn -0.1179581 0.40055698 0.90864736
vn 0.12494934 0.39358756 0.91075599
vn 0.066670097 0.39892203 0.91455799
vn -0.71628612 0.46322122 0.52188146
vn -0.7287969 0.46173322 0.5056259
vn 0.83470583 0.54675776 0.065742739
vn 0.83625919 0.54777128 -0.02484253
vn -0.13890699 0.39788961 0.90685648
vn -0.16587743 0.40412247 0.89953864
vn 0.7302717 0.45919693 0.50580764
vn 0.77140999 0.49052292 0.40535656
vn -0.86087555 0.49653283 0.11112349
vn -0.85526496 0.46801865 0.22244185
vn -0.8358736 0.47880557 0.26844093
vn 0.1074281 0.40353149 0.90863717
vn 0.17115363 0.39482239 0.90267473
vn 0.8693676 0.48726296 0.082308911
vn 0.88209951 0.45303777 0.12906286
vn 0.85009259 0.47341222 0.23070216
vn -0.41199955 0.41925871 0.80899847
vn -0.44528785 0.41741353 0.79213929
vn -0.56008035 0.4324269 0.70662367
vn -0.56714004 0.43282866 0.70072216
vn 0.50234932 0.46332216 0.73005325
vn 0.36353683 0.43926659 0.82151437
vn 0.44743028 0.40650785 0.79659116
vn -0.18055323 0.40156615 0.89785588
vn -0.21577327 0.40738866 0.88739866
vn -0.82298404 -0.56806445 1.0459538e-13
vn 0.82298404 -0.56806445 -1.0459538e-13
vn 0.57396674 0.42515188 0.6998629
vn 0.62030458 0.46469277 0.63188833
vn 0.1487639 0.40908635 0.90028757
vn 0.21910922 0.39616561 0.89165235
vn -0.82772839 0.43067306 0.35970324
vn -0.80936223 0.43695533 0.39243189
vn -0.68047124 0.42263091 0.59861678
vn -0.67634195 0.42293397 0.60306591
vn 0.8894738 0.45682511 0.012132174
vn 0.91354537 0.40673679 -1.1610508e-13
vn -0.89075142 0.45087883 0.057185385
vn -0.8921572 0.45159039 0.01103043
vn 0.85440975 0.45213741 0.25603846
vn 0.8245576 0.43255651 0.36469108
vn 0.73133123 0.44894308 0.51342452
vn 0.68703264 0.41718671 0.59492975
vn -0.22641698 0.40500215 0.88583779
vn -0.26963347 0.40918979 0.87170035
vn -0.89075786 0.45086697 0.057178482
vn -0.89216328 0.45157832 0.0110312
vn 0.19306394 0.41471574 0.88923401
vn 0.27091181 0.39649013 0.87715584
vn 0.88947278 0.45682701 0.012132174
vn 0.88947541 0.45682204 0.012131823
vn 0.93109852 0.3601062 -0.058129456
vn 0.92668819 0.3732307 -0.044134162
vn -0.8921563 0.45159215 0.0110312
vn -0.9271481 0.37341654 -0.030926442
vn -0.93279701 0.35446054 -0.065172859
vn -0.93279773 0.35445812 -0.065175138
vn -0.91080952 0.41093275 0.039499994
vn -0.88226968 0.44658771 0.14886117
vn 0.88798976 0.45606533 0.058979414
vn -0.77581054 0.39801437 0.48959434
vn -0.78897911 0.39482054 0.47077456
vn 0.8879925 0.45606044 0.058976531
vn -0.48265821 0.40020794 0.77902162
vn -0.51616317 0.39531481 0.75980377
vn 0.78936487 0.39301243 0.47164002
vn 0.82606816 0.41538271 0.38087866
vn -0.93458766 0.35573286 1.187794e-13
vn -0.90158474 0.38114232 0.20463507
vn -0.88304281 0.39443967 0.25426897
vn 0.57315153 0.42992151 0.69761366
vn 0.43078765 0.42565972 0.79576117
vn 0.51760429 0.38453302 0.76434296
vn -0.63123012 0.39250776 0.66894412
vn -0.63696843 0.39219999 0.66366434
vn 0.91412956 0.39841312 0.075060591
vn 0.92415673 0.35740969 0.13488029
vn 0.89638913 0.38813791 0.21409222
vn 0.64362162 0.38443449 0.66178644
vn 0.68730712 0.41402182 0.59682065
vn -0.27852973 0.4067058 0.87006414
vn -0.32895702 0.40795338 0.85168147
vn 0.24237674 0.41918597 0.87494951
vn 0.32819781 0.39431533 0.8583715
vn -0.74505556 0.36511183 0.55819845
vn -0.73998386 0.36609808 0.56426597
vn -0.87665421 0.34957397 0.33056834
vn -0.85896772 0.35820234 0.36587638
vn -0.10947632 2.1895264e-16 -0.99398941
vn 0.10453103 -2.0906206e-16 -0.99452162
vn 0.30902109 -6.180422e-16 -0.95105517
vn -0.32317501 6.4635004e-16 -0.94633919
vn 0.49999741 -9.9999482e-16 -0.86602688
vn -0.52137321 1.0427465e-15 -0.85332876
vn 0.6691314 -1.3382628e-15 -0.74314409
vn -0.69458973 1.3891795e-15 -0.71940607
vn -0.12053565 2.4107129e-16 0.99270898
vn 0.12053565 -2.4107129e-16 0.99270898
vn -0.35460669 7.0921338e-16 0.93501556
vn 0.35460669 -7.0921338e-16 0.93501556
vn -0.56806415 1.1361284e-15 0.82298428
vn 0.56806386 -1.1361277e-15 0.82298452
vn 0.80901754 -1.6180352e-15 -0.58778447
vn -0.83450669 1.6690134e-15 -0.55099779
vn -0.74851012 1.4970202e-15 0.66312337
vn 0.74851048 -1.4970209e-15 0.66312295
vn 0.9135446 -1.8270892e-15 -0.40673858
vn -0.93441892 1.8688378e-15 -0.35617593
vn -0.88545477 1.7709096e-15 0.46472558
vn 0.88545507 -1.7709101e-15 0.46472502
vn 0.97814786 -1.9562959e-15 -0.20791033
vn -0.9709419 1.9418838e-15 0.23931524
vn 0.9709419 -1.9418838e-15 0.23931524
vn -0.98953658 1.9790732e-15 -0.14428215
vn 1 -2e-15 -1.2709285e-13
vn -1 2e-15 1.2709285e-13
vn -0.98953658 1.9790732e-15 0.14428215
vn -0.9709419 1.9418838e-15 -0.23931524
vn 0.9709419 -1.9418838e-15 -0.23931524
vn 0.97814786 -1.9562959e-15 0.20791033
vn -0.93441892 1.8688378e-15 0.35617593
vn -0.88545477 1.7709096e-15 -0.46472558
vn 0.88545507 -1.7709101e-15 -0.46472502
vn 0.9135446 -1.8270892e-15 0.40673858
vn -0.74851012 1.4970202e-15 -0.66312337
vn 0.74851048 -1.4970209e-15 -0.66312295
vn -0.83450669 1.6690134e-15 0.55099779
vn 0.80901754 -1.6180352e-15 0.58778447
vn -0.5680716 1.1361432e-15 -0.82297915
vn 0.56807131 -1.1361426e-15 -0.82297933
vn -0.69458973 1.3891795e-15 0.71940607
vn 0.6691314 -1.3382628e-15 0.74314409
vn -0.35459709 7.0919416e-16 -0.9350192
vn 0.35459709 -7.0919416e-16 -0.9350192
vn -0.12053565 2.4107129e-16 -0.99270898
vn 0.12053565 -2.4107129e-16 -0.99270898
vn -0.52137321 1.0427465e-15 0.85332876
vn 0.49999741 -9.9999482e-16 0.86602688
vn -0.32317501 6.4635004e-16 0.94633919
vn 0.30902109 -6.180422e-16 0.95105517
vn -0.10947632 2.1895264e-16 0.99398941
vn 0.10453103 -2.0906206e-16 0.99452162
vn 0.78974104 0.38211155 0.47989562
vn 0.75027347 0.35971636 0.55470157
vn 0.8990429 0.36607042 0.240238
vn 0.87321144 0.35262904 0.33638453
vn -0.93355072 0.35473034 0.05147247
vn 0.95105678 0.30901611 -1.2087251e-13
vn -0.9510566 0.30901667 1.208725e-13
vn -0.024522925 0.40938634 0.91203147
vn 0.027713349 0.40935218 0.91195548
vn -0.94771039 0.31779382 0.029191434
vn -0.92615104 0.35192496 0.1356212
vn -0.55667061 0.37271607 0.74242884
vn -0.58926761 0.36467743 0.72095358
vn -0.024096716 0.41692671 0.90862066
vn -0.048481539 0.41604918 0.90804881
vn -0.059748739 0.41988474 0.90560859
vn 0.027328702 0.41737089 0.9083252
vn 0.06746424 0.41554934 0.90706521
vn -0.00063261029 0.40950823 0.91230619
vn 0.0070089102 0.40949824 0.91228396
vn -0.82967287 0.32636446 0.45291188
vn -0.84253663 0.3214426 0.43221137
vn -0.080578841 0.4182997 0.90472782
vn -0.10331146 0.42468444 0.89942753
vn -0.33856502 0.40467229 0.84947872
vn -0.39477667 0.4016996 0.82631034
vn 0.10953075 0.41688332 0.9023366
vn 0.054544501 0.42160103 0.90513945
vn 0.9314481 0.36022529 0.051402315
vn 0.93227744 0.36055115 -0.029354423
vn 0.64325434 0.38824448 0.6599167
vn 0.50260341 0.40430698 0.76415026
vn 0.59009445 0.35415715 0.72550756
vn 0.29841641 0.42080963 0.85666031
vn 0.39214772 0.38771614 0.83420402
vn 0.84230173 0.32027668 0.43353274
vn 0.87352914 0.33518142 0.35298765
vn -0.11355269 0.42346984 0.89876533
vn -0.14751081 0.43091217 0.89025575
vn -0.70022541 0.34391785 0.62562358
vn -0.70486277 0.34312132 0.62083513
vn 0.087540336 0.42843974 0.89931977
vn 0.15190902 0.42019269 0.89462942
vn -0.93501645 -0.3546043 1.188339e-13
vn 0.93501621 -0.3546049 -1.1883387e-13
vn -0.93904835 0.29018974 0.18433148
vn -0.92213613 0.30579901 0.23696409
vn 0.71115595 0.33509538 0.61803585
vn 0.75034845 0.35582632 0.55710393
vn 0.94946307 0.30547404 0.072148718
vn 0.95583558 0.25794503 0.14086427
vn 0.93428659 0.29858899 0.1948158
vn -0.15005909 0.43049726 0.89003056
vn -0.19502267 0.43746924 0.87783074
vn 0.12276123 0.43727785 0.89090842
vn 0.19722784 0.42443532 0.88371706
vn -0.80435652 0.29995611 0.51287127
vn -0.79900318 0.30172476 0.52015007
vn -0.91739452 0.26374656 0.29803526
vn -0.90127903 0.27449894 0.33518118
vn -0.11196405 2.2392812e-16 -0.99371225
vn 0.11196412 -2.2392825e-16 -0.99371225
vn 0.33027622 -6.6055245e-16 -0.94388431
vn -0.3302764 6.6055282e-16 -0.94388425
vn 0.53203195 -1.064064e-15 -0.84672427
vn -0.53203225 1.0640645e-15 -0.84672409
vn 0.70710617 -1.4142123e-15 -0.70710737
vn -0.70710588 1.4142118e-15 -0.70710766
vn 0.84672427 -1.6934485e-15 -0.53203195
vn -0.84672427 1.6934485e-15 -0.53203195
vn 0.9438827 -1.8877654e-15 -0.33028084
vn -0.94388288 1.8877658e-15 -0.3302803
vn 0.99371231 -1.9874245e-15 -0.11196359
vn -0.99371225 1.9874245e-15 -0.11196418
vn 0.99371231 -1.9874245e-15 0.11196359
vn -0.99371225 1.9874245e-15 0.11196418
vn 0.9438827 -1.8877654e-15 0.33028084
vn -0.94388288 1.8877658e-15 0.3302803
vn 0.84672427 -1.6934485e-15 0.53203195
vn -0.84672427 1.6934485e-15 0.53203195
vn 0.70710617 -1.4142123e-15 0.70710737
vn -0.70710588 1.4142118e-15 0.70710766
vn 0.53203195 -1.064064e-15 0.84672427
vn -0.53203225 1.0640645e-15 0.84672409
vn 0.33027622 -6.6055245e-16 0.94388431
vn -0.3302764 6.6055282e-16 0.94388425
vn 0.11197344 -2.2394688e-16 0.99371117
vn -0.11197338 2.2394675e-16 0.99371123
vn 0.8419776 0.3091765 0.44213524
vn 0.80850649 0.29454708 0.50946957
vn 0.93525052 0.27618346 0.22142525
vn 0.91412175 0.26774216 0.30445954
vn -0.40741566 0.39646459 0.82269579
vn -0.46735215 0.38817224 0.79429483
vn 0.96538305 0.26052153 0.012809469
vn 0.97814757 0.20791195 -1.2431556e-13
vn -0.1926742 0.43796334 0.87810296
vn -0.24798132 0.44282389 0.86163348
vn -0.96600372 0.25459352 0.044933338
vn -0.96691072 0.2548326 0.01200036
vn 0.36242178 0.41743177 0.83330739
vn 0.46315509 0.37440097 0.80331266
vn 0.16283476 0.44686756 0.87965572
vn 0.24774982 0.42815292 0.86908293
vn -0.63179195 0.3359071 0.69857383
vn -0.66268843 0.32474104 0.67482394
vn -0.96600348 0.25459436 0.044933859
vn -0.96691048 0.2548334 0.01200017
vn 0.71106899 0.33820692 0.61643898
vn 0.57694429 0.37428635 0.72597867
vn 0.66298866 0.31450653 0.67936122
vn -0.87694955 0.24865088 0.41125685
vn -0.88869846 0.24217291 0.38931653
vn 0.96457279 0.26030198 0.042920772
vn 0.96538329 0.2605207 0.012809572
vn -0.76546854 0.2866126 0.57611728
vn -0.76932794 0.28543928 0.57154083
vn 0.88818568 0.24146043 0.39092591
vn 0.91331267 0.25047186 0.32112896
vn 0.96538305 0.26052153 0.012809572
vn 0.98617166 0.15725285 -0.052315727
vn 0.98510587 0.16595477 -0.045004301
vn -0.98670906 0.15137084 -0.05909422
vn -0.9669103 0.25483426 0.01200017
vn -0.98670685 0.15139073 -0.059079606
vn -0.98552263 0.16602497 -0.034364451
vn -0.97440612 0.22106612 0.040774163
vn -0.95995021 0.2529999 0.12036055
vn 0.96457255 0.26030281 0.042921089
vn -0.24359548 0.44397789 0.8622905
vn -0.30811295 0.44503868 0.84083706
vn -0.96727836 0.19597815 0.161137
vn -0.95271271 0.21358702 0.21614601
vn 0.77494961 0.27709684 0.56804085
vn 0.80833101 0.29041362 0.51211417
vn 0.20994869 0.45559549 0.86507475
vn 0.30539086 0.42946172 0.84988177
vn 0.97679555 0.15577595 0.14698409
vn 0.97535068 0.20963144 0.068888724
vn 0.96332473 0.20555219 0.17249268
vn -0.98961753 0.14372614 1.2577331e-13
vn -0.483527 0.38006496 0.78851271
vn -0.54497904 0.36570126 0.75449353
vn -0.85478646 0.23086327 0.46480352
vn 0.43463808 0.40671265 0.8035388
vn 0.53944516 0.35261264 0.76463276
vn -0.94939011 0.17386019 0.26159319
vn -0.93558985 0.18637119 0.29989564
vn -0.026044156 0.4662362 0.88427681
vn 0.027538475 0.46621791 0.88424116
vn 0.88723123 0.23060849 0.39955035
vn 0.8604477 0.22206095 0.4586052
vn 0.96266526 0.18319663 0.19928506
vn 0.94660413 0.17856224 0.26843265
vn -0.30449349 0.44620943 0.84153479
vn -0.37663937 0.44179603 0.81422299
vn -0.70586133 0.28907901 0.64667857
vn -0.73437947 0.2748673 0.62059224
vn 0.26591235 0.46145254 0.84637588
vn 0.37159723 0.42602006 0.8248772
vn 0.99452186 0.10452907 -1.263966e-13
vn -0.99452192 0.10452845 1.2639661e-13
vn -0.98774058 0.15152909 0.037516888
vn -0.02540517 0.47696751 0.87855369
vn -0.042779747 0.47636858 0.87820435
vn -0.04959346 0.48124561 0.87518179
vn 0.026950516 0.47749174 0.87822282
vn 0.056405235 0.47624698 0.87750059
vn 0.7750414 0.2797876 0.56659484
vn 0.65172249 0.33491239 0.68050826
vn 0.73414993 0.26496455 0.62515414
vn -0.0089330338 0.46637726 0.8845408
vn 0.012870764 0.46635723 0.88450283
vn -0.074550852 0.47948378 0.87437832
vn -0.088926896 0.48830453 0.86813056
vn 0.094609141 0.479204 0.87258959
vn 0.048628144 0.48285002 0.87435186
vn -0.99224108 0.122954 0.018437857
vn -0.98317951 0.15085632 0.10295819
vn -0.109464 0.48601335 0.86706901
vn -0.13143869 0.4972119 0.85761541
vn -0.9165833 0.16527069 0.36408886
vn -0.92653185 0.15758985 0.34161988
vn 0.98696709 0.15738736 0.033544127
vn 0.98694879 0.15738274 -0.034100093
vn 0.081801288 0.49131098 0.86713439
vn 0.13540418 0.48486716 0.86404258
vn -0.99270886 -0.12053701 1.2616619e-13
vn 0.99270886 -0.12053701 -1.2616619e-13
vn -0.84969187 0.18810889 0.49258375
vn 0.92599344 0.15714303 0.34328157
vn 0.94480413 0.16181654 0.28488687
vn 0.83170968 0.21256037 0.51291037
vn 0.85793597 0.19920406 0.4735648
vn -0.1501466 0.4943043 0.85622382
vn -0.1796276 0.50628179 0.84345281
vn -0.98586857 0.099366777 0.13486825
vn -0.97428298 0.11855625 0.19161704
vn 0.11955774 0.50173581 0.85671884
vn 0.18146715 0.49156234 0.8517254
vn -0.56460834 0.35376912 0.7456975
vn -0.62518108 0.33297163 0.70588845
vn 0.9900052 0.11141755 0.086462773
vn 0.98302281 0.10988089 0.14694318
vn -0.37641209 0.44188574 0.81427938
vn -0.45383269 0.43045303 0.78022182
vn 0.51299608 0.38702011 0.76619214
vn 0.61874998 0.32086217 0.71707457
vn 0.33202368 0.4620201 0.82237321
vn 0.44671702 0.41520491 0.79249531
vn -0.19902325 0.50232524 0.84146243
vn -0.23559152 0.51344299 0.82515025
vn -0.88845676 0.1492212 0.43402493
vn -0.88950628 0.14815338 0.43223736
vn -0.84030926 0.22458613 0.49339786
vn 0.16435915 0.51236844 0.84289068
vn 0.23497039 0.49729648 0.83515573
vn -0.9719342 0.080661803 0.22099231
vn -0.96102124 0.094467454 0.25983459
vn 0.92452693 0.14681663 0.35170272
vn 0.89367718 0.140434 0.42616829
vn -0.017392173 0.5373711 0.84316653
vn 0.019547908 0.53734964 0.84313297
vn -0.77641457 0.23181607 0.58603907
vn -0.80183995 0.2147357 0.55762106
vn -0.017174738 0.54141027 0.84058309
vn -0.035746697 0.54085952 0.84035301
vn -0.043834202 0.54655641 0.83627427
vn 0.019326383 0.54202801 0.84013814
vn 0.050417852 0.54085469 0.8396036
vn 0.98086935 0.087885313 0.17369953
vn 0.96985108 0.085869707 0.22806852
vn -0.010783785 0.53739029 0.8432647
vn 0.013303355 0.53737408 0.84323907
vn -0.06634286 0.54510581 0.83573818
vn -0.083080173 0.55522013 0.82754356
vn -0.98787177 0.012932225 -0.15473253
vn -0.96992064 -0.014079065 -0.24301383
vn -0.96616155 0.035344999 -0.25550464
vn 0.00134944 0.99999905 0.00030772752
vn 0.0013617864 0.99999899 0.00035328366
vn -0.41520506 0.13493383 -0.8996653
vn -0.43719003 0.10802124 -0.89285851
vn -0.51489007 0.12152396 -0.84859896
vn 0.00033730239 0.99999958 0.00085732399
vn 0.00024033962 0.99999994 0.00023099965
vn -0.51466155 0.12492274 -0.84824395
vn -0.51264226 0.12179184 -0.84992039
vn -0.00027176761 0.99999994 -0.00017054762
vn 0.00022950846 0.99999988 0.00036526046
vn -0.96616191 0.035344675 -0.25550336
vn 0.0013747086 0.99999899 0.00031073228
vn -0.93524748 -0.024294378 -0.35315987
vn 0.0010403933 0.9999994 0.0002614824
vn -0.93523526 0.025038503 -0.35314029
vn -0.9461574 0.021916006 -0.3229641
vn -0.00012831981 1 -0.00016945005
vn 0.00041817108 0.99999988 0.00014632502
vn -0.41522077 0.13493252 -0.89965826
vn 0.00023314371 0.99999994 0.00023672209
vn -0.98787171 0.012932321 -0.1547329
vn 0.0013329675 0.99999905 0.00034402355
vn -0.35898888 0.095356062 -0.92845798
vn -0.31866571 0.12231715 -0.93994182
vn 0.00039623628 0.99999988 0.00035665621
vn -0.041725628 0.012840133 -0.99904662
vn -0.13794537 -0.049863797 -0.98918384
vn 4.2792858e-06 1 0.00017603468
vn 1.7843109e-05 1 -1.2147937e-05
vn -0.51458317 0.12493333 -0.84828997
vn -0.00026725515 0.99999994 -0.0001673636
vn -0.99350035 -0.0096520847 -0.11341918
vn -0.99881917 0.0067655505 -0.048108749
vn -0.99865341 2.1434885e-06 -0.051878486
vn 7.6235214e-05 1 8.5896227e-06
vn 2.0015238e-15 1 1.1990408e-05
vn -0.041018523 0.18897574 -0.9811247
vn -0.099549048 -0.0022980422 -0.99502999
vn 1.4923472e-05 1 1.162786e-05
vn 0.049257159 0.19283144 -0.97999477
vn -0.041795447 0.005586144 -0.99911058
vn 1.7107212e-05 1 8.495834e-10
vn -0.06839177 0.032672316 -0.99712342
vn -0.13799325 0.031386793 -0.9899357
vn -3.2658958e-05 1 -8.1447033e-05
vn 5.5081309e-06 1 4.8886202e-05
vn 0.041522309 0.0055793035 -0.99912202
vn 0.040806241 0.18686426 -0.98153788
vn -0.0484646 0.19068691 -0.98045379
vn 0.041540969 0.012659975 -0.99905658
vn 0.098790839 -0.0022894731 -0.99510556
vn 0.13736166 0.031531122 -0.99001896
vn 0.08235646 -0.013553279 -0.99651074
vn 0.13747208 0.010793407 -0.99044681
vn 0.14373441 0.031405117 -0.98911786
vn 0.22785652 0.045256805 -0.97264242
vn 0.22772515 0.045260854 -0.972673
vn -0.00026987828 0.99999994 -0.00031279351
vn -0.00028865843 0.99999988 -0.00032121068
vn -0.00033188489 0.99999952 -0.00094848115
vn 0.195738 0.1428628 -0.97019422
vn 0.2257027 0.1415869 -0.96385241
vn 0.32016993 -0.075193211 -0.94437134
vn 0.29580024 0.091350652 -0.95087183
vn 0.27538973 0.10689434 -0.9553712
vn 0.31862831 0.12240558 -0.93994302
vn 0.32029629 0.068694659 -0.94482344
vn 0.35565394 0.12042665 -0.92682666
vn 0.41485542 0.1346347 -0.89987135
vn 0.43506569 0.13292228 -0.89053327
vn 0.41642711 0.10354463 -0.90325356
vn -0.00052920083 0.99999899 -0.0013412362
vn 0.00039041773 0.99999988 0.00034881767
vn 0.51391357 0.12248489 -0.84905255
vn 0.51393884 0.12248188 -0.84903771
vn 0.51253986 0.12466596 -0.84956539
vn 0.51377302 0.12449975 -0.84884453
vn 0.58412886 0.098785907 -0.80562699
vn 0.60747558 0.1254036 -0.78437704
vn 0.65160525 0.11716468 -0.74945515
vn 0.61074412 0.071917512 -0.78855532
vn -0.000117066 1 -0.00015213845
vn -0.00010713773 1 -6.989589e-05
vn -0.00010642324 1 -7.0521521e-05
vn -0.0001257362 1 -0.00017241562
vn 7.704278e-05 1 0.00013820073
vn -4.4991131e-05 1 -4.4991244e-05
vn 0.69496763 0.10703555 -0.71102983
vn 0.71211773 0.10306389 -0.69445384
vn 0.69621599 0.088654675 -0.71233678
vn 0.7731716 0.074487001 -0.62980735
vn 0.77320313 0.074478038 -0.62976974
vn 0.77432126 0.05134033 -0.63070655
vn 0.76515996 0.085645482 -0.63811839
vn 0.81154329 0.071233243 -0.57993388
vn -0.00024685447 0.99999994 -0.00020756839
vn -0.00023932938 0.99999994 -0.00013465376
vn -0.00023835759 0.99999994 -0.00013523316
vn -0.00024628427 0.99999994 -0.00020682403
vn -5.1408315e-05 1 -2.5779602e-05
vn -7.6012475e-05 1 -4.776179e-05
vn 0.83869368 0.064434238 -0.54077828
vn 0.83920455 0.054202486 -0.54110801
vn 0.85182297 0.059412498 -0.52044958
vn 0.89277691 0.037676204 -0.44892079
vn 0.8927806 0.037674453 -0.4489136
vn 0.88584548 0.04711822 -0.46158171
vn 0.92568332 0.026046129 -0.37740168
vn 0.89339322 0.0029205426 -0.44926605
vn -0.00010467705 1 -5.6363926e-05
vn -9.6939169e-05 1 -6.0430782e-05
vn 0.93473864 -0.027439771 -0.35427499
vn 0.93853492 0.027345615 -0.34409937
vn 0.934735 -0.027453016 -0.35428348
vn 0.96598274 0.036715493 -0.2559869
vn 0.97684038 0.025707938 -0.21241929
vn 0.9664765 -0.018241504 -0.25610638
vn 0.9878388 0.012953191 -0.15494102
vn 0.99448144 9.0109861e-05 -0.1049123
vn 0.98772228 -0.020175349 -0.15491186
vn 0.99882311 0.0067453124 -0.048030548
vn 0.998658 -1.997316e-15 -0.051789556
vn 0.99956638 -1.9991326e-15 0.029446531
vn -0.99956638 2.145448e-06 0.029446531
vn 0.99956596 -1.999132e-15 0.029459836
vn 0.99956626 9.1242299e-07 0.02945056
vn 0.9995665 1.7431846e-06 0.029442165
vn 0.99956638 1.104528e-06 0.029445389
vn 0.98610491 9.3557489e-08 0.16612385
vn 0.98610479 1.6753887e-07 0.16612454
vn 0.99956584 -1.9991316e-15 0.029464271
vn 0.98610437 -1.9722089e-15 0.16612686
vn 0.98611033 -1.1527449e-06 0.16609173
vn -0.99956632 1.1045237e-06 0.029447608
vn -0.99956638 1.3073883e-06 0.029446583
vn -0.99956596 1.999132e-15 0.029459836
vn -0.98610485 1.9722097e-15 0.16612403
vn -0.98611015 -1.0276473e-06 0.16609271
vn -0.98610443 3.3675835e-07 0.16612661
vn -0.98610491 4.1319737e-08 0.16612385
vn 0.92759299 5.3084342e-08 0.37359241
vn 0.92759252 1.6937361e-07 0.37359354
vn 0.92758983 4.2859691e-07 0.37360021
vn 0.9275952 -1.8551904e-15 0.37358689
vn 0.98610449 -1.9722091e-15 0.16612627
vn -0.9275952 -8.6148191e-09 0.37358689
vn -0.92759299 2.0593727e-07 0.37359241
vn -0.92759299 2.0540021e-07 0.37359241
vn -0.98610473 1.9722095e-15 0.16612491
vn -0.92759508 1.8551902e-15 0.37358716
vn 0.82597423 2.2941338e-08 0.56370789
vn 0.82597518 -1.6519504e-15 0.56370652
vn 0.92759258 -1.8551851e-15 0.37359342
vn -0.82597452 -3.4886543e-07 0.56370747
vn -0.92759138 1.8551828e-15 0.37359631
vn -0.82596016 1.6519204e-15 0.56372845
vn 0.82597554 -1.2196635e-07 0.56370592
vn 0.82597136 -6.3250405e-07 0.56371206
vn 0.68597484 1.5825886e-07 0.72762525
vn 0.68597716 -1.3719543e-15 0.72762311
vn 0.82598341 -1.6519668e-15 0.56369448
vn -0.68597513 6.4369897e-07 0.72762495
vn -0.6859799 -7.5772604e-08 0.72762048
vn -0.8259806 1.0574975e-06 0.56369853
vn -0.82596952 -2.9342709e-07 0.56371474
vn -0.82598835 1.6519767e-15 0.56368715
vn -0.68597883 1.3719577e-15 0.7276215
vn 0.68596363 -1.3719273e-15 0.72763586
vn 0.68597919 7.0939518e-07 0.72762114
vn 0.51412636 -1.0282527e-15 0.85771447
vn 0.51410425 6.8954625e-07 0.85772771
vn -0.51410484 1.0282097e-15 0.85772735
vn -0.51410812 -1.0263415e-07 0.85772538
vn -0.51410371 3.516771e-07 0.85772806
vn -0.68596107 1.3719221e-15 0.72763824
vn 0.51410627 9.6407791e-07 0.85772651
vn 0.31834203 7.222024e-07 0.94797593
vn 0.31833702 9.3208433e-07 0.9479776
vn 0.31846192 -6.3692383e-16 0.94793564
vn 0.51409137 -1.0281827e-15 0.85773546
vn 0.31833896 -6.3667793e-16 0.94797695
vn 0.31827417 9.8012824e-06 0.9479987
vn 0.31832829 1.7700135e-06 0.94798052
vn -0.31834346 6.348119e-07 0.94797546
vn -0.31833896 8.2295645e-07 0.94797695
vn -0.51409829 1.0281966e-15 0.85773128
vn -0.31842852 6.3685707e-16 0.94794685
vn 0.10778806 1.1843995e-06 0.99417388
vn 0.10780974 -8.3827746e-07 0.99417156
vn 0.10779068 5.1871785e-07 0.99417359
vn 0.10759239 7.8554922e-06 0.9941951
vn 0.10782724 -2.1565448e-16 0.99416965
vn -0.31832275 6.3664547e-16 0.94798237
vn -0.10780445 2.1560889e-16 0.9941721
vn -0.1077904 5.1948524e-07 0.99417365
vn -0.10778813 6.8156561e-07 0.99417388
vn -0.3183372 6.3024106e-07 0.94797754
vn -0.31832907 1.7965922e-08 0.94798028
vn -0.10780182 1.3833527e-06 0.99417239
vn 0.10780127 1.3833527e-06 0.99417245
vn 0.10777405 4.7065021e-07 0.99417543
vn -0.10780931 2.229312e-06 0.99417162
vn -0.10777513 4.8802957e-07 0.99417531
vn -0.61049205 0.088424399 -0.78707093
vn -0.22823592 0.043934677 -0.97261405
vn -0.1477876 0.015827779 -0.98889244
vn -0.69540185 0.10673734 -0.71065003
vn -0.71030915 0.086443685 -0.69856167
vn -0.77383876 0.074120142 -0.62903082
vn -0.92411071 0.018698167 -0.38166705
vn -0.89306396 0.043942563 -0.44777873
vn -0.7638759 0.076920047 -0.64076275
vn -0.77311742 0.083628856 -0.62872541
vn -0.89306372 0.043942682 -0.44777921
vn -0.8391453 0.064255185 -0.54009849
vn -0.85022128 0.051290926 -0.52392083
vn -0.89327872 0.037331764 -0.4479503
vn -0.88465977 0.041368205 -0.46439829
vn -0.2261505 0.14288902 -0.96355522
vn -0.218247 0.044239566 -0.97489029
vn -0.58465594 0.1300084 -0.80079663
vn -0.60804772 0.12593582 -0.78384829
vn -0.69540435 0.10673676 -0.71064764
vn -0.64965385 0.088124461 -0.75510526
vn -0.83915007 0.064253397 -0.54009134
vn -0.7731182 0.083628632 -0.62872452
vn -0.80921465 0.058342058 -0.58460915
vn -0.32024518 0.072354615 -0.94456756
vn -0.27208859 0.12450775 -0.95418322
vn -0.22620083 0.14288674 -0.96354377
vn -0.24922413 0.092566445 -0.96401185
vn 0.088900112 0.54499066 0.83371574
vn 0.041156456 0.54849297 0.83514166
vn 0.032330994 -0.0015361093 -0.99947602
vn 0.019344168 0.0055609262 -0.9997974
vn -0.021885632 -0.0014172362 -0.9997595
vn 0.72478086 0.2856153 0.62699014
vn 0.80114633 0.2051359 0.5622133
vn 0.2073056 0.093464337 -0.9738012
vn -0.20730546 0.093464918 -0.9738012
vn -0.10331395 0.55309916 0.82668465
vn -0.12818111 0.56550837 0.81472075
vn 0.07387545 0.55863172 0.82611924
vn 0.1325573 0.55195212 0.82327241
vn 0.99833608 0.052679099 0.023451347
vn 0.99852329 0.052688979 0.013231676
vn -0.2578752 0.5076617 0.82205838
vn -0.30075416 0.5163182 0.80184937
vn -0.99831069 0.049109265 0.031048553
vn -0.99872267 0.049129531 0.011801567
vn -0.99826717 0.049718358 0.031476445
vn -0.99869525 0.049739681 0.011562921
vn 0.21817811 0.52105373 0.82516748
vn 0.29755273 0.49963951 0.8135249
vn -0.02989487 0.005563328 -0.99953759
vn -0.97249556 -0.00086554018 -0.23291993
vn 0.96414071 0.0072603095 -0.26529232
vn 0.9753899 0.016047262 -0.21990231
vn 0.13069086 0.080537878 -0.98814654
vn 0.19978407 0.080796503 -0.97650307
vn -0.19978385 0.080796883 -0.97650307
vn -0.13069047 0.080538131 -0.98814654
vn -0.14898486 0.56238836 0.81334054
vn -0.1813913 0.57509369 0.79772455
vn -0.94721639 0.076829545 0.31125283
vn -0.9549467 0.068355501 0.28879803
vn 0.99833727 0.052662034 0.023439297
vn 0.99852413 0.052671891 0.013236705
vn -0.45768073 0.42860088 0.77899271
vn -0.53729653 0.40905923 0.73755205
vn 0.11435048 0.57043058 0.81334674
vn 0.18383394 0.55935448 0.80828685
vn 0.95728827 0.058860783 0.28308061
vn 0.96351677 0.051108006 0.26272315
vn 0.40851551 0.45459765 0.79148978
vn 0.52846009 0.39500636 0.7514652
vn -0.64800251 0.31601635 0.69298369
vn -0.70515919 0.28886357 0.64754027
vn 0.057148777 0.069456041 -0.99594671
vn 0.12591048 0.071487233 -0.98946255
vn -0.1259101 0.071487464 -0.98946255
vn -0.057148743 0.069456153 -0.99594671
vn -0.99904448 0.023160003 0.037063837
vn -0.99440771 0.0013007428 0.10560121
vn -0.98631579 0.021572113 0.16344982
vn 0.59505725 0.35686958 0.72010481
vn 0.69831926 0.27790049 0.65963739
vn 0.43144736 0.16933468 -0.88610321
vn 0.51082969 0.16165453 -0.8443464
vn -0.43144593 0.16933312 -0.88610423
vn -0.47012034 0.16580512 -0.8668884
vn -0.5092169 0.18727458 -0.84001571
vn -0.20532902 0.57025868 0.79538983
vn -0.24438927 0.58136874 0.77606976
vn -0.58433795 0.17726518 -0.79191303
vn 0.58449155 0.16900085 -0.79360467
vn 0.59696609 0.17537269 -0.78286391
vn 0.4888685 0.18964706 -0.85149372
vn 0.43473679 0.17377961 -0.88363147
vn 0.34692216 0.17900681 -0.92065281
vn -0.43473735 0.17378077 -0.88363093
vn -0.34692201 0.17900786 -0.92065263
vn 0.16467534 0.58147985 0.79672033
vn 0.24458009 0.56452453 0.78834802
vn 0.99947876 0.029446466 0.013233117
vn -0.9994995 0.029447077 0.011560517
vn -0.99449927 0.049531199 0.092292331
vn -0.99876201 0.049743507 1.240193e-06
vn 0.99833691 0.052668713 0.023439407
vn 0.99861127 0.05268319 -1.2691634e-13
vn -0.99975801 1.1047355e-06 -0.021999775
vn 0.99975801 1.1047397e-06 -0.021999775
vn 0.99706846 0.012996207 0.07540267
vn 0.99290639 0.012512967 0.11823866
vn -0.32779571 0.50754249 0.79683787
vn -0.37572676 0.51222426 0.77230543
vn -0.65335065 0.15692155 -0.74061364
vn -0.59694606 0.16697842 -0.78471243
vn 0.6531353 0.15029535 -0.74217629
vn 0.66303235 0.15503344 -0.73236108
vn 0.25975123 0.18628606 -0.94753724
vn 0.35047027 0.18432224 -0.918257
vn -0.25975081 0.18628606 -0.94753736
vn -0.35046941 0.18432227 -0.9182573
vn 0.2822738 0.52536786 0.80268931
vn 0.3701787 0.49581543 0.78557926
vn -0.036937434 0.60564047 0.79488069
vn -0.0097341239 0.62252623 0.78253841
vn -0.0097402716 0.62237871 0.78265566
vn 0.012284086 0.62250876 0.78251642
vn 0.020570289 0.61630636 0.78723776
vn 0.012289436 0.62236124 0.78263366
vn 0.043838106 0.63181108 0.77388173
vn -0.031806432 0.070588671 -0.99699831
vn 0.029883489 0.0055684131 -0.99953789
vn 0.060113668 0.075842597 -0.99530613
vn -0.006615303 0.072859555 -0.99732029
vn -0.060113579 0.075842589 -0.99530613
vn -0.71513718 0.1366716 -0.68549228
vn -0.6627081 0.14833649 -0.73403966
vn 0.71473986 0.13164084 -0.68688983
vn 0.72207642 0.13499622 -0.6785143
vn -0.018564017 0.63095641 0.77559614
vn -0.057133112 0.62903565 0.7752741
vn -0.076841727 0.64054376 0.76406741
vn 0.2644015 0.19410843 -0.94467652
vn 0.17302318 0.19260977 -0.96590084
vn -0.26440108 0.19410843 -0.94467664
vn -0.17302287 0.19260976 -0.9659009
vn 0.082982041 0.62912387 0.77286297
vn -0.92809993 0.065373436 0.3665472
vn -0.92860633 0.064650014 0.36539111
vn -0.098258063 0.63848442 0.76333678
vn -0.12626721 0.65183371 0.74777633
vn 0.065268897 0.6442771 0.76200199
vn 0.13148224 0.63727504 0.75933713
vn -0.98421848 -0.014948135 0.17632517
vn -0.97657233 -0.0003506807 0.21518923
vn 0.063274048 0.005556826 -0.99798071
vn 0.89388633 0.13926615 0.42611289
vn 0.93176436 0.05631575 0.35866928
vn -0.27338037 0.57373512 0.77206945
vn -0.31787482 0.58153778 0.7488454
vn -0.76924634 0.11704598 -0.62814033
vn -0.72162533 0.12991172 -0.67998517
vn 0.76883543 0.11356585 -0.62928122
vn 0.77372378 0.11574633 -0.62285978
vn 0.08892294 0.20471458 -0.97477418
vn 0.18202946 0.2097815 -0.96065444
vn -0.18202911 0.20978148 -0.96065456
vn -0.088922486 0.20471455 -0.97477418
vn -0.84064448 0.16401821 0.51615399
vn -0.8622393 0.1443516 0.48549563
vn 0.22621262 0.58917278 0.77569538
vn 0.31576231 0.56457472 0.76259398
vn 0.98942226 -0.0088944742 0.1447912
vn 0.97652888 -0.0098017761 0.21516337
vn -0.15213612 0.64808947 0.74621356
vn -0.18726987 0.66087848 0.72675282
vn 0.79368925 0.22607256 0.56475532
vn 0.86109722 0.13509864 0.49016321
vn 0.11070865 0.65698045 0.74573475
vn 0.19101274 0.64452332 0.74034035
vn -0.54561782 0.40415943 0.73413646
vn -0.62372839 0.37608102 0.68521965
vn -0.81591773 0.09844505 -0.56972522
vn -0.77326626 0.1122402 -0.6240685
vn 0.81560403 0.096277528 -0.57054424
vn 0.8184669 0.097551703 -0.56621158
vn 0.010364961 0.23734823 -0.97136933
vn 0.10822326 0.24649341 -0.96308291
vn -0.010364803 0.23734868 -0.97136921
vn -0.10822284 0.24649365 -0.96308291
vn -0.025300462 0.18687525 -0.98205781
vn 0.02528692 0.18687102 -0.98205894
vn 0.52255613 0.23384148 -0.81991053
vn 0.42657024 0.24251041 -0.87133604
vn -0.52257437 0.23386709 -0.81989157
vn -0.42656696 0.24253976 -0.87132949
vn 0.49294811 0.43709257 0.752298
vn 0.61392677 0.36363623 0.70061588
vn -0.40881318 0.49889046 0.76418591
vn -0.46020383 0.49828789 0.7347936
vn 0.44116426 0.26399064 -0.85771966
vn 0.33587611 0.26867303 -0.90277463
vn -0.33587512 0.26867306 -0.90277499
vn -0.44114229 0.26399204 -0.85773057
vn -0.99270886 0.12053701 1.2616619e-13
vn 0.99270886 0.12053701 -1.2616619e-13
vn 0.99452186 -0.10452907 -1.263966e-13
vn -0.99452192 -0.10452845 1.2639661e-13
vn 0.99956495 -0.02944907 0.0016290284
vn 0.99887925 -0.047330555 -1.2695041e-13
vn -0.99861151 -0.05267895 1.2400061e-06
vn -0.99947876 -0.029446531 0.013232139
vn 0.99871796 -0.047326833 0.017959761
vn -0.99845791 -0.052671462 0.017537327
vn -0.21975106 0.65426022 0.72363871
vn -0.26066789 0.66440487 0.7004416
vn 0.24129118 0.29750904 -0.92372447
vn 0.35349452 0.29787832 -0.88674128
vn -0.35349426 0.29787967 -0.88674092
vn -0.24129052 0.29751015 -0.92372429
vn 0.35720471 0.52260089 0.77414024
vn 0.45254773 0.48288742 0.74968016
vn -0.96713597 0.024894366 -0.25303805
vn -0.98817474 -0.0015661245 -0.15332402
vn -0.99520874 0.0086930105 -0.097385563
vn 0.9932856 -0.011586464 -0.11510616
vn 0.99882841 -0.047310151 0.010178369
vn 0.99871874 -0.047304954 0.017975908
vn 0.16975097 0.6673876 0.72510582
vn 0.26254445 0.64740443 0.71549839
vn -0.96731073 -0.015742283 0.25310498
vn -0.97264522 -0.024633244 0.23098591
vn -0.73018968 0.2657761 0.62943316
vn -0.78156549 0.23274028 0.57878089
vn -0.35333151 0.56958508 0.74211162
vn -0.40149799 0.57259911 0.71479338
vn 0.26332739 0.33918473 -0.90311265
vn 0.14901511 0.33312139 -0.93103415
vn -0.2633253 0.33918339 -0.90311372
vn -0.14901486 0.33312035 -0.93103456
vn -0.019128816 0.7200259 0.69368351
vn 0.021865595 0.71998549 0.69364458
vn -0.0070736073 0.71733975 0.69668764
vn -0.019165223 0.72986054 0.68332738
vn 0.021837199 0.71718645 0.6965391
vn 0.032600634 0.32977626 -0.94349605
vn -0.077259183 0.39961416 -0.91342187
vn 0.025274886 0.18690798 -0.98205221
vn 0.049468115 0.33180884 -0.94204873
vn -0.025288567 0.18691176 -0.98205113
vn 0.038170982 0.32021773 -0.94657463
vn -0.049467906 0.33180949 -0.94204849
vn -0.85573387 0.080901816 -0.51105225
vn -0.81813055 0.0953722 -0.5670684
vn 0.85557789 0.079991728 -0.51145655
vn 0.85669935 0.080502182 -0.50949544
vn -0.041236024 0.72518444 0.6873188
vn -0.041126877 0.72520018 0.68730873
vn -0.041178435 0.72519779 0.68730813
vn -0.06868092 0.73081565 0.67911077
vn 0.0089574223 0.73530573 0.67767632
vn 0.0089552375 0.73530728 0.67767477
vn 0.046791937 0.72693968 0.68510526
vn 0.04675319 0.7269417 0.6851058
vn 0.076563492 0.72950149 0.67968053
vn 0.67791808 0.31504095 0.66421098
vn 0.77478921 0.22293989 0.59160751
vn 0.2994875 0.59060419 0.74932897
vn 0.39734977 0.55634236 0.72979194
vn -0.043107525 0.74246985 0.66849101
vn -0.093929611 0.73813289 0.66808456
vn -0.1229919 0.74287838 0.65803093
vn 0.10209727 0.73943067 0.66544604
vn 0.10206424 0.7394284 0.66545367
vn 0.133651 0.74433142 0.65429974
vn 0.049101152 0.74560255 0.66457951
vn 0.10207224 0.73943323 0.665447
vn -0.99138075 -0.11742458 0.05810063
vn 0.066906974 0.38245031 -0.92155045
vn 0.17711836 0.39396295 -0.90189928
vn -0.066906564 0.38245094 -0.92155021
vn -0.17711885 0.39396343 -0.90189898
vn -0.98961753 -0.14372605 1.2577331e-13
vn -0.30107874 0.65324843 0.69470721
vn -0.34580043 0.65896618 0.66797125
vn -0.020003948 0.40073112 -0.9159773
vn 0.99007416 -0.13060401 0.051920347
vn -0.097947374 0.75466186 0.64876175
vn -0.19471668 0.75406009 0.62727892
vn -0.16346307 0.74650544 0.64498794
vn -0.099348173 0.75451261 0.64872235
vn 0.24275956 0.67212206 0.69951391
vn 0.34585449 0.64230251 0.68398255
vn 0.20664111 0.7521199 0.62579155
vn 0.10679744 0.756926 0.64471495
vn 0.17519633 0.74722254 0.6410653
vn -0.88924628 0.064604551 -0.45284361
vn -0.85654712 0.079571828 -0.50989735
vn 0.88929337 0.064891391 -0.45271006
vn 0.88898015 0.064741708 -0.45334622
vn 0.048175991 0.33582932 -0.94069004
vn -0.0079039093 0.45643267 -0.88972282
vn -0.10326668 0.47112012 -0.87600332
vn -0.43160418 0.3277925 -0.84039867
vn -0.51277286 0.32068852 -0.79638112
vn -0.51365978 0.32123062 -0.7955907
vn 0.43162104 0.32781935 -0.84037954
vn 0.51371944 0.32061306 -0.79580128
vn 0.45810547 0.37054399 -0.80798298
vn 0.33737513 0.37551796 -0.86322898
vn -0.45810446 0.37054235 -0.80798435
vn -0.33737546 0.37551647 -0.86322951
vn -0.95593584 -0.024600446 0.29254314
vn -0.95609313 -0.024950184 0.29199907
vn -0.99852413 -0.052672125 0.013235729
vn -0.99209827 -0.052338298 0.11402491
vn -0.9934364 -0.097130343 0.06041345
vn 0.99882841 -0.047310088 0.010178369
vn 0.99643248 -0.047200046 0.069960549
vn 0.98886353 -0.14681385 -0.024384255
vn 0.98554689 -0.16602907 -0.033640623
vn -0.9850657 -0.165948 -0.045900382
vn -0.98694867 -0.15738298 -0.034101576
vn -0.99852353 -0.052684583 0.013230856
vn 0.5935753 0.27416554 -0.75663835
vn 0.6420784 0.30117989 -0.7050007
vn 0.51317763 0.32128695 -0.79587901
vn -0.59068835 0.31043229 -0.74479461
vn -0.49836251 0.47921458 0.72248751
vn -0.55065101 0.47246686 0.68815589
vn 0.23917964 0.43118578 -0.86998385
vn 0.36879042 0.43314934 -0.82242036
vn -0.36879084 0.43314764 -0.82242107
vn -0.23917747 0.43118426 -0.86998522
vn -0.16961023 0.76108325 0.62608677
vn -0.16975401 0.76105618 0.62608069
vn -0.28192687 0.75442678 0.59275413
vn -0.25198781 0.74918628 0.61255372
vn -0.16973002 0.76106274 0.6260792
vn -0.63659513 0.36673114 0.6784209
vn -0.70951188 0.33036819 0.62245464
vn -0.44379342 0.55451572 0.70396006
vn -0.49361798 0.5516519 0.67232543
vn 0.93182564 0.055621773 0.35861853
vn 0.95800245 -0.033678394 0.28477547
vn 0.97556275 -0.033913013 0.21708803
vn -0.98539352 -0.097110137 0.13989006
vn -0.66393167 0.26064369 -0.70089912
vn -0.64373118 0.2648553 -0.71795672
vn 0.66448206 0.23261198 -0.71017975
vn 0.70187634 0.25192413 -0.66626108
vn 0.44228715 0.50992721 0.73780507
vn 0.54143381 0.45879373 0.7045266
vn 0.29515505 0.75079823 0.59091926
vn 0.26782206 0.74816579 0.60705787
vn 0.18195055 0.76190013 0.62161261
vn 0.18191604 0.76190639 0.62161499
vn -0.89540851 0.086013757 0.43685839
vn -0.91231692 0.064317539 0.40440211
vn 0.27591276 0.50818902 -0.81585294
vn 0.14464514 0.49847019 -0.85475451
vn -0.1446455 0.49847159 -0.85475361
vn -0.27591181 0.50819063 -0.81585228
vn 0.038511977 0.77532279 0.63038987
vn -0.0089986622 0.81534034 0.57891202
vn 0.0099148452 0.77586138 0.63082546
vn 0.0066729188 0.79765671 0.60307479
vn 0.010373541 0.7948733 0.60668677
vn -0.050754361 0.80907518 0.58550948
vn -0.047028095 0.80553478 0.59067935
vn -0.0049006329 0.82225132 0.56910342
vn 0.056124199 0.79986489 0.59755021
vn -0.050651178 0.80900311 0.58561796
vn -0.016131513 0.58746439 -0.80908924
vn -0.016113961 0.58741772 -0.80912346
vn 0.0074462476 0.56624818 -0.82420117
vn 0.059473019 0.57577193 -0.81544447
vn 0.016120011 0.58742118 -0.80912083
vn 0.0071334201 0.56328815 -0.82622975
vn -0.052960277 0.57466877 -0.81667072
vn -0.050696187 0.80901885 0.58559239
vn 0.38391489 0.58277035 0.71623188
vn 0.48777691 0.5367828 0.6884315
vn 0.056092214 0.79988426 0.59752727
vn 0.038454503 0.77538133 0.63032138
vn -0.015729837 0.77586186 0.63070673
vn 0.58218312 0.40766406 0.70347196
vn 0.69953823 0.31972888 0.63907725
vn 0.98539287 -0.14629857 0.087164029
vn 0.99156231 -0.10621259 0.074317582
vn 0.98144859 -0.10591134 0.15981701
vn 0.056104597 0.79987448 0.59753919
vn -0.035450991 0.82105309 0.56975001
vn -0.053042378 0.82846236 0.55752724
vn -0.39446408 0.64119411 0.65823114
vn -0.44068199 0.64125568 0.62816447
vn 0.85564071 0.15629034 0.49340889
vn 0.91080004 0.055443823 0.40910795
vn -0.14818646 0.84109634 0.52019012
vn -0.1138197 0.81661004 0.56585604
vn -0.011034567 0.82799995 0.56061959
vn 0.024316939 0.82780558 0.56048781
vn -0.72677922 0.21740951 -0.6515559
vn -0.70165473 0.22389819 -0.67642462
vn 0.72607601 0.19617149 -0.65903747
vn 0.75395072 0.20977467 -0.62253743
vn 0.11990506 0.80470389 0.58144164
vn 0.0092919869 0.85883075 0.51217514
vn 0.11992375 0.80469275 0.5814532
vn -0.88902748 0.065032423 -0.45321175
vn -0.92893153 0.04237951 -0.36781812
vn 0.92893106 0.042375006 -0.36781991
vn 0.18568219 0.59476489 -0.78216165
vn -0.015842643 0.75594616 -0.65444207
vn 0.14084454 0.58989698 -0.79510027
vn -0.065382227 0.57888752 -0.81278193
vn -0.18568137 0.59476364 -0.78216279
vn -0.030482745 0.81781906 0.57466757
vn 0.32885343 0.66767114 0.66788518
vn 0.4391661 0.62570435 0.64469153
vn 0.13675331 0.86196619 0.48817292
vn 0.079758257 0.83333981 0.54697657
vn -0.11377442 0.81658894 0.56589562
vn -0.0084182238 0.58752078 -0.8091653
vn 0.1367929 0.86193347 0.48821959
vn 0.10958444 0.80952263 0.5767706
vn 0.13397399 0.82048845 0.55574244
vn 0.009185384 0.83448684 0.5509513
vn -0.11503749 0.81668246 0.56550521
vn -0.19551766 0.81891555 0.53958333
vn -0.37541035 0.73415858 0.56575453
vn -0.3531794 0.73786139 0.5751738
vn -0.25960577 0.76034594 0.59538132
vn 0.2061816 0.81250083 0.54528117
vn -0.99209851 -0.052345581 0.11401943
vn -0.77996993 0.1801021 -0.59934145
vn -0.75280941 0.18854752 -0.63065666
vn 0.77875954 0.16403712 -0.60549605
vn 0.79916763 0.17364584 -0.57548088
vn 0.38358513 0.72356588 0.57385963
vn 0.27526525 0.75839609 0.59081668
vn 0.021371506 0.7546196 -0.65581441
vn -0.10585745 0.67946589 -0.72603053
vn -0.8072772 0.20245206 0.55436146
vn -0.85056019 0.16454753 0.49947122
vn 0.97814757 -0.20791182 -1.2431556e-13
vn -0.98070121 -0.19501793 0.013898572
vn -0.98415637 -0.15693511 0.082508437
vn 0.98707223 -0.14655049 -0.064895198
vn 0.98823714 -0.14672101 0.04313115
vn 0.44912091 0.4181377 -0.78958929
vn 0.48485267 0.48170516 -0.72998494
vn 0.35442045 0.48924202 -0.79688668
vn -0.48485273 0.48170814 -0.72998297
vn -0.35441971 0.48924482 -0.79688531
vn -0.44911951 0.41813782 -0.78959006
vn -0.97832948 -0.12261504 0.16684423
vn 0.5669747 0.40463653 -0.71750188
vn -0.56697327 0.40463677 -0.71750289
vn 0.25582874 0.57011336 -0.78071916
vn 0.39451447 0.5703153 -0.72048515
vn -0.2558279 0.57011443 -0.78071862
vn -0.39451256 0.57031649 -0.72048521
vn 0.014072978 0.90575278 0.42357272
vn -0.0071367566 0.87586212 0.48250863
vn -0.016770571 0.87030399 0.49222937
vn -0.07231883 0.90497172 0.41928053
vn -0.014069928 0.90575182 0.42357489
vn 0.0071408199 0.87585986 0.48251274
vn 0.021184621 0.86769313 0.49664858
vn -0.19556035 0.8188777 0.53962535
vn 0.20618331 0.81249928 0.54528284
vn 0.75807834 0.26082876 0.59773374
vn 0.8442927 0.15583275 0.51272404
vn -0.18849584 0.8038072 0.56423688
vn -0.16956103 0.84620428 0.50516075
vn -0.34397084 0.83049297 0.43813863
vn -0.18863189 0.80384272 0.56414086
vn -0.016065294 0.74534184 -0.66648889
vn 0.016058173 0.74533665 -0.66649491
vn -0.30436629 0.82214922 0.48107365
vn 0.22084326 0.49115011 -0.84261489
vn -0.16032879 0.65940571 -0.73449218
vn -0.299052 0.66780692 -0.68161708
vn 0.0088383872 0.76155126 -0.64804441
vn -0.0088442937 0.76155251 -0.64804286
vn 0.18143354 0.84784794 0.49823263
vn 0.21827027 0.8364042 0.50277835
vn 0.30589616 0.79861838 0.51830125
vn -0.99943757 -0.0093387449 -0.032207686
vn 0.99975801 1.7435186e-06 -0.021999076
vn 0.9986639 -0.0040045278 -0.051520407
vn 0.99042159 0.019604128 -0.13667767
vn -0.82491797 0.14754353 -0.54565674
vn -0.79769725 0.15758164 -0.58210576
vn 0.82360083 0.13564938 -0.55070949
vn 0.83801401 0.14234896 -0.52675349
vn -0.14973122 0.8398276 0.52179515
vn 0.15680352 0.83965558 0.51999146
vn 0.065363593 0.90466315 0.42108455
vn -0.041681331 0.90506828 0.42321867
vn 0.041693114 0.90507078 0.42321226
vn -0.54075307 0.52618355 0.65629029
vn -0.58960265 0.51696897 0.62057376
vn 0.073800258 0.75049704 -0.65674019
vn 0.22821771 0.76654172 -0.60027534
vn -0.2051079 0.76545233 -0.60992908
vn -0.025216488 0.84006846 -0.54189402
vn -0.17558509 0.76337385 -0.62163514
vn -0.49616531 0.61485034 0.6130082
vn -0.54168391 0.60866022 0.57975101
vn -0.59236616 0.44652757 0.67060828
vn -0.64270478 0.43343794 0.63171363
vn 0.0086421212 0.91871667 0.39482278
vn 0.091390312 0.91769654 0.38662758
vn -7.6244709e-05 0.74543041 -0.66658342
vn 7.4012351e-05 0.74543041 -0.66658348
vn -0.044418305 0.94079518 0.33605278
vn -0.008249783 0.91844809 0.39545545
vn -0.041680664 0.90506864 0.42321804
vn 0.0098640881 0.91954941 0.39285064
vn -0.47811404 0.70229888 0.52743083
vn -0.3613739 0.745754 0.5596962
vn -0.36137459 0.74575377 0.55969608
vn 0.5340066 0.4852109 0.69239247
vn 0.47747236 0.56275415 0.67477989
vn 0.58257753 0.50406218 0.63759291
vn -0.11401901 0.87778336 0.46529138
vn -0.23708871 0.91109163 0.33719581
vn 0.42563084 0.65061831 0.62891507
vn 0.53887969 0.59467959 0.59662789
vn 0.63280475 0.42188472 0.64928532
vn 0.4883807 0.69325733 0.52997977
vn 0.3797428 0.74100423 0.55381238
vn 0.37981796 0.74092901 0.55386144
vn 0.37988171 0.74090272 0.55385286
vn 0.31375226 0.80841541 0.49802008
vn 0.30589211 0.79862255 0.51829726
vn -0.30438977 0.82214415 0.48106739
vn -0.39872798 0.79295862 0.46068716
vn -0.41735274 0.79519951 0.43985724
vn -0.13824101 0.86950856 -0.47417742
vn -0.016855862 0.86027336 -0.50955433
vn 0.019850915 0.8777774 -0.47865728
vn 0.0026065689 0.90585369 0.42358264
vn -0.86257684 0.11913083 -0.49170014
vn -0.83656704 0.13043256 -0.53211176
vn 0.86256951 0.11913429 -0.49171212
vn 0.32899892 0.82669145 0.45644385
vn 0.242956 0.86525208 0.43853301
vn -0.031694997 0.96120691 0.2740013
vn 0.031697337 0.96120459 0.27400917
vn -0.18988234 0.94306988 0.27306399
vn -0.093156978 0.91673547 0.38848144
vn 0.12042799 0.9286558 0.35084972
vn 0.091295145 0.91774851 0.38652667
vn -0.13833371 0.86951458 -0.47413939
vn 0.13788518 0.86959308 -0.4741261
vn 0.020123327 0.85494113 -0.51833457
vn -0.72626275 0.31509206 0.61094964
vn -0.79035193 0.27155921 0.54918069
vn -0.01053624 0.90091372 -0.43387032
vn 0.066242397 0.91226149 -0.40421638
vn 0.069860578 0.9176172 -0.39127755
vn -0.066241622 0.91226238 -0.40421453
vn 0.045280855 0.94204658 -0.33241215
vn -0.071004115 0.91276044 -0.40227708
vn 0.41715512 0.77249992 0.47877499
vn 0.15814115 0.87458479 -0.45835882
vn 0.3609021 0.69017655 -0.62722087
vn 0.43363023 0.4203226 -0.79705316
vn 0.45450249 0.68158799 -0.57346779
vn -0.20755734 0.83923858 -0.50259185
vn -0.36090183 0.69017655 -0.62722105
vn -0.34926647 0.69066799 -0.63323826
vn -0.5016591 0.54807824 -0.66928947
vn -0.47935075 0.50448543 -0.71813458
vn 0.47935048 0.50448346 -0.71813619
vn -0.032956339 0.96766347 0.25008255
vn 0.032959156 0.96766335 0.25008255
vn -0.020884294 0.96149057 0.2740432
vn 0.020883935 0.96148914 0.27404827
vn 0.21974257 0.86072129 0.45920807
vn -0.13642199 0.87311864 -0.46803087
vn -0.97865635 -0.12021114 0.16667633
vn -0.96968794 -0.11901219 0.21340442
vn -0.9697476 -0.11928915 0.21297809
vn 0.43768433 0.78809673 0.43282324
vn 0.39244348 0.78993958 0.47115129
vn -0.41735637 0.79519939 0.43985409
vn 0.54957467 0.49503657 -0.67298323
vn -0.60062635 0.4854643 -0.63527352
vn -0.55752128 0.45800701 -0.69238687
vn 0.10930577 0.87060219 -0.47969165
vn -0.052178785 0.93500298 -0.35078025
vn -0.21200256 0.87608093 -0.43305555
vn -0.033405539 0.96753389 0.25052401
vn -0.15352492 0.9676193 0.20035714
vn -0.17487553 0.96978951 0.17007911
vn -0.056980409 0.96769726 0.24559152
vn 0.033406612 0.9675343 0.25052229
vn 0.094063431 0.96681565 0.23752797
vn 0.67236102 0.36496535 0.64399606
vn 0.78103286 0.26267856 0.56655771
vn 0.13788585 0.86959201 -0.47412789
vn -0.10138547 0.92983449 -0.35373551
vn 0.030169157 0.95286649 -0.30188617
vn -0.068085924 0.95588505 -0.28574124
vn 0.25436118 0.84911191 -0.4629356
vn -0.96676606 0.022564655 -0.25466496
vn -0.92684513 0.055688523 -0.37129089
vn 0.92448956 0.069485337 -0.37482104
vn 0.96779698 0.029179256 -0.25003523
vn 0.96336263 0.026012696 -0.26693773
vn 0.9308902 0.052862685 -0.36145401
vn 0.9580003 -0.033989262 0.28474572
vn 0.97021884 -0.12784439 0.20574538
vn 0.97842485 -0.12905666 0.16133556
vn -0.97286481 -0.19385503 0.1263103
vn -0.97219241 -0.21717125 0.087627664
vn -0.93730235 -0.0014073969 0.34851447
vn -0.94867849 -0.024110459 0.31532168
vn -0.62537336 0.44471118 -0.64120209
vn 0.63483733 0.38143611 -0.67192858
vn 0.58316159 0.45347226 -0.674007
vn 0.7055316 0.42286512 -0.56869173
vn 0.045036379 0.93419099 -0.35391939
vn 0.14812025 0.94030857 -0.30639875
vn 0.0067663603 0.9737494 -0.22752209
vn -0.14487621 0.94030195 -0.30796608
vn -0.017788192 0.98993802 0.14037925
vn 0.017788084 0.98993748 0.14038295
vn -0.01767832 0.96523422 -0.26078805
vn 0.01767719 0.96523666 -0.26077896
vn 0.19179627 0.94021708 0.28143564
vn 0.16752599 0.93593943 0.30976182
vn -0.022157609 0.98661685 0.16154318
vn -0.025685286 0.98604459 0.16448827
vn -0.098622084 0.9846409 0.14406957
vn 0.022155929 0.98661715 0.16154172
vn 0.066000007 0.97799236 0.19792658
vn -0.031630468 0.98960149 0.14031552
vn 0.03162346 0.98960078 0.14032194
vn -0.99886376 1.3064694e-06 -0.047657095
vn -0.00044519565 0.97443932 -0.22465037
vn 0.084958784 0.97912794 -0.18463616
vn 0.086408533 0.99625903 0.0012106556
vn -0.100972 0.97903562 -0.17690073
vn 0.97767782 -0.20320879 0.053407099
vn 0.96593893 -0.24956861 0.068392396
vn 0.97397369 -0.20258266 0.10166387
vn 0.90749848 0.076682054 0.41299686
vn 0.94690347 -0.03259306 0.3198618
vn -0.89300442 0.088527329 -0.441255
vn -0.88252574 0.083576433 -0.46277776
vn 0.8930102 0.088529363 -0.4412429
vn 0.88252234 0.083574116 -0.46278465
vn 0.019761318 0.9991622 0.03583923
vn -0.076943263 0.99463576 0.069133423
vn -0.018118314 0.9958474 0.08921729
vn -0.019212777 0.99575883 0.089973576
vn 0.05532651 0.99242955 0.10964729
vn 0.00040262885 0.99703473 0.076951556
vn 0.053287789 0.99211419 0.11344536
vn -0.69609344 0.36593738 -0.61769223
vn -0.7126593 0.36105829 -0.60145956
vn 0.69609493 0.36593661 -0.6176911
vn -0.41735619 0.79519951 0.43985403
vn 0.041810151 0.99848354 0.035812985
vn -0.032042295 0.99877751 -0.037640169
vn -0.032040954 0.99877739 -0.037643827
vn 0.04549953 0.99766958 -0.050844617
vn -0.17191203 0.98447865 0.035327226
vn 0.17188402 0.98448461 0.03529701
vn 0.032040101 0.99877745 -0.037644178
vn 0.032037839 0.99877727 -0.037650336
vn -0.041849155 0.99848181 0.03581506
vn 0.041812129 0.9984836 0.035808228
vn -0.042960253 0.99841243 0.036428563
vn 0.042957339 0.99841207 0.036440924
vn 0.039301842 0.99824768 0.04423666
vn -0.15857737 0.98227376 0.099957332
vn -0.075483479 0.98919237 0.12570101
vn 0.11799241 0.9801383 0.1593949
vn 0.12552643 0.98091459 0.14849138
vn -0.47263512 0.71552634 0.51442987
vn -0.41037953 0.78934419 0.45664471
vn -0.472619 0.71553421 0.51443368
vn -0.58961809 0.6572361 0.46945843
vn -0.042880453 0.99843782 0.035820886
vn 0.04287491 0.99843836 0.035813149
vn -0.053208146 0.99637949 0.066308476
vn 0.057682935 0.9952482 -0.07844571
vn 0.053205781 0.99637932 0.066313148
vn -0.05768536 0.99524814 -0.078444868
vn -0.41745105 0.79510021 0.43994343
vn -0.93501645 0.3546043 1.188339e-13
vn 0.93501621 0.3546049 -1.1883387e-13
vn 0.43771702 0.78806126 0.43285477
vn -0.40073156 0.79080486 0.46264663
vn -0.42238459 0.78897983 0.44620851
vn 0.43766561 0.78812778 0.43278566
vn 0.43864706 0.78580093 0.43601108
vn 0.39320853 0.78910124 0.47191763
vn -0.13511077 0.99040896 0.028899569
vn -0.058375031 0.99667436 0.05685598
vn 0.11284144 0.99145639 0.065429993
vn 0.10084232 0.9912712 0.084924869
vn -0.54361129 0.75262058 0.37154946
vn 0.15484574 0.93476439 -0.3197473
vn 0.18876243 0.93452007 -0.30172998
vn -0.092674464 0.97616738 -0.1962363
vn -0.248859 0.9306345 -0.26830703
vn -0.26420885 0.9289102 -0.25946009
vn -0.24393186 0.88122272 -0.40489966
vn 0.03848061 0.99530381 -0.088823549
vn 0.17947024 0.97185707 -0.15259185
vn -0.038482938 0.99530375 -0.088823192
vn -0.17589144 0.97276056 -0.15099378
vn 0.089388967 0.99599677 -0.00028466023
vn -0.34373972 0.83071506 0.43789899
vn -0.52693015 0.80493814 0.27279884
vn 0.42877483 0.78148198 0.4532527
vn -0.60038692 0.5725404 0.5583306
vn -0.64246839 0.56033832 0.52273828
vn -0.29488423 0.86803937 0.39943829
vn -0.4688915 0.8517912 0.23365043
vn 0.29723403 0.8696146 0.39423648
vn 0.38773385 0.86845702 0.30894151
vn 0.40831962 0.77223015 -0.48676044
vn 0.4104012 0.77194655 -0.4854579
vn -0.42432797 0.76993132 -0.47660416
vn -0.40830967 0.77224499 -0.48674521
vn 0.49293572 0.70568204 0.50894719
vn 0.59489578 0.64587283 0.47848436
vn 0.52880889 0.61844599 0.5812794
vn -0.41411924 0.8914535 0.18389101
vn -0.25738284 0.90271276 0.34476626
vn -0.089832716 0.9959569 -2.2196612e-06
vn 0.090489514 0.99589729 0.00041584973
vn 0.54861242 0.73295075 0.40225321
vn -0.36474657 0.92267287 0.12503882
vn -0.22978571 0.93328607 0.27599931
vn 0.27702451 0.93743259 0.21089718
vn 0.238591 0.93727064 0.2541616
vn -0.63900006 0.48318627 0.59850645
vn -0.68392152 0.46798977 0.55967569
vn -0.98617053 -0.15726216 -0.052309398
vn -0.98415583 -0.15694088 0.082504012
vn -0.17732356 0.9775129 0.1141265
vn -0.17527559 0.98396236 -0.033113841
vn 0.17732719 0.97751284 0.11412162
vn 0.27637419 0.94999689 -0.14533839
vn 0.24386859 0.96523225 -0.094099902
vn 0.17728092 0.97386003 0.14201443
vn 0.57533216 0.52875501 0.62402809
vn 0.63889766 0.54834104 0.53956634
vn -0.15110594 0.97720224 0.14913996
vn -0.17762275 0.97385925 0.14159228
vn -0.33995867 0.93980294 0.034620225
vn -0.32114717 0.94517648 0.059210628
vn -0.87478626 0.12621039 0.46778196
vn -0.90804136 0.084972478 0.41017142
vn -0.75509715 0.26013267 -0.60179675
vn -0.77904212 0.27243105 -0.56468993
vn 0.77904254 0.27243125 -0.56468922
vn 0.75509679 0.26013252 -0.60179722
vn 0.19956164 0.97628748 0.083891995
vn 0.9681465 -0.25013897 0.011081958
vn -0.12979239 0.98949689 -0.063638031
vn -0.58616126 0.56440246 -0.5812614
vn -0.52234501 0.63485271 -0.56931341
vn -0.63354194 0.55206764 -0.54207557
vn 0.56466794 0.56908965 -0.59773493
vn 0.6335358 0.55205196 -0.54209876
vn 0.96814716 -0.25013667 0.011080388
vn 0.96807647 -0.25011826 0.016395908
vn 0.95105666 -0.30901647 -1.208725e-13
vn -0.95105648 -0.30901703 1.2087247e-13
vn 0.62797242 0.4469856 0.63706714
vn 0.67659539 0.45728561 0.57715559
vn -0.20361157 0.96624434 -0.15784232
vn -0.33517525 0.93969935 -0.067990527
vn 0.23001213 0.95733589 -0.17493561
vn -0.68607557 0.39959368 0.60796809
vn -0.73168391 0.38068151 0.56543809
vn 0.83165234 0.19398253 0.52031255
vn 0.90264672 0.077147909 0.42341131
vn -0.96538472 -0.26051533 0.012812038
vn -0.96534932 -0.2605058 0.01540799
vn -0.93267745 0.063844375 -0.35501638
vn -0.29746678 0.91935766 -0.25747812
vn -0.43028215 0.88778734 -0.1633736
vn 0.2823723 0.95929033 0.0052906587
vn 0.32111079 0.9273082 0.19232096
vn 0.72206128 0.37130946 0.58374381
vn -0.80272555 0.24279061 -0.54468745
vn 0.80272645 0.24279 -0.54468644
vn 0.42089021 0.85753495 -0.29577905
vn 0.33163244 0.94332176 0.012804916
vn 0.3339158 0.94217324 -0.028456636
vn 0.45518973 0.81749952 -0.35284105
vn -0.40255922 0.84564066 -0.35048243
vn -0.52485955 0.81127578 -0.25759283
vn 0.44075927 0.82087439 -0.36317557
vn 0.38560775 0.86376494 0.32437131
vn 0.37154239 0.91844803 0.13568136
vn 0.4759154 0.78243852 0.40161487
vn 0.47911876 0.84621549 0.23316209
vn -0.54359788 0.75262851 0.37155309
vn -0.5074994 0.74964857 -0.42481923
vn -0.61032796 0.71605623 -0.33876726
vn -0.30682689 0.95173776 0.0072490936
vn 0.37423694 0.92358488 -0.083292954
vn 0.41354209 0.90250248 0.12030073
vn 0.57249916 0.75656605 0.31599441
vn 0.59457636 0.645895 0.47885129
vn 0.5486052 0.73295969 0.40224674
vn -0.642874 0.68197089 0.34875309
vn -0.64361644 0.68187898 0.34756148
vn -0.58434385 0.66625935 0.46329334
vn 0.54810679 0.73274946 0.40330774
vn -0.69454342 0.59342241 0.4067668
vn -0.58434433 0.66626209 0.46328875
vn -0.58431214 0.66628307 0.46329924
vn -0.80952996 0.24896643 0.53167373
vn -0.86199081 0.19997056 0.46581504
vn -0.34684271 0.93790108 -0.0064535276
vn -0.53400308 0.83379763 -0.14007929
vn -0.51520222 0.84956342 -0.11317538
vn -0.40877712 0.90177292 0.14038104
vn -0.84108132 0.17342995 -0.51235169
vn -0.84793299 0.17671922 -0.49977991
vn 0.84109116 0.17343447 -0.51233405
vn 0.84793341 0.17671926 -0.49977913
vn -0.60236812 0.64255965 -0.47357127
vn -0.68171144 0.61314547 -0.3991518
vn 0.61340767 0.61710781 -0.49285802
vn 0.61216629 0.61748469 -0.49392825
vn 0.60778648 0.64972818 0.45656204
vn 0.59301025 0.66719085 -0.45077178
vn 0.52794272 0.83728021 -0.1422614
vn 0.53047609 0.82168651 -0.20838989
vn 0.60779279 0.64972246 0.45656174
vn 0.69500363 0.5821802 0.42194328
vn 0.63201034 0.57016474 0.52485722
vn -0.5607897 0.82691711 -0.041509222
vn -0.44298655 0.87296319 0.2042014
vn 0.48023927 0.841057 0.24898469
vn 0.47006136 0.88094473 0.054577142
vn 0.47079775 0.86466271 -0.17523681
vn 0.51167983 0.85825282 0.039822653
vn -0.9345876 -0.35573307 1.1877939e-13
vn 0.75902009 0.30833074 0.57342881
vn 0.85393536 0.19261223 0.48342001
vn -0.70049816 0.51423919 0.49483371
vn -0.73667818 0.49719584 0.45836833
vn -0.96761537 -0.21624734 0.13022129
vn -0.96762395 -0.21564513 0.13115279
vn -0.48093691 0.83865601 0.25564775
vn -0.60639894 0.79492253 0.01945596
vn -0.96438783 0.032829154 -0.26244685
vn -0.98842663 0.00050669501 -0.15169884
vn 0.98986995 0.013725593 -0.14131182
vn 0.98436111 0.007550051 -0.17600068
vn -0.69977182 0.45790955 -0.54830486
vn -0.75667453 0.49238145 -0.43012109
vn 0.6851899 0.52392781 -0.5059787
vn 0.97018898 -0.1281212 0.20571405
vn 0.96672428 -0.22399381 0.12357549
vn 0.96895683 -0.22476965 0.10296245
vn 0.67200333 0.48002887 0.56390053
vn 0.73306459 0.48723051 0.47457635
vn -0.95662123 -0.29080483 0.017559297
vn -0.95471603 -0.29006517 0.066178158
vn -0.94951379 -0.31243986 0.028370358
vn -0.65175426 0.75515908 0.070364594
vn -0.52352697 0.79963577 0.29411247
vn 0.56287569 0.7595247 0.32602638
vn 0.57171261 0.80590689 0.15381411
vn -0.96276766 -0.09661594 0.25247541
vn -0.96817845 -0.11883201 0.22024855
vn -0.5029875 0.84782356 -0.16792494
vn 0.5645743 0.78292078 -0.26132533
vn 0.60826218 0.79250425 -0.044205651
vn -0.96538585 -0.26051104 0.012812038
vn -0.96427685 -0.2602084 0.049615875
vn -0.73283845 0.42531499 0.53108847
vn -0.77141571 0.40528154 0.49057588
vn 0.9681468 -0.25013801 0.011080388
vn 0.96807605 -0.25011975 0.016395874
vn -0.89090317 0.14787097 -0.42944822
vn 0.89090139 0.1478797 -0.42944881
vn 0.93643641 -0.35026401 -0.020048724
vn 0.92724246 -0.37345371 -0.027454009
vn -0.92662233 -0.37320453 -0.045710105
vn -0.93228143 -0.36054152 -0.029344458
vn -0.96538597 -0.26051059 0.012812139
vn -0.56977701 0.75671971 0.32051438
vn -0.69588006 0.70943242 0.11160877
vn 0.93547356 -0.34990385 0.049562886
vn 0.95396596 -0.29818425 0.032172821
vn 0.95361447 -0.29803455 0.042366095
vn 0.94590682 -0.011803546 0.32422355
vn 0.96622783 -0.1269071 0.22427286
vn -0.64357597 0.68189728 0.34760043
vn 0.68800968 0.66396421 0.2929064
vn 0.6384089 0.68863338 0.34382868
vn 0.57624978 0.7995804 0.16913724
vn 0.56720436 0.82304668 -0.029552132
vn -0.77813625 0.31511721 -0.54332787
vn -0.82435477 0.40148932 -0.39905581
vn 0.59932446 0.66521031 -0.44531494
vn 0.77813709 0.31510693 -0.54333258
vn 0.8243584 0.40148637 -0.39905134
vn 0.76893461 0.43057761 -0.47259122
vn -0.59519315 0.74647963 0.29751182
vn 0.6515919 0.66850954 0.35850099
vn 0.74543124 0.6541391 0.12819645
vn 0.71935052 0.39462638 0.57166845
vn 0.76464379 0.39665827 0.50791931
vn -0.64360541 0.68187851 0.34758285
vn -0.7743718 0.33815712 0.53478789
vn -0.81298757 0.31457967 0.48999065
vn -0.68520701 0.67514259 -0.27326518
vn -0.65632212 0.72074044 -0.22310206
vn -0.60607034 0.79511738 -0.021610741
vn -0.65437049 0.67333961 -0.34411189
vn 0.64803594 0.68531549 -0.33225307
vn 0.69490105 0.70821011 -0.12470362
vn 0.68801647 0.66395736 0.29290608
vn 0.66210437 0.66144246 0.35229489
vn -0.71950531 0.59789848 0.35331219
vn -0.69305301 0.59653091 0.40475714
vn -0.92811042 0.037880711 0.37037289
vn -0.94998705 -0.0045628799 0.31225586
vn -0.96427625 -0.26021114 0.049613733
vn -0.79216975 0.57291603 0.21031937
vn -0.69062024 0.64736426 0.32243323
vn 0.75607699 0.6032601 0.2538206
vn 0.69375896 0.57083935 0.43913662
vn 0.6879943 0.6639905 0.29288304
vn -0.76102179 0.5953061 0.25779164
vn -0.69306052 0.5965175 0.40476415
vn 0.80442756 0.30718294 0.50846332
vn 0.66208285 0.66147977 0.35226524
vn 0.93412352 -0.34976828 -0.071241915
vn 0.93592066 -0.35044354 0.035240278
vn 0.91969818 -0.39029223 -0.042745769
vn 0.89441055 0.11491152 0.43223277
vn 0.94566721 -0.011739964 0.32492423
vn 0.64917845 0.71935076 0.24718779
vn 0.65988201 0.74779975 0.073152333
vn -0.69302154 0.59655118 0.40478119
vn -0.78841716 0.51463467 0.33697122
vn 0.91354537 -0.40673679 -1.1610508e-13
vn -0.7256034 0.65857643 -0.19944108
vn -0.63736904 0.76930892 0.043868758
vn 0.66745901 0.73951614 0.08726
vn 0.65638965 0.74614131 -0.11147103
vn 0.71841347 0.57219559 0.39556831
vn -0.93255156 -0.36064723 0.016768102
vn -0.92318434 -0.38363618 -0.023537397
vn -0.7744962 0.59934813 -0.20233002
vn -0.75650156 0.49310288 -0.4295986
vn 0.69212526 0.66300315 -0.28528839
vn 0.78354174 0.50546813 0.36133683
vn 0.72876835 0.50654525 0.46076953
vn -0.85110277 0.28062135 -0.44370684
vn 0.85110337 0.28061283 -0.44371104
vn -0.76247728 0.63249719 -0.13629264
vn -0.66923457 0.73679841 0.09619379
vn -0.79049098 0.44162983 0.42436674
vn -0.81929523 0.42152452 0.38868028
vn 0.74460346 0.65269071 0.13985902
vn -0.88141066 0.16884573 0.44114208
vn -0.92022127 0.11676265 0.37357643
vn -0.90000594 0.11181815 -0.4212909
vn -0.93593711 0.086935252 -0.34126818
vn 0.87713134 0.19444537 -0.43912601
vn 0.93496996 0.079563007 -0.34568897
vn 0.94865286 0.087333627 -0.30402398
vn 0.91697997 0.11267503 -0.38269052
vn 0.7620883 0.41709766 0.49522814
vn 0.81621671 0.4133091 0.40369031
vn 0.74748242 0.66424239 0.0072172936
vn 0.73171651 0.65601981 -0.18501057
vn 0.83745807 0.23790906 0.49199924
vn 0.91384798 0.11049904 0.39073238
vn -0.70178699 0.69920421 0.13641308
vn -0.79613405 0.59932828 -0.083523504
vn 0.7293402 0.66334051 0.16745833
vn 0.73799318 0.67478627 -0.0054381196
vn -0.76723742 0.6181944 -0.17082866
vn -0.76099843 0.5953297 0.25780591
vn -0.94859987 -0.31306824 0.046330951
vn -0.94891661 -0.31180406 0.048326928
vn -0.81697971 0.35369715 0.45545852
vn -0.84781462 0.33040601 0.41477981
vn 0.79052198 0.56554759 0.23501256
vn 0.76361281 0.57043737 0.30248418
vn 0.96659684 -0.22458345 0.12350255
vn 0.94673097 -0.31942677 0.040828418
vn 0.94663751 -0.31933057 0.043650486
vn -0.92353326 -0.38345847 0.0067731193
vn -0.91402584 -0.40454134 -0.030051542
vn -0.9988637 1.9977274e-15 -0.047658354
vn -0.99908829 0.0054253181 -0.042345122
vn -0.99615151 -0.0024107816 -0.08761467
vn -0.98587972 0.021206992 -0.16610685
vn 0.99886364 -1.9977272e-15 -0.047659494
vn 0.99822366 -0.011111301 -0.058532689
vn -0.82298362 0.56806511 1.0459533e-13
vn 0.82298362 0.56806511 -1.0459533e-13
vn 0.80328268 0.3285062 0.49681044
vn 0.84215546 0.32349277 0.43142396
vn -0.96869075 -0.19657528 0.15164572
vn -0.96854746 -0.21683176 0.12206481
vn -0.82669705 0.56119657 -0.040379073
vn -0.73460394 0.65787804 0.16599265
vn -0.83766031 0.49875328 0.22264391
vn -0.8406865 0.49641016 0.21638653
vn -0.78974378 0.51141226 0.33876577
vn 0.92052734 -0.39034581 -0.016112318
vn -0.86459947 0.4222005 -0.27242336
vn -0.8318783 0.33304381 -0.4439148
vn 0.83301437 0.44745424 -0.32537943
vn 0.81267655 0.46140489 -0.35589656
vn 0.96753657 -0.10736692 0.22879107
vn 0.96639144 -0.22444928 0.12533987
vn -0.75863659 0.63267964 -0.15552175
vn 0.75647581 0.63616961 -0.15176491
vn -0.8522507 0.26309448 0.45216155
vn -0.88242257 0.23644134 0.40672585
vn -0.86462361 0.42521685 0.26761287
vn -0.78975326 0.51140177 0.33875948
vn -0.78973734 0.51142019 0.33876884
vn -0.75014865 0.64462072 0.14744864
vn 0.79125959 0.57471287 0.20883809
vn 0.85939431 0.51077288 -0.023503378
vn 0.87549335 0.23053423 0.42469445
vn -0.88099265 0.19215797 -0.43235084
vn -0.90608364 0.17600475 -0.38475287
vn 0.88098967 0.19215976 -0.43235612
vn 0.79847813 0.59530151 0.089715295
vn 0.80185598 0.59237975 -0.07818684
vn -0.93110383 -0.36008927 -0.05815012
vn -0.93255091 -0.36064893 0.016766781
vn 0.85927594 0.46136022 0.22088838
vn 0.81730926 0.47562882 0.32524264
vn 0.81732941 0.47559899 0.32523561
vn 0.85819221 0.4191865 0.2962918
vn 0.81378484 0.42991826 0.39105567
vn -0.96263385 -0.060650483 0.26392719
vn -0.97279698 -0.10166417 0.20815963
vn 0.93412107 -0.34977624 -0.071235031
vn 0.93591863 -0.35044932 0.035235792
vn 0.94204968 0.024728527 0.33456075
vn 0.96953899 -0.10842782 0.21963046
vn 0.89435148 -0.44725618 0.0098677268
vn 0.89385563 -0.44700819 -0.034724314
vn -0.85532033 0.45205361 -0.25312978
vn -0.81398541 0.57824945 -0.055275097
vn 0.86602539 -0.5 -1.1006563e-13
vn -0.86602569 -0.49999955 1.1006566e-13
vn -0.8659941 0.35768595 0.3494496
vn -0.88715732 0.33637246 0.31592005
vn -0.88947493 -0.45682299 0.012128209
vn -0.88905764 -0.45660868 -0.032939717
vn -0.89067012 0.45051017 0.061215553
vn -0.81519955 0.55092114 0.17870508
vn 0.84034246 0.497233 0.21583311
vn 0.81520128 0.55091971 0.1787018
vn 0.87909913 0.44998729 0.15715019
vn -0.83765787 0.49875596 0.22264731
vn -0.93749601 0.077456109 -0.33926657
vn -0.96655035 0.048927113 -0.25176683
vn 0.96597463 0.044368975 -0.2548027
vn 0.96875328 0.046301834 -0.24366626
vn 0.84100056 0.34159824 0.41955775
vn 0.88488746 0.32943547 0.32931206
vn -0.83766544 0.49874717 0.22263844
vn -0.93707466 0.076076187 0.34073958
vn -0.96138233 0.023655755 0.27419776
vn -0.88111228 0.30198151 -0.36393449
vn 0.88150859 0.3016991 -0.36320832
vn 0.88110954 0.30198851 -0.36393535
vn 0.87908334 0.45001277 0.15716563
vn 0.84802747 0.46620366 0.25199914
vn -0.8800047 0.42995733 -0.20181274
vn -0.85474133 0.51844519 0.025136402
vn 0.81479853 0.57696611 -0.056687187
vn 0.8809166 0.42670387 -0.20471883
vn 0.85916591 0.51164067 -0.0076024919
vn 0.90309608 0.15461497 0.40063912
vn 0.95679712 0.018013729 0.29019785
vn -0.88733923 0.27038419 0.37352571
vn -0.90996146 0.24556974 0.33416411
vn -0.89123231 0.40126684 0.21139972
vn -0.8686837 0.41278398 0.27385762
vn -0.87468314 0.44809532 0.18476997
vn -0.92762691 0.36255863 0.08977519
vn 0.87908685 0.45000401 0.15717086
vn 0.9276284 0.3625555 0.089772366
vn 0.87855375 0.44290435 0.17882682
vn -0.91283643 -0.40675768 -0.035747506
vn -0.91393954 -0.40457341 -0.032169469
vn -0.89737326 0.40746865 -0.1693829
vn -0.88009572 0.32237273 -0.34857905
vn 0.85745442 0.45011571 -0.24933466
vn 0.87541986 0.24989712 0.41375294
vn 0.9056918 0.23983632 0.34957239
vn -0.88103592 -0.47222337 -0.027942985
vn -0.88011891 -0.47213137 -0.049826402
vn -0.86659586 -0.4916195 -0.085568003
vn 0.94632059 -0.32066011 0.040674143
vn 0.91065609 -0.4112615 -0.039616358
vn 0.91159272 -0.41083425 -0.01462435
vn -0.91511232 0.38296086 0.12613639
vn -0.86868453 0.41278192 0.27385813
vn 0.8480323 0.4661918 0.25200471
vn -0.85707408 0.51485401 0.01868937
vn -0.95346898 -0.29734254 0.049843013
vn -0.94896472 -0.31444216 0.024333864
vn -0.91831589 0.12390596 -0.37595639
vn -0.94974202 0.097618021 -0.29742363
vn 0.87802005 -0.4780837 -0.022733545
vn 0.89386278 -0.44699368 -0.034727685
vn 0.87559724 -0.47768486 -0.071739897
vn -0.83472091 -0.55067325 1.0608705e-13
vn -0.86868387 0.41278297 0.27385867
vn -0.92391884 0.32900554 0.19526732
vn 0.96973586 -0.20690063 0.12963197
vn 0.94652033 -0.32153678 0.026710041
vn -0.91552174 0.1760052 0.36172104
vn -0.93673885 0.14797722 0.31721139
vn 0.89707625 0.36625889 0.24720164
vn 0.91780925 0.32603723 0.22655231
vn 0.88365561 0.3435269 0.31802836
vn -0.99956512 1.8248406e-06 0.029487833
vn -0.99979413 1.8252587e-06 -0.020291809
vn 0.99707919 0.013502366 -0.075171277
vn 0.99979413 9.1263104e-07 -0.020290436
vn -0.88947594 -0.45682099 0.012128209
vn -0.88944685 -0.45680606 -0.014576659
vn 0.89435869 -0.44724169 0.0098677268
vn 0.89434981 -0.44725949 0.009865351
vn 0.82574725 -0.56355107 -0.023489119
vn -0.82491148 -0.56298006 -0.050740276
vn -0.83625758 -0.5477736 -0.024846194
vn -0.83625633 -0.54777539 -0.024848403
vn -0.88947511 -0.4568226 0.012128105
vn 0.93163562 0.14301328 0.33406934
vn 0.9381386 0.33192796 0.098589234
vn -0.88944685 -0.45680606 -0.014576662
vn -0.89281541 0.44546154 0.066667989
vn -0.92117697 0.36602771 -0.13212369
vn 0.865116 0.50155485 0.0041325046
vn 0.91688073 0.38144562 -0.11759644
vn -0.97438598 -0.16556376 0.15218604
vn -0.97398716 -0.20255761 0.10158484
vn 0.89439291 -0.44727957 0.0015180914
vn 0.97047091 -0.074445061 0.22944316
vn 0.971533 -0.20908256 0.11139185
vn -0.92473918 0.26572433 0.27248499
vn -0.93894345 0.24466629 0.24191643
vn -0.91027337 0.2058576 -0.35920054
vn -0.92311329 0.19542328 -0.33116704
vn 0.93773091 0.18214302 -0.29577813
vn 0.87109703 0.32900804 -0.36461449
vn 0.92021477 0.14277895 -0.36444333
vn 0.95455658 0.16428594 -0.24866003
vn 0.8397963 -0.53729457 -0.077825211
vn 0.8409965 -0.53806186 -0.056694433
vn -0.91511196 0.3829616 0.12613682
vn -0.98535907 0.01623182 -0.16971752
vn -0.96818858 0.041684195 -0.24672511
vn 0.98597097 0.022116615 -0.16544497
vn 0.98344648 0.019656118 -0.18012947
vn 0.80901688 -0.58778536 -1.0282026e-13
vn 0.90542924 0.25580847 0.33876237
vn 0.93746179 0.23853992 0.25350365
vn -0.8293975 -0.55570674 -0.057356849
vn -0.83573568 -0.54743499 -0.043136768
vn 0.93813533 0.33193594 0.098593347
vn 0.9134894 0.35566726 0.19758001
vn -0.91857493 0.28919819 -0.26941502
vn -0.9247154 0.36838853 -0.095871501
vn 0.89657801 0.41024449 -0.16687505
vn 0.91860861 0.28879282 -0.26973489
vn -0.66312265 0.74851072 8.4278145e-14
vn 0.66312301 0.74851042 -8.4278193e-14
vn -0.93555582 0.2701776 -0.22746298
vn -0.97217768 -0.027072126 0.23267503
vn -0.98242569 -0.076882772 0.17008473
vn -0.94117218 0.17782572 0.28735498
vn -0.95600617 0.15293975 0.25032306
vn 0.95175934 0.060033999 0.3009153
vn 0.97942054 -0.082306407 0.18428515
vn -0.90734541 0.41867739 0.037862133
vn 0.94516778 0.3206493 -0.061983079
vn 0.95259237 0.29018378 -0.091439515
vn 0.92691129 0.36489978 0.087656111
vn -0.96159089 0.26545212 0.06984403
vn -0.9555819 0.28029618 0.091089383
vn -0.93210977 0.30033213 0.20241551
vn -0.86180097 -0.49449223 -0.11303325
vn -0.86431623 -0.49131709 -0.10754072
vn 0.93229258 0.16057935 0.32410625
vn 0.9530775 0.14786336 0.26415861
vn -0.82591641 -0.55452991 -0.10177743
vn -0.8087464 -0.5721482 -0.13629261
vn 0.90966642 -0.41342202 -0.039865956
vn 0.86015487 -0.49690369 -0.11497947
vn 0.86468333 -0.49744123 -0.069821261
vn -0.96444666 0.23080231 0.12873577
vn -0.9321121 0.30032361 0.20241724
vn -0.93212086 0.30030343 0.20240697
vn 0.82658869 -0.56085688 -0.046804566
vn 0.82030606 -0.558604 -0.12271743
vn -0.9175027 -0.39472899 -0.048762646
vn -0.91036505 -0.40796977 -0.069253862
vn 0.95447493 0.24815392 0.16552103
vn 0.96096098 0.22879584 0.15558438
vn 0.91347879 0.35569239 0.1975839
vn 0.93695402 0.25050318 0.24365
vn 0.9513678 -0.30655137 0.030423535
vn 0.90755558 -0.41441831 -0.067825615
vn -0.96093637 0.078892395 0.26528725
vn -0.97345424 0.051112399 0.22310171
vn -0.83573723 -0.54743278 -0.04313501
vn 0.97006166 0.046564151 0.23835295
vn -0.96159738 0.26543349 0.069824591
vn 0.95660019 0.27563858 0.094548784
vn 0.92035383 0.35031337 0.17386602
vn 0.83979809 -0.53729123 -0.077829026
vn 0.84198749 -0.53869194 -0.029462578
vn -0.95123935 0.11476072 -0.28631043
vn -0.95157415 0.11441081 -0.28533629
vn 0.94844222 0.085483223 -0.30520481
vn 0.96650791 0.097215652 -0.23751126
vn -0.96152258 -0.27178153 0.040114008
vn -0.95302588 -0.30287161 -0.0032266788
vn 0.97520965 0.21552421 0.050153673
vn -0.96853256 0.2466926 -0.032977186
vn -0.94205308 0.33133003 0.052501198
vn 0.97620177 0.20346084 -0.075058572
vn 0.95638281 0.27664626 0.093801506
vn -0.96618569 0.16851865 0.19515809
vn -0.97453678 0.14867385 0.16785148
vn 0.97648478 -0.17867276 0.12063799
vn 0.95098627 -0.30919749 0.0046905829
vn -0.96159399 0.26544374 0.069832936
vn -0.94836032 0.31312469 -0.050652217
vn -0.9473806 0.23950945 -0.21237975
vn 0.94609165 0.25656354 -0.19770125
vn 0.92919862 0.35253933 -0.11093193
vn 0.74314487 -0.66913056 -9.4448395e-14
vn -0.74314457 -0.66913092 9.4448355e-14
vn 0.78092289 -0.62457085 0.0084062284
vn 0.77875334 -0.6228357 -0.074959211
vn 0.95338678 0.16203934 0.25455225
vn 0.97366047 0.1429476 0.17762667
vn 0.97521114 0.21551841 0.050149933
vn 0.9597789 0.24188855 0.14252867
vn -0.77415115 -0.63290179 0.011194455
vn -0.77053672 -0.63340849 -0.071181536
vn -0.77241284 -0.63148063 -0.067901611
vn -0.99605995 -0.0036807787 -0.088606164
vn -0.98406154 0.025667103 -0.17596617
vn 0.99689591 0.0097247092 -0.078128174
vn 0.99369806 0.0041537695 -0.11201321
vn -0.95501316 0.24339163 -0.16944151
vn -0.93783748 0.1848858 -0.29373142
vn 0.93555129 0.27022848 -0.22742124
vn -0.98325467 -0.13645791 0.12078713
vn -0.98136711 -0.18083973 0.064927928
vn -0.79804987 -0.57412118 -0.18303366
vn -0.80262667 -0.57007927 -0.17549947
vn -0.97696835 0.078206219 0.19853614
vn -0.98488969 0.05433654 0.16443796
vn -0.76275682 -0.62959498 -0.1476894
vn -0.74242181 -0.6450879 -0.1807525
vn 0.97981316 -0.043467831 0.19513249
vn 0.97948122 -0.18628483 0.076906122
vn 0.8582055 -0.50019228 -0.11528663
vn 0.79782021 -0.5744518 -0.18299736
vn 0.80739832 -0.57764584 -0.12013823
vn 0.76731265 -0.63770813 -0.067525379
vn 0.75649637 -0.63214093 -0.16766365
vn -0.97595233 0.2156357 0.031911489
vn -0.97860241 0.1779086 0.10337252
vn -0.97860271 0.17790596 0.1033742
vn -0.98702276 0.15868977 -0.02456966
vn 0.97466695 0.22059797 0.036890719
vn 0.97520947 0.21552742 0.050144032
vn 0.97128189 0.062539779 0.22956532
vn 0.98304349 0.049501643 0.17656474
vn -0.97474325 0.1845144 0.12581757
vn -0.97474313 0.18451487 0.12581766
vn -0.97474325 0.18451437 0.12581755
vn -0.98853761 0.13363369 0.070252955
vn -0.86313182 -0.48507729 -0.14036895
vn -0.8553192 -0.49425864 -0.15536234
vn 0.91316158 -0.40239003 -0.064948119
vn 0.85209948 -0.49993068 -0.15490566
vn 0.95977509 0.24190341 0.14252916
vn 0.98792422 0.12953053 0.085015438
vn 0.97360045 0.15325236 0.16916224
vn -0.46472335 0.88545597 5.9063011e-14
vn 0.46472335 0.88545597 -5.9063011e-14
vn -0.69480813 -0.71919519 8.8305136e-14
vn -0.77415198 -0.63290077 0.011194311
vn -0.77241373 -0.63147962 -0.067900844
vn 0.780936 -0.62455451 0.0084049962
vn 0.77971089 -0.62357473 -0.056617521
vn -0.98598027 -0.025900738 0.16483963
vn -0.99064529 -0.051974528 0.12617669
vn -0.97026771 0.060170759 -0.2344356
vn -0.96377021 0.0685068 -0.25778639
vn 0.96887761 0.047353543 -0.24296883
vn 0.97572571 0.052401748 -0.21263444
vn -0.95592707 0.28229377 -0.080707341
vn 0.96640956 0.20903756 -0.1495187
vn 0.96791214 0.17518052 -0.18016079
vn 0.96914268 0.2446366 -0.030255204
vn -0.77414924 -0.63290411 0.011194311
vn -0.77240747 -0.63148683 -0.067905292
vn 0.7809214 -0.62457275 0.0084049962
vn 0.77969152 -0.6235975 -0.056633025
vn 0.7108289 -0.70325488 -0.012444799
vn 0.68532616 -0.7269327 -0.043552808
vn -0.68503922 -0.72662836 -0.052273478
vn -0.70313823 -0.71075499 -0.020588914
vn -0.70314187 -0.71075159 -0.020584704
vn 0.98861361 -0.056517541 0.13945919
vn -0.92489713 -0.37421796 -0.067277342
vn -0.91149437 -0.39842722 -0.10214596
vn 0.95898706 -0.28316456 0.012716114
vn 0.90947872 -0.40447465 -0.096170448
vn 0.70807248 -0.70052475 -0.088873357
vn -0.98964286 0.1431818 -0.010294006
vn -0.9906401 0.067987494 0.11836347
vn -0.99432641 0.049706958 0.094043657
vn 0.66913056 -0.74314487 -8.5041708e-14
vn -0.7005474 -0.70812553 -0.088269934
vn -0.70478022 -0.70462579 -0.082385033
vn 0.97725511 0.20978265 0.031042673
vn 0.97900242 0.20357686 0.010523959
vn 0.98378384 0.062252596 0.16820806
vn 0.993779 0.044139024 0.10224963
vn 0.99518448 0.093701549 -0.028772868
vn 0.98863149 0.1276426 0.079467908
vn -0.9567849 0.14453079 -0.25233603
vn -0.97068691 0.20060395 -0.13238174
vn 0.95765388 0.16284318 -0.23744722
vn 0.95649534 0.22605351 -0.18443558
vn -0.72471148 -0.64439976 -0.24401268
vn -0.73192465 -0.63976908 -0.23448198
vn -0.69259292 -0.69674546 -0.1867106
vn -0.66974407 -0.70987815 -0.21798129
vn -0.95460504 0.166581 -0.24694115
vn 0.95460582 0.16658008 -0.24693879
vn 0.79449087 -0.57896608 -0.18325539
vn 0.72671741 -0.64284962 -0.24212833
vn 0.74163544 -0.65039498 -0.16420493
vn 0.69936574 -0.70700312 -0.10504352
vn 0.68409473 -0.7256453 -0.073846348
vn 0.68610489 -0.69781315 -0.20571057
vn -0.99979407 1.2204026e-06 -0.02029245
vn -0.99924409 -0.0037580084 -0.038692497
vn -0.99462181 0.017904587 -0.10201402
vn 0.9995777 -0.0073706442 -0.028109003
vn -0.96900892 -0.24682753 0.0098905349
vn -0.95817763 -0.28374588 -0.037200492
vn -0.99376363 -0.026512913 0.10830926
vn -0.99581105 -0.048590131 0.077455759
vn 0.98458362 -0.15168916 0.087094769
vn 0.9568373 -0.28930426 -0.027667124
vn -0.79404479 -0.56583804 -0.22208147
vn -0.78746778 -0.57121491 -0.23153402
vn -0.98129731 0.14607395 -0.12537132
vn -0.97682166 0.20134692 -0.072655573
vn 0.98039603 0.095299222 -0.17245759
vn 0.98621655 0.16285583 -0.029238392
vn 0.85758078 -0.49107274 -0.15297963
vn 0.78383148 -0.5759756 -0.23207822
vn 0.9903667 -0.041980706 0.13195235
vn 0.99469602 -0.053431567 0.0878914
vn -0.70054185 -0.70813054 -0.088273734
vn -0.98232067 0.1702605 0.077829488
vn -0.99924725 0.036533907 0.013046957
vn -0.99598563 0.07155814 0.053778309
vn -0.99598569 0.071557477 0.05377797
vn 0.70832831 -0.7007888 -0.084652893
vn 0.70975542 -0.70220071 -0.056225922
vn 0.98863161 0.12764157 0.079467826
vn 0.99890894 0.034310356 0.031681705
vn 0.99404967 0.053283896 0.09500549
vn -0.23931588 0.97094178 3.0415334e-14
vn 0.23931555 0.97094184 -3.0415293e-14
vn -0.98385197 0.023560094 -0.17742671
vn -0.97436881 0.039521083 -0.22145769
vn 0.98399568 0.024997972 -0.17643014
vn 0.98338932 0.024438821 -0.17985588
vn 0.99470747 0.10274676 -0.00032356681
vn 0.9971149 0.067359701 -0.034993161
vn -0.99766988 0.061477765 -0.029585753
vn -0.98237759 0.17013004 0.077395193
vn -0.98885983 -0.13473125 0.063275129
vn -0.9870466 -0.15774152 0.029267382
vn -0.99803984 0.038761161 -0.049133044
vn 0.64435178 -0.76224762 -0.061557598
vn 0.6325103 -0.77374142 -0.035424542
vn 0.63773721 -0.75647634 -0.1450339
vn 0.58778489 -0.80901724 -7.4703251e-14
vn -0.58778548 -0.80901682 7.4703325e-14
vn 0.63289338 -0.77421004 0.0066898232
vn -0.86765647 -0.46871603 -0.16576338
vn -0.85269076 -0.48593774 -0.19178882
vn 0.98588556 -0.16248612 0.040346846
vn 0.91924179 -0.3833113 -0.089816608
vn 0.85038614 -0.49153781 -0.18770726
vn -0.62452453 -0.78094107 0.010008145
vn -0.62115568 -0.77672839 -0.10420492
vn -0.63310564 -0.76871115 -0.090886652
vn 0.99956506 2.4402432e-06 0.029489851
vn 0.99930477 2.4396077e-06 -0.037282385
vn -0.9995653 1.2201234e-06 0.029481495
vn -0.6173631 -0.75572902 -0.2184867
vn -0.5928641 -0.76632023 -0.24751849
vn -0.99803984 0.038758155 -0.049135376
vn -0.64496678 -0.70496154 -0.29503742
vn -0.65531057 -0.70009214 -0.28361776
vn -0.99850386 -0.034689799 0.042268664
vn -0.998469 -0.051416695 0.02039589
vn 0.6268422 -0.76932001 -0.12335155
vn 0.66943061 -0.71511298 -0.20118666
vn 0.61105156 -0.75545728 -0.23643242
vn 0.72157788 -0.64860219 -0.24215814
vn 0.64990747 -0.70185477 -0.29158232
vn -0.98278672 0.14213893 -0.11801189
vn -0.96886569 0.088713549 -0.23114747
vn 0.97176087 0.12392543 -0.20080677
vn 0.9827866 0.14213516 -0.11801739
vn 0.96886605 0.088712901 -0.23114622
vn 0.99470598 0.10276128 -0.00031338667
vn 0.99517626 0.094605789 -0.025959827
vn 0.99585724 -0.041798413 0.080754422
vn 0.99800348 -0.056901772 0.027409231
vn -0.98524904 0.014561449 -0.17050597
vn -0.99655598 0.072694689 -0.039895318
vn -0.99023205 0.064947776 -0.12337834
vn 0.98514229 0.013833347 -0.17118202
vn 0.99660492 0.072246417 -0.039485242
vn -0.96547782 0.084878534 -0.24626854
vn -0.96528125 0.085127875 -0.24695206
vn 0.95845783 0.14245018 -0.24711636
vn 0.9619385 0.054033134 -0.26787069
vn 0.97802836 0.067057796 -0.19739243
vn 0.97362262 0.073804222 -0.21589799
vn -0.62452602 -0.78093988 0.01000762
vn -0.62115717 -0.77672726 -0.10420409
vn -0.71443319 -0.63577825 -0.29218352
vn -0.71078342 -0.63793123 -0.2963624
vn -0.93065405 -0.35323131 -0.095449992
vn -0.91475493 -0.38162518 -0.13261099
vn 0.63289851 -0.77420586 0.0066882535
vn 0.63141531 -0.77239144 -0.068747044
vn -0.97666216 0.11589794 -0.18082774
vn 0.99811584 -0.010295466 -0.060487881
vn 0.99969929 0.015191451 0.019250529
vn 0.78824347 -0.57033759 -0.23105681
vn 0.70676994 -0.64163333 -0.29796463
vn 0.96547329 -0.25981966 -0.018843586
vn 0.91339451 -0.38722113 -0.12557977
vn -0.52156252 -0.85321307 6.6286867e-14
vn -0.99086177 -0.13363168 0.018315652
vn -0.98817325 -0.15308969 -0.0087874802
vn -0.62452322 -0.78094208 0.01000762
vn -0.62115437 -0.77672946 -0.10420468
vn 0.63289189 -0.77421129 0.0066882535
vn 0.63140869 -0.77239692 -0.068746477
vn 0.54788148 -0.83650786 -0.0089698331
vn 0.51374054 -0.85712427 -0.037532046
vn -0.51336509 -0.85649794 -0.053549793
vn -0.538818 -0.84225887 -0.016585803
vn -0.53881633 -0.84225994 -0.016587181
vn 0.56756288 -0.82046938 -0.068573684
vn 0.54768461 -0.83620721 -0.028268898
vn 0.56059498 -0.81290162 -0.15787415
vn 0.98818588 -0.14940681 0.034150634
vn 0.98742729 -0.15807383 -0.00010745002
vn -0.9975822 -0.058725551 -0.037162814
vn -0.9998073 -0.01762669 -0.0086405743
vn -0.9998073 -0.017625546 -0.0086399857
vn 0.49999994 -0.86602545 -6.3546411e-14
vn -0.52874559 -0.84355307 -0.094054975
vn -0.53704959 -0.83949834 -0.082585119
vn 0.99794298 -0.060925521 -0.019947888
vn 0.99859917 -0.048488259 0.021179477
vn -0.55277085 -0.82197416 -0.13712344
vn -0.53853703 -0.80665487 -0.24348676
vn -0.51377678 -0.81451839 -0.26943126
vn -0.79430425 -0.55259097 -0.25243598
vn -0.78083092 -0.56341922 -0.26992926
vn 0.54969126 -0.82394111 -0.1376975
vn 0.59290743 -0.77150357 -0.23074459
vn 0.53275806 -0.80532247 -0.26004717
vn -0.56201178 -0.75596207 -0.33565474
vn -0.57563376 -0.75132912 -0.32272327
vn -0.99350244 0.001692884 -0.11379801
vn -0.98353261 0.025906824 -0.17886423
vn 0.99431413 0.012825818 -0.10571168
vn 0.99117523 0.0085518071 -0.13228185
vn -0.96923554 -0.24347547 -0.036085904
vn -0.9628157 -0.26235512 -0.064465031
vn 0.86045665 -0.47544241 -0.18321814
vn 0.77803528 -0.56834829 -0.26765895
vn 0.64251333 -0.70881438 -0.29113361
vn 0.57029492 -0.75176269 -0.33108398
vn -0.99690646 0.0018356359 -0.078576006
vn -0.98525971 -0.056373022 -0.16150953
vn -0.98526049 -0.056369677 -0.16150606
vn -0.99898958 -0.026457563 -0.036329541
vn -0.99898952 -0.026459524 -0.036328785
vn -0.99898952 -0.026456449 -0.036331177
vn 0.99811554 -0.010283635 -0.060494479
vn 0.99759948 0.00099112664 -0.069241203
vn 0.98855376 -0.039928775 -0.14548953
vn 0.98855543 -0.039920084 -0.14548047
vn 0.9619664 -0.2674101 -0.055790089
vn -0.53705132 -0.83949727 -0.082584381
vn -0.97237104 0.015254232 -0.23294181
vn -0.98982269 0.066463783 -0.12583166
vn 0.9898228 0.066466071 -0.12582958
vn 0.97237045 0.015255405 -0.23294429
vn 0.54559678 -0.83301634 -0.091694623
vn 0.54624403 -0.83400458 -0.0778061
vn -0.6282565 -0.69481546 -0.35003614
vn -0.62894768 -0.69451994 -0.3493807
vn -0.98984891 -0.13824596 -0.032971933
vn -0.98683274 -0.15305106 -0.052311923
vn 0.70913196 -0.63916993 -0.29764679
vn 0.62461323 -0.69702667 -0.35215354
vn -0.49013332 -0.87095141 -0.034828119
vn -0.48384762 -0.86321324 -0.14406386
vn -0.4689261 -0.86636335 -0.17182213
vn 0.48583844 -0.87095207 -0.073508851
vn 0.45674762 -0.88940674 -0.018363994
vn 0.47906092 -0.86176592 -0.16691346
vn 0.98904532 -0.14748864 -0.0060390695
vn 0.98626131 -0.1585242 -0.046461418
vn 0.99788618 -0.011398314 -0.063978776
vn 0.40673703 -0.91354525 -5.1693367e-14
vn -0.40673658 -0.91354549 5.1693309e-14
vn -0.87138397 -0.45168918 -0.19148597
vn -0.85437787 -0.4714984 -0.21846686
vn -0.97417229 0.037823826 -0.22261564
vn -0.97471035 0.037026826 -0.22038317
vn 0.97261828 0.025474535 -0.23100804
vn 0.97880489 0.030646786 -0.20248899
vn 0.45681956 -0.88954687 0.00472268
vn 0.92402649 -0.36345991 -0.11862502
vn 0.85253996 -0.47690648 -0.21385936
vn -0.99820703 -0.031163467 -0.051103178
vn 0.99674118 -0.016230538 -0.079016492
vn 0.9978866 -0.011412788 -0.06396918
vn -0.45692754 -0.84984452 -0.26264334
vn -0.43340078 -0.85502201 -0.28478265
vn -0.44723189 -0.89437699 0.0085717235
vn -0.44560444 -0.8911224 -0.085659459
vn 0.46861956 -0.87079251 -0.14871486
vn 0.51392186 -0.81958359 -0.2533122
vn 0.4519541 -0.84780592 -0.27742144
vn -0.96760023 0.031196339 -0.25055259
vn -0.9819665 0.066105813 -0.17712104
vn 0.98196644 0.066105761 -0.17712115
vn 0.96760023 0.031196315 -0.25055265
vn -0.47908857 -0.79786527 -0.36590323
vn -0.49519566 -0.79407579 -0.3524555
vn 0.5603599 -0.75973177 -0.32985514
vn 0.49016911 -0.79335201 -0.36100802
vn -0.9682067 -0.24030143 -0.069505438
vn -0.9621926 -0.25630948 -0.092145875
vn -0.70965028 -0.62469274 -0.32581505
vn -0.70018226 -0.63019586 -0.33555618
vn 0.96801382 -0.24185467 -0.06675005
vn 0.96554732 -0.24874996 -0.076432005
vn -0.44723296 -0.89437646 0.0085711973
vn -0.44560552 -0.89112192 -0.085659109
vn 0.45682183 -0.88954568 0.0047216183
vn 0.45522606 -0.88643831 -0.083643936
vn 0.78691101 -0.55728281 -0.26496592
vn 0.69680017 -0.63421494 -0.3350237
vn 0.98974794 -0.13696925 -0.04047782
vn 0.97769552 -0.16433053 -0.13079351
vn -0.97890693 -0.15419002 -0.1340398
vn -0.99086183 -0.12711856 -0.045096673
vn -0.9880318 -0.14444712 -0.054112926
vn -0.40305403 -0.91338784 -0.057184678
vn -0.39760706 -0.90454108 -0.15399383
vn -0.38487315 -0.90600437 -0.17614965
vn 0.39991319 -0.91334075 -0.076668724
vn 0.36066204 -0.93267763 -0.0059427954
vn 0.45521459 -0.88644487 -0.08363688
vn 0.39377627 -0.90282613 -0.17275763
vn -0.92828792 -0.34836498 -0.13009007
vn -0.91947019 -0.36250994 -0.15218765
vn -0.53943074 -0.74337357 -0.39548734
vn -0.54529309 -0.74159789 -0.39075309
vn 0.98766905 -0.14935482 -0.046935387
vn 0.98721874 -0.15074813 -0.05171274
vn -0.3232944 -0.94629842 4.1088403e-14
vn 0.62395537 -0.69759858 -0.35218734
vn 0.54079759 -0.74277896 -0.39473712
vn -0.447229 -0.89437842 0.0085711973
vn -0.44724411 -0.89440864 0.0024229751
vn 0.45681003 -0.88955176 0.0047216183
vn 0.36066249 -0.93267876 -0.0057391487
vn 0.31819618 -0.94755149 -0.029955609
vn -0.31786418 -0.94656354 -0.054587834
vn -0.35059598 -0.93643886 -0.012832729
vn -0.35059661 -0.93643868 -0.012832389
vn -0.98946095 -0.013513758 -0.14416808
vn -0.9894619 -0.013519205 -0.14416094
vn -0.98062724 -0.0089915954 -0.19567679
vn -0.9808867 -0.0081212725 -0.19441018
vn 0.99016672 -0.021679249 -0.13820219
vn 0.99016631 -0.021676533 -0.13820577
vn 0.97336876 -0.042409599 -0.2252879
vn 0.98297572 -0.0048601199 -0.18367119
vn 0.98297668 -0.0048565911 -0.18366607
vn 0.9151634 -0.36993381 -0.16007802
vn -0.99933934 0.0027892112 -0.036236998
vn -0.99888915 -0.010042458 -0.046039369
vn -0.99202192 0.020035539 -0.12446308
vn 0.99933934 0.0027892219 -0.03623699
vn 0.99940801 0.0058391197 -0.03390564
vn 0.99741703 -0.00017359045 -0.071827516
vn 0.30901724 -0.95105642 -3.9273879e-14
vn -0.37313834 -0.88547152 -0.27696192
vn -0.35229987 -0.88824928 -0.29478478
vn 0.3843284 -0.90974027 -0.15704873
vn 0.43345642 -0.85978174 -0.26998302
vn 0.3691532 -0.88311422 -0.28954312
vn -0.34932145 -0.93303275 -0.086165324
vn -0.39770332 -0.83184183 -0.38713211
vn -0.41493526 -0.82931322 -0.37425706
vn 0.47810456 -0.80167681 -0.3587901
vn 0.41050386 -0.8276872 -0.3826493
vn -0.3118121 -0.94537866 -0.095038928
vn -0.3505789 -0.9363932 -0.016191905
vn 0.35889626 -0.92811185 -0.099004306
vn 0.35931322 -0.9291901 -0.086601004
vn 0.97769582 -0.16432846 -0.13079402
vn 0.97199821 -0.13039304 -0.19549192
vn 0.97904694 -0.10843509 -0.17236277
vn -0.96457779 -0.24126987 -0.10667013
vn -0.9594866 -0.25352386 -0.12292743
vn -0.79552972 -0.5395748 -0.27566552
vn -0.78094029 -0.5516054 -0.2930252
vn -0.30825597 -0.93746978 -0.16164359
vn -0.29827356 -0.93771732 -0.17809868
vn 0.31177613 -0.94930905 -0.040099796
vn 0.30542707 -0.93580401 -0.17602602
vn -0.99039721 0.00092570652 -0.13824807
vn -0.97495139 -0.16020936 -0.15428126
vn -0.9890756 -0.13289067 -0.063793212
vn 0.86341435 -0.45916805 -0.20899844
vn 0.77832776 -0.55651593 -0.29068184
vn 0.20791163 -0.97814763 -2.642408e-14
vn -0.20791163 -0.97814763 2.642408e-14
vn 0.95856249 -0.25907937 -0.11847295
vn 0.98854065 -0.14106029 -0.05375246
vn -0.98183942 0.010203619 -0.18943942
vn -0.97726464 0.018197874 -0.21124081
vn 0.98175037 0.0094594546 -0.18993881
vn 0.98207575 0.0097618978 -0.18823384
vn 0.26048678 -0.96547413 0.0025097667
vn 0.25949672 -0.96180463 -0.087139867
vn -0.61808741 -0.68505794 -0.38556919
vn -0.61443233 -0.68659699 -0.38866109
vn -0.28773409 -0.91355944 -0.28743386
vn -0.27089566 -0.91445416 -0.30064783
vn 0.29756168 -0.940615 -0.16340287
vn 0.35214573 -0.8924669 -0.28195077
vn 0.28480595 -0.91128868 -0.29738611
vn 0.70304722 -0.62792718 -0.33381444
vn 0.61048961 -0.68946272 -0.38979939
vn -0.25009412 -0.96819705 0.0068861367
vn -0.2492045 -0.96475309 -0.084549651
vn -0.98065114 -0.0021921021 -0.19575118
vn -0.97168618 -0.0035628569 -0.23624831
vn 0.97017688 -0.010663151 -0.24216354
vn 0.97768784 0.0044798278 -0.2100154
vn 0.97524202 0.0031752062 -0.22111747
vn -0.45233575 -0.78204471 -0.42871717
vn -0.46287218 -0.77990818 -0.42129862
vn -0.97712183 -0.10922756 -0.18248902
vn -0.97676373 -0.10969739 -0.18411703
vn 0.97904539 -0.1084372 -0.17237006
vn 0.53638077 -0.74602818 -0.39463603
vn 0.45849836 -0.77979672 -0.42625847
vn -0.25009862 -0.96819592 0.0068832878
vn -0.21970326 -0.97146177 -0.089400753
vn -0.24997608 -0.96772146 -0.032048713
vn 0.26048777 -0.96547389 0.0025091593
vn 0.2594977 -0.96180433 -0.087139703
vn -0.9995656 1.9991312e-15 0.029473141
vn -0.99999994 1.9999998e-15 0.00035250984
vn 0.9995659 -1.9991318e-15 0.029463051
vn 0.99956536 1.1025774e-06 0.02948069
vn 0.99999994 -1.9999998e-15 0.00035250984
vn -0.92648458 -0.34380043 -0.15306081
vn -0.91888154 -0.35575321 -0.17057674
vn -0.31847575 -0.85893214 -0.40100974
vn -0.33524597 -0.85778165 -0.38964191
vn 0.39711311 -0.83566803 -0.37942085
vn 0.33161423 -0.85561508 -0.39743534
vn -0.21651734 -0.96175575 -0.16776815
vn -0.20975876 -0.96133322 -0.17843676
vn 0.21946748 -0.97450697 -0.046585105
vn 0.21465828 -0.96044135 -0.17740978
vn 0.97904593 -0.10843755 -0.17236693
vn -0.97712088 -0.1092269 -0.18249461
vn -0.96850431 -0.0010165828 -0.24899472
vn -0.97718638 0.017105293 -0.21169373
vn 0.97718632 0.017105279 -0.21169376
vn 0.96850431 -0.0010165828 -0.24899472
vn 0.97904658 -0.10843944 -0.17236203
vn -0.97712201 -0.10923002 -0.18248653
vn -0.10951601 -0.99398506 1.3918701e-14
vn -0.25009501 -0.96819681 0.0068832878
vn -0.24997245 -0.9677223 -0.032051541
vn 0.26048064 -0.9654758 0.0025091593
vn 0.26045623 -0.96538532 -0.013917295
vn 0.1574374 -0.98752511 -0.0027624688
vn 0.1077591 -0.99395937 -0.020801969
vn -0.10761718 -0.99264973 -0.055362508
vn -0.14681584 -0.98911989 -0.0093219997
vn -0.14681388 -0.98912019 -0.0093226898
vn 0.15685855 -0.98389429 -0.085717253
vn 0.10452853 -0.99452192 -1.3284828e-14
vn -0.20113927 -0.93405426 -0.29510283
vn -0.18951933 -0.93378371 -0.30352995
vn 0.20901482 -0.96327364 -0.16857247
vn 0.27052212 -0.91787404 -0.29038769
vn 0.19925591 -0.93227601 -0.30192462
vn -0.1463346 -0.98589116 -0.081269979
vn 0.96864074 -0.10374641 -0.22576928
vn 0.97598839 -0.078481466 -0.2031929
vn 0.15653844 -0.98191237 -0.10650728
vn 0.15685451 -0.98389488 -0.085717663
vn -0.12559132 -0.9885745 -0.083350442
vn -0.14666909 -0.98813123 -0.045660336
vn -0.86231148 -0.45480743 -0.22264114
vn -0.95966452 -0.24804446 -0.13235544
vn -0.98907417 -0.13289915 -0.063797675
vn -0.12311567 -0.97718155 -0.17308588
vn -0.11991471 -0.97670275 -0.177967
vn 0.12545457 -0.99100208 -0.046648245
vn 0.1221237 -0.97648585 -0.17765464
vn 0.92341816 -0.35065991 -0.15600172
vn 0.85485077 -0.46167314 -0.23682933
vn -0.97529525 -0.052467957 -0.21458413
vn 0.98850071 -0.14129366 -0.05387447
vn 0.96212113 -0.2490373 -0.11092029
vn 0.95988417 -0.25212926 -0.12269142
vn 0.052671704 -0.99861187 -2.2395782e-06
vn 0.052491073 -0.99518728 -0.082746334
vn -0.047300175 -0.99888074 2.2167546e-06
vn -0.047166489 -0.99605751 -0.075131275
vn 0.052668806 -0.99861205 -6.6938286e-15
vn 0.089456283 -0.99268264 -0.081109427
vn 0.052202091 -0.98976296 -0.13283139
vn -0.047303021 -0.99888057 6.0118756e-15
vn -0.089459352 -0.99329281 -0.073256165
vn -0.046883631 -0.99002451 -0.13286604
vn -0.24159054 -0.87988669 -0.4091863
vn -0.25626329 -0.87993008 -0.40006524
vn 0.31804591 -0.86259049 -0.39342648
vn 0.25355181 -0.87764555 -0.40675512
vn -0.11372478 -0.94683897 -0.30093625
vn -0.10831006 -0.9463079 -0.30458221
vn 0.11930278 -0.97761589 -0.1733032
vn 0.18899919 -0.93615657 -0.29646271
vn 0.11275814 -0.94593602 -0.30412266
vn -0.087887183 -0.98065734 -0.17489152
vn 0.088749751 -0.98720342 -0.13248718
vn 0.052765079 -0.98289192 -0.17646331
vn -0.36899847 -0.81241685 -0.45146313
vn -0.3829104 -0.81076854 -0.44275731
vn 0.45044923 -0.78486985 -0.42552888
vn 0.37891144 -0.8095541 -0.44838411
vn -0.70769709 -0.61561042 -0.34668228
vn -0.69823998 -0.62130004 -0.3555941
vn -0.52389205 -0.73417515 -0.43188429
vn -0.52703816 -0.73324126 -0.4296371
vn -0.054045156 -0.98966593 -0.13281764
vn 0.78764725 -0.54476029 -0.28783339
vn 0.6947608 -0.62535912 -0.35529342
vn 0.61281443 -0.68753248 -0.38956073
vn 0.52273327 -0.73473376 -0.43233809
vn -0.99993497 -0.0032392116 -0.010931943
vn -0.99804592 0.01628612 -0.060324959
vn 0.99993497 -0.0032394906 -0.010932857
vn -0.054044694 -0.98966336 -0.13283662
vn -0.023088263 -0.95209152 -0.30494043
vn 0.053876542 -0.98967236 -0.13283783
vn 0.019128874 -0.94583309 -0.32408923
vn 0.10780576 -0.94742203 -0.30127969
vn 0.058889009 -0.95095986 -0.30365682
vn -0.058118492 -0.94440717 -0.32360065
vn -0.92270505 -0.34213781 -0.17764316
vn -0.9167769 -0.35123876 -0.19013545
vn 0.99956548 1.0244257e-06 0.029476939
vn 0.99983293 1.0246998e-06 -0.018277513
vn -0.99956512 2.6218211e-06 0.029488355
vn -0.99956536 1.5366384e-06 0.029480813
vn -0.99983299 1.5370498e-06 -0.018277125
vn 0.96714181 -0.16743672 -0.19131576
vn 0.95248783 -0.18117532 -0.24483158
vn -0.95267463 -0.1810203 -0.2442186
vn -0.9521001 -0.18250068 -0.24535471
vn -0.9703716 -0.10882176 -0.21572375
vn -0.96914029 -0.1679306 -0.18046162
vn -0.96962416 -0.16470203 -0.18083762
vn -0.16698326 -0.89518976 -0.41322133
vn -0.17798312 -0.89596534 -0.40690064
vn 0.24117193 -0.88309801 -0.40246001
vn 0.1762035 -0.89402336 -0.41191575
vn 0.9151656 -0.35688037 -0.18737218
vn 0.96863961 -0.10374753 -0.22577377
vn -0.98098171 -0.0052632168 -0.19402888
vn -0.96364921 -0.11517114 -0.24107216
vn -0.98956543 -0.0084878737 -0.14383414
vn -0.98198599 0.0089906305 -0.18873975
vn 0.9905082 0.0009390873 -0.13745028
vn 0.98732299 -0.0027183492 -0.15870075
vn 0.96305341 -0.18369403 -0.19693828
vn -0.96874642 -0.16840234 -0.18212904
vn -0.96917504 -0.16787498 -0.18032676
vn 0.97079533 -0.17433634 -0.16481292
vn 0.96307003 -0.18363012 -0.19691643
vn -0.98098183 -0.0052634883 -0.19402836
vn -0.96205252 -0.078711778 -0.26126501
vn 0.97178322 -0.026838154 -0.23434389
vn 0.97178358 -0.026838927 -0.23434243
vn -0.2901853 -0.83597994 -0.46575752
vn -0.30574349 -0.8352865 -0.45696545
vn 0.36791894 -0.81553245 -0.44670182
vn 0.30236131 -0.83327013 -0.46285906
vn -0.86886311 -0.43914023 -0.22854485
vn -0.094369493 -0.90511286 -0.41456613
vn -0.10021238 -0.90590698 -0.41144866
vn 0.16654694 -0.89761895 -0.40809602
vn 0.099291779 -0.90477711 -0.41414922
vn 0.9617117 -0.086692698 -0.25999027
vn 0.96171176 -0.08669287 -0.25999004
vn -0.96364927 -0.11517139 -0.24107184
vn -0.013518972 -0.90982974 -0.41476142
vn -0.058118541 -0.94440752 -0.32359949
vn 0.058056872 -0.94441092 -0.32360065
vn -0.0033645621 -0.89447975 -0.44709575
vn 0.093962267 -0.90641832 -0.41179714
vn 0.081467889 -0.90733731 -0.41243419
vn -0.43238759 -0.77250785 -0.46505123
vn -0.4418458 -0.77064967 -0.4592073
vn -0.78440702 -0.53995693 -0.30520836
vn -0.79466963 -0.53107589 -0.29403841
vn -0.86760479 -0.44138876 -0.22899312
vn 0.52022618 -0.73647618 -0.43239748
vn 0.43754932 -0.77071345 -0.46319684
vn -0.94942445 -0.24337098 -0.19840322
vn -0.90669245 -0.33566085 -0.25542244
vn -0.9389118 -0.31049857 -0.14844282
vn 0.86295336 -0.44780487 -0.2340561
vn 0.78127199 -0.54486614 -0.30452427
vn -0.97182691 -0.017210415 -0.23506656
vn -0.96798182 -0.031448565 -0.2490425
vn -0.97182775 -0.017211745 -0.23506299
vn 0.96527052 -0.042879347 -0.25770959
vn 0.9717043 -0.019902216 -0.23536058
vn 0.97322297 -0.015429927 -0.22934462
vn -0.97218144 -0.014238797 -0.23379587
vn -0.97510171 -0.010467771 -0.22151089
vn 0.97513574 -0.010519963 -0.22135849
vn 0.9721294 -0.014528021 -0.23399438
vn -0.6122008 -0.67955583 -0.40424511
vn -0.60959458 -0.68069774 -0.40625739
vn -0.079624951 -0.89164466 -0.44567883
vn 0.70086515 -0.61920148 -0.35408697
vn 0.60532182 -0.68359971 -0.40777072
vn -0.21612188 -0.85384715 -0.47353604
vn -0.23127803 -0.85418677 -0.46569887
vn -0.93889797 -0.31053284 -0.14845867
vn -0.93891186 -0.31049943 -0.14844079
vn -0.92012811 -0.34415245 -0.18687807
vn 0.2895948 -0.83927369 -0.46016791
vn 0.22868448 -0.85178846 -0.47133833
vn -0.96404934 -0.068128698 -0.25684115
vn -0.96404976 -0.068225212 -0.25681391
vn 0.92128533 -0.34935969 -0.17082489
vn 0.92262173 -0.34655297 -0.16932279
vn 0.92129093 -0.34934723 -0.17082012
vn 0.91673952 -0.35113779 -0.19050182
vn 0.96171159 -0.086697578 -0.25998905
vn 0.91109353 -0.35722199 -0.20567213
vn -0.14656495 -0.86678189 -0.47666323
vn -0.15921468 -0.86785388 -0.47061694
vn 0.2157131 -0.85704684 -0.46790871
vn 0.15749405 -0.86558253 -0.47535512
vn 0.96128058 -0.090311341 -0.26035258
vn 0.93278074 -0.19454959 -0.30343133
vn 0.95227677 -0.18237488 -0.24476175
vn -0.96210158 -0.086351618 -0.25865796
vn -0.91603959 -0.24009758 -0.32128596
vn -0.93675476 -0.1923048 -0.29241979
vn 0.94271356 -0.24875478 -0.22228844
vn 0.92545289 -0.26024905 -0.27533144
vn -0.92871988 -0.25828171 -0.26602626
vn -0.9175908 -0.27949947 -0.28267857
vn -0.34618971 -0.80184597 -0.4870275
vn -0.3605085 -0.80024368 -0.47921154
vn -0.86466199 -0.43892935 -0.24433717
vn -0.85942328 -0.44455495 -0.25251243
vn 0.43017775 -0.77505755 -0.46285301
vn 0.35651562 -0.79903716 -0.48418614
vn 0.8567785 -0.45010439 -0.2516678
vn -0.90666473 -0.33572084 -0.2554419
vn 0.89167899 -0.36906368 -0.262108
vn -0.081173703 -0.87522584 -0.47685486
vn -0.089077108 -0.87636352 -0.47334152
vn 0.14623968 -0.86948228 -0.47182044
vn 0.088171147 -0.87481505 -0.47636592
vn -0.90924728 -0.32993793 -0.25379184
vn -0.90565211 -0.33628586 -0.25827515
vn -0.95769209 -0.099819027 -0.26992974
vn 0.96038425 -0.093089014 -0.26267189
vn -0.99292535 -0.0070030545 -0.11853355
vn -0.99292225 -0.0069958502 -0.11856003
vn -0.99739689 -0.00056976551 -0.072105058
vn -0.99293303 -0.0070214672 -0.1184679
vn -0.98829079 0.0072327573 -0.15241049
vn 0.99734843 -0.0015081976 -0.072758995
vn 0.99664092 -0.0041274712 -0.081791781
vn 0.99664062 -0.0041279397 -0.081795059
vn 0.99149883 -0.004997707 -0.13001952
vn 0.9937886 -0.010226402 -0.11081342
vn -0.51344985 -0.73156273 -0.44853672
vn -0.51838303 -0.73003703 -0.44533685
vn -0.078085653 -0.87711996 -0.47388101
vn 0.079795226 -0.89163023 -0.44567725
vn 0.080881514 -0.87694156 -0.47374222
vn 0.014003583 -0.8794083 -0.47586235
vn 0.92208046 -0.34867901 -0.16790047
vn 0.89168012 -0.36906126 -0.26210743
vn 0.60688043 -0.68231767 -0.40760124
vn 0.51368576 -0.73148674 -0.44839057
vn -0.70157427 -0.61440331 -0.36097389
vn -0.70617557 -0.61145824 -0.35698026
vn 0.0059212353 -0.89446688 -0.44709498
vn 0.78750944 -0.53663552 -0.30306959
vn 0.69734031 -0.6184572 -0.36225298
vn -0.26641926 -0.82398295 -0.50007284
vn -0.2835795 -0.82332832 -0.49164331
vn 0.34498778 -0.80484539 -0.48291546
vn 0.28020203 -0.82114011 -0.49720791
vn -0.97279429 -0.017690578 -0.23099408
vn -0.97279 -0.017683901 -0.23101284
vn -0.97866577 -0.018282101 -0.20464383
vn -0.97822189 -0.018549638 -0.20673133
vn 0.97880012 -0.014782006 -0.20428361
vn 0.97721225 -0.020469744 -0.21127525
vn 0.97721076 -0.020470606 -0.21128193
vn 0.97224742 -0.015164026 -0.23346317
vn 0.97225475 -0.015175167 -0.23343189
vn -0.93128794 -0.317808 -0.17804742
vn -0.93126863 -0.31785148 -0.17807081
vn -0.85624766 -0.44226533 -0.26691067
vn 0.92208743 -0.34866261 -0.16789615
vn 0.87082565 -0.44058168 -0.21806078
vn 0.85829997 -0.44605863 -0.25367856
vn -0.96961582 -0.033741128 -0.24229471
vn -0.97102195 -0.032574113 -0.23675995
vn -0.96964818 -0.033768822 -0.24216133
vn 0.96813071 -0.046844646 -0.24602546
vn 0.96813923 -0.046851687 -0.24599051
vn 0.9598332 -0.09416984 -0.26429579
vn -0.19351351 -0.84034187 -0.50633794
vn -0.21118493 -0.84083325 -0.4983978
vn 0.26582578 -0.82735729 -0.49478942
vn 0.20857613 -0.83810276 -0.50406331
vn -0.41735777 -0.7717436 -0.47981691
vn -0.42930946 -0.76930463 -0.47314245
vn 0.50983125 -0.73410356 -0.44851318
vn 0.42463419 -0.76921707 -0.47748387
vn 0.91963083 -0.23926584 -0.31149793
vn 0.89929974 -0.28679225 -0.33016697
vn 0.9207322 -0.27805817 -0.27374417
vn -0.84952563 -0.38082585 -0.36507237
vn -0.90893197 -0.2831651 -0.30603945
vn 0.9041332 -0.33243948 -0.2683787
vn 0.89367831 -0.33701828 -0.29623938
vn -0.87763649 -0.36761433 -0.3075937
vn -0.89964873 -0.33448404 -0.28062895
vn -0.79160416 -0.52947402 -0.30499205
vn -0.78857422 -0.53182614 -0.30872592
vn 0.78466833 -0.53693569 -0.30983168
vn 0.95984596 -0.094162196 -0.26425219
vn -0.95765537 -0.099840902 -0.27005181
vn 0.88413131 -0.37285161 -0.28159106
vn 0.9598344 -0.094167829 -0.26429209
vn -0.95770627 -0.09981595 -0.26988038
vn -0.90566438 -0.33625954 -0.25826639
vn -0.12753072 -0.85196513 -0.50782996
vn -0.14304367 -0.85332745 -0.50136888
vn 0.20192353 -0.84060317 -0.50260639
vn 0.14090082 -0.84893101 -0.50937521
vn -0.95987487 -0.099846557 -0.26205125
vn -0.61106485 -0.67907625 -0.40676183
vn -0.60873193 -0.68017238 -0.40842494
vn 0.033644851 -0.86364096 -0.50298345
vn -0.033741828 -0.86363775 -0.50298244
vn 0.70012569 -0.61554152 -0.36184618
vn 0.60593957 -0.68190861 -0.40968019
vn -0.90564042 -0.33631471 -0.25827855
vn -0.068293914 -0.85952401 -0.50651199
vn -0.078826413 -0.86102927 -0.50240916
vn 0.10882009 -0.85527116 -0.50662553
vn 0.077692755 -0.85753769 -0.50852031
vn 0.89260662 -0.3685661 -0.25963905
vn 0.88412327 -0.37286845 -0.28159392
vn -0.033688057 -0.86306268 -0.50397217
vn 0.03438485 -0.86374092 -0.50276166
vn 0.033644605 -0.86363828 -0.50298804
vn -0.32736087 -0.8018418 -0.49988458
vn -0.34477574 -0.79983491 -0.49131846
vn -0.99981421 -0.0012631292 -0.01923449
vn -0.99763942 -0.0030808568 -0.068600655
vn -0.9976396 -0.0030815713 -0.068597987
vn -0.99763954 -0.0030809122 -0.06859947
vn 0.99983299 3.0099789e-06 -0.01827601
vn 0.99959773 -0.0053583803 -0.027851855
vn 0.99959773 -0.0053584417 -0.027850552
vn 0.99671423 0.0021394219 -0.080970325
vn 0.41523248 -0.77454382 -0.47714129
vn 0.34047687 -0.79836291 -0.49668109
vn -0.030325878 -0.86373007 -0.50304145
vn -0.95987535 -0.099859796 -0.26204452
vn 0.95594126 -0.11242112 -0.2711786
vn 0.96009117 -0.10217778 -0.26035494
vn -0.87287974 -0.40932927 -0.26557577
vn -0.80946219 -0.49527222 -0.31539875
vn -0.83609504 -0.48771727 -0.25115117
vn -0.79531795 -0.52886665 -0.29625916
vn -0.83608949 -0.48772386 -0.25115684
vn -0.83609891 -0.48771131 -0.25114995
vn 0.79256892 -0.53669542 -0.2894693
vn 0.79539537 -0.53345132 -0.2877079
vn 0.89257669 -0.36863121 -0.25964952
vn 0.78563792 -0.53498626 -0.31074554
vn -0.98579222 -0.016189609 -0.16718735
vn -0.98618376 -0.014325633 -0.16503437
vn -0.97826868 -0.022645002 -0.20610105
vn -0.97826743 -0.022642592 -0.20610723
vn 0.98160243 -0.045420393 -0.18545517
vn 0.99178982 0.046978679 -0.118937
vn 0.98376262 -0.024404101 -0.17780757
vn 0.98376173 -0.024408061 -0.17781214
vn 0.97793567 -0.013141925 -0.2084925
vn -0.95848566 -0.10650681 -0.2645025
vn -0.95957226 -0.10464618 -0.26128569
vn 0.95596087 -0.11238866 -0.2711229
vn 0.96705294 -0.095048353 -0.23616599
vn -0.5067125 -0.73650563 -0.44810927
vn -0.51613975 -0.73336804 -0.44246027
vn -0.24531111 -0.82385933 -0.51095814
vn -0.26595411 -0.82306874 -0.50182289
vn -0.70554703 -0.61159742 -0.35798317
vn -0.70585775 -0.61142355 -0.35766754
vn 0.32627058 -0.8051303 -0.49529052
vn 0.26237628 -0.82051623 -0.50785023
vn 0.60408187 -0.68347514 -0.40981314
vn 0.51065999 -0.7346704 -0.44663832
vn 0.85838109 -0.38074878 -0.34382018
vn 0.86427408 -0.37067443 -0.3400453
vn 0.88337016 -0.36606583 -0.2926653
vn -0.86427385 -0.37067527 -0.34004486
vn 0.86959302 -0.41042101 -0.27452239
vn 0.85538572 -0.41447681 -0.31068343
vn -0.83196831 -0.4505696 -0.32375264
vn -0.86335647 -0.4123261 -0.29086563
vn -0.96839815 -0.096574895 -0.22995278
vn 0.70073992 -0.61561716 -0.36052617
vn 0.96705496 -0.095047623 -0.23615822
vn -0.96839523 -0.09657602 -0.22996454
vn 0.9203034 -0.23910531 -0.30962932
vn -0.90846723 -0.2691673 -0.31974411
vn -0.92531103 -0.23785463 -0.29533827
vn -0.80946791 -0.49526438 -0.31539634
vn 0.89229935 -0.36877975 -0.26039079
vn 0.78271019 -0.53842938 -0.31218353
vn -0.17225708 -0.83955121 -0.51524878
vn -0.19345288 -0.84017175 -0.50664324
vn 0.24483164 -0.82757294 -0.50515395
vn 0.17082731 -0.83983254 -0.51526624
vn 0.99956524 3.009173e-06 0.029483773
vn -0.99956536 1.5045866e-06 0.029480755
vn -0.99978817 1.504922e-06 -0.02058314
vn -0.81064999 -0.49346584 -0.3151795
vn -0.80898929 -0.49538267 -0.31643689
vn 0.79400235 -0.53641397 -0.28604254
vn 0.78270388 -0.53843826 -0.31218413
vn -0.96839517 -0.096565627 -0.22996934
vn 0.96705931 -0.095404394 -0.23599641
vn 0.97576112 -0.095145628 -0.19707243
vn 0.96694845 -0.12037086 -0.22477011
vn -0.40606815 -0.78003019 -0.47608986
vn -0.42221072 -0.77649111 -0.46776029
vn -0.10870906 -0.85032386 -0.51490939
vn -0.12753777 -0.85199505 -0.50777799
vn 0.50352854 -0.73955429 -0.44667491
vn 0.4168748 -0.77617365 -0.47304317
vn -0.96730351 -0.11854654 -0.22421114
vn -0.97822201 -0.093453661 -0.18533251
vn -0.71437681 -0.61214602 -0.33903244
vn -0.6845659 -0.63236851 -0.36260113
vn -0.81980377 -0.49274844 -0.2917546
vn 0.7939986 -0.53641933 -0.28604284
vn 0.68091732 -0.64534652 -0.34623614
vn -0.06788107 -0.85661209 -0.51147616
vn -0.6094287 -0.68333387 -0.40205911
vn -0.61345983 -0.68176997 -0.39856845
vn -0.98535085 -0.027062977 -0.16837855
vn -0.97822124 -0.093453854 -0.18533643
vn 0.97576195 -0.095145434 -0.1970685
vn 0.63189906 -0.67632341 -0.378537
vn 0.61575079 -0.68743938 -0.38506892
vn 0.76908654 -0.54021412 -0.34157664
vn -0.03510173 -0.86434853 -0.50166667
vn -0.030325904 -0.86373037 -0.50304091
vn -0.98534876 -0.027057288 -0.16839172
vn -0.99291497 -0.0072397776 -0.11860628
vn 0.98774832 -0.06416069 -0.14225544
vn 0.98777395 -0.06399636 -0.1421518
vn 0.034734726 -0.86360639 -0.50296873
vn 0.83902973 -0.44978815 -0.30613673
vn 0.79308033 -0.495749 -0.35391593
vn 0.78496951 -0.5059644 -0.35752326
vn 0.83953869 -0.44972417 -0.30483261
vn -0.80276746 -0.48086894 -0.35260391
vn -0.77714688 -0.51321191 -0.36422011
vn -0.83902937 -0.44978967 -0.30613551
vn 0.80726475 -0.49383357 -0.32319033
vn 0.8082518 -0.49373111 -0.32087162
vn -0.81727004 -0.49261484 -0.29899883
vn -0.77930009 -0.53031725 -0.33384871
vn 0.98075998 -0.12071464 -0.15342054
vn 0.77080095 -0.54002553 -0.33799163
vn -0.80899906 -0.49536952 -0.31643257
vn 0.92574286 -0.2676028 -0.26718706
vn 0.91320044 -0.26884064 -0.30625099
vn -0.92968071 -0.26707676 -0.25370026
vn -0.91492474 -0.2957072 -0.27471799
vn 0.98445785 -0.094236284 -0.14819665
vn 0.97980905 -0.10325769 -0.17120759
vn -0.97822011 -0.093442254 -0.18534809
vn -0.98599827 -0.097490683 -0.13528827
vn -0.97901273 -0.10859626 -0.17245561
vn 0.85855442 -0.38074523 -0.34339109
vn -0.82633489 -0.4334726 -0.35954443
vn -0.86906928 -0.38036266 -0.31629547
vn 0.98444653 -0.094241574 -0.14826858
vn 0.98103261 -0.11894149 -0.15306206
vn 0.98730946 -0.093556911 -0.12832421
vn -0.3112784 -0.81209797 -0.49356124
vn -0.3328236 -0.80945039 -0.48375461
vn -0.9860037 -0.097488455 -0.13525042
vn -0.98501635 -0.10519215 -0.13666554
vn -0.98686731 -0.097260259 -0.12897052
vn 0.40419346 -0.78327507 -0.47234288
vn 0.32805532 -0.8076458 -0.48998767
vn 0.99100935 -0.095782734 -0.093413725
vn 0.99100971 -0.09578266 -0.093410179
vn -0.99149376 -0.10328707 -0.079195119
vn -0.7511602 -0.5753479 -0.32362506
vn -0.68429488 -0.63234216 -0.36315832
vn 0.98934478 -0.11017983 -0.095170021
vn 0.99146092 -0.10107373 -0.08239723
vn -0.99195671 -0.099084161 -0.078766525
vn -0.99138927 -0.10172416 -0.082459114
vn 0.77079922 -0.54002792 -0.33799171
vn 0.99469328 -0.097823545 -0.031872768
vn 0.99760371 -0.062173929 -0.03035165
vn 0.99760389 -0.062171336 -0.030350778
vn 0.99394161 -0.098015241 -0.049730506
vn -0.99195659 -0.099084176 -0.078768022
vn -0.99574482 -0.089100331 -0.023522692
vn -0.995745 -0.089098975 -0.023522183
vn -0.9936744 -0.10580423 -0.037638858
vn 0.99763221 -0.06216161 0.029426755
vn -0.99804592 -0.055116326 0.029435944
vn -0.99600708 -0.089118108 -0.0052811066
vn 0.99420464 -0.089937985 0.058892138
vn 0.99110651 -0.13151664 0.020280762
vn 0.99328643 -0.11191021 0.029295284
vn -0.99804568 -0.05511665 0.02944353
vn -0.98543614 -0.036821157 0.16601138
vn -0.99150383 -0.073995069 0.10698052
vn -0.98544151 -0.036819432 0.16598009
vn -0.97415513 -0.048425548 0.2206282
vn -0.98221999 -0.17713369 0.062189311
vn -0.98417169 0.0625792 0.165801
vn -0.98417193 0.062579237 0.1657993
vn -0.92701292 -0.035423242 0.37335271
vn -0.95662665 -0.095090739 0.2753602
vn -0.92701304 -0.035423234 0.37335244
vn -0.91488022 0.16499203 0.36847228
vn -0.94884765 -0.1406951 0.28265363
vn -0.91762251 -0.039144568 0.39552078
vn -0.91487867 0.16499202 0.36847615
vn -0.89087516 -0.065323435 0.44952673
vn -0.8259474 -0.0055615027 0.56371975
vn -0.84064853 -0.0055755666 0.54155236
vn -0.82542497 0.036673736 0.56331933
vn -0.78826433 0.036454216 0.61425602
vn -0.82486105 -0.051790413 0.56295824
vn -0.82487988 -0.051790301 0.56293064
vn -0.73561168 -0.080595896 0.67259181
vn -0.68596649 0.0059959143 0.72760844
vn -0.67973465 0.006098323 0.73343277
vn -0.68596607 -0.0063489359 0.72760582
vn -0.68594724 -0.0063486234 0.72762358
vn -0.51409817 0.0050925389 0.8577162
vn -0.60752577 -0.085360408 0.78969997
vn -0.54658931 0.0041085659 0.83739072
vn -0.51170069 0.096661843 0.85370886
vn -0.51169086 0.096662082 0.85371476
vn -0.31812656 0.04354009 0.94704789
vn -0.4536784 -0.050878666 0.88971192
vn -0.31804156 0.043541934 0.94707638
vn -0.31832859 0.0073556271 0.94795191
vn -0.39346224 -0.062091254 0.91724157
vn -0.25607103 -0.13260521 0.95751947
vn -0.31821042 -0.027298404 0.94762701
vn -0.30953178 0.0078601837 0.95085663
vn -0.31820413 -0.027298186 0.94762909
vn -0.10766181 -0.051423181 0.9928568
vn -0.10730248 -0.095040716 0.98967338
vn -0.072276644 -0.12523188 0.98949134
vn -0.10413372 0.25887346 0.96028155
vn -0.29916945 0.24773505 0.92147976
vn 0.9838993 0.066838525 0.16575538
vn 0.98390514 0.066839226 0.1657203
vn 0.98417175 0.062583305 0.16579889
vn 0.98366666 0.06631799 0.16733763
vn 0.98417145 0.062583268 0.16580062
vn 0.92701298 -0.035425592 0.37335241
vn 0.9566294 -0.095094308 0.27534932
vn 0.92700756 -0.035425968 0.3733657
vn 0.91487741 0.16500708 0.36847246
vn 0.91762364 -0.03914617 0.39551795
vn 0.94884902 -0.1406931 0.28264987
vn 0.91487747 0.16500708 0.36847234
vn 0.82596225 -0.0055924654 0.5636977
vn 0.89087605 -0.065331347 0.44952378
vn 0.82595843 -0.0055924617 0.56370324
vn 0.82541978 0.036677752 0.56332666
vn 0.83699948 0.036718369 0.54597032
vn 0.82487512 -0.051785465 0.56293809
vn 0.79175049 -0.051890392 0.60863662
vn 0.68596482 0.0059973081 0.72760999
vn 0.73561257 -0.080595337 0.67259091
vn 0.68596685 0.0059972741 0.72760808
vn 0.67699599 -0.16116802 0.71812344
vn 0.67935425 -0.0062396 0.73378396
vn 0.61611849 -0.0052130776 0.78763622
vn 0.51411968 0.0050893365 0.85770333
vn 0.5140996 0.0050899363 0.85771537
vn 0.55630249 0.095418073 0.82548344
vn 0.48148683 0.097336844 0.87103158
vn 0.51181149 -0.09407416 0.85393155
vn 0.31815991 0.043541122 0.94703668
vn 0.3180351 0.043543831 0.94707847
vn 0.25605395 -0.13263237 0.95752025
vn 0.39347744 -0.06209952 0.91723454
vn 0.31833342 0.007356015 0.94795024
vn 0.31831968 0.0073568053 0.94795489
vn 0.29841393 -0.026610987 0.9540655
vn 0.31815559 -0.027296444 0.94764549
vn 0.19367406 -0.041926071 0.98016965
vn 0.090025842 0.55038923 0.8300404
vn 0.089829683 0.55039048 0.83006084
vn 0.089988276 0.55048835 0.82997876
vn 0.10413461 0.25887424 0.96028125
vn 0.062666632 0.25991052 0.96359712
vn -0.1125516 -0.1029773 0.98829544
vn 0.15612799 0.037930921 0.98700827
vn 0.10739297 0.084020123 0.99066007
vn 0.11255086 -0.10297679 0.98829556
vn -0.15612884 0.037931327 0.98700809
vn -0.10739405 0.084019683 0.99066001
vn 0.083214 0.08538767 0.99286675
vn 0.10709037 -0.11465398 0.98761636
vn -0.083208382 0.085387602 0.99286723
vn -0.10709013 -0.1147177 0.98760903
vn -0.22549906 -0.83476186 -0.50231743
vn -0.25025451 -0.83376974 -0.49213886
vn 0.31036022 -0.81578231 -0.48803255
vn 0.2464253 -0.83080184 -0.49904194
vn -0.51293224 -0.74021149 -0.43472686
vn -0.61049658 -0.68365902 -0.39988032
vn -0.69542867 -0.63323051 -0.33970287
vn -0.69544286 -0.63321853 -0.33969623
vn 0.62868017 -0.6756016 -0.38512823
vn 0.62867886 -0.67560261 -0.3851285
vn 0.51307726 -0.74528712 -0.42579198
vn -0.01297084 -0.11537924 0.99323684
vn 0.012966794 -0.11537213 0.99323767
vn 0.15674751 -0.13228822 0.97873902
vn -0.45904452 -0.14861999 0.87589395
vn -0.41769612 -0.19013062 0.88847077
vn 0.41769525 -0.19013169 0.88847095
vn 0.45902073 -0.14864472 0.87590224
vn 0.93093592 -0.29624036 -0.21354148
vn 0.91864038 -0.2959173 -0.26178762
vn -0.9309361 -0.29624355 -0.21353626
vn 0.15648703 -0.13509837 0.97839677
vn 0.10643847 -0.25017419 0.96233243
vn 0.19135028 -0.14207421 0.97118485
vn -0.15525711 -0.13802531 0.97818416
vn 0.63892871 -0.67779654 -0.36381575
vn 0.7488277 -0.57525581 -0.32914704
vn -0.68431681 -0.63232195 -0.36315209
vn -0.15079759 -0.85017616 -0.5044409
vn -0.17605424 -0.8509596 -0.49484614
vn 0.22508186 -0.83887881 -0.49560115
vn 0.17330097 -0.84735215 -0.50195736
vn 0.74891174 -0.57525975 -0.32894903
vn 0.78772724 -0.53060883 -0.31295374
vn -0.71671182 -0.60855985 -0.34055698
vn -0.75803208 -0.57552069 -0.30686048
vn 0.88751048 -0.18955848 0.4199914
vn 0.87629569 -0.15006968 0.45780456
vn -0.87629479 -0.15007134 0.45780572
vn -0.88750952 -0.18956022 0.41999263
vn 0.99553853 -0.062008359 0.071119711
vn -0.99600726 -0.089116201 -0.0052802502
vn 0.7231276 -0.59073687 -0.35793346
vn 0.79341453 -0.53065407 -0.29816043
vn -0.79341292 -0.53065634 -0.29816061
vn -0.72312719 -0.59073818 -0.35793215
vn -0.25685883 -0.14571622 0.95540059
vn 0.25685781 -0.14571612 0.95540088
vn 0.025875686 -0.25101703 0.96763676
vn -0.0206801 -0.26190612 0.96487176
vn -0.027447907 -0.25648552 0.96615827
vn -0.71654648 -0.58510506 -0.37975416
vn -0.79470879 -0.49598813 -0.34990537
vn -0.7981084 -0.51502055 -0.31269282
vn 0.97696829 -0.14527501 0.15629494
vn 0.848643 -0.43672526 -0.29845619
vn 0.8361451 -0.43506107 -0.33404079
vn -0.85644829 -0.43750769 -0.27401349
vn -0.81913197 -0.48301905 -0.30937898
vn 0.79357761 -0.49582201 -0.35269687
vn -0.73989719 -0.56097889 -0.37128809
vn -0.80799353 -0.49762854 -0.31545562
vn -0.52545273 -0.19840661 0.82736588
vn -0.50183159 -0.22357222 0.83557194
vn 0.50182509 -0.22359753 0.83556908
vn 0.52546769 -0.19840895 0.8273558
vn 0.93697971 -0.3087118 -0.16360343
vn 0.92900372 -0.30821979 -0.2048236
vn -0.9369809 -0.30871359 -0.16359296
vn -0.92900401 -0.30822158 -0.20481931
vn 0.93696964 -0.20363902 0.28393495
vn 0.96731734 -0.19077216 0.16704245
vn 0.93991005 -0.26575145 0.21434854
vn -0.9399069 -0.26575628 0.21435629
vn -0.93696594 -0.20364401 0.2839435
vn 0.092104971 -0.11495373 0.98909163
vn 0.024447795 -0.26287922 0.96451896
vn -0.09206076 -0.11500199 0.98909014
vn -0.08866398 -0.86026186 -0.5020839
vn -0.11118047 -0.86230886 -0.49402669
vn 0.15058187 -0.8544448 -0.49724153
vn 0.10952798 -0.85872948 -0.50058699
vn 0.97502494 -0.21931335 0.035043936
vn 0.97189146 -0.23402229 0.025701372
vn 0.97547263 -0.21941407 -0.017623104
vn 0.82687771 -0.19488655 0.52753437
vn 0.835132 -0.22175822 0.50336647
vn -0.82687724 -0.1948881 0.52753448
vn -0.83513105 -0.22175829 0.50336802
vn -0.96288562 -0.26436186 0.054443631
vn -0.97152966 -0.23376825 0.038503852
vn -0.97162199 -0.23355877 0.037430201
vn -0.48986527 -0.76293868 -0.42184898
vn -0.41600227 -0.78908467 -0.45198178
vn -0.52479535 -0.74230987 -0.41661242
vn -0.52476615 -0.74232537 -0.41662157
vn 0.453529 -0.78174716 -0.4279986
vn 0.41846246 -0.79629076 -0.4368183
vn 0.60656983 -0.66989893 -0.42814538
vn 0.45353797 -0.78174245 -0.42799771
vn 0.016225038 -0.31621999 0.94854712
vn -0.043794453 -0.31595272 0.94776362
vn 0.0094019724 -0.38035518 0.92479271
vn -0.59008777 -0.22932242 0.77408504
vn -0.57889873 -0.24219285 0.77860057
vn 0.57891744 -0.24217051 0.77859366
vn 0.59006715 -0.2293452 0.77409399
vn 0.12915926 -0.28834262 0.94877625
vn -0.1427508 -0.25761971 0.95564342
vn -0.12914306 -0.28833789 0.94877994
vn -0.66328919 -0.65445602 -0.36295289
vn -0.69160181 -0.63296658 -0.34790829
vn -0.038599558 -0.86657572 -0.49755058
vn -0.035035804 -0.86359942 -0.50295979
vn 0.057808265 -0.88203019 -0.46763331
vn 0.034734886 -0.86360824 -0.50296551
vn 0.088487819 -0.86418098 -0.49533939
vn 0.005466226 -0.86704314 -0.49820307
vn 0.66229081 -0.65419251 -0.36524379
vn 0.63123959 -0.67617816 -0.37989429
vn 0.77794993 -0.24132046 0.58013648
vn 0.77260017 -0.22506295 0.59366286
vn -0.77259147 -0.22506319 0.59367412
vn -0.77794188 -0.24132198 0.58014661
vn 0.93507373 -0.3181712 -0.15621856
vn 0.94203889 -0.31887096 -0.10432635
vn -0.94204003 -0.31887153 -0.10431468
vn -0.93507504 -0.31817192 -0.15620901
vn -0.53424686 -0.74676228 -0.39613941
vn -0.53422374 -0.74677503 -0.39614657
vn -0.29745159 -0.34847003 0.88887078
vn -0.34605265 -0.30729881 0.88646209
vn -0.25328273 -0.29177263 0.92234302
vn -0.25014186 -0.27788424 0.92747474
vn 0.29747829 -0.34844792 0.88887048
vn 0.34605145 -0.30729958 0.88646227
vn 0.24920197 -0.29103327 0.92368716
vn 0.25823802 -0.27934954 0.92481184
vn -0.65277559 -0.24545658 0.71668339
vn -0.65066075 -0.24813427 0.71768379
vn 0.65065914 -0.24813592 0.71768469
vn 0.65279174 -0.24543566 0.71667588
vn 0.97502065 -0.21933386 0.035034876
vn 0.9754709 -0.21942185 -0.017622601
vn -0.96393138 -0.2646265 -0.028445456
vn 0.7165699 -0.24917251 0.65149111
vn 0.71422052 -0.24241917 0.65659881
vn -0.71422076 -0.24242029 0.65659809
vn -0.71656913 -0.24917069 0.65149266
vn 0.97547263 -0.21941414 -0.017622357
vn 0.97547609 -0.21939926 -0.017617371
vn 0.94349295 -0.3253198 -0.063151531
vn 0.9405399 -0.32483527 -0.099331334
vn -0.94352281 -0.32532033 -0.062700666
vn -0.96393222 -0.26462325 -0.028446559
vn -0.96393335 -0.26461938 -0.02844524
vn -0.94054198 -0.32483172 -0.099323183
vn 0.95650488 -0.25548974 0.14079577
vn -0.95270628 -0.29461631 0.07451129
vn -0.93496335 -0.31398597 0.165095
vn -0.92304349 -0.37418005 0.089331195
vn 0.94537264 -0.3259756 -0.0032347324
vn 0.97263891 -0.21877675 0.078168318
vn -0.96432227 -0.26473066 -0.0005067513
vn 0.8895241 -0.28489116 0.35718891
vn 0.89265341 -0.32911128 0.30798647
vn -0.89264905 -0.32912418 0.30798525
vn -0.88951898 -0.28489563 0.35719809
vn 0.009480156 -0.38736922 0.92187589
vn 0.043802928 -0.31596059 0.94776064
vn -0.043794613 -0.31595239 0.94776374
vn 0.63123822 -0.67617923 -0.37989464
vn 0.10929048 -0.43104717 0.89568627
vn 0.11576645 -0.42386758 0.89829528
vn -0.1106234 -0.42221889 0.89971864
vn -0.5392316 -0.74901694 -0.38497132
vn -0.38067204 -0.39134878 0.83781558
vn -0.40864238 -0.36721936 0.8355605
vn 0.380656 -0.39134574 0.83782429
vn 0.40865025 -0.36719558 0.83556712
vn -0.34392995 -0.8250308 -0.44837081
vn -0.34393275 -0.82502973 -0.44837061
vn -0.34393907 -0.82502794 -0.44836906
vn -0.32394153 -0.82912284 -0.45565033
vn 0.26576009 -0.84068859 -0.47182021
vn 0.26575428 -0.84068996 -0.47182104
vn 0.32175398 -0.83122486 -0.4533647
vn 0.4484922 -0.77826154 -0.439504
vn 0.44850147 -0.77825677 -0.43950289
vn 0.67471915 -0.65714896 -0.33601972
vn 0.7250787 -0.61011845 -0.31939992
vn -0.6418137 -0.68463713 -0.34546658
vn -0.68308532 -0.65884084 -0.31515583
vn -0.16346115 -0.49059814 0.85591698
vn -0.20687371 -0.46076345 0.86307609
vn -0.11184172 -0.43190998 0.8949554
vn 0.16344464 -0.49059334 0.85592288
vn 0.20688485 -0.4607392 0.86308634
vn 0.7220602 -0.60958487 -0.32716259
vn -0.66367131 -0.66316932 -0.34604454
vn -0.7362383 -0.61177695 -0.28927869
vn -0.0077817068 -0.51533228 0.85695511
vn 0.050462727 -0.47892061 0.87640661
vn -0.001973412 -0.47951949 0.87752903
vn 0.83890009 -0.48871666 -0.23958859
vn 0.82629746 -0.48522887 -0.28598157
vn -0.83889997 -0.48871925 -0.23958361
vn 0.83710867 -0.34421194 0.42516729
vn 0.84022385 -0.37509108 0.39157441
vn -0.83710486 -0.34422773 0.42516196
vn -0.84021956 -0.37510279 0.39157248
vn -0.96432072 -0.26473629 -0.00050924678
vn 0.97264177 -0.21876177 0.078174755
vn 0.73283839 -0.5900116 -0.33887193
vn 0.65701568 -0.66115141 -0.3622281
vn 0.7477653 -0.59578127 -0.29307297
vn -0.7477634 -0.59578234 -0.29307574
vn -0.6570102 -0.66115421 -0.36223298
vn -0.0067756209 -0.88348734 -0.46840599
vn 0.92313474 -0.36186138 0.12991776
vn 0.75308365 -0.56555384 -0.33617535
vn 0.73120815 -0.58955497 -0.34316111
vn -0.66080683 -0.65758526 -0.36182305
vn -0.7471782 -0.59363741 -0.29886356
vn 0.91576946 -0.40148517 0.013264719
vn 0.91556692 -0.40138647 -0.025021711
vn -0.45761052 -0.41754258 0.78501642
vn -0.47198442 -0.40462944 0.78326607
vn 0.45763454 -0.41751996 0.78501445
vn 0.47198361 -0.40462884 0.78326684
vn 0.76358867 -0.56885272 -0.30551425
vn -0.77394247 -0.57172012 -0.27230349
vn -0.71418899 -0.6239506 -0.3172062
vn 0.87988561 -0.41081005 0.23882307
vn 0.91268158 -0.3860693 0.13402569
vn 0.8728587 -0.4512707 0.1856675
vn -0.87285501 -0.45127484 0.18567502
vn -0.87988049 -0.41082144 0.23882227
vn -0.56661969 -0.72752041 -0.38685423
vn -0.53169709 -0.74559075 -0.401737
vn -0.91144305 -0.41088066 0.021180937
vn 0.030985253 -0.58471632 0.81064588
vn 0.083665036 -0.55507576 0.82758147
vn -0.023686929 -0.52964216 0.84789038
vn -0.083665758 -0.55507606 0.82758117
vn -0.030986596 -0.58471614 0.81064594
vn 0.7845338 -0.40671277 0.46807209
vn 0.7817204 -0.38570496 0.49004585
vn -0.78172195 -0.38571864 0.49003255
vn -0.78453326 -0.40671247 0.46807319
vn 0.63124794 -0.67616987 -0.37989515
vn -0.90211642 -0.43118015 0.016422652
vn -0.90199202 -0.43111506 -0.023455767
vn 0.83949727 -0.51145732 -0.18345506
vn 0.83139068 -0.50886774 -0.22325596
vn -0.83949733 -0.51146126 -0.18344371
vn -0.83138996 -0.5088715 -0.2232499
vn -0.34179553 -0.82271761 -0.45421532
vn -0.17268221 -0.8606438 -0.47903347
vn -0.23622221 -0.85641044 -0.45908627
vn 0.23164488 -0.85229909 -0.46896365
vn 0.2704654 -0.84791225 -0.45595318
vn 0.27049309 -0.84790564 -0.45594901
vn -0.5305028 -0.43130755 0.72975379
vn -0.53579926 -0.42625052 0.72885501
vn 0.53048074 -0.43132713 0.72975826
vn 0.53582084 -0.42622843 0.72885209
vn 0.48265222 -0.80015868 -0.35608
vn -0.24475889 -0.53730863 0.80708891
vn -0.26868716 -0.52115762 0.81006294
vn 0.24474715 -0.53732997 0.8070783
vn 0.26870108 -0.52116174 0.81005567
vn 0.72370249 -0.41308305 0.55282652
vn 0.72592711 -0.42647165 0.53958488
vn -0.72369409 -0.4130832 0.55283737
vn -0.72591901 -0.42647186 0.5395956
vn -0.60014278 -0.4348951 0.67133814
vn -0.59902173 -0.43605399 0.67158759
vn 0.6001544 -0.43489471 0.67132801
vn 0.59901452 -0.43607304 0.67158163
vn 0.66430986 -0.43606216 0.60707676
vn 0.66291833 -0.42890915 0.61365807
vn -0.66291791 -0.42890877 0.61365879
vn -0.66430974 -0.43606317 0.60707617
vn 0.85690486 -0.50121045 0.12042496
vn 0.87950826 -0.47403514 0.041903634
vn 0.91577709 -0.40146795 0.013261546
vn 0.83933216 -0.54028732 0.060092475
vn -0.88392884 -0.46704814 0.023148945
vn -0.85690075 -0.50121701 0.12042677
vn -0.83932847 -0.54029262 0.060096379
vn 0.83283728 -0.52674407 -0.17006673
vn 0.84029293 -0.52944976 -0.11657953
vn -0.8402912 -0.52945447 -0.11657024
vn -0.83283597 -0.52675056 -0.1700532
vn -0.53168309 -0.74559927 -0.40173966
vn 0.56421047 -0.72633815 -0.39255506
vn 0.46071208 -0.7865755 -0.41114885
vn 0.82255322 -0.47912747 0.30633819
vn 0.81884718 -0.50712198 0.26891738
vn -0.81884575 -0.50711823 0.268929
vn -0.82255071 -0.47913006 0.3063409
vn -0.029264249 -0.62305021 0.78163421
vn 0.59488827 -0.38570955 0.70522058
vn -0.050400026 -0.47905025 0.87633938
vn -0.17631546 -0.86971146 -0.46099326
vn -0.17630301 -0.86971337 -0.46099451
vn -0.15696481 -0.87000847 -0.46738347
vn 0.15672435 -0.87427068 -0.45944348
vn 0.11950018 -0.87418908 -0.47065181
vn 0.11948471 -0.87419063 -0.47065291
vn 0.073934279 -0.60933787 0.78945619
vn 0.011045987 -0.61096674 0.79157919
vn 0.83955467 -0.54034442 -0.056355052
vn 0.82242584 -0.56542933 -0.062493522
vn 0.91557288 -0.40137297 -0.02502138
vn 0.83557296 -0.53869194 -0.10783724
vn -0.90199351 -0.43111196 -0.023455694
vn -0.83557165 -0.53869569 -0.10782851
vn -0.83922684 -0.54023629 -0.061992116
vn -0.9019978 -0.43110314 -0.023453621
vn -0.90103012 -0.43067202 0.051636305
vn -0.31930491 -0.56701845 0.75929868
vn -0.33096981 -0.55903679 0.7602216
vn 0.3193042 -0.56701821 0.7592991
vn 0.33094445 -0.55905354 0.76022029
vn -0.1322687 -0.6273874 0.76739174
vn -0.10999259 -0.63900501 0.7612977
vn 0.1099923 -0.63900501 0.76129776
vn 0.13226776 -0.62738764 0.76739168
vn 0.58446896 -0.73567539 -0.34231231
vn 0.64937818 -0.68733793 -0.32538372
vn -0.55364984 -0.75598258 -0.34923092
vn -0.59132385 -0.73849064 -0.32398716
vn 0.65246356 -0.68837684 -0.31690478
vn 0.67687756 -0.66782671 -0.30958724
vn -0.5952906 -0.73169029 -0.33205184
vn -0.66463429 -0.69206762 -0.28160906
vn -0.045550179 -0.88238889 -0.46831086
vn -0.045510758 -0.88239014 -0.46831226
vn -0.093216039 -0.88605726 -0.45410714
vn 0.091195934 -0.87971687 -0.46667069
vn 0.12099385 -0.87976491 -0.45975453
vn 0.12097919 -0.87976635 -0.45975557
vn 0.76538366 -0.52714401 0.36919788
vn 0.76379877 -0.54631776 0.3437272
vn -0.76538271 -0.52713674 0.36921018
vn -0.76379716 -0.54632044 0.34372649
vn 0.45691514 -0.78899747 -0.41074514
vn 0.46163106 -0.78718036 -0.40895453
vn -0.53170669 -0.74558187 -0.40174076
vn 0.0060604475 -0.68416268 0.72930425
vn 0.052620225 -0.66365558 0.74618524
vn -0.087776899 -0.70997286 0.69873726
vn -0.052620918 -0.66365576 0.746185
vn -0.0024914551 -0.63952571 0.76876569
vn -0.0060611381 -0.6841628 0.72930419
vn 0.67413628 -0.66691643 -0.31743148
vn -0.59776485 -0.72730243 -0.33720669
vn -0.68958175 -0.67159623 -0.27098989
vn 0.82401848 -0.56652433 -0.0066113984
vn -0.9010343 -0.43066275 0.051640682
vn 0.8240822 -0.56643224 -0.0065622875
vn 0.82357579 -0.56608534 -0.035640813
vn 0.73395461 -0.63377297 -0.24421798
vn 0.72338164 -0.6287083 -0.28538546
vn -0.7339524 -0.63377792 -0.24421176
vn -0.39064774 -0.58524442 0.71055144
vn -0.39456484 -0.58245891 0.7106759
vn 0.39064676 -0.58524472 0.71055168
vn 0.39456466 -0.58245867 0.71067619
vn 0.78217751 -0.60618871 0.14399166
vn 0.79179472 -0.58280677 0.18274941
vn -0.78217471 -0.60619152 0.14399487
vn -0.79179156 -0.5828107 0.18275073
vn -0.046226639 -0.88996512 -0.45367965
vn -0.046270315 -0.88996357 -0.45367819
vn -0.0067453096 -0.88297474 -0.46937206
vn 0.006655565 -0.88782907 -0.46012524
vn 0.021238154 -0.88773441 -0.45986581
vn 0.02120175 -0.88773596 -0.45986453
vn 0.67514068 -0.66476953 -0.31979129
vn 0.67203671 -0.66753143 -0.32057524
vn -0.59181154 -0.73176235 -0.33805767
vn -0.68737817 -0.67313349 -0.27276838
vn -0.46460703 -0.79498309 -0.39005405
vn -0.35260922 -0.83434564 -0.42371467
vn -0.001734235 -0.88350689 -0.4684149
vn 0.021002976 -0.88331336 -0.46831226
vn -0.81308484 -0.58214498 0.00047742855
vn -0.81263649 -0.58182555 -0.033180818
vn 0.6831702 -0.66847694 -0.29396781
vn -0.69425881 -0.67311144 -0.25480524
vn -0.61864561 -0.72403896 -0.30503315
vn 0.7080785 -0.55991626 0.43025419
vn 0.70768404 -0.57302183 0.41331503
vn -0.70807648 -0.55991882 0.43025416
vn -0.70768154 -0.57303447 0.41330177
vn -0.18186514 -0.67283678 0.7170884
vn -0.19018507 -0.66856873 0.71891963
vn 0.18188766 -0.67282498 0.71709377
vn 0.19018468 -0.66856855 0.71891993
vn -0.45997846 -0.59500313 0.65908355
vn -0.45913947 -0.59563553 0.65909731
vn 0.45998958 -0.59500581 0.65907335
vn 0.45915151 -0.59563756 0.65908706
vn -0.35260665 -0.83434659 -0.42371494
vn 0.46163994 -0.78717589 -0.4089531
vn 0.64969951 -0.58997768 0.47939223
vn 0.64952141 -0.58116007 0.49028042
vn -0.64951336 -0.58117551 0.49027285
vn -0.64969122 -0.58997929 0.47940141
vn 0.76470721 -0.63917857 0.081692286
vn 0.78414226 -0.61959851 0.034907997
vn 0.8240754 -0.56644219 -0.0065553789
vn 0.74682069 -0.66426593 0.03177397
vn -0.78533834 -0.61824834 0.031822748
vn -0.81308866 -0.58213967 0.00047371871
vn -0.76470387 -0.63918209 0.081695825
vn -0.74681735 -0.66426951 0.03177765
vn 0.72601467 -0.66197258 -0.18626606
vn 0.71938884 -0.65847957 -0.2210981
vn -0.69804627 -0.69059926 -0.18921977
vn 0.52726334 -0.59760779 0.60403502
vn 0.52330631 -0.60082078 0.60428876
vn -0.52726358 -0.59760755 0.60403508
vn -0.52330786 -0.60081947 0.6042887
vn 0.58863276 -0.59316409 0.54924291
vn 0.58900976 -0.59900951 0.54245287
vn -0.58863223 -0.59316486 0.54924273
vn -0.58900911 -0.59900928 0.54245383
vn -0.044356693 -0.71201897 0.70075774
vn 0.73196161 -0.63634682 0.24350557
vn 0.7268579 -0.65123427 0.21810894
vn -0.72685128 -0.65124166 0.21810891
vn -0.73195612 -0.63635033 0.24351285
vn 0.065134555 -0.72900313 0.68140435
vn 0.085028693 -0.72102666 0.68767047
vn -0.085029066 -0.72102666 0.68767041
vn -0.065135412 -0.72900289 0.68140453
vn -0.34494457 -0.83789533 -0.42301849
vn -0.3540135 -0.83581167 -0.4196347
vn -0.044272773 -0.71189612 0.70088786
vn 0.044327933 -0.71188772 0.70089298
vn 0.28662878 -0.87134886 -0.39823997
vn -0.25011522 -0.69475085 0.67436165
vn -0.25101006 -0.69428229 0.67451173
vn 0.25009203 -0.69476283 0.67435789
vn 0.25103164 -0.69427079 0.67451549
vn 0.35011581 -0.8441295 -0.40603483
vn 0.27759653 -0.85846484 -0.43125194
vn 0.71353155 -0.68029445 -0.16754766
vn 0.71993566 -0.68396902 -0.11780921
vn -0.70910776 -0.67744988 -0.1955196
vn -0.71993697 -0.68396944 -0.11779883
vn 0.0025872961 -0.73703557 0.67584896
vn -0.0025865878 -0.73703766 0.67584676
vn 0.47939226 -0.80580139 -0.34765953
vn 0.55975884 -0.7594679 -0.33147928
vn -0.48429346 -0.80915856 -0.33274952
vn -0.45294055 -0.8190397 -0.35216311
vn 0.82356954 -0.56609452 -0.035640974
vn 0.71644223 -0.69628167 -0.043616042
vn 0.71533191 -0.69741261 -0.043771025
vn 0.71126968 -0.69494468 -0.10558104
vn -0.70818001 -0.70440114 -0.047959168
vn -0.71545309 -0.69746506 -0.040858373
vn -0.70821315 -0.70436817 -0.047954667
vn -0.81264102 -0.58181924 -0.033180714
vn -0.7112686 -0.69494784 -0.10556763
vn 0.6758672 -0.67223167 0.30217221
vn 0.6732806 -0.68205893 0.28546262
vn -0.67586517 -0.67223865 0.30216137
vn -0.67328203 -0.68205255 0.28547448
vn 0.56774992 -0.7637549 -0.30714568
vn 0.60644817 -0.73726016 -0.29777187
vn -0.51613581 -0.79522461 -0.31815347
vn -0.57718027 -0.76837206 -0.27652723
vn 0.69728476 -0.70461965 0.13154891
vn 0.68818152 -0.71839082 0.10159144
vn -0.68817788 -0.71839404 0.1015932
vn -0.69728142 -0.70462245 0.1315517
vn 0.71684289 -0.69667113 -0.028027775
vn 0.27757522 -0.85847092 -0.43125364
vn -0.31695276 -0.70898408 0.62998617
vn -0.31400743 -0.71059859 0.62964189
vn 0.31695241 -0.70898426 0.62998611
vn 0.31398574 -0.71061051 0.62963933
vn -0.35398582 -0.83582181 -0.41963792
vn 0.61188442 -0.73492318 -0.29237872
vn 0.60781169 -0.73790097 -0.29337198
vn -0.53447872 -0.78652078 -0.30938253
vn -0.62044728 -0.74333447 -0.24999808
vn 0.0097790845 -0.71257716 0.70152557
vn -0.0097795324 -0.71257865 0.70152408
vn -0.70883751 -0.70498914 -0.023231102
vn 0.71683556 -0.69667852 -0.028032428
vn 0.71639043 -0.69624496 -0.045030028
vn -0.70880347 -0.70502263 -0.023252618
vn -0.13170071 -0.75623888 0.64090383
vn -0.12634555 -0.75833499 0.6395036
vn 0.12634496 -0.75833517 0.63950354
vn 0.13169986 -0.75623912 0.64090365
vn 0.63603431 -0.73573285 -0.2327178
vn 0.6281991 -0.7306788 -0.26734683
vn -0.64702475 -0.74193412 -0.17576329
vn -0.59558505 -0.77600789 -0.20758179
vn 0.60538024 -0.74034244 -0.29224619
vn 0.61235857 -0.73516279 -0.29077932
vn -0.52945834 -0.79113275 -0.30623984
vn -0.62562358 -0.74132758 -0.24295782
vn 0.23799241 -0.87222683 -0.42729372
vn 0.28329605 -0.86666471 -0.41065267
vn 0.62093806 -0.69627273 0.36005586
vn 0.61976606 -0.70270598 0.3494201
vn -0.62093866 -0.69626451 0.36007077
vn -0.61976516 -0.70270592 0.34942165
vn 0.61136943 -0.74382979 -0.27008262
vn -0.62173998 -0.74930143 -0.22800611
vn -0.53813249 -0.7949456 -0.28013387
vn -0.38285705 -0.71750116 0.58190429
vn -0.3783626 -0.72012788 0.58159918
vn 0.38286814 -0.71750242 0.58189541
vn 0.37837288 -0.72012967 0.58159029
vn 0.71683437 -0.69667983 -0.028029872
vn 0.69235444 -0.72090834 0.030601701
vn -0.68444872 -0.7286185 0.025396148
vn -0.2416361 -0.87907928 -0.41089126
vn -0.18188947 -0.88333803 -0.43200704
vn 0.024320034 -0.78846675 0.61459643
vn 0.024921594 -0.79054374 0.6118983
vn 0.029459184 -0.79265988 0.60895199
vn -0.018972807 -0.76160097 0.6477685
vn -0.044994798 -0.77383912 0.631782
vn 0.56502706 -0.71128911 0.4181056
vn 0.56455338 -0.71574992 0.41107363
vn -0.5650264 -0.71128893 0.41810676
vn -0.56455266 -0.71575052 0.4110736
vn 0.44714308 -0.72096032 0.52941406
vn 0.44233051 -0.72399873 0.52931046
vn -0.447144 -0.72095984 0.52941394
vn -0.44233012 -0.72399908 0.52931029
vn 0.63489991 -0.7544685 0.16637132
vn 0.63926649 -0.74667817 0.18387505
vn -0.63489902 -0.75446725 0.16638032
vn -0.63926345 -0.74668062 0.18387559
vn 0.50631571 -0.72263694 0.47057435
vn 0.50645608 -0.71911412 0.4757911
vn -0.50645602 -0.71911454 0.47579044
vn -0.50631571 -0.72263646 0.47057515
vn -0.18190104 -0.88333595 -0.43200651
vn 0.60007316 -0.77995825 -0.17770015
vn 0.59714514 -0.78150636 -0.18073598
vn -0.18783228 -0.77815372 0.59932947
vn -0.1860421 -0.77887088 0.59895617
vn 0.18785174 -0.77814579 0.5993337
vn 0.18604147 -0.778871 0.59895617
vn 0.0062687239 -0.78868347 0.61476749
vn 0.12636505 -0.89922309 -0.41884336
vn -0.14376953 -0.89187658 -0.42881992
vn -0.1854317 -0.89172643 -0.41284269
vn 0.038200971 -0.78808677 0.61437768
vn 0.0062371432 -0.78864539 0.61481667
vn 0.14490207 -0.89550322 -0.42080557
vn 0.12518494 -0.895078 -0.42797673
vn 0.36566117 -0.86188114 -0.35135859
vn 0.4572919 -0.82273853 -0.33761728
vn -0.3449325 -0.8693493 -0.35391155
vn -0.36865327 -0.86510456 -0.34013066
vn 0.60806257 -0.78614682 -0.11060338
vn -0.60806286 -0.78614855 -0.11058922
vn 0.61026388 -0.78709102 0.089809239
vn 0.61131865 -0.79063195 0.034505308
vn 0.64732879 -0.76167363 0.028612873
vn 0.61127251 -0.79066736 0.034511425
vn 0.60239154 -0.79553473 0.065183826
vn -0.64420301 -0.76409733 0.034025431
vn -0.7087518 -0.70497054 0.026219295
vn -0.60238892 -0.7955364 0.065187305
vn -0.61026078 -0.78709322 0.089811146
vn 0.1251976 -0.89507645 -0.42797628
vn -0.70845509 -0.70467538 -0.039039269
vn 0.58686036 -0.77416003 0.23721537
vn 0.58491004 -0.77857083 0.22739324
vn -0.58686113 -0.77415669 0.23722443
vn -0.58490741 -0.77857524 0.22738506
vn 0.71638876 -0.69624674 -0.045029599
vn 0.042410988 -0.81391269 0.57943714
vn 0.0715615 -0.82613117 0.5589152
vn -0.081312649 -0.82996529 0.55185676
vn -0.049245652 -0.8168788 0.57470328
vn -0.067333728 -0.83052981 0.55288911
vn -0.24985649 -0.79194194 0.55713528
vn -0.24518804 -0.79391444 0.55640155
vn 0.24984664 -0.7919395 0.55714309
vn 0.24519669 -0.79390424 0.55641228
vn 0.12866855 -0.90732533 -0.4002564
vn 0.069986835 -0.90322417 -0.42342404
vn -0.048236411 -0.90860885 -0.41485322
vn -0.070467085 -0.9062385 -0.41685277
vn -0.047677103 -0.90362382 -0.4256652
vn 0.61133313 -0.79074579 -0.031510703
vn 0.46817604 -0.83151811 -0.29897964
vn 0.52462095 -0.80108243 -0.28816631
vn -0.47453192 -0.8362692 -0.27472401
vn -0.42580733 -0.85147882 -0.30605876
vn -0.047634654 -0.90362585 -0.42566568
vn 0.61137915 -0.79071021 -0.031510662
vn 0.61133295 -0.79074585 -0.031512462
vn 0.59967566 -0.79912871 -0.042218897
vn 0.59658337 -0.79674017 -0.09640222
vn -0.59993535 -0.79926229 -0.035459999
vn -0.59768659 -0.80094165 -0.035541661
vn -0.59658283 -0.79674232 -0.096387863
vn -0.05053008 -0.92993027 -0.36424774
vn 0.015892655 -0.90710002 -0.42061496
vn 0.022266546 -0.90947074 -0.4151713
vn -0.59806365 -0.80144697 0.0016055917
vn 0.022233754 -0.90947151 -0.41517133
vn 0.023017718 -0.92511737 -0.37898293
vn -0.015765313 -0.91116899 -0.41173112
vn -0.011871199 -0.80895311 0.5877533
vn -0.053121682 -0.84512049 0.53192997
vn -0.036589991 -0.8202616 0.57081705
vn 0.61162519 -0.79112381 0.0061404626
vn 0.54588699 -0.79417282 -0.26701489
vn 0.52937841 -0.80415571 -0.27035543
vn -0.46437559 -0.83948374 -0.28217432
vn -0.53875631 -0.80968505 -0.23270534
vn -0.59806216 -0.80144811 0.0016046796
vn -0.59773773 -0.80101341 -0.032971438
vn 0.53628486 -0.79201221 0.29174513
vn 0.5355168 -0.79438645 0.28665644
vn -0.536277 -0.79201889 0.29174134
vn -0.53551066 -0.79438812 0.28666335
vn -0.0018945248 -0.92536223 -0.37907934
vn 0.31192824 -0.80128491 0.51053232
vn 0.30716926 -0.80344731 0.51001906
vn -0.31190962 -0.80129367 0.51052994
vn -0.30716938 -0.80344748 0.51001871
vn 0.54109061 -0.79980743 -0.25986359
vn 0.548002 -0.79549092 -0.25862712
vn -0.4690012 -0.84046668 -0.27139211
vn -0.55852211 -0.80146492 -0.2137921
vn 0.55798709 -0.81052858 -0.17802761
vn 0.551763 -0.81334674 -0.18445785
vn 0.54684871 -0.80228442 -0.23936634
vn -0.56160688 -0.81280285 -0.15475543
vn -0.5047276 -0.84264821 -0.18760076
vn 0.54574639 -0.80299073 -0.23951356
vn -0.55452275 -0.80839914 -0.19747244
vn -0.47024903 -0.84686339 -0.24837117
vn 0.55629545 -0.82016796 0.13364083
vn 0.5528661 -0.82448941 0.12064922
vn -0.55286139 -0.82449263 0.12064894
vn -0.55629182 -0.82016969 0.1336454
vn 0.48458186 -0.80264509 0.34776616
vn 0.48430416 -0.80394268 0.34514585
vn -0.48458105 -0.80264544 0.34776643
vn -0.48430344 -0.80394256 0.34514716
vn 0.3726958 -0.80650353 0.45896608
vn 0.36925018 -0.80820757 0.45875359
vn -0.37268656 -0.80651289 0.45895714
vn -0.36924097 -0.80821681 0.45874465
vn 0.077024385 -0.83435267 0.5458231
vn 0.1196987 -0.84966111 0.51356423
vn -0.12158632 -0.8502804 0.51209372
vn -0.11884411 -0.85046846 0.51242512
vn 0.2536718 -0.90063322 -0.3528603
vn 0.34758043 -0.87270534 -0.34288949
vn -0.23889065 -0.90418243 -0.3540979
vn -0.25519696 -0.90322924 -0.34503829
vn 0.42973003 -0.80718869 0.40469563
vn 0.42958495 -0.80840057 0.40242422
vn -0.4297227 -0.80718851 0.40470374
vn -0.42957661 -0.80840904 0.40241614
vn 0.50957412 -0.85949916 0.039942604
vn 0.50954229 -0.85951728 0.039958484
vn 0.56693298 -0.82371467 0.0090107536
vn 0.53424609 -0.84343225 0.056596559
vn 0.52769005 -0.8486886 0.035648841
vn -0.55705976 -0.8301338 0.023713678
vn -0.59793365 -0.80154383 0.0016747236
vn -0.52768707 -0.84869039 0.035651006
vn -0.53424311 -0.84343398 0.056598727
vn -0.023112997 -0.84608722 0.53254312
vn -0.023212707 -0.84618646 0.53238112
vn 0.023237346 -0.84618527 0.53238189
vn 0.50712335 -0.84383917 0.17538933
vn 0.50830144 -0.84195781 0.18093283
vn -0.50829577 -0.84196162 0.18093112
vn -0.50711894 -0.84384108 0.17539294
vn 0.12072913 -0.85108691 0.51095545
vn 0.17255615 -0.86613441 0.46907949
vn -0.19465768 -0.8461349 0.4961493
vn -0.14969695 -0.85996777 0.48789987
vn 5.1633677e-05 -0.8572064 0.51497298
vn -5.0519422e-05 -0.85720807 0.51497024
vn 0.51431298 -0.85189331 -0.098792151
vn 0.5109241 -0.84896731 -0.1349484
vn -0.51431024 -0.8518967 -0.098777235
vn 0.35888237 -0.88627982 -0.29276526
vn 0.43147859 -0.85687935 -0.28210631
vn -0.32821611 -0.89681619 -0.29663935
vn -0.36245796 -0.89028442 -0.27571332
vn 0.50979024 -0.85993546 -0.024998065
vn 0.15404066 -0.92308849 -0.35239053
vn 0.24024899 -0.90681082 -0.34637338
vn -0.14449486 -0.92444277 -0.35288361
vn -0.15467636 -0.92487711 -0.34738678
vn 0.46235281 -0.85599077 0.23132165
vn 0.46221253 -0.8562963 0.23046958
vn -0.46235076 -0.85599166 0.23132232
vn -0.46221057 -0.85629702 0.23047079
vn 0.17178354 -0.86515105 0.47117305
vn 0.25256726 -0.85686088 0.44944325
vn 0.16111563 -0.88525629 0.43630609
vn 0.22728685 -0.87705773 0.42321435
vn -0.25256756 -0.8568607 0.44944343
vn -0.24988793 -0.85781848 0.44911408
vn 0.50384098 -0.86343169 -0.025100382
vn 0.50982171 -0.85991681 -0.024998302
vn 0.50121921 -0.86125845 -0.083744667
vn -0.49421337 -0.86871624 -0.032942671
vn -0.49423748 -0.86870253 -0.032942358
vn -0.5976094 -0.80110919 -0.032970965
vn -0.47209263 -0.88006794 -0.051078513
vn 0.48541239 -0.86933249 0.09292911
vn 0.48267958 -0.871912 0.082400724
vn -0.48267844 -0.87191218 0.082405731
vn -0.48541018 -0.86933362 0.092930101
vn 0.47273424 -0.84646106 -0.24500214
vn 0.43845284 -0.86309612 -0.25064757
vn -0.4445425 -0.8680647 -0.22101037
vn -0.38627091 -0.88546532 -0.25835246
vn -0.49443975 -0.86905807 -0.016351273
vn 0.0039494643 -0.84640884 0.53251898
vn -0.0039495998 -0.8464089 0.53251886
vn 0.50979108 -0.85992932 -0.025191529
vn 0.50970119 -0.85977823 -0.031402312
vn -0.49441603 -0.8690713 -0.01636517
vn 0.48113716 -0.85698318 -0.18462622
vn 0.47752091 -0.85381752 -0.2072906
vn -0.48857966 -0.8625955 -0.131221
vn -0.43102318 -0.88744444 -0.16328315
vn 0.47814292 -0.84833467 -0.22739302
vn 0.47636342 -0.8492626 -0.22766407
vn -0.4069404 -0.88208967 -0.23731279
vn -0.48391426 -0.85453576 -0.18866798
vn 0.41525444 -0.86393678 0.2849158
vn 0.41543695 -0.8633433 0.28644463
vn -0.4152537 -0.8639372 0.28491563
vn -0.4154363 -0.86334336 0.28644535
vn 0.30963767 -0.86382556 0.39740402
vn 0.3091217 -0.86402839 0.39736468
vn -0.30964509 -0.863819 0.39741242
vn -0.30911458 -0.86402762 0.39737201
vn 0.48205358 -0.85139287 -0.20677181
vn -0.48888326 -0.85614973 -0.16733426
vn -0.41022193 -0.88647485 -0.21419682
vn 0.075118564 -0.93344128 -0.35077706
vn 0.14505832 -0.92623287 -0.34792355
vn -0.06960012 -0.93381476 -0.35092133
vn -0.075300679 -0.93450016 -0.34790701
vn 0.36455807 -0.86642855 0.34117299
vn 0.36466804 -0.8658151 0.34260967
vn -0.36455756 -0.86642855 0.34117353
vn -0.36466855 -0.8658095 0.34262338
vn 0.50979292 -0.85992819 -0.025194069
vn 0.4810665 -0.87638831 0.022770902
vn -0.47002366 -0.88251013 0.01592507
vn 0.027448637 -0.88023859 0.47373688
vn -0.027451014 -0.88023698 0.47373971
vn 0.015261358 -0.92525631 -0.37903544
vn -0.015266531 -0.92525792 -0.37903127
vn 0.013074619 -0.93700421 -0.34907323
vn 0.06977579 -0.93486923 -0.3480674
vn -0.013069835 -0.9370051 -0.34907115
vn 0.44191849 -0.88697976 0.13407077
vn 0.44125101 -0.88778603 0.13089518
vn -0.44191805 -0.88697904 0.13407683
vn -0.44124964 -0.88778645 0.13089687
vn 0.42896292 -0.89875776 -0.090693727
vn 0.40179718 -0.90501457 -0.13966982
vn 0.42572609 -0.89615613 -0.1251457
vn 0.42284015 -0.89856493 -0.11741929
vn 0.24979389 -0.92432785 -0.28848061
vn 0.33140013 -0.90108353 -0.27968279
vn -0.23120683 -0.92862636 -0.29016635
vn -0.25135478 -0.9270131 -0.27832985
vn 0.40083584 -0.89793402 0.18178312
vn 0.40048575 -0.89851952 0.17964911
vn -0.40048486 -0.89851969 0.17965014
vn -0.4008351 -0.89793396 0.181785
vn 0.40613309 -0.90982932 -0.085243732
vn -0.49378121 -0.8679589 -0.053173747
vn -0.43981797 -0.89627558 -0.057010867
vn -0.49378726 -0.86795545 -0.053173725
vn -0.49441731 -0.8690629 0.016769214
vn 0.41676876 -0.90861791 0.026781689
vn 0.41677538 -0.90861493 0.026781064
vn 0.39846244 -0.91652626 0.034746803
vn 0.39631864 -0.9167518 0.049977303
vn 0.41112623 -0.91101605 0.032014541
vn -0.4944112 -0.86906636 0.016769832
vn -0.40524641 -0.91336745 0.039181713
vn -0.41047314 -0.91128218 0.032811176
vn -0.20477335 -0.89433515 0.39778447
vn -0.20506997 -0.89425081 0.39782137
vn -0.15097308 -0.8825801 0.44526336
vn 0.019566586 -0.89226747 0.45108309
vn 0.026314836 -0.88988048 0.45543411
vn -0.026043195 -0.89213705 0.45101354
vn 0.50970328 -0.85977697 -0.031402737
vn 0.059848156 -0.90193367 0.42770761
vn -0.067351036 -0.90438414 0.42137057
vn -0.023834113 -0.88891751 0.45744684
vn -0.056532938 -0.90434414 0.42304343
vn 0.41678429 -0.90865177 -0.025353292
vn 0.41679302 -0.90864778 -0.025353419
vn 0.39264104 -0.91810781 -0.053954437
vn 0.39164874 -0.89120471 -0.22883503
vn 0.33908695 -0.91075557 -0.23567836
vn -0.3026371 -0.92241764 -0.2399094
vn -0.34236607 -0.91455281 -0.2153569
vn 0.35796791 -0.9049018 0.23024261
vn 0.35858768 -0.90332586 0.23540865
vn -0.35796726 -0.90490168 0.2302442
vn -0.35858682 -0.90332621 0.23540871
vn 0.25836849 -0.90252995 0.34450755
vn 0.26139653 -0.90156883 0.34473974
vn -0.25836143 -0.90252978 0.34451318
vn -0.26139003 -0.90156853 0.34474543
vn 0.41580364 -0.89239895 -0.17530397
vn -0.42383888 -0.89927256 -0.10802526
vn -0.36976326 -0.91886663 -0.13769263
vn -0.399358 -0.91637546 -0.027734483
vn -0.39921683 -0.91605085 -0.038428079
vn 0.41345799 -0.88859445 -0.19862635
vn 0.39638385 -0.89585567 -0.20080458
vn -0.3413353 -0.9168098 -0.20724398
vn -0.40114951 -0.90006304 -0.17019281
vn 0.31147787 -0.90631467 0.28561375
vn 0.31189659 -0.90444982 0.29101714
vn -0.31147656 -0.90631497 0.28561434
vn -0.31189525 -0.90445036 0.29101709
vn 0.4170647 -0.89183486 -0.17517886
vn -0.42188534 -0.89564162 -0.14085051
vn -0.35406581 -0.91755205 -0.18092991
vn 0.15168208 -0.94613832 -0.28603294
vn 0.23259614 -0.93139136 -0.28001636
vn -0.14350477 -0.94726264 -0.28653067
vn -0.15212712 -0.94739145 -0.28161466
vn 0.36155093 -0.92924672 0.076035708
vn 0.36101726 -0.92920047 0.079076037
vn -0.38954884 -0.91988313 0.045461558
vn -0.36284152 -0.92866778 0.076956004
vn 0.063999608 -0.90678591 0.41670534
vn 0.10238609 -0.91789079 0.38339746
vn -0.10060332 -0.919047 0.38109258
vn -0.10623261 -0.91886771 0.37999576
vn 0.073434554 -0.95560008 -0.28536958
vn 0.143916 -0.94853097 -0.28209427
vn -0.072582945 -0.95565689 -0.28539732
vn -0.073460296 -0.95573515 -0.28491026
vn 0.32631135 -0.93742949 0.12143648
vn 0.32771575 -0.93779206 0.11466642
vn -0.35972166 -0.92978048 0.078157686
vn -0.32356799 -0.93865252 0.11931164
vn 0.10443066 -0.92002153 0.37769642
vn 0.15112543 -0.92993915 0.33522275
vn -0.15552306 -0.9306829 0.33112228
vn -0.14895599 -0.9312017 0.33267924
vn 0.019579794 -0.89225715 0.45110282
vn -0.019578917 -0.89225847 0.45110029
vn -0.37600073 -0.92552686 -0.044983778
vn -0.39922008 -0.91604948 -0.038427699
vn -0.0075547141 -0.96361446 -0.26718917
vn 0.0075589991 -0.96361339 -0.26719299
vn 0.0075592734 -0.96361905 -0.26717255
vn -0.011582123 -0.95797944 -0.28660294
vn 0.072598346 -0.9557932 -0.28493649
vn -0.0075549888 -0.96362019 -0.2671687
vn 0.011570244 -0.9579792 -0.28660432
vn 0.30553108 -0.92653036 -0.21952727
vn 0.23951638 -0.94420731 -0.22606297
vn -0.21910882 -0.9487235 -0.22784869
vn -0.24085864 -0.94648677 -0.21482521
vn 0.28987268 -0.94152868 0.17174861
vn 0.29316825 -0.94292563 0.15793537
vn -0.33046386 -0.93656635 0.11677822
vn -0.28456378 -0.94396019 0.16722032
vn 0.15334195 -0.93194306 0.32858548
vn 0.2017792 -0.9378922 0.2822116
vn -0.19764949 -0.94006592 0.27786818
vn -0.20957658 -0.93845832 0.27454254
vn 0.2489074 -0.94170398 0.22635974
vn 0.25319007 -0.94422787 0.21054341
vn -0.29850799 -0.94048691 0.16241096
vn -0.24315485 -0.94449508 0.22091798
vn 0.35797608 -0.92212427 -0.14676508
vn 0.3598035 -0.92403084 -0.12926127
vn -0.3615697 -0.92569894 -0.11112535
vn 0.20541994 -0.9406293 0.27022067
vn -0.25899833 -0.94143486 0.21591723
vn 0.34542546 -0.92167932 -0.17660259
vn 0.31069735 -0.93326938 -0.18020937
vn -0.27304989 -0.94427878 -0.18379696
vn -0.31320146 -0.93619663 -0.15950164
vn -0.39936069 -0.91637433 -0.02773286
vn 0.33335075 -0.94255543 -0.021600392
vn 0.33328304 -0.94236398 -0.029539783
vn 0.33337003 -0.94254887 -0.021588553
vn 0.33330217 -0.94235694 -0.029547427
vn 0.34897169 -0.92544794 -0.14752938
vn -0.2992911 -0.94206518 -0.15145293
vn -0.35196537 -0.92820644 -0.12063643
vn 0.0052607749 -0.92889726 0.37030017
vn -0.005260231 -0.92889708 0.37030056
vn 0.32413608 -0.94600683 0.0026169752
vn -0.34445995 -0.93866843 0.015778374
vn 0.29362473 -0.95116645 -0.095220387
vn 0.30638009 -0.94922858 -0.071388699
vn 0.30586123 -0.94948876 -0.070142552
vn 0.021175222 -0.93417591 0.35618392
vn -0.021170158 -0.93417376 0.35618979
vn -0.31678173 -0.94848228 0.0055431146
vn -0.31663159 -0.94803274 -0.031278733
vn 0.22030188 -0.95109642 -0.21652406
vn 0.14907874 -0.96367657 -0.22159192
vn -0.14244352 -0.96458679 -0.22199593
vn -0.14936273 -0.9644593 -0.21796556
vn 0.29616645 -0.95417929 -0.042746879
vn 0.33330071 -0.94235748 -0.029547414
vn -0.31663224 -0.9480325 -0.031278741
vn -0.29621464 -0.95421946 -0.041498952
vn -0.29457259 -0.9524802 -0.077514142
vn 0.33344504 -0.94276547 0.0027610266
vn 0.27923983 -0.95997435 0.021778801
vn 0.25678268 -0.96536386 0.046208758
vn -0.31678239 -0.94848204 0.0055431249
vn -0.24520692 -0.96745735 0.062448539
vn -0.28132501 -0.95933157 0.023219693
vn 0.14269835 -0.9653846 -0.21833391
vn 0.075705431 -0.97222388 -0.22147109
vn -0.078515664 -0.97202623 -0.22136003
vn -0.075642459 -0.9718821 -0.2229874
vn 0.017170258 -0.92879069 0.37020671
vn 0.032043736 -0.94509149 0.32523119
vn 0.050900642 -0.95005924 0.30789053
vn -0.045040645 -0.95745289 0.28505307
vn -0.017166145 -0.92879033 0.37020785
vn -0.059863131 -0.95219797 0.2995587
vn -0.018776322 -0.94121653 0.33728164
vn -0.04691498 -0.95196265 0.30259895
vn 0.27520123 -0.94747925 -0.16293356
vn 0.22510831 -0.95991427 -0.16700549
vn -0.20511806 -0.96412575 -0.16848759
vn -0.22608027 -0.96152073 -0.15609476
vn 0.30170736 -0.94523931 -0.12448033
vn -0.30577052 -0.94942373 -0.07140696
vn 0.27867103 -0.95207173 -0.12610267
vn -0.27866748 -0.9520734 -0.12609774
vn 0.011303067 -0.96358377 -0.26716769
vn -0.011314012 -0.96358526 -0.26716185
vn 0.078448676 -0.97167963 -0.22290029
vn 0.023701366 -0.97422189 -0.22434348
vn -0.023665316 -0.97422332 -0.2243409
vn 0.24822666 -0.9671734 0.054397631
vn 0.25419673 -0.966694 0.029778166
vn -0.25363544 -0.9667666 0.032116029
vn -0.24822475 -0.96717387 0.054397922
vn 0.055815414 -0.95407969 0.29430699
vn 0.093651891 -0.96147037 0.25846472
vn -0.089765355 -0.96306854 0.2538527
vn -0.10186834 -0.96272832 0.25055346
vn 0.25701952 -0.96626413 -0.016572049
vn 0.21861425 -0.97107649 0.096011519
vn 0.22231507 -0.97150654 0.082165129
vn -0.21334267 -0.97266722 0.091669872
vn 0.20596179 -0.96581012 -0.15745014
vn 0.14650528 -0.97601563 -0.16102688
vn -0.14651075 -0.97601539 -0.1610233
vn -0.24565722 -0.96923399 -0.015426465
vn 0.097936839 -0.96431726 0.24596879
vn 0.14129248 -0.96884501 0.20341051
vn -0.15358269 -0.96947765 0.1911162
vn -0.13504885 -0.97108078 0.19688551
vn -0.01773005 -0.95827436 0.28529969
vn 0.18434101 -0.9718197 0.1469177
vn 0.1906023 -0.97362721 0.12538269
vn -0.22762968 -0.96990329 0.086442657
vn -0.17664558 -0.97429323 0.13981786
vn 0.14723988 -0.97170657 0.18468001
vn -0.1984241 -0.97114122 0.13233507
vn 0.21984711 -0.97011656 -0.10266986
vn 0.21038373 -0.97324777 -0.092344254
vn 0.20423765 -0.97608012 -0.074529119
vn 0.22225891 -0.97337359 -0.056078393
vn -0.20423746 -0.97608042 -0.074525729
vn -0.22225779 -0.97337401 -0.056076016
vn -0.22015637 -0.97061294 -0.097168274
vn -0.20971403 -0.97230732 -0.10314299
vn 0.25692073 -0.96589029 0.032368843
vn 0.25702012 -0.96626395 -0.016572241
vn -0.24561366 -0.96905756 0.024522159
vn -0.24565554 -0.96923447 -0.015425931
vn -0.44614932 -0.7731871 -0.45070225
vn 0.020059496 -0.95823503 0.28527752
vn 0.017739298 -0.95827711 0.28528988
vn 0.082127742 -0.98837996 -0.12790644
vn -0.11477697 -0.98278791 -0.14475553
vn -0.080825403 -0.98314005 -0.16402097
vn 0.25691766 -0.96589112 0.032366641
vn 0.25701705 -0.96626478 -0.016571864
vn -0.24561237 -0.96905792 0.02452123
vn -0.24565701 -0.96923405 -0.015426112
vn 0.20560345 -0.97824413 -0.027670294
vn 0.25702044 -0.96626389 -0.016571913
vn -0.24565639 -0.96923423 -0.015426103
vn -0.20556919 -0.97821105 -0.029059473
vn -0.013469907 -0.98765558 -0.15606092
vn 0.013493293 -0.98765486 -0.15606347
vn 0.11399212 -0.98001659 -0.16301309
vn 0.0041366438 -0.98617435 -0.16565956
vn 0.01349331 -0.9876551 -0.15606202
vn -0.0041309404 -0.98617494 -0.16565606
vn -0.01346992 -0.98765576 -0.1560597
vn -0.24561174 -0.9690581 0.024520863
vn 0.25692388 -0.96588939 0.03237034
vn -0.34991318 -0.93176639 0.096809782
vn -0.077104993 -0.97784466 0.19461417
vn 0.0019243245 -0.97588873 0.21826024
vn 0.11824168 -0.98721284 -0.10690977
vn 0.11618367 -0.98721868 -0.10909031
vn -0.11824393 -0.98721302 -0.10690597
vn -0.11618605 -0.9872188 -0.10908638
vn 0.18484879 -0.98272431 0.0091566471
vn 0.18484558 -0.98270732 -0.010884563
vn -0.17729877 -0.98407882 0.012412395
vn -0.1773039 -0.98410726 -0.0098105939
vn 0.02244333 -0.98051882 0.19513875
vn 0.043056909 -0.9838177 0.17392185
vn 0.039527651 -0.98334348 0.17740671
vn -0.051864058 -0.98489523 0.16520143
vn -0.0088647595 -0.97820383 0.20745763
vn -0.034050543 -0.9846949 0.17092824
vn 0.184848 -0.98272449 0.0091570998
vn 0.11571186 -0.99116939 0.064760834
vn 0.15603134 -0.98731989 0.029217133
vn 0.15509418 -0.98737222 0.032278396
vn 0.22519471 -0.97342187 -0.041679099
vn -0.17729799 -0.98407894 0.012412837
vn -0.15413737 -0.98748904 0.033273306
vn -0.15716749 -0.98711252 0.030120002
vn 0.12271032 -0.99076182 -0.057733506
vn 0.11950242 -0.990955 -0.061052334
vn -0.12271109 -0.99076188 -0.057730779
vn -0.11950404 -0.990955 -0.061048716
vn 0.12573069 -0.98973823 0.067897357
vn 0.12927407 -0.98997355 0.056926172
vn -0.15395877 -0.98757905 0.03137305
vn -0.12189968 -0.99044359 0.064513199
vn 0.046275459 -0.98622274 0.15881835
vn 0.084341414 -0.98909879 0.12070686
vn -0.079115354 -0.99016571 0.1153802
vn -0.095246047 -0.98939341 0.10967606
vn 0.039571047 -0.99309278 -0.11045732
vn 0.0042440239 -0.98773634 -0.15607326
vn -0.039497182 -0.99309605 -0.11045448
vn -0.0042375522 -0.98773652 -0.1560725
vn 0.089937642 -0.99045682 0.10443428
vn -0.13314164 -0.98926294 0.060266916
vn 0.11592127 -0.99296314 -0.024216989
vn 0.11592129 -0.99296314 -0.024216982
vn 0.12322329 -0.99214953 -0.021337658
vn 0.18484481 -0.98270744 -0.01088455
vn -0.10541753 -0.99398929 -0.029536547
vn -0.10541671 -0.99398941 -0.029536875
vn -0.10541194 -0.99398983 -0.029538454
vn -0.17730416 -0.9841072 -0.0098105986
vn -0.12333383 -0.99229783 -0.011568226
vn -0.10512475 -0.99138921 -0.078078218
vn 0.11514302 -0.98629659 -0.11815722
vn -0.10514086 -0.99138844 -0.07806664
vn 0.026817467 -0.99840528 -0.049675677
vn 0.014979744 -0.99799693 -0.061463024
vn 0.026817512 -0.99840564 -0.04966864
vn -0.014968925 -0.99799734 -0.061459213
vn -0.02676899 -0.99840581 -0.049691193
vn -0.026768945 -0.99840546 -0.049698491
vn 0.1151399 -0.98629731 -0.11815441
vn 0.11593814 -0.99311513 -0.016753048
vn 0.10917887 -0.99401307 -0.0042421017
vn -0.1051406 -0.99138844 -0.078066394
vn -0.078333884 -0.95036048 0.30112922
vn -0.070517913 -0.99690515 -0.034747478
vn -0.072704144 -0.99200922 0.10311079
vn -0.072659239 -0.99200642 0.10316923
vn 0.073045172 -0.99197841 0.10316632
vn -0.03667634 -0.99732822 0.063176721
vn 0.03677237 -0.99733168 0.063066117
vn -0.0041958112 -0.99463052 0.10340488
vn 0.004197129 -0.99463046 0.10340526
vn 0.078004949 -0.99687076 0.012801846
vn -0.060053766 -0.99819177 -0.0025867652
vn 0.015135047 -0.9995814 -0.024656588
vn 0.11594015 -0.99311489 -0.01675307
vn -0.10545697 -0.99435896 -0.011362554
vn -0.015075599 -0.99923182 -0.036172878
vn 0.035203114 -0.99810904 0.050389867
vn 0.063478306 -0.99775159 0.021499723
vn -0.063481033 -0.99775147 0.021496708
vn -0.03520098 -0.99810898 0.050391499
vn -0.091769159 -0.86529589 0.49278942
vn 0.036396615 -0.99910545 0.021530358
vn 0.042762049 -0.99896234 0.0156739
vn 0.11593938 -0.99310833 0.017144574
vn 0.036395486 -0.99910545 0.021531509
vn -0.036393892 -0.99910557 0.021531207
vn -0.034117382 -0.99818218 -0.049682878
vn 0.042716589 -0.99785358 -0.049634073
vn -0.034148864 -0.99918479 0.021532066

# Mesh '' with 5004 faces
usemtl DefaultMaterial
f  1//1 2//1 3//1
f  4//2 5//2 3//2
f  2//2 4//2 3//2
f  6//3 1//3 3//3
f  5//3 6//3 3//3
f  1//1 7//1 2//1
f  8//4 4//4 2//4
f  9//4 8//4 2//4
f  7//4 9//4 2//4
f  10//5 11//5 12//5
f  11//6 13//6 12//6
f  13//7 14//7 12//7
f  14//8 15//8 12//8
f  16//9 17//9 12//9
f  17//10 18//10 12//10
f  18//11 10//11 12//11
f  19//3 16//3 12//3
f  20//3 19//3 12//3
f  15//3 20//3 12//3
f  10//12 21//12 11//12
f  21//13 13//13 11//13
f  10//14 22//14 21//14
f  22//15 23//15 21//15
f  23//16 24//16 21//16
f  24//17 13//17 21//17
f  18//18 22//18 10//18
f  24//19 14//19 13//19
f  17//20 25//20 18//20
f  25//21 22//21 18//21
f  24//22 26//22 14//22
f  26//23 27//23 14//23
f  27//24 15//24 14//24
f  22//25 28//25 23//25
f  28//26 24//26 23//26
f  29//27 28//27 22//27
f  30//28 29//28 22//28
f  25//29 30//29 22//29
f  28//30 31//30 24//30
f  31//31 26//31 24//31
f  9//32 20//32 8//32
f  20//33 32//33 8//33
f  32//33 33//33 8//33
f  33//4 4//4 8//4
f  34//34 19//34 9//34
f  19//32 20//32 9//32
f  7//4 34//4 9//4
f  15//3 32//3 20//3
f  35//3 16//3 19//3
f  34//34 35//34 19//34
f  36//35 25//35 17//35
f  16//36 36//36 17//36
f  29//37 37//37 28//37
f  37//38 31//38 28//38
f  26//39 38//39 27//39
f  38//40 15//40 27//40
f  39//41 25//41 36//41
f  16//42 39//42 36//42
f  40//43 41//43 5//43
f  4//43 40//43 5//43
f  42//3 6//3 5//3
f  41//3 42//3 5//3
f  33//4 40//4 4//4
f  38//44 43//44 15//44
f  43//45 44//45 15//45
f  44//46 45//46 15//46
f  45//3 32//3 15//3
f  46//47 39//47 16//47
f  47//48 48//48 16//48
f  48//49 49//49 16//49
f  49//50 46//50 16//50
f  35//3 47//3 16//3
f  50//51 25//51 39//51
f  46//52 50//52 39//52
f  26//53 51//53 38//53
f  51//54 43//54 38//54
f  52//55 7//55 1//55
f  53//3 52//3 1//3
f  6//3 53//3 1//3
f  52//55 54//55 7//55
f  54//4 34//4 7//4
f  55//56 30//56 25//56
f  50//57 55//57 25//57
f  31//58 56//58 26//58
f  56//59 51//59 26//59
f  29//60 57//60 37//60
f  57//61 31//61 37//61
f  58//62 57//62 29//62
f  59//63 58//63 29//63
f  30//64 59//64 29//64
f  57//65 60//65 31//65
f  60//66 56//66 31//66
f  49//67 50//67 46//67
f  51//68 44//68 43//68
f  58//69 61//69 57//69
f  61//70 60//70 57//70
f  62//71 63//71 44//71
f  51//72 62//72 44//72
f  63//73 45//73 44//73
f  64//74 59//74 30//74
f  55//75 64//75 30//75
f  49//76 65//76 50//76
f  66//77 55//77 50//77
f  65//78 66//78 50//78
f  48//79 65//79 49//79
f  67//80 51//80 56//80
f  60//81 68//81 56//81
f  68//82 67//82 56//82
f  67//83 62//83 51//83
f  32//84 69//84 33//84
f  69//84 70//84 33//84
f  70//4 40//4 33//4
f  71//85 35//85 34//85
f  54//4 71//4 34//4
f  45//3 69//3 32//3
f  72//3 47//3 35//3
f  71//85 72//85 35//85
f  73//86 64//86 55//86
f  66//87 73//87 55//87
f  58//88 74//88 61//88
f  74//89 60//89 61//89
f  75//90 65//90 48//90
f  47//91 75//91 48//91
f  59//92 76//92 58//92
f  76//93 77//93 58//93
f  77//94 74//94 58//94
f  74//95 78//95 60//95
f  78//96 68//96 60//96
f  79//97 62//97 67//97
f  68//98 80//98 67//98
f  80//99 79//99 67//99
f  62//100 81//100 63//100
f  81//101 45//101 63//101
f  77//102 82//102 74//102
f  82//103 78//103 74//103
f  83//104 84//104 65//104
f  75//105 83//105 65//105
f  85//106 66//106 65//106
f  84//107 85//107 65//107
f  62//108 86//108 81//108
f  86//109 45//109 81//109
f  64//110 87//110 59//110
f  87//111 76//111 59//111
f  47//112 83//112 75//112
f  88//113 89//113 41//113
f  40//113 88//113 41//113
f  90//3 42//3 41//3
f  89//3 90//3 41//3
f  70//4 88//4 40//4
f  91//114 92//114 62//114
f  92//115 86//115 62//115
f  79//116 91//116 62//116
f  78//117 93//117 68//117
f  93//118 80//118 68//118
f  86//119 92//119 45//119
f  92//120 94//120 45//120
f  94//121 95//121 45//121
f  95//3 69//3 45//3
f  96//122 83//122 47//122
f  97//123 98//123 47//123
f  98//124 99//124 47//124
f  99//125 96//125 47//125
f  72//3 97//3 47//3
f  96//126 84//126 83//126
f  100//127 54//127 52//127
f  101//3 100//3 52//3
f  53//3 101//3 52//3
f  100//127 102//127 54//127
f  102//4 71//4 54//4
f  103//128 73//128 66//128
f  85//129 103//129 66//129
f  73//130 104//130 64//130
f  104//131 87//131 64//131
f  105//132 91//132 79//132
f  80//133 106//133 79//133
f  106//134 105//134 79//134
f  93//135 107//135 80//135
f  107//136 106//136 80//136
f  99//137 84//137 96//137
f  91//138 94//138 92//138
f  99//139 108//139 84//139
f  109//140 85//140 84//140
f  108//141 109//141 84//141
f  77//142 110//142 82//142
f  110//143 78//143 82//143
f  111//144 110//144 77//144
f  112//145 111//145 77//145
f  76//146 112//146 77//146
f  110//147 113//147 78//147
f  113//148 93//148 78//148
f  111//149 114//149 110//149
f  114//150 113//150 110//150
f  91//151 115//151 94//151
f  115//152 116//152 94//152
f  116//153 95//153 94//153
f  105//154 115//154 91//154
f  98//155 108//155 99//155
f  117//156 112//156 76//156
f  87//157 117//157 76//157
f  113//158 118//158 93//158
f  118//159 107//159 93//159
f  103//160 119//160 73//160
f  119//161 104//161 73//161
f  69//162 120//162 70//162
f  120//162 121//162 70//162
f  121//4 88//4 70//4
f  122//163 72//163 71//163
f  102//4 122//4 71//4
f  95//3 120//3 69//3
f  123//3 97//3 72//3
f  122//163 123//163 72//163
f  107//164 124//164 106//164
f  124//165 125//165 106//165
f  125//166 105//166 106//166
f  126//167 103//167 85//167
f  109//168 126//168 85//168
f  127//169 115//169 105//169
f  125//170 127//170 105//170
f  128//171 117//171 87//171
f  104//172 128//172 87//172
f  129//173 108//173 98//173
f  97//174 129//174 98//174
f  118//175 130//175 107//175
f  130//176 124//176 107//176
f  115//177 131//177 116//177
f  131//178 95//178 116//178
f  129//179 132//179 108//179
f  133//180 109//180 108//180
f  132//181 133//181 108//181
f  134//182 131//182 115//182
f  135//183 134//183 115//183
f  136//184 135//184 115//184
f  127//185 136//185 115//185
f  126//186 137//186 103//186
f  137//187 119//187 103//187
f  134//188 95//188 131//188
f  138//189 114//189 111//189
f  139//190 138//190 111//190
f  112//191 139//191 111//191
f  138//192 140//192 114//192
f  140//193 113//193 114//193
f  140//194 141//194 113//194
f  141//195 118//195 113//195
f  142//196 132//196 129//196
f  97//197 142//197 129//197
f  143//198 144//198 89//198
f  88//198 143//198 89//198
f  145//3 90//3 89//3
f  144//3 145//3 89//3
f  121//4 143//4 88//4
f  146//199 128//199 104//199
f  119//200 146//200 104//200
f  124//201 147//201 125//201
f  147//202 148//202 125//202
f  148//203 127//203 125//203
f  130//204 149//204 124//204
f  149//205 147//205 124//205
f  150//206 139//206 112//206
f  117//207 150//207 112//207
f  151//208 126//208 109//208
f  133//209 151//209 109//209
f  141//210 152//210 118//210
f  152//211 130//211 118//211
f  134//212 135//212 95//212
f  135//213 153//213 95//213
f  153//214 154//214 95//214
f  154//3 120//3 95//3
f  155//215 142//215 97//215
f  156//216 157//216 97//216
f  157//217 158//217 97//217
f  158//218 155//218 97//218
f  123//3 156//3 97//3
f  155//219 132//219 142//219
f  159//220 102//220 100//220
f  160//3 159//3 100//3
f  101//3 160//3 100//3
f  159//220 161//220 102//220
f  161//4 122//4 102//4
f  162//221 136//221 127//221
f  148//222 162//222 127//222
f  163//223 150//223 117//223
f  128//224 163//224 117//224
f  158//225 132//225 155//225
f  152//226 164//226 130//226
f  164//227 149//227 130//227
f  165//228 53//228 6//228
f  166//229 165//229 6//229
f  42//229 166//229 6//229
f  167//230 101//230 53//230
f  165//228 167//228 53//228
f  166//3 168//3 165//3
f  168//3 167//3 165//3
f  169//230 101//230 167//230
f  168//3 169//3 167//3
f  136//231 153//231 135//231
f  170//232 146//232 119//232
f  137//233 170//233 119//233
f  158//234 171//234 132//234
f  172//235 133//235 132//235
f  171//236 172//236 132//236
f  151//237 173//237 126//237
f  173//238 137//238 126//238
f  174//239 148//239 147//239
f  149//240 175//240 147//240
f  175//241 174//241 147//241
f  176//242 153//242 136//242
f  162//243 176//243 136//243
f  174//244 177//244 148//244
f  177//245 162//245 148//245
f  178//246 163//246 128//246
f  146//247 178//247 128//247
f  176//248 179//248 153//248
f  179//249 154//249 153//249
f  157//250 171//250 158//250
f  164//251 180//251 149//251
f  180//252 175//252 149//252
f  181//253 151//253 133//253
f  172//254 181//254 133//254
f  182//255 140//255 138//255
f  183//256 182//256 138//256
f  184//257 183//257 138//257
f  139//258 184//258 138//258
f  182//259 141//259 140//259
f  182//260 185//260 141//260
f  185//261 152//261 141//261
f  120//262 186//262 121//262
f  186//262 187//262 121//262
f  187//4 143//4 121//4
f  188//263 123//263 122//263
f  161//4 188//4 122//4
f  154//3 186//3 120//3
f  189//3 156//3 123//3
f  188//263 189//263 123//263
f  190//264 184//264 139//264
f  150//265 190//265 139//265
f  183//266 191//266 182//266
f  191//267 185//267 182//267
f  192//268 176//268 162//268
f  177//269 192//269 162//269
f  193//270 166//270 42//270
f  90//270 193//270 42//270
f  169//271 160//271 101//271
f  193//3 168//3 166//3
f  194//271 160//271 169//271
f  168//3 194//3 169//3
f  185//272 195//272 152//272
f  195//273 164//273 152//273
f  196//274 171//274 157//274
f  156//275 196//275 157//275
f  197//276 170//276 137//276
f  173//277 197//277 137//277
f  198//278 190//278 150//278
f  163//279 198//279 150//279
f  199//280 178//280 146//280
f  170//281 199//281 146//281
f  200//282 177//282 174//282
f  175//283 201//283 174//283
f  201//284 200//284 174//284
f  195//285 202//285 164//285
f  202//286 180//286 164//286
f  176//287 203//287 179//287
f  203//288 154//288 179//288
f  181//289 204//289 151//289
f  204//290 173//290 151//290
f  180//291 205//291 175//291
f  205//292 201//292 175//292
f  196//293 206//293 171//293
f  207//294 172//294 171//294
f  206//295 207//295 171//295
f  200//296 208//296 177//296
f  208//297 192//297 177//297
f  209//298 210//298 176//298
f  210//299 203//299 176//299
f  192//300 209//300 176//300
f  211//301 198//301 163//301
f  178//302 211//302 163//302
f  210//303 154//303 203//303
f  202//304 212//304 180//304
f  212//305 205//305 180//305
f  213//306 214//306 144//306
f  143//306 213//306 144//306
f  215//3 145//3 144//3
f  214//3 215//3 144//3
f  187//4 213//4 143//4
f  216//307 206//307 196//307
f  156//308 216//308 196//308
f  217//309 181//309 172//309
f  207//310 217//310 172//310
f  218//311 209//311 192//311
f  208//312 218//312 192//312
f  219//313 199//313 170//313
f  197//314 219//314 170//314
f  220//315 197//315 173//315
f  204//316 220//316 173//316
f  210//317 221//317 154//317
f  221//318 222//318 154//318
f  222//319 223//319 154//319
f  223//3 186//3 154//3
f  224//320 216//320 156//320
f  225//321 226//321 156//321
f  226//322 227//322 156//322
f  227//323 224//323 156//323
f  189//3 225//3 156//3
f  224//324 206//324 216//324
f  209//325 221//325 210//325
f  205//326 228//326 201//326
f  228//327 229//327 201//327
f  229//328 200//328 201//328
f  230//329 208//329 200//329
f  229//330 230//330 200//330
f  227//331 206//331 224//331
f  231//332 161//332 159//332
f  232//3 231//3 159//3
f  160//3 232//3 159//3
f  231//332 233//332 161//332
f  233//4 188//4 161//4
f  234//333 193//333 90//333
f  145//333 234//333 90//333
f  194//334 232//334 160//334
f  234//3 168//3 193//3
f  235//334 232//334 194//334
f  168//3 235//3 194//3
f  236//335 211//335 178//335
f  199//336 236//336 178//336
f  209//337 222//337 221//337
f  212//338 237//338 205//338
f  237//339 228//339 205//339
f  217//340 238//340 181//340
f  238//341 204//341 181//341
f  227//342 239//342 206//342
f  240//343 207//343 206//343
f  239//344 240//344 206//344
f  230//345 241//345 208//345
f  241//346 218//346 208//346
f  242//347 222//347 209//347
f  218//348 242//348 209//348
f  183//349 243//349 191//349
f  243//350 185//350 191//350
f  244//351 219//351 197//351
f  220//352 244//352 197//352
f  242//353 245//353 222//353
f  245//354 223//354 222//354
f  246//355 217//355 207//355
f  240//356 246//356 207//356
f  226//357 239//357 227//357
f  247//358 236//358 199//358
f  219//359 247//359 199//359
f  228//360 248//360 229//360
f  248//361 249//361 229//361
f  249//362 230//362 229//362
f  186//363 250//363 187//363
f  250//363 251//363 187//363
f  251//4 213//4 187//4
f  252//364 189//364 188//364
f  233//4 252//4 188//4
f  223//3 250//3 186//3
f  253//3 225//3 189//3
f  252//364 253//364 189//364
f  254//365 220//365 204//365
f  238//366 254//366 204//366
f  255//367 242//367 218//367
f  241//368 255//368 218//368
f  237//369 256//369 228//369
f  256//370 248//370 228//370
f  257//371 241//371 230//371
f  249//372 257//372 230//372
f  258//373 243//373 183//373
f  259//374 258//374 183//374
f  260//375 259//375 183//375
f  184//376 260//376 183//376
f  243//377 261//377 185//377
f  261//378 195//378 185//378
f  258//379 261//379 243//379
f  262//380 239//380 226//380
f  225//381 262//381 226//381
f  263//382 260//382 184//382
f  190//383 263//383 184//383
f  264//384 202//384 195//384
f  261//385 264//385 195//385
f  246//386 265//386 217//386
f  265//387 238//387 217//387
f  242//388 266//388 245//388
f  266//389 223//389 245//389
f  267//390 263//390 190//390
f  198//391 267//391 190//391
f  257//392 268//392 241//392
f  268//393 255//393 241//393
f  262//394 269//394 239//394
f  270//395 240//395 239//395
f  269//396 270//396 239//396
f  264//397 271//397 202//397
f  271//398 212//398 202//398
f  272//399 273//399 242//399
f  273//400 266//400 242//400
f  255//401 272//401 242//401
f  274//402 247//402 219//402
f  244//403 274//403 219//403
f  275//404 244//404 220//404
f  254//405 275//405 220//405
f  276//406 249//406 248//406
f  256//407 277//407 248//407
f  277//408 276//408 248//408
f  278//409 267//409 198//409
f  211//410 278//410 198//410
f  279//411 234//411 145//411
f  215//411 279//411 145//411
f  235//412 280//412 232//412
f  280//3 281//3 232//3
f  281//3 282//3 232//3
f  282//3 283//3 232//3
f  283//3 231//3 232//3
f  279//3 168//3 234//3
f  284//412 280//412 235//412
f  168//3 284//3 235//3
f  276//413 285//413 249//413
f  285//414 257//414 249//414
f  271//415 286//415 212//415
f  286//416 237//416 212//416
f  287//417 246//417 240//417
f  270//418 287//418 240//418
f  288//419 254//419 238//419
f  265//420 288//420 238//420
f  273//421 223//421 266//421
f  289//422 290//422 214//422
f  213//422 289//422 214//422
f  291//3 215//3 214//3
f  290//3 291//3 214//3
f  251//4 289//4 213//4
f  292//423 269//423 262//423
f  225//424 292//424 262//424
f  293//425 272//425 255//425
f  268//426 293//426 255//426
f  294//427 268//427 257//427
f  285//428 294//428 257//428
f  295//429 278//429 211//429
f  236//430 295//430 211//430
f  296//431 269//431 292//431
f  225//432 296//432 292//432
f  286//433 297//433 237//433
f  297//434 256//434 237//434
f  273//435 298//435 223//435
f  298//436 299//436 223//436
f  299//437 300//437 223//437
f  300//438 301//438 223//438
f  301//3 250//3 223//3
f  302//439 296//439 225//439
f  303//440 304//440 225//440
f  304//441 305//441 225//441
f  305//442 302//442 225//442
f  253//3 303//3 225//3
f  306//443 269//443 296//443
f  302//444 306//444 296//444
f  272//445 298//445 273//445
f  287//446 307//446 246//446
f  307//447 265//447 246//447
f  272//448 299//448 298//448
f  308//449 274//449 244//449
f  275//450 308//450 244//450
f  294//451 309//451 268//451
f  309//452 293//452 268//452
f  283//453 233//453 231//453
f  283//453 310//453 233//453
f  310//4 252//4 233//4
f  311//454 270//454 269//454
f  306//455 311//455 269//455
f  312//456 285//456 276//456
f  277//457 313//457 276//457
f  313//458 312//458 276//458
f  314//459 275//459 254//459
f  288//460 314//460 254//460
f  315//461 300//461 272//461
f  300//462 299//462 272//462
f  293//463 315//463 272//463
f  312//464 316//464 285//464
f  316//465 294//465 285//465
f  317//466 295//466 236//466
f  247//467 317//467 236//467
f  297//468 318//468 256//468
f  318//469 277//469 256//469
f  319//470 288//470 265//470
f  307//471 319//471 265//471
f  320//472 287//472 270//472
f  311//473 320//473 270//473
f  321//474 322//474 323//474
f  322//474 324//474 323//474
f  325//475 321//475 323//475
f  324//32 326//32 323//32
f  326//32 327//32 323//32
f  327//32 325//32 323//32
f  328//476 329//476 325//476
f  329//475 321//475 325//475
f  327//32 330//32 325//32
f  330//32 328//32 325//32
f  322//477 331//477 324//477
f  331//477 332//477 324//477
f  332//32 333//32 324//32
f  333//32 326//32 324//32
f  334//478 335//478 328//478
f  335//476 329//476 328//476
f  330//32 336//32 328//32
f  336//32 334//32 328//32
f  331//479 337//479 332//479
f  337//479 338//479 332//479
f  338//32 339//32 332//32
f  339//32 333//32 332//32
f  340//480 341//480 334//480
f  341//478 335//478 334//478
f  336//32 342//32 334//32
f  342//32 340//32 334//32
f  337//481 343//481 338//481
f  343//481 344//481 338//481
f  344//32 345//32 338//32
f  345//32 346//32 338//32
f  346//32 347//32 338//32
f  347//32 339//32 338//32
f  348//482 330//482 327//482
f  349//483 348//483 327//483
f  326//483 349//483 327//483
f  350//484 336//484 330//484
f  348//482 350//482 330//482
f  351//485 349//485 326//485
f  333//485 351//485 326//485
f  352//486 342//486 336//486
f  350//484 352//484 336//484
f  353//487 351//487 333//487
f  339//487 353//487 333//487
f  354//488 355//488 340//488
f  355//480 341//480 340//480
f  342//32 356//32 340//32
f  356//32 354//32 340//32
f  343//489 357//489 344//489
f  357//489 358//489 344//489
f  358//32 345//32 344//32
f  359//490 356//490 342//490
f  352//486 359//486 342//486
f  360//491 353//491 339//491
f  347//491 360//491 339//491
f  361//492 362//492 354//492
f  362//488 355//488 354//488
f  356//32 361//32 354//32
f  357//493 363//493 358//493
f  363//493 364//493 358//493
f  364//32 345//32 358//32
f  365//494 366//494 356//494
f  359//490 365//490 356//490
f  366//32 361//32 356//32
f  367//495 360//495 347//495
f  346//495 367//495 347//495
f  368//496 369//496 361//496
f  369//492 362//492 361//492
f  366//32 368//32 361//32
f  370//497 371//497 366//497
f  365//494 370//494 366//494
f  371//32 368//32 366//32
f  345//32 372//32 346//32
f  373//498 367//498 346//498
f  372//498 373//498 346//498
f  363//499 374//499 364//499
f  374//499 375//499 364//499
f  375//32 345//32 364//32
f  376//500 377//500 368//500
f  377//496 369//496 368//496
f  371//32 376//32 368//32
f  378//501 379//501 371//501
f  370//497 378//497 371//497
f  379//32 376//32 371//32
f  345//32 380//32 372//32
f  381//500 373//500 372//500
f  380//500 381//500 372//500
f  382//32 383//32 345//32
f  383//32 384//32 345//32
f  384//32 380//32 345//32
f  385//501 382//501 345//501
f  386//501 385//501 345//501
f  374//4 386//4 345//4
f  375//4 374//4 345//4
f  387//32 388//32 382//32
f  388//32 383//32 382//32
f  389//3 387//3 382//3
f  385//501 389//501 382//501
f  390//502 391//502 387//502
f  391//502 388//502 387//502
f  389//3 390//3 387//3
f  392//503 393//503 379//503
f  378//501 392//501 379//501
f  393//32 394//32 379//32
f  394//32 376//32 379//32
f  395//504 381//504 380//504
f  384//504 395//504 380//504
f  394//505 396//505 376//505
f  396//500 377//500 376//500
f  391//506 397//506 388//506
f  397//506 398//506 388//506
f  398//32 383//32 388//32
f  399//507 400//507 393//507
f  392//503 399//503 393//503
f  400//32 401//32 393//32
f  401//32 394//32 393//32
f  402//508 395//508 384//508
f  383//508 402//508 384//508
f  401//509 403//509 394//509
f  403//505 396//505 394//505
f  404//510 405//510 400//510
f  399//507 404//507 400//507
f  405//32 406//32 400//32
f  406//32 401//32 400//32
f  398//32 407//32 383//32
f  407//32 408//32 383//32
f  409//511 402//511 383//511
f  408//511 409//511 383//511
f  397//512 410//512 398//512
f  410//512 407//512 398//512
f  406//513 411//513 401//513
f  411//509 403//509 401//509
f  412//514 413//514 405//514
f  404//510 412//510 405//510
f  413//32 414//32 405//32
f  414//32 415//32 405//32
f  415//32 406//32 405//32
f  407//32 416//32 408//32
f  416//32 417//32 408//32
f  418//515 409//515 408//515
f  417//515 418//515 408//515
f  410//516 419//516 407//516
f  419//516 416//516 407//516
f  415//517 420//517 406//517
f  420//513 411//513 406//513
f  421//518 422//518 413//518
f  412//514 421//514 413//514
f  422//32 423//32 413//32
f  423//32 414//32 413//32
f  416//32 424//32 417//32
f  424//32 425//32 417//32
f  426//519 418//519 417//519
f  425//519 426//519 417//519
f  427//520 428//520 422//520
f  421//518 427//518 422//518
f  428//32 429//32 422//32
f  429//32 423//32 422//32
f  424//32 430//32 425//32
f  430//32 428//32 425//32
f  431//521 426//521 425//521
f  428//521 431//521 425//521
f  427//520 431//520 428//520
f  430//32 429//32 428//32
f  419//522 432//522 416//522
f  432//522 424//522 416//522
f  414//523 433//523 415//523
f  433//517 420//517 415//517
f  432//524 434//524 424//524
f  434//524 430//524 424//524
f  423//525 435//525 414//525
f  435//523 433//523 414//523
f  434//526 436//526 430//526
f  436//526 429//526 430//526
f  429//527 437//527 423//527
f  437//525 435//525 423//525
f  436//527 437//527 429//527
f  438//528 309//528 294//528
f  316//529 438//529 294//529
f  439//530 315//530 293//530
f  309//531 439//531 293//531
f  305//532 306//532 302//532
f  250//533 440//533 251//533
f  440//533 441//533 251//533
f  441//4 289//4 251//4
f  442//534 253//534 252//534
f  310//4 442//4 252//4
f  301//3 440//3 250//3
f  443//3 303//3 253//3
f  442//534 443//534 253//534
f  259//535 444//535 258//535
f  444//536 261//536 258//536
f  445//537 306//537 305//537
f  304//538 445//538 305//538
f  446//539 308//539 275//539
f  314//540 446//540 275//540
f  447//541 444//541 259//541
f  448//542 447//542 259//542
f  260//543 448//543 259//543
f  444//544 449//544 261//544
f  449//545 264//545 261//545
f  447//546 450//546 444//546
f  450//547 449//547 444//547
f  320//548 451//548 287//548
f  451//549 307//549 287//549
f  452//550 448//550 260//550
f  263//551 452//551 260//551
f  453//552 317//552 247//552
f  274//553 453//553 247//553
f  454//554 271//554 264//554
f  449//555 454//555 264//555
f  315//556 455//556 300//556
f  455//557 301//557 300//557
f  456//558 316//558 312//558
f  313//559 457//559 312//559
f  457//560 456//560 312//560
f  318//561 458//561 277//561
f  458//562 313//562 277//562
f  438//563 459//563 309//563
f  459//564 439//564 309//564
f  460//565 452//565 263//565
f  267//566 460//566 263//566
f  461//567 314//567 288//567
f  319//568 461//568 288//568
f  454//569 462//569 271//569
f  462//570 286//570 271//570
f  463//571 279//571 215//571
f  291//571 463//571 215//571
f  284//572 464//572 280//572
f  464//3 281//3 280//3
f  463//3 168//3 279//3
f  465//572 464//572 284//572
f  168//3 465//3 284//3
f  466//573 311//573 306//573
f  445//574 466//574 306//574
f  456//575 467//575 316//575
f  467//576 438//576 316//576
f  468//577 469//577 315//577
f  469//578 455//578 315//578
f  439//579 468//579 315//579
f  470//580 460//580 267//580
f  278//581 470//581 267//581
f  462//582 471//582 286//582
f  471//583 297//583 286//583
f  472//584 319//584 307//584
f  451//585 472//585 307//585
f  473//586 320//586 311//586
f  466//587 473//587 311//587
f  474//228 322//228 321//228
f  475//228 474//228 321//228
f  329//228 475//228 321//228
f  476//588 477//588 474//588
f  477//588 478//588 474//588
f  475//589 476//589 474//589
f  478//228 322//228 474//228
f  479//228 475//228 329//228
f  335//228 479//228 329//228
f  478//228 331//228 322//228
f  479//590 480//590 475//590
f  480//589 476//589 475//589
f  477//591 481//591 478//591
f  481//591 482//591 478//591
f  482//228 331//228 478//228
f  341//228 479//228 335//228
f  482//228 337//228 331//228
f  483//592 484//592 479//592
f  484//590 480//590 479//590
f  341//228 483//228 479//228
f  481//593 485//593 482//593
f  485//593 486//593 482//593
f  486//228 337//228 482//228
f  355//228 483//228 341//228
f  486//228 343//228 337//228
f  487//594 488//594 483//594
f  488//592 484//592 483//592
f  355//228 487//228 483//228
f  485//595 489//595 486//595
f  489//595 490//595 486//595
f  490//228 343//228 486//228
f  362//228 487//228 355//228
f  490//228 357//228 343//228
f  491//596 492//596 487//596
f  492//594 488//594 487//594
f  362//228 491//228 487//228
f  489//597 493//597 490//597
f  493//597 494//597 490//597
f  494//228 357//228 490//228
f  369//228 491//228 362//228
f  494//228 363//228 357//228
f  495//598 496//598 491//598
f  496//596 492//596 491//596
f  369//228 495//228 491//228
f  493//599 497//599 494//599
f  497//599 498//599 494//599
f  498//228 363//228 494//228
f  377//228 495//228 369//228
f  498//228 374//228 363//228
f  499//600 500//600 495//600
f  500//598 496//598 495//598
f  377//228 499//228 495//228
f  497//601 501//601 498//601
f  501//601 385//601 498//601
f  385//228 386//228 498//228
f  386//228 374//228 498//228
f  396//228 499//228 377//228
f  502//602 503//602 499//602
f  503//600 500//600 499//600
f  396//228 502//228 499//228
f  501//603 504//603 385//603
f  504//603 505//603 385//603
f  505//228 389//228 385//228
f  505//228 390//228 389//228
f  505//228 391//228 390//228
f  403//228 502//228 396//228
f  506//604 507//604 502//604
f  507//602 503//602 502//602
f  403//228 506//228 502//228
f  504//605 508//605 505//605
f  508//605 509//605 505//605
f  509//228 391//228 505//228
f  509//228 397//228 391//228
f  411//228 506//228 403//228
f  510//606 511//606 506//606
f  511//604 507//604 506//604
f  411//228 510//228 506//228
f  508//607 512//607 509//607
f  512//607 513//607 509//607
f  513//228 410//228 509//228
f  410//228 397//228 509//228
f  420//228 510//228 411//228
f  514//608 515//608 510//608
f  515//606 511//606 510//606
f  420//228 514//228 510//228
f  512//609 516//609 513//609
f  516//609 517//609 513//609
f  517//228 419//228 513//228
f  419//228 410//228 513//228
f  433//228 514//228 420//228
f  518//610 519//610 514//610
f  519//608 515//608 514//608
f  433//228 518//228 514//228
f  516//611 520//611 517//611
f  520//611 521//611 517//611
f  521//228 432//228 517//228
f  432//228 419//228 517//228
f  435//228 518//228 433//228
f  522//612 523//612 518//612
f  523//610 519//610 518//610
f  435//228 522//228 518//228
f  520//613 524//613 521//613
f  524//613 525//613 521//613
f  525//228 434//228 521//228
f  434//228 432//228 521//228
f  437//228 522//228 435//228
f  526//614 527//614 522//614
f  527//612 523//612 522//612
f  437//228 526//228 522//228
f  524//615 528//615 525//615
f  528//615 526//615 525//615
f  526//228 436//228 525//228
f  436//228 434//228 525//228
f  436//228 526//228 437//228
f  528//614 527//614 526//614
f  529//616 459//616 438//616
f  467//617 529//617 438//617
f  530//618 468//618 439//618
f  459//619 530//619 439//619
f  531//620 453//620 274//620
f  308//621 531//621 274//621
f  469//622 301//622 455//622
f  532//623 533//623 290//623
f  289//623 532//623 290//623
f  533//3 291//3 290//3
f  441//4 532//4 289//4
f  534//624 470//624 278//624
f  295//625 534//625 278//625
f  535//626 445//626 304//626
f  303//627 535//627 304//627
f  458//628 536//628 313//628
f  536//629 457//629 313//629
f  471//630 537//630 297//630
f  537//631 318//631 297//631
f  538//632 446//632 314//632
f  461//633 538//633 314//633
f  539//634 445//634 535//634
f  303//635 539//635 535//635
f  540//636 467//636 456//636
f  457//637 541//637 456//637
f  541//638 540//638 456//638
f  473//639 542//639 320//639
f  542//640 451//640 320//640
f  468//641 543//641 469//641
f  543//642 301//642 469//642
f  544//643 461//643 319//643
f  472//644 544//644 319//644
f  529//645 545//645 459//645
f  545//646 530//646 459//646
f  543//647 546//647 301//647
f  546//648 547//648 301//648
f  547//649 548//649 301//649
f  548//3 440//3 301//3
f  549//650 550//650 303//650
f  550//651 539//651 303//651
f  551//652 549//652 303//652
f  552//653 551//653 303//653
f  443//3 552//3 303//3
f  553//654 445//654 539//654
f  550//655 553//655 539//655
f  468//656 546//656 543//656
f  554//657 534//657 295//657
f  317//658 554//658 295//658
f  555//659 466//659 445//659
f  553//660 555//660 445//660
f  540//661 556//661 467//661
f  556//662 529//662 467//662
f  537//663 557//663 318//663
f  557//664 458//664 318//664
f  547//665 546//665 468//665
f  558//666 547//666 468//666
f  530//667 558//667 468//667
f  282//668 310//668 283//668
f  282//668 559//668 310//668
f  559//4 442//4 310//4
f  560//669 531//669 308//669
f  446//670 560//670 308//670
f  542//671 472//671 451//671
f  536//672 561//672 457//672
f  561//673 541//673 457//673
f  562//674 473//674 466//674
f  555//675 562//675 466//675
f  447//676 563//676 450//676
f  563//677 449//677 450//677
f  564//678 545//678 529//678
f  556//679 564//679 529//679
f  565//680 558//680 530//680
f  545//681 565//681 530//681
f  566//682 554//682 317//682
f  453//683 566//683 317//683
f  567//684 538//684 461//684
f  544//685 567//685 461//685
f  557//686 568//686 458//686
f  568//687 536//687 458//687
f  440//688 569//688 441//688
f  569//688 570//688 441//688
f  570//4 532//4 441//4
f  571//689 443//689 442//689
f  572//4 571//4 442//4
f  559//4 572//4 442//4
f  548//3 569//3 440//3
f  573//3 552//3 443//3
f  571//689 573//689 443//689
f  549//690 553//690 550//690
f  574//691 563//691 447//691
f  575//692 574//692 447//692
f  448//693 575//693 447//693
f  563//694 576//694 449//694
f  576//695 454//695 449//695
f  577//696 556//696 540//696
f  541//697 578//697 540//697
f  578//698 577//698 540//698
f  574//699 579//699 563//699
f  579//700 576//700 563//700
f  580//701 575//701 448//701
f  452//702 580//702 448//702
f  581//703 462//703 454//703
f  576//704 581//704 454//704
f  582//705 553//705 549//705
f  551//706 582//706 549//706
f  583//707 580//707 452//707
f  460//708 583//708 452//708
f  562//709 584//709 473//709
f  584//710 542//710 473//710
f  558//711 585//711 547//711
f  585//712 548//712 547//712
f  581//713 586//713 462//713
f  586//714 471//714 462//714
f  168//715 463//715 291//715
f  587//715 168//715 291//715
f  533//3 587//3 291//3
f  465//716 588//716 464//716
f  588//3 589//3 464//3
f  589//3 281//3 464//3
f  590//716 588//716 465//716
f  168//3 590//3 465//3
f  542//717 544//717 472//717
f  564//718 591//718 545//718
f  591//719 565//719 545//719
f  577//720 592//720 556//720
f  592//721 564//721 556//721
f  593//722 583//722 460//722
f  470//723 593//723 460//723
f  594//724 555//724 553//724
f  582//725 594//725 553//725
f  586//726 595//726 471//726
f  595//727 537//727 471//727
f  596//728 560//728 446//728
f  538//729 596//729 446//729
f  597//730 585//730 558//730
f  565//731 597//731 558//731
f  598//732 566//732 453//732
f  531//733 598//733 453//733
f  561//734 599//734 541//734
f  599//735 578//735 541//735
f  568//736 600//736 536//736
f  600//737 561//737 536//737
f  601//738 593//738 470//738
f  534//739 601//739 470//739
f  584//740 602//740 542//740
f  602//741 603//741 542//741
f  603//742 544//742 542//742
f  595//743 604//743 537//743
f  604//744 557//744 537//744
f  605//745 562//745 555//745
f  594//746 605//746 555//746
f  606//747 591//747 564//747
f  592//748 606//748 564//748
f  574//749 607//749 579//749
f  607//750 576//750 579//750
f  608//751 567//751 544//751
f  603//752 608//752 544//752
f  609//753 607//753 574//753
f  610//754 609//754 574//754
f  575//755 610//755 574//755
f  607//756 611//756 576//756
f  611//757 581//757 576//757
f  612//758 597//758 565//758
f  591//759 612//759 565//759
f  609//760 613//760 607//760
f  613//761 611//761 607//761
f  614//762 610//762 575//762
f  580//763 614//763 575//763
f  615//764 616//764 617//764
f  618//765 615//765 617//765
f  619//766 618//766 617//766
f  497//767 619//767 617//767
f  616//768 497//768 617//768
f  620//769 621//769 622//769
f  621//770 623//770 622//770
f  623//771 624//771 622//771
f  624//772 481//772 622//772
f  481//773 620//773 622//773
f  625//774 626//774 624//774
f  623//775 625//775 624//775
f  626//776 485//776 624//776
f  485//777 481//777 624//777
f  627//778 618//778 619//778
f  497//779 627//779 619//779
f  628//780 618//780 627//780
f  497//781 628//781 627//781
f  629//782 630//782 628//782
f  630//783 618//783 628//783
f  493//784 629//784 628//784
f  497//785 493//785 628//785
f  631//786 621//786 620//786
f  481//787 631//787 620//787
f  615//788 632//788 616//788
f  632//789 497//789 616//789
f  633//790 621//790 631//790
f  634//791 633//791 631//791
f  481//792 634//792 631//792
f  635//793 636//793 637//793
f  636//794 638//794 637//794
f  638//795 476//795 637//795
f  476//796 635//796 637//796
f  625//797 639//797 626//797
f  639//798 485//798 626//798
f  615//799 640//799 632//799
f  640//800 641//800 632//800
f  641//801 642//801 632//801
f  501//802 497//802 632//802
f  642//803 501//803 632//803
f  643//804 644//804 635//804
f  644//805 636//805 635//805
f  476//806 643//806 635//806
f  645//807 644//807 643//807
f  646//808 645//808 643//808
f  476//809 646//809 643//809
f  636//810 647//810 638//810
f  647//811 648//811 638//811
f  648//812 477//812 638//812
f  477//813 476//813 638//813
f  476//32 649//32 646//32
f  649//814 645//814 646//814
f  476//32 650//32 649//32
f  650//815 651//815 649//815
f  651//816 645//816 649//816
f  476//32 480//32 650//32
f  480//32 652//32 650//32
f  652//817 653//817 650//817
f  653//818 651//818 650//818
f  480//32 654//32 652//32
f  654//819 655//819 652//819
f  655//820 653//820 652//820
f  480//32 656//32 654//32
f  656//821 657//821 654//821
f  657//822 655//822 654//822
f  480//32 658//32 656//32
f  658//823 657//823 656//823
f  480//32 659//32 658//32
f  659//824 657//824 658//824
f  484//32 659//32 480//32
f  648//825 660//825 477//825
f  660//826 661//826 477//826
f  661//827 481//827 477//827
f  484//32 662//32 659//32
f  663//828 657//828 659//828
f  662//829 663//829 659//829
f  484//32 664//32 662//32
f  664//830 663//830 662//830
f  484//32 665//32 664//32
f  666//831 663//831 664//831
f  667//832 666//832 664//832
f  665//833 667//833 664//833
f  484//32 668//32 665//32
f  668//834 669//834 665//834
f  669//835 667//835 665//835
f  484//32 670//32 668//32
f  670//836 669//836 668//836
f  484//32 671//32 670//32
f  672//837 669//837 670//837
f  671//838 672//838 670//838
f  488//32 673//32 484//32
f  673//32 674//32 484//32
f  674//32 671//32 484//32
f  661//839 675//839 481//839
f  675//840 634//840 481//840
f  674//841 672//841 671//841
f  673//842 672//842 674//842
f  488//32 676//32 673//32
f  677//843 672//843 673//843
f  676//844 677//844 673//844
f  488//32 678//32 676//32
f  679//845 677//845 676//845
f  678//846 679//846 676//846
f  488//32 680//32 678//32
f  681//847 679//847 678//847
f  680//848 681//848 678//848
f  492//32 682//32 488//32
f  682//32 683//32 488//32
f  683//32 684//32 488//32
f  684//32 680//32 488//32
f  685//849 686//849 485//849
f  639//850 687//850 485//850
f  687//851 685//851 485//851
f  686//852 688//852 485//852
f  688//853 689//853 485//853
f  689//854 489//854 485//854
f  684//855 681//855 680//855
f  690//856 681//856 684//856
f  683//857 690//857 684//857
f  682//858 690//858 683//858
f  492//32 691//32 682//32
f  691//859 690//859 682//859
f  492//32 692//32 691//32
f  692//860 693//860 691//860
f  694//861 690//861 691//861
f  693//862 694//862 691//862
f  496//32 695//32 492//32
f  695//32 696//32 492//32
f  696//32 697//32 492//32
f  697//32 692//32 492//32
f  698//863 699//863 489//863
f  689//864 700//864 489//864
f  700//865 698//865 489//865
f  699//866 701//866 489//866
f  701//867 702//867 489//867
f  702//868 493//868 489//868
f  697//869 693//869 692//869
f  696//870 703//870 697//870
f  703//871 693//871 697//871
f  695//872 703//872 696//872
f  496//32 704//32 695//32
f  704//873 703//873 695//873
f  496//32 705//32 704//32
f  706//874 703//874 704//874
f  707//875 706//875 704//875
f  705//876 707//876 704//876
f  500//32 708//32 496//32
f  708//32 709//32 496//32
f  709//32 710//32 496//32
f  710//32 705//32 496//32
f  702//877 711//877 493//877
f  711//878 629//878 493//878
f  710//879 712//879 705//879
f  712//880 707//880 705//880
f  709//881 712//881 710//881
f  708//882 712//882 709//882
f  500//32 713//32 708//32
f  714//883 712//883 708//883
f  713//884 714//884 708//884
f  715//32 716//32 500//32
f  503//32 715//32 500//32
f  716//32 713//32 500//32
f  716//885 714//885 713//885
f  717//886 714//886 716//886
f  715//887 717//887 716//887
f  503//32 718//32 715//32
f  719//888 717//888 715//888
f  718//889 719//889 715//889
f  720//890 719//890 718//890
f  503//32 720//32 718//32
f  507//32 720//32 503//32
f  721//32 504//32 501//32
f  642//32 721//32 501//32
f  641//891 721//891 642//891
f  722//892 723//892 720//892
f  724//893 722//893 720//893
f  723//894 725//894 720//894
f  725//895 719//895 720//895
f  726//896 727//896 720//896
f  727//897 728//897 720//897
f  729//898 724//898 720//898
f  730//899 729//899 720//899
f  728//900 730//900 720//900
f  507//32 726//32 720//32
f  641//901 731//901 721//901
f  731//902 732//902 721//902
f  732//903 733//903 721//903
f  734//904 735//904 721//904
f  733//903 734//903 721//903
f  735//905 736//905 721//905
f  736//906 737//906 721//906
f  737//907 738//907 721//907
f  738//32 504//32 721//32
f  511//32 726//32 507//32
f  738//32 508//32 504//32
f  739//908 740//908 726//908
f  740//909 741//909 726//909
f  741//910 742//910 726//910
f  742//911 743//911 726//911
f  743//912 727//912 726//912
f  511//32 739//32 726//32
f  744//913 745//913 738//913
f  745//914 746//914 738//914
f  746//915 747//915 738//915
f  737//916 748//916 738//916
f  748//917 744//917 738//917
f  747//32 508//32 738//32
f  515//32 739//32 511//32
f  747//32 512//32 508//32
f  749//918 750//918 739//918
f  750//919 751//919 739//919
f  751//920 740//920 739//920
f  515//32 749//32 739//32
f  752//921 753//921 747//921
f  746//922 754//922 747//922
f  754//923 752//923 747//923
f  753//32 512//32 747//32
f  519//32 749//32 515//32
f  753//32 516//32 512//32
f  755//924 756//924 749//924
f  756//925 750//925 749//925
f  757//926 758//926 749//926
f  758//927 759//927 749//927
f  759//928 755//928 749//928
f  519//32 757//32 749//32
f  760//929 761//929 753//929
f  762//930 760//930 753//930
f  752//931 763//931 753//931
f  763//932 764//932 753//932
f  764//933 765//933 753//933
f  765//934 762//934 753//934
f  761//32 516//32 753//32
f  523//32 766//32 519//32
f  766//32 757//32 519//32
f  761//32 520//32 516//32
f  767//935 768//935 757//935
f  768//936 758//936 757//936
f  769//937 767//937 757//937
f  766//938 769//938 757//938
f  770//939 771//939 761//939
f  771//940 772//940 761//940
f  772//941 773//941 761//941
f  760//942 770//942 761//942
f  773//32 520//32 761//32
f  527//32 774//32 523//32
f  774//32 766//32 523//32
f  773//32 524//32 520//32
f  775//943 769//943 766//943
f  776//944 777//944 766//944
f  777//945 778//945 766//945
f  778//946 779//946 766//946
f  779//947 775//947 766//947
f  774//948 780//948 766//948
f  780//949 781//949 766//949
f  781//950 776//950 766//950
f  782//951 783//951 773//951
f  783//952 784//952 773//952
f  772//953 785//953 773//953
f  785//954 782//954 773//954
f  784//32 524//32 773//32
f  528//32 786//32 527//32
f  786//32 774//32 527//32
f  784//32 528//32 524//32
f  786//955 787//955 774//955
f  787//956 788//956 774//956
f  788//957 789//957 774//957
f  789//958 790//958 774//958
f  790//959 780//959 774//959
f  791//960 792//960 784//960
f  792//961 793//961 784//961
f  793//962 794//962 784//962
f  794//963 786//963 784//963
f  783//964 795//964 784//964
f  795//965 791//965 784//965
f  786//32 528//32 784//32
f  796//966 797//966 786//966
f  797//967 798//967 786//967
f  798//968 787//968 786//968
f  794//969 799//969 786//969
f  799//970 796//970 786//970
f  625//971 687//971 639//971
f  800//972 660//972 648//972
f  647//973 800//973 648//973
f  686//974 801//974 688//974
f  801//975 802//975 688//975
f  802//976 689//976 688//976
f  803//977 630//977 629//977
f  711//978 803//978 629//978
f  802//979 804//979 689//979
f  804//980 700//980 689//980
f  702//981 803//981 711//981
f  699//982 805//982 701//982
f  805//983 806//983 701//983
f  806//984 702//984 701//984
f  806//985 803//985 702//985
f  807//986 661//986 660//986
f  800//987 807//987 660//987
f  625//988 808//988 687//988
f  808//989 685//989 687//989
f  685//990 801//990 686//990
f  808//991 801//991 685//991
f  698//992 805//992 699//992
f  804//993 698//993 700//993
f  804//994 805//994 698//994
f  675//995 809//995 634//995
f  809//996 633//996 634//996
f  807//997 675//997 661//997
f  807//998 809//998 675//998
f  810//999 586//999 581//999
f  611//1000 810//1000 581//1000
f  653//1001 811//1001 651//1001
f  811//1002 645//1002 651//1002
f  645//1003 636//1003 644//1003
f  578//1004 812//1004 577//1004
f  812//1005 592//1005 577//1005
f  666//1006 657//1006 663//1006
f  800//1007 809//1007 807//1007
f  813//1008 614//1008 580//1008
f  583//1009 813//1009 580//1009
f  810//1010 814//1010 586//1010
f  814//1011 595//1011 586//1011
f  597//1012 815//1012 585//1012
f  815//1013 548//1013 585//1013
f  816//500 817//500 533//500
f  532//500 816//500 533//500
f  817//3 587//3 533//3
f  570//4 816//4 532//4
f  818//1014 601//1014 534//1014
f  554//1015 818//1015 534//1015
f  819//1016 582//1016 551//1016
f  552//1017 819//1017 551//1017
f  820//1018 582//1018 819//1018
f  552//1019 820//1019 819//1019
f  604//1020 821//1020 557//1020
f  821//1021 568//1021 557//1021
f  811//1022 636//1022 645//1022
f  630//1023 615//1023 618//1023
f  822//1024 707//1024 712//1024
f  714//1025 822//1025 712//1025
f  823//1026 655//1026 657//1026
f  666//1027 823//1027 657//1027
f  824//1028 809//1028 800//1028
f  647//1029 824//1029 800//1029
f  825//1030 813//1030 583//1030
f  593//1031 825//1031 583//1031
f  605//1032 826//1032 562//1032
f  826//1033 584//1033 562//1033
f  597//1034 827//1034 815//1034
f  827//1035 548//1035 815//1035
f  828//1036 598//1036 531//1036
f  560//1037 828//1037 531//1037
f  814//1038 829//1038 595//1038
f  829//1039 604//1039 595//1039
f  606//1040 830//1040 591//1040
f  830//1041 612//1041 591//1041
f  600//1042 831//1042 561//1042
f  831//1043 599//1043 561//1043
f  832//1044 596//1044 538//1044
f  567//1045 832//1045 538//1045
f  426//32 350//32 348//32
f  418//32 426//32 348//32
f  409//32 418//32 348//32
f  349//32 395//32 348//32
f  395//32 402//32 348//32
f  402//32 409//32 348//32
f  426//32 431//32 350//32
f  431//32 427//32 350//32
f  427//32 421//32 350//32
f  421//32 412//32 350//32
f  412//32 404//32 350//32
f  404//32 399//32 350//32
f  399//32 352//32 350//32
f  351//32 395//32 349//32
f  399//32 359//32 352//32
f  353//32 395//32 351//32
f  399//32 365//32 359//32
f  360//32 395//32 353//32
f  399//32 370//32 365//32
f  367//32 395//32 360//32
f  399//32 378//32 370//32
f  373//32 395//32 367//32
f  399//32 392//32 378//32
f  381//32 395//32 373//32
f  833//1046 653//1046 655//1046
f  823//1047 833//1047 655//1047
f  834//1048 824//1048 647//1048
f  636//1049 834//1049 647//1049
f  820//1050 835//1050 582//1050
f  836//1051 594//1051 582//1051
f  835//1052 836//1052 582//1052
f  599//1053 837//1053 578//1053
f  837//1054 812//1054 578//1054
f  838//1055 669//1055 672//1055
f  677//1056 838//1056 672//1056
f  621//1057 839//1057 623//1057
f  839//1058 840//1058 623//1058
f  840//1059 625//1059 623//1059
f  841//1060 825//1060 593//1060
f  601//1061 841//1061 593//1061
f  840//1062 808//1062 625//1062
f  679//1063 842//1063 677//1063
f  842//1064 843//1064 677//1064
f  843//1065 838//1065 677//1065
f  838//1066 844//1066 669//1066
f  844//1067 667//1067 669//1067
f  845//1068 839//1068 621//1068
f  633//1069 845//1069 621//1069
f  829//1070 846//1070 604//1070
f  846//1071 821//1071 604//1071
f  827//1072 847//1072 548//1072
f  847//3 569//3 548//3
f  848//1073 820//1073 552//1073
f  573//3 848//3 552//3
f  849//1074 835//1074 820//1074
f  848//1075 849//1075 820//1075
f  597//1076 850//1076 827//1076
f  850//1077 847//1077 827//1077
f  640//1078 731//1078 641//1078
f  725//1079 717//1079 719//1079
f  851//1080 850//1080 597//1080
f  612//1081 851//1081 597//1081
f  852//1082 818//1082 554//1082
f  566//1083 852//1083 554//1083
f  853//1084 801//1084 808//1084
f  840//1085 853//1085 808//1085
f  681//1086 854//1086 679//1086
f  854//1087 842//1087 679//1087
f  855//1088 666//1088 667//1088
f  844//1089 855//1089 667//1089
f  809//1090 856//1090 633//1090
f  856//1091 845//1091 633//1091
f  821//1092 857//1092 568//1092
f  857//1093 600//1093 568//1093
f  610//1094 858//1094 609//1094
f  858//1095 859//1095 609//1095
f  859//1096 613//1096 609//1096
f  859//1097 858//1097 611//1097
f  858//1098 860//1098 611//1098
f  613//1099 859//1099 611//1099
f  860//1100 810//1100 611//1100
f  861//1101 862//1101 653//1101
f  862//1102 811//1102 653//1102
f  833//1103 861//1103 653//1103
f  811//1104 863//1104 636//1104
f  863//1105 834//1105 636//1105
f  864//1106 802//1106 801//1106
f  853//1107 864//1107 801//1107
f  690//1108 865//1108 681//1108
f  865//1109 854//1109 681//1109
f  866//1110 858//1110 610//1110
f  867//1111 866//1111 610//1111
f  614//1112 867//1112 610//1112
f  855//1113 868//1113 666//1113
f  868//1114 823//1114 666//1114
f  869//1115 856//1115 809//1115
f  824//1116 869//1116 809//1116
f  860//1117 814//1117 810//1117
f  826//1118 870//1118 584//1118
f  870//1119 602//1119 584//1119
f  871//1120 867//1120 614//1120
f  813//1121 871//1121 614//1121
f  572//228 282//228 281//228
f  571//501 572//501 281//501
f  589//501 571//501 281//501
f  572//228 559//228 282//228
f  860//1122 872//1122 814//1122
f  872//1123 829//1123 814//1123
f  873//1124 605//1124 594//1124
f  836//1125 873//1125 594//1125
f  862//1126 863//1126 811//1126
f  592//1127 874//1127 606//1127
f  874//1128 830//1128 606//1128
f  875//1129 841//1129 601//1129
f  818//1130 875//1130 601//1130
f  876//1131 804//1131 802//1131
f  864//1132 876//1132 802//1132
f  694//1133 877//1133 690//1133
f  877//1134 865//1134 690//1134
f  878//1135 833//1135 823//1135
f  868//1136 878//1136 823//1136
f  879//1137 869//1137 824//1137
f  834//1138 879//1138 824//1138
f  880//1139 608//1139 603//1139
f  602//1140 880//1140 603//1140
f  846//1141 881//1141 821//1141
f  881//1142 857//1142 821//1142
f  882//1143 851//1143 612//1143
f  830//1144 882//1144 612//1144
f  883//1145 871//1145 813//1145
f  825//1146 883//1146 813//1146
f  812//1147 884//1147 592//1147
f  884//1148 874//1148 592//1148
f  872//1149 885//1149 829//1149
f  885//1150 846//1150 829//1150
f  886//1151 828//1151 560//1151
f  596//1152 886//1152 560//1152
f  887//1153 805//1153 804//1153
f  876//1154 887//1154 804//1154
f  693//1155 888//1155 694//1155
f  888//1156 877//1156 694//1156
f  889//1157 861//1157 833//1157
f  878//1158 889//1158 833//1158
f  863//1159 890//1159 834//1159
f  890//1160 879//1160 834//1160
f  891//1161 863//1161 862//1161
f  861//1162 891//1162 862//1162
f  843//1163 892//1163 838//1163
f  892//1164 844//1164 838//1164
f  893//1165 840//1165 839//1165
f  845//1166 893//1166 839//1166
f  831//1167 894//1167 599//1167
f  894//1168 837//1168 599//1168
f  895//1169 852//1169 566//1169
f  598//1170 895//1170 566//1170
f  892//1171 896//1171 844//1171
f  896//1172 855//1172 844//1172
f  856//1173 897//1173 845//1173
f  897//1174 893//1174 845//1174
f  817//3 898//3 587//3
f  899//1175 168//1175 587//1175
f  898//1175 899//1175 587//1175
f  900//3 589//3 588//3
f  590//1176 900//1176 588//1176
f  569//1177 901//1177 570//1177
f  901//1177 902//1177 570//1177
f  902//4 816//4 570//4
f  903//1178 573//1178 571//1178
f  904//4 903//4 571//4
f  589//501 904//501 571//501
f  905//1179 906//1179 847//1179
f  850//1180 905//1180 847//1180
f  906//3 569//3 847//3
f  906//3 901//3 569//3
f  903//1178 907//1178 573//1178
f  907//3 908//3 573//3
f  908//3 848//3 573//3
f  909//1181 849//1181 848//1181
f  908//1182 909//1182 848//1182
f  899//3 590//3 168//3
f  910//1176 900//1176 590//1176
f  899//3 911//3 590//3
f  911//3 912//3 590//3
f  912//3 913//3 590//3
f  913//3 910//3 590//3
f  851//1183 905//1183 850//1183
f  909//1184 835//1184 849//1184
f  914//1185 883//1185 825//1185
f  841//1186 914//1186 825//1186
f  915//1187 868//1187 855//1187
f  896//1188 915//1188 855//1188
f  916//1189 897//1189 856//1189
f  869//1190 916//1190 856//1190
f  857//1191 917//1191 600//1191
f  917//1192 831//1192 600//1192
f  630//1193 918//1193 615//1193
f  918//1194 919//1194 615//1194
f  919//1195 640//1195 615//1195
f  717//1196 822//1196 714//1196
f  920//1197 906//1197 905//1197
f  851//1198 920//1198 905//1198
f  885//1199 921//1199 846//1199
f  921//1200 881//1200 846//1200
f  873//1201 922//1201 605//1201
f  922//1202 826//1202 605//1202
f  923//1203 832//1203 567//1203
f  608//1204 923//1204 567//1204
f  924//1205 875//1205 818//1205
f  852//1206 924//1206 818//1206
f  915//1207 925//1207 868//1207
f  925//1208 878//1208 868//1208
f  926//1209 916//1209 869//1209
f  879//1210 926//1210 869//1210
f  866//1211 927//1211 858//1211
f  927//1212 860//1212 858//1212
f  928//1213 929//1213 927//1213
f  866//1214 928//1214 927//1214
f  929//1215 860//1215 927//1215
f  930//1216 931//1216 861//1216
f  931//1217 932//1217 861//1217
f  932//1218 891//1218 861//1218
f  889//1219 930//1219 861//1219
f  891//1220 932//1220 863//1220
f  932//1221 933//1221 863//1221
f  933//1222 890//1222 863//1222
f  934//1223 806//1223 805//1223
f  887//1224 934//1224 805//1224
f  703//1225 935//1225 693//1225
f  935//1226 888//1226 693//1226
f  936//1227 928//1227 866//1227
f  937//1228 936//1228 866//1228
f  938//1229 937//1229 866//1229
f  867//1230 938//1230 866//1230
f  929//1231 939//1231 860//1231
f  939//1232 940//1232 860//1232
f  940//1233 941//1233 860//1233
f  941//1234 942//1234 860//1234
f  942//1235 872//1235 860//1235
f  837//1236 943//1236 812//1236
f  943//1237 884//1237 812//1237
f  881//1238 944//1238 857//1238
f  944//1239 917//1239 857//1239
f  945//1240 938//1240 867//1240
f  946//1241 945//1241 867//1241
f  871//1242 946//1242 867//1242
f  947//1243 948//1243 872//1243
f  948//1244 949//1244 872//1244
f  949//1245 885//1245 872//1245
f  942//1246 950//1246 872//1246
f  950//1247 947//1247 872//1247
f  909//1248 836//1248 835//1248
f  951//1249 889//1249 878//1249
f  925//1250 951//1250 878//1250
f  890//1251 952//1251 879//1251
f  952//1252 926//1252 879//1252
f  900//3 953//3 589//3
f  953//3 954//3 589//3
f  954//3 955//3 589//3
f  956//32 904//32 589//32
f  955//32 956//32 589//32
f  954//1253 956//1253 955//1253
f  956//4 903//4 904//4
f  957//4 903//4 956//4
f  954//1253 957//1253 956//1253
f  958//1254 914//1254 841//1254
f  875//1255 958//1255 841//1255
f  931//1256 933//1256 932//1256
f  882//1257 920//1257 851//1257
f  959//1258 946//1258 871//1258
f  883//1259 960//1259 871//1259
f  960//1260 961//1260 871//1260
f  961//1261 959//1261 871//1261
f  921//1262 962//1262 881//1262
f  962//1263 944//1263 881//1263
f  963//1264 921//1264 885//1264
f  949//1265 964//1265 885//1265
f  964//1266 963//1266 885//1266
f  965//1267 803//1267 806//1267
f  934//1268 965//1268 806//1268
f  706//1269 966//1269 703//1269
f  966//1270 935//1270 703//1270
f  951//1271 930//1271 889//1271
f  933//1272 967//1272 890//1272
f  967//1273 952//1273 890//1273
f  897//1274 968//1274 893//1274
f  968//1275 969//1275 893//1275
f  969//1276 840//1276 893//1276
f  970//1277 896//1277 892//1277
f  843//1278 970//1278 892//1278
f  970//1279 971//1279 896//1279
f  971//1280 915//1280 896//1280
f  972//1281 968//1281 897//1281
f  916//1282 972//1282 897//1282
f  922//1283 973//1283 826//1283
f  973//1284 870//1284 826//1284
f  908//1285 974//1285 909//1285
f  974//1286 975//1286 909//1286
f  975//1287 836//1287 909//1287
f  976//1288 906//1288 920//1288
f  882//1289 976//1289 920//1289
f  976//1290 977//1290 906//1290
f  977//1291 978//1291 906//1291
f  978//3 901//3 906//3
f  979//1292 980//1292 908//1292
f  980//1293 981//1293 908//1293
f  981//1294 974//1294 908//1294
f  907//3 979//3 908//3
f  842//1295 982//1295 843//1295
f  982//1296 983//1296 843//1296
f  983//1297 970//1297 843//1297
f  969//1298 853//1298 840//1298
f  984//1299 895//1299 598//1299
f  828//1300 984//1300 598//1300
f  985//1301 925//1301 915//1301
f  971//1302 985//1302 915//1302
f  986//1303 972//1303 916//1303
f  926//1304 986//1304 916//1304
f  987//1305 988//1305 883//1305
f  988//1306 960//1306 883//1306
f  914//1307 989//1307 883//1307
f  989//1308 990//1308 883//1308
f  990//1309 987//1309 883//1309
f  991//1310 886//1310 596//1310
f  832//1311 991//1311 596//1311
f  992//1312 924//1312 852//1312
f  895//1313 992//1313 852//1313
f  874//1314 993//1314 830//1314
f  993//1315 994//1315 830//1315
f  994//1316 882//1316 830//1316
f  975//1317 873//1317 836//1317
f  995//1318 864//1318 853//1318
f  969//1319 995//1319 853//1319
f  854//1320 996//1320 842//1320
f  996//1321 982//1321 842//1321
f  917//1322 997//1322 831//1322
f  997//1323 894//1323 831//1323
f  998//1324 962//1324 921//1324
f  999//1325 998//1325 921//1325
f  963//1326 1000//1326 921//1326
f  1000//1327 999//1327 921//1327
f  1001//1328 880//1328 602//1328
f  870//1329 1001//1329 602//1329
f  985//1330 1002//1330 925//1330
f  1002//1331 951//1331 925//1331
f  952//1332 1003//1332 926//1332
f  1003//1333 986//1333 926//1333
f  1004//1334 1005//1334 929//1334
f  928//1335 1004//1335 929//1335
f  1005//1336 939//1336 929//1336
f  1005//1337 1006//1337 939//1337
f  1006//1338 940//1338 939//1338
f  936//1339 1007//1339 928//1339
f  1007//1340 1004//1340 928//1340
f  1006//1341 1008//1341 940//1341
f  1008//1342 941//1342 940//1342
f  937//1343 1007//1343 936//1343
f  1009//1344 1010//1344 930//1344
f  1010//1345 931//1345 930//1345
f  1011//1346 1009//1346 930//1346
f  951//1347 1011//1347 930//1347
f  931//1348 1010//1348 933//1348
f  1010//1349 1012//1349 933//1349
f  1012//1350 967//1350 933//1350
f  938//1351 1007//1351 937//1351
f  944//1352 1013//1352 917//1352
f  1013//1353 997//1353 917//1353
f  1008//1354 942//1354 941//1354
f  1004//1355 1014//1355 1005//1355
f  1014//1356 1006//1356 1005//1356
f  894//1357 1015//1357 837//1357
f  1015//1358 943//1358 837//1358
f  977//1359 976//1359 882//1359
f  1016//1360 977//1360 882//1360
f  994//1361 1016//1361 882//1361
f  1008//1362 950//1362 942//1362
f  1017//1363 1007//1363 938//1363
f  945//1364 1017//1364 938//1364
f  1018//1365 958//1365 875//1365
f  924//1366 1018//1366 875//1366
f  884//1367 1019//1367 874//1367
f  1019//1368 993//1368 874//1368
f  1020//1369 1017//1369 945//1369
f  946//1370 1020//1370 945//1370
f  1004//1371 1021//1371 1014//1371
f  1021//1372 1006//1372 1014//1372
f  1022//1373 876//1373 864//1373
f  995//1374 1022//1374 864//1374
f  865//1375 1023//1375 854//1375
f  1023//1376 996//1376 854//1376
f  1024//1377 947//1377 950//1377
f  1008//1378 1024//1378 950//1378
f  1024//1379 948//1379 947//1379
f  965//1380 1025//1380 803//1380
f  1025//1381 630//1381 803//1381
f  707//1382 966//1382 706//1382
f  1002//1383 1026//1383 951//1383
f  1027//1384 1011//1384 951//1384
f  1026//1385 1027//1385 951//1385
f  967//1386 1028//1386 952//1386
f  1028//1387 1003//1387 952//1387
f  1017//1388 1004//1388 1007//1388
f  962//1389 1029//1389 944//1389
f  1029//1390 1013//1390 944//1390
f  1030//1391 949//1391 948//1391
f  1024//1392 1030//1392 948//1392
f  959//1393 1020//1393 946//1393
f  1009//1394 1012//1394 1010//1394
f  1030//1395 964//1395 949//1395
f  1024//1396 1031//1396 1030//1396
f  1031//1397 964//1397 1030//1397
f  1021//1398 1008//1398 1006//1398
f  961//1399 1020//1399 959//1399
f  960//1400 1020//1400 961//1400
f  958//1401 1032//1401 914//1401
f  1032//1402 1033//1402 914//1402
f  1033//1403 989//1403 914//1403
f  1031//1404 963//1404 964//1404
f  981//1405 975//1405 974//1405
f  1034//1406 887//1406 876//1406
f  1022//1407 1034//1407 876//1407
f  877//1408 1035//1408 865//1408
f  1035//1409 1023//1409 865//1409
f  1036//1410 1029//1410 962//1410
f  998//1411 1036//1411 962//1411
f  1012//1412 1037//1412 967//1412
f  1037//1413 1028//1413 967//1413
f  1038//1414 923//1414 608//1414
f  880//1415 1038//1415 608//1415
f  1039//1416 1040//1416 817//1416
f  816//1416 1039//1416 817//1416
f  1040//3 898//3 817//3
f  902//4 1039//4 816//4
f  1041//1417 975//1417 981//1417
f  980//1418 1041//1418 981//1418
f  1042//1419 978//1419 977//1419
f  1016//1420 1042//1420 977//1420
f  970//1421 1043//1421 971//1421
f  1043//1422 1044//1422 971//1422
f  1044//1423 985//1423 971//1423
f  1045//1424 1046//1424 972//1424
f  986//1425 1045//1425 972//1425
f  1046//1426 968//1426 972//1426
f  975//1427 922//1427 873//1427
f  983//1428 1043//1428 970//1428
f  1046//1429 969//1429 968//1429
f  1047//1430 1002//1430 985//1430
f  1044//1431 1047//1431 985//1431
f  1003//1432 1048//1432 986//1432
f  1048//1433 1045//1433 986//1433
f  1049//1434 1021//1434 1004//1434
f  1050//1435 1049//1435 1004//1435
f  1051//1436 1050//1436 1004//1436
f  1017//1437 1051//1437 1004//1437
f  1021//1438 1049//1438 1008//1438
f  1049//1439 1052//1439 1008//1439
f  1052//1440 1024//1440 1008//1440
f  988//1441 1020//1441 960//1441
f  1031//1442 1000//1442 963//1442
f  943//1443 1053//1443 884//1443
f  1053//1444 1019//1444 884//1444
f  987//1445 1054//1445 988//1445
f  1055//1446 1020//1446 988//1446
f  1054//1447 1055//1447 988//1447
f  990//1448 1054//1448 987//1448
f  1056//1449 1012//1449 1009//1449
f  1011//1450 1056//1450 1009//1450
f  989//1451 1054//1451 990//1451
f  1047//1452 1026//1452 1002//1452
f  1028//1453 1057//1453 1003//1453
f  1057//1454 1048//1454 1003//1454
f  1027//1455 1056//1455 1011//1455
f  1056//1456 1037//1456 1012//1456
f  1031//1457 1058//1457 1000//1457
f  1058//1458 999//1458 1000//1458
f  1058//1459 998//1459 999//1459
f  919//1460 731//1460 640//1460
f  725//1461 723//1461 717//1461
f  723//1462 1059//1462 717//1462
f  1059//1463 822//1463 717//1463
f  1060//1464 934//1464 887//1464
f  1034//1465 1060//1465 887//1465
f  888//1466 1061//1466 877//1466
f  1061//1467 1035//1467 877//1467
f  1055//1468 1017//1468 1020//1468
f  1062//1469 1058//1469 1031//1469
f  1024//1470 1062//1470 1031//1470
f  1050//1471 1063//1471 1049//1471
f  1063//1472 1052//1472 1049//1472
f  1064//1473 992//1473 895//1473
f  984//1474 1064//1474 895//1474
f  1065//1475 1027//1475 1026//1475
f  1047//1476 1065//1476 1026//1476
f  1066//1477 1057//1477 1028//1477
f  1037//1478 1067//1478 1028//1478
f  1067//1479 1066//1479 1028//1479
f  1068//1480 1018//1480 924//1480
f  992//1481 1068//1481 924//1481
f  1069//1482 984//1482 828//1482
f  886//1483 1069//1483 828//1483
f  1052//1484 1070//1484 1024//1484
f  1070//1485 1062//1485 1024//1485
f  1071//1486 1037//1486 1056//1486
f  1027//1487 1071//1487 1056//1487
f  1051//1488 1072//1488 1050//1488
f  1072//1489 1073//1489 1050//1489
f  1073//1490 1063//1490 1050//1490
f  1063//1491 1070//1491 1052//1491
f  1018//1492 1074//1492 958//1492
f  1074//1493 1075//1493 958//1493
f  1075//1494 1032//1494 958//1494
f  1076//1495 894//1495 997//1495
f  1013//1496 1077//1496 997//1496
f  1077//1497 1076//1497 997//1497
f  1078//1498 1051//1498 1017//1498
f  1055//1499 1078//1499 1017//1499
f  1029//1500 1079//1500 1013//1500
f  1079//1501 1077//1501 1013//1501
f  1076//1502 1015//1502 894//1502
f  1080//1503 1079//1503 1029//1503
f  1081//1504 1082//1504 1029//1504
f  1082//1505 1083//1505 1029//1505
f  1083//1506 1080//1506 1029//1506
f  1036//1507 1081//1507 1029//1507
f  1058//1508 1036//1508 998//1508
f  1033//1509 1054//1509 989//1509
f  1084//1510 1054//1510 1033//1510
f  1032//1511 1084//1511 1033//1511
f  1085//1512 1086//1512 1071//1512
f  1086//1513 1037//1513 1071//1513
f  1027//1514 1085//1514 1071//1514
f  1073//1515 1070//1515 1063//1515
f  1087//1516 965//1516 934//1516
f  1060//1517 1087//1517 934//1517
f  935//1518 1061//1518 888//1518
f  1088//1519 1081//1519 1036//1519
f  1058//1520 1088//1520 1036//1520
f  1072//1521 1089//1521 1073//1521
f  1089//1522 1070//1522 1073//1522
f  1078//1523 1090//1523 1051//1523
f  1090//1524 1072//1524 1051//1524
f  1091//1525 1058//1525 1062//1525
f  1070//1526 1091//1526 1062//1526
f  1092//1527 1086//1527 1085//1527
f  1093//1528 1092//1528 1085//1528
f  1027//1529 1093//1529 1085//1529
f  1094//1530 991//1530 832//1530
f  923//1531 1094//1531 832//1531
f  1095//1532 1093//1532 1027//1532
f  1096//1533 1095//1533 1027//1533
f  1065//1534 1096//1534 1027//1534
f  1097//1535 1067//1535 1037//1535
f  1086//1536 1098//1536 1037//1536
f  1098//1537 1097//1537 1037//1537
f  1088//1538 1082//1538 1081//1538
f  1099//1539 1065//1539 1047//1539
f  1100//1540 1099//1540 1047//1540
f  1044//1541 1101//1541 1047//1541
f  1101//1542 1100//1542 1047//1542
f  1057//1543 1102//1543 1048//1543
f  1102//1544 1103//1544 1048//1544
f  1103//1545 1045//1545 1048//1545
f  1103//1546 1104//1546 1045//1546
f  1104//1547 1046//1547 1045//1547
f  1043//1548 1101//1548 1044//1548
f  1072//1549 1105//1549 1089//1549
f  1106//1550 1070//1550 1089//1550
f  1105//1551 1107//1551 1089//1551
f  1107//1552 1106//1552 1089//1552
f  1091//1553 1088//1553 1058//1553
f  1066//1554 1102//1554 1057//1554
f  975//1555 1108//1555 922//1555
f  1108//1556 1109//1556 922//1556
f  1109//1557 973//1557 922//1557
f  1110//1558 1083//1558 1082//1558
f  1088//1559 1110//1559 1082//1559
f  1075//1560 1084//1560 1032//1560
f  983//1561 1101//1561 1043//1561
f  1104//1562 1111//1562 1046//1562
f  1111//1563 969//1563 1046//1563
f  1099//1564 1096//1564 1065//1564
f  1067//1565 1112//1565 1066//1565
f  1112//1566 1102//1566 1066//1566
f  1113//1567 1105//1567 1072//1567
f  1090//1568 1114//1568 1072//1568
f  1114//1569 1115//1569 1072//1569
f  1115//1570 1113//1570 1072//1570
f  1106//1571 1116//1571 1070//1571
f  1116//1572 1091//1572 1070//1572
f  1015//1573 1117//1573 943//1573
f  1117//1574 1053//1574 943//1574
f  1118//1575 1092//1575 1093//1575
f  1119//1576 1118//1576 1093//1576
f  1095//1577 1119//1577 1093//1577
f  1092//1578 1098//1578 1086//1578
f  1118//1579 1098//1579 1092//1579
f  1120//1580 918//1580 630//1580
f  1025//1581 1120//1581 630//1581
f  1121//1582 966//1582 707//1582
f  822//1583 1122//1583 707//1583
f  1122//1584 1123//1584 707//1584
f  1123//1585 1121//1585 707//1585
f  993//1586 1124//1586 994//1586
f  1124//1587 1125//1587 994//1587
f  1125//1588 1016//1588 994//1588
f  1041//1589 1126//1589 975//1589
f  1126//1590 1108//1590 975//1590
f  1127//1591 1001//1591 870//1591
f  973//1592 1127//1592 870//1592
f  1111//1593 995//1593 969//1593
f  982//1594 1128//1594 983//1594
f  1129//1595 1101//1595 983//1595
f  1128//1596 1129//1596 983//1596
f  1130//1597 1095//1597 1096//1597
f  1099//1598 1130//1598 1096//1598
f  1097//1599 1131//1599 1067//1599
f  1131//1600 1112//1600 1067//1600
f  1105//1601 1132//1601 1107//1601
f  1132//1602 1106//1602 1107//1602
f  1133//1603 1098//1603 1118//1603
f  1119//1604 1133//1604 1118//1604
f  1134//1605 1088//1605 1091//1605
f  1116//1606 1134//1606 1091//1606
f  1135//1607 1132//1607 1105//1607
f  1136//1608 1135//1608 1105//1608
f  1113//1609 1136//1609 1105//1609
f  1132//1610 1137//1610 1106//1610
f  1137//1611 1116//1611 1106//1611
f  1135//1612 1138//1612 1132//1612
f  1138//1613 1137//1613 1132//1613
f  919//1614 732//1614 731//1614
f  1139//1615 1119//1615 1095//1615
f  1130//1616 1139//1616 1095//1616
f  1098//1617 1140//1617 1097//1617
f  1140//1618 1131//1618 1097//1618
f  1141//1619 1142//1619 1016//1619
f  1142//1620 1042//1620 1016//1620
f  1125//1621 1141//1621 1016//1621
f  1019//1622 1143//1622 993//1622
f  1143//1623 1124//1623 993//1623
f  1144//1624 1025//1624 965//1624
f  1087//1625 1144//1625 965//1625
f  966//1626 1121//1626 935//1626
f  1121//1627 1061//1627 935//1627
f  1145//1628 1138//1628 1135//1628
f  1136//1629 1146//1629 1135//1629
f  1146//1630 1147//1630 1135//1630
f  1147//1631 1145//1631 1135//1631
f  1148//1632 1116//1632 1137//1632
f  1138//1633 1149//1633 1137//1633
f  1149//1634 1148//1634 1137//1634
f  1150//1635 1022//1635 995//1635
f  1111//1636 1150//1636 995//1636
f  996//1637 1128//1637 982//1637
f  1074//1638 1084//1638 1075//1638
f  1145//1639 1149//1639 1138//1639
f  1151//1640 1152//1640 1119//1640
f  1152//1641 1133//1641 1119//1641
f  1139//1642 1140//1642 1119//1642
f  1140//1643 1151//1643 1119//1643
f  1151//1644 1140//1644 1098//1644
f  1152//1645 1151//1645 1098//1645
f  1133//1646 1152//1646 1098//1646
f  1147//1647 1153//1647 1145//1647
f  1153//1648 1149//1648 1145//1648
f  1146//1649 1153//1649 1147//1649
f  1153//1650 1154//1650 1149//1650
f  1154//1651 1148//1651 1149//1651
f  1115//1652 1155//1652 1113//1652
f  1155//1653 1136//1653 1113//1653
f  1148//1654 1156//1654 1116//1654
f  1156//1655 1134//1655 1116//1655
f  1157//1656 1158//1656 1018//1656
f  1158//1657 1074//1657 1018//1657
f  1159//1658 1157//1658 1018//1658
f  1068//1659 1159//1659 1018//1659
f  1146//1660 1140//1660 1153//1660
f  1140//1661 1154//1661 1153//1661
f  1146//1662 1160//1662 1140//1662
f  1139//1663 1161//1663 1140//1663
f  1161//1664 1154//1664 1140//1664
f  1160//1665 1131//1665 1140//1665
f  1158//1666 1084//1666 1074//1666
f  1040//3 1162//3 898//3
f  911//1667 899//1667 898//1667
f  1162//1667 911//1667 898//1667
f  910//1668 953//1668 900//1668
f  1163//1668 953//1668 910//1668
f  913//3 1163//3 910//3
f  1110//1669 1080//1669 1083//1669
f  1164//1670 1054//1670 1084//1670
f  1158//1671 1164//1671 1084//1671
f  1165//1672 1080//1672 1110//1672
f  1166//1673 1165//1673 1110//1673
f  1088//1674 1166//1674 1110//1674
f  1155//1675 1160//1675 1136//1675
f  1160//1676 1146//1676 1136//1676
f  1167//1677 1156//1677 1148//1677
f  1154//1678 1167//1678 1148//1678
f  1157//1679 1164//1679 1158//1679
f  1168//1680 1130//1680 1099//1680
f  1100//1681 1168//1681 1099//1681
f  1112//1682 1169//1682 1102//1682
f  1169//1683 1170//1683 1102//1683
f  1170//1684 1171//1684 1102//1684
f  1171//1685 1103//1685 1102//1685
f  1161//1686 1139//1686 1130//1686
f  1168//1687 1161//1687 1130//1687
f  1131//1688 1160//1688 1112//1688
f  1160//1689 1169//1689 1112//1689
f  1161//1690 1167//1690 1154//1690
f  1172//1691 1055//1691 1054//1691
f  1164//1692 1172//1692 1054//1692
f  1165//1693 1079//1693 1080//1693
f  1173//1694 1068//1694 992//1694
f  1064//1695 1173//1695 992//1695
f  1174//1696 1078//1696 1055//1696
f  1172//1697 1174//1697 1055//1697
f  1134//1698 1175//1698 1088//1698
f  1175//1699 1166//1699 1088//1699
f  1101//1700 1176//1700 1100//1700
f  1176//1701 1168//1701 1100//1701
f  1171//1702 1177//1702 1103//1702
f  1177//1703 1104//1703 1103//1703
f  1165//1704 1178//1704 1079//1704
f  1178//1705 1179//1705 1079//1705
f  1179//1706 1077//1706 1079//1706
f  1174//1707 1180//1707 1078//1707
f  1180//1708 1090//1708 1078//1708
f  1155//1709 1169//1709 1160//1709
f  1168//1710 1167//1710 1161//1710
f  1166//1711 1178//1711 1165//1711
f  1180//1712 1181//1712 1090//1712
f  1181//1713 1114//1713 1090//1713
f  1182//1714 1175//1714 1134//1714
f  1156//1715 1182//1715 1134//1715
f  1183//1716 1064//1716 984//1716
f  1069//1717 1183//1717 984//1717
f  979//1718 1184//1718 980//1718
f  1184//1719 1041//1719 980//1719
f  1115//1720 1185//1720 1155//1720
f  1185//1721 1169//1721 1155//1721
f  1186//1722 1156//1722 1167//1722
f  1168//1723 1187//1723 1167//1723
f  1187//1724 1188//1724 1167//1724
f  1188//1725 1186//1725 1167//1725
f  1189//1726 1076//1726 1077//1726
f  1179//1727 1189//1727 1077//1727
f  1185//1728 1115//1728 1114//1728
f  1190//1729 1185//1729 1114//1729
f  1191//1730 1190//1730 1114//1730
f  1181//1731 1191//1731 1114//1731
f  1192//1732 1038//1732 880//1732
f  1001//1733 1192//1733 880//1733
f  1193//1734 1034//1734 1022//1734
f  1150//1735 1193//1735 1022//1735
f  1194//1736 1128//1736 996//1736
f  1023//1737 1194//1737 996//1737
f  1186//1738 1182//1738 1156//1738
f  1142//1739 978//1739 1042//1739
f  1185//1740 1170//1740 1169//1740
f  1195//1741 1196//1741 1104//1741
f  1177//1742 1195//1742 1104//1742
f  1196//1743 1111//1743 1104//1743
f  1197//1744 1176//1744 1101//1744
f  1129//1745 1197//1745 1101//1745
f  1198//1746 978//1746 1142//1746
f  1141//1747 1198//1747 1142//1747
f  901//1748 1199//1748 902//1748
f  1199//1748 1200//1748 902//1748
f  1200//4 1039//4 902//4
f  1201//1749 907//1749 903//1749
f  957//4 1201//4 903//4
f  978//3 1199//3 901//3
f  1201//1749 1202//1749 907//1749
f  1202//3 979//3 907//3
f  1203//1750 1015//1750 1076//1750
f  1189//1751 1203//1751 1076//1751
f  1190//1752 1171//1752 1170//1752
f  1185//1753 1190//1753 1170//1753
f  1176//1754 1187//1754 1168//1754
f  1204//1755 1069//1755 886//1755
f  991//1756 1204//1756 886//1756
f  1053//1757 1205//1757 1019//1757
f  1205//1758 1143//1758 1019//1758
f  979//1759 1206//1759 1184//1759
f  1206//1760 1041//1760 1184//1760
f  1144//1761 1120//1761 1025//1761
f  1207//1762 1177//1762 1171//1762
f  1190//1763 1207//1763 1171//1763
f  1188//1764 1208//1764 1186//1764
f  1208//1765 1182//1765 1186//1765
f  1203//1766 1117//1766 1015//1766
f  1193//1767 1060//1767 1034//1767
f  1035//1768 1194//1768 1023//1768
f  1209//1769 1210//1769 1187//1769
f  1210//1770 1211//1770 1187//1770
f  1211//1771 1188//1771 1187//1771
f  1176//1772 1209//1772 1187//1772
f  1212//1773 1195//1773 1177//1773
f  1207//1774 1212//1774 1177//1774
f  1197//1775 1209//1775 1176//1775
f  1213//1776 1175//1776 1182//1776
f  1208//1777 1213//1777 1182//1777
f  1214//1778 1166//1778 1175//1778
f  1213//1779 1214//1779 1175//1779
f  1159//1780 1164//1780 1157//1780
f  1215//1781 1196//1781 1195//1781
f  1212//1782 1215//1782 1195//1782
f  1191//1783 1207//1783 1190//1783
f  1211//1784 1216//1784 1188//1784
f  1216//1785 1208//1785 1188//1785
f  1214//1786 1217//1786 1166//1786
f  1217//1787 1218//1787 1166//1787
f  1218//1788 1178//1788 1166//1788
f  1219//1789 1164//1789 1159//1789
f  1220//1790 1219//1790 1159//1790
f  1068//1791 1220//1791 1159//1791
f  1218//1792 1179//1792 1178//1792
f  1173//1793 1221//1793 1068//1793
f  1221//1794 1222//1794 1068//1794
f  1222//1795 1220//1795 1068//1795
f  1223//1796 1094//1796 923//1796
f  1038//1797 1223//1797 923//1797
f  1212//1798 1207//1798 1191//1798
f  1224//1799 1212//1799 1191//1799
f  1225//1800 1224//1800 1191//1800
f  1181//1801 1225//1801 1191//1801
f  1226//1802 1087//1802 1060//1802
f  1193//1803 1226//1803 1060//1803
f  1061//1804 1227//1804 1035//1804
f  1227//1805 1194//1805 1035//1805
f  1228//1806 1111//1806 1196//1806
f  1215//1807 1228//1807 1196//1807
f  1229//1808 1209//1808 1197//1808
f  1129//1809 1229//1809 1197//1809
f  1217//1810 1179//1810 1218//1810
f  1229//1811 1230//1811 1209//1811
f  1230//1812 1231//1812 1209//1812
f  1231//1813 1210//1813 1209//1813
f  1217//1814 1232//1814 1179//1814
f  1232//1815 1233//1815 1179//1815
f  1233//1816 1189//1816 1179//1816
f  1234//1817 1225//1817 1181//1817
f  1180//1818 1234//1818 1181//1818
f  1235//1819 1213//1819 1208//1819
f  1216//1820 1235//1820 1208//1820
f  1210//1821 1236//1821 1211//1821
f  1236//1822 1216//1822 1211//1822
f  1237//1823 957//1823 954//1823
f  953//3 1237//3 954//3
f  1238//4 1201//4 957//4
f  1237//1823 1238//1823 957//1823
f  1117//1824 1239//1824 1053//1824
f  1239//1825 1205//1825 1053//1825
f  1240//1826 1173//1826 1064//1826
f  1183//1827 1240//1827 1064//1827
f  1241//1828 1109//1828 1108//1828
f  1126//1829 1241//1829 1108//1829
f  1174//1830 1242//1830 1180//1830
f  1242//1831 1234//1831 1180//1831
f  1120//1832 1243//1832 918//1832
f  1243//1833 919//1833 918//1833
f  1059//1834 1244//1834 822//1834
f  1244//1835 1122//1835 822//1835
f  1245//1836 1150//1836 1111//1836
f  1228//1837 1245//1837 1111//1837
f  1128//1838 1229//1838 1129//1838
f  1124//1839 1246//1839 1125//1839
f  1246//1840 1247//1840 1125//1840
f  1247//1841 1141//1841 1125//1841
f  1248//1842 1203//1842 1189//1842
f  1233//1843 1248//1843 1189//1843
f  1206//1844 1249//1844 1041//1844
f  1249//1845 1250//1845 1041//1845
f  1250//1846 1126//1846 1041//1846
f  1251//1847 1242//1847 1174//1847
f  1172//1848 1251//1848 1174//1848
f  1252//1849 1214//1849 1213//1849
f  1235//1850 1252//1850 1213//1850
f  1253//1851 1127//1851 973//1851
f  1109//1852 1253//1852 973//1852
f  1224//1853 1215//1853 1212//1853
f  1231//1854 1254//1854 1210//1854
f  1254//1855 1236//1855 1210//1855
f  979//1856 1255//1856 1206//1856
f  1255//1857 1249//1857 1206//1857
f  1256//1858 1183//1858 1069//1858
f  1204//1859 1256//1859 1069//1859
f  1257//1860 978//1860 1198//1860
f  1141//1861 1257//1861 1198//1861
f  1226//1862 1144//1862 1087//1862
f  1121//1863 1227//1863 1061//1863
f  1257//1864 1258//1864 978//1864
f  1258//1865 1259//1865 978//1865
f  1259//3 1199//3 978//3
f  1260//1866 1261//1866 979//1866
f  1261//1867 1262//1867 979//1867
f  1262//1868 1255//1868 979//1868
f  1202//3 1260//3 979//3
f  1164//1869 1263//1869 1172//1869
f  1263//1870 1251//1870 1172//1870
f  1258//1871 1257//1871 1141//1871
f  1264//1872 1258//1872 1141//1872
f  1247//1873 1264//1873 1141//1873
f  1143//1874 1265//1874 1124//1874
f  1265//1875 1246//1875 1124//1875
f  1222//1876 1219//1876 1220//1876
f  1266//1877 1232//1877 1217//1877
f  1214//1878 1266//1878 1217//1878
f  1267//1879 1235//1879 1216//1879
f  1236//1880 1267//1880 1216//1880
f  1268//1881 1193//1881 1150//1881
f  1245//1882 1268//1882 1150//1882
f  1230//1883 1229//1883 1128//1883
f  1194//1884 1269//1884 1128//1884
f  1269//1885 1270//1885 1128//1885
f  1270//1886 1230//1886 1128//1886
f  1219//1887 1263//1887 1164//1887
f  1271//1888 1266//1888 1214//1888
f  1252//1889 1271//1889 1214//1889
f  1272//1890 1117//1890 1203//1890
f  1248//1891 1272//1891 1203//1891
f  1221//1892 1219//1892 1222//1892
f  1273//1893 1204//1893 991//1893
f  1094//1894 1273//1894 991//1894
f  1274//1895 1275//1895 1224//1895
f  1275//1896 1215//1896 1224//1896
f  1225//1897 1274//1897 1224//1897
f  1275//1898 1228//1898 1215//1898
f  1230//1899 1276//1899 1231//1899
f  1276//1900 1254//1900 1231//1900
f  1266//1901 1277//1901 1232//1901
f  1277//1902 1233//1902 1232//1902
f  1278//1903 1219//1903 1221//1903
f  1173//1904 1278//1904 1221//1904
f  1279//1905 1192//1905 1001//1905
f  1127//1906 1279//1906 1001//1906
f  1262//1907 1249//1907 1255//1907
f  1280//1908 1263//1908 1219//1908
f  1278//1909 1280//1909 1219//1909
f  1271//1910 1281//1910 1266//1910
f  1281//1911 1282//1911 1266//1911
f  1282//1912 1277//1912 1266//1912
f  1283//1913 1280//1913 1278//1913
f  1173//1914 1283//1914 1278//1914
f  1272//1915 1239//1915 1117//1915
f  1282//1916 1233//1916 1277//1916
f  1284//1917 1259//1917 1258//1917
f  1285//1918 1284//1918 1258//1918
f  1264//1919 1285//1919 1258//1919
f  1205//1920 1286//1920 1143//1920
f  1286//1921 1265//1921 1143//1921
f  1287//1922 1252//1922 1235//1922
f  1267//1923 1287//1923 1235//1923
f  1288//1924 1283//1924 1173//1924
f  1240//1925 1288//1925 1173//1925
f  1289//1926 1290//1926 1040//1926
f  1039//1926 1289//1926 1040//1926
f  1290//3 1162//3 1040//3
f  1200//4 1289//4 1039//4
f  1291//1927 1274//1927 1225//1927
f  1234//1928 1291//1928 1225//1928
f  1292//1929 1267//1929 1236//1929
f  1254//1930 1292//1930 1236//1930
f  1281//1931 1233//1931 1282//1931
f  1261//1932 1293//1932 1262//1932
f  1293//1933 1249//1933 1262//1933
f  1275//1934 1294//1934 1228//1934
f  1294//1935 1245//1935 1228//1935
f  1270//1936 1276//1936 1230//1936
f  1281//1937 1295//1937 1233//1937
f  1295//1938 1248//1938 1233//1938
f  1268//1939 1226//1939 1193//1939
f  1227//1940 1269//1940 1194//1940
f  1296//1941 1291//1941 1234//1941
f  1242//1942 1296//1942 1234//1942
f  1297//1943 1240//1943 1183//1943
f  1256//1944 1297//1944 1183//1944
f  1287//1945 1271//1945 1252//1945
f  1298//1946 1223//1946 1038//1946
f  1192//1947 1298//1947 1038//1947
f  1226//1948 1299//1948 1144//1948
f  1299//1949 1120//1949 1144//1949
f  1300//1950 1227//1950 1121//1950
f  1123//1951 1301//1951 1121//1951
f  1301//1952 1302//1952 1121//1952
f  1302//1953 1300//1953 1121//1953
f  1303//1954 1272//1954 1248//1954
f  1295//1955 1303//1955 1248//1955
f  1304//1956 1292//1956 1254//1956
f  1276//1957 1304//1957 1254//1957
f  1239//1958 1305//1958 1205//1958
f  1305//1959 1286//1959 1205//1959
f  1251//1960 1306//1960 1242//1960
f  1306//1961 1296//1961 1242//1961
f  1307//1962 1287//1962 1267//1962
f  1292//1963 1307//1963 1267//1963
f  1274//1964 1294//1964 1275//1964
f  1288//1965 1280//1965 1283//1965
f  1308//1966 1241//1966 1126//1966
f  1250//1967 1308//1967 1126//1967
f  1309//1968 1256//1968 1204//1968
f  1273//1969 1309//1969 1204//1969
f  1271//1970 1310//1970 1281//1970
f  1310//1971 1295//1971 1281//1971
f  1246//1972 1311//1972 1247//1972
f  1311//1973 1312//1973 1247//1973
f  1312//1974 1264//1974 1247//1974
f  1293//1975 1313//1975 1249//1975
f  1313//1976 1250//1976 1249//1976
f  733//1977 732//1977 919//1977
f  1314//1978 733//1978 919//1978
f  1315//1979 1314//1979 919//1979
f  1243//1980 1315//1980 919//1980
f  723//1981 722//1981 1059//1981
f  722//1982 1244//1982 1059//1982
f  1290//3 1316//3 1162//3
f  912//1983 911//1983 1162//1983
f  1316//1983 912//1983 1162//1983
f  1317//3 1318//3 953//3
f  1318//3 1237//3 953//3
f  1163//1984 1317//1984 953//1984
f  1319//1984 1317//1984 1163//1984
f  913//3 1319//3 1163//3
f  1320//1985 1239//1985 1272//1985
f  1303//1986 1320//1986 1272//1986
f  1321//1987 1253//1987 1109//1987
f  1241//1988 1321//1988 1109//1988
f  1322//1989 1306//1989 1251//1989
f  1263//1990 1322//1990 1251//1990
f  1323//1991 1324//1991 1288//1991
f  1324//1992 1280//1992 1288//1992
f  1240//1993 1323//1993 1288//1993
f  1312//1994 1285//1994 1264//1994
f  1294//1995 1325//1995 1245//1995
f  1325//1996 1268//1996 1245//1996
f  1326//1997 1276//1997 1270//1997
f  1269//1998 1326//1998 1270//1998
f  1265//1999 1327//1999 1246//1999
f  1327//2000 1311//2000 1246//2000
f  1291//2001 1294//2001 1274//2001
f  1326//2002 1304//2002 1276//2002
f  1328//2003 1273//2003 1094//2003
f  1223//2004 1328//2004 1094//2004
f  1297//2005 1329//2005 1240//2005
f  1329//2006 1330//2006 1240//2006
f  1330//2007 1323//2007 1240//2007
f  1280//2008 1322//2008 1263//2008
f  1331//2009 1271//2009 1287//2009
f  1307//2010 1331//2010 1287//2010
f  1320//2011 1305//2011 1239//2011
f  1268//2012 1332//2012 1226//2012
f  1332//2013 1299//2013 1226//2013
f  1300//2014 1269//2014 1227//2014
f  1333//2015 1307//2015 1292//2015
f  1304//2016 1333//2016 1292//2016
f  1260//2017 1334//2017 1261//2017
f  1334//2018 1293//2018 1261//2018
f  1271//2019 1335//2019 1310//2019
f  1335//2020 1295//2020 1310//2020
f  1335//2021 1336//2021 1295//2021
f  1336//2022 1337//2022 1295//2022
f  1337//2023 1303//2023 1295//2023
f  1338//2024 1279//2024 1127//2024
f  1253//2025 1338//2025 1127//2025
f  1339//2026 1259//2026 1284//2026
f  1285//2027 1339//2027 1284//2027
f  1286//2028 1340//2028 1265//2028
f  1340//2029 1327//2029 1265//2029
f  1341//2030 1259//2030 1339//2030
f  1285//2031 1341//2031 1339//2031
f  1342//2032 1294//2032 1291//2032
f  1296//2033 1342//2033 1291//2033
f  1199//2034 1343//2034 1200//2034
f  1343//2034 1344//2034 1200//2034
f  1344//4 1289//4 1200//4
f  1345//2035 1202//2035 1201//2035
f  1238//4 1345//4 1201//4
f  1259//3 1343//3 1199//3
f  1345//2035 1346//2035 1202//2035
f  1346//3 1260//3 1202//3
f  1347//2036 1297//2036 1256//2036
f  1309//2037 1347//2037 1256//2037
f  1260//2038 1348//2038 1334//2038
f  1348//2039 1293//2039 1334//2039
f  1349//2040 1322//2040 1280//2040
f  1324//2041 1349//2041 1280//2041
f  1350//2042 1335//2042 1271//2042
f  1331//2043 1350//2043 1271//2043
f  1350//2044 1336//2044 1335//2044
f  1330//2045 1324//2045 1323//2045
f  1299//2046 1351//2046 1120//2046
f  1351//2047 1243//2047 1120//2047
f  1122//2048 1352//2048 1123//2048
f  1352//2049 1301//2049 1123//2049
f  1353//2050 1320//2050 1303//2050
f  1337//2051 1353//2051 1303//2051
f  1329//2052 1324//2052 1330//2052
f  1354//2053 1298//2053 1192//2053
f  1279//2054 1354//2054 1192//2054
f  1325//2055 1332//2055 1268//2055
f  1355//2056 1326//2056 1269//2056
f  1300//2057 1355//2057 1269//2057
f  1350//2058 1356//2058 1336//2058
f  1356//2059 1337//2059 1336//2059
f  1357//2060 1342//2060 1296//2060
f  1306//2061 1357//2061 1296//2061
f  1358//2062 1333//2062 1304//2062
f  1326//2063 1358//2063 1304//2063
f  1333//2064 1331//2064 1307//2064
f  1305//2065 1359//2065 1286//2065
f  1359//2066 1340//2066 1286//2066
f  1360//2067 1309//2067 1273//2067
f  1328//2068 1360//2068 1273//2068
f  1361//2069 1324//2069 1329//2069
f  1297//2070 1361//2070 1329//2070
f  1361//2071 1362//2071 1324//2071
f  1362//2072 1349//2072 1324//2072
f  1363//2073 1356//2073 1350//2073
f  1331//2074 1364//2074 1350//2074
f  1364//2075 1363//2075 1350//2075
f  1365//2076 1308//2076 1250//2076
f  1313//2077 1365//2077 1250//2077
f  1342//2078 1366//2078 1294//2078
f  1366//2079 1325//2079 1294//2079
f  1355//2080 1358//2080 1326//2080
f  1367//2081 1305//2081 1320//2081
f  1353//2082 1367//2082 1320//2082
f  1348//2083 1368//2083 1293//2083
f  1368//2084 1369//2084 1293//2084
f  1369//2085 1313//2085 1293//2085
f  1311//2086 1370//2086 1312//2086
f  1370//2087 1371//2087 1312//2087
f  1371//2088 1285//2088 1312//2088
f  1372//2089 1362//2089 1361//2089
f  1297//2090 1372//2090 1361//2090
f  1363//2091 1337//2091 1356//2091
f  1322//2092 1357//2092 1306//2092
f  1373//2093 1321//2093 1241//2093
f  1308//2094 1373//2094 1241//2094
f  1332//2095 1374//2095 1299//2095
f  1374//2096 1351//2096 1299//2096
f  1375//2097 1376//2097 1285//2097
f  1376//2098 1341//2098 1285//2098
f  1371//2099 1375//2099 1285//2099
f  1318//2100 1238//2100 1237//2100
f  1377//4 1345//4 1238//4
f  1318//2100 1377//2100 1238//2100
f  1378//2101 1372//2101 1297//2101
f  1347//2102 1378//2102 1297//2102
f  1327//2103 1379//2103 1311//2103
f  1379//2104 1370//2104 1311//2104
f  1380//2105 1328//2105 1223//2105
f  1298//2106 1380//2106 1223//2106
f  1363//2107 1381//2107 1337//2107
f  1381//2108 1382//2108 1337//2108
f  1382//2109 1353//2109 1337//2109
f  1383//2110 734//2110 733//2110
f  1314//2111 1383//2111 733//2111
f  1384//2112 1244//2112 722//2112
f  724//2113 1384//2113 722//2113
f  1260//2114 1385//2114 1348//2114
f  1385//2115 1368//2115 1348//2115
f  1376//2116 1259//2116 1341//2116
f  1376//2117 1386//2117 1259//2117
f  1386//2118 1387//2118 1259//2118
f  1387//3 1343//3 1259//3
f  1388//2119 1389//2119 1260//2119
f  1389//2120 1390//2120 1260//2120
f  1390//2121 1391//2121 1260//2121
f  1391//2122 1385//2122 1260//2122
f  1346//3 1388//3 1260//3
f  1367//2123 1359//2123 1305//2123
f  1364//2124 1381//2124 1363//2124
f  1391//2125 1368//2125 1385//2125
f  1349//2126 1392//2126 1322//2126
f  1392//2127 1357//2127 1322//2127
f  1393//2128 1331//2128 1333//2128
f  1358//2129 1393//2129 1333//2129
f  1394//2130 1338//2130 1253//2130
f  1321//2131 1394//2131 1253//2131
f  1375//2132 1386//2132 1376//2132
f  1340//2133 1395//2133 1327//2133
f  1395//2134 1379//2134 1327//2134
f  1396//2135 1347//2135 1309//2135
f  1360//2136 1396//2136 1309//2136
f  1325//2137 1397//2137 1332//2137
f  1397//2138 1374//2138 1332//2138
f  1398//2139 1399//2139 1300//2139
f  1399//2140 1355//2140 1300//2140
f  1302//2141 1400//2141 1300//2141
f  1400//2142 1398//2142 1300//2142
f  1401//2143 1387//2143 1386//2143
f  1375//2144 1401//2144 1386//2144
f  1378//2145 1362//2145 1372//2145
f  1402//2146 1315//2146 1243//2146
f  1351//2147 1402//2147 1243//2147
f  1244//2148 1403//2148 1122//2148
f  1403//2149 1352//2149 1122//2149
f  1404//2150 1405//2150 1290//2150
f  1289//2150 1404//2150 1290//2150
f  1405//3 1316//3 1290//3
f  1344//4 1404//4 1289//4
f  1406//2151 1367//2151 1353//2151
f  1382//2152 1406//2152 1353//2152
f  1407//2153 1368//2153 1391//2153
f  1390//2154 1407//2154 1391//2154
f  1364//2155 1408//2155 1381//2155
f  1408//2156 1382//2156 1381//2156
f  1409//2157 1366//2157 1342//2157
f  1357//2158 1409//2158 1342//2158
f  1399//2159 1393//2159 1358//2159
f  1355//2160 1399//2160 1358//2160
f  1405//3 1410//3 1316//3
f  913//2161 912//2161 1316//2161
f  1410//2161 913//2161 1316//2161
f  1411//3 1412//3 1317//3
f  1412//3 1318//3 1317//3
f  1319//2162 1411//2162 1317//2162
f  1413//2162 1411//2162 1319//2162
f  913//3 1413//3 1319//3
f  1366//2163 1397//2163 1325//2163
f  1414//2164 1354//2164 1279//2164
f  1338//2165 1414//2165 1279//2165
f  1415//2166 1360//2166 1328//2166
f  1380//2167 1415//2167 1328//2167
f  1359//2168 1416//2168 1340//2168
f  1416//2169 1395//2169 1340//2169
f  1362//2170 1392//2170 1349//2170
f  1393//2171 1417//2171 1331//2171
f  1417//2172 1418//2172 1331//2172
f  1418//2173 1364//2173 1331//2173
f  1419//2174 1420//2174 1378//2174
f  1420//2175 1362//2175 1378//2175
f  1347//2176 1419//2176 1378//2176
f  1421//2177 1365//2177 1313//2177
f  1369//2178 1421//2178 1313//2178
f  1422//2179 1359//2179 1367//2179
f  1406//2180 1422//2180 1367//2180
f  1407//2181 1423//2181 1368//2181
f  1423//2182 1369//2182 1368//2182
f  1370//2183 1424//2183 1371//2183
f  1424//2184 1425//2184 1371//2184
f  1425//2185 1375//2185 1371//2185
f  1396//2186 1426//2186 1347//2186
f  1426//2187 1427//2187 1347//2187
f  1427//2188 1419//2188 1347//2188
f  1428//2189 1401//2189 1375//2189
f  1425//2190 1428//2190 1375//2190
f  1429//2191 1373//2191 1308//2191
f  1365//2192 1429//2192 1308//2192
f  1430//2193 1431//2193 1382//2193
f  1431//2194 1432//2194 1382//2194
f  1408//2195 1430//2195 1382//2195
f  1432//2196 1406//2196 1382//2196
f  1379//2197 1433//2197 1370//2197
f  1433//2198 1424//2198 1370//2198
f  1434//2199 1380//2199 1298//2199
f  1354//2200 1434//2200 1298//2200
f  1389//2201 1407//2201 1390//2201
f  1422//2202 1416//2202 1359//2202
f  1427//2203 1420//2203 1419//2203
f  1364//2204 1435//2204 1408//2204
f  1435//2205 1430//2205 1408//2205
f  1436//2206 1387//2206 1401//2206
f  1428//2207 1436//2207 1401//2207
f  1437//2208 1351//2208 1374//2208
f  1397//2209 1437//2209 1374//2209
f  1301//2210 1438//2210 1302//2210
f  1438//2211 1400//2211 1302//2211
f  1439//2212 1394//2212 1321//2212
f  1373//2213 1439//2213 1321//2213
f  1435//2214 1431//2214 1430//2214
f  1440//2215 1392//2215 1362//2215
f  1420//2216 1440//2216 1362//2216
f  1418//2217 1441//2217 1364//2217
f  1441//2218 1435//2218 1364//2218
f  1442//2219 1396//2219 1360//2219
f  1415//2220 1442//2220 1360//2220
f  1395//2221 1443//2221 1379//2221
f  1443//2222 1433//2222 1379//2222
f  1426//2223 1420//2223 1427//2223
f  1392//2224 1444//2224 1357//2224
f  1444//2225 1409//2225 1357//2225
f  1399//2226 1445//2226 1393//2226
f  1445//2227 1417//2227 1393//2227
f  1343//2228 1446//2228 1344//2228
f  1446//2228 1447//2228 1344//2228
f  1447//4 1404//4 1344//4
f  1448//2229 1346//2229 1345//2229
f  1377//4 1448//4 1345//4
f  1387//3 1446//3 1343//3
f  1448//2229 1449//2229 1346//2229
f  1449//3 1388//3 1346//3
f  1450//2230 1387//2230 1436//2230
f  1428//2231 1450//2231 1436//2231
f  1451//2232 1422//2232 1406//2232
f  1432//2233 1451//2233 1406//2233
f  1435//2234 1452//2234 1431//2234
f  1452//2235 1432//2235 1431//2235
f  1388//2236 1453//2236 1389//2236
f  1454//2237 1407//2237 1389//2237
f  1453//2238 1454//2238 1389//2238
f  1455//2239 1314//2239 1315//2239
f  1402//2240 1455//2240 1315//2240
f  1384//2241 1456//2241 1244//2241
f  1456//2242 1403//2242 1244//2242
f  1409//2243 1457//2243 1366//2243
f  1457//2244 1397//2244 1366//2244
f  1398//2245 1445//2245 1399//2245
f  1458//2246 1414//2246 1338//2246
f  1394//2247 1458//2247 1338//2247
f  1459//2248 1421//2248 1369//2248
f  1423//2249 1459//2249 1369//2249
f  1460//2250 1415//2250 1380//2250
f  1434//2251 1460//2251 1380//2251
f  1454//2252 1461//2252 1407//2252
f  1461//2253 1423//2253 1407//2253
f  1416//2254 1462//2254 1395//2254
f  1462//2255 1443//2255 1395//2255
f  1424//2256 1463//2256 1425//2256
f  1463//2257 1464//2257 1425//2257
f  1464//2258 1428//2258 1425//2258
f  1465//2259 1450//2259 1428//2259
f  1464//2260 1465//2260 1428//2260
f  1466//2261 1467//2261 1420//2261
f  1426//2262 1468//2262 1420//2262
f  1468//2263 1466//2263 1420//2263
f  1467//2264 1440//2264 1420//2264
f  1441//2265 1469//2265 1435//2265
f  1469//2266 1452//2266 1435//2266
f  1470//2267 1416//2267 1422//2267
f  1451//2268 1470//2268 1422//2268
f  1466//2269 1468//2269 1396//2269
f  1468//2270 1426//2270 1396//2270
f  1471//2271 1466//2271 1396//2271
f  1442//2272 1471//2272 1396//2272
f  1472//2273 1429//2273 1365//2273
f  1421//2274 1472//2274 1365//2274
f  1433//2275 1473//2275 1424//2275
f  1473//2276 1463//2276 1424//2276
f  1452//2277 1469//2277 1432//2277
f  1469//2278 1474//2278 1432//2278
f  1474//2279 1451//2279 1432//2279
f  1405//3 1475//3 1410//3
f  1475//3 1476//3 1410//3
f  1477//2280 913//2280 1410//2280
f  1476//2280 1477//2280 1410//2280
f  1478//3 1479//3 1411//3
f  1479//3 1412//3 1411//3
f  1413//2281 1478//2281 1411//2281
f  1477//3 1413//3 913//3
f  1480//2281 1478//2281 1413//2281
f  1477//3 1481//3 1413//3
f  1481//3 1482//3 1413//3
f  1482//3 1480//3 1413//3
f  1412//2282 1377//2282 1318//2282
f  1483//4 1448//4 1377//4
f  1412//2282 1483//2282 1377//2282
f  1388//2283 1484//2283 1453//2283
f  1484//2284 1454//2284 1453//2284
f  1485//2285 1387//2285 1450//2285
f  1465//2286 1485//2286 1450//2286
f  1486//2287 1434//2287 1354//2287
f  1414//2288 1486//2288 1354//2288
f  1487//2289 1402//2289 1351//2289
f  1437//2290 1487//2290 1351//2290
f  1352//2291 1488//2291 1301//2291
f  1488//2292 1438//2292 1301//2292
f  1440//2293 1444//2293 1392//2293
f  1445//2294 1489//2294 1417//2294
f  1489//2295 1490//2295 1417//2295
f  1490//2296 1418//2296 1417//2296
f  1388//2297 1491//2297 1484//2297
f  1491//2298 1454//2298 1484//2298
f  1492//2299 1387//2299 1485//2299
f  1465//2300 1492//2300 1485//2300
f  1492//2301 1493//2301 1387//2301
f  1493//2302 1494//2302 1387//2302
f  1494//3 1446//3 1387//3
f  1495//2303 1496//2303 1388//2303
f  1496//2304 1497//2304 1388//2304
f  1497//2305 1491//2305 1388//2305
f  1449//3 1495//3 1388//3
f  1470//2306 1462//2306 1416//2306
f  1498//2307 1439//2307 1373//2307
f  1429//2308 1498//2308 1373//2308
f  1443//2309 1499//2309 1433//2309
f  1499//2310 1473//2310 1433//2310
f  1465//2311 1493//2311 1492//2311
f  1471//2312 1467//2312 1466//2312
f  1500//2313 1442//2313 1415//2313
f  1460//2314 1500//2314 1415//2314
f  1501//2315 1475//2315 1405//2315
f  1404//2315 1501//2315 1405//2315
f  1447//4 1501//4 1404//4
f  1497//2316 1502//2316 1491//2316
f  1502//2317 1454//2317 1491//2317
f  1441//2318 1503//2318 1469//2318
f  1503//2319 1474//2319 1469//2319
f  1504//2320 1470//2320 1451//2320
f  1474//2321 1504//2321 1451//2321
f  1441//2322 1505//2322 1503//2322
f  1505//2323 1474//2323 1503//2323
f  1506//2324 1457//2324 1409//2324
f  1444//2325 1506//2325 1409//2325
f  1398//2326 1507//2326 1445//2326
f  1507//2327 1489//2327 1445//2327
f  1508//2328 1459//2328 1423//2328
f  1461//2329 1508//2329 1423//2329
f  1502//2330 1509//2330 1454//2330
f  1509//2331 1461//2331 1454//2331
f  1457//2332 1437//2332 1397//2332
f  1400//2333 1507//2333 1398//2333
f  1463//2334 1510//2334 1464//2334
f  1510//2335 1511//2335 1464//2335
f  1511//2336 1465//2336 1464//2336
f  1512//2337 1513//2337 1465//2337
f  1513//2338 1493//2338 1465//2338
f  1511//2339 1512//2339 1465//2339
f  1514//2340 1383//2340 1314//2340
f  1515//2341 1514//2341 1314//2341
f  1455//2342 1515//2342 1314//2342
f  724//2343 1456//2343 1384//2343
f  1516//2344 1458//2344 1394//2344
f  1439//2345 1516//2345 1394//2345
f  1517//2346 1460//2346 1434//2346
f  1486//2347 1517//2347 1434//2347
f  1462//2348 1518//2348 1443//2348
f  1518//2349 1499//2349 1443//2349
f  1519//2350 1472//2350 1421//2350
f  1459//2351 1519//2351 1421//2351
f  1520//2352 1444//2352 1440//2352
f  1467//2353 1520//2353 1440//2353
f  1490//2354 1521//2354 1418//2354
f  1521//2355 1441//2355 1418//2355
f  1473//2356 1522//2356 1463//2356
f  1522//2357 1510//2357 1463//2357
f  1523//2358 1462//2358 1470//2358
f  1504//2359 1523//2359 1470//2359
f  1496//2360 1502//2360 1497//2360
f  1524//2361 1471//2361 1442//2361
f  1500//2362 1525//2362 1442//2362
f  1525//2363 1526//2363 1442//2363
f  1526//2364 1524//2364 1442//2364
f  1527//2365 1494//2365 1493//2365
f  1513//2366 1527//2366 1493//2366
f  1505//2367 1528//2367 1474//2367
f  1528//2368 1529//2368 1474//2368
f  1529//2369 1504//2369 1474//2369
f  1475//3 1530//3 1476//3
f  1530//3 1531//3 1476//3
f  1481//2370 1477//2370 1476//2370
f  1531//2370 1481//2370 1476//2370
f  1532//3 1533//3 1478//3
f  1533//3 1479//3 1478//3
f  1480//2371 1532//2371 1478//2371
f  1482//2371 1532//2371 1480//2371
f  1534//2372 1455//2372 1402//2372
f  1487//2373 1534//2373 1402//2373
f  1403//2374 1535//2374 1352//2374
f  1535//2375 1488//2375 1352//2375
f  1536//2376 1528//2376 1505//2376
f  1441//2377 1536//2377 1505//2377
f  1537//2378 1467//2378 1471//2378
f  1524//2379 1537//2379 1471//2379
f  1538//2380 1486//2380 1414//2380
f  1458//2381 1538//2381 1414//2381
f  1526//2382 1537//2382 1524//2382
f  1539//2383 1540//2383 1513//2383
f  1540//2384 1527//2384 1513//2384
f  1512//2385 1539//2385 1513//2385
f  1446//2386 1541//2386 1447//2386
f  1541//2386 1542//2386 1447//2386
f  1542//4 1501//4 1447//4
f  1543//2387 1449//2387 1448//2387
f  1483//4 1543//4 1448//4
f  1494//3 1541//3 1446//3
f  1543//2387 1544//2387 1449//2387
f  1544//3 1495//3 1449//3
f  1540//2388 1494//2388 1527//2388
f  1545//2389 1498//2389 1429//2389
f  1472//2390 1545//2390 1429//2390
f  1523//2391 1518//2391 1462//2391
f  1499//2392 1546//2392 1473//2392
f  1546//2393 1522//2393 1473//2393
f  1495//2394 1547//2394 1496//2394
f  1547//2395 1548//2395 1496//2395
f  1548//2396 1502//2396 1496//2396
f  729//2397 1549//2397 724//2397
f  1549//2398 1456//2398 724//2398
f  1514//2399 734//2399 1383//2399
f  1548//2400 1550//2400 1502//2400
f  1550//2401 1509//2401 1502//2401
f  1525//2402 1537//2402 1526//2402
f  1551//2403 1508//2403 1461//2403
f  1509//2404 1551//2404 1461//2404
f  1552//2405 1500//2405 1460//2405
f  1517//2406 1552//2406 1460//2406
f  1553//2407 1539//2407 1512//2407
f  1511//2408 1554//2408 1512//2408
f  1554//2409 1553//2409 1512//2409
f  1510//2410 1555//2410 1511//2410
f  1555//2411 1554//2411 1511//2411
f  1520//2412 1556//2412 1444//2412
f  1556//2413 1506//2413 1444//2413
f  1507//2414 1557//2414 1489//2414
f  1558//2415 1490//2415 1489//2415
f  1557//2416 1558//2416 1489//2416
f  1536//2417 1559//2417 1528//2417
f  1559//2418 1529//2418 1528//2418
f  1560//2419 1523//2419 1504//2419
f  1529//2420 1560//2420 1504//2420
f  1561//2421 1562//2421 1467//2421
f  1537//2422 1561//2422 1467//2422
f  1562//2423 1520//2423 1467//2423
f  1521//2424 1563//2424 1441//2424
f  1563//2425 1536//2425 1441//2425
f  1530//3 1564//3 1531//3
f  1564//3 1565//3 1531//3
f  1565//3 1532//3 1531//3
f  1482//32 1481//32 1531//32
f  1532//32 1482//32 1531//32
f  1565//3 1533//3 1532//3
f  1566//2426 1487//2426 1437//2426
f  1457//2427 1566//2427 1437//2427
f  1557//2428 1507//2428 1400//2428
f  1438//2429 1567//2429 1400//2429
f  1567//2430 1568//2430 1400//2430
f  1568//2431 1557//2431 1400//2431
f  1495//2432 1569//2432 1547//2432
f  1569//2433 1548//2433 1547//2433
f  1570//2434 1519//2434 1459//2434
f  1508//2435 1570//2435 1459//2435
f  1571//2436 1516//2436 1439//2436
f  1498//2437 1571//2437 1439//2437
f  1572//2438 1494//2438 1540//2438
f  1539//2439 1572//2439 1540//2439
f  1506//2440 1566//2440 1457//2440
f  1536//2441 1573//2441 1559//2441
f  1573//2442 1529//2442 1559//2442
f  1522//2443 1574//2443 1510//2443
f  1574//2444 1555//2444 1510//2444
f  1518//2445 1575//2445 1499//2445
f  1575//2446 1546//2446 1499//2446
f  1479//2447 1483//2447 1412//2447
f  1576//4 1543//4 1483//4
f  1479//2447 1576//2447 1483//2447
f  1577//2448 1517//2448 1486//2448
f  1538//2449 1577//2449 1486//2449
f  1495//2450 1578//2450 1569//2450
f  1578//2451 1548//2451 1569//2451
f  1579//2452 1494//2452 1572//2452
f  1539//2453 1579//2453 1572//2453
f  1579//2454 1580//2454 1494//2454
f  1580//2455 1581//2455 1494//2455
f  1581//3 1541//3 1494//3
f  1582//2456 1583//2456 1495//2456
f  1583//2457 1584//2457 1495//2457
f  1584//2458 1578//2458 1495//2458
f  1544//3 1582//3 1495//3
f  1585//2459 1580//2459 1539//2459
f  1580//2460 1579//2460 1539//2460
f  1553//2461 1585//2461 1539//2461
f  1586//2462 1518//2462 1523//2462
f  1560//2463 1586//2463 1523//2463
f  1552//2464 1587//2464 1500//2464
f  1587//2465 1588//2465 1500//2465
f  1588//2466 1525//2466 1500//2466
f  1589//2467 1530//2467 1475//2467
f  1501//2467 1589//2467 1475//2467
f  1542//4 1589//4 1501//4
f  1590//2468 1548//2468 1578//2468
f  1584//2469 1590//2469 1578//2469
f  1573//2470 1591//2470 1529//2470
f  1591//2471 1560//2471 1529//2471
f  1590//2472 1592//2472 1548//2472
f  1592//2473 1593//2473 1548//2473
f  1593//2474 1550//2474 1548//2474
f  1594//2475 1545//2475 1472//2475
f  1519//2476 1594//2476 1472//2476
f  1595//2477 1585//2477 1553//2477
f  1554//2478 1596//2478 1553//2478
f  1596//2479 1595//2479 1553//2479
f  1597//2480 1551//2480 1509//2480
f  1550//2481 1597//2481 1509//2481
f  1598//2482 1515//2482 1455//2482
f  1534//2483 1598//2483 1455//2483
f  1456//2484 1599//2484 1403//2484
f  1599//2485 1535//2485 1403//2485
f  1600//2486 1538//2486 1458//2486
f  1516//2487 1600//2487 1458//2487
f  1546//2488 1601//2488 1522//2488
f  1601//2489 1574//2489 1522//2489
f  1555//2490 1602//2490 1554//2490
f  1602//2491 1596//2491 1554//2491
f  1603//2492 1604//2492 1537//2492
f  1605//2493 1561//2493 1537//2493
f  1604//2494 1605//2494 1537//2494
f  1525//2495 1588//2495 1537//2495
f  1588//2496 1587//2496 1537//2496
f  1587//2497 1603//2497 1537//2497
f  1606//2498 1573//2498 1536//2498
f  1607//2499 1606//2499 1536//2499
f  1563//2500 1608//2500 1536//2500
f  1608//2501 1607//2501 1536//2501
f  1586//2502 1575//2502 1518//2502
f  1583//2503 1590//2503 1584//2503
f  1609//2504 1556//2504 1520//2504
f  1562//2505 1609//2505 1520//2505
f  1610//2506 1521//2506 1490//2506
f  1558//2507 1610//2507 1490//2507
f  1611//2508 1581//2508 1580//2508
f  1585//2509 1611//2509 1580//2509
f  1612//2510 1570//2510 1508//2510
f  1551//2511 1612//2511 1508//2511
f  1613//2512 1552//2512 1517//2512
f  1577//2513 1613//2513 1517//2513
f  1574//2514 1614//2514 1555//2514
f  1614//2515 1602//2515 1555//2515
f  1583//2516 1615//2516 1590//2516
f  1615//2517 1616//2517 1590//2517
f  1616//2518 1592//2518 1590//2518
f  1617//2519 1618//2519 1585//2519
f  1618//2520 1611//2520 1585//2520
f  1595//2521 1617//2521 1585//2521
f  1619//2522 1586//2522 1560//2522
f  1591//2523 1619//2523 1560//2523
f  1606//2524 1591//2524 1573//2524
f  1541//2525 1620//2525 1542//2525
f  1620//2525 1621//2525 1542//2525
f  1621//4 1589//4 1542//4
f  1622//2526 1544//2526 1543//2526
f  1576//4 1622//4 1543//4
f  1581//3 1620//3 1541//3
f  1622//2526 1623//2526 1544//2526
f  1623//3 1582//3 1544//3
f  1624//2527 1571//2527 1498//2527
f  1545//2528 1624//2528 1498//2528
f  1625//2529 1534//2529 1487//2529
f  1566//2530 1625//2530 1487//2530
f  1488//2531 1626//2531 1438//2531
f  1626//2532 1567//2532 1438//2532
f  1618//2533 1581//2533 1611//2533
f  1575//2534 1627//2534 1546//2534
f  1627//2535 1601//2535 1546//2535
f  1552//2536 1603//2536 1587//2536
f  1607//2537 1628//2537 1606//2537
f  1628//2538 1591//2538 1606//2538
f  1616//2539 1629//2539 1592//2539
f  1629//2540 1593//2540 1592//2540
f  1582//2541 1630//2541 1583//2541
f  1630//2542 1615//2542 1583//2542
f  1631//2543 1617//2543 1595//2543
f  1596//2544 1632//2544 1595//2544
f  1632//2545 1631//2545 1595//2545
f  1633//2546 1566//2546 1506//2546
f  1556//2547 1633//2547 1506//2547
f  1634//2548 1558//2548 1557//2548
f  1568//2549 1634//2549 1557//2549
f  1635//2550 1597//2550 1550//2550
f  1593//2551 1635//2551 1550//2551
f  1602//2552 1636//2552 1596//2552
f  1636//2553 1632//2553 1596//2553
f  1637//2554 1577//2554 1538//2554
f  1600//2555 1637//2555 1538//2555
f  1638//2556 1594//2556 1519//2556
f  1570//2557 1638//2557 1519//2557
f  1639//2558 1575//2558 1586//2558
f  1619//2559 1639//2559 1586//2559
f  1582//2560 1640//2560 1630//2560
f  1640//2561 1615//2561 1630//2561
f  1641//2562 1581//2562 1618//2562
f  1617//2563 1641//2563 1618//2563
f  1601//2564 1642//2564 1574//2564
f  1642//2565 1614//2565 1574//2565
f  1643//2566 1591//2566 1628//2566
f  1607//2567 1643//2567 1628//2567
f  1644//2568 1604//2568 1603//2568
f  1552//2569 1644//2569 1603//2569
f  1613//2570 1644//2570 1552//2570
f  1640//2571 1645//2571 1615//2571
f  1645//2572 1646//2572 1615//2572
f  1646//2573 1616//2573 1615//2573
f  1647//2574 1648//2574 1617//2574
f  1648//2575 1649//2575 1617//2575
f  1649//2576 1641//2576 1617//2576
f  1631//2577 1647//2577 1617//2577
f  1650//2578 1600//2578 1516//2578
f  1571//2579 1650//2579 1516//2579
f  1651//2580 1612//2580 1551//2580
f  1597//2581 1651//2581 1551//2581
f  1643//2582 1652//2582 1591//2582
f  1652//2583 1619//2583 1591//2583
f  1533//2584 1576//2584 1479//2584
f  1653//4 1622//4 1576//4
f  1533//2584 1653//2584 1576//2584
f  1614//2585 1654//2585 1602//2585
f  1654//2586 1636//2586 1602//2586
f  1582//2587 1655//2587 1640//2587
f  1655//2588 1645//2588 1640//2588
f  1649//2589 1581//2589 1641//2589
f  1649//2590 1648//2590 1581//2590
f  1648//2591 1656//2591 1581//2591
f  1656//3 1620//3 1581//3
f  1657//2592 1658//2592 1582//2592
f  1658//2593 1659//2593 1582//2593
f  1659//2594 1655//2594 1582//2594
f  1623//3 1657//3 1582//3
f  1561//2595 1660//2595 1562//2595
f  1660//2596 1661//2596 1562//2596
f  1661//2597 1662//2597 1562//2597
f  1662//2598 1609//2598 1562//2598
f  1663//2599 1664//2599 1521//2599
f  1664//2600 1563//2600 1521//2600
f  1610//2601 1665//2601 1521//2601
f  1665//2602 1666//2602 1521//2602
f  1666//2603 1663//2603 1521//2603
f  1639//2604 1627//2604 1575//2604
f  1667//2605 1514//2605 1515//2605
f  1668//2606 1667//2606 1515//2606
f  1598//2607 1668//2607 1515//2607
f  1549//2608 1669//2608 1456//2608
f  1669//2609 1670//2609 1456//2609
f  1670//2610 1599//2610 1456//2610
f  1671//2611 1564//2611 1530//2611
f  1589//2611 1671//2611 1530//2611
f  1621//4 1671//4 1589//4
f  1646//2612 1672//2612 1616//2612
f  1672//2613 1629//2613 1616//2613
f  1673//2614 1647//2614 1631//2614
f  1632//2615 1674//2615 1631//2615
f  1674//2616 1673//2616 1631//2616
f  1659//2617 1645//2617 1655//2617
f  1675//2618 1635//2618 1593//2618
f  1629//2619 1675//2619 1593//2619
f  1636//2620 1676//2620 1632//2620
f  1676//2621 1674//2621 1632//2621
f  1677//2622 1645//2622 1659//2622
f  1658//2623 1677//2623 1659//2623
f  1678//2624 1656//2624 1648//2624
f  1647//2625 1678//2625 1648//2625
f  1679//2626 1643//2626 1607//2626
f  1680//2627 1679//2627 1607//2627
f  1608//2628 1680//2628 1607//2628
f  1681//2629 1613//2629 1577//2629
f  1637//2630 1681//2630 1577//2630
f  1682//2631 1624//2631 1545//2631
f  1594//2632 1682//2632 1545//2632
f  1677//2633 1683//2633 1645//2633
f  1683//2634 1646//2634 1645//2634
f  1684//2635 1678//2635 1647//2635
f  1673//2636 1684//2636 1647//2636
f  1644//2637 1605//2637 1604//2637
f  1685//2638 1605//2638 1644//2638
f  1613//2639 1685//2639 1644//2639
f  1627//2640 1686//2640 1601//2640
f  1686//2641 1642//2641 1601//2641
f  1620//2642 1687//2642 1621//2642
f  1687//2642 1688//2642 1621//2642
f  1688//4 1671//4 1621//4
f  1689//2643 1623//2643 1622//2643
f  1653//4 1689//4 1622//4
f  1656//3 1687//3 1620//3
f  1689//2643 1690//2643 1623//2643
f  1690//3 1657//3 1623//3
f  1652//2644 1639//2644 1619//2644
f  1679//2645 1652//2645 1643//2645
f  1691//2646 1598//2646 1534//2646
f  1625//2647 1691//2647 1534//2647
f  1535//2648 1692//2648 1488//2648
f  1692//2649 1626//2649 1488//2649
f  1693//2650 1656//2650 1678//2650
f  1684//2651 1693//2651 1678//2651
f  1694//2652 1638//2652 1570//2652
f  1612//2653 1694//2653 1570//2653
f  1683//2654 1695//2654 1646//2654
f  1695//2655 1672//2655 1646//2655
f  1696//2656 1684//2656 1673//2656
f  1674//2657 1697//2657 1673//2657
f  1697//2658 1696//2658 1673//2658
f  1642//2659 1698//2659 1614//2659
f  1698//2660 1654//2660 1614//2660
f  1657//2661 1699//2661 1658//2661
f  1699//2662 1677//2662 1658//2662
f  1609//2663 1700//2663 1556//2663
f  1700//2664 1633//2664 1556//2664
f  1634//2665 1701//2665 1558//2665
f  1702//2666 1610//2666 1558//2666
f  1701//2667 1702//2667 1558//2667
f  1703//2668 1651//2668 1597//2668
f  1635//2669 1703//2669 1597//2669
f  1704//2670 1561//2670 1605//2670
f  1685//2671 1704//2671 1605//2671
f  1563//2672 1680//2672 1608//2672
f  1654//2673 1705//2673 1636//2673
f  1705//2674 1676//2674 1636//2674
f  1657//2675 1706//2675 1699//2675
f  1707//2676 1677//2676 1699//2676
f  1706//2677 1707//2677 1699//2677
f  1708//2678 1656//2678 1693//2678
f  1684//2679 1708//2679 1693//2679
f  1709//2680 734//2680 1514//2680
f  1667//2681 1709//2681 1514//2681
f  1710//2682 1711//2682 1549//2682
f  729//2683 1710//2683 1549//2683
f  1711//2684 1669//2684 1549//2684
f  1712//2685 1637//2685 1600//2685
f  1650//2686 1712//2686 1600//2686
f  1713//2687 1675//2687 1629//2687
f  1672//2688 1713//2688 1629//2688
f  1676//2689 1714//2689 1674//2689
f  1714//2690 1697//2690 1674//2690
f  1707//2691 1715//2691 1677//2691
f  1715//2692 1683//2692 1677//2692
f  1716//2693 1708//2693 1684//2693
f  1696//2694 1716//2694 1684//2694
f  1664//2695 1680//2695 1563//2695
f  1704//2696 1660//2696 1561//2696
f  1717//2697 1625//2697 1566//2697
f  1633//2698 1717//2698 1566//2698
f  1718//2699 1634//2699 1568//2699
f  1567//2700 1718//2700 1568//2700
f  1663//2701 1680//2701 1664//2701
f  1704//2702 1661//2702 1660//2702
f  1565//2703 1653//2703 1533//2703
f  1719//4 1689//4 1653//4
f  1565//2703 1719//2703 1653//2703
f  1657//2704 1720//2704 1706//2704
f  1720//2705 1707//2705 1706//2705
f  1721//2706 1656//2706 1708//2706
f  1716//2707 1721//2707 1708//2707
f  1721//2708 1722//2708 1656//2708
f  1722//2709 1723//2709 1656//2709
f  1723//3 1687//3 1656//3
f  1723//2710 1724//2710 1657//2710
f  1724//2711 1725//2711 1657//2711
f  1725//2712 1720//2712 1657//2712
f  1690//3 1723//3 1657//3
f  1716//2713 1722//2713 1721//2713
f  1719//2714 1565//2714 1564//2714
f  1671//2714 1719//2714 1564//2714
f  1688//4 1719//4 1671//4
f  1715//2715 1726//2715 1683//2715
f  1726//2716 1695//2716 1683//2716
f  1727//2717 1716//2717 1696//2717
f  1697//2718 1728//2718 1696//2718
f  1728//2719 1727//2719 1696//2719
f  1725//2720 1707//2720 1720//2720
f  1666//2721 1729//2721 1663//2721
f  1729//2722 1680//2722 1663//2722
f  1730//2723 1723//2723 1722//2723
f  1716//2724 1730//2724 1722//2724
f  1731//2725 1707//2725 1725//2725
f  1724//2726 1731//2726 1725//2726
f  1624//2727 1650//2727 1571//2727
f  1687//228 1690//228 1688//228
f  1690//228 1689//228 1688//228
f  1689//4 1719//4 1688//4
f  1723//3 1690//3 1687//3
f  1681//2728 1732//2728 1613//2728
f  1732//2729 1685//2729 1613//2729
f  1731//2730 1733//2730 1707//2730
f  1733//2731 1715//2731 1707//2731
f  1734//2732 1730//2732 1716//2732
f  1727//2733 1734//2733 1716//2733
f  1639//2734 1735//2734 1627//2734
f  1735//2735 1686//2735 1627//2735
f  1704//2736 1662//2736 1661//2736
f  1679//2737 1736//2737 1652//2737
f  1736//2738 1737//2738 1652//2738
f  1737//2739 1639//2739 1652//2739
f  1738//2740 1723//2740 1730//2740
f  1734//2741 1738//2741 1730//2741
f  1723//2742 1739//2742 1724//2742
f  1739//2743 1731//2743 1724//2743
f  1740//2744 1723//2744 1738//2744
f  1734//2745 1741//2745 1738//2745
f  1741//2746 1740//2746 1738//2746
f  1723//2747 1740//2747 1739//2747
f  1741//2748 1731//2748 1739//2748
f  1740//2749 1741//2749 1739//2749
f  1742//2750 1713//2750 1672//2750
f  1695//2751 1742//2751 1672//2751
f  1714//2752 1743//2752 1697//2752
f  1743//2753 1728//2753 1697//2753
f  1733//2754 1744//2754 1715//2754
f  1744//2755 1726//2755 1715//2755
f  1745//2756 1734//2756 1727//2756
f  1728//2757 1746//2757 1727//2757
f  1746//2758 1745//2758 1727//2758
f  1741//2759 1733//2759 1731//2759
f  1747//2760 1741//2760 1734//2760
f  1745//2761 1747//2761 1734//2761
f  1748//2762 1703//2762 1635//2762
f  1675//2763 1748//2763 1635//2763
f  1705//2764 1749//2764 1676//2764
f  1749//2765 1714//2765 1676//2765
f  1750//2766 1682//2766 1594//2766
f  1638//2767 1750//2767 1594//2767
f  1751//2768 1694//2768 1612//2768
f  1651//2769 1751//2769 1612//2769
f  1747//2770 1733//2770 1741//2770
f  1686//2771 1752//2771 1642//2771
f  1752//2772 1698//2772 1642//2772
f  1698//2773 1753//2773 1654//2773
f  1753//2774 1705//2774 1654//2774
f  1754//2775 1709//2775 1667//2775
f  1668//2776 1754//2776 1667//2776
f  1711//2777 1670//2777 1669//2777
f  1747//2778 1755//2778 1733//2778
f  1755//2779 1744//2779 1733//2779
f  1755//2780 1747//2780 1745//2780
f  1756//2781 1755//2781 1745//2781
f  1746//2782 1757//2782 1745//2782
f  1757//2783 1756//2783 1745//2783
f  1756//2784 1744//2784 1755//2784
f  1758//2785 1681//2785 1637//2785
f  1712//2786 1758//2786 1637//2786
f  1710//2787 1759//2787 1711//2787
f  1759//2788 1670//2788 1711//2788
f  1760//2789 734//2789 1709//2789
f  1761//2790 1760//2790 1709//2790
f  1754//2791 1761//2791 1709//2791
f  1762//2792 1679//2792 1680//2792
f  1729//2793 1762//2793 1680//2793
f  1763//2794 1764//2794 1704//2794
f  1764//2795 1765//2795 1704//2795
f  1765//2796 1662//2796 1704//2796
f  1685//2797 1732//2797 1704//2797
f  1732//2798 1763//2798 1704//2798
f  1766//2799 1742//2799 1695//2799
f  1726//2800 1766//2800 1695//2800
f  1743//2801 1767//2801 1728//2801
f  1767//2802 1746//2802 1728//2802
f  1737//2803 1735//2803 1639//2803
f  1665//2804 1729//2804 1666//2804
f  1768//2805 1609//2805 1662//2805
f  1765//2806 1768//2806 1662//2806
f  1769//2807 1668//2807 1598//2807
f  1691//2808 1769//2808 1598//2808
f  1599//2809 1770//2809 1535//2809
f  1770//2810 1692//2810 1535//2810
f  1762//2811 1736//2811 1679//2811
f  1771//2812 1763//2812 1732//2812
f  1681//2813 1771//2813 1732//2813
f  1772//2814 1737//2814 1736//2814
f  1762//2815 1772//2815 1736//2815
f  1768//2816 1773//2816 1609//2816
f  1773//2817 1700//2817 1609//2817
f  1702//2818 1774//2818 1610//2818
f  1774//2819 1665//2819 1610//2819
f  1775//2820 1748//2820 1675//2820
f  1713//2821 1775//2821 1675//2821
f  1749//2822 1776//2822 1714//2822
f  1776//2823 1743//2823 1714//2823
f  1624//2824 1712//2824 1650//2824
f  1777//2825 1766//2825 1726//2825
f  1744//2826 1777//2826 1726//2826
f  1767//2827 1778//2827 1746//2827
f  1778//2828 1757//2828 1746//2828
f  1774//2829 1729//2829 1665//2829
f  1702//2830 1729//2830 1774//2830
f  1765//2831 1773//2831 1768//2831
f  1779//2832 1777//2832 1744//2832
f  1756//2833 1779//2833 1744//2833
f  1779//2834 1756//2834 1757//2834
f  1780//2835 1779//2835 1757//2835
f  1778//2836 1781//2836 1757//2836
f  1781//2837 1780//2837 1757//2837
f  1782//2838 1751//2838 1651//2838
f  1703//2839 1782//2839 1651//2839
f  1682//2840 1783//2840 1624//2840
f  1783//2841 1784//2841 1624//2841
f  1784//2842 1712//2842 1624//2842
f  1753//2843 1785//2843 1705//2843
f  1785//2844 1749//2844 1705//2844
f  1786//2845 1763//2845 1771//2845
f  1787//2846 1786//2846 1771//2846
f  1681//2847 1787//2847 1771//2847
f  1735//2848 1788//2848 1686//2848
f  1788//2849 1752//2849 1686//2849
f  1789//2850 1790//2850 1633//2850
f  1790//2851 1717//2851 1633//2851
f  1700//2852 1789//2852 1633//2852
f  1718//2853 1791//2853 1634//2853
f  1791//2854 1792//2854 1634//2854
f  1792//2855 1701//2855 1634//2855
f  1793//2856 1691//2856 1625//2856
f  1717//2857 1793//2857 1625//2857
f  1794//2858 1718//2858 1567//2858
f  1626//2859 1794//2859 1567//2859
f  1795//2860 1750//2860 1638//2860
f  1694//2861 1795//2861 1638//2861
f  1780//2862 1777//2862 1779//2862
f  1752//2863 1796//2863 1698//2863
f  1796//2864 1753//2864 1698//2864
f  1797//2865 1775//2865 1713//2865
f  1742//2866 1797//2866 1713//2866
f  1798//2867 1787//2867 1681//2867
f  1799//2868 1798//2868 1681//2868
f  1758//2869 1799//2869 1681//2869
f  1776//2870 1800//2870 1743//2870
f  1800//2871 1767//2871 1743//2871
f  1765//2872 1700//2872 1773//2872
f  1765//2873 1789//2873 1700//2873
f  1801//2874 1802//2874 1737//2874
f  1802//2875 1803//2875 1737//2875
f  1772//2876 1801//2876 1737//2876
f  1803//2877 1735//2877 1737//2877
f  1701//2878 1729//2878 1702//2878
f  1762//2879 1801//2879 1772//2879
f  1804//2880 1797//2880 1742//2880
f  1766//2881 1804//2881 1742//2881
f  1800//2882 1805//2882 1767//2882
f  1805//2883 1778//2883 1767//2883
f  1701//2884 1806//2884 1729//2884
f  1806//2885 1807//2885 1729//2885
f  1807//2886 1762//2886 1729//2886
f  1808//2887 1789//2887 1765//2887
f  1809//2888 1808//2888 1765//2888
f  1764//2889 1809//2889 1765//2889
f  1810//2890 1801//2890 1762//2890
f  1807//2891 1810//2891 1762//2891
f  1786//2892 1811//2892 1763//2892
f  1811//2893 1764//2893 1763//2893
f  1812//2894 1782//2894 1703//2894
f  1748//2895 1812//2895 1703//2895
f  1813//2896 1758//2896 1712//2896
f  1784//2897 1813//2897 1712//2897
f  1785//2898 1814//2898 1749//2898
f  1814//2899 1776//2899 1749//2899
f  1803//2900 1788//2900 1735//2900
f  1798//2901 1786//2901 1787//2901
f  1810//2902 1802//2902 1801//2902
f  1815//2903 1804//2903 1766//2903
f  1777//2904 1815//2904 1766//2904
f  1805//2905 1816//2905 1778//2905
f  1816//2906 1781//2906 1778//2906
f  1817//2907 1786//2907 1798//2907
f  1799//2908 1817//2908 1798//2908
f  1808//2909 1790//2909 1789//2909
f  1792//2910 1806//2910 1701//2910
f  1818//2911 1819//2911 1668//2911
f  1819//2912 1820//2912 1668//2912
f  1820//2913 1754//2913 1668//2913
f  1821//2914 1818//2914 1668//2914
f  1769//2915 1821//2915 1668//2915
f  1670//2916 1822//2916 1599//2916
f  1822//2917 1823//2917 1599//2917
f  1823//2918 1824//2918 1599//2918
f  1824//2919 1825//2919 1599//2919
f  1825//2920 1770//2920 1599//2920
f  1826//2921 1795//2921 1694//2921
f  1751//2922 1826//2922 1694//2922
f  1780//2923 1815//2923 1777//2923
f  1827//2924 1780//2924 1781//2924
f  1816//2925 1828//2925 1781//2925
f  1828//2926 1827//2926 1781//2926
f  1829//2927 1803//2927 1802//2927
f  1810//2928 1829//2928 1802//2928
f  1796//2929 1830//2929 1753//2929
f  1830//2930 1785//2930 1753//2930
f  1750//2931 1831//2931 1682//2931
f  1831//2932 1783//2932 1682//2932
f  1827//2933 1815//2933 1780//2933
f  1788//2934 1832//2934 1752//2934
f  1832//2935 1796//2935 1752//2935
f  1833//2936 1812//2936 1748//2936
f  1775//2937 1833//2937 1748//2937
f  1814//2938 1834//2938 1776//2938
f  1834//2939 1800//2939 1776//2939
f  1793//2940 1835//2940 1691//2940
f  1835//2941 1836//2941 1691//2941
f  1836//2942 1837//2942 1691//2942
f  1837//2943 1769//2943 1691//2943
f  1692//2944 1838//2944 1626//2944
f  1838//2945 1839//2945 1626//2945
f  1839//2946 1840//2946 1626//2946
f  1841//2947 1794//2947 1626//2947
f  1840//2948 1841//2948 1626//2948
f  1842//2949 1799//2949 1758//2949
f  1843//2950 1842//2950 1758//2950
f  1813//2951 1843//2951 1758//2951
f  1829//2952 1844//2952 1803//2952
f  1844//2953 1845//2953 1803//2953
f  1845//2954 1788//2954 1803//2954
f  1790//2955 1846//2955 1717//2955
f  1847//2956 1793//2956 1717//2956
f  1846//2957 1847//2957 1717//2957
f  1794//2958 1848//2958 1718//2958
f  1848//2959 1791//2959 1718//2959
f  1791//2960 1806//2960 1792//2960
f  1849//2961 1833//2961 1775//2961
f  1797//2962 1849//2962 1775//2962
f  1834//2963 1850//2963 1800//2963
f  1850//2964 1805//2964 1800//2964
f  1851//2965 1826//2965 1751//2965
f  1782//2966 1851//2966 1751//2966
f  1830//2967 1852//2967 1785//2967
f  1852//2968 1814//2968 1785//2968
f  1806//2969 1853//2969 1807//2969
f  1853//2970 1854//2970 1807//2970
f  1854//2971 1810//2971 1807//2971
f  1855//2972 1809//2972 1764//2972
f  1811//2973 1855//2973 1764//2973
f  1856//2974 1829//2974 1810//2974
f  1854//2975 1856//2975 1810//2975
f  1857//2976 1811//2976 1786//2976
f  1817//2977 1857//2977 1786//2977
f  1858//2978 1813//2978 1784//2978
f  1783//2979 1858//2979 1784//2979
f  1845//2980 1832//2980 1788//2980
f  1848//2981 1806//2981 1791//2981
f  1808//2982 1846//2982 1790//2982
f  1856//2983 1844//2983 1829//2983
f  1794//2984 1806//2984 1848//2984
f  1808//2985 1847//2985 1846//2985
f  1842//2986 1817//2986 1799//2986
f  1859//2987 1849//2987 1797//2987
f  1804//2988 1859//2988 1797//2988
f  1850//2989 1860//2989 1805//2989
f  1860//2990 1816//2990 1805//2990
f  1808//2991 1793//2991 1847//2991
f  1795//2992 1861//2992 1750//2992
f  1861//2993 1831//2993 1750//2993
f  1828//2994 1862//2994 1827//2994
f  1862//2995 1815//2995 1827//2995
f  1832//2996 1863//2996 1796//2996
f  1863//2997 1830//2997 1796//2997
f  1843//2998 1817//2998 1842//2998
f  1864//2999 1859//2999 1804//2999
f  1815//3000 1864//3000 1804//3000
f  1860//3001 1865//3001 1816//3001
f  1865//3002 1828//3002 1816//3002
f  1866//3003 1845//3003 1844//3003
f  1856//3004 1866//3004 1844//3004
f  1862//3005 1864//3005 1815//3005
f  1865//3006 1867//3006 1828//3006
f  1867//3007 1862//3007 1828//3007
f  1868//3008 1851//3008 1782//3008
f  1812//3009 1868//3009 1782//3009
f  1869//3010 1761//3010 1754//3010
f  1870//3011 1869//3011 1754//3011
f  1820//3012 1871//3012 1754//3012
f  1871//3013 1870//3013 1754//3013
f  1759//3014 1872//3014 1670//3014
f  1872//3015 1873//3015 1670//3015
f  1873//3016 1874//3016 1670//3016
f  1874//3017 1822//3017 1670//3017
f  1852//3018 1875//3018 1814//3018
f  1875//3019 1834//3019 1814//3019
f  1867//3020 1864//3020 1862//3020
f  1808//3021 1835//3021 1793//3021
f  1841//3022 1876//3022 1794//3022
f  1876//3023 1806//3023 1794//3023
f  1877//3024 1817//3024 1843//3024
f  1878//3025 1877//3025 1843//3025
f  1813//3026 1878//3026 1843//3026
f  1858//3027 1879//3027 1813//3027
f  1879//3028 1880//3028 1813//3028
f  1880//3029 1878//3029 1813//3029
f  1881//3030 1882//3030 1845//3030
f  1882//3031 1883//3031 1845//3031
f  1866//3032 1881//3032 1845//3032
f  1883//3033 1832//3033 1845//3033
f  1884//3034 1821//3034 1769//3034
f  1885//3035 1884//3035 1769//3035
f  1837//3036 1886//3036 1769//3036
f  1886//3037 1885//3037 1769//3037
f  1770//3038 1887//3038 1692//3038
f  1887//3039 1888//3039 1692//3039
f  1888//3040 1889//3040 1692//3040
f  1889//3041 1890//3041 1692//3041
f  1890//3042 1838//3042 1692//3042
f  1891//3043 1836//3043 1835//3043
f  1808//3044 1891//3044 1835//3044
f  1840//3045 1876//3045 1841//3045
f  1839//3046 1876//3046 1840//3046
f  1892//3047 1861//3047 1795//3047
f  1826//3048 1892//3048 1795//3048
f  1893//3049 1868//3049 1812//3049
f  1833//3050 1893//3050 1812//3050
f  1894//3051 1858//3051 1783//3051
f  1831//3052 1894//3052 1783//3052
f  1875//3053 1895//3053 1834//3053
f  1895//3054 1850//3054 1834//3054
f  1863//3055 1896//3055 1830//3055
f  1896//3056 1852//3056 1830//3056
f  1853//3057 1897//3057 1854//3057
f  1897//3058 1898//3058 1854//3058
f  1898//3059 1856//3059 1854//3059
f  1857//3060 1855//3060 1811//3060
f  1899//3061 1866//3061 1856//3061
f  1898//3062 1899//3062 1856//3062
f  1900//3063 1857//3063 1817//3063
f  1877//3064 1900//3064 1817//3064
f  1891//3065 1837//3065 1836//3065
f  1883//3066 1863//3066 1832//3066
f  1838//3067 1876//3067 1839//3067
f  1891//3068 1886//3068 1837//3068
f  1876//3069 1853//3069 1806//3069
f  1901//3070 1891//3070 1808//3070
f  1809//3071 1901//3071 1808//3071
f  1880//3072 1877//3072 1878//3072
f  1899//3073 1881//3073 1866//3073
f  1899//3074 1882//3074 1881//3074
f  1902//3075 1893//3075 1833//3075
f  1849//3076 1902//3076 1833//3076
f  1895//3077 1903//3077 1850//3077
f  1903//3078 1860//3078 1850//3078
f  1710//3079 1872//3079 1759//3079
f  1904//3080 1760//3080 1761//3080
f  1869//3081 1904//3081 1761//3081
f  1905//3082 1877//3082 1880//3082
f  1879//3083 1905//3083 1880//3083
f  1906//3084 1883//3084 1882//3084
f  1899//3085 1906//3085 1882//3085
f  1891//3086 1885//3086 1886//3086
f  1890//3087 1876//3087 1838//3087
f  1889//3088 1907//3088 1890//3088
f  1907//3089 1876//3089 1890//3089
f  1908//3090 1892//3090 1826//3090
f  1851//3091 1908//3091 1826//3091
f  1909//3092 1902//3092 1849//3092
f  1859//3093 1909//3093 1849//3093
f  1896//3094 1910//3094 1852//3094
f  1910//3095 1875//3095 1852//3095
f  1891//3096 1911//3096 1885//3096
f  1911//3097 1884//3097 1885//3097
f  1894//3098 1912//3098 1858//3098
f  1912//3099 1913//3099 1858//3099
f  1913//3100 1879//3100 1858//3100
f  1906//3101 1914//3101 1883//3101
f  1914//3102 1863//3102 1883//3102
f  1864//3103 1909//3103 1859//3103
f  1915//3104 1894//3104 1831//3104
f  1861//3105 1915//3105 1831//3105
f  1916//3106 1821//3106 1884//3106
f  1911//3107 1916//3107 1884//3107
f  1888//3108 1907//3108 1889//3108
f  1917//3109 1918//3109 1863//3109
f  1918//3110 1896//3110 1863//3110
f  1914//3111 1917//3111 1863//3111
f  1919//3112 1909//3112 1864//3112
f  1867//3113 1919//3113 1864//3113
f  1916//3114 1920//3114 1821//3114
f  1920//3115 1818//3115 1821//3115
f  1825//3116 1921//3116 1770//3116
f  1921//3117 1887//3117 1770//3117
f  1865//3118 1919//3118 1867//3118
f  1922//3119 1923//3119 1898//3119
f  1897//3120 1924//3120 1898//3120
f  1924//3121 1922//3121 1898//3121
f  1923//3122 1899//3122 1898//3122
f  1925//3123 1855//3123 1857//3123
f  1926//3124 1925//3124 1857//3124
f  1900//3125 1926//3125 1857//3125
f  1927//3126 1906//3126 1899//3126
f  1923//3127 1927//3127 1899//3127
f  1905//3128 1928//3128 1877//3128
f  1928//3129 1900//3129 1877//3129
f  1887//3130 1907//3130 1888//3130
f  1927//3131 1914//3131 1906//3131
f  1913//3132 1905//3132 1879//3132
f  1907//3133 1929//3133 1876//3133
f  1929//3134 1853//3134 1876//3134
f  1901//3135 1930//3135 1891//3135
f  1930//3136 1911//3136 1891//3136
f  1921//3137 1931//3137 1887//3137
f  1931//3138 1907//3138 1887//3138
f  1911//3139 1920//3139 1916//3139
f  1932//3140 1818//3140 1920//3140
f  1911//3141 1932//3141 1920//3141
f  1929//3142 1897//3142 1853//3142
f  1933//3143 1901//3143 1809//3143
f  1855//3144 1933//3144 1809//3144
f  1825//3145 1931//3145 1921//3145
f  1824//3146 1934//3146 1825//3146
f  1934//3147 1931//3147 1825//3147
f  1935//3148 1908//3148 1851//3148
f  1868//3149 1935//3149 1851//3149
f  1932//3150 1819//3150 1818//3150
f  1936//3151 1820//3151 1819//3151
f  1932//3152 1936//3152 1819//3152
f  1910//3153 1937//3153 1875//3153
f  1937//3154 1895//3154 1875//3154
f  1823//3155 1934//3155 1824//3155
f  1822//3156 1934//3156 1823//3156
f  1936//3157 1871//3157 1820//3157
f  1938//3158 1905//3158 1913//3158
f  1912//3159 1938//3159 1913//3159
f  1874//3160 1939//3160 1822//3160
f  1939//3161 1934//3161 1822//3161
f  1940//3162 1870//3162 1871//3162
f  1936//3163 1940//3163 1871//3163
f  1927//3164 1917//3164 1914//3164
f  1873//3165 1939//3165 1874//3165
f  1872//3166 1941//3166 1873//3166
f  1941//3167 1942//3167 1873//3167
f  1942//3168 1939//3168 1873//3168
f  1940//3169 1869//3169 1870//3169
f  1943//3170 1904//3170 1869//3170
f  1944//3171 1943//3171 1869//3171
f  1940//3172 1944//3172 1869//3172
f  1710//3173 1941//3173 1872//3173
f  1945//3174 1760//3174 1904//3174
f  1943//3175 1945//3175 1904//3175
f  1946//3176 1941//3176 1710//3176
f  1947//3177 1946//3177 1710//3177
f  729//3178 1947//3178 1710//3178
f  1945//3179 734//3179 1760//3179
f  1948//3180 735//3180 734//3180
f  1945//3181 1948//3181 734//3181
f  1948//3182 736//3182 735//3182
f  1948//3183 1949//3183 736//3183
f  1949//3184 1950//3184 736//3184
f  1950//3185 737//3185 736//3185
f  1950//3186 748//3186 737//3186
f  1951//3187 744//3187 748//3187
f  1950//3188 1951//3188 748//3188
f  1951//3189 745//3189 744//3189
f  1952//3190 746//3190 745//3190
f  1953//3191 1952//3191 745//3191
f  1951//3192 1953//3192 745//3192
f  1952//3193 754//3193 746//3193
f  1952//3194 1954//3194 754//3194
f  1954//3195 752//3195 754//3195
f  1954//3196 1955//3196 752//3196
f  1955//3197 763//3197 752//3197
f  1955//3198 1956//3198 763//3198
f  1956//3199 764//3199 763//3199
f  1956//3200 765//3200 764//3200
f  1956//3201 1957//3201 765//3201
f  1957//3202 762//3202 765//3202
f  1957//3203 1958//3203 762//3203
f  1958//3204 760//3204 762//3204
f  1958//3205 770//3205 760//3205
f  1959//3206 771//3206 770//3206
f  1958//3207 1959//3207 770//3207
f  1959//3208 1960//3208 771//3208
f  1960//3209 772//3209 771//3209
f  1960//3210 785//3210 772//3210
f  1961//3211 782//3211 785//3211
f  1960//3212 1961//3212 785//3212
f  1961//3213 783//3213 782//3213
f  1962//3214 795//3214 783//3214
f  1963//3215 1962//3215 783//3215
f  1961//3216 1963//3216 783//3216
f  1964//3217 791//3217 795//3217
f  1962//3218 1964//3218 795//3218
f  1964//3219 792//3219 791//3219
f  1964//3220 793//3220 792//3220
f  1965//3221 794//3221 793//3221
f  1964//3222 1965//3222 793//3222
f  1966//3223 799//3223 794//3223
f  1965//3224 1966//3224 794//3224
f  730//3225 1947//3225 729//3225
f  728//3226 1947//3226 730//3226
f  727//3227 1967//3227 728//3227
f  1967//3228 1947//3228 728//3228
f  743//3229 1967//3229 727//3229
f  742//3230 1968//3230 743//3230
f  1968//3231 1967//3231 743//3231
f  741//3232 1968//3232 742//3232
f  740//3233 1969//3233 741//3233
f  1970//3234 1968//3234 741//3234
f  1969//3235 1970//3235 741//3235
f  751//3236 1969//3236 740//3236
f  750//3237 1971//3237 751//3237
f  1971//3238 1969//3238 751//3238
f  756//3239 1971//3239 750//3239
f  755//3240 1972//3240 756//3240
f  1972//3241 1971//3241 756//3241
f  759//3242 1973//3242 755//3242
f  1973//3243 1972//3243 755//3243
f  758//3244 1974//3244 759//3244
f  1974//3245 1973//3245 759//3245
f  768//3246 1974//3246 758//3246
f  767//3247 1975//3247 768//3247
f  1976//3248 1974//3248 768//3248
f  1975//3249 1976//3249 768//3249
f  769//3250 1975//3250 767//3250
f  775//3251 1975//3251 769//3251
f  1977//3252 1975//3252 775//3252
f  1978//3253 1977//3253 775//3253
f  779//3254 1978//3254 775//3254
f  778//3255 1978//3255 779//3255
f  777//3256 1978//3256 778//3256
f  1979//3257 1978//3257 777//3257
f  1980//3258 1979//3258 777//3258
f  776//3259 1980//3259 777//3259
f  781//3260 1980//3260 776//3260
f  1981//3261 1980//3261 781//3261
f  780//3262 1981//3262 781//3262
f  1982//3263 1981//3263 780//3263
f  790//3264 1982//3264 780//3264
f  789//3265 1982//3265 790//3265
f  788//3266 1982//3266 789//3266
f  787//3267 1983//3267 788//3267
f  1983//3268 1982//3268 788//3268
f  1984//3269 1983//3269 787//3269
f  1985//3270 1984//3270 787//3270
f  798//3271 1985//3271 787//3271
f  1966//3272 1986//3272 799//3272
f  1986//3273 1987//3273 799//3273
f  1987//3274 796//3274 799//3274
f  1988//3275 1985//3275 798//3275
f  797//3276 1988//3276 798//3276
f  1987//3277 1988//3277 796//3277
f  1988//3278 797//3278 796//3278
f  1989//3279 1935//3279 1868//3279
f  1893//3280 1989//3280 1868//3280
f  1937//3281 1990//3281 1895//3281
f  1990//3282 1903//3282 1895//3282
f  1892//3283 1915//3283 1861//3283
f  1915//3284 1991//3284 1894//3284
f  1991//3285 1992//3285 1894//3285
f  1992//3286 1912//3286 1894//3286
f  1918//3287 1993//3287 1896//3287
f  1993//3288 1994//3288 1896//3288
f  1994//3289 1910//3289 1896//3289
f  1995//3290 1985//3290 1988//3290
f  1987//3291 1995//3291 1988//3291
f  1983//3292 1981//3292 1982//3292
f  1996//3293 1963//3293 1961//3293
f  1960//3294 1996//3294 1961//3294
f  1997//3295 1977//3295 1978//3295
f  1979//3296 1997//3296 1978//3296
f  1931//3297 1998//3297 1907//3297
f  1998//3298 1929//3298 1907//3298
f  1930//3299 1932//3299 1911//3299
f  1999//3300 1981//3300 1983//3300
f  2000//3301 1999//3301 1983//3301
f  1984//3302 2000//3302 1983//3302
f  1965//3303 1986//3303 1966//3303
f  2001//3304 1918//3304 1917//3304
f  1927//3305 2001//3305 1917//3305
f  1992//3306 1938//3306 1912//3306
f  2002//3307 1989//3307 1893//3307
f  1902//3308 2002//3308 1893//3308
f  1990//3309 2003//3309 1903//3309
f  2003//3310 1860//3310 1903//3310
f  2004//3311 2001//3311 1927//3311
f  1923//3312 2004//3312 1927//3312
f  2005//3313 1928//3313 1905//3313
f  1938//3314 2005//3314 1905//3314
f  1971//3315 2006//3315 1969//3315
f  2006//3316 1970//3316 1969//3316
f  1953//3317 2007//3317 1952//3317
f  2007//3318 1954//3318 1952//3318
f  1946//3319 1942//3319 1941//3319
f  1944//3320 1945//3320 1943//3320
f  1922//3321 2008//3321 1923//3321
f  2008//3322 2004//3322 1923//3322
f  1928//3323 2009//3323 1900//3323
f  2009//3324 1926//3324 1900//3324
f  1962//3325 1965//3325 1964//3325
f  1999//3326 1980//3326 1981//3326
f  1995//3327 1984//3327 1985//3327
f  1986//3328 2010//3328 1987//3328
f  2010//3329 1995//3329 1987//3329
f  2011//3330 2012//3330 1925//3330
f  2012//3331 1855//3331 1925//3331
f  1926//3332 2011//3332 1925//3332
f  1967//3333 1946//3333 1947//3333
f  1998//3334 2013//3334 1929//3334
f  2013//3335 1897//3335 1929//3335
f  1933//3336 2014//3336 1901//3336
f  2014//3337 1930//3337 1901//3337
f  2013//3338 1924//3338 1897//3338
f  2015//3339 1933//3339 1855//3339
f  2012//3340 2015//3340 1855//3340
f  2016//3341 1996//3341 1960//3341
f  1959//3342 2016//3342 1960//3342
f  2017//3343 1975//3343 1977//3343
f  1997//3344 2017//3344 1977//3344
f  1934//3345 2018//3345 1931//3345
f  2018//3346 1998//3346 1931//3346
f  2019//3347 1936//3347 1932//3347
f  1930//3348 2019//3348 1932//3348
f  2020//3349 2021//3349 1967//3349
f  2021//3350 1946//3350 1967//3350
f  1968//3351 2020//3351 1967//3351
f  2022//3352 1951//3352 1950//3352
f  1949//3353 2022//3353 1950//3353
f  2023//3354 2024//3354 1995//3354
f  2024//3355 1984//3355 1995//3355
f  2010//3356 2023//3356 1995//3356
f  2025//3357 2002//3357 1902//3357
f  1909//3358 2025//3358 1902//3358
f  2003//3359 2026//3359 1860//3359
f  2026//3360 1865//3360 1860//3360
f  2027//3361 2028//3361 1942//3361
f  1946//3362 2027//3362 1942//3362
f  2028//3363 1939//3363 1942//3363
f  2029//3364 2006//3364 1971//3364
f  1972//3365 2029//3365 1971//3365
f  2007//3366 2030//3366 1954//3366
f  2030//3367 1955//3367 1954//3367
f  1944//3368 2031//3368 1945//3368
f  2031//3369 2032//3369 1945//3369
f  2032//3370 1948//3370 1945//3370
f  2033//3371 1915//3371 1892//3371
f  1908//3372 2034//3372 1892//3372
f  2034//3373 2035//3373 1892//3373
f  2035//3374 2033//3374 1892//3374
f  2036//3375 2037//3375 1910//3375
f  2037//3376 1937//3376 1910//3376
f  1994//3377 2038//3377 1910//3377
f  2038//3378 2036//3378 1910//3378
f  2039//3379 2024//3379 2023//3379
f  2040//3380 2039//3380 2023//3380
f  2010//3381 2040//3381 2023//3381
f  2041//3382 2016//3382 1959//3382
f  1958//3383 2041//3383 1959//3383
f  2042//3384 1976//3384 1975//3384
f  2017//3385 2042//3385 1975//3385
f  2024//3386 2000//3386 1984//3386
f  1965//3387 2043//3387 1986//3387
f  2043//3388 2010//3388 1986//3388
f  2044//3389 1938//3389 1992//3389
f  1991//3390 2044//3390 1992//3390
f  2045//3391 2025//3391 1909//3391
f  1919//3392 2045//3392 1909//3392
f  2046//3393 2045//3393 1865//3393
f  2045//3394 1919//3394 1865//3394
f  2026//3395 2047//3395 1865//3395
f  2047//3396 2046//3396 1865//3396
f  2001//3397 2048//3397 1918//3397
f  2048//3398 1993//3398 1918//3398
f  1973//3399 2049//3399 1972//3399
f  2049//3400 2029//3400 1972//3400
f  2030//3401 2050//3401 1955//3401
f  2050//3402 1956//3402 1955//3402
f  2051//3403 2018//3403 1934//3403
f  1939//3404 2051//3404 1934//3404
f  2052//3405 1940//3405 1936//3405
f  2019//3406 2052//3406 1936//3406
f  2033//3407 2053//3407 1915//3407
f  2053//3408 1991//3408 1915//3408
f  1963//3409 2054//3409 1962//3409
f  2054//3410 2055//3410 1962//3410
f  2055//3411 2043//3411 1962//3411
f  2043//3412 1965//3412 1962//3412
f  2056//3413 1979//3413 1980//3413
f  2057//3414 2056//3414 1980//3414
f  1999//3415 2057//3415 1980//3415
f  2000//3416 2057//3416 1999//3416
f  2058//3417 2041//3417 1958//3417
f  1957//3418 2058//3418 1958//3418
f  2059//3419 1974//3419 1976//3419
f  2042//3420 2059//3420 1976//3420
f  2027//3421 2060//3421 2028//3421
f  2060//3422 1939//3422 2028//3422
f  1940//3423 2031//3423 1944//3423
f  1974//3424 2059//3424 1973//3424
f  2059//3425 2049//3425 1973//3425
f  2050//3426 2058//3426 1956//3426
f  2058//3427 1957//3427 1956//3427
f  2060//3428 2061//3428 1939//3428
f  2061//3429 2062//3429 1939//3429
f  2062//3430 2063//3430 1939//3430
f  2063//3431 2051//3431 1939//3431
f  2064//3432 2065//3432 1940//3432
f  2065//3433 2066//3433 1940//3433
f  2066//3434 2031//3434 1940//3434
f  2052//3435 2064//3435 1940//3435
f  2021//3436 2027//3436 1946//3436
f  2032//3437 2067//3437 1948//3437
f  2067//3438 2068//3438 1948//3438
f  2068//3439 1949//3439 1948//3439
f  2027//3440 2069//3440 2060//3440
f  2069//3441 2061//3441 2060//3441
f  2066//3442 2032//3442 2031//3442
f  2070//3443 2020//3443 1968//3443
f  1970//3444 2070//3444 1968//3444
f  2071//3445 1953//3445 1951//3445
f  2022//3446 2071//3446 1951//3446
f  2072//3447 2024//3447 2039//3447
f  2073//3448 2072//3448 2039//3448
f  2040//3449 2073//3449 2039//3449
f  2048//3450 1994//3450 1993//3450
f  2074//3451 2000//3451 2024//3451
f  2072//3452 2074//3452 2024//3452
f  2043//3453 2040//3453 2010//3453
f  2053//3454 2044//3454 1991//3454
f  1996//3455 2075//3455 1963//3455
f  2075//3456 2054//3456 1963//3456
f  2076//3457 1997//3457 1979//3457
f  2056//3458 2076//3458 1979//3458
f  2077//3459 2078//3459 1908//3459
f  2078//3460 2034//3460 1908//3460
f  2079//3461 2077//3461 1908//3461
f  1935//3462 2079//3462 1908//3462
f  2080//3463 2081//3463 1937//3463
f  2081//3464 2082//3464 1937//3464
f  2082//3465 1990//3465 1937//3465
f  2037//3466 2083//3466 1937//3466
f  2083//3467 2080//3467 1937//3467
f  2084//3468 2048//3468 2001//3468
f  2004//3469 2084//3469 2001//3469
f  2085//3470 2005//3470 1938//3470
f  2044//3471 2085//3471 1938//3471
f  2055//3472 2086//3472 2043//3472
f  2086//3473 2087//3473 2043//3473
f  2087//3474 2040//3474 2043//3474
f  2088//3475 2057//3475 2000//3475
f  2074//3476 2088//3476 2000//3476
f  2008//3477 2084//3477 2004//3477
f  2089//3478 2009//3478 1928//3478
f  2005//3479 2089//3479 1928//3479
f  2090//3480 2072//3480 2073//3480
f  2091//3481 2090//3481 2073//3481
f  2040//3482 2091//3482 2073//3482
f  2018//3483 2092//3483 1998//3483
f  2092//3484 2013//3484 1998//3484
f  2014//3485 2019//3485 1930//3485
f  2093//3486 2070//3486 1970//3486
f  2006//3487 2093//3487 1970//3487
f  2071//3488 2094//3488 1953//3488
f  2094//3489 2007//3489 1953//3489
f  2065//3490 2032//3490 2066//3490
f  2069//3491 2062//3491 2061//3491
f  1924//3492 2095//3492 1922//3492
f  2095//3493 2096//3493 1922//3493
f  2096//3494 2008//3494 1922//3494
f  2009//3495 2097//3495 1926//3495
f  2097//3496 2011//3496 1926//3496
f  2046//3497 2025//3497 2045//3497
f  2021//3498 2069//3498 2027//3498
f  2013//3499 2098//3499 1924//3499
f  2098//3500 2095//3500 1924//3500
f  2099//3501 2015//3501 2012//3501
f  2011//3502 2099//3502 2012//3502
f  2069//3503 2100//3503 2062//3503
f  2100//3504 2063//3504 2062//3504
f  2016//3505 2101//3505 1996//3505
f  2101//3506 2075//3506 1996//3506
f  2102//3507 2017//3507 1997//3507
f  2076//3508 2102//3508 1997//3508
f  2092//3509 2098//3509 2013//3509
f  2015//3510 2103//3510 1933//3510
f  2103//3511 2014//3511 1933//3511
f  2104//3512 2105//3512 2021//3512
f  2105//3513 2069//3513 2021//3513
f  2020//3514 2104//3514 2021//3514
f  2106//3515 2022//3515 1949//3515
f  2068//3516 2106//3516 1949//3516
f  2107//3517 2044//3517 2053//3517
f  2033//3518 2107//3518 2053//3518
f  2065//3519 2067//3519 2032//3519
f  2108//3520 2074//3520 2072//3520
f  2090//3521 2108//3521 2072//3521
f  2109//3522 2091//3522 2040//3522
f  2110//3523 2109//3523 2040//3523
f  2087//3524 2110//3524 2040//3524
f  2029//3525 2111//3525 2006//3525
f  2111//3526 2093//3526 2006//3526
f  2094//3527 2112//3527 2007//3527
f  2112//3528 2030//3528 2007//3528
f  2048//3529 2038//3529 1994//3529
f  2113//3530 2067//3530 2065//3530
f  2064//3531 2113//3531 2065//3531
f  2051//3532 2114//3532 2018//3532
f  2114//3533 2092//3533 2018//3533
f  2115//3534 2052//3534 2019//3534
f  2014//3535 2115//3535 2019//3535
f  2116//3536 2079//3536 1935//3536
f  2117//3537 2116//3537 1935//3537
f  1989//3538 2117//3538 1935//3538
f  2118//3539 2003//3539 1990//3539
f  2082//3540 2119//3540 1990//3540
f  2119//3541 2118//3541 1990//3541
f  2041//3542 2120//3542 2016//3542
f  2120//3543 2101//3543 2016//3543
f  2121//3544 2042//3544 2017//3544
f  2102//3545 2121//3545 2017//3545
f  2048//3546 2036//3546 2038//3546
f  2054//3547 2122//3547 2055//3547
f  2122//3548 2086//3548 2055//3548
f  2123//3549 2056//3549 2057//3549
f  2088//3550 2123//3550 2057//3550
f  2124//3551 2111//3551 2029//3551
f  2049//3552 2124//3552 2029//3552
f  2112//3553 2125//3553 2030//3553
f  2125//3554 2050//3554 2030//3554
f  2058//3555 2126//3555 2041//3555
f  2126//3556 2120//3556 2041//3556
f  2127//3557 2059//3557 2042//3557
f  2121//3558 2127//3558 2042//3558
f  2059//3559 2127//3559 2049//3559
f  2127//3560 2124//3560 2049//3560
f  2125//3561 2126//3561 2050//3561
f  2126//3562 2058//3562 2050//3562
f  2128//3563 2129//3563 2069//3563
f  2129//3564 2130//3564 2069//3564
f  2130//3565 2100//3565 2069//3565
f  2105//3566 2128//3566 2069//3566
f  2113//3567 2131//3567 2067//3567
f  2131//3568 2132//3568 2067//3568
f  2132//3569 2068//3569 2067//3569
f  2133//3570 2114//3570 2051//3570
f  2063//3571 2133//3571 2051//3571
f  2134//3572 2064//3572 2052//3572
f  2115//3573 2134//3573 2052//3573
f  2035//3574 2107//3574 2033//3574
f  2048//3575 2135//3575 2036//3575
f  2135//3576 2037//3576 2036//3576
f  2136//3577 2104//3577 2020//3577
f  2070//3578 2136//3578 2020//3578
f  2137//3579 2071//3579 2022//3579
f  2106//3580 2137//3580 2022//3580
f  2138//3581 2090//3581 2091//3581
f  2139//3582 2138//3582 2091//3582
f  2109//3583 2139//3583 2091//3583
f  2140//3584 2117//3584 1989//3584
f  2141//3585 2140//3585 1989//3585
f  2002//3586 2141//3586 1989//3586
f  2142//3587 2026//3587 2003//3587
f  2118//3588 2143//3588 2003//3588
f  2143//3589 2142//3589 2003//3589
f  2144//3590 2138//3590 2139//3590
f  2109//3591 2144//3591 2139//3591
f  2145//3592 2146//3592 2063//3592
f  2130//3593 2145//3593 2063//3593
f  2100//3594 2130//3594 2063//3594
f  2146//3595 2133//3595 2063//3595
f  2147//3596 2113//3596 2064//3596
f  2134//3597 2148//3597 2064//3597
f  2148//3598 2149//3598 2064//3598
f  2149//3599 2147//3599 2064//3599
f  2147//3600 2131//3600 2113//3600
f  2075//3601 2150//3601 2054//3601
f  2150//3602 2122//3602 2054//3602
f  2151//3603 2076//3603 2056//3603
f  2123//3604 2151//3604 2056//3604
f  2152//3605 2110//3605 2087//3605
f  2086//3606 2152//3606 2087//3606
f  2153//3607 2088//3607 2074//3607
f  2108//3608 2153//3608 2074//3608
f  2154//3609 2135//3609 2048//3609
f  2084//3610 2154//3610 2048//3610
f  2155//3611 2085//3611 2044//3611
f  2107//3612 2155//3612 2044//3612
f  2156//3613 2154//3613 2084//3613
f  2008//3614 2156//3614 2084//3614
f  2157//3615 2089//3615 2005//3615
f  2085//3616 2157//3616 2005//3616
f  2158//3617 2141//3617 2002//3617
f  2159//3618 2158//3618 2002//3618
f  2025//3619 2159//3619 2002//3619
f  2160//3620 2047//3620 2026//3620
f  2142//3621 2161//3621 2026//3621
f  2161//3622 2160//3622 2026//3622
f  2162//3623 2136//3623 2070//3623
f  2093//3624 2162//3624 2070//3624
f  2137//3625 2163//3625 2071//3625
f  2163//3626 2094//3626 2071//3626
f  2135//3627 2164//3627 2037//3627
f  2164//3628 2083//3628 2037//3628
f  2034//3629 2107//3629 2035//3629
f  2165//3630 2108//3630 2090//3630
f  2138//3631 2165//3631 2090//3631
f  2166//3632 2144//3632 2109//3632
f  2167//3633 2168//3633 2109//3633
f  2168//3634 2166//3634 2109//3634
f  2110//3635 2167//3635 2109//3635
f  2096//3636 2156//3636 2008//3636
f  2169//3637 2097//3637 2009//3637
f  2089//3638 2169//3638 2009//3638
f  2129//3639 2145//3639 2130//3639
f  2149//3640 2131//3640 2147//3640
f  2129//3641 2170//3641 2145//3641
f  2170//3642 2146//3642 2145//3642
f  2114//3643 2171//3643 2092//3643
f  2171//3644 2098//3644 2092//3644
f  2103//3645 2115//3645 2014//3645
f  2101//3646 2172//3646 2075//3646
f  2172//3647 2150//3647 2075//3647
f  2173//3648 2102//3648 2076//3648
f  2151//3649 2173//3649 2076//3649
f  2104//3650 2174//3650 2105//3650
f  2174//3651 2128//3651 2105//3651
f  2175//3652 2106//3652 2068//3652
f  2132//3653 2175//3653 2068//3653
f  2176//3654 2159//3654 2025//3654
f  2177//3655 2176//3655 2025//3655
f  2046//3656 2177//3656 2025//3656
f  2178//3657 2046//3657 2047//3657
f  2160//3658 2179//3658 2047//3658
f  2179//3659 2178//3659 2047//3659
f  2098//3660 2180//3660 2095//3660
f  2180//3661 2096//3661 2095//3661
f  2181//3662 2099//3662 2011//3662
f  2097//3663 2181//3663 2011//3663
f  2182//3664 2107//3664 2034//3664
f  2078//3665 2182//3665 2034//3665
f  2183//3666 2177//3666 2046//3666
f  2178//3667 2183//3667 2046//3667
f  2184//3668 2131//3668 2149//3668
f  2148//3669 2184//3669 2149//3669
f  2171//3670 2180//3670 2098//3670
f  2099//3671 2185//3671 2015//3671
f  2185//3672 2103//3672 2015//3672
f  2186//3673 2162//3673 2093//3673
f  2111//3674 2186//3674 2093//3674
f  2163//3675 2187//3675 2094//3675
f  2187//3676 2112//3676 2094//3676
f  2122//3677 2188//3677 2086//3677
f  2188//3678 2152//3678 2086//3678
f  2189//3679 2123//3679 2088//3679
f  2153//3680 2189//3680 2088//3680
f  2120//3681 2190//3681 2101//3681
f  2190//3682 2172//3682 2101//3682
f  2191//3683 2121//3683 2102//3683
f  2173//3684 2191//3684 2102//3684
f  2077//3685 2182//3685 2078//3685
f  2164//3686 2080//3686 2083//3686
f  2124//3687 2192//3687 2111//3687
f  2192//3688 2186//3688 2111//3688
f  2187//3689 2193//3689 2112//3689
f  2193//3690 2125//3690 2112//3690
f  2194//3691 2195//3691 2129//3691
f  2195//3692 2196//3692 2129//3692
f  2196//3693 2170//3693 2129//3693
f  2128//3694 2194//3694 2129//3694
f  2197//3695 2198//3695 2131//3695
f  2184//3696 2197//3696 2131//3696
f  2198//3697 2199//3697 2131//3697
f  2199//3698 2132//3698 2131//3698
f  2133//3699 2200//3699 2114//3699
f  2200//3700 2171//3700 2114//3700
f  2103//3701 2134//3701 2115//3701
f  2201//3702 2127//3702 2121//3702
f  2191//3703 2201//3703 2121//3703
f  2126//3704 2202//3704 2120//3704
f  2202//3705 2190//3705 2120//3705
f  2201//3706 2192//3706 2124//3706
f  2127//3707 2201//3707 2124//3707
f  2193//3708 2202//3708 2125//3708
f  2202//3709 2126//3709 2125//3709
f  2166//3710 2138//3710 2144//3710
f  2203//3711 2174//3711 2104//3711
f  2136//3712 2203//3712 2104//3712
f  2204//3713 2137//3713 2106//3713
f  2175//3714 2204//3714 2106//3714
f  2205//3715 2153//3715 2108//3715
f  2165//3716 2205//3716 2108//3716
f  2206//3717 2167//3717 2110//3717
f  2152//3718 2206//3718 2110//3718
f  2207//3719 2182//3719 2077//3719
f  2079//3720 2207//3720 2077//3720
f  2208//3721 2138//3721 2166//3721
f  2168//3722 2208//3722 2166//3722
f  2164//3723 2081//3723 2080//3723
f  2150//3724 2209//3724 2122//3724
f  2209//3725 2188//3725 2122//3725
f  2210//3726 2151//3726 2123//3726
f  2189//3727 2210//3727 2123//3727
f  2164//3728 2211//3728 2081//3728
f  2211//3729 2082//3729 2081//3729
f  2212//3730 2200//3730 2133//3730
f  2146//3731 2212//3731 2133//3731
f  2103//3732 2213//3732 2134//3732
f  2213//3733 2148//3733 2134//3733
f  2208//3734 2165//3734 2138//3734
f  2167//3735 2208//3735 2168//3735
f  2214//3736 2164//3736 2135//3736
f  2154//3737 2214//3737 2135//3737
f  2182//3738 2215//3738 2107//3738
f  2215//3739 2155//3739 2107//3739
f  2170//3740 2196//3740 2146//3740
f  2196//3741 2216//3741 2146//3741
f  2216//3742 2217//3742 2146//3742
f  2217//3743 2212//3743 2146//3743
f  2218//3744 2219//3744 2148//3744
f  2220//3745 2218//3745 2148//3745
f  2219//3746 2197//3746 2148//3746
f  2197//3747 2184//3747 2148//3747
f  2213//3748 2220//3748 2148//3748
f  2221//3749 2203//3749 2136//3749
f  2162//3750 2221//3750 2136//3750
f  2204//3751 2222//3751 2137//3751
f  2222//3752 2163//3752 2137//3752
f  2223//3753 2214//3753 2154//3753
f  2156//3754 2223//3754 2154//3754
f  2224//3755 2157//3755 2085//3755
f  2155//3756 2224//3756 2085//3756
f  2225//3757 2194//3757 2128//3757
f  2174//3758 2225//3758 2128//3758
f  2226//3759 2175//3759 2132//3759
f  2199//3760 2226//3760 2132//3760
f  2195//3761 2216//3761 2196//3761
f  2211//3762 2119//3762 2082//3762
f  2172//3763 2227//3763 2150//3763
f  2227//3764 2209//3764 2150//3764
f  2228//3765 2173//3765 2151//3765
f  2210//3766 2228//3766 2151//3766
f  2116//3767 2207//3767 2079//3767
f  2096//3768 2229//3768 2156//3768
f  2229//3769 2223//3769 2156//3769
f  2230//3770 2169//3770 2089//3770
f  2157//3771 2230//3771 2089//3771
f  2231//3772 2165//3772 2208//3772
f  2167//3773 2231//3773 2208//3773
f  2219//3774 2198//3774 2197//3774
f  2195//3775 2232//3775 2216//3775
f  2232//3776 2217//3776 2216//3776
f  2218//3777 2198//3777 2219//3777
f  2233//3778 2206//3778 2152//3778
f  2188//3779 2233//3779 2152//3779
f  2234//3780 2189//3780 2153//3780
f  2205//3781 2234//3781 2153//3781
f  2200//3782 2235//3782 2171//3782
f  2235//3783 2180//3783 2171//3783
f  2185//3784 2236//3784 2103//3784
f  2236//3785 2213//3785 2103//3785
f  2180//3786 2237//3786 2096//3786
f  2237//3787 2229//3787 2096//3787
f  2238//3788 2181//3788 2097//3788
f  2169//3789 2238//3789 2097//3789
f  2211//3790 2239//3790 2119//3790
f  2239//3791 2118//3791 2119//3791
f  2240//3792 2221//3792 2162//3792
f  2186//3793 2240//3793 2162//3793
f  2222//3794 2241//3794 2163//3794
f  2241//3795 2187//3795 2163//3795
f  2235//3796 2237//3796 2180//3796
f  2181//3797 2242//3797 2099//3797
f  2242//3798 2185//3798 2099//3798
f  2190//3799 2243//3799 2172//3799
f  2243//3800 2227//3800 2172//3800
f  2244//3801 2191//3801 2173//3801
f  2228//3802 2244//3802 2173//3802
f  2245//3803 2232//3803 2195//3803
f  2194//3804 2245//3804 2195//3804
f  2218//3805 2199//3805 2198//3805
f  2246//3806 2207//3806 2116//3806
f  2117//3807 2246//3807 2116//3807
f  2231//3808 2247//3808 2165//3808
f  2247//3809 2248//3809 2165//3809
f  2248//3810 2205//3810 2165//3810
f  2249//3811 2231//3811 2167//3811
f  2206//3812 2249//3812 2167//3812
f  2250//3813 2240//3813 2186//3813
f  2192//3814 2250//3814 2186//3814
f  2241//3815 2251//3815 2187//3815
f  2251//3816 2193//3816 2187//3816
f  2252//3817 2201//3817 2191//3817
f  2244//3818 2252//3818 2191//3818
f  2202//3819 2253//3819 2190//3819
f  2253//3820 2243//3820 2190//3820
f  2203//3821 2254//3821 2174//3821
f  2254//3822 2225//3822 2174//3822
f  2255//3823 2204//3823 2175//3823
f  2226//3824 2255//3824 2175//3824
f  2201//3825 2252//3825 2192//3825
f  2252//3826 2250//3826 2192//3826
f  2251//3827 2253//3827 2193//3827
f  2253//3828 2202//3828 2193//3828
f  2140//3829 2246//3829 2117//3829
f  2212//3830 2256//3830 2200//3830
f  2256//3831 2235//3831 2200//3831
f  2209//3832 2257//3832 2188//3832
f  2257//3833 2233//3833 2188//3833
f  2258//3834 2210//3834 2189//3834
f  2234//3835 2258//3835 2189//3835
f  2249//3836 2247//3836 2231//3836
f  2239//3837 2143//3837 2118//3837
f  2259//3838 2246//3838 2140//3838
f  2141//3839 2259//3839 2140//3839
f  2260//3840 2248//3840 2247//3840
f  2249//3841 2260//3841 2247//3841
f  2239//3842 2261//3842 2143//3842
f  2261//3843 2142//3843 2143//3843
f  2262//3844 2211//3844 2164//3844
f  2214//3845 2262//3845 2164//3845
f  2263//3846 2215//3846 2182//3846
f  2207//3847 2263//3847 2182//3847
f  2217//3848 2256//3848 2212//3848
f  2236//3849 2220//3849 2213//3849
f  2264//3850 2265//3850 2194//3850
f  2266//3851 2267//3851 2194//3851
f  2265//3852 2266//3852 2194//3852
f  2267//3853 2245//3853 2194//3853
f  2225//3854 2264//3854 2194//3854
f  2268//3855 2269//3855 2199//3855
f  2218//3856 2268//3856 2199//3856
f  2270//3857 2226//3857 2199//3857
f  2269//3858 2270//3858 2199//3858
f  2261//3859 2161//3859 2142//3859
f  2220//3860 2268//3860 2218//3860
f  2271//3861 2254//3861 2203//3861
f  2221//3862 2271//3862 2203//3862
f  2255//3863 2272//3863 2204//3863
f  2272//3864 2222//3864 2204//3864
f  2245//3865 2217//3865 2232//3865
f  2248//3866 2273//3866 2205//3866
f  2273//3867 2234//3867 2205//3867
f  2274//3868 2275//3868 2206//3868
f  2275//3869 2249//3869 2206//3869
f  2233//3870 2274//3870 2206//3870
f  2227//3871 2276//3871 2209//3871
f  2276//3872 2257//3872 2209//3872
f  2277//3873 2228//3873 2210//3873
f  2258//3874 2277//3874 2210//3874
f  2278//3875 2160//3875 2161//3875
f  2261//3876 2278//3876 2161//3876
f  2158//3877 2259//3877 2141//3877
f  2279//3878 2259//3878 2158//3878
f  2159//3879 2279//3879 2158//3879
f  2267//3880 2217//3880 2245//3880
f  2280//3881 2262//3881 2214//3881
f  2223//3882 2280//3882 2214//3882
f  2215//3883 2281//3883 2155//3883
f  2281//3884 2224//3884 2155//3884
f  2176//3885 2279//3885 2159//3885
f  2267//3886 2266//3886 2217//3886
f  2266//3887 2282//3887 2217//3887
f  2282//3888 2283//3888 2217//3888
f  2283//3889 2256//3889 2217//3889
f  2284//3890 2285//3890 2220//3890
f  2285//3891 2268//3891 2220//3891
f  2236//3892 2284//3892 2220//3892
f  2177//3893 2286//3893 2176//3893
f  2286//3894 2279//3894 2176//3894
f  2278//3895 2179//3895 2160//3895
f  2285//3896 2269//3896 2268//3896
f  2278//3897 2178//3897 2179//3897
f  2286//3898 2183//3898 2178//3898
f  2278//3899 2286//3899 2178//3899
f  2287//3900 2288//3900 2249//3900
f  2288//3901 2260//3901 2249//3901
f  2275//3902 2287//3902 2249//3902
f  2265//3903 2282//3903 2266//3903
f  2229//3904 2289//3904 2223//3904
f  2289//3905 2280//3905 2223//3905
f  2290//3906 2230//3906 2157//3906
f  2224//3907 2290//3907 2157//3907
f  2291//3908 2269//3908 2285//3908
f  2284//3909 2291//3909 2285//3909
f  2292//3910 2271//3910 2221//3910
f  2240//3911 2292//3911 2221//3911
f  2272//3912 2293//3912 2222//3912
f  2293//3913 2241//3913 2222//3913
f  2183//3914 2286//3914 2177//3914
f  2294//3915 2244//3915 2228//3915
f  2277//3916 2294//3916 2228//3916
f  2243//3917 2295//3917 2227//3917
f  2295//3918 2276//3918 2227//3918
f  2237//3919 2296//3919 2229//3919
f  2296//3920 2289//3920 2229//3920
f  2297//3921 2238//3921 2169//3921
f  2230//3922 2297//3922 2169//3922
f  2298//3923 2299//3923 2235//3923
f  2256//3924 2298//3924 2235//3924
f  2299//3925 2237//3925 2235//3925
f  2242//3926 2300//3926 2185//3926
f  2300//3927 2236//3927 2185//3927
f  2299//3928 2296//3928 2237//3928
f  2238//3929 2301//3929 2181//3929
f  2301//3930 2242//3930 2181//3930
f  2302//3931 2264//3931 2225//3931
f  2254//3932 2302//3932 2225//3932
f  2303//3933 2255//3933 2226//3933
f  2270//3934 2303//3934 2226//3934
f  2304//3935 2292//3935 2240//3935
f  2250//3936 2304//3936 2240//3936
f  2293//3937 2305//3937 2241//3937
f  2305//3938 2251//3938 2241//3938
f  2306//3939 2252//3939 2244//3939
f  2294//3940 2306//3940 2244//3940
f  2253//3941 2307//3941 2243//3941
f  2307//3942 2295//3942 2243//3942
f  2273//3943 2308//3943 2234//3943
f  2308//3944 2258//3944 2234//3944
f  2309//3945 2274//3945 2233//3945
f  2257//3946 2309//3946 2233//3946
f  2310//3947 2239//3947 2211//3947
f  2262//3948 2310//3948 2211//3948
f  2311//3949 2263//3949 2207//3949
f  2246//3950 2311//3950 2207//3950
f  2306//3951 2304//3951 2250//3951
f  2252//3952 2306//3952 2250//3952
f  2305//3953 2307//3953 2251//3953
f  2307//3954 2253//3954 2251//3954
f  2312//3955 2313//3955 2265//3955
f  2313//3956 2282//3956 2265//3956
f  2314//3957 2312//3957 2265//3957
f  2315//3958 2314//3958 2265//3958
f  2264//3959 2315//3959 2265//3959
f  2316//3960 2317//3960 2269//3960
f  2291//3961 2316//3961 2269//3961
f  2318//3962 2270//3962 2269//3962
f  2317//3963 2318//3963 2269//3963
f  2288//3964 2248//3964 2260//3964
f  2319//3965 2248//3965 2288//3965
f  2287//3966 2319//3966 2288//3966
f  2271//3967 2320//3967 2254//3967
f  2320//3968 2302//3968 2254//3968
f  2303//3969 2321//3969 2255//3969
f  2321//3970 2272//3970 2255//3970
f  2308//3971 2322//3971 2258//3971
f  2322//3972 2277//3972 2258//3972
f  2276//3973 2323//3973 2257//3973
f  2323//3974 2309//3974 2257//3974
f  2319//3975 2273//3975 2248//3975
f  2275//3976 2319//3976 2287//3976
f  2283//3977 2324//3977 2256//3977
f  2324//3978 2298//3978 2256//3978
f  2300//3979 2284//3979 2236//3979
f  2325//3980 2310//3980 2262//3980
f  2280//3981 2325//3981 2262//3981
f  2326//3982 2281//3982 2215//3982
f  2263//3983 2326//3983 2215//3983
f  2313//3984 2283//3984 2282//3984
f  2327//3985 2261//3985 2239//3985
f  2310//3986 2327//3986 2239//3986
f  2328//3987 2311//3987 2246//3987
f  2259//3988 2328//3988 2246//3988
f  2329//3989 2320//3989 2271//3989
f  2292//3990 2329//3990 2271//3990
f  2321//3991 2330//3991 2272//3991
f  2330//3992 2293//3992 2272//3992
f  2322//3993 2331//3993 2277//3993
f  2332//3994 2294//3994 2277//3994
f  2333//3995 2332//3995 2277//3995
f  2331//3996 2333//3996 2277//3996
f  2295//3997 2334//3997 2276//3997
f  2334//3998 2323//3998 2276//3998
f  2312//3999 2335//3999 2283//3999
f  2313//4000 2312//4000 2283//4000
f  2335//4001 2324//4001 2283//4001
f  2336//4002 2337//4002 2284//4002
f  2337//4003 2316//4003 2284//4003
f  2316//4004 2291//4004 2284//4004
f  2300//4005 2336//4005 2284//4005
f  2338//4006 2315//4006 2264//4006
f  2302//4007 2338//4007 2264//4007
f  2339//4008 2303//4008 2270//4008
f  2318//4009 2339//4009 2270//4009
f  2289//4010 2340//4010 2280//4010
f  2340//4011 2325//4011 2280//4011
f  2281//4012 2341//4012 2224//4012
f  2341//4013 2290//4013 2224//4013
f  2337//4014 2317//4014 2316//4014
f  2342//4015 2273//4015 2319//4015
f  2275//4016 2342//4016 2319//4016
f  2314//4017 2343//4017 2312//4017
f  2343//4018 2335//4018 2312//4018
f  2336//4019 2317//4019 2337//4019
f  2298//4020 2344//4020 2299//4020
f  2344//4021 2296//4021 2299//4021
f  2301//4022 2345//4022 2242//4022
f  2345//4023 2300//4023 2242//4023
f  2296//4024 2346//4024 2289//4024
f  2346//4025 2340//4025 2289//4025
f  2347//4026 2297//4026 2230//4026
f  2290//4027 2347//4027 2230//4027
f  2348//4028 2329//4028 2292//4028
f  2304//4029 2348//4029 2292//4029
f  2330//4030 2349//4030 2293//4030
f  2349//4031 2305//4031 2293//4031
f  2350//4032 2306//4032 2294//4032
f  2332//4033 2350//4033 2294//4033
f  2307//4034 2351//4034 2295//4034
f  2351//4035 2334//4035 2295//4035
f  2344//4036 2346//4036 2296//4036
f  2297//4037 2352//4037 2238//4037
f  2352//4038 2301//4038 2238//4038
f  2353//4039 2278//4039 2261//4039
f  2327//4040 2353//4040 2261//4040
f  2354//4041 2328//4041 2259//4041
f  2279//4042 2354//4042 2259//4042
f  2350//4043 2348//4043 2304//4043
f  2306//4044 2350//4044 2304//4044
f  2349//4045 2351//4045 2305//4045
f  2351//4046 2307//4046 2305//4046
f  2355//4047 2343//4047 2314//4047
f  2315//4048 2355//4048 2314//4048
f  2336//4049 2318//4049 2317//4049
f  2342//4050 2308//4050 2273//4050
f  2274//4051 2342//4051 2275//4051
f  2356//4052 2279//4052 2286//4052
f  2278//4053 2356//4053 2286//4053
f  2357//4054 2356//4054 2278//4054
f  2353//4055 2357//4055 2278//4055
f  2356//4056 2354//4056 2279//4056
f  2358//4057 2338//4057 2302//4057
f  2320//4058 2358//4058 2302//4058
f  2339//4059 2359//4059 2303//4059
f  2359//4060 2321//4060 2303//4060
f  2360//4061 2361//4061 2298//4061
f  2324//4062 2360//4062 2298//4062
f  2361//4063 2362//4063 2298//4063
f  2362//4064 2344//4064 2298//4064
f  2363//4065 2327//4065 2310//4065
f  2325//4066 2363//4066 2310//4066
f  2364//4067 2326//4067 2263//4067
f  2311//4068 2364//4068 2263//4068
f  2329//4069 2365//4069 2320//4069
f  2365//4070 2358//4070 2320//4070
f  2359//4071 2366//4071 2321//4071
f  2366//4072 2330//4072 2321//4072
f  2335//4073 2360//4073 2324//4073
f  2367//4074 2368//4074 2300//4074
f  2345//4075 2367//4075 2300//4075
f  2368//4076 2336//4076 2300//4076
f  2368//4077 2318//4077 2336//4077
f  2369//4078 2355//4078 2315//4078
f  2370//4079 2369//4079 2315//4079
f  2338//4080 2371//4080 2315//4080
f  2371//4081 2372//4081 2315//4081
f  2372//4082 2370//4082 2315//4082
f  2368//4083 2367//4083 2318//4083
f  2373//4084 2339//4084 2318//4084
f  2367//4085 2373//4085 2318//4085
f  2334//4086 2374//4086 2323//4086
f  2374//4087 2375//4087 2323//4087
f  2375//4088 2309//4088 2323//4088
f  2376//4089 2377//4089 2342//4089
f  2377//4090 2308//4090 2342//4090
f  2274//4091 2376//4091 2342//4091
f  2355//4092 2335//4092 2343//4092
f  2377//4093 2322//4093 2308//4093
f  2378//4094 2379//4094 2274//4094
f  2379//4095 2376//4095 2274//4095
f  2309//4096 2378//4096 2274//4096
f  2369//4097 2335//4097 2355//4097
f  2369//4098 2370//4098 2335//4098
f  2370//4099 2360//4099 2335//4099
f  2340//4100 2380//4100 2325//4100
f  2380//4101 2363//4101 2325//4101
f  2381//4102 2341//4102 2281//4102
f  2326//4103 2381//4103 2281//4103
f  2382//4104 2365//4104 2329//4104
f  2348//4105 2382//4105 2329//4105
f  2366//4106 2383//4106 2330//4106
f  2383//4107 2349//4107 2330//4107
f  2384//4108 2350//4108 2332//4108
f  2333//4109 2384//4109 2332//4109
f  2351//4110 2385//4110 2334//4110
f  2385//4111 2374//4111 2334//4111
f  2362//4112 2346//4112 2344//4112
f  2352//4113 2386//4113 2301//4113
f  2386//4114 2345//4114 2301//4114
f  2387//4115 2373//4115 2367//4115
f  2345//4116 2387//4116 2367//4116
f  2346//4117 2388//4117 2340//4117
f  2388//4118 2380//4118 2340//4118
f  2389//4119 2347//4119 2290//4119
f  2341//4120 2389//4120 2290//4120
f  2384//4121 2382//4121 2348//4121
f  2350//4122 2384//4122 2348//4122
f  2383//4123 2385//4123 2349//4123
f  2385//4124 2351//4124 2349//4124
f  2362//4125 2388//4125 2346//4125
f  2347//4126 2390//4126 2297//4126
f  2390//4127 2352//4127 2297//4127
f  2391//4128 2353//4128 2327//4128
f  2363//4129 2391//4129 2327//4129
f  2392//4130 2364//4130 2311//4130
f  2328//4131 2392//4131 2311//4131
f  2358//4132 2393//4132 2338//4132
f  2393//4133 2371//4133 2338//4133
f  2373//4134 2394//4134 2339//4134
f  2394//4135 2359//4135 2339//4135
f  2377//4136 2395//4136 2322//4136
f  2395//4137 2331//4137 2322//4137
f  2375//4138 2396//4138 2309//4138
f  2396//4139 2378//4139 2309//4139
f  2397//4140 2357//4140 2353//4140
f  2391//4141 2397//4141 2353//4141
f  2398//4142 2392//4142 2328//4142
f  2354//4143 2398//4143 2328//4143
f  2365//4144 2399//4144 2358//4144
f  2399//4145 2393//4145 2358//4145
f  2394//4146 2400//4146 2359//4146
f  2400//4147 2366//4147 2359//4147
f  2395//4148 2401//4148 2331//4148
f  2401//4149 2333//4149 2331//4149
f  2402//4150 2396//4150 2375//4150
f  2374//4151 2402//4151 2375//4151
f  2403//4152 2377//4152 2376//4152
f  2379//4153 2403//4153 2376//4153
f  2386//4154 2404//4154 2345//4154
f  2404//4155 2387//4155 2345//4155
f  2405//4156 2354//4156 2356//4156
f  2357//4157 2405//4157 2356//4157
f  2406//4158 2405//4158 2357//4158
f  2407//4159 2406//4159 2357//4159
f  2397//4160 2407//4160 2357//4160
f  2405//4161 2406//4161 2354//4161
f  2406//4162 2398//4162 2354//4162
f  2380//4163 2408//4163 2363//4163
f  2408//4164 2391//4164 2363//4164
f  2409//4165 2381//4165 2326//4165
f  2364//4166 2409//4166 2326//4166
f  2382//4167 2410//4167 2365//4167
f  2410//4168 2399//4168 2365//4168
f  2400//4169 2411//4169 2366//4169
f  2411//4170 2383//4170 2366//4170
f  2401//4171 2412//4171 2333//4171
f  2412//4172 2384//4172 2333//4172
f  2385//4173 2413//4173 2374//4173
f  2413//4174 2402//4174 2374//4174
f  2384//4175 2414//4175 2382//4175
f  2414//4176 2410//4176 2382//4176
f  2411//4177 2415//4177 2383//4177
f  2415//4178 2385//4178 2383//4178
f  2416//4179 2388//4179 2362//4179
f  2361//4180 2416//4180 2362//4180
f  2390//4181 2386//4181 2352//4181
f  2412//4182 2414//4182 2384//4182
f  2415//4183 2413//4183 2385//4183
f  2388//4184 2417//4184 2380//4184
f  2417//4185 2408//4185 2380//4185
f  2418//4186 2389//4186 2341//4186
f  2381//4187 2418//4187 2341//4187
f  2404//4188 2373//4188 2387//4188
f  2372//4189 2419//4189 2370//4189
f  2419//4190 2360//4190 2370//4190
f  2372//4191 2420//4191 2419//4191
f  2420//4192 2360//4192 2419//4192
f  2416//4193 2417//4193 2388//4193
f  2421//4194 2390//4194 2347//4194
f  2389//4195 2421//4195 2347//4195
f  2422//4196 2377//4196 2403//4196
f  2379//4197 2422//4197 2403//4197
f  2371//4198 2420//4198 2372//4198
f  2404//4199 2394//4199 2373//4199
f  2360//4200 2423//4200 2361//4200
f  2423//4201 2424//4201 2361//4201
f  2424//4202 2416//4202 2361//4202
f  2422//4203 2395//4203 2377//4203
f  2378//4204 2422//4204 2379//4204
f  2425//4205 2394//4205 2404//4205
f  2386//4206 2425//4206 2404//4206
f  2408//4207 2426//4207 2391//4207
f  2426//4208 2397//4208 2391//4208
f  2427//4209 2409//4209 2364//4209
f  2392//4210 2427//4210 2364//4210
f  2428//4211 2423//4211 2360//4211
f  2420//4212 2428//4212 2360//4212
f  2429//4213 2425//4213 2386//4213
f  2430//4214 2429//4214 2386//4214
f  2390//4215 2430//4215 2386//4215
f  2371//4216 2428//4216 2420//4216
f  2393//4217 2431//4217 2371//4217
f  2431//4218 2428//4218 2371//4218
f  2425//4219 2429//4219 2394//4219
f  2429//4220 2432//4220 2394//4220
f  2432//4221 2400//4221 2394//4221
f  2426//4222 2433//4222 2397//4222
f  2433//4223 2407//4223 2397//4223
f  2434//4224 2427//4224 2392//4224
f  2398//4225 2434//4225 2392//4225
f  2422//4226 2435//4226 2395//4226
f  2435//4227 2436//4227 2395//4227
f  2436//4228 2401//4228 2395//4228
f  2437//4229 2435//4229 2378//4229
f  2435//4230 2422//4230 2378//4230
f  2438//4231 2439//4231 2378//4231
f  2439//4232 2437//4232 2378//4232
f  2396//4233 2438//4233 2378//4233
f  2417//4234 2440//4234 2408//4234
f  2440//4235 2426//4235 2408//4235
f  2441//4236 2418//4236 2381//4236
f  2409//4237 2441//4237 2381//4237
f  2424//4238 2417//4238 2416//4238
f  2421//4239 2430//4239 2390//4239
f  2424//4240 2440//4240 2417//4240
f  2418//4241 2421//4241 2389//4241
f  2442//4242 2398//4242 2406//4242
f  2407//4243 2442//4243 2406//4243
f  2433//4244 2443//4244 2407//4244
f  2443//4245 2442//4245 2407//4245
f  2442//4246 2434//4246 2398//4246
f  2399//4247 2444//4247 2393//4247
f  2444//4248 2431//4248 2393//4248
f  2432//4249 2445//4249 2400//4249
f  2445//4250 2411//4250 2400//4250
f  2436//4251 2446//4251 2401//4251
f  2446//4252 2412//4252 2401//4252
f  2402//4253 2447//4253 2396//4253
f  2447//4254 2438//4254 2396//4254
f  2431//4255 2423//4255 2428//4255
f  2410//4256 2448//4256 2399//4256
f  2448//4257 2444//4257 2399//4257
f  2445//4258 2415//4258 2411//4258
f  2440//4259 2449//4259 2426//4259
f  2449//4260 2433//4260 2426//4260
f  2427//4261 2441//4261 2409//4261
f  2430//4262 2432//4262 2429//4262
f  2446//4263 2450//4263 2412//4263
f  2450//4264 2414//4264 2412//4264
f  2451//4265 2447//4265 2402//4265
f  2413//4266 2451//4266 2402//4266
f  2437//4267 2436//4267 2435//4267
f  2414//4268 2452//4268 2410//4268
f  2452//4269 2448//4269 2410//4269
f  2445//4270 2453//4270 2415//4270
f  2453//4271 2413//4271 2415//4271
f  2450//4272 2452//4272 2414//4272
f  2453//4273 2451//4273 2413//4273
f  2454//4274 2449//4274 2424//4274
f  2449//4275 2440//4275 2424//4275
f  2423//4276 2455//4276 2424//4276
f  2455//4277 2454//4277 2424//4277
f  2456//4278 2430//4278 2421//4278
f  2457//4279 2456//4279 2421//4279
f  2418//4280 2457//4280 2421//4280
f  2441//4281 2457//4281 2418//4281
f  2444//4282 2458//4282 2431//4282
f  2458//4283 2423//4283 2431//4283
f  2459//4284 2445//4284 2432//4284
f  2430//4285 2459//4285 2432//4285
f  2446//4286 2436//4286 2437//4286
f  2460//4287 2446//4287 2437//4287
f  2439//4288 2460//4288 2437//4288
f  2449//4289 2443//4289 2433//4289
f  2461//4290 2441//4290 2427//4290
f  2434//4291 2461//4291 2427//4291
f  2444//4292 2462//4292 2458//4292
f  2462//4293 2423//4293 2458//4293
f  2463//4294 2445//4294 2459//4294
f  2430//4295 2463//4295 2459//4295
f  2464//4296 2455//4296 2423//4296
f  2462//4297 2464//4297 2423//4297
f  2465//4298 2463//4298 2430//4298
f  2456//4299 2465//4299 2430//4299
f  2466//4300 2434//4300 2442//4300
f  2443//4301 2466//4301 2442//4301
f  2449//4302 2467//4302 2443//4302
f  2467//4303 2468//4303 2443//4303
f  2468//4304 2466//4304 2443//4304
f  2468//4305 2461//4305 2434//4305
f  2466//4306 2468//4306 2434//4306
f  2465//4307 2445//4307 2463//4307
f  2444//4308 2464//4308 2462//4308
f  2469//4309 2470//4309 2439//4309
f  2470//4310 2460//4310 2439//4310
f  2438//4311 2469//4311 2439//4311
f  2454//4312 2471//4312 2449//4312
f  2471//4313 2467//4313 2449//4313
f  2472//4314 2457//4314 2441//4314
f  2461//4315 2472//4315 2441//4315
f  2444//4316 2473//4316 2464//4316
f  2473//4317 2455//4317 2464//4317
f  2474//4318 2445//4318 2465//4318
f  2456//4319 2474//4319 2465//4319
f  2460//4320 2470//4320 2446//4320
f  2470//4321 2475//4321 2446//4321
f  2475//4322 2450//4322 2446//4322
f  2476//4323 2477//4323 2438//4323
f  2477//4324 2469//4324 2438//4324
f  2447//4325 2476//4325 2438//4325
f  2478//4326 2473//4326 2444//4326
f  2479//4327 2478//4327 2444//4327
f  2448//4328 2480//4328 2444//4328
f  2480//4329 2481//4329 2444//4329
f  2481//4330 2479//4330 2444//4330
f  2474//4331 2482//4331 2445//4331
f  2482//4332 2483//4332 2445//4332
f  2483//4333 2453//4333 2445//4333
f  2455//4334 2484//4334 2454//4334
f  2484//4335 2471//4335 2454//4335
f  2485//4336 2456//4336 2457//4336
f  2472//4337 2485//4337 2457//4337
f  2452//4338 2486//4338 2448//4338
f  2486//4339 2480//4339 2448//4339
f  2483//4340 2487//4340 2453//4340
f  2487//4341 2451//4341 2453//4341
f  2475//4342 2488//4342 2450//4342
f  2488//4343 2452//4343 2450//4343
f  2451//4344 2489//4344 2447//4344
f  2489//4345 2476//4345 2447//4345
f  2471//4346 2490//4346 2467//4346
f  2490//4347 2468//4347 2467//4347
f  2490//4348 2472//4348 2461//4348
f  2468//4349 2490//4349 2461//4349
f  2488//4350 2486//4350 2452//4350
f  2487//4351 2489//4351 2451//4351
f  2478//4352 2479//4352 2455//4352
f  2479//4353 2491//4353 2455//4353
f  2491//4354 2484//4354 2455//4354
f  2473//4355 2478//4355 2455//4355
f  2492//4356 2493//4356 2456//4356
f  2493//4357 2494//4357 2456//4357
f  2494//4358 2482//4358 2456//4358
f  2482//4359 2474//4359 2456//4359
f  2485//4360 2492//4360 2456//4360
f  2494//4361 2483//4361 2482//4361
f  2481//4362 2491//4362 2479//4362
f  2493//4363 2483//4363 2494//4363
f  2495//4364 2490//4364 2471//4364
f  2484//4365 2496//4365 2471//4365
f  2496//4366 2495//4366 2471//4366
f  2496//4367 2485//4367 2472//4367
f  2495//4368 2496//4368 2472//4368
f  2490//4369 2495//4369 2472//4369
f  2481//4370 2497//4370 2491//4370
f  2497//4371 2484//4371 2491//4371
f  2480//4372 2497//4372 2481//4372
f  2493//4373 2492//4373 2483//4373
f  2492//4374 2498//4374 2483//4374
f  2498//4375 2487//4375 2483//4375
f  2469//4376 2475//4376 2470//4376
f  2499//4377 2475//4377 2469//4377
f  2477//4378 2499//4378 2469//4378
f  2499//4379 2488//4379 2475//4379
f  2476//4380 2499//4380 2477//4380
f  2500//4381 2488//4381 2499//4381
f  2476//4382 2500//4382 2499//4382
f  2486//4383 2497//4383 2480//4383
f  2498//4384 2489//4384 2487//4384
f  2501//4385 2496//4385 2484//4385
f  2497//4386 2501//4386 2484//4386
f  2502//4387 2492//4387 2485//4387
f  2496//4388 2502//4388 2485//4388
f  2503//4389 2486//4389 2488//4389
f  2500//4390 2503//4390 2488//4390
f  2503//4391 2500//4391 2476//4391
f  2489//4392 2503//4392 2476//4392
f  2502//4393 2498//4393 2492//4393
f  2498//4394 2504//4394 2486//4394
f  2504//4395 2501//4395 2486//4395
f  2501//4396 2497//4396 2486//4396
f  2503//4397 2498//4397 2486//4397
f  2498//4398 2503//4398 2489//4398
f  2504//4399 2502//4399 2496//4399
f  2501//4400 2504//4400 2496//4400
f  2504//4401 2498//4401 2502//4401

