# File produced by Open Asset Import Library (http://www.assimp.sf.net)
# (assimp v5.0.0)

mtllib link1.mtl

# 2663 vertex positions
v  0.0035327044 -0.040819485 -0.085000001
v  7.9845828e-09 -0.040999074 -0.084825471
v  5.3400256e-10 -0.04099999 -0.085000001
v  -0.0035199667 -0.040687766 -0.085000001
v  -0.004160061 -0.040788408 -0.091000058
v  7.9845828e-09 -0.040996362 -0.084652372
v  1.5435164e-08 -0.040831622 -0.082739964
v  0.0035848138 -0.040664461 -0.082718857
v  1.5435164e-08 -0.040812876 -0.082666956
v  -0.0035886387 -0.040627088 -0.082507946
v  -0.004749536 -0.040723976 -0.098000057
v  -0.004749536 -0.040723976 -0.102
v  0.0037548547 -0.040827703 -0.102
v  0.0037548547 -0.040827703 -0.098000057
v  0.012097669 -0.039174568 -0.102
v  0.003736638 -0.030773977 -0.102
v  -0.0037366371 -0.030773977 -0.102
v  0.012097669 -0.039174568 -0.098000057
v  0.0042543081 -0.040477041 -0.098000057
v  0.012576991 -0.038708005 -0.098000057
v  0.0041600098 -0.040787432 -0.085000001
v  0.0041600582 -0.040788408 -0.091000058
v  1.5435164e-08 -0.040758636 -0.082455732
v  -0.0041462029 -0.040632214 -0.085000001
v  -0.0070405896 -0.040375482 -0.085000001
v  -0.010455444 -0.039479386 -0.085000001
v  -0.012308865 -0.03910872 -0.091000058
v  -0.007217295 -0.040359806 -0.085000001
v  -0.0042543109 -0.040477041 -0.091000058
v  -0.012576989 -0.038708005 -0.091000058
v  0.012308863 -0.03910872 -0.091000058
v  0.0083178254 -0.040147427 -0.085000001
v  0.0070349616 -0.040345538 -0.085000001
v  0.0041801003 -0.040786404 -0.085000001
v  0.0042543081 -0.040477041 -0.091000058
v  0.0071436246 -0.040195797 -0.082781389
v  1.5435162e-08 -0.040294837 -0.080649525
v  -0.013049549 -0.038867842 -0.098000057
v  -0.013049549 -0.038867842 -0.102
v  -0.01099275 -0.028985502 -0.102
v  -0.0042543109 -0.040477041 -0.098000057
v  0.0036155735 -0.04005162 -0.080509841
v  0.0072059189 -0.039579455 -0.080625318
v  -0.0071513276 -0.040157694 -0.082575902
v  -0.0036169584 -0.03998116 -0.080339715
v  -0.012576989 -0.038708005 -0.098000057
v  0.012576991 -0.038708005 -0.091000058
v  -0.010659046 -0.039377559 -0.082649089
v  1.5435162e-08 -0.040182274 -0.080421634
v  0.010647659 -0.039417159 -0.082848743
v  0.010739745 -0.038790155 -0.080749556
v  2.2885743e-08 -0.040099557 -0.080254175
v  -0.007208779 -0.039509159 -0.080458865
v  0.010483877 -0.039581899 -0.085000001
v  2.2885743e-08 -0.039406899 -0.078851826
v  0.0036205878 -0.039017443 -0.078612641
v  0.0072171395 -0.038551662 -0.078764759
v  -0.0036199312 -0.038920011 -0.078477725
v  0.012308058 -0.039105628 -0.085000001
v  0.010756281 -0.037764769 -0.078928135
v  -0.010743975 -0.038719561 -0.080587029
v  -0.007215939 -0.038455125 -0.078632034
v  -0.012275121 -0.03898463 -0.085000001
v  0.012368833 -0.039089758 -0.085000001
v  0.014069174 -0.038334694 -0.082917646
v  0.014187397 -0.037689883 -0.080876105
v  2.2885743e-08 -0.039132614 -0.078504719
v  -0.014083861 -0.038292844 -0.082723938
v  -0.01386664 -0.038551908 -0.085000001
v  0.019919906 -0.035835702 -0.102
v  0.010992751 -0.028985502 -0.102
v  0.019919906 -0.035835702 -0.098000057
v  0.020349998 -0.035247233 -0.098000057
v  2.2885743e-08 -0.039028276 -0.078372672
v  -0.014211453 -0.038458165 -0.085000001
v  -0.019950785 -0.035818521 -0.091000058
v  -0.020350002 -0.035247233 -0.091000058
v  0.019950785 -0.035818521 -0.091000058
v  0.01629119 -0.037624355 -0.085000001
v  0.013856926 -0.038533803 -0.085000001
v  2.2885743e-08 -0.038222719 -0.077353247
v  0.0036011827 -0.037578624 -0.077000119
v  0.0071798717 -0.037128475 -0.077173702
v  -0.0035988982 -0.037460562 -0.076894604
v  -0.020788021 -0.035339188 -0.098000057
v  -0.020788021 -0.035339188 -0.102
v  -0.017610006 -0.025512496 -0.102
v  0.014206805 -0.036662478 -0.079093635
v  -0.014192737 -0.037618529 -0.080717534
v  -0.010754502 -0.037668955 -0.078797743
v  -0.020350002 -0.035247233 -0.098000057
v  0.020349998 -0.035247233 -0.091000058
v  0.010701061 -0.036356408 -0.077359706
v  0.017381519 -0.036956947 -0.08298558
v  -0.017399006 -0.036912147 -0.082797691
v  -0.017080873 -0.037098657 -0.085000001
v  -0.0071754227 -0.037011866 -0.077069186
v  0.017520826 -0.036287505 -0.081000015
v  2.2885743e-08 -0.037679683 -0.076883554
v  0.01413234 -0.035267178 -0.077546701
v  0.01753955 -0.035253514 -0.079254232
v  2.2885743e-08 -0.037558828 -0.076779023
v  -0.014204307 -0.036567148 -0.078965515
v  -0.010694473 -0.036241319 -0.07725621
v  0.017132014 -0.037208077 -0.085000001
v  -0.017526932 -0.036214922 -0.080845237
v  2.2885743e-08 -0.036740836 -0.076071516
v  0.0035591428 -0.035758276 -0.075636625
v  0.0070976173 -0.035332125 -0.075818032
v  -0.0035556401 -0.035625968 -0.075554758
v  0.020559233 -0.03529473 -0.083050676
v  0.019948412 -0.03581373 -0.085000001
v  0.010579203 -0.034586359 -0.07601171
v  -0.019919984 -0.035753515 -0.085000001
v  -0.007090732 -0.035201665 -0.07573624
v  0.020713571 -0.034594383 -0.081117645
v  -0.020578898 -0.035246346 -0.082868315
v  1.5435162e-08 -0.035841573 -0.075523794
v  0.017443728 -0.033868898 -0.077725977
v  -0.017536119 -0.035158399 -0.079128191
v  -0.014123558 -0.035153572 -0.077444121
v  0.013970663 -0.033524286 -0.076204419
v  0.020727303 -0.033549335 -0.079404794
v  -0.010569005 -0.034458008 -0.075929947
v  -0.020720012 -0.034520131 -0.080966353
v  1.5435162e-08 -0.035707649 -0.075442217
v  0.026884966 -0.03095478 -0.102
v  0.017610006 -0.025512496 -0.102
v  0.026884966 -0.03095478 -0.098000057
v  -0.02027598 -0.035584848 -0.085000001
v  -0.020760886 -0.03535511 -0.085000001
v  -0.023199774 -0.033616047 -0.085000001
v  -0.026771121 -0.031053292 -0.091000058
v  -0.027233616 -0.030245991 -0.091000058
v  0.020043902 -0.035766449 -0.085000001
v  0.020287547 -0.035613064 -0.085000001
v  0.026771121 -0.031053292 -0.091000058
v  0.023587558 -0.033535492 -0.085000008
v  0.023281109 -0.033728424 -0.085000008
v  1.5435162e-08 -0.034682821 -0.074818015
v  0.0034966734 -0.033585589 -0.074479692
v  0.0069746678 -0.033190709 -0.074657083
v  -0.0034923474 -0.033445317 -0.074416079
v  -0.023599282 -0.033308472 -0.082934409
v  -0.027631968 -0.030289838 -0.098000057
v  -0.027631968 -0.030289838 -0.102
v  0.010397003 -0.032481547 -0.074845418
v  0.023578119 -0.033361007 -0.083111659
v  0.023740761 -0.032624129 -0.081226505
v  0.017241485 -0.032152954 -0.076386027
v  0.020607483 -0.032172736 -0.077891141
v  -0.027233616 -0.030245991 -0.098000057
v  0.027233616 -0.030245991 -0.098000057
v  0.027233616 -0.030245991 -0.091000058
v  -0.0069661285 -0.0330525 -0.074592896
v  -0.020722665 -0.033454176 -0.079280518
v  -0.01743266 -0.033756707 -0.077624075
v  -0.013957172 -0.033398177 -0.076122522
v  1.5435162e-08 -0.033652406 -0.074371248
v  0.023744684 -0.031563845 -0.07954181
v  0.013729968 -0.031459484 -0.075030021
v  -0.023747064 -0.032547798 -0.081078306
v  -0.01038435 -0.032345828 -0.074780546
v  0.020363633 -0.030482786 -0.076549202
v  -0.017224692 -0.032029163 -0.076303765
v  -0.020594001 -0.032061819 -0.077789634
v  1.5435162e-08 -0.033510048 -0.07430952
v  -0.026078843 -0.031563107 -0.085000001
v  1.5435162e-08 -0.031927232 -0.07362324
v  0.0034163226 -0.031095566 -0.073481716
v  0.0068160151 -0.030737864 -0.073645301
v  0.023597918 -0.030192481 -0.078037888
v  0.026415318 -0.031170698 -0.083167732
v  0.026087843 -0.031578716 -0.085000008
v  0.016942818 -0.030130045 -0.075199693
v  -0.023738556 -0.031468373 -0.079418927
v  7.9845819e-09 -0.03114433 -0.073375665
v  -0.0033160667 -0.028189981 -0.072550796
v  -0.013713277 -0.031326529 -0.074964277
v  0.026579067 -0.03039241 -0.081325062
v  -0.026437253 -0.03111353 -0.082995109
v  0.010161773 -0.030074196 -0.073817447
v  -0.0066175531 -0.02787591 -0.072691873
v  0.026568051 -0.029313119 -0.079663165
v  -0.02658473 -0.030313643 -0.081179507
v  0.013419778 -0.029103504 -0.073982395
v  -0.0098673096 -0.027267652 -0.072837986
v  0.023311291 -0.028527113 -0.076688997
v  0.020007446 -0.028502496 -0.075346343
v  -0.020343535 -0.030361297 -0.076466277
v  -0.023581877 -0.030082704 -0.077936411
v  -0.016922154 -0.03000004 -0.075132832
v  0.026766594 -0.03104751 -0.085000008
v  0.026391212 -0.027944284 -0.078163654
v  -0.026660897 -0.031148063 -0.085000001
v  -0.026560113 -0.029217089 -0.079541259
v  -0.01303178 -0.026361102 -0.072972611
v  0.026884984 -0.030954855 -0.085000008
v  0.0290494 -0.028740572 -0.083218507
v  0.029206716 -0.027916739 -0.081412598
v  -0.026763394 -0.031045565 -0.085000001
v  0.0033209589 -0.028328637 -0.072591603
v  7.9845819e-09 -0.028353998 -0.072493292
v  -0.029071338 -0.028678367 -0.083049998
v  -0.028653659 -0.029155301 -0.085000001
v  0.0066272472 -0.028012486 -0.072733849
v  -0.032489009 -0.025009284 -0.091000058
v  0.032489009 -0.025009284 -0.091000058
v  0.029901829 -0.028051497 -0.085000008
v  0.028704017 -0.029204251 -0.085000008
v  0.032693136 -0.024741845 -0.102
v  0.023203831 -0.020556802 -0.102
v  0.032693136 -0.024741845 -0.098000057
v  -0.0037366371 -0.030773977 -0.092
v  -0.01099275 -0.028985502 -0.092
v  0.003736638 -0.030773977 -0.092
v  -0.027449138 -0.014406416 -0.092
v  0.010992751 -0.028985502 -0.092
v  0.0098816985 -0.027401553 -0.072881319
v  0.022898093 -0.026589306 -0.075464584
v  0.02917539 -0.026815103 -0.07976789
v  -0.019982882 -0.028375531 -0.075278081
v  -0.023287863 -0.028407881 -0.076605074
v  -0.029211201 -0.027835229 -0.081269212
v  -0.03328687 -0.023937086 -0.098000057
v  -0.03328687 -0.023937086 -0.102
v  -0.023203835 -0.020556802 -0.102
v  -0.032926992 -0.023922862 -0.091000058
v  -0.032926992 -0.023922862 -0.098000057
v  0.032926992 -0.023922862 -0.098000057
v  0.032926992 -0.023922862 -0.091000058
v  0.026060604 -0.026301788 -0.076802522
v  0.019013941 -0.023785362 -0.073209561
v  0.016103994 -0.02528459 -0.073129907
v  0.013050732 -0.026491875 -0.073017508
v  -0.02637247 -0.027835483 -0.078061834
v  -0.016080625 -0.025157275 -0.073083229
v  0.028965227 -0.025446238 -0.078267314
v  -0.02916532 -0.026718283 -0.079646543
v  -0.031148076 -0.026660891 -0.085000001
v  -0.017610006 -0.025512496 -0.092
v  0.017610006 -0.025512496 -0.092
v  0.03146046 -0.026089096 -0.083263941
v  0.031603508 -0.025216224 -0.081489049
v  -0.031481609 -0.02602152 -0.083099023
v  0.02559102 -0.024405735 -0.075551309
v  0.021755468 -0.022003809 -0.073250592
v  -0.022869706 -0.026465418 -0.075394623
v  -0.026033826 -0.026184754 -0.076717265
v  -0.018986329 -0.023661727 -0.07316085
v  7.9845819e-09 -0.028215343 -0.072449446
v  7.984581e-09 -0.019880453 -0.070280224
v  7.9845819e-09 -0.027798789 -0.072317719
v  0.0028542546 -0.01547351 -0.069061585
v  0.0056978059 -0.015329453 -0.069090292
v  -0.0028513069 -0.015391949 -0.069036409
v  0.031112719 -0.026620844 -0.085000008
v  0.0084984684 -0.014961886 -0.069104239
v  0.028589431 -0.023824798 -0.076888584
v  0.031546328 -0.024089346 -0.079855964
v  -0.0056919078 -0.015248778 -0.069064483
v  -0.028943621 -0.025338264 -0.078164756
v  -0.031606264 -0.025131704 -0.081347361
v  0.011227221 -0.014350648 -0.069086716
v  -0.00848966 -0.014882657 -0.069077663
v  0.031299535 -0.022718104 -0.078348912
v  -0.031533793 -0.023991542 -0.079734743
v  -0.032380752 -0.024932088 -0.085000001
v  0.032481849 -0.025003219 -0.085000008
v  0.024305519 -0.01995297 -0.073249742
v  0.013857887 -0.01348279 -0.069025062
v  -0.021723822 -0.021883989 -0.0731996
v  -0.025558904 -0.024284901 -0.075479329
v  -0.011215596 -0.014273281 -0.069059238
v  0.028064199 -0.02196932 -0.075605303
v  -0.028559305 -0.023709843 -0.076801628
v  0.032606881 -0.024855496 -0.085000008
v  0.03363023 -0.023236351 -0.083304279
v  0.033751082 -0.022311697 -0.081554912
v  -0.033649772 -0.023163134 -0.083142452
v  -0.033204116 -0.023777345 -0.085000001
v  -0.023203835 -0.020556802 -0.092
v  0.023203831 -0.020556802 -0.092
v  -0.031000003 1.1817293e-09 -0.092
v  -0.030099198 -0.0074187838 -0.092
v  0.030877404 -0.021115856 -0.076947317
v  -0.031274915 -0.022610808 -0.078245245
v  0.016366735 -0.012351896 -0.068910316
v  0.033662628 -0.021157259 -0.079928122
v  -0.013843558 -0.013407613 -0.068996556
v  -0.03375157 -0.022223966 -0.081414469
v  -0.036868989 -0.017935375 -0.091000058
v  0.036868989 -0.017935375 -0.091000058
v  0.03497174 -0.021400394 -0.085000008
v  0.033298206 -0.023845458 -0.085000008
v  0.037094481 -0.017464237 -0.102
v  0.037094481 -0.017464237 -0.098000057
v  0.026642688 -0.017648699 -0.073205963
v  -0.024270058 -0.019837031 -0.07319624
v  -0.028028466 -0.021851497 -0.075531006
v  0.033376209 -0.019781673 -0.078409411
v  -0.033647306 -0.021058308 -0.079806611
v  -0.037509404 -0.016554298 -0.098000057
v  -0.037509404 -0.016554298 -0.102
v  -0.027449138 -0.014406416 -0.102
v  -0.037181303 -0.016554179 -0.091000058
v  -0.037181303 -0.016554179 -0.098000057
v  0.037181299 -0.016554179 -0.098000057
v  0.037181299 -0.016554179 -0.091000058
v  0.035542153 -0.020204196 -0.083339848
v  0.03029744 -0.019299546 -0.075626865
v  0.018732164 -0.010957438 -0.068736732
v  -0.035256051 -0.020899558 -0.085000001
v  -0.030843921 -0.021002891 -0.076858342
v  -0.016349874 -0.012279141 -0.068880662
v  0.035632789 -0.019226113 -0.081610873
v  -0.035559267 -0.02012519 -0.083180644
v  0.032907076 -0.01819698 -0.076979913
v  -0.033348456 -0.019674929 -0.078304261
v  0.035507783 -0.018042648 -0.079985373
v  -0.035630457 -0.01913503 -0.081471257
v  0.020934317 -0.0093040867 -0.068501398
v  0.028747469 -0.015109266 -0.073119894
v  -0.01871296 -0.010887268 -0.068705812
v  -0.026603654 -0.017536649 -0.073149696
v  -0.030258201 -0.019184651 -0.075549945
v  0.035245955 -0.020896109 -0.085000008
v  0.035179116 -0.016661437 -0.078450136
v  0.032273926 -0.016418429 -0.07561738
v  -0.035489373 -0.017942445 -0.079863198
v  -0.032870278 -0.018085891 -0.076888584
v  -0.035355993 -0.020759391 -0.085000001
v  0.037181552 -0.017016182 -0.083370961
v  0.036858905 -0.017929891 -0.085000008
v  -0.036725916 -0.017867597 -0.085000001
v  0.027449135 -0.014406416 -0.102
v  0.027449135 -0.014406416 -0.092
v  0.037233829 -0.015984388 -0.081657588
v  -0.037195377 -0.016931364 -0.083213955
v  0.022954736 -0.0074010291 -0.068203807
v  7.984581e-09 -0.015433694 -0.068999164
v  -0.020912983 -0.0092365844 -0.0684691
v  0.034662891 -0.015093106 -0.076987997
v  -0.035148136 -0.016555155 -0.07834316
v  0.030604627 -0.012356135 -0.072993323
v  0.037067112 -0.014771598 -0.080028728
v  -0.028705135 -0.015001076 -0.073060639
v  -0.032231338 -0.016306395 -0.075537547
v  -0.03722813 -0.015889945 -0.081518404
v  0.033978835 -0.013351168 -0.075578779
v  -0.034622848 -0.014983828 -0.076894008
v  0.036693901 -0.01338436 -0.078472465
v  -0.037045337 -0.014670107 -0.07990554
v  -0.036794886 -0.017721998 -0.085000001
v  -0.0383083 -0.014527316 -0.085000001
v  -0.038458884 -0.014209452 -0.085000001
v  -0.039730683 -0.010122883 -0.091000058
v  0.036971949 -0.017722005 -0.085000008
v  0.039730687 -0.010122883 -0.091000058
v  0.038586721 -0.013858537 -0.085000008
v  0.03830684 -0.01452818 -0.085000008
v  0.024776742 -0.0052614906 -0.067845359
v  -0.022931516 -0.007336224 -0.068170018
v  0.039899606 -0.00943512 -0.102
v  0.039899606 -0.00943512 -0.098000057
v  0.038535807 -0.013697277 -0.083397858
v  0.038541544 -0.012613173 -0.081695586
v  -0.038545482 -0.013606775 -0.083242632
v  -0.036659643 -0.013278509 -0.078363344
v  -0.04011786 -0.0084591536 -0.098000057
v  -0.04011786 -0.0084591536 -0.102
v  -0.030099198 -0.0074187838 -0.102
v  -0.039810605 -0.0084620072 -0.091000058
v  -0.039810605 -0.0084620072 -0.098000057
v  0.039810609 -0.0084620072 -0.098000057
v  0.039810609 -0.0084620072 -0.091000058
v  -0.0046972702 -0.016461024 -0.040226676
v  0.0037025851 -0.01347101 -0.040330403
v  0.0037025851 -0.016461024 -0.040330403
v  0.011943144 -0.01347101 -0.038698979
v  0.011943144 -0.016461024 -0.038698979
v  5.3399579e-10 -0.016461024 -0.030999996
v  0.0074187857 -0.016461024 -0.030099191
v  -0.012895032 -0.016461024 -0.038392298
v  -0.0046972702 -0.01347101 -0.040226676
v  -0.0074187885 -0.016461024 -0.030099191
v  0.019669872 -0.01347101 -0.035402633
v  0.019669872 -0.016461024 -0.035402633
v  0.014406417 -0.016461024 -0.027449138
v  -0.020538017 -0.016461024 -0.034906156
v  -0.012895032 -0.01347101 -0.038392298
v  0.026550349 -0.01347101 -0.030583151
v  0.026550349 -0.016461024 -0.030583151
v  0.0205568 -0.016461024 -0.023203827
v  -0.027297392 -0.016461024 -0.029918261
v  -0.020538017 -0.01347101 -0.034906156
v  -0.014406419 -0.016461024 -0.027449138
v  5.3399579e-10 -0.0061710202 -0.030999996
v  0.0074187857 -0.0061710202 -0.030099191
v  0.032288548 -0.01347101 -0.024447896
v  0.032288548 -0.016461024 -0.024447896
v  0.025512498 -0.016461024 -0.017610006
v  -0.0074187885 -0.0061710202 -0.030099191
v  0.014406417 -0.0061710202 -0.027449138
v  -0.032882355 -0.016461024 -0.023643188
v  -0.027297392 -0.01347101 -0.029918261
v  -0.0205568 -0.016461024 -0.023203827
v  -0.014406419 -0.0061710202 -0.027449138
v  0.0205568 -0.0061710202 -0.023203827
v  0.036637604 -0.01347101 -0.017260827
v  0.036637604 -0.016461024 -0.017260827
v  -0.037052631 -0.016461024 -0.016350932
v  -0.032882355 -0.01347101 -0.023643188
v  -0.025512502 -0.016461024 -0.017610006
v  -0.0205568 -0.0061710202 -0.023203827
v  0.025512498 -0.0061710202 -0.017610006
v  -0.025512502 -0.0061710202 -0.017610006
v  -0.028985508 -0.016461024 -0.010992759
v  0.040199999 -0.016461024 -0.00099999527
v  0.028985504 -0.016461024 -0.010992759
v  0.039410405 -0.016461024 -0.0093311304
v  0.028985504 -0.0061710202 -0.010992759
v  0.039410405 -0.01347101 -0.0093311304
v  -0.039628789 -0.016461024 -0.0083551938
v  -0.037052631 -0.01347101 -0.016350932
v  -0.028985508 -0.0061710202 -0.010992759
v  -0.030773975 -0.016461024 -0.0037366382
v  0.030773975 -0.016461024 -0.0037366382
v  0.030773975 -0.0061710202 -0.0037366382
v  0.040487655 -0.01347101 -0.00099999527
v  0.040487655 -0.016461024 -0.00099999527
v  -0.0405 -0.016461024 6.7473898e-09
v  -0.039628789 -0.01347101 -0.0083551938
v  -0.030773975 -0.0061710202 -0.0037366382
v  -0.030773975 -0.016461024 0.0037366368
v  0.030773975 -0.016461024 0.0037366368
v  0.030773975 -0.0061710202 0.0037366368
v  0.040199999 -0.01347101 6.7474e-09
v  0.040199999 -0.016461024 0.00099999388
v  0.040199999 -0.01347101 -0.00099999527
v  -0.0405 -0.01347101 6.7473898e-09
v  -0.039628789 -0.016461024 0.0083551919
v  0.040199999 -0.01347101 0.00099999388
v  0.040487655 -0.016461024 0.00099999388
v  0.028985504 -0.016461024 0.010992757
v  0.025512498 -0.016461024 0.017610006
v  0.040487655 -0.01347101 0.00099999388
v  0.039410405 -0.01347101 0.0093311435
v  0.039410405 -0.016461024 0.0093311435
v  -0.030773975 -0.0061710202 0.0037366368
v  -0.028985508 -0.016461024 0.010992757
v  -0.037052631 -0.016461024 0.016350932
v  0.028985504 -0.0061710202 0.010992757
v  -0.039628789 -0.01347101 0.0083551919
v  0.036637604 -0.01347101 0.017260827
v  0.036637604 -0.016461024 0.017260827
v  -0.028985508 -0.0061710202 0.010992757
v  -0.025512502 -0.016461024 0.017610006
v  -0.032882355 -0.016461024 0.023643188
v  0.025512498 -0.0061710202 0.017610006
v  -0.037052631 -0.01347101 0.016350932
v  0.032288548 -0.01347101 0.024447896
v  0.032288548 -0.016461024 0.024447896
v  -0.025512502 -0.0061710202 0.017610006
v  -0.0205568 -0.016461024 0.023203827
v  -0.027297392 -0.016461024 0.029918261
v  0.0205568 -0.016461024 0.023203827
v  0.0205568 -0.0061710202 0.023203827
v  -0.0205568 -0.0061710202 0.023203827
v  -0.014406419 -0.016461024 0.027449138
v  -0.020538017 -0.016461024 0.034906156
v  0.026550349 -0.016461024 0.030583151
v  0.014406417 -0.016461024 0.027449138
v  0.014406417 -0.0061710202 0.027449138
v  -0.032882355 -0.01347101 0.023643188
v  0.026550349 -0.01347101 0.030583151
v  -0.014406419 -0.0061710202 0.027449138
v  -0.0074187885 -0.016461024 0.030099191
v  -0.012895032 -0.016461024 0.038392298
v  0.019669872 -0.016461024 0.035402633
v  0.0074187857 -0.016461024 0.030099191
v  0.0074187857 -0.0061710202 0.030099191
v  -0.027297392 -0.01347101 0.029918261
v  -0.0074187885 -0.0061710202 0.030099191
v  5.3398791e-10 -0.016461024 0.030999996
v  -0.0046972702 -0.016461024 0.040226676
v  0.011943144 -0.016461024 0.038698979
v  5.3398791e-10 -0.0061710202 0.030999996
v  0.019669872 -0.01347101 0.035402633
v  0.0037025851 -0.016461024 0.040330403
v  -0.020538017 -0.01347101 0.034906156
v  0.011943144 -0.01347101 0.038698979
v  -0.012895032 -0.01347101 0.038392298
v  0.0037025851 -0.01347101 0.040330403
v  -0.0046972702 -0.01347101 0.040226676
v  0.032201111 -0.0094143851 -0.072828777
v  -0.030559301 -0.01225176 -0.072930858
v  -0.033933111 -0.013241927 -0.075495757
v  0.038328107 -0.011372107 -0.080059066
v  -0.038531944 -0.012515458 -0.081556469
v  7.984581e-09 -0.015351619 -0.068975516
v  7.984581e-09 -0.013697277 -0.068498917
v  0.0052239788 -0.0086970208 -0.066631272
v  5.3400034e-10 -0.0095093427 -0.066973962
v  0.0077887815 -0.0084373755 -0.066591635
v  -0.0052212398 -0.0086574806 -0.066614054
v  0.026388422 -0.0029033448 -0.06742873
v  -0.024751894 -0.00519939 -0.067809977
v  -0.035350367 -0.01001929 -0.075426742
v  0.01028847 -0.0079732118 -0.066509694
v  -0.0077846567 -0.008398409 -0.066574164
v  0.037908394 -0.0099795414 -0.078477636
v  -0.03830272 -0.011269401 -0.07993453
v  0.030099194 -0.0074187838 -0.102
v  0.0407 -0.0010000009 -0.102
v  0.040987805 -0.0010000009 -0.102
v  0.030099194 -0.0074187838 -0.092
v  0.012700581 -0.0072820806 -0.066373512
v  -0.010283007 -0.0079350648 -0.066491909
v  -0.039293289 -0.011140036 -0.085000001
v  0.039400611 -0.011167812 -0.085000008
v  0.039594535 -0.010273683 -0.083420619
v  0.039545685 -0.0091405464 -0.081725143
v  -0.039599203 -0.010177816 -0.08326678
v  0.015004591 -0.006349253 -0.066174574
v  0.0083580511 -0.01347101 -0.039321534
v  5.3399696e-10 -0.01347101 -0.040200002
v  -0.0083580529 -0.01347101 -0.039321534
v  0.0083580511 -0.0064710104 -0.039321534
v  5.3399696e-10 -0.0064710104 -0.040200002
v  -0.016350813 -0.01347101 -0.03672453
v  -0.0083580529 -0.0064710104 -0.039321534
v  0.016350813 -0.0064710104 -0.03672453
v  0.016350813 -0.01347101 -0.03672453
v  -0.023628965 -0.01347101 -0.032522477
v  -0.016350813 -0.0064710104 -0.03672453
v  0.023628965 -0.0064710104 -0.032522477
v  0.023628965 -0.01347101 -0.032522477
v  -0.029874422 -0.01347101 -0.026899047
v  -0.023628965 -0.0064710104 -0.032522477
v  0.029874422 -0.0064710104 -0.026899047
v  0.029874422 -0.01347101 -0.026899047
v  -0.034814224 -0.01347101 -0.020100005
v  -0.029874422 -0.0064710104 -0.026899047
v  0.03481422 -0.0064710104 -0.020100005
v  0.03481422 -0.01347101 -0.020100005
v  -0.038232476 -0.01347101 -0.012422481
v  -0.034814224 -0.0064710104 -0.020100005
v  0.038232472 -0.0064710104 -0.012422481
v  0.038232472 -0.01347101 -0.012422481
v  -0.039979778 -0.01347101 -0.0042020464
v  -0.038232476 -0.0064710104 -0.012422481
v  0.039979782 -0.0064710104 -0.0042020464
v  0.039979782 -0.01347101 -0.0042020464
v  -0.039979778 -0.01347101 0.0042020446
v  -0.039979778 -0.0064710104 -0.0042020464
v  0.039979782 -0.01347101 0.0042020446
v  -0.038232476 -0.01347101 0.012422479
v  -0.039979778 -0.0064710104 0.0042020446
v  0.039979782 -0.0064710104 0.0042020446
v  0.038232472 -0.0064710104 0.012422479
v  0.038232472 -0.01347101 0.012422479
v  -0.034814224 -0.01347101 0.020100005
v  -0.038232476 -0.0064710104 0.012422479
v  0.03481422 -0.0064710104 0.020100005
v  0.03481422 -0.01347101 0.020100005
v  -0.029874422 -0.01347101 0.026899047
v  -0.034814224 -0.0064710104 0.020100005
v  0.029874422 -0.0064710104 0.026899047
v  0.029874422 -0.01347101 0.026899047
v  -0.023628965 -0.01347101 0.032522477
v  -0.029874422 -0.0064710104 0.026899047
v  0.023628965 -0.0064710104 0.032522477
v  0.023628965 -0.01347101 0.032522477
v  -0.016350813 -0.01347101 0.03672453
v  -0.023628965 -0.0064710104 0.032522477
v  0.016350813 -0.0064710104 0.03672453
v  0.016350813 -0.01347101 0.03672453
v  -0.0083580529 -0.01347101 0.039321534
v  -0.016350813 -0.0064710104 0.03672453
v  0.0083580511 -0.0064710104 0.039321534
v  0.0083580511 -0.01347101 0.039321534
v  5.3398674e-10 -0.01347101 0.040200002
v  -0.0083580529 -0.0064710104 0.039321534
v  5.3398674e-10 -0.0064710104 0.040200002
v  -0.012693836 -0.0072449544 -0.066355363
v  0.036523268 -0.0067727962 -0.075422749
v  0.035398982 -0.010125804 -0.075513199
v  0.03352534 -0.0063121715 -0.072629236
v  -0.037870824 -0.009874153 -0.078366086
v  -0.032153152 -0.0093137426 -0.072762899
v  0.039280798 -0.0078738434 -0.080076903
v  -0.039531671 -0.0090398071 -0.081585743
v  0.027780112 -0.00034879029 -0.066957735
v  0.017181706 -0.0051670396 -0.065907389
v  -0.014996654 -0.0063132965 -0.066155992
v  -0.026362233 -0.0028439115 -0.067391641
v  0.03881301 -0.0064778947 -0.078466535
v  -0.039251551 -0.0077700936 -0.07995072
v  0.039717853 -0.010119001 -0.085000008
v  -0.039580874 -0.010082158 -0.085000001
v  0.019214623 -0.003734092 -0.065569222
v  -0.017172679 -0.0051323422 -0.06588833
v  0.039799102 -0.009850393 -0.085000008
v  0.040238697 -0.0055957907 -0.081746161
v  0.040349767 -0.0067725801 -0.083439149
v  -0.040348604 -0.0066718855 -0.083286293
v  -0.04022076 -0.0077282959 -0.085000001
v  0.034567639 -0.0030803334 -0.072397813
v  -0.040360034 -0.0072159716 -0.085000001
v  -0.040956251 -0.0018935229 -0.091000058
v  0.040956251 -0.0018935229 -0.091000058
v  0.040596321 -0.0057396092 -0.085000008
v  0.040210404 -0.0077295476 -0.085000008
v  -0.033475138 -0.0062152022 -0.072559752
v  -0.03647206 -0.0066689947 -0.075332634
v  0.037343159 -0.0033246602 -0.07530921
v  -0.038772136 -0.00637308 -0.078352287
v  5.3400034e-10 -0.0087467534 -0.066624723
v  0.040987805 -0.0010000009 -0.098000057
v  0.028943319 0.0023763191 -0.066437185
v  -0.027752876 -0.00029195353 -0.06691885
v  0.021087304 -0.0020547647 -0.065159723
v  -0.019204624 -0.0037007059 -0.065549634
v  0.039918091 -0.0043078014 -0.080082297
v  -0.040219776 -0.0054924362 -0.081606135
v  5.3400034e-10 -0.0087076006 -0.066606797
v  5.3400018e-10 -0.0059007802 -0.065321386
v  0.0050090668 -0.0055280128 -0.065118752
v  -0.0050077881 -0.0055087083 -0.065108627
v  -0.040700004 1.1817293e-09 -0.091000058
v  -0.040700004 1.1817293e-09 -0.098000057
v  -0.041000001 1.1817293e-09 -0.098000057
v  0.0407 1.181729e-09 -0.098000057
v  0.0407 -0.0010000009 -0.098000057
v  0.0407 1.181729e-09 -0.091000058
v  -0.041000001 1.1817293e-09 -0.102
v  -0.031000003 1.1817293e-09 -0.102
v  0.0098583223 -0.0049083852 -0.064959787
v  0.012169187 -0.004297147 -0.064797617
v  -0.0098557463 -0.0048896694 -0.06494949
v  0.039401151 -0.0029117938 -0.078439467
v  -0.039884798 -0.004203307 -0.079954185
v  0.030999999 1.181729e-09 -0.102
v  0.0407 0.00099999947 -0.102
v  0.030999999 1.181729e-09 -0.092
v  0.022785272 -0.00013854609 -0.064680539
v  -0.021076478 -0.0020227197 -0.06513954
v  0.014378854 -0.003456312 -0.064568199
v  -0.012166 -0.0042789006 -0.064787172
v  -0.04062517 -0.0042266124 -0.085000001
v  0.035320688 0.00024809808 -0.072137475
v  -0.040788397 -0.0031171616 -0.083300777
v  -0.034515627 -0.0029869552 -0.072324567
v  -0.037289679 -0.0032235782 -0.075215265
v  0.037853111 0.00018445893 -0.07517381
v  0.0011440149 -0.006471517 -0.040479787
v  0.0011949098 -0.004645715 -0.040488191
v  0.0019702096 -0.0064718821 -0.040465392
v  0.0047928472 -0.0061983862 -0.040245645
v  0.0047865775 -0.0064712339 -0.040196873
v  0.039633032 -0.0064710104 -0.0083608264
v  0.040225856 -0.0005528878 -0.0047015632
v  0.040285774 -0.0064717927 -0.0041881735
v  0.040351871 -0.0064715468 -0.0028957061
v  0.020196956 -0.006471599 -0.035514422
v  0.019897319 -0.0024758826 -0.036297105
v  0.021088012 -0.0064717331 -0.035033278
v  0.022373967 -0.0024617116 -0.03467042
v  0.02276719 -0.0064713233 -0.03386987
v  0.017602619 -0.0064712116 -0.03691525
v  0.017272647 -0.0022696245 -0.037737437
v  0.040499981 0.0048183776 3.6549721e-08
v  0.040499952 -0.0064710104 6.7474e-09
v  5.3399701e-10 -0.0064710104 -0.04049971
v  -4.6885259e-07 -0.0047132918 -0.040500857
v  0.024158504 -0.0064709806 -0.032905899
v  0.0055869338 -0.0064710476 -0.040120564
v  0.017476205 -0.0064711967 -0.036965616
v  0.014506747 -0.0042147809 -0.038471244
v  0.014573396 -0.0064708688 -0.038121812
v  0.0064668139 -0.0064708465 -0.040036671
v  -0.0011441553 -0.0064710104 -0.040484987
v  -0.0015711928 -0.0064710104 -0.040479504
v  -0.0011949086 -0.004645715 -0.040488191
v  -0.0047874446 -0.0064710104 -0.040201806
v  -0.0047928463 -0.0061983862 -0.040245645
v  -0.0055502499 -0.0064710104 -0.040135942
v  -0.0060618888 -0.0064710104 -0.040091775
v  -0.0048904414 -0.003740276 -0.040358238
v  -0.0082416227 -0.0064710104 -0.039717339
v  -0.0082598394 -0.0049711638 -0.039863698
v  -0.010130375 -0.0064710104 -0.039392896
v  -0.011499031 -0.0064710104 -0.039025985
v  -0.011497512 -0.0059589916 -0.039119147
v  0.0082414532 -0.0064707496 -0.039718263
v  0.01046027 -0.0064706304 -0.039320163
v  0.011499927 -0.0064706826 -0.039031588
v  -0.01355344 -0.0064710104 -0.038475253
v  -0.013793758 -0.0064710104 -0.038410835
v  -0.014506741 -0.0042147809 -0.038471244
v  -0.011510088 -0.0035116922 -0.03945639
v  -0.014570161 -0.0064710104 -0.038110502
v  -0.017296709 -0.0064710104 -0.037055783
v  -0.017365739 -0.0046953657 -0.037249736
v  -0.017474115 -0.0064710104 -0.036962353
v  -0.020201586 -0.0064710104 -0.035526015
v  0.01410417 -0.0064708167 -0.038308702
v  0.013594382 -0.0064707943 -0.038450204
v  -0.020783551 -0.0064710104 -0.035219543
v  -0.019897319 -0.0024758826 -0.036297105
v  -0.022763304 -0.0064710104 -0.033860885
v  -0.022373967 -0.0024617116 -0.03467042
v  -0.024196573 -0.0064710104 -0.032877274
v  -0.024687804 -0.0022255208 -0.032890581
v  -0.025175408 -0.0064710104 -0.032034613
v  -0.027404428 -0.0064710104 -0.030115686
v  -0.02895093 -0.0064710104 -0.028478496
v  -0.027441204 -0.0064710104 -0.03007675
v  0.025174569 -0.0064709359 -0.032033227
v  0.027371839 -0.0064708539 -0.030146055
v  0.027439576 -0.0064708465 -0.03007447
v  0.02894976 -0.0064707571 -0.028478526
v  -0.026829205 -0.0017676416 -0.030990295
v  -0.029491603 -0.0064710104 -0.027906112
v  -0.029497974 -0.0063353204 -0.027971171
v  -0.028794594 -0.0010904062 -0.028997667
v  -0.030378982 -0.0064710104 -0.026966698
v  -0.031286642 -0.0054536336 -0.025887839
v  -0.03139241 -0.0064710104 -0.025652863
v  -0.03316351 -0.0064710104 -0.023309149
v  -0.033006549 -0.0064710104 -0.023560248
v  0.030356903 -0.0064706751 -0.026991479
v  0.031392004 -0.0064707571 -0.025652476
v  0.032977611 -0.0064708912 -0.023601316
v  0.0331618 -0.0064708614 -0.023307361
v  0.029491436 -0.0064707273 -0.027906097
v  -0.032899007 -0.0043471702 -0.02373796
v  -0.034741312 -0.0064710104 -0.020784877
v  -0.035277858 -0.0064710104 -0.019926481
v  -0.034346789 -0.0030251916 -0.021523617
v  -0.036163531 -0.0064710104 -0.018137448
v  -0.037434742 -0.0064710104 -0.015371689
v  -0.037124485 -0.0064710104 -0.016196333
v  0.0352538 -0.0064704963 -0.019968681
v  0.036163811 -0.0064707198 -0.018137686
v  0.037094016 -0.0064709433 -0.01626607
v  0.037432432 -0.0064709508 -0.015369886
v  0.034741901 -0.0064705857 -0.020785637
v  -0.035635896 -0.0014990408 -0.019251131
v  -0.036770038 0.00021866454 -0.016929202
v  -0.038526148 -0.0064710104 -0.012470835
v  -0.038593039 -0.0064710104 -0.012293034
v  -0.0385812 0.0041740588 -0.012180098
v  -0.037751384 0.0021143977 -0.014568322
v  -0.039355509 -0.0064710104 -0.0093978578
v  -0.039043196 -0.0064710104 -0.010583752
v  0.038526889 -0.0064709582 -0.01247158
v  0.038582884 -0.0064709657 -0.012323298
v  0.039044231 -0.0064709806 -0.01058253
v  0.039357793 -0.0064709955 -0.0093993777
v  -0.039338075 -0.0056339526 -0.0096461708
v  -0.039650522 -0.0064710104 -0.0082776481
v  -0.040225856 -0.0005528878 -0.0047015632
v  0.039338078 -0.0056339526 -0.0096461708
v  -0.040287971 -0.0064710104 -0.0041735256
v  -0.040499955 -0.0064710104 6.7473898e-09
v  -0.040352851 -0.0064710104 -0.0028961531
v  -0.040278211 -0.0064710104 0.0042326963
v  -0.040499978 0.0048183776 3.6549711e-08
v  0.04027532 -0.0064710104 0.0042601293
v  -0.038716882 -0.0064710104 0.011884979
v  -0.04050003 0.023967026 9.6154359e-08
v  -0.040500008 0.017176313 8.1253198e-08
v  -0.040499978 0.0051675267 3.6549711e-08
v  -0.040236987 0.056000181 0.0042293882
v  -0.04022257 0.056000181 0.004408679
v  -0.040161602 0.056000181 0.0051669693
v  -0.039601691 0.056000181 0.0082759475
v  -0.040149666 0.056000181 0.005315504
v  0.040499981 0.0051675267 3.6549721e-08
v  0.040500011 0.017176313 8.1253205e-08
v  0.040500026 0.023967026 9.6154366e-08
v  0.040270086 0.056000181 0.0042593097
v  0.03869503 -0.0064710104 0.011955953
v  -0.038386874 0.056000177 0.01282861
v  -0.038668372 0.056000177 0.011870733
v  -0.039392233 0.056000177 0.0094075566
v  -0.039502233 0.056000181 0.0088132536
v  -0.035715811 -0.0064710104 0.019095309
v  -0.037328526 0.056000177 0.015574775
v  -0.038218878 0.056000177 0.013400278
v  0.038589578 0.056000177 0.012292049
v  0.038388528 0.056000177 0.012826554
v  0.037372515 0.056000177 0.015527702
v  0.035658639 -0.0064710104 0.019201867
v  0.039657753 0.056000181 0.0081995493
v  0.039647251 0.056000181 0.0082671409
v  0.039896928 0.056000181 0.0066605275
v  0.039504241 0.056000181 0.0088113612
v  0.038679007 0.056000177 0.011951736
v  0.040246725 0.056000181 0.0044096475
v  -0.035214923 0.056000173 0.019917808
v  -0.035668656 0.056000173 0.019070067
v  -0.036641993 0.056000177 0.017251514
v  -0.036942877 0.056000177 0.016516648
v  -0.031386591 -0.0064710104 0.025595538
v  -0.033232853 0.056000173 0.023059674
v  -0.034678213 0.056000173 0.020920597
v  0.036958102 0.056000177 0.016520791
v  0.035628628 0.056000173 0.019186907
v  0.035267353 0.056000173 0.019911401
v  0.031280402 -0.0064710104 0.025725208
v  0.037124455 0.056000177 0.016187184
v  -0.031015106 0.056000169 0.025961198
v  -0.031348169 0.056000169 0.025563382
v  -0.03234829 0.056000173 0.024368785
v  -0.025890216 -0.0064710104 0.031143971
v  -0.028571114 0.056000169 0.028633945
v  -0.029676817 0.056000169 0.02755969
v  0.033037882 0.056000173 0.023425378
v  0.031244829 0.056000169 0.025697134
v  0.031027995 0.056000169 0.025971852
v  0.030459579 0.056000169 0.026692025
v  0.025725078 -0.0064710104 0.03128051
v  0.033258993 0.056000173 0.02307687
v  -0.023425356 0.056000166 0.033037893
v  -0.025865152 0.056000169 0.031112216
v  -0.025902562 0.056000169 0.031082682
v  -0.026692003 0.056000169 0.030459605
v  -0.019431069 -0.0064710104 0.035534255
v  -0.019911371 0.056000166 0.035267361
v  -0.023004279 0.056000166 0.033305056
v  0.02436877 0.056000166 0.032348312
v  0.022989172 0.056000166 0.033280499
v  0.020920575 0.056000166 0.034678228
v  0.019201715 -0.0064710104 0.035658725
v  0.028572008 0.056000169 0.028634854
v  0.027559672 0.056000169 0.029676832
v  0.025893845 0.056000169 0.031071492
v  0.025691744 0.056000169 0.031240694
v  -0.016453564 0.056000162 0.036991619
v  -0.019420132 0.056000166 0.035512321
v  -0.01224935 -0.0064710104 0.038603149
v  -0.014745838 0.056000162 0.037666611
v  -0.016187161 0.056000162 0.037124462
v  0.019176535 0.056000166 0.035611682
v  0.017251484 0.056000162 0.036642008
v  0.016448647 0.056000162 0.036970727
v  0.011955787 -0.0064710104 0.038695075
v  0.019846924 0.056000166 0.035252877
v  -0.012292027 0.056000162 0.038589589
v  -0.012765347 0.056000162 0.03841155
v  -0.0046121175 -0.0064710104 0.040236525
v  -0.0087612337 0.056000158 0.03951741
v  -0.012248768 0.056000162 0.038600959
v  0.009407525 0.056000158 0.03939224
v  0.0087648118 0.056000158 0.039511211
v  0.0042599593 -0.0064710104 0.040275343
v  0.014739715 0.056000162 0.037670441
v  0.01340025 0.056000162 0.038218893
v  0.012767808 0.056000162 0.03840474
v  0.011941799 0.056000162 0.03864748
v  5.3398669e-10 -0.0064710104 0.040500008
v  -0.0043780725 0.056000158 0.040251635
v  -0.0046088914 0.056000158 0.040215753
v  -0.006618544 0.056000158 0.039903454
v  -0.007390968 0.056000158 0.039783411
v  -0.0082671186 0.056000158 0.039647259
v  -0.0020110081 0.056000158 0.040396623
v  -0.0041549127 0.056000158 0.04028631
v  0.0074226861 0.056000158 0.039759628
v  0.0053154719 0.056000158 0.040149666
v  0.0043802937 0.056000158 0.040224858
v  0.0042566997 0.056000158 0.040234797
v  -1.7082937e-07 0.056000154 0.040500082
v  -0.0015614176 0.056000158 0.04041975
v  0.0011672905 0.056000158 0.040483169
v  0.0014931565 0.056000158 0.040456973
v  0.0020145332 0.056000158 0.040415056
v  0.024687801 -0.0022255208 -0.032890581
v  0.038581204 0.0041740588 -0.012180098
v  0.03775138 0.0021143977 -0.014568322
v  0.036770038 0.00021866454 -0.016929202
v  0.035635896 -0.0014990408 -0.019251131
v  0.032899011 -0.0043471702 -0.02373796
v  0.031286642 -0.0054536336 -0.025887839
v  0.034346789 -0.0030251916 -0.021523617
v  0.026829202 -0.0017676416 -0.030990295
v  0.0048904386 -0.003740276 -0.040358238
v  0.011497513 -0.0059589916 -0.039119147
v  0.011510086 -0.0035116922 -0.03945639
v  0.02949797 -0.0063353204 -0.027971171
v  0.028794594 -0.0010904062 -0.028997667
v  0.0082598412 -0.0049711638 -0.039863698
v  -0.039357014 -0.0028077539 -0.078322291
v  0.016470183 -0.0023741301 -0.064266182
v  -0.030587167 -0.00019847856 -0.026932679
v  -0.014375105 -0.0034386169 -0.064557604
v  0.029870976 0.0052430308 -0.065872617
v  -0.028915353 0.0024306451 -0.066396423
v  5.3400012e-10 -0.0055828565 -0.065136306
v  0.040731069 -0.0042359405 -0.085000008
v  0.040616002 -0.0020091187 -0.081758067
v  -0.03979101 0.0087279687 -0.0073699588
v  0.00098303019 -0.0026227485 -0.063416131
v  5.3400012e-10 -0.0055641481 -0.065125421
v  0.0034520482 -0.0025936614 -0.063406654
v  5.3399996e-10 -0.0026343267 -0.063419901
v  -0.0010129357 -0.0026314061 -0.063418962
v  -0.0019321138 -0.0026287462 -0.063418098
v  0.007451125 -0.0023266885 -0.063318752
v  0.004815456 -0.00252151 -0.063382916
v  0.0039127809 -0.00258823 -0.063404895
v  -0.0048155333 -0.0025037478 -0.063376971
v  -0.0064520235 -0.0024328034 -0.06335362
v  -0.0034691985 -0.0025621157 -0.063396163
v  -0.040591761 -0.0019037116 -0.081617057
v  0.030587167 -0.00019847856 -0.026932679
v  0.024297722 0.0019997966 -0.064134799
v  -0.022773772 -0.0001078348 -0.064659707
v  0.018427391 -0.0010458443 -0.06388884
v  -0.016465925 -0.0023570384 -0.064255394
v  -0.0083836606 -0.0025830742 -0.040203132
v  0.0083836624 -0.0025830742 -0.040203132
v  0.010380448 -0.0018098529 -0.063148402
v  0.0094636204 -0.0019716125 -0.063201718
v  0.0075992164 -0.0023005593 -0.063310139
v  -0.0094697913 -0.0020016606 -0.063211508
v  -0.009619846 -0.0019802216 -0.063204445
v  -0.010369985 -0.0017808776 -0.063138761
v  -0.0076003666 -0.0022687416 -0.063299544
v  5.3399701e-10 -0.0043794983 -0.040500216
v  -0.017272651 -0.0022696245 -0.037737437
v  5.3399701e-10 -0.0036630805 -0.040505506
v  7.9845774e-09 -0.0039999583 -0.040500157
v  7.9845774e-09 -0.0040796497 -0.040500171
v  -0.0014057154 -0.0022613842 -0.0406572
v  2.6875489e-07 -0.0016716111 -0.040775202
v  0.0014057165 -0.0022613842 -0.0406572
v  -0.033043079 0.0073064468 -0.023755677
v  -0.031562246 0.0059993244 -0.025926121
v  -0.029941991 0.004868289 -0.028051682
v  0.031562246 0.0059993244 -0.025926121
v  0.013064646 -0.0010083306 -0.062884234
v  0.011676342 -0.0014291357 -0.063022919
v  0.011422065 -0.0015062082 -0.063048325
v  0.010475771 -0.0017930332 -0.063142858
v  -0.01167909 -0.0014329839 -0.063024126
v  -0.011422521 -0.0015011642 -0.063046597
v  0.040941101 -0.0018921632 -0.085000008
v  -0.040833071 -0.0018825966 -0.085000001
v  -0.014514885 -0.0018486741 -0.038969614
v  0.014514887 -0.0018486741 -0.038969614
v  -0.039622314 0.00078825024 -0.078275658
v  -0.0051361392 -0.0014310393 -0.040765055
v  0.0017802051 -7.5566335e-05 -0.041299753
v  0.0051361402 -0.0014310393 -0.040765055
v  -0.018422678 -0.0010293897 -0.063877843
v  -0.011633716 -0.0012158144 -0.039986961
v  0.011633714 -0.0012158144 -0.039986961
v  0.014770725 -0.00023139895 -0.062628366
v  0.013795738 -0.00067539769 -0.062774591
v  -0.014781988 -0.00025243193 -0.062635429
v  -0.013792648 -0.00066560763 -0.062771447
v  -0.012438267 -0.0012312371 -0.062957652
v  0.035779938 0.0036383581 -0.071850762
v  -0.035267323 0.00033796698 -0.072060339
v  -0.037797712 0.00028279171 -0.075075865
v  -0.040916115 0.0004575935 -0.083309501
v  -0.040937565 -0.00070440653 -0.085000001
v  0.030557703 0.0082198428 -0.065269947
v  -0.034387723 0.0087783607 -0.021545865
v  0.033043083 0.0073064468 -0.023755677
v  -0.029842593 0.0052949577 -0.06582991
v  0.039669629 0.00068527204 -0.078395985
v  0.038051043 0.0037191857 -0.075016908
v  0.025615755 0.0043407581 -0.06352704
v  -0.024285704 0.0020291966 -0.064113282
v  -4.6140201e-07 -8.8388784e-05 -0.061528869
v  -0.0024317796 -0.0017560038 -0.062828325
v  0.0024317806 -0.0017560076 -0.062828325
v  0.0048022089 -0.00012519838 -0.06162899
v  -0.008635602 -0.00037485987 -0.040814497
v  0.0086356075 -0.00037485987 -0.040814497
v  -0.0048022117 -0.00012519838 -0.06162899
v  -0.022039525 0.0022638787 -0.035882987
v  -0.017257579 1.8404116e-05 -0.038353734
v  -0.019734353 0.0021085378 -0.037570424
v  0.019734349 0.0021085378 -0.037570424
v  -0.024221994 0.0026177515 -0.034063734
v  0.022039525 0.0022638787 -0.035882987
v  0.01707172 0.0011004668 -0.062189572
v  0.01581559 0.00029697389 -0.062454335
v  0.015530401 0.00011455386 -0.062514447
v  -0.015024952 -0.00015096249 -0.062602036
v  -0.015801154 0.00031915799 -0.062447123
v  -0.017078817 0.0010930013 -0.06219212
v  0.0089167217 0.00023778646 -0.061534829
v  0.017257575 1.8404116e-05 -0.038353734
v  -0.0089167198 0.00023778646 -0.061534829
v  -0.0070194597 0.0015842032 -0.06018994
v  2.7620547e-07 -0.0016165699 -0.040794484
v  -0.0017802113 -7.5566335e-05 -0.041299753
v  5.2207463e-07 0.00025355935 -0.041449659
v  -0.026270963 0.0031714637 -0.032136433
v  0.02422199 0.0026177515 -0.034063734
v  0.019808371 0.0033122275 -0.061461441
v  0.019452643 0.0030053977 -0.061562426
v  0.017738894 0.0015272324 -0.062048949
v  0.017716814 0.001513106 -0.062053598
v  -0.019469544 0.0029875238 -0.06156794
v  0.040970042 -0.0015692252 -0.085000008
v  0.040676255 0.0015886102 -0.081759669
v  0.039619055 0.0042790039 -0.078334667
v  0.010885076 -0.0011567872 -0.062748708
v  -0.040646367 0.0016953174 -0.081617296
v  -0.041000001 1.1817293e-09 -0.091000058
v  0.041000001 1.181729e-09 -0.091000058
v  -0.014615416 0.00035578504 -0.039638482
v  0.014615421 0.00035578504 -0.039638482
v  -0.010885074 -0.0011567872 -0.062748708
v  -0.028178751 0.0039232089 -0.03012567
v  0.02627096 0.0031714637 -0.032136433
v  -4.5395143e-07 -4.2046169e-05 -0.061484732
v  0.0002448117 8.336945e-05 -0.061384134
v  0.0027955477 0.001433586 -0.060165547
v  -0.0002448181 8.336945e-05 -0.061384134
v  -0.0027955468 0.001433586 -0.060165547
v  0.040986482 -0.00070923823 -0.085000008
v  0.012529233 0.0011490185 -0.061192624
v  -0.035598911 0.010402952 -0.019301377
v  0.034387723 0.0087783607 -0.021545865
v  -0.012529231 0.0011490185 -0.061192624
v  -0.0055261026 0.00065485132 -0.041541018
v  0.0023118411 0.00182232 -0.042346381
v  0.0055261035 0.00065485132 -0.041541018
v  -0.011864892 0.0008894552 -0.040743612
v  0.01186489 0.0008894552 -0.040743612
v  -0.010765216 0.0022548374 -0.059902854
v  0.028178755 0.0039232089 -0.03012567
v  0.017640892 0.0014645432 -0.062069602
v  -0.017636023 0.0014687378 -0.062068321
v  -0.017704636 0.0015255671 -0.06204959
v  -0.017464265 0.0013264578 -0.062115185
v  0.014355288 3.5029545e-06 -0.062377803
v  0.041000042 1.181729e-09 -0.085000008
v  -0.041000046 1.1817293e-09 -0.085000001
v  -0.014355286 3.5029545e-06 -0.062377803
v  -0.040409379 0.013762155 -0.0025990836
v  0.03979101 0.0087279687 -0.0073699588
v  -0.0090101799 0.0016059813 -0.041719459
v  0.0090101818 0.0016059813 -0.041719459
v  0.026731592 0.0068608127 -0.062863074
v  -0.025603376 0.0043688952 -0.063504793
v  0.029941987 0.004868289 -0.028051682
v  -0.01562503 0.0025441993 -0.060676046
v  0.021519087 0.0052459999 -0.060824059
v  0.021051362 0.0047172918 -0.060998313
v  0.020057525 0.0035938707 -0.061368607
v  -0.0052036042 0.0028528844 -0.058690004
v  0.0052036052 0.0028528844 -0.058690004
v  0.0070194644 0.0015842032 -0.06018994
v  -0.019496284 0.0030096706 -0.061560638
v  -0.020038515 0.0036100682 -0.061362855
v  -0.021044068 0.0047234832 -0.060996048
v  4.3266766e-07 0.00066345301 -0.041694768
v  -0.0023118402 0.00182232 -0.042346381
v  -4.3159969e-07 0.0002814804 -0.061176665
v  -0.04011786 0.0084591517 -0.098000057
v  -0.04011786 0.0084591517 -0.102
v  -0.030099198 0.0074187866 -0.102
v  -0.030099198 0.0074187866 -0.092
v  0.030099194 0.0074187866 -0.102
v  -0.039810605 0.0084620053 -0.091000058
v  -0.039810605 0.0084620053 -0.098000057
v  0.039810609 0.0084620053 -0.098000057
v  0.0407 0.00099999947 -0.098000057
v  -0.027449138 0.014406417 -0.092
v  -0.023203835 0.020556802 -0.092
v  -0.017610006 0.0255125 -0.092
v  -0.01099275 0.028985504 -0.092
v  -0.0037366371 0.030773975 -0.092
v  0.003736638 0.030773975 -0.092
v  0.010992751 0.028985504 -0.092
v  0.030099194 0.0074187866 -0.092
v  -0.040893532 0.0018899862 -0.085000001
v  -0.040956251 0.0018935215 -0.091000058
v  0.039810609 0.0084620053 -0.091000058
v  0.040956251 0.0018935215 -0.091000058
v  0.040903412 0.0018908207 -0.085000008
v  -0.014005787 0.0034026366 -0.059413381
v  0.015625026 0.0025441993 -0.060676046
v  -0.017319098 0.0021470387 -0.039107867
v  0.017319098 0.0021470387 -0.039107867
v  -2.751375e-07 0.0020151746 -0.059525751
v  0.035944059 0.0070543862 -0.071539447
v  0.035598911 0.010402952 -0.019301377
v  -0.0090703061 0.0033017856 -0.058489598
v  0.010765218 0.0022548374 -0.059902854
v  -0.035725705 0.0037247885 -0.07176964
v  -0.037994117 0.0038146947 -0.074914843
v  0.017303143 0.001642586 -0.061847709
v  -0.030529231 0.0082694972 -0.065225251
v  -0.033367075 0.0074392236 -0.068302244
v  -0.014805003 0.0023716402 -0.040485449
v  0.014805005 0.0023716402 -0.040485449
v  -0.040732257 0.0040232777 -0.08331129
v  -0.040840931 0.0028233689 -0.085000001
v  -0.0060529108 0.0024718132 -0.042665817
v  0.0029933308 0.003420749 -0.043733753
v  0.006052908 0.0024718132 -0.042665817
v  1.4954561e-07 0.0019606065 -0.042470478
v  0.037938792 0.007243318 -0.074837767
v  -0.0395687 0.0043805405 -0.07821098
v  -0.012198097 0.0027708237 -0.041726433
v  0.012198095 0.0027708237 -0.041726433
v  0.040987805 0.00099999947 -0.098000057
v  0.040987805 0.00099999947 -0.102
v  0.027449135 0.014406417 -0.102
v  0.039899606 0.0094351182 -0.102
v  0.039899606 0.0094351182 -0.098000057
v  -0.017303139 0.001642586 -0.061847709
v  -0.012449241 0.0042042821 -0.058047853
v  0.014005789 0.0034026366 -0.059413381
v  -2.0808226e-07 0.0024876234 -0.058935665
v  -0.00088833965 0.0028841656 -0.05851651
v  -0.0034801657 0.0040032431 -0.057014473
v  0.0008883407 0.0028841656 -0.05851651
v  0.0034801704 0.0040032431 -0.057014473
v  -0.018236481 0.0043682023 -0.060006402
v  0.018236477 0.0043681986 -0.060006402
v  -0.0074528004 0.0042572333 -0.056931935
v  0.0074528013 0.0042572333 -0.056931935
v  0.0090703079 0.0033017856 -0.058489598
v  0.04042159 0.0051661446 -0.081749037
v  0.039254207 0.0078347484 -0.078252897
v  0.0094995098 0.0033225541 -0.042895593
v  -0.016761132 0.004982268 -0.058769576
v  -0.040385865 0.0052732318 -0.081604876
v  8.2490381e-08 0.0026419025 -0.043092929
v  -0.0029933299 0.003420749 -0.043733753
v  0.040855698 0.0028244678 -0.085000008
v  -0.040740408 0.0046070269 -0.085000001
v  -0.039730683 0.010122881 -0.091000058
v  0.039730687 0.010122881 -0.091000058
v  0.040453795 0.0063338964 -0.085000008
v  0.040786408 0.0041802838 -0.085000008
v  0.02321614 0.0077429018 -0.060001619
v  0.022480834 0.0066610402 -0.060357966
v  0.022120092 0.0061302721 -0.060532786
v  0.021722626 0.0055454723 -0.060725413
v  -0.021723233 0.0055456138 -0.060725249
v  -0.022118002 0.0061313114 -0.060532354
v  -0.022476502 0.0066631972 -0.060357176
v  -0.021536954 0.0052692383 -0.060816266
v  -0.021926619 0.006488712 -0.037420921
v  -0.019829601 0.0061007715 -0.03926564
v  -0.017455041 0.0040994263 -0.039997451
v  0.019829597 0.0061007715 -0.03926564
v  -0.037628166 0.014060349 -0.014726692
v  0.037628166 0.014060349 -0.014726692
v  0.017455041 0.0040994263 -0.039997451
v  -0.010960481 0.0049258522 -0.056565605
v  0.012449239 0.0042042821 -0.058047853
v  -0.023942403 0.0070386543 -0.035482876
v  0.021926619 0.006488712 -0.037420921
v  -0.015079408 0.0041787042 -0.041500084
v  0.015079406 0.0041787042 -0.041500084
v  0.027638704 0.0095329965 -0.062149711
v  -0.026719019 0.0068877428 -0.062840052
v  -0.0067063938 0.003985764 -0.044089325
v  0.006706391 0.003985764 -0.044089325
v  0.0038127122 0.0046925596 -0.045422025
v  -5.9070647e-08 0.0035317552 -0.057631545
v  -0.015348016 0.0055383123 -0.057444654
v  0.016761135 0.004982268 -0.058769576
v  -0.025864482 0.0077558435 -0.03346727
v  0.023942403 0.0070386543 -0.035482876
v  7.9845783e-09 0.0034596485 -0.043840028
v  -0.012626744 0.0044046841 -0.042908929
v  0.010094547 0.0047487817 -0.044293247
v  0.012626746 0.0044046841 -0.042908929
v  -0.005921274 0.0050734705 -0.055209719
v  0.0059212712 0.0050734705 -0.055209719
v  -5.1620066e-08 0.0036076468 -0.057536758
v  -0.027681254 0.0086412029 -0.031393237
v  0.025864482 0.0077558435 -0.03346727
v  -0.0095455116 0.0055313273 -0.054953121
v  0.010960479 0.0049258522 -0.056565605
v  0.0095455097 0.0055313273 -0.054953121
v  0.0074749482 0.005165094 -0.045739599
v  -0.013998858 0.0060176528 -0.056024559
v  0.015348018 0.0055383123 -0.057444654
v  -4.4169486e-08 0.004284156 -0.044980057
v  -0.0038127149 0.0046925596 -0.045422025
v  -6.6521231e-08 0.0045546046 -0.045353986
v  0.020434074 0.0066060103 -0.059166573
v  -2.8258808e-07 0.0043929755 -0.056190036
v  0.03341087 0.0073701753 -0.068366975
v  0.033575639 0.010631789 -0.067880571
v  0.035815392 0.010459282 -0.071204297
v  -0.035889454 0.0071374453 -0.071454301
v  -0.037880749 0.0073358915 -0.074731506
v  -0.029383838 0.0096916789 -0.029278003
v  0.027681254 0.0086412029 -0.031393237
v  -0.010094545 0.0047487817 -0.044293247
v  -0.007474951 0.005165094 -0.045739599
v  0.0047554118 0.0055845245 -0.047330596
v  -0.0018587926 0.004976151 -0.055139281
v  0.0018587938 0.004976151 -0.055139281
v  -0.040240161 0.0075509525 -0.083304614
v  -0.040391453 0.006318552 -0.085000001
v  -0.017662808 0.0058649085 -0.041009523
v  0.017662805 0.0058649085 -0.041009523
v  -0.039135106 0.018182555 -0.010074639
v  0.015434046 0.0057655661 -0.042657621
v  0.03985744 0.0086926306 -0.081723683
v  -0.012716628 0.0063936687 -0.054502986
v  0.01399886 0.0060176528 -0.056024559
v  -0.0082108071 0.0059696934 -0.053201757
v  0.008210809 0.0059696934 -0.053201757
v  0.037522566 0.010720392 -0.074634358
v  0.023900326 0.0090977149 -0.059555225
v  0.02375298 0.0088059427 -0.059651352
v  0.019092746 0.0069742738 -0.057963632
v  0.017816376 0.0072878948 -0.056685008
v  -0.020434074 0.0066060103 -0.059166573
v  -0.01781638 0.0072878948 -0.056685008
v  -0.019092746 0.0069742738 -0.057963632
v  -0.023295619 0.0078784795 -0.059956945
v  -0.023755349 0.0088042552 -0.059651874
v  -0.039201029 0.0079343701 -0.078125641
v  -3.9434678e-07 0.0047946959 -0.055501141
v  -0.013144075 0.0057796924 -0.044247977
v  0.010786314 0.0058726869 -0.045846753
v  0.013144077 0.0057796924 -0.044247977
v  0.00080958806 0.0053499765 -0.046949498
v  -7.3971812e-08 0.0046602129 -0.045500018
v  -0.00080958701 0.0053499765 -0.046949498
v  1.3464445e-07 0.0054888851 -0.047380336
v  -0.0047554146 0.0055845245 -0.047330596
v  0.001919963 0.0059053986 -0.04907731
v  -0.010786316 0.0058726869 -0.045846753
v  0.0083475308 0.0059933341 -0.047525279
v  -2.8258808e-07 0.005574537 -0.053460516
v  0.029383834 0.0096916789 -0.029278003
v  -0.011505275 0.0066296845 -0.052877314
v  0.01271663 0.0063936687 -0.054502986
v  0.011505281 0.0066296845 -0.052877314
v  -0.00034786708 0.0056823879 -0.053057365
v  -0.0044837142 0.0056830584 -0.053309269
v  -2.5278575e-07 0.0056136264 -0.053258143
v  0.00034786813 0.0056823879 -0.053057365
v  0.0044837114 0.0056830584 -0.053309269
v  -0.01660496 0.0075297519 -0.05532793
v  0.016604956 0.0075297519 -0.05532793
v  0.0069629294 0.0061738654 -0.051317461
v  -0.0083475327 0.0059933341 -0.047525279
v  0.0058086445 0.0060684509 -0.049334832
v  0.038584009 0.011318938 -0.078147478
v  0.040409379 0.013762155 -0.0025990836
v  0.028331954 0.012327504 -0.061394505
v  0.021839421 0.0061994023 -0.060299285
v  -0.039815865 0.0087990174 -0.081577219
v  -0.027626097 0.0095587941 -0.062125869
v  1.0484213e-07 0.0059514618 -0.049515329
v  1.4209503e-07 0.00553338 -0.047481306
v  -0.0019199619 0.0059053986 -0.04907731
v  -0.010369561 0.0066782362 -0.051153533
v  0.010369563 0.0066782362 -0.051153533
v  -0.015458769 0.0076781674 -0.053890891
v  0.015458767 0.0076781674 -0.053890891
v  -0.021839418 0.0061994023 -0.060299285
v  -0.0058086435 0.0060684509 -0.049334832
v  0.0031475541 0.0059959083 -0.051243447
v  -1.4102703e-07 0.0057603358 -0.052498601
v  -0.0031475569 0.0059959083 -0.051243447
v  7.9845792e-09 0.0059478707 -0.051527701
v  -0.0069629322 0.0061738654 -0.051317461
v  0.017939694 0.0074399314 -0.042123206
v  0.013743774 0.0068977079 -0.04569345
v  -0.013743772 0.0068977079 -0.04569345
v  0.011566774 0.0067007369 -0.047486104
v  -0.017939694 0.0074399314 -0.042123206
v  -0.021954052 0.0083947713 -0.038304321
v  0.020174827 0.0094466703 -0.041311376
v  -0.011566772 0.0067007369 -0.047486104
v  0.0093148919 0.0064840815 -0.049354248
v  6.7589227e-08 0.0059501729 -0.05023668
v  -0.0093148863 0.0064840815 -0.049354248
v  -0.014379038 0.0077057234 -0.052375562
v  0.014379044 0.0077057234 -0.052375562
v  0.02228098 0.0092639448 -0.058130018
v  -0.022280976 0.0092639448 -0.058130018
v  -0.021069117 0.0093790749 -0.056965522
v  -0.039684765 0.0097846361 -0.085000001
v  0.040147334 0.0083181905 -0.085000016
v  -0.013368062 0.0075785606 -0.050789379
v  0.013368067 0.0075785606 -0.050789379
v  -0.012429184 0.0072572692 -0.049149223
v  0.022037122 0.010161408 -0.039251469
v  -0.019921765 0.0094490955 -0.05573947
v  0.021069117 0.0093790749 -0.056965522
v  0.012429186 0.0072572692 -0.049149223
v  -0.014420374 0.0077729723 -0.047196545
v  0.024895992 0.011155744 -0.058877237
v  0.024885982 0.011128661 -0.058886163
v  0.024776861 0.010833398 -0.058983333
v  -0.023900747 0.0090970555 -0.059555389
v  -0.024858065 0.011024841 -0.058920152
v  -0.018283203 0.0088281007 -0.043313734
v  -0.016366728 0.008281515 -0.045265459
v  0.0182832 0.0088281007 -0.043313734
v  0.01442038 0.0077729723 -0.047196545
v  -0.018839978 0.0094564194 -0.05444961
v  0.019921761 0.0094490955 -0.05573947
v  0.018839978 0.0094564194 -0.05444961
v  -0.02562689 0.011942488 -0.03498707
v  0.02562689 0.011942488 -0.03498707
v  0.033470638 0.013887943 -0.067371026
v  -0.035760909 0.010539037 -0.071115106
v  -0.033532165 0.010697872 -0.067812636
v  0.03540042 0.013816048 -0.070844881
v  -0.017823778 0.0093821222 -0.05309657
v  0.017823774 0.0093821222 -0.05309657
v  -0.028937772 0.014236473 -0.030627511
v  -0.031878337 0.017023521 -0.026256807
v  0.031878341 0.017023521 -0.026256807
v  -0.037463829 0.010809884 -0.074523836
v  0.031196885 0.014368278 -0.063974373
v  0.031000078 0.011273251 -0.06463524
v  -0.027449138 0.014406417 -0.102
v  0.027449135 0.014406417 -0.092
v  -0.030971847 0.011320767 -0.064588524
v  -0.020174831 0.0094466703 -0.041311376
v  -0.022037126 0.010161408 -0.039251469
v  -0.016872928 0.0092039267 -0.051683746
v  0.016872928 0.0092039267 -0.051683746
v  -0.038945436 0.012243283 -0.081532449
v  -0.015169485 0.0084292898 -0.048715748
v  0.015169484 0.0084292898 -0.048715748
v  -0.015987761 0.0088960016 -0.050218858
v  0.015987758 0.0088960016 -0.050218858
v  0.018691201 0.010039297 -0.044555806
v  0.036813252 0.014115834 -0.074404456
v  -0.038528316 0.011416108 -0.078016452
v  0.028807726 0.015212261 -0.060605489
v  -0.028319478 0.012352251 -0.061369829
v  -0.016937621 0.0092338668 -0.046646319
v  0.039761089 0.0097974809 -0.085000016
v  0.038992658 0.012138777 -0.081681751
v  0.019162055 0.011088115 -0.045825966
v  -0.037509404 0.016554298 -0.098000057
v  -0.037509404 0.016554298 -0.102
v  -0.037181303 0.016554182 -0.091000058
v  -0.037181303 0.016554182 -0.098000057
v  0.037181299 0.016554182 -0.098000057
v  0.037181299 0.016554182 -0.091000058
v  0.028937768 0.014236473 -0.030627511
v  0.037621491 0.014700581 -0.078016393
v  -0.040099122 0.022686688 -0.0054048384
v  0.039135102 0.018182555 -0.010074639
v  -0.034416027 0.020230839 -0.021876164
v  0.034416024 0.020230839 -0.021876164
v  -0.018691204 0.010039297 -0.044555806
v  -0.017574757 0.010008429 -0.048038505
v  0.0196946 0.011992228 -0.047104262
v  -0.018276595 0.010628664 -0.04941956
v  0.019042365 0.011118394 -0.050773151
v  -0.022739351 0.012202819 -0.055752702
v  -0.021721497 0.012024199 -0.054579906
v  0.022739347 0.012202819 -0.055752702
v  0.021721497 0.012024195 -0.054579906
v  -0.020765044 0.011795954 -0.053358264
v  0.02076504 0.011795954 -0.053358264
v  -0.019042365 0.011118394 -0.050773151
v  0.037094481 0.017464237 -0.102
v  0.037094481 0.017464237 -0.098000057
v  -0.020760082 0.01217356 -0.043574087
v  -0.022367872 0.013294243 -0.041287266
v  0.022175316 0.011792221 -0.040250115
v  -0.019871876 0.01150046 -0.052088283
v  0.019871876 0.01150046 -0.052088283
v  0.025409762 0.012545873 -0.058419757
v  0.025867596 0.013784659 -0.058012061
v  0.025810856 0.013631132 -0.058062591
v  -0.024904132 0.011156206 -0.058876865
v  -0.025393091 0.012550377 -0.058417521
v  -0.025775917 0.013641943 -0.058057867
v  -0.039620385 0.010100392 -0.085000001
v  0.039679606 0.010109545 -0.085000016
v  -0.019162059 0.011088115 -0.045825966
v  0.022367872 0.013294243 -0.041287266
v  -0.039292388 0.011709155 -0.085000001
v  0.039089564 0.012369354 -0.085000016
v  -0.03871417 0.013164767 -0.085000001
v  -0.036868989 0.017935375 -0.091000058
v  0.036868989 0.017935375 -0.091000058
v  0.037624057 0.016291844 -0.085000016
v  0.038782012 0.013192532 -0.085000016
v  0.025565557 0.015728017 -0.036666177
v  -0.036550522 0.023774697 -0.017448388
v  0.033101618 0.017101953 -0.066840351
v  -0.035346553 0.013892562 -0.070751689
v  -0.033427916 0.013951217 -0.06729991
v  -0.019694597 0.011992228 -0.047104262
v  0.031149384 0.017469054 -0.063292794
v  -0.031169221 0.014413812 -0.063925646
v  0.03471053 0.017090278 -0.070461258
v  -0.036754303 0.014202093 -0.074289687
v  0.022613764 0.014677358 -0.042350464
v  -0.02028805 0.01277081 -0.048374839
v  0.02028805 0.01277081 -0.048374839
v  0.024939522 0.012477499 -0.057961099
v  -0.024939522 0.012477499 -0.057961099
v  0.029064048 0.018153531 -0.059790932
v  0.035826053 0.017398259 -0.074147381
v  -0.02879554 0.015236058 -0.060579978
v  -0.037563711 0.014794734 -0.077881418
v  -0.020941794 0.013443378 -0.049625911
v  0.020941794 0.013443378 -0.049625911
v  -0.021654986 0.014029034 -0.0508494
v  0.021654982 0.014029034 -0.0508494
v  -0.025565557 0.015728017 -0.036666177
v  -0.021576539 0.014372696 -0.045919098
v  0.022911511 0.015953617 -0.043428741
v  0.022426154 0.014546012 -0.05204051
v  -0.023252465 0.015011535 -0.053197183
v  0.037839226 0.015477189 -0.081622399
v  0.036383167 0.017951583 -0.077859148
v  -0.022911511 0.015953617 -0.043428741
v  -0.02504798 0.015850538 -0.055409007
v  0.023252465 0.015011535 -0.053197183
v  0.02412894 0.015441515 -0.054319479
v  0.02504798 0.015850538 -0.055409007
v  -0.037786804 0.015578588 -0.081469692
v  0.026571494 0.016513882 -0.057112671
v  0.026511073 0.016279617 -0.057189874
v  -0.026108064 0.014588998 -0.057745822
v  -0.026495285 0.016281845 -0.05718825
v  0.023258917 0.017136486 -0.044513024
v  -0.037408285 0.016452225 -0.085000001
v  -0.02428408 0.017538676 -0.040932201
v  0.025675289 0.019146787 -0.038458996
v  -0.022613935 0.016169155 -0.048248209
v  0.023652807 0.018240282 -0.045596428
v  0.040099122 0.022686688 -0.0054048384
v  0.03247904 0.020240152 -0.066291623
v  0.030861739 0.020539651 -0.062595434
v  -0.034657761 0.017163636 -0.070364177
v  -0.033060081 0.017162582 -0.066766135
v  -0.031122595 0.01751277 -0.063242085
v  -0.023852102 0.017695116 -0.050508417
v  0.024088725 0.019279638 -0.046674363
v  -0.038278066 0.027586536 -0.012941041
v  0.036550518 0.023774697 -0.017448388
v  0.033761211 0.020250997 -0.070055157
v  -0.035767391 0.017481135 -0.074028417
v  -0.028617024 0.01849241 -0.032098122
v  0.028617021 0.01849241 -0.032098122
v  0.029100753 0.021116486 -0.058959089
v  -0.023652807 0.018240282 -0.045596428
v  -0.023203835 0.020556802 -0.102
v  0.023203831 0.020556802 -0.102
v  0.032693136 0.024741845 -0.102
v  0.023203831 0.020556802 -0.092
v  -0.029052302 0.018176479 -0.059764586
v  0.02456056 0.020268897 -0.047744222
v  0.034579556 0.020539565 -0.073864102
v  -0.03632383 0.018042142 -0.077720083
v  0.02453455 0.018396104 -0.05160708
v  0.027029753 0.019028476 -0.056283675
v  0.026852675 0.017855613 -0.056670405
v  0.026761085 0.017248986 -0.056870423
v  -0.026974447 0.018376654 -0.056498282
v  -0.027051926 0.01902453 -0.056284852
v  -0.026549183 0.016517477 -0.057110645
v  -0.026855327 0.017855892 -0.056669809
v  0.036411718 0.018682601 -0.081545688
v  0.034888219 0.02104695 -0.077676691
v  -0.036354788 0.018779671 -0.081389047
v  -0.025675289 0.019146787 -0.038458996
v  -0.02524811 0.019073812 -0.052685075
v  0.02524811 0.019073812 -0.052685075
v  -0.024765886 0.020265197 -0.042940058
v  0.02578795 0.020737642 -0.039384462
v  -0.024560556 0.020268897 -0.047744222
v  0.037522629 0.016496709 -0.085000016
v  -0.036825918 0.017918268 -0.085000001
v  0.036821894 0.017912058 -0.085000016
v  -0.032926992 0.023922859 -0.091000058
v  -0.032926992 0.023922859 -0.098000057
v  -0.03328687 0.023937089 -0.098000057
v  0.032926992 0.023922859 -0.098000057
v  0.032926992 0.023922859 -0.091000058
v  -0.03328687 0.023937089 -0.102
v  -0.028417997 0.022474362 -0.033676617
v  -0.03098125 0.025951562 -0.029157318
v  -0.033309124 0.029520551 -0.02480834
v  0.03098125 0.025951562 -0.029157318
v  0.031616971 0.023272144 -0.065729551
v  0.030342158 0.02354704 -0.061888672
v  0.025932651 0.022262318 -0.040323935
v  -0.030836105 0.020581732 -0.062542833
v  -0.032439083 0.020298319 -0.06621445
v  -0.03371001 0.020321285 -0.069954358
v  0.032570917 0.023270419 -0.069629751
v  0.032693136 0.024741845 -0.098000057
v  0.028919723 0.024066044 -0.058118097
v  -0.034521714 0.020618921 -0.073741056
v  -0.029089585 0.021138696 -0.058931924
v  -0.025932655 0.022262318 -0.040323935
v  0.026725423 0.020410413 -0.054786243
v  -0.026725419 0.020410413 -0.054786243
v  0.035953101 0.019666856 -0.085000016
v  0.034726772 0.021732034 -0.081452586
v  -0.036616869 0.018444536 -0.085000001
v  -0.035886064 0.019623084 -0.085000001
v  -0.032489009 0.02500928 -0.091000058
v  0.032489009 0.02500928 -0.091000058
v  0.035766069 0.020044623 -0.085000016
v  0.033094805 0.023515174 -0.073557079
v  -0.034827985 0.02113335 -0.077533431
v  0.027323611 0.020974806 -0.055641897
v  -0.027285598 0.020978468 -0.055641167
v  -0.039553456 0.03163274 -0.0083577121
v  0.038278062 0.027586536 -0.012941041
v  -0.025378622 0.022750845 -0.044966929
v  0.026101995 0.023731461 -0.041275047
v  0.025060423 0.021221878 -0.048805185
v  0.028417997 0.022474362 -0.033676617
v  0.033157669 0.02396501 -0.077471294
v  -0.034666277 0.02182362 -0.081291519
v  -0.025578633 0.022151722 -0.049857832
v  0.025578629 0.022151722 -0.049857832
v  0.0261028 0.023069421 -0.050902896
v  0.026286241 0.025156079 -0.042236961
v  -0.034021989 0.022629222 -0.085000001
v  0.034106161 0.022681126 -0.085000016
v  -0.03539855 0.033122383 -0.020487927
v  0.033309121 0.029520551 -0.02480834
v  0.029601771 0.026460906 -0.061180137
v  0.030531857 0.0261703 -0.065159842
v  -0.026286244 0.025156079 -0.042236961
v  -0.026050329 0.025095573 -0.0470035
v  0.026473012 0.026546957 -0.043210112
v  -0.030317932 0.023587665 -0.061834268
v  -0.031578951 0.023328034 -0.065649614
v  -0.03252174 0.023337742 -0.069525458
v  -0.027471095 0.022529555 -0.055130191
v  -0.026617229 0.023983208 -0.051941417
v  0.027364042 0.021242602 -0.055553593
v  0.026617229 0.023983208 -0.051941417
v  0.031160176 0.026124226 -0.069189422
v  0.028525751 0.026969032 -0.05727727
v  -0.027631968 0.030289842 -0.102
v  -0.017610006 0.0255125 -0.102
v  0.017610006 0.0255125 -0.102
v  0.026884966 0.030954782 -0.102
v  0.017610006 0.0255125 -0.092
v  -0.028909266 0.024087628 -0.058090158
v  -0.033038333 0.023590876 -0.073430121
v  0.02831281 0.026218364 -0.035348214
v  0.031394355 0.026304258 -0.073230132
v  0.027520403 0.024715172 -0.054410018
v  -0.03309729 0.024046721 -0.077323802
v  -0.027505808 0.024714006 -0.054410525
v  0.026647083 0.02791409 -0.044195406
v  0.027104542 0.024899056 -0.052975543
v  -0.032739669 0.024690082 -0.081179023
v  -0.026668936 0.027382566 -0.049052767
v  0.026789479 0.029266283 -0.045193113
v  -0.02831281 0.026218364 -0.035348214
v  -0.032799125 0.024601286 -0.085000001
v  0.03353506 0.023588231 -0.085000016
v  0.031213555 0.026687613 -0.077246509
v  -0.040304825 0.035901435 -0.0037406019
v  -0.040490843 0.027498825 -0.00078431587
v  0.040490847 0.027498825 -0.00078431587
v  0.039553452 0.03163274 -0.0083577121
v  -0.026647083 0.02791409 -0.044195406
v  0.026877075 0.030608423 -0.04620377
v  0.029241756 0.028910108 -0.064588942
v  0.028653488 0.029253121 -0.060477979
v  -0.029579163 0.026500246 -0.061124109
v  -0.030496068 0.026224105 -0.065077379
v  -0.031113416 0.026188688 -0.069081925
v  0.02955066 0.028791847 -0.068739608
v  -0.028516106 0.026990106 -0.057248615
v  0.03244799 0.024977176 -0.085000016
v  -0.031339802 0.02637619 -0.073099487
v  0.028239369 0.029774964 -0.037105493
v  -0.037240982 0.036733121 -0.016083471
v  0.03539855 0.033122383 -0.020487927
v  -0.027233616 0.030245995 -0.091000058
v  -0.027233616 0.030245995 -0.098000057
v  -0.027631968 0.030289842 -0.098000057
v  0.027233616 0.030245995 -0.098000057
v  0.027233616 0.030245995 -0.091000058
v  0.02950133 0.028889975 -0.072888285
v  -0.040500037 0.028800646 1.1105552e-07
v  0.040500041 0.028800646 1.1105553e-07
v  -0.027522102 0.025739828 -0.054072566
v  -0.027547665 0.025820596 -0.05400794
v  -0.027082257 0.029651774 -0.051126949
v  0.026884601 0.031940557 -0.047228493
v  -0.031153858 0.026764175 -0.077094786
v  0.027561765 0.025633769 -0.05410751
v  -0.032457747 0.024981184 -0.085000001
v  -0.030594312 0.027361451 -0.081054263
v  -0.031990223 0.025501458 -0.085000001
v  0.026884966 0.030954782 -0.098000057
v  0.027556274 0.025726629 -0.054076873
v  0.027547661 0.025820596 -0.05400794
v  0.026787046 0.033258554 -0.048268087
v  0.032015875 0.025529286 -0.085000016
v  0.029078107 0.029200356 -0.077007003
v  -0.026771121 0.031053295 -0.091000058
v  0.026771121 0.031053295 -0.091000058
v  0.029696167 0.028192861 -0.085000016
v  0.030954435 0.026885478 -0.085000016
v  -0.026877075 0.030608423 -0.04620377
v  -0.028239369 0.029774964 -0.037105493
v  -0.029626131 0.028132288 -0.085000001
v  -0.020788021 0.035339188 -0.102
v  -0.01099275 0.028985504 -0.102
v  0.010992751 0.028985504 -0.102
v  0.012097669 0.039174564 -0.102
v  0.019919906 0.035835698 -0.102
v  0.027549237 0.025845708 -0.054037593
v  -0.027523786 0.025845507 -0.054037757
v  -0.027537964 0.026737953 -0.053743742
v  0.027315132 0.029805759 -0.052731372
v  -0.030201852 0.034143001 -0.032489516
v  -0.032143749 0.038213015 -0.028169908
v  0.030201852 0.034143001 -0.032489516
v  0.02776558 0.031470489 -0.0640238
v  0.027511451 0.031898167 -0.05979047
v  -0.029506676 0.028853547 -0.068629235
v  -0.029208452 0.028962003 -0.064504214
v  -0.028632648 0.029291341 -0.060420461
v  0.027764287 0.031256728 -0.068286583
v  -0.029449254 0.028958051 -0.072754197
v  0.027127847 0.032511424 -0.0556361
v  0.028084245 0.033197816 -0.038952403
v  0.027438488 0.031259723 -0.072537608
v  -0.027233616 0.030432684 -0.05252672
v  -0.029019989 0.0292714 -0.07685113
v  0.026772909 0.031492785 -0.076758519
v  0.026710015 0.033572722 -0.051492102
v  0.027214959 0.030429348 -0.052526213
v  0.027250227 0.0302098 -0.052598454
v  -0.027120009 0.032531753 -0.055606239
v  -0.028249972 0.029823048 -0.080920778
v  -0.026787043 0.033258554 -0.048268087
v  -0.040500067 0.03984943 1.4085784e-07
v  0.040304825 0.035901435 -0.0037406019
v  -0.038770907 0.040383093 -0.011554533
v  0.037240978 0.036733121 -0.016083471
v  -0.028084248 0.033197816 -0.038952403
v  -0.027954847 0.029992141 -0.085000001
v  0.028051142 0.029902095 -0.085000016
v  0.02612232 0.033834133 -0.063471682
v  0.040500067 0.03984943 1.4085785e-07
v  -0.027723387 0.031315759 -0.068173669
v  -0.027734943 0.031520635 -0.063937135
v  0.025822297 0.033506609 -0.067837238
v  0.026190512 0.034373522 -0.059125893
v  -0.027389415 0.031323884 -0.072400369
v  -0.027492478 0.031935412 -0.059731685
v  -0.013049549 0.038867842 -0.102
v  -0.0037366371 0.030773975 -0.102
v  0.003736638 0.030773975 -0.102
v  0.0037548547 0.040827699 -0.102
v  0.025227264 0.033405378 -0.072185084
v  0.026141427 0.035093389 -0.054855414
v  0.027672358 0.036535211 -0.040897138
v  -0.026717305 0.031558055 -0.076598622
v  -0.034072064 0.041965213 -0.023906462
v  0.032143746 0.038213015 -0.028169908
v  -0.027154654 0.030960407 -0.052352868
v  -0.027220875 0.030587411 -0.052475743
v  -0.026608229 0.03403832 -0.051338829
v  -0.029671334 0.038015425 -0.034321032
v  0.029671334 0.038015425 -0.034321032
v  0.02656211 0.034554832 -0.049321987
v  -0.025726326 0.03206332 -0.080782741
v  -0.027141869 0.030625358 -0.085000001
v  0.027162243 0.030654419 -0.085000016
v  -0.020350002 0.035247233 -0.091000058
v  -0.020350002 0.035247233 -0.098000057
v  -0.020788021 0.035339188 -0.098000057
v  0.020349998 0.035247233 -0.098000057
v  0.020349998 0.035247233 -0.091000058
v  0.019950785 0.035818517 -0.091000058
v  -0.0273159 0.038107753 -0.041860826
v  -0.026849389 0.036736645 -0.044668041
v  -0.02674783 0.036438145 -0.045279182
v  -0.027672358 0.036535211 -0.040897138
v  0.026813764 0.03668344 -0.044749208
v  -0.026703656 0.030966677 -0.085000001
v  0.026737664 0.031013764 -0.085000016
v  0.025787909 0.032002073 -0.080964468
v  -0.004749536 0.040723972 -0.102
v  0.019919906 0.035835698 -0.098000057
v  -0.024351671 0.032798614 -0.085000001
v  -0.023042917 0.034073412 -0.080644101
v  0.024855118 0.03260706 -0.085000023
v  -0.022236638 0.034445986 -0.085000001
v  -0.019950785 0.035818517 -0.091000058
v  0.021511443 0.034895603 -0.085000023
v  0.024430554 0.032897651 -0.085000023
v  0.024330296 0.035987828 -0.062939845
v  0.02374436 0.035533812 -0.067398906
v  -0.025784731 0.033563063 -0.067722142
v  -0.026094466 0.033882666 -0.063383363
v  -0.025181688 0.033465598 -0.072045013
v  0.024705678 0.036660075 -0.058492161
v  0.024318207 0.033558644 -0.076507673
v  0.022886973 0.035323624 -0.071838401
v  -0.026173458 0.034409918 -0.059066035
v  -0.024266019 0.033618044 -0.076343954
v  -0.03986945 0.044126 -0.0069144154
v  0.038770907 0.040383093 -0.011554533
v  0.024976552 0.037514914 -0.054113694
v  -0.026134528 0.035113458 -0.054825075
v  0.026725575 0.036222223 -0.045806505
v  0.021732975 0.035395615 -0.07626079
v  0.023101013 0.034020547 -0.080831118
v  0.026608229 0.03403832 -0.051338829
v  0.02579847 0.036882643 -0.050401814
v  0.026079983 0.035893817 -0.050727569
v  -0.026004642 0.035869274 -0.05073566
v  -0.035953373 0.045439713 -0.019544087
v  0.03407206 0.041965213 -0.023906462
v  -0.028600954 0.040674675 -0.037190221
v  0.028581262 0.040651519 -0.037222959
v  -0.026567608 0.035295997 -0.047962643
v  -0.026528582 0.035048675 -0.048543729
v  -0.026554883 0.034715023 -0.049466752
v  -0.026710331 0.036200501 -0.045837529
v  0.026541859 0.035261426 -0.048009016
v  0.026544549 0.0352755 -0.047976755
v  0.021547783 0.037335701 -0.066979185
v  -0.02284535 0.035379939 -0.071695812
v  -0.023710325 0.035587758 -0.067281999
v  0.022406373 0.037922774 -0.062435396
v  0.020435039 0.037016369 -0.071505003
v  -0.024305284 0.036034852 -0.062850229
v  0.026571162 0.034721412 -0.049479164
v  -0.021685086 0.035449233 -0.07609351
v  0.02307158 0.038742516 -0.057896651
v  -0.024690546 0.036695711 -0.058431439
v  0.020271692 0.035801124 -0.080700248
v  0.01903405 0.037003003 -0.076023147
v  -0.020218544 0.035845943 -0.080508143
v  -0.021484271 0.034842256 -0.085000001
v  -0.031389147 0.04232952 -0.030007116
v  0.031389151 0.04232952 -0.030007116
v  0.023643821 0.039754041 -0.05341927
v  -0.024970561 0.037534773 -0.054082952
v  -0.019881278 0.035686549 -0.085000001
v  0.021399811 0.034972008 -0.085000023
v  0.019926198 0.035773307 -0.085000023
v  0.025258806 0.038459159 -0.049882449
v  0.025554862 0.037738338 -0.050119914
v  0.024726253 0.039755803 -0.049455293
v  -0.025159828 0.038432013 -0.049891405
v  -0.025642648 0.036967378 -0.050373904
v  -0.012576989 0.038708001 -0.091000058
v  -0.012576989 0.038708001 -0.098000057
v  -0.013049549 0.038867842 -0.098000057
v  0.012576991 0.038708001 -0.098000057
v  0.012576991 0.038708001 -0.091000058
v  0.012308863 0.03910872 -0.091000058
v  0.026026506 0.038079951 -0.047033392
v  -0.026000082 0.038209569 -0.046973266
v  0.019247845 0.03891601 -0.066585511
v  -0.021517403 0.037387211 -0.06686081
v  -0.020397767 0.037068896 -0.071360238
v  0.017886057 0.038487691 -0.071191125
v  -0.018991262 0.037051145 -0.07585261
v  0.020365328 0.039635219 -0.061965056
v  -0.022384197 0.037968367 -0.062344767
v  -0.018355392 0.036490228 -0.085000001
v  -0.017271176 0.037374645 -0.080377601
v  0.018411152 0.036597133 -0.085000023
v  0.017318081 0.037337221 -0.080574498
v  0.016236141 0.03838082 -0.075798959
v  -0.012308865 0.03910872 -0.091000058
v  0.015826222 0.037822329 -0.085000023
v  0.017721228 0.036972292 -0.085000023
v  0.012097669 0.039174564 -0.098000057
v  0.040500071 0.041832168 1.5575901e-07
v  0.03986945 0.044126 -0.0069144154
v  0.021301921 0.040609751 -0.057345919
v  -0.02305831 0.038777456 -0.057835288
v  -0.026465327 0.039657682 -0.043695159
v  -0.01582627 0.03782231 -0.085000001
v  -0.015414759 0.038022671 -0.083149262
v  -0.027420424 0.038332835 -0.041440852
v  -0.027324975 0.03813443 -0.041806199
v  -0.028248169 0.040053401 -0.038272597
v  -0.028316587 0.04019561 -0.038010739
v  0.027332902 0.038113765 -0.041871093
v  0.027400721 0.038300619 -0.041495107
v  0.02743277 0.038388912 -0.041317441
v  0.028237469 0.040014639 -0.038353629
v  0.028431177 0.040405989 -0.037640177
v  0.022154097 0.041792423 -0.052779488
v  0.026480913 0.039515965 -0.04377269
v  -0.023638703 0.039773714 -0.053388231
v  -0.037691951 0.048736159 -0.015023225
v  0.035953373 0.045439713 -0.019544087
v  0.014855378 0.038414266 -0.080478765
v  0.01525188 0.039742265 -0.070901498
v  0.016857002 0.040281437 -0.066224083
v  -0.017853454 0.038536657 -0.071044534
v  -0.016199127 0.038423989 -0.075625524
v  -0.019221209 0.038965169 -0.066465996
v  0.014739656 0.038484823 -0.07993985
v  -0.014784372 0.038608052 -0.079949185
v  -0.014851517 0.038545694 -0.080290072
v  -0.020345949 0.039679427 -0.061873712
v  0.024284203 0.040832084 -0.049100734
v  0.023336109 0.042543333 -0.048536994
v  -0.024688773 0.039860949 -0.049420677
v  -0.024574392 0.0402079 -0.04930637
v  -0.024203867 0.040849082 -0.049095146
v  -0.012359469 0.039092876 -0.085000053
v  0.012301751 0.039088923 -0.085000053
v  0.019409038 0.042255595 -0.056845523
v  -0.021290429 0.040644024 -0.057284109
v  -0.030504026 0.04369355 -0.032065354
v  -0.029779173 0.042659562 -0.03379067
v  -0.0289983 0.041344069 -0.036043741
v  0.029004414 0.041343771 -0.036046617
v  -0.01201216 0.0394115 -0.080106474
v  0.025169499 0.041008145 -0.046127923
v  -0.027155861 0.041310348 -0.040507607
v  -0.025135204 0.041120298 -0.046077393
v  -0.025696874 0.042615373 -0.042852797
v  -0.033230707 0.046156507 -0.025743596
v  0.033230707 0.046156507 -0.025743596
v  0.027162109 0.041153736 -0.040600993
v  0.013696206 0.039603453 -0.074445561
v  0.013921876 0.039361522 -0.075633824
v  0.014737261 0.038487393 -0.079927228
v  0.028199028 0.041400433 -0.037928335
v  0.012012118 0.039411515 -0.080106474
v  -0.013662203 0.039650101 -0.074252672
v  -0.013691328 0.039623056 -0.074400522
v  -0.01390016 0.039429132 -0.075460628
v  -0.013099155 0.040777467 -0.070569471
v  -0.015224203 0.039788008 -0.07075344
v  -0.016834147 0.040328369 -0.066103756
v  -0.01201216 0.040148996 -0.074502617
v  -0.0042543109 0.040477041 -0.091000058
v  -0.0042543109 0.040477041 -0.098000057
v  -0.004749536 0.040723972 -0.098000057
v  0.0042543081 0.040477041 -0.098000057
v  0.0042543081 0.040477041 -0.091000058
v  0.0041600582 0.040788405 -0.091000058
v  0.020518191 0.043615814 -0.05220037
v  -0.022149771 0.041811917 -0.052748241
v  0.018220223 0.041128591 -0.061535425
v  -0.018203549 0.041171432 -0.061443634
v  0.012009573 0.039193921 -0.085000053
v  -0.012308217 0.039106246 -0.085000053
v  -0.012007884 0.039184596 -0.085000046
v  -0.0083144149 0.040148113 -0.085000001
v  -0.004160061 0.040788405 -0.091000058
v  0.00800562 0.040200416 -0.085000008
v  0.011866667 0.039245278 -0.085000053
v  0.0037548547 0.040827699 -0.098000057
v  0.0080080712 0.040406916 -0.080299512
v  0.012012118 0.040149011 -0.074502617
v  -0.0080081141 0.041133147 -0.074693471
v  -0.0080081141 0.040406905 -0.080299512
v  0.025724456 0.0424903 -0.042918764
v  0.013083574 0.040645856 -0.070696063
v  0.017404214 0.043681327 -0.056400724
v  -0.026386492 0.044308934 -0.039725371
v  -0.019399203 0.04228919 -0.05678346
v  0.023030389 0.043095134 -0.048355214
v  0.02277793 0.043550804 -0.0482051
v  -0.022934929 0.043044906 -0.048371784
v  -0.023204125 0.04257907 -0.048525237
v  -0.012857406 0.041261505 -0.06898807
v  -0.040500075 0.041832168 1.55759e-07
v  -0.028214365 0.041581128 -0.037814401
v  -0.008005864 0.04019573 -0.084999993
v  -0.01201216 0.041366287 -0.068991803
v  -0.0080081141 0.042342335 -0.069181085
v  0.012012114 0.041366305 -0.068991803
v  0.012797744 0.041132197 -0.068946712
v  0.0080080712 0.041133158 -0.074693471
v  -0.0041757668 0.040786803 -0.084999904
v  0.0078013209 0.040250957 -0.085000008
v  0.0041568507 0.040765699 -0.084999926
v  0.012780917 0.041160833 -0.068843707
v  0.012353157 0.042277828 -0.065678358
v  0.015981819 0.04241021 -0.061151884
v  -0.012220762 0.042536214 -0.064823486
v  -0.012332275 0.042312946 -0.065552928
v  -0.015967749 0.042451695 -0.0610599
v  -0.03913518 0.051964309 -0.010329613
v  0.037691951 0.048736159 -0.015023225
v  -0.0040040682 0.041716002 -0.074806497
v  -0.0040040682 0.040992979 -0.080413163
v  0.0040040244 0.040992986 -0.080413163
v  0.018746682 0.045214802 -0.051686533
v  -0.020514585 0.043635119 -0.052168988
v  0.0040017073 0.040787611 -0.084999919
v  -0.0041600163 0.040787607 -0.084999904
v  -0.0040036361 0.040795591 -0.084999911
v  0.0036514108 0.04083709 -0.084999911
v  -2.1817739e-08 0.040999997 -0.085000001
v  -2.1817739e-08 0.041186467 -0.080450684
v  0.023903627 0.043915566 -0.045319907
v  -0.023862682 0.044009674 -0.045277469
v  -2.1817741e-08 0.041908871 -0.074843898
v  0.0040040244 0.041716009 -0.074806497
v  -0.024447046 0.045567948 -0.042151518
v  0.015297377 0.044893049 -0.056015529
v  -0.0040040682 0.042924818 -0.069294043
v  0.0080080675 0.04234235 -0.069181085
v  0.027695559 0.04448672 -0.03711205
v  0.028032809 0.042946905 -0.037501894
v  0.026409507 0.044170208 -0.039806001
v  -0.017395914 0.043714203 -0.056338601
v  -0.028034292 0.043120157 -0.037393786
v  -0.027182303 0.046153549 -0.036676981
v  0.030230157 0.043349024 -0.032639123
v  -0.030456901 0.045368068 -0.031667881
v  -0.01201216 0.043026015 -0.063566796
v  -0.0080081141 0.043986641 -0.063753076
v  0.012012114 0.04302603 -0.063566796
v  0.030421983 0.045149788 -0.031810142
v  0.030193582 0.046814002 -0.031455807
v  -2.1817741e-08 0.04311825 -0.069331549
v  0.0040040244 0.042924825 -0.069294043
v  0.021640256 0.045109108 -0.04769174
v  0.021584433 0.045185573 -0.047666557
v  -0.02190996 0.044818547 -0.04778748
v  -0.021641597 0.045103665 -0.047693558
v  -0.04050009 0.05004498 1.7066016e-07
v  -0.040433653 0.048012763 -0.0022307716
v  0.040395711 0.056000181 0.0020289042
v  0.040373806 0.056000181 0.0024545558
v  0.040500093 0.05004498 1.7066017e-07
v  0.040286306 0.056000181 0.004154942
v  0.040433649 0.048012763 -0.0022307716
v  -0.035134032 0.049576547 -0.021380939
v  0.035134029 0.049576547 -0.021380939
v  0.016850062 0.046586957 -0.051241718
v  0.012067975 0.043022513 -0.063568063
v  -0.018743694 0.045233879 -0.051655106
v  -0.030959114 0.044342719 -0.030982144
v  -0.032534517 0.046589978 -0.027232356
v  0.032997243 0.047176465 -0.02621565
v  0.030433327 0.043630052 -0.032167487
v  0.030946523 0.044339906 -0.030976154
v  -0.0040040682 0.04456307 -0.063864864
v  0.0080080675 0.043986652 -0.063753076
v  0.012019665 0.043148663 -0.063210569
v  0.01201217 0.043179251 -0.063139148
v  0.011745882 0.044266123 -0.060601003
v  -0.01155471 0.045367382 -0.058305852
v  -0.011783413 0.044395231 -0.060543843
v  -0.012014269 0.043413945 -0.062802859
v  -0.012094907 0.043071192 -0.063591905
v  -0.015290468 0.044925142 -0.05595348
v  0.024484321 0.04546104 -0.042208381
v  -2.1817742e-08 0.044754993 -0.063902073
v  0.0040040207 0.044563077 -0.063864864
v  0.029711153 0.048415124 -0.031139411
v  -0.030205347 0.047021575 -0.031320028
v  0.021070495 0.045889523 -0.04743465
v  0.019444503 0.0475896 -0.04687459
v  0.020098139 0.046906184 -0.047099732
v  -0.020012744 0.04683423 -0.047123455
v  -0.021524876 0.04522768 -0.047652699
v  0.014838689 0.047735468 -0.050868221
v  -0.01684761 0.046605743 -0.051210321
v  0.022178613 0.046693586 -0.044588737
v  -0.0080081141 0.046035577 -0.058403544
v  -0.0040040682 0.046592966 -0.058511622
v  0.011500248 0.045268711 -0.058259688
v  0.0080080675 0.046035588 -0.058403544
v  -0.022684328 0.048384994 -0.041543223
v  -0.022135697 0.04676605 -0.044553466
v  -0.040100589 0.05523479 -0.0055156583
v  0.039135184 0.051964309 -0.010329613
v  0.027202722 0.046001129 -0.036771797
v  -0.025736153 0.049099006 -0.036134683
v  -0.033070415 0.049201988 -0.025600888
v  0.029025927 0.049929075 -0.030867748
v  -2.1817742e-08 0.046778556 -0.058547623
v  0.0040040207 0.046592973 -0.058511622
v  0.01143003 0.045555308 -0.057590418
v  0.013097257 0.045899652 -0.055691637
v  0.012722881 0.048668038 -0.05056598
v  -0.014836675 0.047753882 -0.050836928
v  -0.013091623 0.045930881 -0.055629797
v  0.033023544 0.048949789 -0.025771327
v  0.03266494 0.050746389 -0.025503121
v  0.018409628 0.048474353 -0.046583124
v  0.019182671 0.047863364 -0.046784393
v  0.017110333 0.049501278 -0.046244822
v  -0.016742311 0.049562864 -0.046224557
v  -0.018439926 0.048505254 -0.046572961
v  -0.019325376 0.047564521 -0.046882875
v  -0.011259734 0.046621215 -0.055419408
v  -0.035725266 0.050593924 -0.019937612
v  -0.035829313 0.050717331 -0.019682534
v  -0.036974095 0.052075159 -0.016876049
v  0.037010103 0.052111287 -0.016739778
v  0.0357581 0.05063786 -0.019879617
v  0.035742722 0.050619762 -0.019918181
v  0.022725474 0.048300728 -0.041593038
v  0.023783039 0.051752098 -0.035774626
v  0.025771037 0.048968218 -0.036219977
v  0.01127771 0.046612445 -0.055492572
v  -0.023742273 0.051857118 -0.03569565
v  -0.011135205 0.047914445 -0.053055353
v  -0.011223919 0.046773441 -0.055068962
v  -0.01272124 0.048685979 -0.050534822
v  0.027172465 0.052761625 -0.03043554
v  -0.0080081141 0.048465576 -0.053127892
v  -0.0040040682 0.048985086 -0.053228639
v  0.0080080675 0.048465587 -0.053127892
v  0.011098099 0.04785898 -0.053018875
v  -0.029005423 0.05010616 -0.030744724
v  -0.027134851 0.052910827 -0.030320935
v  -0.029704042 0.048607398 -0.031010337
v  -0.033129066 0.047342382 -0.025888301
v  -0.03298834 0.047164291 -0.026206426
v  0.033069178 0.047275964 -0.026048668
v  0.033262797 0.047543775 -0.025599204
v  0.016851772 0.049649958 -0.046195842
v  0.016581684 0.049805265 -0.046144672
v  -2.1817742e-08 0.049158663 -0.053262301
v  0.0040040207 0.04898509 -0.053228639
v  -0.01461242 0.050889779 -0.045787431
v  -0.016511768 0.049706489 -0.046177246
v  0.03196609 0.052406229 -0.025268219
v  0.020457957 0.050846525 -0.04104539
v  -0.032679439 0.050982691 -0.025339343
v  -0.035076842 0.049807306 -0.021485098
v  -0.035707623 0.052732226 -0.019489743
v  0.035072584 0.04979549 -0.021477051
v  -0.020418525 0.050908826 -0.041001149
v  0.014653196 0.050914198 -0.045779355
v  0.013870602 0.051222056 -0.045677938
v  -0.014333247 0.051063705 -0.045730136
v  0.01102439 0.048370544 -0.052003689
v  -0.011018566 0.049414698 -0.05040776
v  -0.040500104 0.056000184 2.0046248e-07
v  -0.040359691 0.055851217 -0.0032267354
v  -0.040356308 0.055847634 -0.0033043406
v  0.040153805 0.055631004 -0.0049579376
v  0.04030538 0.055792797 -0.0035345487
v  0.040423475 0.05591885 -0.0024255596
v  0.040100589 0.05523479 -0.0055156583
v  0.010961724 0.049304303 -0.050389163
v  0.03101863 0.053900238 -0.025063999
v  -0.0080081141 0.05125485 -0.047921933
v  -0.0040040682 0.051712841 -0.048010744
v  0.0080080675 0.051254857 -0.047921933
v  0.010862791 0.050778519 -0.047840156
v  -0.031955585 0.052620504 -0.025110371
v  0.012541522 0.051744893 -0.045505695
v  -0.01385416 0.051230431 -0.045675196
v  -0.012523106 0.051693656 -0.045522548
v  -0.010907262 0.050846227 -0.047881432
v  -0.037072577 0.052187834 -0.016597845
v  -0.038799711 0.054147381 -0.01135514
v  -0.038239695 0.053523201 -0.013300785
v  -0.037093833 0.052212156 -0.016537793
v  0.037068885 0.052180462 -0.016592361
v  0.037284851 0.052434623 -0.016050749
v  0.038131382 0.053396143 -0.013546177
v  0.035659101 0.052459236 -0.019691385
v  0.035148591 0.054373194 -0.019512497
v  0.024803966 0.055312011 -0.03009624
v  -2.1817744e-08 0.051866338 -0.048040502
v  0.0040040207 0.051712841 -0.048010744
v  -0.024760716 0.05543175 -0.029986866
v  0.017681692 0.052985903 -0.040559523
v  -0.017650411 0.053028315 -0.040520199
v  -0.03529758 0.050086647 -0.020986103
v  0.035601553 0.050453626 -0.020272218
v  0.028625764 0.05651876 -0.024724431
v  -0.040380917 0.056000181 0.0024392076
v  -0.040413886 0.056000181 0.002029083
v  -0.040483177 0.056000181 0.001167319
v  0.040500108 0.056000184 2.0046249e-07
v  -0.028582051 0.056677118 -0.024577864
v  -0.030992121 0.054093681 -0.024910934
v  0.036881942 0.05399837 -0.016598336
v  -0.03692656 0.054273877 -0.016378976
v  0.034221686 0.056078568 -0.019358583
v  0.010817525 0.051453006 -0.046673931
v  -0.010794609 0.052295201 -0.045324333
v  0.021287046 0.054202843 -0.035384677
v  -0.021247357 0.054283373 -0.035310201
v  0.014501092 0.05457522 -0.04016263
v  -0.035157524 0.054624256 -0.019317143
v  -0.014484472 0.054602552 -0.040127151
v  -0.0080081141 0.054316778 -0.042768829
v  -0.0040040682 0.054668341 -0.042837001
v  0.0080080675 0.054316781 -0.042768829
v  0.010986635 0.053859714 -0.04266537
v  0.010794585 0.05229507 -0.045324542
v  0.012046353 0.051939685 -0.045441516
v  -0.011012717 0.053887073 -0.042683087
v  -2.1817744e-08 0.054785982 -0.042859815
v  0.0040040207 0.054668337 -0.042837001
v  -0.039928578 0.055389199 -0.0065702731
v  -0.03990382 0.055362184 -0.0066867406
v  -0.0392268 0.054623399 -0.0098713422
v  -0.039175652 0.054566391 -0.010049053
v  -0.040049724 0.055519044 -0.0056452388
v  0.038803369 0.054152258 -0.011359119
v  0.039087038 0.0544663 -0.010292956
v  0.039474178 0.054894891 -0.008837902
v  0.039827265 0.055277918 -0.0069608772
v  0.03855468 0.05387694 -0.012293809
v  0.033005387 0.05754073 -0.019217946
v  -0.031992398 0.05598193 -0.021985613
v  -0.034201458 0.056300797 -0.019167878
v  0.025802154 0.058731385 -0.024449177
v  -0.025755167 0.058857121 -0.024306767
v  0.018298764 0.056221388 -0.035027631
v  -0.018267304 0.056280263 -0.034957029
v  0.037984062 0.055336911 -0.013449796
v  -0.038021185 0.055608105 -0.013210812
v  0.011189223 0.055510245 -0.039860211
v  -0.011080994 0.05438539 -0.041856281
v  0.031600218 0.058805384 -0.019083939
v  0.036301814 0.055956103 -0.016461946
v  -0.029304743 0.058441222 -0.021691434
v  -0.038948067 0.056691077 -0.0099697942
v  0.038922377 0.05643221 -0.010230728
v  0.022003807 0.057496686 -0.029801406
v  -0.036304608 0.056206696 -0.016248442
v  -0.021962389 0.057589721 -0.029695548
v  -0.0080081141 0.057275355 -0.037595697
v  -0.0040040682 0.057563234 -0.037651516
v  0.0080080675 0.057275362 -0.037595697
v  -0.011200166 0.055532623 -0.039830498
v  0.011339338 0.056733251 -0.037781663
v  0.014933378 0.057680614 -0.034717686
v  -0.011337153 0.05685129 -0.037501998
v  -0.014917023 0.057723455 -0.034650244
v  -0.039663792 0.057478957 -0.0066404575
v  0.0040040207 0.057563238 -0.037651516
v  -2.1817746e-08 0.057657581 -0.037669815
v  -0.040134214 0.055609599 -0.0050001228
v  0.040071011 0.055542331 -0.005665102
v  0.04008827 0.055561054 -0.0055733407
v  0.039653819 0.057241611 -0.0069260532
v  0.037346251 0.057323545 -0.013352656
v  -0.037340552 0.057567026 -0.013118886
v  -0.040124953 0.057927918 -0.003207349
v  0.040135313 0.057722468 -0.0035207204
v  0.040352441 0.057384025 3.4947411e-07
v  0.035275143 0.057675995 -0.016345628
v  -0.032968283 0.057736587 -0.019030489
v  -0.030016653 0.06007158 -0.018773027
v  -1.4102704e-07 0.057791855 0.0403165
v  0.0017382285 0.058543712 0.040150218
v  -0.0020130645 0.056258768 0.040447779
v  0.0043330458 0.057281896 0.040202327
v  0.0020167236 0.056260444 0.04044757
v  -0.0017348448 0.058542322 0.040150695
v  0.0043833782 0.056051347 0.040262081
v  -0.0043297927 0.057280559 0.040202819
v  0.0086751962 0.057753425 0.03943079
v  0.0087634521 0.056560803 0.039528467
v  -0.0064738463 0.058129683 0.039785184
v  -0.0084827682 0.058843669 0.039232425
v  -0.0087606302 0.05655976 0.039529152
v  0.012669743 0.057877351 0.038311638
v  -0.012667394 0.057876658 0.038312547
v  0.016209669 0.058827542 0.036728449
v  -0.016454354 0.056511972 0.036994986
v  -0.016207688 0.058827084 0.036729462
v  0.016456407 0.056512512 0.036994047
v  0.019824296 0.057290662 0.03523881
v  -0.019822575 0.057290323 0.035239823
v  -0.022926442 0.057804331 0.033220328
v  0.022927895 0.057804521 0.0332193
v  -0.025803722 0.058091741 0.030974232
v  0.025804933 0.058091819 0.030973218
v  0.028472695 0.058169845 0.02851785
v  -0.028471701 0.058169857 0.028518848
v  -0.030936606 0.058044896 0.025860377
v  0.030937407 0.058044817 0.025859453
v  -0.033191055 0.057709474 0.022991456
v  0.033191673 0.057709344 0.022990592
v  -0.035215333 0.057143889 0.019892372
v  0.035215791 0.057143722 0.019891597
v  0.036971156 0.056309346 0.016523831
v  -0.036970846 0.056309536 0.016524516
v  0.036740694 0.058640648 0.016274519
v  0.038324405 0.057634622 0.012735105
v  -0.036740363 0.058640823 0.01627516
v  -0.0383242 0.057634801 0.012735642
v  0.039526809 0.056247283 0.0088143861
v  0.039279275 0.058561515 0.008547998
v  0.039825052 0.057812423 0.0065322137
v  -0.039526716 0.056247447 0.0088147735
v  -0.040228747 0.056921382 0.0043745851
v  -0.039279155 0.05856166 0.0085483706
v  -0.039455399 0.057457015 0.008734039
v  0.040228773 0.056921273 0.0043743765
v  0.040221278 0.058180671 0.0017864623
v  0.039822217 0.059076481 0.0039489632
v  -0.040221259 0.058180738 0.0017865517
v  -0.040084541 0.058058064 0.0042209392
v  -0.040365562 0.057380464 3.0477062e-07
v  -0.03524787 0.057894774 -0.016136028
v  0.018783856 0.059257768 -0.029525138
v  0.037869819 0.059741799 0.012261665
v  0.0041685519 0.058398288 0.040028401
v  -0.018751524 0.059327967 -0.029422306
v  0.034873165 0.059362859 0.01953011
v  -0.034872681 0.059363011 0.019530855
v  0.038244616 0.058429152 -0.010168218
v  -0.019470103 0.059499629 0.034868501
v  0.019471783 0.059499916 0.034867443
v  0.028455544 0.060898036 -0.018836297
v  0.030068081 0.059917115 -0.018955968
v  -0.012196287 0.059967317 0.037822567
v  -0.038227975 0.058657847 -0.0099116797
v  0.011351218 0.056873575 -0.037515588
v  -0.011451951 0.057956476 -0.035550453
v  0.011487843 0.058487296 -0.034455724
v  0.032776054 0.059855487 0.022556119
v  -0.032775417 0.05985561 0.022556968
v  0.038959622 0.059226573 -0.0068922425
v  -0.0080081141 0.059984319 -0.032374151
v  -0.0040040682 0.060216866 -0.032419242
v  0.0080080675 0.059984326 -0.032374151
v  -0.003888547 0.059401091 0.039742716
v  0.0084854336 0.058844548 0.039231591
v  -0.022505216 0.059944879 0.032780252
v  0.022506643 0.059945036 0.032779194
v  0.036239259 0.059050683 -0.013270595
v  -0.040319793 0.057849914 3.4947411e-07
v  0.04030484 0.057830106 3.9417759e-07
v  -0.038929485 0.059431754 -0.0066099996
v  0.022663344 0.060551867 -0.024208494
v  0.033941709 0.059120126 -0.016234495
v  -2.1817746e-08 0.06029363 -0.032434128
v  0.0040040207 0.060216866 -0.032419242
v  -0.0362036 0.059259918 -0.013039985
v  -0.022620216 0.060649745 -0.024068914
v  0.036146279 0.060607996 0.015661247
v  -0.036145918 0.060608152 0.015661858
v  -0.037869588 0.059741959 0.012262157
v  0.011584138 0.059624705 -0.032299004
v  0.015251105 0.060501903 -0.029272787
v  0.030480228 0.060149401 0.025383405
v  -0.030479416 0.060149476 0.025384329
v  0.039453987 0.059669446 -0.0035082779
v  0.040285949 0.058007143 4.0907875e-07
v  -0.011676214 0.060825888 -0.029865302
v  -0.011580638 0.059602961 -0.032288276
v  -0.011497355 0.058537364 -0.034399547
v  -0.015234626 0.060555596 -0.029172532
v  -0.033898003 0.059310205 -0.016027398
v  -0.032362588 0.060504649 -0.015916757
v  -1.4102704e-07 0.05808134 0.040286832
v  -0.025343806 0.060193602 0.030495472
v  0.025345009 0.060193662 0.030494429
v  0.03927882 0.059827957 0.0059671318
v  -0.040270485 0.058000233 3.1967178e-07
v  -0.015605113 0.060786281 0.036108024
v  0.015607034 0.060786668 0.036106952
v  0.012198535 0.059967905 0.037821583
v  -0.040096611 0.058530208 2.302648e-07
v  -0.039750345 0.05958569 6.6352037e-08
v  -0.039407708 0.059841335 -0.0031970076
v  0.039516758 0.060037918 0.0010631003
v  0.039723113 0.059610248 8.1253205e-08
v  0.02800126 0.060260173 0.028027557
v  -0.028000265 0.060260192 0.028028555
v  -0.039822169 0.059076577 0.0039491421
v  -0.038999923 0.059563313 0.0082596904
v  -1.9318111e-07 0.058924224 0.040005825
v  -0.0059042866 0.06012189 0.039196767
v  -0.039449811 0.059985112 0.0035673596
v  0.0081965337 0.059836525 0.03893327
v  0.0038915989 0.059402213 0.03974203
v  0.037084199 0.060154948 -0.010115989
v  -0.026741147 0.061881468 -0.018545218
v  -0.038981155 0.060797337 0.0030892708
v  -0.0010104323 0.060379677 0.039407425
v  0.0035109264 0.060302425 0.039351933
v  0.037048131 0.061481874 0.011421121
v  0.038621858 0.060465865 0.0078717237
v  0.034184292 0.061235748 0.018822379
v  -0.034183785 0.06123589 0.01882311
v  -0.037038893 0.060347676 -0.0098618502
v  0.026791494 0.061761122 -0.018724747
v  0.023320764 0.063192211 -0.018518947
v  0.032414928 0.060338005 -0.016121931
v  -0.0187767 0.061368 0.034156241
v  0.018778346 0.061368238 0.034155153
v  -0.0078099887 0.060732659 0.038540788
v  -0.011368602 0.061701413 0.036976032
v  -0.023277409 0.063285314 -0.01834204
v  -2.5278575e-07 0.059785299 0.039718769
v  0.034810759 0.06047665 -0.013187
v  0.038981222 0.060797252 0.0030891218
v  -0.038621716 0.060465995 0.0078720665
v  0.037780128 0.060941111 -0.0068643475
v  0.019207001 0.061979681 -0.023981951
v  -0.034759805 0.060655352 -0.012958237
v  -0.019174419 0.062054604 -0.023844816
v  0.032026011 0.061667208 0.021787219
v  -0.032025352 0.061667323 0.021788038
v  -0.0030357908 0.061110105 0.038871102
v  0.0078125307 0.060733408 0.038539834
v  -0.037723973 0.061109506 -0.0065838033
v  -0.021753296 0.06175473 0.03200946
v  0.021754704 0.06175486 0.032008387
v  -0.039591409 0.059842791 5.1450872e-08
v  0.039680209 0.059732448 5.1450883e-08
v  0.011612997 0.059965577 -0.031652667
v  0.038683061 0.061275464 2.1536366e-07
v  0.038297214 0.061361488 -0.00349816
v  0.035212491 0.062235974 0.0147086
v  -0.035212107 0.062236115 0.014709196
v  -0.037047878 0.06148202 0.011421598
v  -2.9003866e-07 0.059982769 0.039598651
v  0.0030386825 0.061111063 0.038870253
v  0.037595358 0.062001128 0.0068263775
v  -0.038781025 0.061153721 2.1648551e-08
v  -0.038229108 0.061496865 -0.0031879626
v  0.029695656 0.061926596 0.024579979
v  -0.029694833 0.06192667 0.024580888
v  0.030765481 0.061380967 -0.016009413
v  -0.024558291 0.061969858 0.029691093
v  0.024559487 0.061969902 0.02969005
v  0.011700262 0.061155818 -0.029044189
v  0.0080080675 0.062380373 -0.027091928
v  -0.01466938 0.062412322 0.035153441
v  0.011370779 0.061701916 0.036974974
v  0.014671256 0.062412653 0.035152324
v  -5.0610549e-07 0.061324373 0.038782679
v  -0.0080081215 0.062380366 -0.027091928
v  -0.030710138 0.061527405 -0.015806071
v  -0.027235806 0.063164577 -0.015599498
v  -0.0067811976 0.062265646 0.037493132
v  0.027205326 0.062026002 0.027212776
v  -0.027204327 0.062026024 0.02721376
v  0.0355906 0.061563555 -0.010057607
v  0.0040040207 0.06255763 -0.027126305
v  -2.9268326e-08 0.06261605 -0.02713763
v  0.033183921 0.061652359 -0.013095626
v  -0.035531916 0.061724581 -0.0098048383
v  0.035897199 0.062892705 0.010251335
v  -0.03589692 0.062892839 0.010251782
v  -0.03759519 0.062001247 0.0068266904
v  0.011767757 0.062076408 -0.027026661
v  0.015521389 0.062965117 -0.023769401
v  -0.033126034 0.061806586 -0.012868413
v  0.01963824 0.064271756 -0.018327959
v  -0.011768288 0.06205906 -0.027019702
v  -0.011705658 0.061220262 -0.028955273
v  -0.015505566 0.063023858 -0.023634501
v  -0.011847085 0.063114338 -0.024584614
v  0.033173997 0.06278722 0.017793231
v  -0.033173472 0.062787347 0.017793931
v  -0.019607358 0.064343341 -0.018153362
v  -0.010219461 0.063114047 0.035808034
v  0.010221583 0.063114479 0.035806917
v  0.0067836535 0.062266294 0.037492104
v  -0.017766491 0.062919565 0.033127181
v  0.017768111 0.062919773 0.033126064
v  0.038597085 0.061359689 2.0046249e-07
v  0.036265001 0.063232534 0.0054771518
v  0.037806384 0.062184177 0.0018954196
v  -0.038479291 0.061457496 6.7473898e-09
v  -0.036264814 0.063232638 0.0054774499
v  -0.037806295 0.062184256 0.0018955537
v  -0.038411677 0.061525565 -8.153771e-09
v  0.027785871 0.064152136 -0.012814202
v  0.029625792 0.063458532 -0.012904891
v  0.031436566 0.062634185 -0.012999513
v  0.036259305 0.062334105 -0.0068285251
v  -0.036192574 0.062470451 -0.0065490836
v  -5.2845724e-07 0.061874375 0.038264059
v  -0.0018596047 0.062495697 0.037676059
v  -0.0054543312 0.063500553 0.036147408
v  0.0018623701 0.062496517 0.03767509
v  0.0054567163 0.06350112 0.036146306
v  0.030965872 0.063168831 0.020708226
v  -0.030965194 0.063168935 0.02070903
v  0.038422678 0.061530542 1.8556133e-07
v  0.036794942 0.06274157 -0.0034819029
v  -0.020693697 0.063256904 0.030931018
v  0.020695094 0.063257016 0.030929916
v  0.033974107 0.063559353 0.013451359
v  -0.033973701 0.063559487 0.013451925
v  -0.037325926 0.062618643 -6.7758414e-08
v  -0.036720015 0.062845528 -0.0031728081
v  -0.031377561 0.062767915 -0.012774014
v  -0.027734168 0.064253017 -0.01259213
v  0.03724581 0.062683433 8.1253205e-08
v  0.033892751 0.062704347 -0.0099876309
v  0.02860732 0.063400023 0.023472793
v  -0.028606482 0.063400097 0.023473687
v  -0.01343315 0.063737869 0.033898361
v  0.013435 0.06373816 0.033897214
v  -0.033829398 0.062840447 -0.0097362334
v  -0.02347032 0.063443661 0.028584264
v  0.023471512 0.063443691 0.028583221
v  0.024031173 0.065241545 -0.012645715
v  -5.5080898e-07 0.062613226 0.037567399
v  0.026107997 0.063490435 0.02609659
v  -0.026106983 0.063490465 0.026097558
v  0.015811358 0.064996302 -0.018148966
v  0.034466207 0.06402348 0.0088014817
v  -0.034465902 0.064023599 0.0088019138
v  -0.015798137 0.06505312 -0.01797659
v  0.011797977 0.062488578 -0.026123367
v  0.034696076 0.064225368 0.0038893737
v  0.036376949 0.063316502 0.00044713099
v  -0.037050046 0.062804893 2.1648551e-08
v  -0.034695864 0.064225465 0.003889642
v  -0.036376841 0.063316576 0.0004472502
v  -0.036528736 0.063156821 1.7066016e-07
v  0.031874549 0.064049534 0.016474925
v  -0.031874001 0.064049654 0.01647561
v  -0.0087929806 0.064249337 0.034362696
v  0.0087950537 0.064249717 0.034361534
v  0.034526981 0.06344986 -0.006780603
v  -0.0080081215 0.064407095 -0.021738075
v  -2.9268328e-08 0.064573184 -0.021770291
v  0.01188272 0.063456804 -0.02357053
v  0.0080080675 0.064407103 -0.021738075
v  -0.016469672 0.064184524 0.031811498
v  0.016471278 0.064184695 0.031810366
v  -0.034458451 0.063561551 -0.0065026069
v  -0.0038870717 0.064495064 0.034561299
v  -0.0004276032 0.06362547 0.036225207
v  0.0038893935 0.064495564 0.034560122
v  0.0004302641 0.06362617 0.036224119
v  0.0040040207 0.0645326 -0.021762408
v  -2.1553285e-07 0.063480318 0.036369346
v  0.028289292 0.065030284 -0.0097551728
v  0.032073483 0.063636459 -0.009909966
v  0.036527567 0.063155293 2.3026482e-07
v  0.03507217 0.0638448 -0.003457167
v  -0.032011278 0.063752316 -0.009660312
v  -0.02823817 0.06511531 -0.0095093334
v  0.029625971 0.064390697 0.019349463
v  -0.029625274 0.064390793 0.019350253
v  -0.035940528 0.063553914 3.4947411e-07
v  -0.034998961 0.063925229 -0.0031498901
v  0.032472298 0.06461931 0.011930696
v  -0.032471865 0.064619429 0.011931247
v  -0.019355424 0.064480409 0.02957388
v  0.019356817 0.064480498 0.029572792
v  0.0119452 0.064170696 -0.021688275
v  -0.0118867 0.063521035 -0.023443379
v  -0.012021779 0.064907752 -0.019552164
v  -0.011947877 0.064149067 -0.021681093
v  -0.011935047 0.064801537 0.032381393
v  0.011936863 0.06480179 0.032380216
v  0.035943009 0.063539326 3.4947411e-07
v  -0.023990542 0.065318309 -0.012426683
v  0.02724427 0.064598739 0.02209089
v  -0.02724342 0.064598806 0.022091769
v  0.02014761 0.066018634 -0.012493053
v  0.032806475 0.064925514 0.0071228957
v  -0.032806151 0.064925618 0.007123298
v  -0.0221081 0.064643219 0.027203195
v  0.0221093 0.064643241 0.027202152
v  -0.020121679 0.066077352 -0.012276732
v  -0.03548374 0.063862287 4.8358453e-07
v  0.024737626 0.064681828 0.024707355
v  -0.024736606 0.064681858 0.024708323
v  0.032668374 0.064347476 -0.0067244107
v  -5.9070658e-08 0.063883357 0.03581246
v  -0.0071354131 0.065153547 0.032686271
v  0.0071374555 0.065153882 0.032685079
v  0.035502944 0.063828431 4.3888107e-07
v  0.030322555 0.065059304 0.014904073
v  -0.030321985 0.065059416 0.014904729
v  -0.032603666 0.064439833 -0.0064483965
v  -5.9070658e-08 0.063893229 0.035792984
v  -5.9070658e-08 0.063895151 0.035789199
v  -0.014920062 0.065196685 0.030243032
v  0.014921659 0.065196842 0.030241899
v  -0.028749757 0.065719999 -0.006337353
v  0.035278678 0.063975766 4.8358459e-07
v  0.033213381 0.064726911 -0.0034265302
v  -0.03408727 0.064515427 3.7927643e-07
v  -1.0377414e-07 0.064830028 0.03394527
v  -0.033147082 0.06478966 -0.0031217269
v  0.032939997 0.065031059 0.0021144368
v  0.034087785 0.064515293 4.8358459e-07
v  0.030749876 0.065458655 0.010189421
v  -0.030749425 0.06545876 0.010189942
v  0.028040066 0.065366559 0.017744698
v  -0.028039359 0.065366648 0.017745472
v  0.011968766 0.064439967 -0.020978309
v  -0.017770708 0.065457463 0.027970307
v  0.017772093 0.065457538 0.027969204
v  0.030963767 0.06564457 0.0052613383
v  -0.030963421 0.065644667 0.0052617108
v  -0.032939769 0.065031141 0.0021146901
v  -0.010214201 0.065642461 0.030641682
v  0.010215999 0.065642685 0.03064049
v  -0.024385773 0.066053174 -0.0093707377
v  0.01618813 0.066521481 -0.012352952
v  -0.016180597 0.06656827 -0.012139239
v  0.028799184 0.065655336 -0.0066088671
v  0.025638562 0.06555479 0.02046632
v  -0.023124389 0.065631412 0.023077242
v  -0.0080081215 0.066014871 -0.016302995
v  -2.9268328e-08 0.066117689 -0.016322933
v  0.0080080675 0.066014878 -0.016302995
v  0.012091381 0.065337777 -0.017982535
v  -0.029270858 0.066035599 -0.0030624352
v  -0.020502716 0.065599605 0.025578953
v  0.023125418 0.06563139 0.023076288
v  -0.0052888761 0.06586878 0.030820884
v  -0.0021261121 0.065295883 0.032781489
v  0.005290885 0.065869078 0.030819647
v  0.002128378 0.065296307 0.032780252
v  0.03368419 0.064698137 4.9848569e-07
v  -0.033577316 0.064753935 3.4947411e-07
v  -0.026242197 0.066131264 0.015929453
v  0.032846972 0.065077439 4.9848569e-07
v  0.029317278 0.065996163 -0.0033616654
v  -0.033063076 0.064994447 3.0477062e-07
v  -0.013153075 0.065991469 0.028457187
v  0.013154657 0.065991603 0.02845604
v  -1.1122472e-07 0.064902894 0.033801548
v  7.9845686e-09 0.065889046 0.031020336
v  -0.012098907 0.065388404 -0.017813466
v  0.028847016 0.066117555 0.0082677072
v  -0.028846547 0.066117652 0.0082682138
v  -0.030866891 0.065693446 1.55759e-07
v  0.012161457 0.065850884 -0.016270421
v  0.012169798 0.065911949 -0.016066663
v  0.024423469 0.065989524 -0.0096130157
v  0.030864328 0.065701105 1.5575901e-07
v  -0.029792942 0.066035256 8.1253198e-08
v  -0.012167758 0.065817475 -0.016261391
v  -0.012239083 0.066262007 -0.014653378
v  0.026242927 0.066131182 0.015928708
v  -0.024816208 0.066570602 -0.0062345648
v  -0.0083073368 0.066297375 0.028715961
v  0.0083091157 0.066297568 0.028714754
v  -0.015972503 0.066221036 0.026153244
v  0.015973888 0.066221103 0.026152141
v  -0.00020804202 0.06593959 0.030844562
v  -0.0011646518 0.066868111 0.026658945
v  5.3398813e-10 0.065900132 0.030972458
v  -6.9165926e-09 0.065976396 0.030643098
v  -6.9165926e-09 0.065975614 0.030646466
v  -0.020788759 0.067139819 -0.0061437273
v  0.024268247 0.066718265 0.01393517
v  0.021303393 0.066371121 0.021235414
v  -0.02130235 0.06637115 0.021236353
v  -0.01120296 0.066603132 0.026488222
v  0.013994289 0.066803262 0.024153687
v  0.02984532 0.066021644 -8.153763e-09
v  0.026872147 0.066676475 0.0011319884
v  -0.029751621 0.066043846 8.1253198e-08
v  -0.024634391 0.067029044 0.0040183431
v  -0.026871756 0.066676542 0.0011323311
v  -0.027667642 0.066476859 1.7066016e-07
v  0.024849676 0.066523686 -0.0065017426
v  -0.025288917 0.066848315 -0.0030071519
v  0.0011665976 0.06686832 0.026657648
v  -1.1122472e-07 0.066706128 0.027491726
v  0.0040661548 0.06717813 0.024434082
v  0.012379312 0.066754535 -0.012228974
v  0.020805154 0.067104936 -0.0064071054
v  -0.013992897 0.066803202 0.02415479
v  0.027663406 0.066472165 1.1105553e-07
v  0.025316685 0.066822 -0.0033010475
v  -0.012396513 0.066777535 -0.012015038
v  -0.0080081215 0.067164421 -0.010779046
v  -2.9268328e-08 0.067210078 -0.010787898
v  0.0080080638 0.067164421 -0.010779032
v  0.016718835 0.067466691 -0.0063228095
v  -0.016721249 0.067494191 -0.0060629034
v  0.024634905 0.06702897 0.0040178811
v  -0.024267495 0.06671834 0.0139359
v  0.019302811 0.066932306 0.019215979
v  -0.019301757 0.066932328 0.019216903
v  -0.004064403 0.067177989 0.024435319
v  0.025829002 0.06685093 2.0046249e-07
v  -0.025729738 0.066879526 2.4516598e-07
v  0.012469855 0.067034334 -0.010754951
v  0.012431131 0.066962935 -0.0112798
v  -0.012528746 0.06721057 -0.0097989226
v  -0.012471884 0.067024365 -0.010751837
v  -0.021201879 0.067382716 -0.0029588125
v  -0.0096071502 0.067541003 0.01973132
v  -1.186753e-07 0.066785999 0.027146794
v  0.01990765 0.06748119 0.009536854
v  -0.019906856 0.067481242 0.0095375394
v  -1.1122472e-07 0.067385681 0.022904031
v  0.0096085416 0.067541048 0.019730233
v  0.025544662 0.066909641 2.1536366e-07
v  0.021211378 0.067364328 -0.0032480739
v  -0.021628179 0.067395844 2.0046249e-07
v  -1.4102704e-07 0.067567825 0.020379819
v  0.021677732 0.067389742 9.6154366e-08
v  0.014881094 0.067634113 0.014756537
v  -0.014880008 0.067634128 0.014757431
v  0.020650759 0.067515567 6.6352044e-08
v  0.020676922 0.067514002 6.6352044e-08
v  -0.020651318 0.067513898 1.8556133e-07
v  -0.020724975 0.067509539 1.8556133e-07
v  0.012802006 0.067646757 -0.0062532211
v  0.013278247 0.067933761 -0.0012732826
v  -0.017442293 0.067703702 8.1253198e-08
v  -0.012830905 0.067646027 -0.0059941197
v  -0.0080081215 0.067837067 -0.0051626051
v  -2.926833e-08 0.067831092 -0.0051614428
v  0.0080080638 0.067837067 -0.0051626051
v  -1.4102704e-07 0.067568064 0.020376556
v  0.019496817 0.067584567 2.1648559e-08
v  0.013644991 0.067934468 -1.7206654e-07
v  -0.019494355 0.067582332 1.5575901e-07
v  0.012817462 0.067675248 -0.0060437405
v  0.012904321 0.067723982 -0.0051445151
v  0.01516584 0.067862913 0.0047573363
v  -0.015165008 0.067862943 0.0047579771
v  -0.012898332 0.067743205 -0.0051450813
v  -0.012916706 0.067769684 -0.004913711
v  -1.5592821e-07 0.067651503 0.019220285
v  -0.0048218886 0.067879289 0.01490835
v  0.0048232828 0.067879312 0.014907247
v  0.010063638 0.06794019 0.0099013662
v  -0.010062522 0.06794019 0.0099022454
v  -1.8573053e-07 0.067832917 0.016706191
v  -0.013420298 0.067941591 -3.7956092e-08
v  -0.01049555 0.067954324 -6.7758414e-08
v  -0.00023433512 0.067998983 -1.5716537e-07
v  -2.926833e-08 0.068000004 -1.5716537e-07
v  -4.6885259e-07 0.067957819 0.01008024
v  -0.0080078309 0.06796515 -8.2659575e-08
v  0.00023394132 0.068001382 -1.4226421e-07
v  0.0048083817 0.068028241 1.1105552e-07
v  0.0080077136 0.067996047 6.747396e-09
v  0.013420292 0.067941591 -1.869677e-07
v  0.010480215 0.067971177 -8.2659568e-08
v  -5.6571014e-07 0.068000294 0.0078270948
v  -4.6885259e-07 0.067957886 0.010076961

# 0 UV coordinates

# 4694 vertex normals
vn 0.051028214 -0.99868345 0.0052417093
vn -0.088352732 -0.99607551 0.0052339653
vn 0.050902225 -0.99621767 -0.070422284
vn -0.088323779 -0.99574918 0.026124781
vn 0.051535308 -0.99854863 0.01564463
vn -0.088853344 -0.99592251 0.015603486
vn 0.058230199 -0.99461973 0.085678913
vn -0.095385447 -0.99176747 0.085433811
vn 0.046084505 -0.99670941 0.066682622
vn 0.043659549 -0.96765852 0.24845687
vn -0.039094985 -0.96784163 0.24850388
vn -0.0554194 -0.99820334 0.022777485
vn -0.012195967 -0.99992561 -1.5500201e-15
vn 0.19437161 -0.98092794 2.4703242e-14
vn 1.2709285e-13 -2.0001687e-29 -1
vn -1.2709285e-13 2.0001687e-29 1
vn 0.050915651 -0.99648273 0.066556856
vn 0.051028799 -0.99869716 0.00016286942
vn -2.3417107e-15 -0.99998659 -0.0051792767
vn 0.04365965 -0.96765172 0.2484834
vn -0.039093457 -0.96783489 0.24853043
vn -0.088329867 -0.99574864 0.026125422
vn -0.08832296 -0.99574924 0.026125422
vn -0.20188245 -0.97940803 0.0018565839
vn -0.26181695 -0.9629519 -0.06461814
vn -0.088335551 -0.99574828 0.026119309
vn 0.20175737 -0.97880119 -0.035244197
vn 0.15261959 -0.98828501 -0.00018080224
vn 0.15261728 -0.98828536 -0.00017967119
vn 0.051110562 -0.99869299 0.00016286939
vn 0.050997164 -0.99647719 0.066577107
vn 0.15235029 -0.98655647 0.05912431
vn 0.13157201 -0.98747075 0.087122425
vn 0.043659069 -0.96765399 0.24847463
vn -0.039093412 -0.9678371 0.24852166
vn -0.21823959 -0.97589523 -2.773669e-14
vn -0.088339001 -0.99585158 0.021813078
vn 0.054452673 -0.96237046 0.26622915
vn 0.13410658 -0.9553802 0.2631807
vn 0.13039547 -0.95426625 0.26902232
vn -0.13114789 -0.99086601 0.031380743
vn -0.088032268 -0.99247199 0.085145012
vn -0.13061771 -0.95063186 0.28149253
vn -0.058636498 -0.95693725 0.28431112
vn -0.20791125 -0.97814769 -2.6424033e-14
vn -2.9999999e-15 -1 5.6090121e-24
vn 0.20791116 -0.97814769 2.6424021e-14
vn -0.088044815 -0.99247092 0.085144341
vn -0.26231757 -0.96479315 0.019070767
vn -0.21800694 -0.97206354 0.086979538
vn 0.1523526 -0.98655611 0.059124172
vn 0.043163609 -0.89575601 0.44244555
vn -0.03979129 -0.89588153 0.44250754
vn 0.21768172 -0.97147995 0.094028294
vn 0.21912588 -0.93977356 0.26231575
vn 0.21376628 -0.93855494 0.2709586
vn 0.043163661 -0.89575189 0.44245392
vn -0.039790723 -0.89587593 0.44251889
vn -0.21394449 -0.93561369 0.28081101
vn -0.1341621 -0.94851112 0.28692713
vn 0.25223997 -0.96611291 0.054779463
vn 0.25261927 -0.9675656 0.00053249329
vn 0.043162756 -0.89575893 0.44243979
vn -0.039790597 -0.89588439 0.44250178
vn 0.062720492 -0.87636471 0.4775469
vn 0.13277574 -0.87039727 0.47410887
vn 0.12958811 -0.86827314 0.47886187
vn -0.065559842 -0.86699033 0.49399364
vn -0.12950277 -0.86158711 0.49081227
vn 0.25261924 -0.9675656 0.00053249119
vn 0.21208096 -0.85595238 0.47155824
vn 0.20740189 -0.85326022 0.47846788
vn -0.21866548 -0.9321909 0.28845364
vn -0.13226196 -0.85878134 0.49497616
vn -0.2070507 -0.84774786 0.48831704
vn -0.26231942 -0.96479267 0.019070588
vn -0.26230687 -0.96474659 0.021427471
vn 0.25227392 -0.96610248 0.054807175
vn 0.30198428 -0.94833618 0.097283199
vn 0.30219159 -0.91692829 0.26062
vn 0.29522592 -0.91584182 0.27216801
vn 0.043398377 -0.78386497 0.61941284
vn -0.041421525 -0.78393084 0.61946487
vn -0.29546207 -0.91359806 0.27935773
vn -0.30256388 -0.94982994 0.079234824
vn -0.26232004 -0.96479249 0.019071046
vn 0.39257574 -0.9197197 4.9893564e-14
vn 0.043398276 -0.78388166 0.61939168
vn -0.041422661 -0.78394747 0.61944371
vn -0.26230749 -0.96474642 0.021427471
vn -0.26228428 -0.96475255 0.021434071
vn -0.39531943 -0.9181813 -0.025800178
vn 0.25265363 -0.96755666 0.00053249119
vn 0.39520556 -0.91791731 -0.035218745
vn 0.3499755 -0.9367587 -0.00053765619
vn 0.34997514 -0.93675882 -0.00053755252
vn 0.34946793 -0.93540126 0.053820349
vn 0.043399718 -0.78386378 0.61941427
vn -0.041422784 -0.78392965 0.6194663
vn 0.067894951 -0.74402422 0.66469407
vn 0.12510426 -0.73954159 0.66138273
vn 0.12364858 -0.7381714 0.66318476
vn -0.069000952 -0.73303223 0.67668504
vn -0.12312429 -0.72883159 0.67353165
vn -0.41489089 -0.90987116 -5.2729661e-14
vn 0.28926063 -0.83527249 0.46759832
vn 0.28310296 -0.83227015 0.47663313
vn -0.30105671 -0.90873635 0.28907275
vn -0.21054922 -0.84354693 0.49406233
vn -0.28264296 -0.82790089 0.48445135
vn -0.40673709 -0.91354525 -5.169337e-14
vn 0.40673724 -0.91354519 5.1693391e-14
vn -0.26140642 -0.96152353 0.084493764
vn 0.19448446 -0.72883224 0.65649015
vn 0.19204484 -0.726834 0.65941727
vn 0.38444117 -0.92185026 0.048959918
vn 0.34744406 -0.92998302 0.12005922
vn -0.42811957 -0.90360284 0.014681236
vn -0.38464162 -0.91883278 0.088301241
vn -0.42813495 -0.90363526 0.011988719
vn -0.124197 -0.72736096 0.67492306
vn -0.19097757 -0.71866143 0.66862047
vn 0.38278508 -0.8870768 0.25801232
vn 0.37426379 -0.88635576 0.27258047
vn -0.37466758 -0.88480282 0.2770347
vn 0.04280065 -0.65358406 0.75564277
vn -0.042114858 -0.65360314 0.75566477
vn 0.26190507 -0.71348023 0.64988589
vn 0.25852498 -0.7110976 0.65383869
vn 0.3641226 -0.80861735 0.46211764
vn 0.35648957 -0.80555153 0.47328845
vn 0.04280065 -0.65357983 0.75564641
vn -0.042114615 -0.6535989 0.75566846
vn -0.28654596 -0.82233387 0.49158764
vn -0.19247822 -0.71622461 0.67080134
vn -0.25704959 -0.70402765 0.66202003
vn 0.44297266 -0.89474183 0.056677304
vn 0.44368568 -0.896182 0.00089222856
vn -0.38084364 -0.87840474 0.28872687
vn -0.35609135 -0.80228668 0.47909811
vn 0.042800557 -0.65358144 0.75564504
vn 0.067187302 -0.59715337 0.79930824
vn 0.11237893 -0.59404105 0.79654646
vn 0.11345337 -0.59518385 0.79554039
vn -0.042114612 -0.65360051 0.75566709
vn -0.06697423 -0.5874269 0.80650115
vn -0.11253533 -0.58430314 0.80369496
vn 0.46370605 -0.88441312 0.05282164
vn 0.44150034 -0.8917731 0.099086888
vn 0.44368362 -0.89618301 0.00089103001
vn 0.17005286 -0.58864164 0.79030567
vn 0.17095397 -0.58947402 0.7894904
vn -0.42811838 -0.90360337 0.014681456
vn -0.42813376 -0.90363586 0.011988029
vn -0.11152647 -0.58585596 0.80270457
vn -0.16921313 -0.57924753 0.79739529
vn 0.46038345 -0.85047454 0.25444081
vn 0.45038271 -0.85035396 0.27212781
vn -0.4641673 -0.88323545 0.066662103
vn -0.45107168 -0.84945554 0.27378765
vn 0.039219406 -0.51978534 0.85339618
vn -0.038950596 -0.51979125 0.85340488
vn 0.32764274 -0.69367725 0.64145309
vn 0.32331982 -0.69109654 0.64641309
vn -0.36011267 -0.79540336 0.48749602
vn -0.25872159 -0.70075947 0.66483027
vn -0.32158622 -0.68510187 0.65361893
vn 0.22617374 -0.58026624 0.78239155
vn 0.22700952 -0.58093101 0.78165585
vn 0.436441 -0.77618343 0.45503685
vn 0.42734116 -0.77330256 0.46838304
vn -0.16848913 -0.58057219 0.79658478
vn -0.22448806 -0.57131392 0.78943366
vn -0.45753297 -0.84148216 0.28735229
vn -0.42717832 -0.77108431 0.47217336
vn 0.039219521 -0.51981348 0.85337901
vn -0.038952123 -0.5198189 0.85338795
vn 0.57388669 -0.81893474 7.2936889e-14
vn -0.42813119 -0.90363705 0.011988029
vn -0.42812601 -0.90363955 0.011988405
vn -0.58050495 -0.81410915 -0.015499973
vn -0.57271111 -0.81970537 -0.0092254393
vn 0.44372788 -0.89616114 0.00089103001
vn 0.53276056 -0.84626555 -0.00092372828
vn 0.5723803 -0.81923181 -0.035214275
vn 0.53277922 -0.84625375 -0.00092920259
vn 0.53277344 -0.84625739 -0.00092473032
vn 0.44154525 -0.89175302 0.099067472
vn 0.53167486 -0.84454095 0.063815616
vn 0.039220802 -0.51978642 0.85339546
vn 0.061462674 -0.46774262 0.88172513
vn 0.09772215 -0.46556851 0.87960011
vn 0.10152083 -0.46963203 0.87700588
vn -0.42670664 -0.90063035 0.082379945
vn -0.038952023 -0.51979184 0.85340446
vn -0.1003392 -0.45824328 0.88314503
vn -0.061300721 -0.46060002 0.88548845
vn 0.53168792 -0.84453297 0.063812479
vn -0.42670143 -0.90063268 0.082381062
vn -0.58055151 -0.81417435 0.0089489408
vn -0.53925145 -0.83745354 0.088766217
vn -0.59368968 -0.80469412 -7.5453708e-14
vn 0.1444549 -0.46518388 0.873348
vn 0.14895731 -0.46937099 0.87034625
vn 0.53883857 -0.83874875 0.078444645
vn 0.53448522 -0.80740309 0.24985151
vn 0.52310377 -0.80811924 0.27075031
vn 0.28145254 -0.5689761 0.77269053
vn 0.28229141 -0.5695436 0.7719661
vn 0.39185458 -0.6694507 0.63109881
vn 0.38658869 -0.66684961 0.63707203
vn -0.58778536 -0.80901694 -7.4703312e-14
vn 0.58778512 -0.80901706 7.4703285e-14
vn -0.5241915 -0.80781507 0.26955172
vn -0.14673686 -0.45793965 0.87678933
vn -0.097204141 -0.46304527 0.88098836
vn -0.43107215 -0.76295704 0.48173991
vn -0.32324278 -0.68111086 0.6569643
vn -0.384754 -0.66191083 0.64330268
vn -0.2239265 -0.57256192 0.78868866
vn -0.27902964 -0.56056213 0.77968746
vn 0.036031954 -0.39753902 0.91687757
vn -0.035343606 -0.39754879 0.9169001
vn 0.50596398 -0.73812354 0.44628924
vn 0.49543166 -0.73568553 0.46185952
vn 0.18999088 -0.46321276 0.86564279
vn 0.19540608 -0.46755555 0.8620953
vn -0.53066272 -0.79826725 0.28489736
vn -0.49567524 -0.73442668 0.46359846
vn -0.19205414 -0.45608237 0.86896724
vn -0.14378518 -0.4632929 0.87446296
vn 0.33646715 -0.55462557 0.76103896
vn 0.33729047 -0.5550909 0.76033497
vn -0.27858678 -0.56179631 0.77895719
vn -0.33339074 -0.54682761 0.768004
vn -0.38626638 -0.65725696 0.64715654
vn 0.53104627 -0.84350121 0.080594949
vn 0.036032092 -0.39756334 0.91686696
vn -0.035344914 -0.39757311 0.91688949
vn -0.58055246 -0.8141737 0.0089486549
vn -0.58057427 -0.81420434 -0.0021955478
vn 0.036033042 -0.39754108 0.91687661
vn 0.051669177 -0.37008876 0.92755842
vn 0.083315946 -0.36841163 0.92592186
vn 0.089621037 -0.37483183 0.92275089
vn 0.45464104 -0.6407181 0.61869365
vn 0.44839802 -0.63825494 0.62575543
vn 0.61026126 -0.78855455 0.075913832
vn 0.61500812 -0.78583109 0.065073013
vn 0.61631393 -0.78749961 0.0012239449
vn 0.23541002 -0.45962253 0.85634643
vn 0.24186768 -0.46403676 0.85215604
vn -0.035344794 -0.39755085 0.91689914
vn -0.49923512 -0.72514516 0.47426659
vn -0.44663912 -0.63434422 0.63096821
vn -0.085082166 -0.30041963 0.95000476
vn -0.085238822 -0.33072948 0.93986827
vn -0.061660189 -0.33201337 0.94125724
vn -0.2373163 -0.45262474 0.85954165
vn -0.18931103 -0.46210238 0.86638486
vn 0.60461271 -0.75816482 0.24419168
vn 0.59198493 -0.75995332 0.26837435
vn -0.61129677 -0.78851455 0.067535736
vn -0.59357071 -0.76015496 0.26426932
vn 0.12110845 -0.3718144 0.9203732
vn 0.12891801 -0.37875083 0.91647583
vn -0.072372742 -0.33952281 0.93780941
vn -0.1205653 -0.3350462 0.93445605
vn 0.57241988 -0.6945613 0.4357982
vn 0.56051469 -0.6928302 0.45366234
vn -0.59979635 -0.74907744 0.28129575
vn -0.5613209 -0.69241744 0.45329559
vn 0.15789112 -0.37469405 0.91360539
vn 0.16750059 -0.38207185 0.90882599
vn -0.15505701 -0.33915019 0.92786556
vn -0.10663033 -0.34575644 0.93224591
vn 0.39163288 -0.53686708 0.74725991
vn 0.39237517 -0.53720826 0.74662507
vn 0.28162104 -0.45412254 0.84525871
vn 0.28916058 -0.45844209 0.8403672
vn -0.33305913 -0.54804629 0.76727885
vn -0.38796556 -0.52978015 0.75419873
vn -0.44790307 -0.62908423 0.63532346
vn -0.28339291 -0.44727677 0.84831125
vn -0.23487383 -0.45932481 0.85665339
vn 0.033882305 -0.30133879 0.95291495
vn 0.6150071 -0.78583187 0.065073371
vn 0.61631292 -0.78750038 0.0012237607
vn 0.51598257 -0.60729241 0.60411751
vn 0.50871843 -0.60513097 0.6123904
vn -0.57878584 -0.81168824 0.078544103
vn -0.58057803 -0.81420165 -0.0021948875
vn -0.56438035 -0.6820755 0.46502459
vn -0.50722998 -0.60221833 0.61648262
vn 0.20309123 -0.37539214 0.90434211
vn -0.19007307 -0.34290668 0.91993874
vn -0.14020084 -0.35196379 0.92545408
vn 0.67640227 -0.73134887 0.087228298
vn 0.61501259 -0.78582746 0.065074719
vn 0.67032051 -0.70307642 0.23739
vn 0.65660018 -0.70617145 0.2649492
vn -0.70419347 -0.70419347 0.090681665
vn -0.70710564 -0.70710564 0.0018210748
vn 0.033898395 -0.30500597 0.95174694
vn 0.03051384 -0.30136842 0.95301938
vn -0.031431329 -0.30135983 0.95299232
vn -0.65877044 -0.70677161 0.25786707
vn -0.67882603 -0.73351145 0.034002405
vn 0.078325503 -0.31130692 0.94707608
vn 0.06988854 -0.30330846 0.95032603
vn -0.7263931 -0.68719882 -0.010527548
vn 0.61631846 -0.78749603 0.0012237608
vn 0.72598332 -0.68681109 -0.035195731
vn 0.6934244 -0.72052813 -0.0013386828
vn 0.69342351 -0.72052896 -0.0013381336
vn 0.69244862 -0.71951598 0.053025447
vn 0.73050189 -0.68291068 9.284156e-14
vn 2.9999999e-15 1 -5.6090121e-24
vn 0.23931609 0.97094172 3.0415364e-14
vn -0.23931609 0.97094172 -3.0415364e-14
vn 0.11153527 -0.31807795 0.94148093
vn 0.10090234 -0.30925336 0.94561148
vn 0.32935935 -0.44620287 0.83212101
vn 0.33789074 -0.45019874 0.82652944
vn 0.63552392 -0.64558321 0.42347574
vn 0.62231433 -0.64482617 0.44376135
vn -0.33097166 -0.43953273 0.8350262
vn -0.28137186 -0.45456955 0.84510142
vn -0.38775221 -0.53090811 0.75351501
vn -0.66453242 -0.69422323 0.27649739
vn -0.62382972 -0.64512807 0.44118732
vn -0.74694145 -0.66488981 -9.4930913e-14
vn -0.74314451 -0.66913092 -9.4448348e-14
vn 0.74314451 -0.66913092 9.4448348e-14
vn 0.44721359 -0.51521873 0.73112905
vn 0.44772202 -0.51540095 0.73068929
vn 0.23428181 -0.35976788 0.90314955
vn 0.20721714 -0.3537409 0.91210109
vn 0.17633678 -0.36069375 0.91586316
vn 0.22902709 -0.30870947 0.92317122
vn -0.44300389 -0.50892752 0.73806524
vn -0.5081687 -0.59636122 0.62138379
vn 0.14413939 -0.32495686 0.9346801
vn 0.13094793 -0.31547433 0.93985564
vn -0.22680289 -0.34591436 0.91044152
vn -0.1745927 -0.35788828 0.91729677
vn 0.57576507 -0.56890708 0.58723021
vn 0.56741595 -0.56722385 0.59690553
vn -0.62626094 -0.63380003 0.45397657
vn -0.56640732 -0.56525689 0.59972274
vn 0.69244951 -0.71951514 0.053025052
vn -0.70694256 -0.70694464 0.021482278
vn -0.70663226 -0.70663434 -0.036588982
vn 0.46472344 0.88545591 5.9063025e-14
vn -0.46472344 0.88545591 -5.9063025e-14
vn 0.73737216 -0.66890055 0.094097458
vn 0.73118538 -0.64245623 0.2293859
vn 0.71652889 -0.64709604 0.26048622
vn -0.71935862 -0.64797777 0.25029582
vn -0.73815399 -0.66789198 0.095126115
vn 0.37914354 -0.43515095 0.81663567
vn 0.38845506 -0.43858054 0.81040102
vn 0.27562529 -0.36139274 0.89074463
vn 0.24527812 -0.35668299 0.90145212
vn -0.38054389 -0.42868939 0.81939721
vn -0.32948735 -0.44723299 0.83151716
vn -0.44290316 -0.50984782 0.7374903
vn -0.26624814 -0.34753549 0.89907229
vn -0.21108307 -0.36301079 0.90756106
vn 0.030513836 -0.30137101 0.95301861
vn -0.031431444 -0.30136243 0.95299149
vn 0.040078893 -0.24899592 0.96767491
vn 0.030513823 -0.30137128 0.95301849
vn -0.0027168072 -0.26488861 0.96427518
vn 0.023106499 -0.26394701 0.96426034
vn 0.067219593 -0.27093232 0.96024853
vn -0.03143144 -0.30136272 0.95299137
vn -0.066065259 -0.26199099 0.96280634
vn -0.036685046 -0.26338387 0.96399331
vn 0.76252604 -0.64539456 0.04494394
vn 0.76329637 -0.64604658 0.0015623007
vn 0.040632877 -0.27313057 0.96111846
vn 0.095747627 -0.27943659 0.95537823
vn 0.50328434 -0.48906478 0.71240473
vn 0.50333005 -0.48907664 0.71236426
vn 0.69493377 -0.59124869 0.40925798
vn 0.68051004 -0.59174025 0.43214536
vn -0.023333289 -0.27444714 0.96131903
vn -0.093373373 -0.2685675 0.95872462
vn -0.49856114 -0.48367262 0.71937305
vn -0.56695229 -0.55879247 0.60524052
vn -0.72447979 -0.63400018 0.27050471
vn -0.6828649 -0.59260339 0.42721978
vn 0.030168146 -0.24908271 0.96801221
vn 0.057512928 -0.28419283 0.95704061
vn 0.12369575 -0.28878573 0.94936937
vn -0.1196998 -0.27621987 0.95361131
vn -0.041935809 -0.28599399 0.95731336
vn 0.63371843 -0.52525043 0.56790221
vn 0.62422317 -0.52425063 0.57922941
vn -0.68456626 -0.58035296 0.441089
vn -0.62390429 -0.52314985 0.58056676
vn -0.81310368 -0.57976162 0.052334331
vn -0.81401962 -0.58041471 0.022154566
vn 0.76252896 -0.64539117 0.044942323
vn 0.76329929 -0.64604318 0.0015638761
vn 0.32039198 -0.36033386 0.87607563
vn 0.28721419 -0.35749534 0.88865352
vn 0.075616457 -0.29683584 0.95192993
vn 0.15274838 -0.29859743 0.94207615
vn -0.30918086 -0.34691042 0.88547182
vn -0.25072926 -0.36656129 0.89597303
vn -0.37967095 -0.43655753 0.81563932
vn -0.060450967 -0.29921016 0.95227045
vn -0.14676194 -0.28464341 0.94733262
vn 0.43127668 -0.42008975 0.79845166
vn 0.44100666 -0.42272812 0.79171592
vn -0.43237323 -0.41390058 0.80108654
vn -0.49854329 -0.48422015 0.71901697
vn 0.76252401 -0.64539754 0.044935457
vn 0.79291087 -0.60172206 0.096036129
vn 0.78671962 -0.57669801 0.22020818
vn 0.77137446 -0.58309513 0.25491467
vn -0.7967605 -0.60423344 0.0086378958
vn -0.77489394 -0.58410794 0.24157256
vn -0.81310201 -0.57976413 0.0523321
vn 0.66312224 0.74851114 8.4278091e-14
vn -0.66312248 0.7485109 -8.4278118e-14
vn 0.55966961 -0.45771882 0.69084251
vn 0.55898279 -0.45760745 0.69147211
vn -0.55446815 -0.45333675 0.69789028
vn -0.62398905 -0.51603782 0.58680719
vn 0.096712008 -0.31050184 0.94564021
vn 0.18435779 -0.30824694 0.93327171
vn 0.75011307 -0.53173506 0.393177
vn 0.7347101 -0.53374153 0.41871354
vn -0.080763489 -0.31368339 0.9460867
vn -0.17606395 -0.29330572 0.93966657
vn -0.7792002 -0.56881201 0.26324883
vn -0.73795158 -0.53496009 0.41139424
vn -0.85019767 -0.52642024 0.0067558298
vn -0.81401789 -0.58041716 0.022154566
vn 0.7632941 -0.64604932 0.0015638761
vn 0.84969181 -0.52610683 -0.035148539
vn 0.8252126 -0.56481957 -0.0017346046
vn 0.82521242 -0.56481987 -0.0017345125
vn 0.82451051 -0.56433946 0.041271947
vn 0.85568362 -0.51749933 1.0875126e-13
vn 0.36896563 -0.35550174 0.85876822
vn 0.33368823 -0.35504377 0.87326747
vn -0.35613829 -0.34297091 0.86921602
vn -0.29431611 -0.36755162 0.88220394
vn -0.43213174 -0.42162332 0.79718
vn 0.68921357 -0.47616741 0.54612201
vn 0.67868251 -0.47609207 0.55921948
vn -0.73883718 -0.5219174 0.4262884
vn -0.67917103 -0.47567433 0.55898184
vn -0.86805069 -0.49647561 -1.1032303e-13
vn -0.86602539 -0.49999997 -1.1006563e-13
vn 0.86602563 -0.49999964 1.1006566e-13
vn 0.84573627 -0.5329746 0.025849665
vn 0.81899804 -0.56056601 0.12250687
vn 0.48572877 -0.40003058 0.77720207
vn 0.49541438 -0.40172869 0.77018094
vn 0.12238654 -0.324366 0.93798095
vn 0.21973351 -0.31688547 0.92265964
vn -0.81421393 -0.58055508 -0.0033788693
vn -0.81234634 -0.57922345 -0.067775965
vn -0.48642251 -0.39419472 0.77974588
vn -0.55446827 -0.45333907 0.69788867
vn -0.10460392 -0.32871902 0.93861699
vn -0.20892231 -0.30143526 0.93031621
vn 0.83644646 -0.50629175 0.20982368
vn 0.82074773 -0.51461112 0.24808986
vn -0.84408331 -0.52948236 0.084686361
vn -0.82492906 -0.51559567 0.23163153
vn 0.61567038 -0.42067191 0.66632205
vn 0.61414891 -0.42057428 0.66778618
vn -0.61010963 -0.41736788 0.67347628
vn -0.67873329 -0.46799657 0.56595087
vn 0.80051905 -0.46734658 0.37517518
vn 0.78448117 -0.47109213 0.40331319
vn -0.82827407 -0.49912784 0.25462422
vn -0.78858197 -0.47242892 0.39363617
vn 0.15402323 -0.33733737 0.92869818
vn 0.25983086 -0.32345521 0.90987068
vn 0.42139581 -0.34572247 0.83839226
vn 0.38495433 -0.34803689 0.8547985
vn -0.13345741 -0.3433679 0.92967069
vn -0.24642436 -0.30803874 0.91890544
vn -0.40730608 -0.3345111 0.84982592
vn -0.34234759 -0.36480966 0.86585915
vn -0.48676103 -0.40146858 0.77581358
vn 0.87772864 -0.47728539 0.042321384
vn 0.87851417 -0.47771251 0.0019128856
vn 0.74156845 -0.42167553 0.5217911
vn 0.73025084 -0.42274988 0.53667146
vn 0.54180026 -0.37416014 0.75263315
vn 0.5511179 -0.37490085 0.74546522
vn -0.78860009 -0.45877677 0.40943101
vn -0.73157632 -0.42278746 0.53483349
vn -0.54208338 -0.36874151 0.75509953
vn -0.61004448 -0.41679412 0.67389047
vn -0.80921578 -0.57698512 0.1107159
vn -0.81234944 -0.57921946 -0.067773156
vn 0.88898128 -0.45683867 0.031792089
vn 0.87466449 -0.47561923 0.093532927
vn 0.87851411 -0.47771257 0.0019128533
vn -0.90267181 -0.4276208 0.048208017
vn -0.90340817 -0.42796963 0.026376527
vn 0.82298398 0.56806457 1.0459538e-13
vn -0.82298398 0.56806457 -1.0459538e-13
vn 0.87996918 -0.43174845 0.19810981
vn 0.86429149 -0.44211146 0.23987007
vn -0.89002532 -0.45588341 0.0050282115
vn -0.86906886 -0.44290212 0.22035658
vn 0.192725 -0.34807566 0.91744232
vn 0.30535427 -0.32670754 0.89443892
vn 0.017150609 -0.27678898 0.96077764
vn -0.016602783 -0.27679154 0.96078652
vn -0.16855375 -0.35643333 0.91899127
vn -0.28941321 -0.31190214 0.90496248
vn 0.67047513 -0.37761435 0.63864738
vn 0.66815197 -0.37769848 0.64102793
vn -0.6647349 -0.37540689 0.64590806
vn -0.7305851 -0.41468307 0.54247886
vn 0.4771789 -0.33003259 0.81448066
vn 0.44039392 -0.33536044 0.83281845
vn 0.84566563 -0.39842683 0.35511363
vn 0.82941008 -0.40407404 0.38575009
vn -0.46220216 -0.32041609 0.82686317
vn -0.39494181 -0.35705823 0.8464812
vn -0.54289913 -0.37541065 0.75121725
vn -0.87133926 -0.4254398 0.24447669
vn -0.83427048 -0.40531078 0.37378594
vn 0.59862965 -0.34185937 0.72441339
vn 0.60734951 -0.34170055 0.71719408
vn -0.59855074 -0.33689183 0.72680181
vn -0.66453534 -0.37431106 0.64674878
vn 0.79013789 -0.3618601 0.49471143
vn 0.77834642 -0.36426452 0.51135916
vn -0.83340955 -0.39122701 0.39034587
vn -0.78047448 -0.36453572 0.50791073
vn -0.90341872 -0.42794734 0.026376527
vn -0.90340769 -0.42797056 0.026377216
vn -0.90340519 -0.42797559 0.026380679
vn -0.93840635 -0.34373555 -0.035205424
vn 0.8785156 -0.4777098 0.0019128533
vn 0.93840981 -0.34373724 -0.035095781
vn 0.92265123 -0.38562968 -0.0021197752
vn 0.92265069 -0.38563091 -0.0021189423
vn 0.87466609 -0.47561654 0.093531102
vn -0.90365511 -0.42805934 -0.013139558
vn 0.92157537 -0.38518149 0.048312269
vn -0.90364426 -0.42808262 -0.013126816
vn 0.23915455 -0.35506791 0.90373218
vn 0.35663718 -0.32527789 0.87578779
vn -0.21078792 -0.36651772 0.90621918
vn -0.33838752 -0.31164098 0.88790417
vn 0.94404393 -0.32981968 1.1998123e-13
vn 0.92421305 -0.37660581 0.063231677
vn 0.91692877 -0.35359734 0.18496087
vn 0.90169472 -0.36606511 0.2300934
vn -0.9243564 -0.37476078 0.071551509
vn -0.90695387 -0.36652014 0.20759982
vn 0.72196108 -0.32957157 0.60840344
vn -0.71753198 -0.32720771 0.6148845
vn -0.77893209 -0.35613945 0.51616812
vn -0.95180756 -0.30669591 -1.2096793e-13
vn -0.95105666 -0.30901659 -1.208725e-13
vn 0.95105648 -0.30901718 1.2087247e-13
vn -0.012347721 3.7043166e-17 -0.99992377
vn 0.19420564 -5.8261695e-16 -0.98096085
vn -0.21836554 6.550966e-16 -0.97586703
vn 0.39239919 -1.1771976e-15 -0.91979504
vn -0.41499218 1.2449765e-15 -0.90982497
vn 0.5737139 -1.7211416e-15 -0.8190558
vn -0.59376234 1.781287e-15 -0.80464047
vn 0.1205368 -3.6161041e-16 0.99270886
vn -0.12053686 3.6161059e-16 0.99270886
vn 0.73034465 -2.1910339e-15 -0.68307883
vn 0.3546041 -1.0638123e-15 0.93501651
vn -0.3546041 1.0638123e-15 0.93501651
vn -0.7469883 2.2409648e-15 -0.66483718
vn 0.5680657 -1.704197e-15 0.82298321
vn -0.56806546 1.7041964e-15 0.82298338
vn 0.85555339 -2.5666602e-15 -0.51771456
vn -0.86807525 2.6042259e-15 -0.49643263
vn 0.74851018 -2.2455305e-15 0.66312325
vn -0.74851048 2.2455314e-15 0.66312301
vn 0.88545567 -2.6563671e-15 0.46472386
vn -0.88545567 2.6563671e-15 0.46472386
vn 0.94395465 -2.8318639e-15 -0.33007517
vn -0.95181686 2.8554506e-15 -0.30666706
vn 0.97094202 -2.912826e-15 0.23931491
vn -0.9709419 2.9128256e-15 0.23931539
vn 0.99174362 -2.9752308e-15 -0.12823649
vn -0.99460763 2.9838228e-15 -0.10370947
vn 1 -2.9999999e-15 1.2709285e-13
vn -1 2.9999999e-15 -1.2709285e-13
vn -0.99460763 2.9838228e-15 0.10370965
vn 0.99174362 -2.975231e-15 0.12823626
vn 0.97094202 -2.912826e-15 -0.23931491
vn -0.9709419 2.9128256e-15 -0.23931539
vn -0.95181686 2.8554506e-15 0.30666706
vn 0.94395447 -2.8318634e-15 0.33007571
vn 0.88545567 -2.6563671e-15 -0.46472386
vn -0.88545567 2.6563671e-15 -0.46472386
vn -0.86807525 2.6042259e-15 0.49643263
vn 0.85555339 -2.5666602e-15 0.51771456
vn 0.74851018 -2.2455305e-15 -0.66312325
vn -0.74851048 2.2455314e-15 -0.66312301
vn 0.5680657 -1.704197e-15 -0.82298321
vn -0.56806546 1.7041964e-15 -0.82298338
vn -0.7469883 2.2409648e-15 0.66483718
vn 0.73034465 -2.1910339e-15 0.68307883
vn 0.3546041 -1.0638123e-15 -0.93501651
vn -0.3546041 1.0638123e-15 -0.93501651
vn -0.59376234 1.781287e-15 0.80464047
vn 0.1205368 -3.6161041e-16 -0.99270886
vn -0.12053686 3.6161059e-16 -0.99270886
vn 0.5737139 -1.7211416e-15 0.8190558
vn -0.41499218 1.2449765e-15 0.90982497
vn 0.39239919 -1.1771976e-15 0.91979504
vn -0.21836554 6.550966e-16 0.97586703
vn 0.19420564 -5.8261695e-16 0.98096085
vn -0.012347721 3.7043166e-17 0.99992377
vn 0.53554153 -0.30757388 0.78650719
vn 0.49918261 -0.31603444 0.80680788
vn -0.52007854 -0.29971895 0.79980427
vn -0.45143408 -0.34333014 0.82360893
vn -0.59972531 -0.3429015 0.72301322
vn 0.88508725 -0.32534099 0.33282691
vn 0.86905712 -0.33298862 0.36586648
vn -0.9080739 -0.34823161 0.23267265
vn -0.87453729 -0.33393157 0.35167345
vn 0.020507377 -0.21000746 0.9774847
vn 0.017149927 -0.2768226 0.96076798
vn -0.016603148 -0.27682513 0.96077687
vn -0.016603809 -0.27679256 0.96078622
vn -0.022974767 -0.26691681 0.96344566
vn 0.020429362 -0.27677295 0.96071815
vn -0.0073680454 -0.34808624 0.93743354
vn 0.020559391 -0.34626788 0.93791038
vn 0.051118109 -0.35405806 0.93382537
vn -0.00048656881 -0.34215316 0.93964404
vn 0.0018861596 -0.34858322 0.93727595
vn -0.049553715 -0.34492666 0.93732065
vn 0.29297763 -0.35694668 0.88699108
vn 0.41324762 -0.31798983 0.85329294
vn 0.70271492 -0.25985688 0.66231877
vn -0.26060459 -0.37211263 0.89085209
vn -0.39302486 -0.30599242 0.8671217
vn -0.65117598 -0.30129251 0.69655776
vn -0.70861536 -0.29348555 0.6416623
vn 0.035452195 -0.35578844 0.93389386
vn 0.07557372 -0.36399856 0.92832839
vn -0.072463147 -0.35236353 0.93305361
vn -0.021659605 -0.35804185 0.93345428
vn 0.83423245 -0.29686365 0.46468076
vn 0.82232934 -0.30072105 0.48305419
vn -0.87281817 -0.31957269 0.36886543
vn -0.82516801 -0.30102411 0.4779982
vn 0.92051905 -0.38473853 0.067977361
vn -0.8990286 -0.42590225 0.10175869
vn 0.93501621 0.35460499 1.1883387e-13
vn -0.93501621 0.35460499 -1.1883387e-13
vn 0.052854903 -0.36743131 0.92854756
vn 0.10210323 -0.37495431 0.92140341
vn -0.038124446 -0.37032953 0.92811775
vn -0.096920013 -0.36137545 0.92736953
vn -0.96411294 -0.26208931 0.042373002
vn -0.96465671 -0.26223713 0.025866337
vn 0.95614254 -0.2892139 0.046332911
vn 0.9537552 -0.2945444 0.059955288
vn 0.9571681 -0.28952411 0.0022339683
vn 0.94700134 -0.27238458 0.17027962
vn 0.93265259 -0.28696343 0.21865745
vn 0.0089472979 -0.34213951 0.93960655
vn -0.95585805 -0.29377523 -0.0056157485
vn -0.93824476 -0.28696215 0.19326015
vn 0.074384421 -0.38032213 0.92185789
vn 0.13226789 -0.38606346 0.91294044
vn 0.10452867 -3.13586e-16 -0.99452186
vn -0.10452861 3.1358584e-16 -0.99452186
vn -0.30901691 9.2705077e-16 -0.95105654
vn 0.30901679 -9.2705035e-16 -0.9510566
vn -0.50000089 1.5000027e-15 -0.86602491
vn 0.50000089 -1.5000027e-15 -0.86602491
vn -0.66913033 2.007391e-15 -0.74314511
vn 0.66913033 -2.007391e-15 -0.74314511
vn -0.80901653 2.4270495e-15 -0.5877859
vn 0.8090167 -2.4270501e-15 -0.58778566
vn -0.91354555 2.7406367e-15 -0.40673637
vn 0.91354555 -2.7406367e-15 -0.40673637
vn -0.97814769 2.9344432e-15 -0.20791118
vn 0.97814757 -2.9344427e-15 -0.20791182
vn 0.99862957 -2.9958886e-15 -0.052335579
vn 0.99666405 0.062709838 0.052232757
vn -0.97814769 2.9344432e-15 0.20791118
vn 0.97814757 -2.9344427e-15 0.20791182
vn -0.91354555 2.7406367e-15 0.40673637
vn 0.91354555 -2.7406367e-15 0.40673637
vn -0.80901653 2.4270495e-15 0.5877859
vn 0.8090167 -2.4270501e-15 0.58778566
vn -0.66913033 2.007391e-15 0.74314511
vn 0.66913033 -2.007391e-15 0.74314511
vn -0.50000089 1.5000027e-15 0.86602491
vn 0.50000089 -1.5000027e-15 0.86602491
vn -0.30901691 9.2705077e-16 0.95105654
vn 0.30901679 -9.2705035e-16 0.9510566
vn -0.10452861 3.1358584e-16 0.99452186
vn 0.10452867 -3.13586e-16 0.99452186
vn -0.057771891 -0.38414329 0.92146426
vn -0.12455474 -0.37113661 0.92018682
vn 0.7434001 -0.26423648 0.61443907
vn 0.74137825 -0.26521873 0.61645544
vn 0.68983483 -0.31697243 0.65088892
vn 0.59550816 -0.27753407 0.75388646
vn 0.56036556 -0.28912422 0.77614278
vn -0.73889422 -0.26237947 0.62063861
vn -0.8231011 -0.29244584 0.48680595
vn -0.5109694 -0.32274252 0.79671043
vn -0.5799942 -0.27151892 0.76803917
vn 0.918284 -0.24850655 0.30821913
vn 0.90295941 -0.25817493 0.34352583
vn -0.93816775 -0.26800635 0.21912071
vn -0.90887207 -0.25866979 0.32717207
vn 0.35356942 -0.35238063 0.86649674
vn 0.47445807 -0.30370277 0.82622886
vn 0.10149185 -0.39341295 0.91374266
vn 0.16737154 -0.39628777 0.90274179
vn -0.082158923 -0.39855123 0.9134587
vn -0.15677622 -0.38065407 0.9113307
vn -0.31746629 -0.37195489 0.87227559
vn -0.45271716 -0.29372376 0.84188688
vn 0.87308699 -0.22692111 0.43153906
vn 0.86144727 -0.23229702 0.45160452
vn -0.90633559 -0.24415581 0.34488216
vn -0.86486942 -0.23244938 0.44493619
vn 0.95614314 -0.28921211 0.046331812
vn 0.95716864 -0.28952229 0.0022343174
vn -0.96468437 -0.26225019 -0.024675142
vn -0.96465534 -0.26224229 0.025865367
vn 0.13542318 -0.40546805 0.90402228
vn 0.20846777 -0.40441668 0.89049894
vn -0.11263487 -0.41243121 0.90399885
vn -0.19478257 -0.38874236 0.90052158
vn 0.95614266 -0.28921378 0.046331607
vn 0.96987522 -0.18870103 0.15405826
vn 0.95687747 -0.20532292 0.20549466
vn 0.97519207 -0.20999056 0.070031472
vn -0.97645801 -0.20841083 0.05562941
vn -0.9646858 -0.26224503 -0.024674874
vn -0.96261764 -0.20477524 0.17729747
vn 0.65582955 -0.23921907 0.71600407
vn 0.62267083 -0.25381899 0.74017358
vn -0.96465677 -0.26223713 0.025865367
vn -0.96465629 -0.26223871 0.025866028
vn -0.98857343 -0.14722461 -0.032364756
vn 0.95716816 -0.28952399 0.0022343174
vn 0.98848331 -0.14721097 -0.035066582
vn 0.9817059 -0.19038665 -0.002547242
vn 0.98170614 -0.19038522 -0.0025478334
vn -0.64069957 -0.23504032 0.73093098
vn -0.57254833 -0.29444328 0.76517421
vn -0.73847538 -0.26466477 0.6201666
vn 0.79186291 -0.2063918 0.57476562
vn 0.79087549 -0.20701563 0.57589972
vn -0.78817105 -0.20519261 0.58024341
vn -0.86232394 -0.22378576 0.45422173
vn 0.98129469 -0.19030543 0.029061973
vn 0.005103685 -0.41637185 0.9091801
vn -0.0052612843 -0.41637149 0.90917933
vn 0.99178094 -0.12794772 1.2604826e-13
vn 0.42008072 -0.34002978 0.84137505
vn 0.53930891 -0.28126818 0.79374689
vn -0.38057759 -0.3648181 0.84974611
vn -0.5165962 -0.27359813 0.81133991
vn 0.1770969 -0.41509077 0.89237678
vn 0.25634283 -0.4090963 0.87574458
vn -0.15026195 -0.4245041 0.89287043
vn -0.23950258 -0.39404622 0.88733649
vn 0.94474 -0.16841052 0.28125474
vn 0.93060189 -0.18004678 0.31868991
vn -0.96131849 -0.18530151 0.20378943
vn -0.93672758 -0.17997696 0.30024952
vn 0.0051029157 -0.41628584 0.9092195
vn -0.0052597332 -0.41628549 0.90921873
vn 0.0051029059 -0.41636881 0.90918148
vn -0.0052604768 -0.41636845 0.90918076
vn 0.029468598 -0.42892322 0.90286016
vn -0.004430268 -0.43097913 0.90235102
vn 0.0045349398 -0.43158299 0.90206182
vn -0.0293651 -0.42953023 0.9025749
vn -0.99452186 -0.10452908 -1.263966e-13
vn 0.99452192 -0.10452843 1.2639661e-13
vn -0.99460655 -0.10372 -1.2640738e-13
vn 0.053262722 -0.44468027 0.8941043
vn 0.025635863 -0.4319205 0.90154725
vn -0.047134649 -0.41541404 0.90841043
vn 0.080044746 -0.45419836 0.88729739
vn 0.054818235 -0.44446784 0.89411592
vn -0.075909905 -0.44202948 0.89378279
vn -0.027948923 -0.44852945 0.89333093
vn 0.90584719 -0.15239789 0.39524144
vn 0.89486647 -0.1592923 0.41694123
vn -0.9334271 -0.1654114 0.31835967
vn -0.89870614 -0.15915933 0.40865093
vn 0.98129439 -0.19030684 0.029062873
vn -0.9611184 -0.26127696 0.089362927
vn 0.99270886 0.12053686 1.2616619e-13
vn -0.99270886 0.12053686 -1.2616619e-13
vn 0.22701499 -0.42079148 0.8782931
vn 0.31138799 -0.40888846 0.85781568
vn -0.19576365 -0.43337604 0.87969416
vn -0.29147911 -0.39509845 0.87116998
vn 0.11189514 -0.46379787 0.87884641
vn 0.080668464 -0.45408747 0.88729769
vn -0.10532349 -0.45009235 0.88674903
vn -0.05887809 -0.45838529 0.88680118
vn -0.99549091 -0.088293448 0.034671538
vn -0.99587828 -0.08832781 0.020606494
vn 0.71491909 -0.19212888 0.67229253
vn 0.68451458 -0.20948406 0.69825226
vn 0.99142015 -0.067481458 0.11194775
vn -0.97976542 -0.12056629 0.15976058
vn -0.99231237 -0.12283117 -0.015122967
vn -0.63489074 -0.25769272 0.72836
vn -0.70061094 -0.1896918 0.68786722
vn -0.78798229 -0.20674925 0.57994711
vn 0.83558446 -0.14190632 0.53071767
vn 0.83565491 -0.14184894 0.53062207
vn 0.017417554 -0.0050878115 -0.99983537
vn 0.075704984 0.019694341 -0.99693573
vn 0.093449086 -0.17727135 -0.97971535
vn -0.00044194458 -0.99999988 3.7475386e-06
vn -4.8607959e-05 -0.99999571 0.0029237999
vn 0.98797852 -0.0034041838 -0.15455377
vn 0.9986788 0.0056797848 -0.051072892
vn -0.0025663187 -0.99999666 0.00021397407
vn -0.0025712037 -0.99999666 0.00032172154
vn 0.47073272 -0.13547137 -0.87181318
vn 0.54662764 -0.10006615 -0.83137536
vn 0.56621724 -0.10763104 -0.81719863
vn -0.00067453366 -0.99999928 0.00097047299
vn 0.00014927848 -1 0.00013676776
vn 0.47084013 -0.13366631 -0.87203377
vn 0.46839824 -0.1358801 -0.87300611
vn -0.00015819966 -1 1.641388e-05
vn -0.00033630617 -0.99999976 0.00058249797
vn 0.9981249 0.0025915925 -0.061155729
vn 0.99869502 -2.3368107e-06 -0.051071674
vn -0.0025498893 -0.99999672 0.00031565048
vn 0.017411932 -0.00064802309 -0.99984819
vn 0.010872374 -0.0049057924 -0.99992883
vn -0.00044286111 -0.99999988 -5.6284472e-17
vn 0.56622058 -0.10763028 -0.81719643
vn 0.00015340009 -1 0.00013413162
vn 0.093450822 -0.17727135 -0.97971517
vn -4.6988982e-05 -0.99999988 0.00044706944
vn 0.00034105548 -0.99999928 -0.0011361922
vn 0.36586767 -0.15097173 -0.91834003
vn -0.00014885428 -1 7.7753044e-05
vn 0.35226578 -0.152557 -0.92338246
vn 0.36678982 -0.13180025 -0.92092013
vn -0.00014712266 -1 8.5836247e-05
vn 0.093453087 -0.17726518 -0.97971606
vn 0.00033493727 -0.99999934 -0.0011149736
vn -0.012866364 -0.00065615366 -0.99991703
vn -0.012840005 -0.0021120701 -0.99991536
vn -0.010719651 -0.0020531565 -0.99994045
vn -0.084916212 -0.15983142 -0.98348522
vn -0.071553446 0.010003724 -0.99738657
vn -0.084917352 -0.15983142 -0.9834851
vn -0.12538381 -0.050362851 -0.99082917
vn -0.085848741 -0.060213201 -0.99448699
vn -0.16849004 -0.097759873 -0.9808436
vn -0.13054095 -0.040662423 -0.99060869
vn -0.16848588 -0.097759895 -0.98084426
vn -0.21151516 -0.042713676 -0.97644091
vn -0.25506294 -0.17235757 -0.95143878
vn 0.00018211588 -0.9999997 -0.00071082509
vn 0.00018121504 -0.9999997 -0.0007105603
vn 0.00018129544 -0.99999964 -0.00083388551
vn 0.00014573189 -0.99999988 -0.00044851698
vn -0.25505584 -0.17235793 -0.95144063
vn -0.25742313 -0.10706023 -0.96034962
vn -0.26592052 -0.13293791 -0.95478469
vn -0.28486115 -0.11866961 -0.95119488
vn -0.35734013 -0.13765538 -0.92377436
vn -0.36971346 -0.13655329 -0.91905665
vn -0.35838136 -0.11512834 -0.9264493
vn -0.46293762 -0.1140132 -0.87902772
vn -0.46291786 -0.11401603 -0.87903774
vn -0.00014350351 -1 8.1232487e-05
vn -3.3423439e-05 -1 -7.1819726e-05
vn -1.6332957e-05 -1 -9.9118479e-05
vn -0.46174815 -0.13406667 -0.87682086
vn -0.45106882 -0.13589552 -0.8820824
vn -0.56235665 -0.11084541 -0.81943166
vn -0.54647791 -0.10294543 -0.83112222
vn -0.56453484 -0.067898802 -0.82261181
vn -0.61303645 -0.098741516 -0.78385997
vn -0.65045422 -0.077630118 -0.75556791
vn 5.0661238e-05 -1 -7.7596778e-06
vn 5.457037e-05 -1 -2.0109139e-05
vn -6.0818897e-05 -1 0.00016162937
vn 1.7917922e-05 -1 3.9066279e-05
vn 0.00030537811 -0.99999988 -0.00033915701
vn -0.65120834 -0.061020344 -0.75644177
vn -0.67057794 -0.071847759 -0.73835158
vn -0.72644413 -0.038744729 -0.68613249
vn -0.72640699 -0.038757063 -0.68617105
vn -0.68324763 -0.34152076 -0.64539617
vn -0.68578905 -0.050132371 -0.72607172
vn -0.71897823 -0.046025887 -0.69350696
vn -0.78291106 -0.29847544 -0.54585958
vn -0.72465956 0.079377189 -0.68452013
vn -0.79044926 -0.058644686 -0.60971367
vn 0.00059504976 -0.9999997 -0.00052120356
vn 0.00060443371 -0.9999997 -0.00053262769
vn -0.00020747937 -0.99999994 0.00023138849
vn 0.00021982551 -0.99999994 -0.00015971274
vn 0.00058872584 -0.9999997 -0.00050503504
vn 0.00059750746 -0.9999997 -0.00050837471
vn -0.81123215 -0.050213534 -0.58256418
vn -0.79176432 -0.011010937 -0.61072743
vn -0.84796071 -0.0014153654 -0.53005719
vn -0.84797752 -0.0014078529 -0.53003037
vn -0.84786075 -0.016542522 -0.52996081
vn -0.84202868 -0.01916788 -0.53909206
vn 0.0014162528 -0.99999863 -0.00082595617
vn 0.0014023879 -0.99999869 -0.00081642048
vn 0.00011889993 -1 -5.3212261e-05
vn 0.00011636379 -1 -5.1808456e-05
vn 0.001398382 -0.99999875 -0.00076690124
vn 0.0013986179 -0.99999875 -0.00076692615
vn -0.89618409 -0.0042720297 -0.44366187
vn -0.86839604 0.0048175207 -0.49584785
vn -0.89618558 -0.0042711925 -0.44365886
vn -0.89866805 -0.00043768139 -0.43862915
vn -0.93589306 0.011012802 -0.352112
vn -0.93589151 0.011011685 -0.35211614
vn -0.93594402 0.0047765961 -0.35211638
vn -0.92583996 -0.0087536722 -0.37781438
vn -0.94347435 0.0041723778 -0.33141935
vn 0.00016624543 -1 -6.5348293e-05
vn 0.00015876591 -1 -0.00011019824
vn 0.00014054017 -1 -4.5806781e-05
vn 0.00016343905 -1 -5.5909408e-05
vn 3.0867999e-05 -1 -6.5611994e-06
vn -0.96554565 -0.055319197 -0.25428611
vn -0.96225893 0.0039570229 -0.2721068
vn -0.96554619 -0.055322532 -0.25428331
vn -0.98805034 -0.024559679 -0.1521624
vn -0.96529859 0.059770804 -0.25421652
vn 0.96528649 -0.052692059 -0.25582328
vn 0.97821832 0.029092789 -0.20552987
vn -7.8989571e-05 -1 6.5859786e-06
vn -0.98814642 -0.0033225138 -0.15347819
vn -0.9986949 0.0059562139 -0.050725214
vn -0.99869484 0.0059557981 -0.050726574
vn -0.99863052 -2.1152866e-06 0.052316736
vn -0.99830478 -1.8228858e-06 -0.058203015
vn 0.9986127 -2.6104331e-06 0.052656114
vn -0.99863082 -3.401798e-06 0.052310973
vn -0.99863064 -2.6730575e-06 0.052315034
vn -0.99863023 2.9958907e-15 0.052322362
vn -0.99836934 0.00066183571 0.057081211
vn -0.99678242 0.00066201022 0.080151848
vn -0.99678314 0.00066203461 0.080143414
vn -0.97981048 -0.0023281954 0.19991502
vn -0.98329651 -0.00113142 0.18200727
vn -0.99678671 0.00066270656 0.080098934
vn 0.99861234 -2.9958369e-15 0.052663013
vn 0.9986127 -2.6742814e-06 0.052655727
vn 0.9986127 -2.5807585e-06 0.052656244
vn 0.99857986 8.4333311e-05 0.053275514
vn 0.97956115 8.468036e-05 0.20114666
vn -0.95942765 0.00080931885 0.28195369
vn -0.95942873 0.00080931885 0.28195018
vn -0.98329282 -0.003412433 0.18199903
vn -0.98329049 -0.0034117885 0.18201154
vn -0.92322159 -0.0021783996 0.38426179
vn -0.92542833 -0.0018137556 0.37891841
vn -0.95942968 0.00080943253 0.28194687
vn 0.935978 -0.00031411258 0.35205832
vn 0.93597746 -0.00031413476 0.35205972
vn 0.92229187 -0.0025721302 0.38648552
vn 0.9881227 -0.0059946436 0.15355004
vn 0.98812115 -0.005994034 0.15355979
vn 0.9671644 0.00026514658 0.25415143
vn 0.96716392 0.00026524116 0.25415319
vn 0.96716303 0.00026524116 0.25415662
vn 0.98812139 -0.0059941649 0.15355842
vn 0.98812133 -0.0059941304 0.15355869
vn -0.88165903 0.0008561709 0.47188619
vn -0.88165885 0.0008561709 0.47188661
vn -0.92543036 -0.0025369383 0.37890926
vn -0.92542756 -0.0025366023 0.37891608
vn -0.83230054 -0.002096358 0.55432069
vn -0.82857925 -0.0025961457 0.55986577
vn -0.88166189 0.0008562631 0.47188091
vn 0.89490771 0.00053675321 0.44625095
vn 0.89490694 0.00053675321 0.44625247
vn 0.83032203 -0.0011288263 0.55728269
vn 0.93596512 -0.0049720882 0.35205758
vn 0.89491022 0.0005364861 0.44624594
vn -0.76675004 0.00080202438 0.6419453
vn -0.76675928 0.00080202438 0.64193422
vn -0.82857955 -0.0017611842 0.55986863
vn -0.71042997 -0.0022109852 0.70376444
vn -0.69682908 -0.0034788195 0.71722877
vn -0.76675373 0.00080207241 0.64194083
vn 0.78495634 0.00072539411 0.6195507
vn 0.7849496 0.00072539411 0.61955923
vn 0.78495771 0.00072546751 0.61954892
vn 0.70710438 -0.0016525354 0.70710725
vn 0.84438229 -0.0040323175 0.53572589
vn 0.84438598 -0.0040326812 0.53572011
vn -0.61954933 0.00064756366 0.78495747
vn -0.61964923 0.00064756366 0.78487861
vn -0.61954254 0.00064766733 0.78496283
vn -0.69683212 -0.001086274 0.71723348
vn -0.56214041 -0.00078858755 0.82704145
vn -0.5357213 -0.0044616703 0.84438306
vn -0.53573471 -0.0044607567 0.8443746
vn 0.55986702 -0.0020074516 0.82858002
vn 0.55986392 -0.0020076567 0.82858217
vn 0.55727845 -0.0023011498 0.8303225
vn 0.71722925 -0.0031747217 0.69683003
vn 0.71723151 -0.0031749227 0.69682777
vn 0.64194012 0.00083122682 0.76675433
vn 0.64194107 0.0008312214 0.76675355
vn 0.64194071 0.0008312214 0.76675385
vn -0.44625133 0.00039234434 0.89490759
vn -0.44625235 0.00039234434 0.89490712
vn -0.39294636 -0.0019174247 0.91955936
vn -0.35205901 -0.0055437637 0.93596137
vn -0.44625223 0.00039239656 0.89490712
vn 0.47188258 0.00085411535 0.881661
vn 0.378914 -0.0027370672 0.92542785
vn 0.38648042 -0.0023378162 0.92229462
vn 0.47188827 0.00085403444 0.88165796
vn 0.4718824 0.00085411535 0.88166106
vn -0.35206619 -3.7348862e-05 0.93597507
vn -0.35205749 -3.7266826e-05 0.93597835
vn -0.20913979 -0.0026337826 0.97788221
vn -0.25415063 3.627664e-05 0.96716464
vn -0.2541981 3.6276644e-05 0.96715218
vn 0.18201403 -0.0035487767 0.98328954
vn 0.20114343 -0.0025229205 0.97955853
vn 0.37891302 -0.0017070136 0.92543072
vn 0.37892172 -0.001707459 0.92542714
vn 0.28193554 0.00079426897 0.95943302
vn 0.28194836 0.00079408463 0.95942926
vn 0.28195205 0.00079408463 0.95942819
vn -0.15361011 0.00033649514 0.98813146
vn -0.15355621 0.00033649514 0.98813987
vn -0.15356824 0.0003360991 0.98813796
vn -0.15355475 0.00033671359 0.98814011
vn -0.25415674 -0.0057472368 0.96714598
vn -0.057035275 -0.00018380424 0.99837214
vn -0.051386405 -0.00041979185 0.99867874
vn -0.15353949 0.00033622794 0.98814243
vn 0.18200099 -0.0010968056 0.98329771
vn 0.18200481 -0.0010970042 0.98329705
vn 0.08014448 0.00065115787 0.99678302
vn 0.080158368 0.00065113022 0.99678195
vn 0.052665524 0.00065088348 0.99861199
vn -0.051385872 -1.332023e-06 0.99867886
vn -0.051371355 -9.681321e-07 0.99867964
vn 0.014485314 -1.1527836e-06 0.9998951
vn 0.080131032 -0.0012285988 0.99678355
vn 0.080136545 -0.001228718 0.99678314
vn 0.080138065 -0.0012287671 0.99678302
vn 0.96528661 -0.052691944 -0.2558229
vn 0.61275852 -0.073555738 -0.7868396
vn 0.64955187 -0.078253157 -0.75627959
vn 0.96662259 0.0035987645 -0.25617924
vn 0.95488745 -0.0030307709 -0.29695246
vn 0.9355216 -0.0017705401 -0.35326502
vn 0.94335312 0.0046118065 -0.33175841
vn 0.93551934 -0.0017721946 -0.35327098
vn 0.93547243 0.010287701 -0.35324994
vn 0.92293131 0.0016541813 -0.38496113
vn 0.89853758 8.9237456e-06 -0.43889654
vn 0.89548725 -0.0045881914 -0.44506347
vn 0.6495508 -0.078253455 -0.75628048
vn 0.8473888 -0.0028009245 -0.53096545
vn 0.80212837 -0.0087304497 -0.5970878
vn 0.7897675 -0.05946368 -0.61051726
vn 0.36678386 -0.13180079 -0.92092246
vn 0.8472749 -0.016550031 -0.53089678
vn 0.83876342 -0.006603587 -0.54445601
vn 0.66935349 -0.055757295 -0.74084884
vn 0.72579485 -0.039538737 -0.68677396
vn 0.11569827 -0.050032835 -0.99202353
vn 0.17658477 -0.01395975 -0.98418641
vn 0.72578615 -0.039541621 -0.68678302
vn 0.26563624 -0.11635274 -0.95702636
vn 0.263951 -0.16147435 -0.95092374
vn 0.27168483 -0.13274696 -0.95318705
vn 0.28362644 -0.12357147 -0.9509396
vn 0.68224782 -0.34317204 -0.64557791
vn 0.68504208 -0.050367784 -0.72676027
vn 0.71899801 -0.046177011 -0.69347644
vn 0.78976387 -0.059465107 -0.61052185
vn 0.17576921 -0.097162895 -0.97962469
vn 0.1096504 -0.097280622 -0.98919827
vn 0.68225533 -0.3431693 -0.64557147
vn 0.89548844 -0.0045875302 -0.44506109
vn 0.26720905 0.043168087 -0.96267122
vn 0.17284547 -0.16533495 -0.97097313
vn 0.75337309 0.024390412 -0.65714085
vn 0.84727556 -0.016549725 -0.53089571
vn 0.86839366 0.0048257727 -0.49585199
vn -0.83282107 -0.14112428 0.53525043
vn -0.89572972 -0.15046082 0.41836569
vn 0.14984424 -0.47226086 0.86862904
vn 0.11295918 -0.46356142 0.87883502
vn -0.76026219 -0.025086878 -0.64913177
vn -0.76397246 -0.026494561 -0.6447047
vn 0.7634877 -0.023920434 -0.64537925
vn -0.14044973 -0.45776922 0.87790728
vn -0.087329425 -0.46960908 0.87854475
vn 0.49128759 -0.31862295 0.81062686
vn 0.60643464 -0.24963924 0.75492865
vn -0.58339083 -0.24445747 0.77452934
vn -0.4489322 -0.34948608 0.82238638
vn -0.0467389 -0.047558509 -0.99777436
vn 0.046738934 -0.047558442 -0.99777436
vn -0.18271741 -0.13513538 -0.97383404
vn 0.18271749 -0.1351351 -0.9738341
vn 0.0024799302 -0.50310743 0.86422032
vn -0.0026726006 -0.50310719 0.8642199
vn 0.99138832 -0.08884076 0.096210949
vn 0.98816067 -0.10357467 0.1131848
vn 0.99600559 -0.089254528 0.0025352722
vn -0.96759373 0.009477023 -0.25233415
vn -0.98489612 -0.0036250844 -0.1731084
vn 0.97943759 0.023824977 -0.20033559
vn 0.95975065 -0.10009069 0.26241291
vn 0.0018762856 -0.50290674 0.86433864
vn 0.0024782049 -0.50297457 0.86429763
vn 0.0026095028 -0.50308788 0.86423135
vn -0.0026689712 -0.50290579 0.86433709
vn 0.0026110376 -0.50308937 0.86423045
vn -0.00064961892 -0.50309098 0.8642332
vn -0.00064320123 -0.50308937 0.86423415
vn -0.0026844086 -0.50409102 0.86364639
vn 0.03716613 -0.51116008 0.85868156
vn 0.015807008 -0.49918059 0.86635381
vn 0.015801424 -0.49918088 0.86635369
vn 0.0026301097 -0.50291425 0.86433232
vn -0.0092592891 -0.49882901 0.86665094
vn -0.036642201 -0.50816512 0.86047983
vn -0.0092565464 -0.49883419 0.86664802
vn -0.0092712212 -0.49882838 0.86665118
vn -0.95754015 -0.098427981 0.27097753
vn -0.97723573 -0.10072594 0.18672074
vn -0.80282474 -0.011659752 -0.59610105
vn 0.76075691 -0.027666613 -0.64844698
vn 0.80282414 -0.011659994 -0.59610188
vn 0.28483334 -0.42122182 0.86107033
vn 0.37293962 -0.40258238 0.83596855
vn -0.24946073 -0.43758544 0.8638798
vn -0.35025346 -0.3906455 0.85130405
vn 0.19467853 -0.47828424 0.85635531
vn 0.15255429 -0.4715274 0.86855578
vn -0.18221456 -0.46374169 0.86703026
vn -0.12268186 -0.47988981 0.86870879
vn -0.0917091 -0.14478795 -0.9852035
vn -0.18802974 -0.14776114 -0.97098482
vn 0.18802996 -0.14776115 -0.97098476
vn 0.091709003 -0.14478795 -0.9852035
vn 0.039861351 -0.50927967 0.85967743
vn 0.075595438 -0.51270229 0.85523194
vn 0.039862055 -0.50927955 0.85967743
vn 0.039859314 -0.50928134 0.85967654
vn -0.032770529 -0.51212889 0.85828322
vn -0.060338087 -0.50982094 0.85816193
vn -0.07496687 -0.51111829 0.85623479
vn -0.03275001 -0.51213044 0.8582831
vn -0.032748435 -0.51213145 0.85828257
vn 0.010487515 0.0019047433 -0.9999432
vn -0.010494087 0.0019342477 -0.99994308
vn -0.36281288 -0.17027549 -0.91617304
vn -0.46557951 -0.15723492 -0.87092644
vn -0.0014318827 -0.015877699 -0.99987292
vn -0.010114313 0.00018697622 -0.99994886
vn -0.010096481 0.00014933012 -0.99994904
vn -0.053465579 -0.075307295 -0.99572599
vn -0.052038018 -0.075187087 -0.99581069
vn 0.095571332 -0.133599 -0.98641646
vn 0.0014319349 -0.015877636 -0.99987292
vn 0.010096369 0.00014882837 -0.99994904
vn 0.010114439 0.00018697622 -0.99994886
vn 0.053465631 -0.075307302 -0.99572599
vn -0.040705521 -0.067065798 -0.99691784
vn -0.83997893 -0.011209321 -0.54250324
vn -0.8291015 -0.011099908 -0.55898792
vn -0.8009544 -0.023046643 -0.59828162
vn -0.78692973 -0.035841156 -0.61600083
vn 0.83880472 -0.0067587541 -0.54439038
vn 0.79346496 -0.026081329 -0.60805678
vn 0.94191438 -0.043167323 0.33306739
vn 0.11089908 -0.52215701 0.84560835
vn 0.071128488 -0.51599675 0.85363227
vn 0.071109906 -0.51599979 0.85363203
vn 0.044227265 -0.52978706 0.84697676
vn 0.071124002 -0.51599652 0.85363281
vn -0.10553451 -0.51058108 0.85332847
vn -0.062895186 -0.51779008 0.85319263
vn -0.062873647 -0.51779497 0.85319126
vn 0.99138832 -0.088840827 0.096210994
vn 0.99600559 -0.089254595 0.0025352458
vn -0.99537128 -0.088283822 -0.037973337
vn -0.99587822 -0.088328779 0.02060611
vn -0.26341534 -0.19969499 -0.94378722
vn -0.37571609 -0.19224374 -0.90657586
vn 0.26341483 -0.19969462 -0.9437874
vn 0.37571666 -0.19224313 -0.90657574
vn -0.94520992 -0.058310997 0.32121336
vn -0.92888677 -0.073237993 0.36305031
vn -0.10412265 -0.18328908 -0.97752935
vn -0.010388187 -0.17456011 -0.98459172
vn -0.034885675 -0.27635339 -0.96042269
vn 0.08284191 -0.18144365 -0.97990584
vn 0.10412259 -0.18328924 -0.97752929
vn 0.23123205 -0.46609652 0.85398233
vn -0.23123226 -0.46659243 0.85371137
vn -0.16565673 -0.48787683 0.85704964
vn 0.026874809 -0.13415574 -0.99059576
vn -0.16077845 -0.23044406 -0.95971131
vn -0.27859166 -0.23046443 -0.93234801
vn 0.27859133 -0.23046444 -0.93234813
vn 0.16077863 -0.23044406 -0.95971131
vn 0.1494087 -0.52293277 0.83917719
vn 0.11095127 -0.52213293 0.84561634
vn 0.11095621 -0.52213186 0.84561634
vn -0.15031099 -0.52469581 0.83791465
vn -0.10228392 -0.52339685 0.84592777
vn -0.071244471 -0.54364437 0.83628643
vn -0.10228482 -0.52339667 0.84592777
vn 0.74396557 -0.1557336 0.64981717
vn 0.77085853 -0.1360344 0.62231165
vn -0.75778675 -0.13517295 0.63834745
vn -0.6964007 -0.2119294 0.68564713
vn -0.83277351 -0.14193334 0.53511053
vn -0.98942184 -0.035006195 0.14077996
vn -0.9986763 -0.035589796 0.037135281
vn -0.9953717 -0.088280119 -0.037970636
vn 0.56555587 -0.28699949 0.77316093
vn 0.67402202 -0.20793839 0.70884126
vn -0.87092644 -0.0039464724 -0.49139756
vn -0.85543489 -0.0039426927 -0.5178954
vn 0.86899912 0.0027567286 -0.49480596
vn 0.83029687 -0.015585747 -0.55710334
vn -0.52119488 -0.32481423 0.78920949
vn -0.65135545 -0.20530751 0.73046899
vn 0.94281524 -0.074297659 0.32492957
vn 0.87394238 -0.070285544 0.48092067
vn 0.87326288 -0.071005657 0.48204783
vn 0.34986722 -0.41502699 0.83984852
vn 0.44008037 -0.38897231 0.80933911
vn -0.31075373 -0.43583444 0.84467775
vn -0.41510671 -0.37939915 0.82688737
vn -0.87128347 -0.070578478 0.4856787
vn 0.0039442284 -0.59627092 0.80277359
vn -0.020072095 -0.59615821 0.80261606
vn -0.00084770028 -0.56024784 0.82832462
vn -0.00084234594 -0.56024188 0.82832867
vn -0.012711288 -0.56485164 0.82509458
vn 0.0034930159 -0.56526864 0.82489949
vn 0.026039829 -0.59053802 0.8065896
vn -0.013729591 -0.57937396 0.81494617
vn 0.0038121948 -0.5857529 0.81048071
vn 0.023992127 -0.59036928 0.80677658
vn -0.18111931 -0.28154856 -0.94229835
vn -0.068987481 -0.2734893 -0.95939791
vn 0.068987437 -0.27348939 -0.95939785
vn 0.18111964 -0.28154886 -0.94229823
vn -0.012725298 -0.56483936 0.82510275
vn 0.023997812 -0.59036922 0.80677646
vn -0.014170219 -0.59206992 0.80576199
vn 0.0002933967 -0.59218198 0.80580419
vn -0.54141432 -0.17281097 -0.82280427
vn -0.4544315 -0.22888875 -0.86087281
vn -0.45965332 -0.22246458 -0.85978389
vn -0.58770478 -0.19706096 -0.78471017
vn 0.45541471 -0.22318856 -0.86184937
vn 0.53782851 -0.20781307 -0.81703991
vn -0.61283445 -0.12986469 -0.77946717
vn -0.64729375 -0.14614844 -0.74809855
vn 0.58999723 -0.16124772 -0.79113996
vn 0.61220771 -0.15559509 -0.77523667
vn -0.044140562 -0.57762676 0.81510669
vn 0.16098639 -0.52671039 0.83466136
vn 0.19909593 -0.52791214 0.82563287
vn 0.16098128 -0.5267117 0.83466148
vn 0.12120014 -0.54033577 0.8326751
vn -0.15236747 -0.52706331 0.83605528
vn -0.15236281 -0.5270645 0.83605534
vn -0.19962549 -0.528808 0.82493138
vn -0.11439481 -0.54685843 0.82937306
vn 0.052367114 -0.5676266 0.82161897
vn 0.03298638 -0.58425921 0.81089646
vn 0.057729285 -0.59212267 0.80377734
vn -0.36526957 -0.23987158 -0.8994664
vn 0.36527002 -0.23987152 -0.89946622
vn 0.46304479 -0.22767924 -0.85659307
vn -0.046561636 -0.59129071 0.80511326
vn -0.11908905 -0.61264098 0.78133786
vn 0.018652581 -0.62963718 0.77666539
vn 0.059376117 -0.33004454 -0.94209611
vn -0.036338579 -0.28757051 -0.95706987
vn -0.027710842 -0.28628996 -0.95774221
vn 0.059382141 -0.3300567 -0.94209146
vn -0.059392292 -0.3300299 -0.94210023
vn -0.033114221 -0.27665022 -0.96039999
vn -0.67199993 -0.094490275 -0.73449826
vn -0.69627196 -0.10502615 -0.71005273
vn 0.64707857 -0.12013575 -0.75289887
vn 0.6728738 -0.11239151 -0.73116964
vn 0.31797779 -0.4854182 0.81440735
vn 0.21311697 -0.51943362 0.82750821
vn 0.21310709 -0.51943713 0.82750857
vn 0.17683156 -0.54592413 0.8189612
vn 0.18906151 -0.5370788 0.82207185
vn -0.3132349 -0.48259515 0.81791556
vn -0.19607736 -0.52672631 0.8271113
vn 0.99138814 -0.088842735 0.096210912
vn 0.99419343 -0.016603397 0.10631929
vn 0.95183027 -0.015804896 0.30621776
vn 0.96442389 0.0090643046 0.26420531
vn -0.046582852 -0.59128672 0.80511492
vn -0.083894618 -0.58217508 0.80872363
vn 0.080229938 -0.58759958 0.80516452
vn 0.048171807 -0.5482285 0.83494008
vn -0.98566496 -0.014943605 0.16805136
vn -0.95710713 -0.014502282 0.28937113
vn -0.99970365 -0.023098119 0.0076910718
vn -0.99587852 -0.088325068 0.02060611
vn 0.99973267 -0.023097806 -0.0010491431
vn 0.99600548 -0.08925651 0.0025352458
vn -0.26103157 -0.2911602 -0.92037398
vn -0.38980609 -0.28361058 -0.87613714
vn 0.38980687 -0.28361112 -0.8761366
vn 0.26103112 -0.29116061 -0.92037398
vn 0.04818245 -0.54823411 0.83493584
vn 0.089496478 -0.56548864 0.81988597
vn -0.08888188 -0.57961923 0.81002569
vn -0.081823863 -0.57590848 0.81340903
vn -0.72157729 -0.066414177 -0.68914104
vn -0.73694259 -0.072656281 -0.67203921
vn 0.69493246 -0.087090924 -0.71378148
vn 0.72287166 -0.077627398 -0.68660802
vn -0.085657947 -0.68712479 0.72147226
vn -0.0042295186 -0.62064874 0.78407735
vn -0.029318763 -0.63861549 0.76896727
vn 0.056643598 -0.6436336 0.76323473
vn 0.017098648 -0.62995636 0.77644229
vn -0.056642942 -0.64363402 0.76323444
vn 0.02931842 -0.63861597 0.76896691
vn 0.018345233 -0.3305797 -0.94359976
vn 0.9939006 -0.019001782 0.10863007
vn 0.99981731 -0.019114899 -7.0488486e-06
vn 0.10184277 -0.5980525 0.7949599
vn 0.065332659 -0.58978492 0.80491328
vn -0.081806578 -0.57592618 0.81339824
vn -0.87982178 0.00072739966 -0.47530317
vn -0.89826685 0.00093608035 -0.43944946
vn 0.85739493 -0.010758718 -0.51454657
vn 0.89570338 0.0095225582 -0.4445501
vn -0.088329375 -0.59548378 0.79849672
vn -0.072065055 -0.59273309 0.80216837
vn -0.096408412 -0.36282045 -0.92685854
vn -0.0079039671 -0.34994859 -0.93673557
vn -0.050155543 -0.47148925 -0.88044441
vn 0.10013103 -0.36329967 -0.92627597
vn 0.0964083 -0.36282042 -0.92685854
vn 0.10186273 -0.59805566 0.79495502
vn -0.13875937 -0.59329003 0.79293931
vn -0.2894378 -0.35173804 -0.89022809
vn -0.15701611 -0.34925529 -0.92377847
vn 0.15701649 -0.34925529 -0.92377841
vn 0.28943712 -0.35173804 -0.89022833
vn -0.16194503 -0.62874395 0.76056218
vn -0.02023964 -0.64001006 0.7680999
vn 0.073780499 -0.59347874 0.8014608
vn -0.7716682 -0.047904454 -0.63421875
vn -0.76391882 -0.044899337 -0.64374846
vn 0.73544067 -0.061483882 -0.67479384
vn 0.76489717 -0.050525174 -0.64216781
vn 0.17319275 -0.54177982 0.82248336
vn 0.1731758 -0.54178518 0.82248342
vn -0.21314213 -0.52823484 0.82191145
vn -0.21323562 -0.52820498 0.82190639
vn -0.16699217 -0.54621416 0.82083106
vn -0.21328001 -0.52818751 0.82190603
vn 0.14802296 -0.58713484 0.79584038
vn 0.1481134 -0.58721292 0.79576594
vn 0.99390078 -0.018999932 0.10862877
vn 0.99981731 -0.019113036 -6.8283948e-06
vn -0.99341899 -0.088115707 0.073173352
vn -0.99608928 -0.088352561 -7.4213731e-06
vn 0.14801532 -0.58713102 0.79584461
vn -0.13359 -0.58356839 0.80100036
vn -0.14559977 -0.58975416 0.79434925
vn -0.99830467 2.9949139e-15 -0.05820509
vn -0.9986375 -0.0051762373 -0.051926594
vn -0.99066913 0.0072877184 -0.13609374
vn 0.99830461 -2.9949139e-15 -0.058205485
vn 0.99612528 0.022205945 -0.085096292
vn 0.9738214 -0.019488471 -0.22647756
vn -0.19058433 -0.4375174 -0.87878102
vn -0.069930278 -0.42543811 -0.90228164
vn 0.069930241 -0.42543799 -0.9022817
vn 0.19058466 -0.43751714 -0.87878108
vn 0.42114246 -0.40083954 0.81361336
vn 0.51170462 -0.36682612 0.77691501
vn -0.37872562 -0.42685974 0.82119286
vn -0.48507613 -0.36003157 0.79691803
vn -0.13361341 -0.5835436 0.80101454
vn 0.14802672 -0.58711851 0.79585171
vn 0.7706266 -0.042307116 -0.63588107
vn 0.80243886 -0.029450085 -0.59600717
vn -0.12825833 -0.59535605 0.79315883
vn -0.20844725 -0.59893948 0.77318901
vn 0.27981845 -0.51465565 0.81045121
vn 0.38662019 -0.47517902 0.79039848
vn 0.2798017 -0.51466268 0.81045258
vn 0.27980059 -0.5146634 0.81045246
vn -0.087727465 -0.70567632 0.70308238
vn 0.024089584 -0.70056868 0.71317828
vn -0.024089605 -0.70056862 0.71317828
vn 0.087727226 -0.70567632 0.70308238
vn 0.042723231 -0.67528301 0.73632026
vn -0.27576411 -0.51616794 0.81087899
vn -0.27575147 -0.51617634 0.81087798
vn -0.37647864 -0.47042474 0.79810047
vn -0.23584467 -0.54910016 0.80178946
vn -0.055765901 -0.68858892 0.72300452
vn 0.022600386 -0.51308721 -0.8580389
vn 0.0055251895 -0.48171225 -0.87631202
vn -0.039696623 -0.49102986 -0.87023783
vn -0.022615429 -0.51309431 -0.85803425
vn -0.0055276076 -0.48171172 -0.87631232
vn 0.055500321 -0.68853098 0.7230801
vn -0.055700805 -0.68851924 0.72307581
vn -0.99460655 0.10372005 -1.2640738e-13
vn 0.99270886 -0.12053686 1.2616619e-13
vn -0.99270886 -0.12053686 -1.2616619e-13
vn -0.9945218 0.10452912 -1.263966e-13
vn 0.99452192 0.10452847 1.2639661e-13
vn -0.99841571 0.056267511 -7.4387067e-06
vn -0.99967843 0.023097582 0.010463314
vn 0.99869668 0.051038381 -6.8207414e-06
vn 0.99969435 0.023096966 0.0088145295
vn 0.99591666 0.050896306 0.07456287
vn -0.99782759 0.056234363 0.034318879
vn -0.082307272 -0.65022022 0.75527424
vn -0.24925995 -0.62184119 0.74241704
vn 0.13760765 -0.59776193 0.78977519
vn 0.1481203 -0.60039681 0.78586519
vn -0.38132316 -0.31848219 -0.86784893
vn -0.50875431 -0.30052122 -0.8067565
vn 0.50875473 -0.30052194 -0.80675596
vn 0.38132393 -0.3184827 -0.8678484
vn -0.032916542 -0.70318657 0.71024299
vn 0.055476051 -0.68854702 0.72306669
vn 0.021297861 -0.69171709 0.72185451
vn 0.21697171 -0.59437621 0.77436441
vn 0.79873955 -0.092555836 0.59451538
vn 0.82140571 -0.071115471 0.56589335
vn -0.91925633 0.014073981 -0.39340782
vn 0.91925675 0.014074413 -0.3934069
vn 0.88244605 -0.0080792084 -0.47034422
vn -0.14880745 -0.7008251 0.69763923
vn -0.0024256639 -0.70499027 0.70921284
vn 0.061030131 -0.66102815 0.74787503
vn 0.10311672 -0.681045 0.72494459
vn 0.71863562 -0.1546828 0.67796463
vn -0.022269424 -0.68943429 0.72400582
vn -0.75514162 -0.15683748 0.63652426
vn -0.87128353 -0.070593327 0.48567641
vn -0.80995065 -0.07157933 0.58211368
vn 0.20794323 -0.58371574 0.78487933
vn 0.22135502 -0.59353387 0.77376968
vn -0.20844297 -0.59894025 0.7731896
vn -0.69849789 -0.17966908 0.69269019
vn -0.7310006 -0.15595561 0.66431618
vn -0.59563386 -0.28978378 0.74916333
vn -0.41676378 -0.38514543 -0.82338995
vn -0.27573439 -0.39426225 -0.87665719
vn 0.27573386 -0.39426184 -0.87665755
vn 0.41676396 -0.38514474 -0.82339013
vn -0.99138117 0.051179238 0.12059858
vn -0.99829048 0.051488895 0.027658027
vn -0.99782771 0.056232922 0.034317654
vn -0.019713202 -0.53038269 -0.84752911
vn -0.10633424 -0.54548174 -0.83134991
vn -0.042770874 -0.64442587 -0.76346964
vn 0.10633419 -0.54548156 -0.83135003
vn 0.11935233 -0.54738444 -0.82832682
vn 0.015368804 -0.51317579 -0.85814589
vn -0.01536637 -0.51318073 -0.85814297
vn 0.90432292 0.0071094916 0.42678973
vn 0.90310764 0.005383091 0.42938048
vn -0.9019345 0.0056861215 0.43183538
vn -0.95539069 0.0089438707 0.29520944
vn -0.31508434 -0.48268226 -0.81715339
vn -0.17349555 -0.47996756 -0.85995954
vn 0.17349575 -0.47996759 -0.85995948
vn 0.31508395 -0.48268226 -0.81715357
vn 0.99178094 0.12794772 1.2604826e-13
vn -0.23102817 -0.58261561 0.77922082
vn -0.19008695 -0.57587564 0.79513156
vn 0.20794371 -0.58371586 0.78487909
vn -0.060823362 -0.71513867 0.69633126
vn -0.23920836 -0.69336957 0.67971909
vn 0.12356284 -0.66352069 0.73788381
vn 0.18941799 -0.68189198 0.70650136
vn -0.2401652 -0.55276257 0.79798132
vn -0.015043207 -0.74206573 0.67015833
vn 0.019361075 -0.7804783 0.624883
vn -0.080815881 -0.78097302 0.61931407
vn 0.035993636 -0.77063364 0.63626111
vn -0.019356199 -0.78047621 0.62488574
vn 0.015038691 -0.74206841 0.67015547
vn -0.035993602 -0.77063364 0.63626117
vn 0.080815949 -0.78097308 0.61931401
vn 0.20793281 -0.58372843 0.78487265
vn -0.24008432 -0.55286145 0.79793715
vn 0.20804903 -0.58353585 0.78498501
vn -0.28684905 -0.59392494 0.75164539
vn -0.2151515 -0.5961982 0.77347112
vn 0.29700461 -0.59115583 0.74988198
vn 0.20189464 -0.59479415 0.77811211
vn -0.13693266 -0.77466863 0.61736369
vn 0.014579902 -0.7720632 0.63537848
vn -0.014579888 -0.77206326 0.63537848
vn 0.13693278 -0.77466857 0.61736381
vn 0.083964005 -0.74988586 0.65621734
vn 0.99458396 0.070572078 0.076304503
vn 0.96071029 0.067587554 0.26919809
vn 0.96972793 0.094322592 0.22523537
vn -0.15672912 -0.43424377 -0.88705599
vn 0.21496879 -0.59296739 -0.77600133
vn 0.089226522 -0.58014929 -0.80960816
vn -0.34941941 -0.60371697 0.71654165
vn -0.16423145 -0.65398157 0.73846877
vn 0.21865091 -0.59654987 0.77221757
vn -0.98641276 0.071305335 0.14800481
vn -0.9655602 0.069430448 0.25074479
vn 0.00071706384 -0.67450458 -0.73827028
vn -0.052397646 -0.66723549 -0.74300158
vn -0.0099555403 -0.65787315 -0.75306296
vn -0.00071716466 -0.67450464 -0.73827022
vn 0.0099561522 -0.65787333 -0.75306278
vn -0.99836111 0.056262981 0.010469085
vn 0.99865788 0.051035855 0.0088179773
vn 0.99406987 0.050801389 0.096147105
vn -0.99836093 0.05626554 0.010468685
vn -0.98861557 0.14723089 -0.031020658
vn 0.98875278 0.1472511 -0.026174
vn 0.98783243 0.15256479 -0.030183502
vn 0.99865788 0.051036101 0.0088179391
vn 0.46416193 -0.45814493 0.75806129
vn 0.35488141 -0.50116211 0.78923744
vn 0.35489038 -0.50115764 0.78923625
vn 0.35487527 -0.50116706 0.78923708
vn 0.35487878 -0.5011645 0.78923708
vn -0.35668808 -0.5002628 0.78899348
vn -0.35668173 -0.50026661 0.78899395
vn -0.44594663 -0.452057 0.77251279
vn -0.30844671 -0.53717691 0.78504878
vn -0.35670233 -0.50025254 0.7889936
vn -0.58116823 -0.26460671 -0.76956272
vn -0.65999466 -0.30692095 -0.68571615
vn -0.52815789 -0.3425346 -0.77699375
vn -0.49017164 -0.3894335 -0.77979052
vn 0.57159966 -0.33222252 -0.75026798
vn 0.49932322 -0.34870544 -0.79314613
vn -0.94315809 0.0053229164 -0.33230174
vn -0.91290528 0.0040053125 -0.40815184
vn 0.91290522 0.0040050256 -0.40815195
vn 0.94315749 0.0053225933 -0.33230343
vn -0.41229346 -0.40136409 -0.81787586
vn 0.41229346 -0.40136409 -0.81787586
vn 0.54846942 -0.37802407 -0.74584121
vn -0.036993012 -0.78125054 0.62312043
vn -0.22623605 -0.76690274 0.60056424
vn 0.10782082 -0.73262304 0.67204028
vn 0.1704675 -0.75254089 0.63609987
vn -0.64643729 -0.19583051 -0.73740709
vn -0.70649201 -0.225338 -0.67088878
vn 0.6438086 -0.24649169 -0.7243979
vn 0.66587776 -0.23942302 -0.70659989
vn -0.45506081 -0.48749703 -0.74516195
vn -0.30828688 -0.50090486 -0.80873579
vn 0.30828667 -0.50090438 -0.80873615
vn 0.45506048 -0.48749641 -0.74516255
vn 0.49728855 -0.37736467 0.78121698
vn 0.5863198 -0.33498764 0.73757195
vn -0.55880135 -0.33126387 0.7602666
vn -0.45222098 -0.40941298 0.79238701
vn -0.14007857 -0.70967698 -0.6904611
vn -0.036470238 -0.69286525 -0.72014421
vn 0.12853025 -0.70821059 -0.69420296
vn 0.14395012 -0.71014541 -0.68918204
vn -0.031924494 -0.79081035 -0.61122811
vn 0.053473208 -0.7795108 0.62410218
vn -0.053492099 -0.77950406 0.62410903
vn -0.34765816 -0.67272323 0.6531288
vn -0.14824143 -0.71905243 0.67896104
vn 0.21085799 -0.66122466 0.71994501
vn 0.29301363 -0.66994619 0.68214005
vn -0.69828695 -0.14176975 -0.70163852
vn -0.74227822 -0.16179612 -0.6502654
vn 0.69930261 -0.17801012 -0.69230646
vn 0.70677185 -0.17531271 -0.68537509
vn 0.017443867 -0.6743933 -0.73816627
vn -0.017443703 -0.67439502 -0.73816466
vn -0.35278076 -0.60757881 -0.71161348
vn -0.19638231 -0.60817361 -0.76912862
vn 0.14501029 -0.72271949 -0.67575777
vn 0.31501558 -0.60930002 -0.72768033
vn 0.35278094 -0.60757929 -0.71161294
vn -0.99812174 0.056252059 0.024262717
vn 0.99406987 0.050801631 0.096146934
vn -0.12700747 -0.8478598 0.51478428
vn 0.032983087 -0.83946145 0.54241735
vn -0.032983176 -0.83946145 0.54241735
vn 0.12700734 -0.84785974 0.5147844
vn -0.0039149188 -0.80512381 0.59309387
vn 0.05348945 -0.77950186 0.62411195
vn 0.0020166985 -0.80356771 0.59520996
vn -0.28673393 -0.59400547 0.75162566
vn 0.29701212 -0.59115052 0.74988323
vn -0.33807588 -0.55556387 0.75964034
vn -0.74025947 -0.10054107 -0.66476119
vn -0.77088046 -0.11359847 -0.62676847
vn 0.74267203 -0.12512647 -0.65786141
vn 0.7399528 -0.12619597 -0.66071504
vn -0.012312271 -0.84660453 0.53208005
vn -0.21148144 -0.83936 0.50074989
vn 0.14793521 -0.82260317 0.54903477
vn 0.012312282 -0.84660453 0.53208005
vn 0.21148162 -0.83935982 0.50075001
vn 0.3373903 -0.55023634 0.76381135
vn 0.046649579 -0.82286626 -0.56631696
vn 0.23864123 -0.72865844 -0.64195579
vn -0.34069589 -0.74399263 0.57480544
vn -0.12737562 -0.78511924 0.60610497
vn 0.19917145 -0.72893971 0.65496385
vn 0.28152367 -0.74001706 0.61083484
vn -0.010275749 -0.8102473 -0.58599806
vn -0.016830187 -0.80252051 -0.59638709
vn -0.068192884 -0.81249183 -0.57897037
vn 0.010275829 -0.81024688 -0.58599865
vn 0.010284669 -0.81023657 -0.58601272
vn 0.018416092 -0.80286473 -0.59587675
vn 0.0050641638 -0.78060752 0.62500101
vn 0.31067827 -0.58596736 0.74841249
vn 0.38191432 -0.57607007 0.72269273
vn 0.022588836 -0.86362922 0.50362116
vn -0.022590786 -0.86363256 0.50361538
vn -0.33806804 -0.55557466 0.75963598
vn 0.69001681 -0.20889239 0.69299412
vn 0.746171 -0.13491856 0.65194005
vn 0.79186845 -0.093050085 0.6035611
vn 0.8462823 -0.020418737 0.53234327
vn 0.86412334 0.0019410205 0.50327641
vn -0.80883867 -0.092469893 0.58071452
vn -0.77278441 -0.095063813 0.6275087
vn -0.85459375 0.00047642266 0.51929688
vn -0.90187222 0.0065462701 0.43195328
vn -0.79514378 -0.077735476 -0.60141796
vn -0.77548927 -0.069798104 -0.62749076
vn 0.76782048 -0.08947356 -0.63438642
vn 0.77793515 -0.085223764 -0.62253821
vn -0.16064487 -0.84822065 -0.50469297
vn -0.15682147 -0.83662826 -0.52484298
vn -0.057635114 -0.82475263 -0.56254888
vn -0.021313805 -0.90166169 -0.43191651
vn 0.17370076 -0.8377099 -0.51775497
vn -0.012133228 -0.88324869 0.46874785
vn -0.029327193 -0.87666839 0.48020044
vn 0.012130748 -0.88324958 0.46874622
vn 0.029327221 -0.87666833 0.4802005
vn -0.98552191 0.13728793 0.099491507
vn -0.99033499 0.13817044 -0.012063359
vn -0.97718507 0.19923402 0.073587283
vn -0.45673397 -0.48227626 -0.74753171
vn -0.58832961 -0.45315444 -0.66971582
vn 0.45673367 -0.48227561 -0.74753237
vn 0.58832985 -0.45315346 -0.6697163
vn -0.94865125 0.010008941 -0.31616557
vn -0.97023338 -0.0019668005 -0.24216382
vn 0.96377462 0.024494497 -0.26559073
vn -0.42398542 -0.41545451 -0.80475706
vn 0.3555752 -0.60137463 -0.71548223
vn 0.50075555 -0.58036453 -0.64220005
vn 0.9858703 0.15226175 0.069829524
vn 0.98555821 0.15721251 0.062922545
vn -0.32865146 -0.81442904 0.47821912
vn -0.10294081 -0.84974051 0.51705343
vn 0.1845492 -0.79793209 0.57379955
vn 0.26370806 -0.8099196 0.52391636
vn 0.012350197 -0.90778345 0.41925734
vn -0.19588825 -0.90568644 0.37597862
vn -0.012350173 -0.90778345 0.41925731
vn 0.19588868 -0.90568638 0.3759785
vn 0.92516017 0.089163862 0.36895594
vn 0.92369908 0.086194739 0.37329671
vn -0.018857183 -0.81013614 -0.58593839
vn 0.52431405 -0.42636186 0.73709589
vn 0.44386956 -0.47457963 0.76010132
vn 0.44384459 -0.47459459 0.76010656
vn 0.40616173 -0.64266235 0.64962894
vn 0.25474915 -0.71007949 0.65642214
vn 0.46245548 -0.63610262 0.61766362
vn -0.33246672 -0.59967196 0.72791445
vn -0.25474912 -0.71007991 0.65642172
vn -0.46245623 -0.63610268 0.61766303
vn -0.40616158 -0.64266258 0.64962882
vn -0.39065894 -0.51466215 0.76322246
vn -0.44803426 -0.47257251 0.75890744
vn -0.5206303 -0.42588183 0.73997885
vn -0.92322874 0.08652503 0.37438235
vn -0.96209919 0.093384132 0.25621197
vn -0.013732398 -0.86377227 0.50369525
vn 0.013739069 -0.86377025 0.50369853
vn -0.41934454 -0.70941824 -0.56645912
vn -0.25368094 -0.72215259 -0.64353836
vn 0.17392565 -0.83301187 -0.52520579
vn 0.37247017 -0.71560013 -0.59091663
vn 0.39721486 -0.71260709 -0.57828325
vn 0.024772588 -0.89964956 -0.43590939
vn -0.33767045 -0.7627216 -0.55157447
vn -0.024773387 -0.8996489 -0.43591073
vn 0.33777377 -0.76267523 -0.55157536
vn -0.97966927 0.19974051 0.018756997
vn 0.057516653 -0.91356337 -0.40260881
vn -0.057504136 -0.91355932 -0.40261978
vn -0.084890515 -0.9181034 -0.38714302
vn -0.01364567 -0.90843081 -0.4178125
vn -0.065127261 -0.95669532 -0.28371194
vn 0.12338729 -0.92100805 -0.3694858
vn 0.38192841 -0.57606333 0.72269058
vn -0.37803459 -0.57930291 0.72214818
vn -0.16067609 -0.83227277 -0.53057069
vn -0.28835219 -0.83217376 -0.47364524
vn 0.07021521 -0.91758627 -0.39128673
vn 0.2857112 -0.83234388 -0.47494504
vn 0.021683821 -0.93389332 0.35689366
vn -0.021692552 -0.93389237 0.35689566
vn -0.8081004 -0.055581529 -0.5864166
vn 0.79242074 -0.06256751 -0.60675752
vn 0.80809981 -0.055581804 -0.58641738
vn -0.31194186 -0.87922144 0.36008599
vn -0.076697655 -0.90940553 0.40877748
vn 0.2401236 -0.87576729 0.41877472
vn 0.076697506 -0.90940559 0.40877736
vn 0.31194201 -0.87922162 0.36008543
vn -0.020526577 -0.94217068 0.33450428
vn 0.04313463 -0.95522171 0.29273015
vn -0.028276864 -0.94541466 0.3246406
vn -0.14326198 -0.97171974 0.18771449
vn 0.0012509146 -0.94671905 0.32205814
vn 0.020526597 -0.94217068 0.33450431
vn 0.028276891 -0.94541466 0.3246406
vn -0.24304286 -0.77436072 0.58420515
vn -0.46514428 -0.70129925 0.54020387
vn 0.24304265 -0.77436048 0.58420551
vn 0.46514493 -0.70129842 0.54020429
vn -0.061958089 -0.93580329 0.34703517
vn -0.03563416 -0.9591347 0.28069711
vn 0.17966378 -0.95816451 0.22280411
vn -0.083701313 -0.91897112 -0.38533902
vn -0.18630135 -0.92288208 -0.33701697
vn -0.0096335206 -0.97085428 -0.23947695
vn 0.20589095 -0.92226672 -0.32715899
vn 0.96110326 0.15209523 0.23053765
vn 0.9660691 0.18022926 0.18500799
vn -0.99939275 -2.3504931e-06 -0.034844194
vn 0.99939275 -2.3504904e-06 -0.034844909
vn 0.99412471 -0.021595497 -0.10606431
vn 0.57655364 -0.34338909 0.7413972
vn 0.66196513 -0.29243132 0.69013482
vn 0.45463303 -0.54184717 0.70690203
vn 0.42677069 -0.54190719 0.72401893
vn -0.4371613 -0.53317779 0.72430062
vn -0.97936052 0.15733388 0.12688209
vn -0.96529531 0.15440309 0.21062924
vn -0.52973437 -0.38232917 0.75710362
vn -0.63444406 -0.29194361 0.71571618
vn 0.0892713 -0.97561121 -0.20053293
vn -0.057486556 -0.91357303 -0.40259117
vn -0.035013422 -0.97129995 -0.23526686
vn -0.030851413 -0.9709357 -0.23734368
vn 0.057501238 -0.91357535 -0.40258372
vn -0.039443783 -0.96160424 -0.27159065
vn -0.29111755 -0.93150914 0.21803969
vn -0.050504114 -0.95909297 0.27854979
vn 0.050504174 -0.95909297 0.27854976
vn 0.2911166 -0.93150944 0.21803971
vn 0.02242779 -0.97927594 -0.20128497
vn -0.22587997 -0.8376379 0.49733391
vn -0.46129766 -0.76636875 0.44708326
vn 0.22588016 -0.83763772 0.49733406
vn 0.46129802 -0.76636833 0.44708353
vn 0.45463875 -0.54184622 0.70689905
vn -0.45794323 -0.54098684 0.70542276
vn -0.42425457 -0.54605025 0.72238302
vn -0.084370255 -0.97834855 0.1889862
vn -0.026197836 -0.9747864 -0.22159693
vn -0.10138299 -0.97790152 -0.18283916
vn -0.064468719 -0.9948585 -0.07810472
vn 0.14217061 -0.97664416 -0.16110137
vn 0.084263422 -0.9783622 0.18896322
vn -0.084370732 -0.97834867 0.18898541
vn -0.015224435 -0.98895466 0.14743431
vn -0.0096511189 -0.98773736 0.15582603
vn 0.0096511282 -0.98773736 0.15582605
vn -0.00039769674 -0.98528618 0.17091221
vn 0.084263489 -0.9783622 0.18896326
vn -0.049321547 -0.98230773 0.18066229
vn -0.071346439 -0.98548675 0.15403108
vn 0.16168104 -0.98596132 0.041707914
vn -0.055124968 -0.99188596 0.11455765
vn 0.0021422941 -0.98184955 0.18964946
vn 0.51065093 -0.55443323 -0.6571449
vn 0.33294788 -0.80769831 -0.48658928
vn 0.54381615 -0.64088386 -0.54178578
vn -0.30670911 -0.81023967 -0.49944088
vn -0.35561931 -0.80491191 -0.47502819
vn 0.42931327 -0.79185122 -0.43435213
vn 0.20833573 -0.90934116 -0.36013174
vn -0.58698636 -0.53367054 -0.60880435
vn -0.62167424 -0.26717374 -0.73630106
vn -0.65336454 -0.51028025 -0.55922168
vn 0.65813828 -0.50837827 -0.55534273
vn 0.58493114 -0.46616992 -0.66373277
vn -0.32636604 -0.89711773 -0.29776666
vn -0.20425573 -0.90946943 -0.3621394
vn 0.33105287 -0.89627779 -0.29511037
vn 0.096437216 -0.9729234 -0.21004736
vn -0.0014224116 -0.99916047 -0.04094271
vn -0.040649224 -0.9989984 -0.018705286
vn 0.02439047 -0.9997009 0.0017850638
vn -0.024393693 -0.99970084 0.001787583
vn 0.0014224867 -0.99916047 -0.040942669
vn 0.015099198 -0.99988443 0.0017823584
vn -0.015098982 -0.99988443 0.0017837526
vn -0.13450766 -0.97166413 0.19436187
vn 0.026476257 -0.99180335 0.1250003
vn 0.26632294 -0.96246654 0.052251644
vn -0.21401711 -0.96586287 -0.14596449
vn -0.11422607 -0.97298008 -0.20065433
vn 0.23756349 -0.96228588 -0.13254991
vn 0.0058648791 -0.99874759 -0.049687944
vn -0.046066776 -0.99859279 -0.02627412
vn -0.83034712 -0.015773421 -0.55702317
vn 0.83034652 -0.015773704 -0.55702406
vn -0.20400557 -0.89642829 0.39344385
vn -0.45021248 -0.82735771 0.33583921
vn 0.20400538 -0.89642841 0.39344373
vn 0.4502143 -0.82735711 0.33583829
vn -0.11778752 -0.99291337 0.015783731
vn -0.65789092 -0.32445943 -0.67963636
vn 0.63545591 -0.44944394 -0.62785023
vn 0.47713178 -0.55004495 0.68541652
vn 0.44437915 -0.55935389 0.69975024
vn -0.45794049 -0.5409916 0.70542085
vn -0.1473854 -0.9888705 -0.020313747
vn -0.46651223 -0.55483329 0.68885869
vn -0.56046635 -0.53076851 0.63573754
vn -0.37002397 -0.62807703 0.68454474
vn 0.41236746 -0.56518596 0.71450531
vn -0.97966915 0.19974123 0.01875747
vn -0.97820985 0.19944371 -0.057685766
vn 0.98802781 0.15259512 -0.022711914
vn 0.98587024 0.15226224 0.069829151
vn -0.17869186 -0.94599378 0.27049017
vn -0.43155316 -0.87857366 0.20462213
vn 0.17869212 -0.94599384 0.27048996
vn 0.43155277 -0.87857389 0.20462187
vn -0.23862591 -0.97047514 0.035153039
vn -0.24831709 -0.95003283 -0.18914603
vn 0.12392528 -0.99169612 -0.034370359
vn -0.70171601 -0.30787835 -0.64249945
vn 0.75627512 -0.30993637 -0.57618344
vn 0.69882447 -0.33581144 -0.63156557
vn -0.57504612 -0.585352 0.5715636
vn -0.3720583 -0.68629336 0.62495923
vn 0.42195001 -0.62095284 0.66058743
vn 0.52399164 -0.59989429 0.60461527
vn -0.15154079 -0.98019981 0.12745087
vn -0.40525866 -0.91265267 0.053202737
vn 0.15154059 -0.98019981 0.12745106
vn 0.40525812 -0.91265285 0.053203307
vn 0.47712144 -0.55004913 0.68542039
vn -0.48082435 -0.54918683 0.68352157
vn 0.37150058 -0.92120504 -0.11562239
vn -0.35997093 -0.92484403 -0.12281881
vn -0.36070991 -0.86742139 -0.34273678
vn 0.24385332 -0.95068145 -0.19167776
vn 0.54016995 -0.43673041 0.71936285
vn 0.60116696 -0.39024118 0.69735938
vn 0.54053056 -0.43646961 0.71925032
vn 0.47676751 -0.48280531 0.73456913
vn -0.47958508 -0.48017329 0.73446018
vn -0.47958457 -0.48017386 0.73446012
vn -0.60087937 -0.39053732 0.69744146
vn -0.5549705 -0.61640924 -0.55861199
vn -0.48339689 -0.83345497 -0.26773167
vn -0.48331389 -0.84227568 -0.23870349
vn 0.55497092 -0.61640835 -0.55861259
vn 0.4805375 -0.83449757 -0.26962471
vn 0.49094397 -0.83064157 -0.26269493
vn -0.5860734 -0.64134353 0.49517316
vn -0.37115502 -0.74565363 0.55339372
vn 0.53074801 -0.65793407 0.53425586
vn 0.37115404 -0.74565399 0.5533939
vn 0.58607477 -0.64134264 0.49517262
vn -0.74341196 -0.19054429 -0.64111739
vn -0.75474077 -0.19595689 -0.62607288
vn 0.78948462 -0.2129917 -0.57562888
vn 0.74341196 -0.19054429 -0.64111739
vn 0.80708295 -0.065794379 0.58676076
vn 0.84450722 -0.020761264 0.53514159
vn -0.85496652 -0.019376358 0.51832122
vn -0.82810009 -0.024551922 0.56004238
vn -0.76757926 -0.13309063 0.62698406
vn 0.88392895 0.059612688 0.46380591
vn 0.89659292 0.081867583 0.43522269
vn -0.27744025 -0.96029609 -0.029297497
vn 0.27743956 -0.96029627 -0.02929729
vn -0.59109169 -0.69717562 0.40565601
vn -0.36453748 -0.8045733 0.46880084
vn 0.36453748 -0.8045733 0.46880084
vn 0.59109026 -0.69717652 0.40565652
vn -0.81137264 -0.091779083 -0.57727897
vn -0.86186266 -0.027042639 -0.5064202
vn -0.84027529 -0.038477585 -0.54079282
vn 0.86186326 -0.027042337 -0.5064193
vn 0.82322466 -0.046950627 -0.56577098
vn -0.88917881 0.079778522 0.4505513
vn -0.92296332 0.088373013 0.37460497
vn 0.72376662 -0.1878031 0.66399688
vn 0.78690481 -0.12972049 0.60328549
vn 0.6794911 -0.24239029 0.69248736
vn 0.93501621 -0.35460499 1.1883387e-13
vn -0.93501621 -0.35460499 -1.1883387e-13
vn -0.67949551 -0.24302559 0.69226038
vn -0.76335335 -0.13363141 0.63200819
vn -0.67880338 -0.56756783 -0.46593216
vn -0.6851908 -0.36892143 -0.62802112
vn -0.68682832 -0.59769619 -0.41355309
vn 0.6788038 -0.56756669 -0.46593291
vn -0.58844692 -0.75025666 0.30140537
vn -0.35165781 -0.86019558 0.36932424
vn 0.58844787 -0.75025624 0.30140451
vn 0.35165751 -0.86019576 0.369324
vn -0.96786863 0.24379756 0.061588213
vn -0.96592873 0.25776801 0.023180101
vn -0.30738193 -0.9439593 0.12023794
vn -0.52296853 -0.84555602 -0.10741948
vn 0.30738258 -0.94395906 0.12023837
vn 0.52297086 -0.84555447 -0.10742024
vn -0.57679337 -0.79656518 0.18108931
vn -0.33243978 -0.90844601 0.25339618
vn 0.33244151 -0.90844548 0.25339577
vn 0.57679206 -0.79656601 0.18108979
vn -0.55513149 -0.83058137 0.044313479
vn 0.55513251 -0.83058065 0.04431425
vn 0.54383546 -0.49735469 0.67592996
vn -0.77646965 -0.17562497 -0.60518658
vn 0.77646965 -0.17562497 -0.60518658
vn -0.41335574 -0.89226717 -0.18164887
vn 0.51840854 -0.84793764 -0.1106994
vn 0.6171602 -0.65500027 -0.43599078
vn 0.93512982 0.17447026 0.30837056
vn 0.93383378 0.17010553 0.31467223
vn -0.54517078 -0.49393678 0.67735904
vn -0.9338913 0.1705841 0.31424212
vn -0.95995241 0.17870766 0.21576598
vn 0.65673167 -0.29780963 0.69282967
vn 0.73615485 -0.23833025 0.63346249
vn -0.70963514 -0.24109077 0.66203713
vn -0.60937846 -0.34452981 0.71411282
vn -0.62746871 -0.73764563 -0.2493231
vn -0.54187167 -0.77971274 -0.31372458
vn 0.96752489 0.2526226 0.0087980563
vn 0.96654862 0.25236768 0.045763697
vn 0.96846104 0.24232143 0.057996236
vn -0.78639811 -0.32019338 -0.52825582
vn -0.44689545 -0.89392924 -0.034278255
vn 0.67155963 -0.67406255 -0.30764806
vn 0.5381456 -0.84226537 0.031438734
vn -0.95180756 0.30669591 -1.2096793e-13
vn -0.95105666 0.30901647 -1.208725e-13
vn 0.95105648 0.30901706 1.2087247e-13
vn -0.81801158 -0.10633829 -0.56528687
vn -0.79846007 -0.098016076 -0.59401542
vn 0.81801182 -0.10633784 -0.56528658
vn 0.79846072 -0.098015785 -0.59401464
vn 0.95263344 0.23673235 0.1909118
vn 0.95319384 0.26571551 0.14428033
vn -0.9922837 -0.0044588163 -0.12390816
vn -0.97778165 0.0079076942 -0.20947666
vn 0.95568967 -0.017758414 -0.29383996
vn 0.98778456 0.024504609 -0.15388697
vn -0.87032449 -0.01634668 -0.49220735
vn -0.88461846 -0.01562771 -0.46605355
vn 0.87032503 -0.016346371 -0.49220639
vn 0.8846187 -0.01562741 -0.46605313
vn -0.95597392 0.23938586 0.16973013
vn -0.54517519 -0.49392912 0.67736107
vn 0.54384512 -0.49733812 0.67593437
vn -0.64675444 -0.64127535 -0.41288579
vn -0.70806992 -0.60756177 -0.35986906
vn 0.64675444 -0.64127535 -0.41288579
vn -0.4732123 -0.87502259 0.10200789
vn -0.66499579 -0.73915642 -0.10690365
vn 0.55008215 -0.8196196 0.1601042
vn 0.71519279 -0.67541641 -0.1797552
vn -0.54517508 -0.49392948 0.67736095
vn 0.54383785 -0.49735472 0.675928
vn -0.49154505 -0.84136456 0.22469784
vn -0.69073516 -0.72262239 0.026492899
vn 0.56524795 -0.77497804 0.28267258
vn 0.64424729 -0.76188308 0.066929951
vn -0.57824266 -0.79614115 -0.17831062
vn -0.57027191 -0.56855637 0.59290272
vn -0.68225336 -0.52117795 0.51274151
vn -0.49625906 -0.64575094 0.58028674
vn 0.56324613 -0.5709883 0.5972656
vn 0.49625772 -0.64575171 0.58028698
vn 0.68225598 -0.52117568 0.51274031
vn -0.6963194 -0.56774896 0.43909043
vn -0.50246859 -0.69809735 0.51008379
vn 0.69631696 -0.56775069 0.43909207
vn 0.50246757 -0.69809759 0.51008439
vn -0.50196451 -0.79813993 0.33317307
vn -0.70527858 -0.69327271 0.14817242
vn 0.5019632 -0.79814059 0.33317342
vn 0.94404393 0.32981968 1.1998123e-13
vn -0.73867542 -0.5172146 -0.4322589
vn -0.74107128 -0.41910908 -0.52455783
vn -0.81581318 -0.46282464 -0.34675953
vn 0.77227962 -0.46079808 -0.43732056
vn 0.74585497 -0.39268452 -0.53805131
vn -0.7062698 -0.61303622 0.35407555
vn -0.50519419 -0.74942225 0.42795455
vn 0.50519514 -0.74942201 0.4279539
vn 0.70627099 -0.61303556 0.35407448
vn -0.70990205 -0.65561926 0.2572985
vn 0.70990205 -0.65561926 0.2572985
vn 0.56937474 -0.43913791 0.69496065
vn 0.68237078 -0.34364223 0.64519775
vn 0.56935692 -0.43915334 0.69496548
vn 0.56936687 -0.43914565 0.6949622
vn -0.57613748 -0.43090674 0.69453943
vn -0.57614434 -0.4308964 0.69454014
vn -0.57614046 -0.43090031 0.69454092
vn -0.67511547 -0.3441731 0.65250593
vn 0.84831041 -0.072485991 -0.52451426
vn -0.97966778 0.19974774 0.018757828
vn -0.97763133 0.19933252 0.067108572
vn 0.96752417 0.25262535 0.008798209
vn 0.96654797 0.25237045 0.045761596
vn -0.74866092 -0.62009329 -0.23450185
vn -0.60669273 -0.7934835 -0.048040431
vn -0.74964792 -0.61928898 -0.23347184
vn 0.78166318 -0.41913429 -0.46187568
vn 0.75196594 -0.61738706 -0.23104203
vn -0.97967005 0.19973655 0.018757828
vn -0.97763312 0.19932126 0.067115881
vn 0.96752483 0.25262287 0.008798209
vn 0.96654856 0.25236797 0.045763236
vn -0.92895085 0.36900988 -0.029699003
vn -0.93887866 0.34390855 -0.01529129
vn 0.93871903 0.34385052 -0.023944728
vn 0.93630636 0.34981966 -0.03092902
vn 0.93630648 0.34981939 -0.030928856
vn -0.77682561 -0.39873397 -0.48739427
vn 0.83986741 -0.3334423 -0.42829779
vn 0.78973645 -0.23799278 -0.56539881
vn -0.91699636 -0.0099991849 -0.39877018
vn -0.90216726 -0.0044272174 -0.43136367
vn 0.91316867 0.0031307722 -0.40756986
vn 0.85847527 0.013918835 0.51266611
vn 0.88627321 0.060394768 0.45920831
vn -0.89093888 0.061321098 0.44996405
vn -0.82592916 -0.061848748 0.5603711
vn -0.87310934 0.055389833 0.48436767
vn -0.77820385 -0.61780542 -0.11276184
vn -0.6262899 -0.77611649 0.073513001
vn 0.79333758 -0.11907785 0.59702253
vn 0.84590948 -0.055723779 0.53040737
vn -0.82545936 -0.061970711 0.56104946
vn -0.75221241 -0.18362115 0.63281894
vn 0.90919137 0.14587617 0.38998875
vn 0.91674054 0.1669344 0.36293215
vn -0.91144294 0.16461381 0.37705982
vn -0.93325156 0.17349006 0.31455156
vn 0.66124851 -0.4434945 0.60503143
vn -0.66615385 -0.43357396 0.60683823
vn -0.71412748 -0.67626357 -0.18080236
vn 0.77130973 -0.62491798 -0.12066003
vn 0.82228261 -0.43144301 -0.37109065
vn -0.79700601 -0.60396749 0.0021627743
vn -0.63723457 -0.74824572 0.18455461
vn 0.79700691 -0.60396636 0.0021615399
vn 0.63723457 -0.74824572 0.18455461
vn 0.65753233 -0.44370651 0.6089136
vn 0.66254485 -0.44134724 0.60518342
vn 0.65803641 -0.44346669 0.60854363
vn -0.67286873 -0.43348825 0.59944606
vn -0.66347116 -0.43812925 0.60650539
vn 0.80576599 -0.17222868 0.56663787
vn 0.73506898 -0.23969676 0.63420743
vn 0.93330187 0.26141214 0.24619366
vn 0.93265975 0.25559476 0.25459212
vn -0.68880826 -0.29507339 0.66217434
vn -0.7813738 -0.17804679 0.59812564
vn -0.93302542 0.25628692 0.25254819
vn -0.94862527 0.26385549 0.17461506
vn -0.8061927 -0.58159882 0.10861002
vn -0.64052159 -0.71329331 0.28450793
vn 0.64052266 -0.71329272 0.28450698
vn 0.8061927 -0.58159882 0.10861002
vn -0.92875504 0.3689321 0.036099114
vn 0.84299332 -0.37462461 -0.38602933
vn -0.80732012 -0.55303735 0.20587359
vn -0.6377266 -0.67369139 0.37342301
vn 0.63772422 -0.67369258 0.37342492
vn 0.80732119 -0.55303627 0.20587227
vn -0.85187364 -0.20076552 -0.48374009
vn -0.82894522 -0.21551029 -0.51614451
vn 0.82894552 -0.21551012 -0.5161441
vn -0.81550264 -0.53587753 -0.21861076
vn -0.78694975 -0.61692816 -0.0104763
vn 0.78306532 -0.6217525 -0.015249154
vn 0.85566497 -0.43565226 -0.27936465
vn 0.80215615 -0.51988995 0.29370049
vn 0.63093865 -0.63093317 0.45148614
vn -0.78257817 -0.54245341 0.3054761
vn -0.66318506 -0.56635654 0.48931158
vn 0.94425994 0.32535318 0.050183859
vn 0.93514317 0.32040831 0.15114798
vn 0.93110204 0.34963399 0.10394754
vn -0.81863648 -0.45232195 -0.35389146
vn -0.8612287 -0.48423922 -0.15426438
vn -0.75084579 -0.51425821 0.41445035
vn -0.65392417 -0.46974593 0.59306151
vn 0.79267347 -0.48312458 0.37183246
vn 0.76323414 -0.50553656 0.402376
vn 0.74208897 -0.51058596 0.43428779
vn 0.65392351 -0.46974626 0.59306192
vn -0.9444927 0.32764885 0.024078693
vn -0.93749517 0.32324573 0.12889917
vn 0.75509906 -0.28590417 0.58998662
vn 0.66015255 -0.38317117 0.64604831
vn 0.66016424 -0.38316014 0.64604294
vn -0.67722505 -0.36527693 0.63870102
vn -0.62541944 -0.43318391 0.64900094
vn -0.74931973 -0.287135 0.59671891
vn 0.93646806 0.34987977 0.024731863
vn -0.69161135 -0.44980758 0.56510782
vn -0.67286795 -0.43349114 0.59944481
vn 0.64984447 -0.47178051 0.59592396
vn 0.69206411 -0.4432686 0.56970191
vn -0.7501592 -0.66021764 0.037064925
vn 0.88156211 -0.43244585 -0.18931141
vn 0.78785145 -0.61015463 0.083674423
vn -0.92933315 0.36916158 0.0077227368
vn -0.92932892 0.36915991 -0.0082874866
vn 0.93646801 0.34988007 0.02473164
vn -0.89065731 -0.38139299 -0.2475256
vn -0.84658629 -0.34855345 -0.40224639
vn 0.8878969 -0.36901864 -0.27470782
vn 0.85261607 -0.26387995 -0.45101357
vn -0.79333258 -0.58006853 0.18478082
vn -0.85609561 -0.51653457 -0.017097488
vn 0.78673995 -0.59187478 0.17528407
vn 0.90052503 -0.42243257 -0.10298261
vn 0.69205815 -0.44327414 0.56970477
vn -0.71033961 -0.43217701 0.55555439
vn -0.9982385 0.016815986 -0.056895833
vn 0.99939275 -2.3906766e-06 -0.034844857
vn 0.98321259 -0.022735974 -0.18104166
vn 0.99701542 0.010620276 -0.076468542
vn 0.75921971 -0.3718366 0.53415632
vn 0.89671028 0.10261041 0.43055981
vn 0.91419214 0.14843768 0.37711939
vn 0.85376453 -0.037953552 0.51927418
vn 0.89342755 0.028559849 0.44829851
vn -0.91441631 0.14791307 0.37678182
vn -0.87402707 0.019417364 0.48548904
vn -0.90455496 0.14288436 0.40170187
vn -0.81861973 -0.11193956 0.56332159
vn -0.87697178 0.020650739 0.48009792
vn -0.79612285 -0.50774449 0.32921717
vn -0.84742659 -0.51849025 0.11417536
vn 0.78109294 -0.56810367 0.25913712
vn 0.9136135 -0.40598857 -0.021991648
vn -0.93300265 0.0026781831 -0.35985947
vn -0.95278752 -0.0057015605 -0.30358428
vn 0.94716501 0.01531041 -0.32038102
vn 0.90616781 -0.017860025 -0.42254102
vn 0.92009306 0.23620191 0.31246984
vn 0.92305523 0.2550604 0.28794655
vn -0.91967982 0.2528646 0.30041385
vn -0.93180913 0.26029819 0.25293595
vn -0.85576618 -0.11017599 -0.50549537
vn -0.85596472 -0.110054 -0.5051856
vn 0.85596502 -0.11005384 -0.50518519
vn 0.85576558 -0.11017633 -0.5054962
vn 0.86706322 -0.094248474 0.48920196
vn 0.80810416 -0.16847397 0.56443262
vn -0.87286037 -0.45357031 -0.17996876
vn -0.8798694 -0.47450897 0.025906021
vn 0.82298386 -0.56806481 1.0459536e-13
vn -0.82298386 -0.56806481 -1.0459536e-13
vn -0.84597516 -0.10268714 0.52324122
vn -0.76512074 -0.23323812 0.60015851
vn 0.92216963 -0.38322747 0.052343495
vn 0.77257717 -0.53947806 0.33479548
vn -0.76600355 -0.35231486 0.53769207
vn 0.88491118 -0.40329555 -0.23299116
vn 0.91923058 0.34818345 0.1838026
vn 0.91976887 0.34094319 0.19437827
vn -0.92020506 0.3418684 0.19065335
vn -0.92803514 0.34768993 0.13365082
vn -0.73682374 -0.55355304 0.38816202
vn 0.88075531 -0.42843208 0.20178224
vn 0.76929289 -0.48616114 0.41453087
vn 0.75506085 -0.30531785 0.58022767
vn 0.7550627 -0.30531505 0.58022672
vn 0.70881182 -0.37888911 0.59500319
vn 0.81958663 -0.21814786 0.52980113
vn -0.77915764 -0.27821884 0.56170064
vn -0.71654135 -0.36056271 0.59712905
vn -0.71653473 -0.36057517 0.5971294
vn -0.71652985 -0.36058167 0.59713131
vn -0.8223291 -0.21760269 0.52576029
vn 0.74399507 -0.50442505 0.43820852
vn 0.91313952 0.40571102 0.039683729
vn 0.908737 0.40201586 0.11216183
vn 0.90007228 0.43087348 0.064946003
vn -0.91284835 0.40828654 0.0031621321
vn -0.91003013 0.40486169 0.089063093
vn -0.86820161 -0.25202179 -0.42744702
vn -0.90437847 -0.2205897 -0.3652941
vn 0.86820191 -0.25202158 -0.4274466
vn -0.76600575 -0.352303 0.53769678
vn -0.87417644 -0.34396282 0.34279025
vn -0.7858308 -0.42692083 0.44744667
vn -0.76600456 -0.35231358 0.53769153
vn 0.78631043 -0.42654294 0.44696426
vn 0.75010389 -0.30647579 0.58601773
vn 0.75921887 -0.37183803 0.5341565
vn 0.7592178 -0.37184593 0.53415251
vn 0.86704803 -0.35189509 0.35270035
vn -0.91850024 -0.38465059 -0.091658525
vn -0.89587575 -0.35503149 -0.2671316
vn 0.89936537 -0.4080416 -0.15698409
vn 0.90515471 -0.25981924 -0.33643565
vn -0.90413845 -0.42672706 -0.020920955
vn -0.87887228 -0.43997222 0.18441245
vn 0.89614266 0.44367966 0.0087584499
vn 0.8961522 0.4436844 0.0074402406
vn -0.92933166 0.36916527 0.0077237822
vn -0.92884803 0.36897314 0.03316956
vn 0.89614367 0.44367757 0.0087578343
vn 0.89615327 0.44368231 0.0074418997
vn -0.86602521 0.50000036 -1.100656e-13
vn 0.86602539 0.5 1.1006563e-13
vn -0.86805075 0.49647543 -1.1032304e-13
vn -0.84404933 -0.16063364 -0.51164198
vn -0.88723665 -0.059470385 -0.45746514
vn -0.89758766 -0.052026995 -0.43775511
vn -0.87847537 -0.045449991 -0.47562096
vn 0.8827861 -0.062557243 -0.4655914
vn 0.86235344 -0.075975329 -0.50057399
vn 0.91857636 0.19773145 0.34222764
vn 0.92597836 0.24074461 0.29087135
vn 0.90058607 0.054237973 0.43128064
vn 0.92569429 0.12097691 0.35840574
vn 0.92604989 -0.25775194 -0.27567282
vn 0.90984917 -0.40648305 -0.083342917
vn -0.87473506 -0.028565591 0.48375884
vn -0.91381645 0.11230555 0.39029089
vn -0.90849698 0.10893829 0.40344235
vn -0.92360342 0.23823525 0.30033439
vn -0.91979331 0.23531586 0.31401706
vn -0.99726045 -3.1201823e-06 -0.073970556
vn 0.91542697 0.32801113 0.23324269
vn 0.91474319 0.34384477 0.21216889
vn 0.85568362 0.51749933 1.0875126e-13
vn 0.91584909 -0.005387038 0.40148655
vn 0.87162447 -0.084187634 0.48289052
vn -0.91294146 0.34204683 0.22257999
vn -0.9181807 0.34700707 0.19112912
vn -0.83475345 -0.15871423 0.52725369
vn -0.89916426 -0.015706316 0.43732938
vn -0.90341622 -0.27268973 -0.33087674
vn -0.93485719 -0.302297 -0.186168
vn -0.84321558 -0.48380038 0.23436014
vn 0.86365908 -0.27062061 0.42527339
vn 0.86004877 -0.27439311 0.43014482
vn -0.77238297 -0.35102934 0.529342
vn -0.86004949 -0.27373597 0.43056187
vn 0.89614344 0.44367805 0.0087578343
vn 0.87521607 0.48371592 -0.0039743874
vn 0.8949917 0.44310781 0.051433142
vn -0.92933464 0.36915773 0.0077237822
vn -0.92885095 0.36896557 0.033171747
vn -0.84983414 0.52697325 -0.0090089375
vn -0.85018408 0.52641213 -0.0087937769
vn 0.84986526 0.52621448 -0.028763903
vn 0.89614457 0.44367579 0.0087586585
vn 0.89303207 0.43293765 0.12271383
vn 0.89528197 0.42440283 0.13547108
vn -0.89556003 0.42551202 0.1300451
vn -0.8983863 0.42906633 0.093830429
vn 0.87518269 -0.14078712 0.4628545
vn 0.79253715 -0.2955465 0.53342015
vn -0.87076944 -0.14318137 0.47038251
vn -0.80473703 -0.27034298 0.52850068
vn -0.98033822 -0.005312596 -0.19725314
vn -0.96228486 0.0047906255 -0.27200159
vn 0.97487187 0.02125481 -0.22174998
vn 0.93890566 -0.019175965 -0.34363997
vn -0.93041903 -0.36302143 0.05035698
vn -0.93174249 -0.33796713 -0.13279352
vn 0.91706866 -0.39850476 -0.0133784
vn 0.94358039 -0.24962625 -0.21758407
vn -0.87743807 -0.24147309 0.41447937
vn 0.85064352 -0.44143859 0.28554788
vn 0.93444151 -0.32287174 0.15024292
vn -0.84979928 0.52695161 0.012771438
vn -0.89563173 -0.12450812 -0.42701471
vn 0.89563185 -0.12450879 -0.42701429
vn 0.90045166 -0.12065012 -0.41788802
vn 0.87378365 0.4805173 0.074868463
vn 0.8606475 0.50841963 0.028202126
vn -0.87446803 0.48508313 -0.0002099665
vn -0.8740207 0.4831897 0.051141925
vn -0.87743634 -0.24147579 0.41448146
vn 0.86365587 -0.2706252 0.42527696
vn -0.84924185 -0.40374595 0.34026083
vn -0.938021 -0.28365332 0.19914177
vn 0.93512201 -0.28887963 0.2051716
vn 0.93262464 -0.29327169 0.21024503
vn 0.85625041 -0.3518495 0.3782025
vn -0.90420389 -0.27186915 -0.3293972
vn 0.90456003 -0.26043117 -0.33755997
vn 0.92196089 -0.38381568 0.05170751
vn 0.95818627 -0.23457198 -0.16387531
vn -0.84984064 0.5269776 -0.008091731
vn -0.8494013 0.52670515 -0.033152498
vn 0.89499271 0.44310552 0.051434841
vn 0.84605616 0.53266627 -0.021345032
vn 0.84623617 0.53277957 -0.005504855
vn -0.90795523 -0.024146743 -0.41837096
vn -0.90770578 -0.024069007 -0.41891631
vn 0.90789223 -0.023921881 -0.41852057
vn 0.89286339 -0.03531437 -0.44894081
vn 0.93970412 0.21839367 0.26317361
vn 0.92946839 0.15474018 0.3348791
vn 0.9218362 0.29595479 0.25025743
vn 0.92036963 0.33421704 0.20302406
vn -0.93998688 -0.26052421 -0.22034469
vn -0.95553714 -0.28781909 -0.064101353
vn -0.93398857 -0.31434646 0.16985768
vn -0.95620757 -0.291953 -0.020749995
vn 0.97040689 -0.21164876 -0.11625504
vn 0.92554927 -0.36202684 0.1108834
vn -0.91636163 0.064839728 0.39506599
vn -0.9324916 0.20993823 0.29391378
vn -0.92650872 0.20410208 0.31610745
vn -0.91745001 0.3297624 0.22258085
vn -0.91722155 0.32947958 0.22393703
vn -0.8774364 -0.24147668 0.41448089
vn -0.89751512 -0.2577377 0.35782376
vn -0.93579537 -0.20182368 0.28905758
vn 0.86365587 -0.27062359 0.42527801
vn 0.93656015 -0.20053688 0.2874718
vn 0.86689657 -0.29418004 0.40242815
vn 0.8949399 0.41854802 0.1545966
vn 0.89187354 0.43081319 0.13770093
vn 0.94787896 0.092077099 0.3050366
vn 0.92077535 0.012026973 0.38990784
vn 0.66312248 -0.7485109 8.4278125e-14
vn -0.66312277 -0.74851066 -8.4278152e-14
vn -0.89350605 -0.071891956 0.44325897
vn -0.93639249 0.08091978 0.34149837
vn -0.89119363 0.42956889 0.14575472
vn -0.89246511 0.43178424 0.13064598
vn 0.93595994 -0.24478382 -0.25310045
vn 0.91470748 -0.14304693 -0.37795207
vn 0.85224503 -0.27534434 0.44481891
vn -0.8536588 -0.25220987 0.45569384
vn 0.85538995 0.51395971 0.064447574
vn 0.85984969 0.5043487 0.079315193
vn 0.931988 -0.045341648 0.35964215
vn 0.87212002 -0.18802869 0.45172104
vn -0.85976917 0.50555265 0.072204851
vn -0.86015385 0.50693989 0.056100942
vn -0.93065387 -0.046685092 0.36291024
vn -0.88655841 -0.15740357 0.43501523
vn 0.92877704 -0.33271074 0.16333035
vn 0.98071367 -0.17991133 -0.076371372
vn 0.93907285 -0.15104471 0.30875179
vn 0.94625568 -0.13880688 0.29211783
vn 0.82423651 0.56619883 0.0072850231
vn -0.83013958 0.55732602 0.016000943
vn -0.8293249 0.55830127 -0.022800852
vn -0.93650544 -0.23522632 0.26005036
vn -0.97552228 -0.21220841 0.057652611
vn 0.93240869 -0.29529974 0.2083558
vn 0.98933601 -0.13817419 -0.046066768
vn -0.93037033 -0.12735459 -0.34379035
vn -0.9345305 -0.26856157 -0.233511
vn 0.9349941 -0.26230955 -0.23870423
vn -0.90530497 -0.15170307 -0.39674819
vn 0.90530497 -0.15170307 -0.39674819
vn -0.94502199 -0.11577169 0.30582735
vn -0.84983939 0.52697968 -0.0080905817
vn -0.84986681 0.52699667 0.00097727939
vn 0.84605676 0.53266531 -0.02134558
vn 0.81394947 0.58092523 0.003477714
vn 0.84555972 0.53235233 0.040369745
vn -0.98618221 0.0055007827 -0.16557276
vn -0.99688476 -0.0056099026 -0.078672014
vn -0.99739909 -0.013145363 -0.070867665
vn 0.99739915 -0.01314679 -0.070866987
vn 0.99366868 0.024411054 -0.10966609
vn 0.96822619 -0.023132801 -0.24900381
vn -0.96728146 -0.21832211 -0.12923618
vn -0.96903056 -0.24386695 0.038841337
vn 0.93699205 -0.24898013 0.24506085
vn 0.99597806 -0.085403651 -0.027090808
vn 0.90565121 0.39356381 0.1578083
vn 0.8973701 0.42563382 0.116459
vn 0.93379784 0.31701642 0.16589819
vn 0.93714291 0.25964591 0.2331247
vn -0.93970895 0.16537055 0.29933199
vn -0.93079478 0.30965468 0.19425504
vn -0.92622745 0.30166292 0.22605801
vn -0.89581758 0.41984737 0.14573625
vn -0.89657795 0.42197326 0.13448606
vn 0.85938364 0.50521266 0.078866623
vn 0.85538006 0.51369822 0.066626906
vn 0.95342392 0.18416989 0.23888129
vn -0.93676561 0.025698489 0.34901264
vn -0.95363277 0.18376997 0.23835506
vn 0.78745627 0.6163094 0.0086811297
vn 0.78744179 0.61629808 -0.010587966
vn -0.85533231 0.5130325 0.072140634
vn -0.85532373 0.51292515 0.073000662
vn 0.96014422 -0.23071133 -0.15778255
vn 0.94562113 -0.12818125 -0.29894865
vn -0.92519975 -0.0093384217 -0.37936556
vn -0.93738645 -0.013287564 -0.34803748
vn 0.93405229 -0.0010192035 -0.35713488
vn 0.90777194 -0.024296114 -0.41875976
vn -0.74314493 0.6691305 -9.4448402e-14
vn 0.74314493 0.6691305 9.4448402e-14
vn -0.74694145 0.66488981 -9.4930913e-14
vn 0.80748826 0.5897916 0.010418573
vn 0.81457865 0.57941371 0.027227523
vn -0.99807066 -1.7298416e-06 0.062088557
vn -0.99993134 -1.5051796e-06 -0.011717376
vn 0.99854475 -2.8597929e-06 0.053929392
vn 0.9999314 -2.6611622e-06 -0.011715459
vn -0.94502211 -0.11576668 0.30582887
vn -0.92604452 -0.36619052 0.091356903
vn -0.94119602 -0.12245581 0.31488827
vn -0.9910695 -0.094780587 0.093797393
vn 0.94242078 -0.19330095 0.27290624
vn 0.9995597 -0.021431798 -0.020520914
vn -0.81399226 0.58058113 0.01849669
vn -0.81405944 0.58038938 0.021341404
vn 0.95109379 0.040371604 0.30625275
vn 0.91309476 -0.16404521 0.37329236
vn -0.91743731 -0.13757031 0.37334052
vn -0.9492867 0.038098447 0.31209496
vn -0.7437914 0.66837507 0.0070052068
vn -0.7438038 0.66838628 -0.003958859
vn -0.77923995 0.62653124 -0.015610319
vn -0.77908832 0.62660295 -0.019752692
vn -0.74380183 0.66838849 -0.0039585461
vn 0.9462558 -0.1388063 0.29211777
vn 0.73050195 0.68291056 9.2841574e-14
vn 0.94763964 -0.12782092 0.29264471
vn 0.93805343 -0.057273272 0.3417244
vn 0.94772202 -0.12848663 0.29208586
vn 0.9982453 0.052898169 -0.026609702
vn 0.7874555 0.61631042 0.0086811297
vn 0.76077867 0.6486395 -0.021967566
vn 0.78746921 0.61632115 0.0063609532
vn -0.74378943 0.66837728 0.0070052068
vn -0.72642797 0.68723089 0.0040154029
vn 0.72617871 0.68699509 -0.02650008
vn 0.72012931 0.69307631 -0.032542564
vn 0.78745508 0.61631095 0.0086810496
vn -0.98787034 -0.13775079 -0.071672402
vn -0.98001081 -0.16342689 0.11344796
vn -0.95792389 -0.1110003 -0.26468986
vn -0.95976806 -0.23485747 -0.15390669
vn 0.95967019 -0.23588064 -0.15294918
vn -0.74350524 0.6681217 -0.02852083
vn -0.74280673 0.667494 -0.051864047
vn 0.46472326 -0.88545597 5.9062998e-14
vn -0.46472326 -0.88545597 -5.9062998e-14
vn 0.78746879 0.61632168 0.0063605513
vn 0.96013665 -0.034733664 0.27736473
vn 0.99624079 0.032368574 0.080352567
vn 0.96013778 -0.03474962 0.27735886
vn -0.8317709 0.16166897 -0.53105587
vn -0.96011513 -0.10115708 0.26066482
vn -0.83178413 0.16172807 -0.53101712
vn -0.97104418 -0.056577295 0.23210399
vn 0.99576974 0.036887139 0.084154122
vn -0.96011537 -0.10113212 0.26067379
vn 0.99492663 0.026835179 0.096957818
vn 0.96013653 -0.034728941 0.27736565
vn -0.9010222 -0.17705159 -0.39599463
vn -0.9359563 -0.052577373 -0.34816861
vn -0.93009549 -0.058985569 -0.36255082
vn -0.89694071 -0.049657296 -0.43935353
vn 0.9053939 -0.083215833 -0.41633764
vn 0.91459107 -0.074649319 -0.39743006
vn 0.87075067 0.48697013 0.068215571
vn 0.85825443 0.51209712 0.033997923
vn 0.90804726 0.41292554 0.070304066
vn 0.92213887 0.3643412 0.13005911
vn -0.85952073 0.50599718 0.072048306
vn -0.90715909 0.39809164 0.13632847
vn -0.85900211 0.50965023 0.048702933
vn 0.94980997 -0.12258968 -0.28780678
vn -0.94216114 0.26915464 0.19972028
vn -0.90833837 0.40724975 0.095231369
vn 0.81040341 0.58581471 0.0082107205
vn 0.80692703 0.59065056 0.00081340113
vn -0.80705637 0.59046268 0.00372441
vn -0.807917 0.58897048 0.019594135
vn 0.95551229 0.16952908 0.24136318
vn 0.9495495 0.2976068 0.098924004
vn -0.93868536 0.26175463 0.22439772
vn 0.96816176 -0.083464466 -0.236001
vn 0.97938102 -0.18431281 -0.082714021
vn 0.75090772 0.65930384 -0.03815826
vn 0.76092267 0.64854401 -0.019682188
vn -0.99087477 0.03913733 0.12897837
vn -0.96332192 -0.0089903176 0.26819772
vn -0.75975192 0.64952397 -0.029926613
vn -0.76102901 0.64864534 -0.0097009307
vn 0.70232552 0.71067697 -0.040952992
vn 0.72033513 0.69327444 -0.022086702
vn 0.97492021 0.089586481 0.2037273
vn 0.97154677 0.23376465 0.038091049
vn 0.97491914 0.089567535 0.20374081
vn 0.97492045 0.089593194 0.20372339
vn -0.97110039 0.21236464 0.10892777
vn -0.96583509 0.19160452 0.17450005
vn -0.7223022 0.69023299 -0.043104302
vn -0.72234309 0.69023377 -0.042400375
vn -0.99817497 -0.012164225 -0.05915045
vn -0.98744673 -0.040244393 0.1527395
vn -0.99848175 0.0027486263 -0.055015169
vn -0.9999314 -2.6655534e-06 -0.011715451
vn 0.99946767 0.011367814 -0.030580267
vn 0.99023885 -0.026238941 -0.13688871
vn -0.96536553 -0.0089275595 -0.2607483
vn -0.94788527 -0.0019854761 -0.31860569
vn 0.96026635 0.01310211 -0.27877736
vn 0.92860144 -0.021975795 -0.37042734
vn -0.98109967 -0.16229476 -0.10537488
vn -0.97714597 -0.06493286 -0.20240924
vn 0.98039329 -0.17293637 -0.094456293
vn -0.74350506 0.66812181 -0.028520675
vn -0.74355429 0.6681661 -0.026097951
vn 0.72035688 0.6932959 -0.020658076
vn 0.72033483 0.69327474 -0.022086926
vn 0.81927645 0.57319033 -0.015458245
vn 0.80532622 0.59134817 -0.041917056
vn -0.99807018 -2.8596271e-06 0.062095795
vn 0.99854487 -2.502197e-06 0.053927112
vn 0.99864084 -2.2163779e-06 -0.05212022
vn -0.8102026 0.58613902 0.0035710759
vn -0.87024021 0.49008057 0.050029937
vn -0.80680138 0.59002286 -0.030733809
vn 0.75031793 0.65873712 -0.055573676
vn 0.7486974 0.66034967 -0.058227889
vn 0.86423415 0.50269091 -0.02002918
vn 0.88517416 0.46428692 0.030072855
vn -0.75178605 0.65879595 -0.028382815
vn -0.74862814 0.66045851 -0.057883203
vn -0.92286766 0.37187189 0.10013305
vn -0.86664248 0.49892911 0.00075718143
vn 0.23931563 -0.97094184 3.0415303e-14
vn -0.23931563 -0.97094184 -3.0415303e-14
vn 0.68750995 0.72171813 -0.080330536
vn 0.70055348 0.71102327 -0.060587183
vn 0.9386794 0.33794829 0.068351448
vn 0.91787595 0.39686167 -0.002137623
vn 0.99449158 -0.096216694 -0.041579247
vn 0.9789204 0.0018045733 -0.2042343
vn -0.70214862 0.71109617 -0.036463011
vn -0.69879931 0.71166712 -0.072176673
vn -0.92044842 0.38994858 0.026735697
vn -0.90808797 -0.025378138 -0.41800976
vn -0.91981298 -0.028028676 -0.39135471
vn 0.91123509 -0.036492418 -0.41026682
vn 0.92096478 -0.026855063 -0.38871923
vn -0.97706473 0.11427267 0.17968391
vn -0.99087852 0.039103348 0.12895982
vn -0.99389321 0.10590769 -0.030982373
vn -0.97706723 0.11426463 0.17967547
vn -0.93297249 -0.041301422 -0.35757032
vn -0.96658558 -0.086417168 -0.24133885
vn 0.96658528 -0.086416736 -0.24134
vn 0.93297249 -0.041301422 -0.35757032
vn 0.98705459 0.1602978 -0.0052770968
vn 0.98652154 0.16334698 -0.0096421475
vn -0.66251224 0.74833328 -0.032784689
vn -0.66039747 0.74800277 -0.066083387
vn -0.61444312 0.78887355 -0.011753382
vn 0.64600772 0.76328206 0.0086311409
vn 0.64531553 0.76246423 -0.047076456
vn -0.61438274 0.78879601 0.018295448
vn 0.98705602 0.16028926 -0.0052654734
vn -0.58778536 0.80901694 -7.4703312e-14
vn 0.58778512 0.80901706 7.4703285e-14
vn -0.5936895 0.80469418 -7.5453688e-14
vn 0.98705566 0.16029152 -0.0052684508
vn -0.99691361 0.076928832 0.015659342
vn -0.98600239 0.154007 0.063884005
vn -0.98077744 0.051590342 -0.18818618
vn -0.98077822 0.051589407 -0.18818244
vn -0.99962896 0.024157697 -0.012584457
vn -0.96961474 0.077615395 -0.23199794
vn -0.98492199 0.021531403 -0.17165376
vn 0.99985129 0.0066058561 0.015930014
vn 0.97469527 0.061607447 -0.21488063
vn -0.61327946 0.78737956 -0.062623553
vn 0.64600855 0.7632814 0.0086310422
vn 0.64563966 0.76284558 -0.034871828
vn 0.61993474 0.7830351 -0.05036803
vn 0.57388651 0.81893486 7.2936869e-14
vn -0.98600358 0.15400043 0.063880816
vn -0.61438441 0.7887947 0.018295448
vn -0.6138308 0.78808385 -0.046211857
vn -0.59573919 0.80012161 -0.070001848
vn 0.64600652 0.76328307 0.0086310422
vn 0.64563775 0.76284713 -0.034872662
vn -0.5724659 0.81935495 -0.030663501
vn -0.61438322 0.78879565 0.018294681
vn 0.57258534 0.8195259 -0.022875875
vn 0.56449831 0.82476151 -0.033317804
vn 0.56450051 0.82476008 -0.033316489
vn 0.75439459 0.65011853 -0.090745315
vn 0.74154133 0.66192037 -0.10944339
vn 0.68187743 0.72297388 -0.11113934
vn 0.68316507 0.72201985 -0.10942014
vn -0.75012064 0.65875226 -0.058004413
vn -0.81765801 0.57492036 -0.030033076
vn -0.7430535 0.6614489 -0.10176866
vn -0.68875766 0.72160292 -0.070014872
vn -0.68264735 0.72218955 -0.11151201
vn 0.80542648 0.58382022 -0.10218671
vn 0.82898724 0.55573028 -0.062800787
vn 0.63945198 0.76672155 -0.056914177
vn 0.61940467 0.77654225 -0.11541218
vn 0.63529766 0.76640594 -0.094967574
vn -0.88296354 0.46941891 0.0046087317
vn -0.80876547 0.58183128 -0.085853495
vn -0.63867617 0.76723981 -0.058615819
vn -0.63304096 0.76659644 -0.10765237
vn -0.97269768 0.0022070091 -0.23206551
vn -0.98802197 -0.0071823047 -0.15414615
vn 0.98334682 0.0220349 -0.18039817
vn 0.95304751 -0.025021845 -0.30178523
vn 0.89593315 0.44257534 -0.037826676
vn 0.86719483 0.48859078 -0.096188322
vn -0.87194091 0.4842394 -0.072327405
vn -0.93712091 0.34730491 0.034405205
vn 0.99830788 0.047985796 -0.032843485
vn 0.99047816 0.075105742 -0.11537842
vn 0.57034707 0.81567985 -0.096801758
vn 0.59752661 0.7994734 -0.061678506
vn 0.5999276 0.79983425 -0.018762164
vn -0.59458905 0.7995826 -0.084448285
vn 0.97898084 0.19823803 0.04793917
vn 0.92279035 0.37683475 -0.080334
vn 0.96340734 0.26717299 0.021561656
vn 0.96340775 0.26717132 0.021562889
vn -0.95009154 0.31194794 0.003812222
vn -0.929663 0.3664256 -0.038196273
vn 0.56431317 0.82448637 -0.042105652
vn -0.61382955 0.78808481 -0.046212498
vn 0.56431097 0.82448781 -0.042106755
vn -0.92156219 -0.011775639 -0.38805211
vn -0.92616469 -0.012837449 -0.37690073
vn 0.92488837 -0.0082213888 -0.38014987
vn 0.91653705 -0.016989036 -0.39958885
vn -0.94116342 0.01453514 -0.33763903
vn -0.97334158 -0.013299187 -0.22897443
vn 0.97377086 -0.012214917 -0.22720274
vn 0.94068599 0.015908938 -0.33890522
vn -0.98514098 0.12392687 -0.11890902
vn -0.98997098 0.13951205 -0.022222012
vn -0.98997086 0.1395134 -0.022220347
vn -0.98514122 0.1239261 -0.11890796
vn -0.98514104 0.12392686 -0.11890888
vn 0.99029607 0.12817688 -0.053706359
vn 0.9801386 0.13836327 -0.14207013
vn 0.98013115 0.13836899 -0.14211592
vn 0.60812938 0.77804041 -0.15758109
vn 0.61297101 0.7753253 -0.15210925
vn -0.62089759 0.77686793 -0.10470161
vn -0.61189657 0.7753166 -0.15641856
vn -0.6819225 0.7228871 -0.11142662
vn 0.67982095 0.71660483 -0.15595196
vn 0.67014426 0.72310966 -0.16738908
vn 0.54905713 0.82346565 -0.14297067
vn 0.56701976 0.81449497 -0.12282744
vn -0.75247055 0.65073425 -0.10165165
vn -0.67119718 0.7231226 -0.16305843
vn 0.96995807 0.23397507 -0.06661056
vn 0.99787027 0.0069685918 0.064856581
vn -0.57204032 0.81667596 -0.076224588
vn -0.56445259 0.81416953 -0.13609289
vn 0.73537433 0.65489489 -0.17417611
vn 0.75770527 0.63617575 -0.14547551
vn -0.82528639 0.55853528 -0.083310753
vn -0.73865765 0.6542626 -0.16225077
vn 0.53163648 0.84660345 -0.025006142
vn 0.52846652 0.8454178 -0.077406757
vn 0.50165391 0.85829115 -0.10807253
vn -0.93544996 0.34009394 -0.096278302
vn 0.94941866 0.30040982 -0.091422744
vn -0.5255667 0.84501243 -0.098658875
vn -0.52976269 0.84720099 -0.040025204
vn -0.46598521 0.88472927 -0.010580083
vn -0.93937618 -0.032739133 -0.34132171
vn -0.91591114 -0.011171304 -0.40122566
vn 0.91591173 -0.011172229 -0.40122426
vn 0.939376 -0.032739386 -0.34132221
vn 0.8324275 0.53738928 -0.13519344
vn 0.80142218 0.57033968 -0.18009761
vn -0.8068068 0.56828356 -0.1616064
vn -0.89120889 0.44872758 -0.066259421
vn -0.46586737 0.88450551 0.024850924
vn 0.99921387 -0.026369104 0.029602343
vn -0.93545043 0.34009203 -0.096280254
vn 0.94941872 0.3004097 -0.091422856
vn -0.46586707 0.88450569 0.024851028
vn -0.46498749 0.88283569 -0.066240132
vn 0.56470156 0.82505345 -0.019974999
vn 0.56478047 0.82516873 -0.010935675
vn 0.47768998 0.87848657 0.0085771251
vn 0.47724438 0.87766713 -0.044025376
vn -0.96614528 0.20756535 -0.15323177
vn 0.90453023 0.41004789 -0.11698645
vn 0.95730656 0.28611919 -0.0412306
vn 0.90453178 0.41004506 -0.11698426
vn 0.86376768 0.47064728 -0.17999041
vn -0.87529349 0.46327716 -0.13869242
vn -0.94639689 0.32166603 -0.029392192
vn -0.94639748 0.32166439 -0.029391445
vn -0.40673652 0.91354549 -5.1693303e-14
vn 0.4067367 0.91354543 5.1693323e-14
vn 0.95385504 0.23784721 -0.18327381
vn 0.96304351 0.22652653 -0.14571536
vn 0.94941825 0.30041131 -0.091422401
vn 0.95384163 0.23786181 -0.18332456
vn -0.9554323 0.24301958 -0.16760261
vn -0.93098021 0.3456265 -0.11755075
vn -0.949278 0.24977042 -0.19101305
vn 0.53271908 0.82369602 -0.19425561
vn 0.5409295 0.82020289 -0.18617864
vn -0.41489106 0.9098711 -5.2729685e-14
vn -0.60852462 0.77807254 -0.15588751
vn -0.55061251 0.82421297 -0.13228312
vn -0.53937376 0.81983435 -0.1922176
vn 0.49684742 0.85566092 -0.14486915
vn 0.47798216 0.86298925 -0.16365398
vn -0.49420515 0.85484707 -0.15810692
vn -0.50309765 0.85954219 -0.089888968
vn 0.59953469 0.77228254 -0.21009004
vn 0.59447402 0.77480084 -0.21513785
vn -0.67817897 0.71651715 -0.16332935
vn -0.59478837 0.77490723 -0.21388212
vn -0.46586636 0.88450605 0.024851028
vn -0.46517426 0.883192 -0.059873533
vn -0.45712546 0.88696516 -0.065796353
vn 0.47768956 0.87848681 0.0085771251
vn 0.45955458 0.88712418 -0.042665146
vn 0.47750741 0.87815183 -0.028914215
vn 0.43133008 0.89473379 -0.11578353
vn 0.45651349 0.88515222 -0.090005331
vn -0.39545017 0.91848451 0.0023237129
vn 0.39521044 0.91792816 -0.034880232
vn 0.40916434 0.91216159 -0.023362176
vn 0.47769284 0.87848502 0.0085781943
vn 0.39257553 0.91971976 4.9893541e-14
vn -0.45384392 0.88435292 -0.10929603
vn -0.99679571 0.023229035 -0.076542281
vn 0.99864084 -2.4227577e-06 -0.052120004
vn 0.99624819 0.020269718 -0.084135309
vn 0.97763556 -0.028647713 -0.20834589
vn 0.65796119 0.7154634 -0.2349451
vn 0.67606378 0.70445704 -0.21605106
vn -0.75376678 0.63711351 -0.16100334
vn -0.66050673 0.71563923 -0.22713725
vn -0.9554323 0.24302018 -0.16760159
vn 0.95384169 0.23786376 -0.18332164
vn -0.94260025 0.21031894 -0.25936592
vn -0.9561466 0.19250342 -0.22073984
vn -0.46439445 0.88171148 -0.083202668
vn -0.42430001 0.90256089 -0.073166773
vn -0.465996 0.88475221 0.0078297025
vn -0.95926923 0.05036521 -0.27796742
vn -0.95926821 0.050363947 -0.27797115
vn -0.97375548 0.093588717 -0.20746434
vn -0.89923769 0.16212769 -0.40630805
vn -0.95925832 0.050387789 -0.27800095
vn 0.97375411 0.077321246 -0.21406618
vn 0.97375381 0.077320099 -0.21406794
vn 0.9737525 0.077317558 -0.21407485
vn 0.9550429 0.057494048 -0.29083925
vn 0.95504338 0.057493065 -0.29083803
vn 0.88425404 0.18679847 -0.42802
vn 0.47751069 0.87815011 -0.028913112
vn 0.75331205 0.61968189 -0.2202619
vn 0.72499263 0.64098203 -0.25204721
vn 0.94070125 0.20398828 -0.27105343
vn 0.95832384 0.1870552 -0.21592991
vn -0.72981256 0.64059901 -0.23876035
vn -0.82646447 0.54050559 -0.15751235
vn -0.94928724 -0.0079023056 -0.31431079
vn -0.93423027 -0.0035964977 -0.35665235
vn 0.94494975 0.0097464323 -0.32707024
vn 0.9228332 -0.016488831 -0.38484672
vn -0.9425993 0.21031974 -0.25936872
vn 0.92948091 0.32318974 -0.17780223
vn -0.89903653 0.37230039 -0.23049015
vn 0.40907219 0.91195619 -0.031557005
vn 0.399111 0.9160651 -0.039181478
vn 0.40701073 0.89580321 -0.17854668
vn 0.4254702 0.89035434 -0.1620007
vn 0.4687348 0.85739321 -0.21251948
vn 0.45806587 0.86078978 -0.22184815
vn -0.47941011 0.86406034 -0.15351118
vn -0.42297956 0.88915503 -0.1746185
vn -0.43242395 0.89607269 -0.10031578
vn -0.53341275 0.82400161 -0.1910291
vn -0.46689883 0.85659796 -0.21964827
vn 0.51822299 0.81711447 -0.25252506
vn 0.39934716 0.91616184 -0.034194998
vn 0.38031635 0.91775471 -0.11439308
vn -0.42789626 0.8980788 -0.1017802
vn -0.43194044 0.89841223 -0.079265051
vn -0.43194112 0.89841282 -0.079254493
vn -0.5985167 0.77193868 -0.21421571
vn -0.51777786 0.81697625 -0.2538816
vn 0.89538258 0.41817021 -0.15304805
vn 0.81425613 0.52950728 -0.23792639
vn 0.78987765 0.55260831 -0.26592737
vn -0.93133312 0.34521598 -0.11595071
vn -0.93132365 0.34523773 -0.11596213
vn -0.805161 0.54348093 -0.23736931
vn -0.7986694 0.55050892 -0.24303715
vn 0.88689929 0.42438769 -0.18249598
vn -0.34411329 0.93892801 -0.0004232197
vn -0.34400499 0.93863153 -0.025127936
vn 0.33819383 0.94106996 0.0035057797
vn 0.33776438 0.9398737 -0.050523903
vn 0.57697463 0.7657373 -0.28415954
vn 0.58886933 0.76047379 -0.27370164
vn -0.67276335 0.70420033 -0.22691712
vn -0.57843745 0.76614559 -0.2800554
vn -0.91637123 0.024354415 -0.39958811
vn -0.94171119 0.016506193 -0.33601728
vn -0.9417116 0.016506929 -0.33601603
vn -0.92270887 0.017666504 -0.38509247
vn 0.93903869 0.0099865049 -0.34366634
vn 0.930318 -0.0037208733 -0.36673498
vn -0.34979162 0.9361307 -0.036126543
vn -0.28260204 0.951895 -0.11845665
vn 0.92079639 0.3325308 -0.20385593
vn 0.89531356 0.34801015 -0.27803347
vn -0.94259977 0.21037668 -0.25932083
vn 0.94070125 0.20398562 -0.2710554
vn -0.9200027 0.18930282 -0.34316099
vn -0.94136071 0.16942969 -0.29177651
vn -0.89903623 0.37230134 -0.23048997
vn -0.90407616 0.34588936 -0.2510117
vn -0.8771286 0.35885859 -0.31916448
vn -0.91128451 0.31297722 -0.26759255
vn -0.91059613 0.0016366247 -0.41329405
vn -0.92002469 -0.0062154578 -0.39181104
vn 0.92002529 -0.0062163947 -0.39180964
vn 0.91059637 0.001636041 -0.41329363
vn 0.95490825 0.15853064 -0.25103438
vn 0.94191158 0.16961817 -0.28988308
vn -0.92000079 0.18930404 -0.3431654
vn 0.34349048 0.9203862 -0.18682504
vn 0.3806698 0.91759163 -0.11452565
vn 0.38062415 0.91761279 -0.11450788
vn 0.38066986 0.91759169 -0.11452504
vn 0.9103092 0.1850588 -0.37025726
vn 0.93794638 0.12525848 -0.32336798
vn 0.32565001 0.94451255 -0.042989492
vn 0.32418132 0.94445026 -0.054039143
vn -0.3935636 0.91489768 -0.089832619
vn -0.39356464 0.9148975 -0.089830264
vn -0.39356461 0.91489744 -0.089830481
vn -0.31827179 0.91901129 -0.23263992
vn -0.40370351 0.89879572 -0.17085008
vn -0.4081704 0.89703888 -0.16946438
vn 0.85210985 0.44219899 -0.27994448
vn 0.32605785 0.93654591 -0.12871699
vn 0.32605851 0.93654048 -0.12875453
vn 0.39614922 0.88676053 -0.23816293
vn -0.4588927 0.86140656 -0.21770664
vn -0.39540485 0.8866123 -0.23994502
vn -0.28260136 0.95189434 -0.11846384
vn -0.28272235 0.95100152 -0.12515657
vn -0.3032403 0.94614971 -0.11334059
vn -0.20791167 0.97814763 -2.6424086e-14
vn 0.20791158 0.97814763 2.6424074e-14
vn 0.66425079 0.68844587 -0.29122707
vn 0.64217198 0.70045972 -0.31140217
vn -0.64569914 0.70098013 -0.30281919
vn -0.7476846 0.62047964 -0.23658559
vn -0.21823896 0.97589535 -2.7736611e-14
vn 0.44315356 0.85074919 -0.28256094
vn 0.51826072 0.81708896 -0.25253022
vn -0.51791954 0.81688029 -0.25390139
vn -0.44264284 0.85055369 -0.28394669
vn 0.33818984 0.94107139 0.0035057797
vn 0.33789372 0.94024742 -0.041983664
vn -0.25241902 0.96761793 0.00042588441
vn -0.25216284 0.966636 -0.045041703
vn -0.25242409 0.96761662 0.00042588441
vn -0.25216687 0.96663493 -0.045041397
vn -0.25242305 0.96761686 0.00042582926
vn -0.20175695 0.97880137 -0.035241883
vn 0.20176977 0.97886354 -0.033392925
vn 0.24013744 0.97072893 -0.0043955012
vn 0.33818612 0.9410727 0.0035055752
vn 0.19437182 0.98092794 2.4703269e-14
vn -0.25216639 0.96663511 -0.045041401
vn 0.33789003 0.94024873 -0.041983724
vn 0.23992001 0.96985173 -0.042731859
vn 0.24288346 0.96922445 -0.040144194
vn 0.31469321 0.94107872 -0.12385099
vn 0.30952018 0.94155735 -0.13291754
vn -0.24245046 0.96186984 -0.12658688
vn -0.24502899 0.96148145 -0.12455602
vn -0.24279083 0.96935171 -0.037547927
vn 0.24505696 0.96122026 -0.12650172
vn -0.30324048 0.94614965 -0.11334027
vn 0.89988267 0.31535825 -0.30126449
vn 0.87613368 0.3250351 -0.35600841
vn 0.36157048 0.911847 -0.19442683
vn 0.30781823 0.92846888 -0.20783049
vn -0.30324051 0.94614947 -0.11334184
vn 0.49670762 0.80605721 -0.32179704
vn 0.50156015 0.80451965 -0.3180967
vn -0.313667 0.92031378 -0.23374252
vn -0.87888867 0.31821087 -0.3553822
vn -0.86779946 0.3310186 -0.37060875
vn -0.58666354 0.75973737 -0.28040144
vn -0.49704 0.80621088 -0.32089755
vn 0.35626218 0.90645671 -0.22674552
vn 0.80870265 0.53124827 -0.2525377
vn 0.70724183 0.6222226 -0.33563086
vn 0.85210896 0.44220036 -0.2799449
vn -0.7209909 0.62236381 -0.30468896
vn -0.80340916 0.54401559 -0.2420346
vn -0.80341822 0.54400522 -0.2420278
vn -0.39728063 0.89274967 -0.21252322
vn -0.38079274 0.89410067 -0.23575586
vn -0.99806988 -4.2171882e-06 0.062100958
vn -0.99586678 -3.0595922e-06 -0.090826325
vn 0.99854475 -3.2194989e-06 0.053929824
vn -0.88785845 0.37876856 -0.26123109
vn 0.93794662 0.12525833 -0.32336748
vn -0.91788381 0.13250217 -0.37407556
vn -0.94449157 0.11337905 -0.30835178
vn -0.15251803 0.98830068 -0.00013584377
vn -0.15236638 0.98732489 -0.04442985
vn -0.21102805 0.95447159 -0.21083443
vn -0.24091296 0.94770151 -0.20933898
vn -0.24280344 0.94754618 -0.20785253
vn 0.29029056 0.93441361 -0.20640393
vn 0.30781764 0.92846906 -0.20783035
vn 0.24279463 0.94724351 -0.20923796
vn 0.24242151 0.9621312 -0.12464083
vn -0.91348112 0.12238342 -0.38803935
vn -0.1525178 0.98830074 -0.00013568393
vn -0.15236618 0.98732495 -0.04442985
vn 0.23972625 0.96906549 -0.058680229
vn 0.23992071 0.96985155 -0.042731851
vn -0.78363454 0.54876274 -0.29116377
vn 0.13985072 0.99016523 0.0038214268
vn 0.13974454 0.98942024 -0.038974907
vn 0.36353105 0.89281845 -0.26593307
vn 0.32919514 0.92226624 -0.20262156
vn 0.32919103 0.92226928 -0.2026145
vn 0.43987963 0.85264814 -0.28195214
vn 0.35376611 0.8826741 -0.3094123
vn -0.37093079 0.90234989 -0.21948819
vn -0.37093052 0.90234965 -0.21948963
vn -0.43946877 0.85239744 -0.28334752
vn -0.33695802 0.88706648 -0.31555083
vn -0.95562029 0.0011011822 -0.29459915
vn -0.97429925 -0.0068314159 -0.22515394
vn 0.96865749 0.022389617 -0.24738912
vn 0.93840164 -0.021988498 -0.34484616
vn 0.91571993 0.10108165 -0.38889527
vn -0.14639242 0.98102897 -0.12708832
vn -0.14717816 0.98098671 -0.12650549
vn -0.1458002 0.98854589 -0.038977768
vn 0.14718252 0.98091263 -0.1270739
vn 0.14591104 0.98831379 -0.044111799
vn 0.57064694 0.74395144 -0.34770441
vn 0.55682737 0.74935603 -0.35834175
vn -0.55878735 0.75003868 -0.35383427
vn -0.65994304 0.68788314 -0.30214557
vn 0.9157216 0.10108765 -0.38888979
vn -0.91347909 0.12237807 -0.38804585
vn -0.012196186 0.99992561 -1.550048e-15
vn 0.13984922 0.99016541 0.0038214268
vn 0.13971029 0.98919815 -0.044362225
vn -0.11951231 0.95432317 -0.27383232
vn -0.051021446 0.99869752 0.00013276233
vn -0.05097438 0.99777633 -0.042942356
vn -0.050984152 0.99869943 0.0001327623
vn -0.050939165 0.99777806 -0.042943634
vn 0.13985536 0.99016458 0.0038215884
vn 0.13971768 0.98919713 -0.044362184
vn -0.050989121 0.99869919 0.00013289224
vn 7.4773367e-15 0.99937874 -0.03524353
vn 0.04457039 0.99899685 -0.0043276222
vn -0.048623741 0.99789339 -0.042948376
vn -0.050947368 0.99786347 -0.040900867
vn 0.84947747 0.44752738 -0.27947673
vn 0.75856239 0.5402714 -0.36426634
vn 0.044534381 0.99816972 -0.040913418
vn 0.048583202 0.99810892 -0.037658971
vn -0.73424852 0.5537113 -0.39278865
vn -0.83967656 0.45281509 -0.29983634
vn -0.048909143 0.99060035 -0.12774524
vn -0.049065214 0.99060696 -0.12763412
vn 0.049064182 0.99059278 -0.1277446
vn 0.14638585 0.9811033 -0.12652086
vn 0.81875116 0.45411557 -0.35131979
vn -0.8316136 0.43424764 -0.34619045
vn -0.80364043 0.45885196 -0.37896824
vn 0.41987795 0.83778608 -0.3490229
vn 0.41803229 0.83818698 -0.35027361
vn 0.29024243 0.93317109 -0.21201667
vn -0.14653996 0.96623117 -0.21195124
vn -0.14663206 0.96623212 -0.21188325
vn 0.24092047 0.94800472 -0.20795295
vn 0.14663051 0.96621811 -0.21194828
vn 0.86267281 0.29326576 -0.41205686
vn 0.90717077 0.19963919 -0.37038547
vn 0.87721455 0.31447104 -0.36277071
vn 0.83817309 0.32462859 -0.43827179
vn 0.29800838 0.91208547 -0.28158671
vn -0.50052011 0.803918 -0.32124048
vn -0.41928977 0.83735985 -0.35074854
vn 0.04890696 0.99061465 -0.12763512
vn -0.11951232 0.95432317 -0.27383226
vn -0.8365863 0.33703095 -0.4318952
vn -0.90295666 0.20836577 -0.37583628
vn -0.84726763 0.32665414 -0.41884917
vn 0.92309314 0.076268561 -0.37693784
vn 0.91572183 0.10108452 -0.38889
vn -0.93733233 0.037001815 -0.34646636
vn -0.9149003 0.095015965 -0.3923384
vn -0.43480277 0.8611266 -0.26345313
vn -0.11951018 0.95432347 -0.27383217
vn -0.23615421 0.92920184 -0.28428006
vn -0.23979472 0.92912781 -0.28146055
vn 0.27544561 0.91925794 -0.28123751
vn 0.23972894 0.92836452 -0.28402358
vn 0.92075628 0.077899911 -0.3822819
vn 0.86851275 0.21435279 -0.44692111
vn 0.86702567 0.21688727 -0.44858268
vn -0.8625952 0.22478944 -0.45320991
vn -0.049134873 0.97561032 -0.21393979
vn -0.048992459 0.97559547 -0.21404013
vn 0.048990771 0.97561723 -0.21394129
vn 0.146539 0.96624559 -0.2118862
vn 0.70439804 0.62506199 -0.3363345
vn 0.70444059 0.62502819 -0.33630818
vn 0.62397516 0.68134761 -0.38264921
vn -0.78198266 0.54907858 -0.29498437
vn -0.60168761 0.69562846 -0.39252141
vn -0.62486887 0.6814695 -0.38097015
vn -0.99807036 -1.9235397e-06 0.062093306
vn -0.9995569 -1.7595711e-06 -0.029764919
vn -0.99476814 -0.025057711 -0.099037737
vn 0.99867851 -2.982568e-06 0.051393572
vn 0.99867862 -2.5847182e-06 0.051390801
vn 0.98769003 -0.030111395 0.15349808
vn 0.99867862 -2.4788751e-06 0.05139067
vn 0.9995569 -2.4396586e-06 -0.029766802
vn 0.9947682 -0.025057493 -0.099037133
vn 0.049132939 0.97558874 -0.21403866
vn -0.91467941 0.0064738542 -0.40412828
vn -0.91694635 0.0044511864 -0.39898568
vn 0.91467983 0.0064735068 -0.40412739
vn 0.91694617 0.0044513624 -0.39898613
vn 0.47791392 0.78703845 -0.39008808
vn 0.47336349 0.78827721 -0.39312348
vn 0.31366324 0.90792626 -0.27800223
vn 0.052030478 0.94391644 -0.32605916
vn -0.47378907 0.78848761 -0.39218765
vn -0.5680331 0.74297756 -0.35400954
vn -0.92036146 0.0072261617 -0.39100197
vn -0.90853566 0.027281411 -0.41691568
vn -0.9203611 0.0072256858 -0.3910028
vn 0.91165423 0.018671682 -0.41053373
vn 0.91643161 0.0089198034 -0.40009192
vn 0.9164319 0.0089211045 -0.40009123
vn 0.91643101 0.0089199385 -0.40009326
vn -0.14434499 0.94702828 -0.28688315
vn -0.1458441 0.94712746 -0.28579548
vn 0.23621713 0.92996699 -0.28171414
vn 0.14582714 0.9468205 -0.28681955
vn 0.34000635 0.87687105 -0.33984232
vn 0.3136622 0.90792722 -0.27800032
vn 0.33999881 0.87688142 -0.33982322
vn 0.33078042 0.86616844 -0.37461519
vn -0.36129197 0.86817622 -0.34020308
vn -0.36129221 0.86817646 -0.34020218
vn -0.36129248 0.86817604 -0.34020308
vn -0.41792589 0.83812809 -0.35054138
vn -0.33758733 0.86393571 -0.37369764
vn -0.36129135 0.86817729 -0.34020105
vn 0.8234368 0.43177408 -0.36813444
vn 0.80249512 0.43313047 -0.41036522
vn 0.52949256 0.7569719 -0.3829245
vn 0.75856 0.5402742 -0.36426711
vn -0.73425812 0.55370057 -0.39278588
vn -0.79952312 0.43644768 -0.41264531
vn -0.88326991 0.13167121 -0.44999665
vn -0.048516203 0.9562366 -0.28854415
vn -0.048898201 0.95629656 -0.28828084
vn 0.048895087 0.95621902 -0.28853849
vn 0.14435978 0.94733602 -0.28585798
vn 0.79612195 0.33893967 -0.50130802
vn 0.82556921 0.30157113 -0.4769595
vn 0.052030627 0.94391757 -0.32605582
vn 0.52949268 0.75696862 -0.38293082
vn -0.2287119 0.86773801 -0.44127274
vn 0.53111768 0.79762441 -0.28584844
vn 0.23479235 0.91507399 -0.32789049
vn -0.7342481 0.55371314 -0.3927868
vn 0.75855958 0.5402748 -0.36426714
vn 0.048516244 0.95631438 -0.28828621
vn -0.86191887 0.22655554 -0.4536171
vn -0.79364729 0.34183502 -0.50326216
vn 0.23722932 0.90178055 -0.36126739
vn 0.88659912 0.11213282 -0.44874066
vn -0.21693295 0.90326822 -0.3701981
vn 0.69739074 0.62480652 -0.35108832
vn 0.68451029 0.62394571 -0.37701112
vn 0.53009963 0.72735113 -0.43583801
vn 0.59198588 0.69858986 -0.40190163
vn 0.5919885 0.69858831 -0.40190044
vn 0.88660008 0.11213242 -0.44873893
vn -0.54243922 0.73285389 -0.41071266
vn -0.60703826 0.6970579 -0.38159513
vn -0.60703099 0.69706392 -0.38159564
vn 0.39005145 0.81957912 -0.41970214
vn 0.39466906 0.81876546 -0.41696462
vn -0.88326883 0.13167164 -0.44999859
vn -0.39383176 0.8180545 -0.419146
vn -0.47695786 0.78644985 -0.39243832
vn 0.72276717 0.55661422 -0.40961963
vn 0.72196501 0.556521 -0.41115797
vn -0.19892099 0.91518408 -0.35052615
vn -0.13831033 0.92487121 -0.35423645
vn -0.14302212 0.92542213 -0.35091096
vn 0.2372299 0.90178013 -0.36126804
vn 0.21467972 0.91207325 -0.34933501
vn 0.14293982 0.92425704 -0.35400155
vn -0.71024597 0.55779606 -0.42943475
vn -0.72085387 0.55919862 -0.40947121
vn -0.65148127 0.70528209 -0.27955192
vn -0.73132843 0.54589933 -0.40884307
vn -0.99340624 -0.0062553938 -0.11447694
vn -0.97983819 0.00476225 -0.19973589
vn 0.98912746 0.029923571 -0.14398417
vn 0.96098298 -0.029796399 -0.27499792
vn 0.81023037 0.38350236 -0.44322985
vn 0.82255495 0.36556014 -0.43562496
vn 0.2947455 0.88922673 -0.34985837
vn -0.75323379 0.45692995 -0.47313198
vn -0.80181915 0.42429 -0.42078978
vn 0.88659948 0.11213029 -0.44874063
vn -0.9002198 0.082368717 -0.42757425
vn -0.88014764 0.12478875 -0.45800433
vn -0.18154533 0.90860593 -0.37613374
vn 0.73379463 0.426947 -0.52845216
vn 0.79132223 0.36733195 -0.48874983
vn -0.046476446 0.93402439 -0.35417286
vn -0.048066933 0.9343465 -0.35310936
vn 0.048056521 0.93395442 -0.35414648
vn 0.1383882 0.92603791 -0.35114461
vn 0.046483822 0.93441659 -0.35313585
vn 0.29474744 0.88922465 -0.34986198
vn 0.32104382 0.84151065 -0.43450049
vn 0.3093138 0.84386265 -0.43842986
vn 0.32198936 0.84264296 -0.4315967
vn -0.32032612 0.84078652 -0.43642774
vn -0.39039773 0.81993455 -0.41868478
vn -0.33900616 0.8622641 -0.37626511
vn -0.57003957 0.68565851 -0.45268893
vn 0.65557349 0.62038147 -0.43052319
vn 0.88995862 0.098375842 -0.44530419
vn 0.82705176 0.24090149 -0.50788963
vn 0.8405388 0.22069894 -0.49475905
vn 0.65552998 0.62042016 -0.43053374
vn 0.4787347 0.75391877 -0.44991064
vn 0.57919037 0.69455385 -0.42677093
vn 0.47873014 0.75392073 -0.44991222
vn 0.4429498 0.76422197 -0.46878591
vn -0.5700345 0.68566221 -0.45268977
vn -0.45282415 0.77102429 -0.44774085
vn -0.38999072 0.78470969 -0.48180696
vn -0.59253877 0.69300026 -0.41066831
vn -0.59253442 0.69300336 -0.4106693
vn 0.21398699 0.9058916 -0.36547229
vn -0.2935805 0.8873862 -0.35546619
vn -0.18154536 0.90860617 -0.37613308
vn -0.83111709 0.23269427 -0.505072
vn -0.92247653 0.01136307 -0.38588595
vn -0.92387897 0.011683172 -0.38250634
vn -0.93310124 0.0010582811 -0.35961226
vn -0.92387831 0.011683115 -0.38250792
vn 0.93227845 0.0043755556 -0.36171508
vn 0.92709649 0.010642469 -0.37467164
vn 0.92084545 0.0092949411 -0.38981703
vn 0.92707622 0.010638463 -0.37472191
vn 0.71273327 0.5387795 -0.44914132
vn 0.67884314 0.56062961 -0.47420084
vn 0.72637105 0.54159528 -0.42315441
vn 0.77721161 0.45571724 -0.43389392
vn 0.2925896 0.86231303 -0.41328871
vn 0.22416607 0.87674159 -0.42552757
vn -0.71011108 0.54151183 -0.45000798
vn -0.67522955 0.5638327 -0.4755604
vn 0.58129895 0.69523937 -0.42276916
vn 0.28563008 0.85178035 -0.43918753
vn -0.24167375 0.84876823 -0.47030443
vn -0.28472048 0.85173064 -0.43987402
vn -0.31044593 0.84542865 -0.43459609
vn -0.29358244 0.88738883 -0.35545802
vn 0.75250918 0.45215628 -0.47883675
vn 0.66003215 0.51529884 -0.54664856
vn -0.21519487 0.8870011 -0.40855876
vn -0.12732755 0.90088832 -0.41495532
vn -0.13665266 0.90241981 -0.40861297
vn 0.18956518 0.89181232 -0.41077468
vn 0.22416568 0.87674189 -0.42552719
vn 0.1364426 0.89978689 -0.41444781
vn -0.65541679 0.51990879 -0.54783547
vn -0.79109269 0.34828043 -0.50286496
vn -0.7373423 0.43525147 -0.51660669
vn -0.74956799 0.45630509 -0.47951382
vn -0.9085077 0.026984235 -0.41699597
vn -0.90851057 0.026987949 -0.41698942
vn -0.90832973 0.026921213 -0.41738749
vn 0.91356093 0.02113587 -0.40615237
vn 0.91356665 0.021140292 -0.40613919
vn 0.9098888 0.022071101 -0.41426471
vn 0.36593184 0.7954855 -0.483008
vn 0.36591476 0.79549122 -0.48301148
vn 0.36469936 0.79586649 -0.4833124
vn -0.888915 0.097219072 -0.4476366
vn -0.042918447 0.91012615 -0.41210237
vn -0.045905851 0.91084975 -0.41017732
vn 0.045882136 0.91000623 -0.41204792
vn 0.12752205 0.90352827 -0.40911469
vn -0.36644611 0.79762393 -0.47907546
vn -0.39891937 0.79236734 -0.46153805
vn -0.39891759 0.79236794 -0.46153855
vn 0.20828338 0.87943321 -0.42803657
vn -0.25229177 0.8966924 -0.36371911
vn 0.61663395 0.64130139 -0.45661259
vn -0.58373731 0.66592813 -0.46453261
vn -0.16298372 0.8614589 -0.48096243
vn 0.042938069 0.91097003 -0.4102315
vn 0.73224121 0.38755322 -0.56002259
vn 0.77787888 0.33894825 -0.52916777
vn -0.56546164 0.68403429 -0.46081474
vn 0.55073822 0.68422347 -0.47804353
vn 0.61360466 0.64462751 -0.45600957
vn -0.7625131 0.34760341 -0.54566073
vn -0.82198757 0.25525364 -0.50909919
vn -0.88890964 0.097222276 -0.44764665
vn 0.89157611 0.097582243 -0.44223261
vn 0.89158446 0.097579785 -0.4422164
vn -0.90659803 0.034861252 -0.42055282
vn -0.88039398 0.12265339 -0.45810756
vn -0.89245677 0.096267007 -0.44074211
vn 0.90046269 0.063857339 -0.43021992
vn 0.89067489 0.097190641 -0.4441309
vn -0.60083866 0.64177048 -0.47657484
vn -0.5497545 0.67813283 -0.48775595
vn 0.55073112 0.68422818 -0.47804496
vn 0.36574069 0.7953046 -0.48345044
vn 0.2585139 0.82350993 -0.50497723
vn 0.28997907 0.8185907 -0.49580383
vn -0.2881712 0.81628144 -0.50064158
vn -0.39429367 0.78843224 -0.47213039
vn 0.20828235 0.87943369 -0.42803603
vn 0.18844201 0.88245618 -0.43099964
vn 0.45954362 0.74214828 -0.48788893
vn -0.32116091 0.82993853 -0.45613346
vn -0.16298369 0.86145872 -0.48096275
vn -0.99955696 -2.3521472e-06 -0.02976438
vn -0.99903935 0.0038804493 -0.043650329
vn -0.99903619 0.0038711256 -0.043723475
vn -0.99354327 -0.0057180994 -0.11330957
vn 0.99439269 -0.0013257167 -0.10574206
vn 0.99439275 -0.0013256175 -0.10574147
vn 0.99954188 0.00054067344 -0.03026109
vn 0.9953385 0.0020455415 -0.096421614
vn 0.98410487 -0.033904824 -0.17432171
vn 0.59777981 0.63710731 -0.48657334
vn 0.25602108 0.84107339 -0.47649637
vn 0.20709391 0.85034674 -0.48375869
vn -0.59526259 0.63903242 -0.48713449
vn 0.6481114 0.49062985 -0.58243799
vn 0.7258935 0.4255124 -0.54038674
vn -0.14720343 0.87185186 -0.46712467
vn -0.1106148 0.87604505 -0.46937132
vn -0.12563567 0.8791883 -0.45961249
vn 0.15857626 0.87030095 -0.46629372
vn 0.20709439 0.85034645 -0.48375911
vn 0.1252529 0.87451261 -0.46855029
vn 0.45953965 0.74215096 -0.4878886
vn -0.3916125 0.78611851 -0.4781813
vn -0.70719594 0.42921337 -0.56182718
vn -0.73165917 0.40048486 -0.55162191
vn 0.26192936 0.82875484 -0.49452853
vn 0.25044563 0.83117527 -0.4964118
vn -0.23490591 0.83754462 -0.4932932
vn -0.32116145 0.82993942 -0.45613143
vn -0.27554733 0.8290413 -0.48658416
vn -0.23490453 0.8375451 -0.49329311
vn -0.94075334 0.014256798 -0.33879179
vn -0.96191841 -0.011806597 -0.2730816
vn -0.94075394 0.014257905 -0.33879018
vn -0.94075823 0.014263964 -0.33877799
vn -0.95451814 0.0066530458 -0.29807869
vn 0.92897135 -0.00058229757 -0.3701511
vn 0.94563884 0.013817245 -0.32492509
vn 0.95507687 0.0038646015 -0.29633304
vn 0.92897606 -0.00057606027 -0.3701393
vn 0.88982612 0.10218828 -0.44471011
vn 0.81894451 0.26596606 -0.50851935
vn 0.83649671 0.24047258 -0.49238822
vn 0.67913169 0.56074727 -0.47364822
vn 0.5794602 0.61003488 -0.54044729
vn -0.037390161 0.88559055 -0.46295938
vn -0.042315893 0.88695407 -0.4599151
vn 0.042272955 0.88541836 -0.4628686
vn 0.11095116 0.88073897 -0.46042237
vn -0.57542962 0.6135819 -0.5407384
vn -0.67609799 0.56419522 -0.47389373
vn 0.037426941 0.88712722 -0.4600049
vn -0.82538444 0.2551924 -0.50360435
vn 0.18517926 0.85377699 -0.48659375
vn -0.1287176 0.86521447 -0.48459852
vn 0.47476593 0.72831953 -0.49411336
vn 0.35209337 0.78181946 -0.51457614
vn -0.46401864 0.7223658 -0.51271272
vn -0.36997226 0.76670378 -0.52467686
vn -0.90659493 0.034857277 -0.42055988
vn -0.92712677 -0.0072399294 -0.37467793
vn 0.93719268 -0.066788085 -0.34235835
vn 0.90046263 0.063857257 -0.43022007
vn 0.35207647 0.78182608 -0.51457757
vn -0.36997259 0.76670367 -0.52467686
vn 0.88854253 0.10391901 -0.4468703
vn 0.35209045 0.78182024 -0.51457697
vn -0.88038552 0.12266432 -0.45812091
vn 0.55591267 0.58463359 -0.59090155
vn 0.67831731 0.52265519 -0.51644665
vn -0.99670196 -0.012869757 0.080122195
vn -0.99670047 -0.012875848 0.080140002
vn -0.99989486 -2.5745219e-06 0.014502331
vn -0.99670088 -0.01287487 0.080134623
vn 0.99867857 -2.7560866e-06 0.051391304
vn 0.99950141 -2.3429486e-06 -0.031574715
vn -0.90500581 0.094348326 -0.41480458
vn -0.67451423 0.52785623 -0.51613796
vn -0.55063039 0.58983272 -0.59068054
vn -0.65254533 0.50343764 -0.56633478
vn 0.90950853 0.091343656 -0.40552506
vn -0.90500689 0.094347879 -0.41480243
vn 0.90948117 0.09134981 -0.40558502
vn 0.90928876 0.092172347 -0.4058302
vn 0.9097054 0.091310903 -0.40509066
vn -0.89911544 0.1149219 -0.42235574
vn -0.91036832 0.093550563 -0.40308532
vn 0.70774287 0.43491817 -0.55672812
vn 0.75189954 0.39163092 -0.5303511
vn 0.18517935 0.85377693 -0.48659381
vn 0.15712012 0.85752964 -0.48985326
vn -0.24146247 0.8488099 -0.47033775
vn -0.12871751 0.86521369 -0.48459986
vn 0.5764342 0.66306365 -0.47756693
vn 0.47214544 0.72619283 -0.4997226
vn -0.36997268 0.76670361 -0.52467686
vn -0.47013813 0.72743112 -0.49981409
vn -0.57326698 0.66543937 -0.47807476
vn 0.25226927 0.8137666 -0.52358776
vn 0.3332828 0.79395747 -0.50848216
vn -0.81457198 0.28302255 -0.50633067
vn -0.73573154 0.40142694 -0.54548645
vn -0.24074008 0.84759235 -0.47289684
vn 0.25226748 0.81376708 -0.52358788
vn -0.32859761 0.79005474 -0.5175299
vn -0.22553679 0.82093668 -0.52459133
vn -0.15338546 0.84951508 -0.50477427
vn -0.08388292 0.8566584 -0.50901878
vn -0.10965588 0.86307371 -0.49303085
vn 0.14801551 0.85021931 -0.50519156
vn 0.15885593 0.84587252 -0.50918013
vn 0.17170747 0.83707488 -0.51944411
vn 0.10900775 0.8545658 -0.50777417
vn 0.24125747 0.79613334 -0.55494732
vn 0.18857531 0.83458227 -0.51760191
vn -0.21494144 0.82487303 -0.52286196
vn -0.2280615 0.8254602 -0.51633656
vn -0.028325982 0.86796153 -0.495823
vn -0.037020445 0.87058234 -0.49062803
vn 0.03694801 0.86771727 -0.49568298
vn 0.084381551 0.86521333 -0.49425262
vn 0.25226012 0.81377006 -0.52358675
vn 0.56086141 0.65233225 -0.50980103
vn -0.55809724 0.65484971 -0.50960702
vn 0.028381841 0.87082857 -0.49076682
vn 0.1909605 0.83985823 -0.50810653
vn -0.97803712 0.0022032619 -0.20841908
vn -0.97803319 0.0022238859 -0.20843749
vn -0.95955205 0.015385189 -0.2811105
vn -0.95954621 0.01538742 -0.28113034
vn -0.96902412 0.064755842 -0.23832536
vn -0.98804682 -0.10267111 -0.11498728
vn 0.96447623 0.022415755 -0.26321691
vn 0.96447635 0.022415752 -0.26321653
vn 0.98332965 -0.021862609 -0.18051265
vn 0.98237264 -0.015816921 -0.1862628
vn 0.9503364 -0.029717369 -0.3098025
vn 0.96447623 0.02241577 -0.26321688
vn -0.92372423 0.10335778 -0.36885056
vn 0.90929586 0.092171654 -0.40581459
vn 0.90928954 0.092170961 -0.40582883
vn -0.92372966 0.10335677 -0.36883724
vn -0.92372495 0.10335729 -0.36884886
vn 0.19075765 0.83996415 -0.50800765
vn -0.13547394 0.84359008 -0.51961774
vn 0.60119081 0.55536634 -0.5745762
vn 0.67443299 0.50174749 -0.54165447
vn 0.92711675 0.11384042 -0.35706428
vn 0.84269738 0.26839465 -0.46671772
vn -0.66084504 0.50710011 -0.55329317
vn -0.70583063 0.4511328 -0.54615229
vn -0.64431918 0.51688951 -0.56362933
vn -0.83565801 0.28575352 -0.46906352
vn 0.60648513 0.62809134 -0.48752135
vn 0.47412601 0.67532665 -0.56492341
vn -0.46976084 0.6792714 -0.56383961
vn -0.60279411 0.63220304 -0.48678386
vn 0.44773719 0.74917811 -0.48812252
vn 0.33520085 0.79648656 -0.50323904
vn -0.33393446 0.79716253 -0.50301057
vn -0.44516391 0.75067776 -0.48817205
vn 0.93290591 0.088155136 -0.34916359
vn 0.92782986 0.088425711 -0.36237082
vn -0.944749 0.11230519 -0.30795589
vn -0.92356801 0.11261281 -0.36652479
vn 0.19075553 0.83996606 -0.50800526
vn 0.14777878 0.84771079 -0.50945836
vn 0.9462266 0.13824381 -0.29247877
vn -0.20990367 0.82963145 -0.51735109
vn -0.13547395 0.84359014 -0.51961762
vn 0.51787573 0.63603306 -0.57207227
vn 0.5799911 0.6012823 -0.54960889
vn 0.86070478 0.28446504 -0.42221668
vn 0.84022021 0.28127709 -0.46358731
vn -0.51314181 0.63045937 -0.58241433
vn -0.58812207 0.6161924 -0.5238505
vn -0.94467008 0.11268012 -0.30806115
vn -0.94477594 0.11252747 -0.30779222
vn 0.95573109 0.088927813 -0.28048155
vn 0.94465852 0.10457995 -0.3109394
vn 0.44422597 0.74552345 -0.49684817
vn 0.50535083 0.71326685 -0.48566544
vn -0.85394919 0.30334172 -0.42279375
vn -0.8327567 0.29941913 -0.46568704
vn -0.50161099 0.71600151 -0.48551854
vn -0.44190416 0.74725395 -0.4963187
vn -0.12701212 0.86103183 -0.49243492
vn -0.069165699 0.86598325 -0.49526674
vn -0.08465869 0.87001514 -0.4857021
vn 0.12721319 0.86100924 -0.49242243
vn 0.084367305 0.86496705 -0.49468592
vn 0.7358492 0.44593865 -0.50957304
vn -0.19580059 0.84832627 -0.49193966
vn -0.12351369 0.86035681 -0.49450028
vn 0.95573121 0.088927805 -0.2804811
vn -0.94467658 0.11268007 -0.30804116
vn 0.19075492 0.83996469 -0.50800776
vn 0.20149969 0.84386802 -0.49727729
vn 0.30852136 0.81553245 -0.48961347
vn -0.19580057 0.84832627 -0.49193972
vn -0.18996932 0.84649056 -0.49735841
vn -0.30682525 0.81630731 -0.48938805
vn -0.96595526 0.1146041 -0.23194046
vn -0.96458834 0.11881921 -0.23548104
vn -0.72736001 0.46011639 -0.50915647
vn 0.028419664 0.87279677 -0.48725569
vn 0.069403522 0.87104398 -0.48627716
vn -0.022795737 0.8729229 -0.48732537
vn -0.028454505 0.87464142 -0.48393461
vn 0.022823544 0.87476778 -0.48400453
vn 0.9649508 0.15351747 -0.21284346
vn -0.98338354 0.11020608 -0.1442619
vn -0.98338366 0.11020532 -0.14426135
vn 0.98259616 0.0042703287 -0.18570565
vn 0.98259598 0.0042699324 -0.18570644
vn 0.99398565 0.018447861 -0.10794508
vn 0.97531396 0.089723095 -0.20177321
vn 0.96758032 0.089649074 -0.23611736
vn 0.49397507 0.70231837 -0.51257926
vn 0.88308144 0.30111048 -0.3598606
vn 0.8585369 0.29610327 -0.41861352
vn -0.96595865 0.11460418 -0.23192625
vn -0.98212183 0.11955798 -0.14540479
vn -0.49078444 0.70544863 -0.51134419
vn 0.11036213 0.85310501 -0.50993341
vn -0.98212153 0.11955598 -0.1454086
vn -0.12351377 0.86035687 -0.49450019
vn 0.97531384 0.089722529 -0.20177394
vn 0.98031658 0.1552005 -0.12203345
vn -0.87662816 0.32139072 -0.35809374
vn -0.85142606 0.31549108 -0.4189738
vn -0.98260683 0.1160386 -0.14497887
vn -0.98204154 0.11785232 -0.14732718
vn 0.98941463 0.08802738 -0.1153684
vn 0.98117679 0.11518676 -0.1549972
vn 0.98941469 0.08802738 -0.1153677
vn -0.99245435 0.11263352 -0.048457168
vn -0.99245793 0.11263324 -0.048384368
vn 0.99049002 0.12867324 -0.048711043
vn 0.99374706 0.10604437 -0.034948535
vn 0.74779099 0.47757816 -0.46122417
vn 0.72707486 0.4679926 -0.5023396
vn -0.61028492 0.57618511 -0.54365712
vn -0.48370063 0.67312104 -0.559412
vn -0.55180889 0.66348821 -0.50526261
vn -0.051118907 0.10179659 0.99349099
vn 0.051004659 0.10179551 0.99349695
vn 0.014368699 0.12660772 0.99184877
vn -0.050408304 -0.19418922 0.97966808
vn -0.050393451 -0.19418925 0.97966886
vn 0.080119796 0.020473428 0.99657494
vn 0.079517432 -0.12421983 0.98906338
vn 0.15826839 -0.12370251 0.97961664
vn -0.05097552 0.1016728 0.99351102
vn 0.1258107 0.11289693 0.98560941
vn 0.079510599 -0.124206 0.98906571
vn 0.0019144665 0.12936997 0.99159455
vn -0.22507682 0.038070217 0.97359699
vn 0.064755052 -0.5894413 0.8052116
vn -0.081518598 0.053761374 0.99522078
vn -0.15339459 0.043422077 0.98721051
vn 0.077657044 0.24720599 0.96584606
vn 0.16197002 0.092450179 0.98245543
vn 0.18192399 -0.029818861 0.98286039
vn -0.15346523 0.043424316 0.98719943
vn -0.15322971 0.065174818 0.98603898
vn -0.17278214 0.04760072 0.98380917
vn 0.36640662 -0.56156635 0.74188232
vn 0.18192025 -0.029809492 0.98286134
vn -0.15324172 0.065175533 0.98603708
vn -0.23120984 0.098769173 0.96787739
vn -0.12400135 0.14266443 0.98197275
vn -0.15314573 0.072937667 0.98550826
vn -0.25411004 -0.020015955 0.96696818
vn 0.28140634 0.062191289 0.95757127
vn 0.27197286 0.079420075 0.95902199
vn 0.18193428 -0.029809376 0.98285872
vn -0.25409973 -0.020016022 0.96697086
vn 0.28140262 0.062192913 0.95757222
vn 0.2813898 0.062192429 0.95757604
vn -0.35125202 0.067604214 0.93383706
vn -0.35126072 0.06760449 0.93383378
vn -0.25313053 0.091553487 0.9630903
vn -0.26923138 0.087349206 0.95910615
vn 0.37659594 0.11063789 0.91974711
vn 0.38276505 0.1035969 0.91801882
vn -0.35157126 0.052909371 0.93466479
vn -0.32505164 0.1418691 0.93499446
vn -0.38181433 0.10689451 0.9180367
vn 0.37848035 -0.047806405 0.92437392
vn 0.32590315 0.14196917 0.93468279
vn 0.37848219 -0.047806401 0.92437321
vn -0.44624174 -0.0065768645 0.89488828
vn -0.4462426 -0.0065768631 0.89488786
vn 0.4718073 0.017881224 0.88152033
vn 0.44612783 0.079822339 0.89140248
vn 0.47180712 0.017881339 0.88152045
vn 0.47181299 0.017881408 0.88151729
vn -0.44569972 0.049752913 0.89379889
vn -0.53467441 0.062644012 0.84273303
vn -0.53812551 0.054988701 0.8410691
vn -0.45310658 0.046689287 0.89023286
vn 0.55924457 0.047064647 0.82766563
vn 0.53311771 0.087333627 0.84152144
vn -0.53468782 0.062644191 0.84272456
vn -0.61803788 0.069810577 0.78304255
vn -0.60745931 0.088155657 0.78944397
vn 0.55924773 0.047064681 0.82766354
vn 0.64065814 0.063185848 0.76522201
vn 0.60570955 0.10282355 0.7890141
vn 0.63578868 0.13810778 0.75940698
vn 0.64065856 0.063185781 0.76522166
vn 0.67485303 0.063230589 0.73523825
vn -0.61803126 0.069807656 0.78304803
vn -0.61813766 0.069808327 0.78296399
vn -0.67178351 0.10487998 0.73328519
vn -0.69513267 0.069805056 0.71548432
vn 0.71546394 0.070234075 0.6951105
vn -0.69513345 0.069805056 0.71548355
vn 0.71546167 0.070234098 0.69511282
vn -0.75912833 0.14068337 0.63555676
vn -0.7333495 0.061538659 0.67706096
vn -0.76532352 0.060975809 0.640751
vn 0.78310478 0.068673238 0.61808646
vn 0.78309661 0.068673439 0.61809677
vn 0.73181152 0.10327984 0.67363578
vn -0.76533258 0.060979269 0.64073986
vn 0.78310329 0.068675131 0.61808813
vn -0.7879625 0.1009275 0.60739505
vn -0.82782978 0.042566907 0.55936205
vn 0.84286177 0.06019203 0.53475314
vn 0.78826493 0.084133588 0.60955715
vn -0.82783103 0.042566866 0.55936021
vn 0.84285814 0.060192175 0.53475893
vn -0.84122407 0.084985182 0.53396589
vn -0.88161653 0.010178246 0.47185665
vn 0.89387447 0.048024822 0.44573766
vn 0.84022653 0.047241207 0.54017371
vn -0.88161373 0.010178364 0.47186193
vn -0.88161349 0.010177974 0.47186235
vn 0.89411312 -0.042133775 0.44585472
vn 0.89020592 0.041834805 0.4536334
vn -0.92143112 -0.092901595 0.3772718
vn -0.92142832 -0.09290152 0.37727857
vn 0.89411569 -0.04213383 0.44584966
vn -0.89214921 0.091312841 0.4424158
vn 0.93294036 0.080483325 0.35091981
vn 0.93304235 0.12818563 0.33615541
vn 0.91852504 0.11259662 0.3789905
vn 0.9344914 0.056329258 0.35150081
vn -0.91851658 0.1033645 0.38163212
vn -0.92133021 0.094022937 0.37724045
vn -0.94120318 0.12655711 0.31324098
vn -0.9580943 0.052748308 0.28155449
vn 0.96343839 0.087677903 0.25317797
vn 0.93449193 0.056329198 0.35149938
vn -0.95809227 0.052748617 0.28156129
vn -0.95809323 0.052750688 0.28155774
vn 0.96314567 -0.091061495 0.25309724
vn 0.96058267 0.080936089 0.2659516
vn -0.94884539 0.26239067 0.17562333
vn 0.97838444 0.14017381 0.15203676
vn 0.9795506 0.12309324 0.15914984
vn 0.96885252 0.11320011 0.22025102
vn 0.98690295 0.050001036 0.1533705
vn 0.96314615 -0.091061518 0.25309551
vn -0.9785648 -0.097991504 0.18113138
vn -0.97856271 -0.098003112 0.18113641
vn -0.94175726 -0.095228039 0.32252887
vn 0.98690313 0.050000966 0.1533694
vn -0.99677646 -0.0037171517 0.080142878
vn -0.9781971 0.089782745 0.18726853
vn -0.97682869 0.1762563 0.12140592
vn -0.95809025 0.27592701 0.076989397
vn -0.98298687 0.069310978 0.17009659
vn 0.98782611 0.025128368 0.15351923
vn 0.99742579 0.050073709 0.051326215
vn -0.99677581 -0.0037168351 0.080151312
vn -0.99677664 -0.0037151577 0.080140717
vn 0.98782712 0.025129231 0.15351267
vn 0.98449033 0.025830593 0.17352666
vn 0.99503917 0.085293755 0.05120638
vn 0.98305994 0.18279146 -0.013434434
vn 0.98453915 0.11051053 0.13590485
vn 0.99585134 0.083648041 0.035820641
vn 0.9930563 0.1059614 0.051102031
vn -0.9921295 0.096516021 0.079772539
vn -0.99213111 0.09651418 0.079754755
vn -0.99402988 0.090861574 0.060404602
vn -0.99161577 0.12809902 0.016994147
vn -0.99517936 0.097003855 0.014433976
vn -0.99339038 0.11060334 0.030698996
vn -0.99360698 0.096856065 -0.058000833
vn 0.1689226 0.054696236 0.98411047
vn 0.629206 0.57382864 -0.52423328
vn -0.73899126 0.49317387 -0.45898956
vn -0.71786499 0.4827854 -0.5015856
vn 0.31139904 0.82013083 -0.48001671
vn 0.39192852 0.79044378 -0.47073418
vn 0.94700432 0.24970044 0.20207053
vn 0.93979043 0.13658127 0.31327221
vn -0.96047521 0.074531883 0.26820213
vn -0.045426313 0.13431755 0.9898966
vn 0.05770351 0.13584311 0.98904848
vn 0.034442365 0.15879795 0.98671013
vn -0.38886711 0.79223275 -0.47026548
vn -0.30983883 0.82115382 -0.47927687
vn -0.62187904 0.5840413 -0.52169174
vn 0.88790721 0.20423482 0.41220015
vn 0.8720659 0.13646862 0.46997592
vn -0.88789457 0.20425308 0.4122183
vn -0.8720544 0.1364869 0.46999192
vn 0.90686774 0.31650054 -0.27824149
vn 0.88132697 0.31027728 -0.35635763
vn -0.46643704 0.14968503 0.8717975
vn -0.41190317 0.21456061 0.88560688
vn 0.41195226 0.21459404 0.88557595
vn 0.46647403 0.14973338 0.87176943
vn 0.50033391 0.70160991 -0.50735539
vn 0.46748725 0.70557415 -0.53256059
vn 0.40899011 0.73784548 -0.53694612
vn -0.20348901 0.2666432 0.94206882
vn -0.30790231 0.15932277 0.93798316
vn 0.26565135 0.098206155 0.95905417
vn -0.48006159 0.68989277 -0.54183835
vn -0.90058583 0.33781269 -0.27354655
vn -0.87463009 0.33070111 -0.35448402
vn 0.16800533 0.86884284 -0.46571052
vn 0.11652079 0.87634915 -0.46737042
vn -0.18513322 0.85040289 -0.49248409
vn -0.12351389 0.86035848 -0.49449733
vn 0.16800849 0.86884046 -0.46571386
vn 0.11652066 0.8763473 -0.46737388
vn 0.97418815 0.20318393 0.098355435
vn -0.97550148 0.1460014 0.16456154
vn 0.82938713 0.26065409 0.49414212
vn 0.81892163 0.21323246 0.53282195
vn -0.82937145 0.26066673 0.49416178
vn -0.81890815 0.21325068 0.53283542
vn 0.92800832 0.32757434 -0.17747013
vn 0.90581107 0.32148886 -0.27595508
vn -0.097469583 0.8834241 -0.45832467
vn -0.056647714 0.88622528 -0.45977792
vn -0.070253141 0.88965255 -0.4512015
vn 0.10579985 0.88266867 -0.45793274
vn 0.070065737 0.88546914 -0.45938563
vn -0.097374067 0.23034304 0.96822536
vn -0.092080489 0.22940232 0.96896636
vn 0.16117999 0.17506713 0.97127366
vn 0.14992797 0.20273887 0.96768719
vn -0.49402836 0.26730901 0.82733423
vn -0.53034002 0.22212169 0.81816953
vn 0.53036976 0.22215354 0.81814164
vn 0.49406499 0.2673319 0.8273049
vn 0.76563257 0.50938851 -0.39284867
vn 0.74026144 0.49602512 -0.45384148
vn -0.99460328 0.096964732 0.036907353
vn -0.9936052 0.096876457 -0.057997219
vn 0.9940272 0.1060665 0.025687529
vn 0.99305785 0.10597076 -0.051051546
vn -0.94614804 0.19445843 0.2588239
vn -0.92160094 0.34919128 -0.16946131
vn -0.89948219 0.34246373 -0.27138597
vn 0.39007539 0.78794801 -0.47642323
vn 0.41447541 0.77721685 -0.47343856
vn 0.54367846 0.65913898 -0.51956671
vn 0.61133236 0.60383576 -0.51152235
vn -0.018776529 0.89169896 -0.45223936
vn -0.023094961 0.89294326 -0.44957641
vn 0.023075238 0.89161867 -0.45219874
vn 0.056798328 0.89041638 -0.45158902
vn -0.75653708 0.52619094 -0.38829726
vn -0.73090816 0.51191705 -0.45134708
vn -0.41027883 0.780159 -0.47225338
vn -0.38733706 0.79015166 -0.47500566
vn 0.88565212 0.3592889 0.29416281
vn 0.88388091 0.27558732 0.37789705
vn -0.88563985 0.35930967 0.29417446
vn -0.88387018 0.27560851 0.37790665
vn -0.92720252 0.26051369 0.26912466
vn 0.018791521 0.89302379 -0.44961694
vn 0.62886852 0.61706531 -0.47302723
vn 0.16800904 0.86884189 -0.46571103
vn 0.17229065 0.87046725 -0.46108857
vn 0.2665593 0.84932059 -0.45563221
vn 0.76768547 0.29539749 0.56868213
vn 0.76150239 0.26703462 0.59059858
vn -0.76766455 0.295403 0.56870747
vn -0.76148331 0.2670466 0.59061772
vn 0.9416241 0.32994026 -0.066958673
vn 0.99305797 0.10596976 -0.05105152
vn 0.92839605 0.32602274 -0.17829753
vn -0.17558545 0.8760621 -0.44909346
vn -0.17558783 0.87606299 -0.44909081
vn -0.17558676 0.87606025 -0.44909656
vn -0.15606986 0.87368828 -0.46077213
vn -0.26450297 0.85031539 -0.45497468
vn -0.60322499 0.61432028 -0.50865525
vn -0.50154239 0.69272202 -0.51825809
vn -0.50256085 0.69236761 -0.51774484
vn 0.25713584 0.21665354 0.94177622
vn -0.050910663 0.10182012 0.99349928
vn 0.050994016 0.10181968 0.99349505
vn -0.56846195 0.29897183 0.76646388
vn -0.5887292 0.2723228 0.76107705
vn 0.56849319 0.29898748 0.76643461
vn 0.58875614 0.27234426 0.7610485
vn 0.9438892 0.29655558 0.14535476
vn 0.94420737 0.29624057 0.14392366
vn 0.99402714 0.10606673 0.025687484
vn -0.95017302 0.31167769 -0.0053106551
vn -0.94899708 0.31128308 -0.050073892
vn -0.29462105 0.37007359 0.88104707
vn -0.37330976 0.29060194 0.88101667
vn 0.29467073 0.37012604 0.88100845
vn 0.37335098 0.29066616 0.88097799
vn 0.26689789 0.27656642 0.92318827
vn -0.62101346 0.62821865 -0.46870419
vn -0.94898075 0.31133285 -0.050074272
vn -0.94898492 0.31132054 -0.050071921
vn -0.93381321 0.35042915 -0.072057419
vn -0.92230695 0.34664989 -0.17083254
vn -0.10543274 0.88607854 -0.45138541
vn -0.95015705 0.31172633 -0.0053160111
vn 0.93506473 0.35447654 -0.00058230711
vn 0.94236201 0.33086526 0.049820058
vn 0.94144362 0.33051902 -0.066641673
vn 0.7046814 0.30876485 0.63881797
vn 0.70242971 0.29871857 0.64603388
vn -0.70466107 0.30876455 0.63884056
vn -0.70241058 0.29872271 0.64605278
vn -0.96169114 0.26572055 0.067399889
vn -0.94731706 0.28370461 0.14866772
vn -0.94257915 0.30315626 0.1401457
vn 0.0095959585 0.31625855 0.94862449
vn -0.0095686363 0.31625757 0.94862509
vn -0.64483494 0.30111548 0.70250791
vn -0.63905644 0.30930543 0.70422792
vn 0.6390878 0.30930671 0.70419896
vn 0.64485747 0.30112925 0.70248133
vn -0.14058974 0.31720474 0.93787831
vn -0.14474015 0.31811377 0.93693858
vn 0.93189418 0.36206338 0.02198498
vn -0.92321765 0.38412765 0.010728186
vn -0.92351758 0.38338023 0.011615389
vn 0.14550979 0.3083038 0.94009346
vn 0.065225869 0.29032332 0.95470309
vn 0.13951801 0.32221761 0.93632823
vn 0.78665823 0.53810394 -0.30267635
vn 0.75990713 0.52265322 -0.38649032
vn -0.3851462 0.76247126 -0.51990384
vn -0.43950531 0.76218539 -0.47529837
vn 0.098165497 0.8784427 -0.46765584
vn -0.94402087 0.30971742 0.11357705
vn -0.87507546 0.48248324 -0.038116746
vn -0.10543699 0.88608086 -0.45137978
vn -0.022451386 0.38250956 0.9236787
vn -0.0056271367 0.37690955 0.92623299
vn 0.012214454 0.40305305 0.91509509
vn 0.01315662 0.40225652 0.91543245
vn 0.85669631 0.48685938 0.17040941
vn 0.87503362 0.39926791 0.27368098
vn 0.90657717 0.37894556 0.18579042
vn -0.91382819 0.32494867 0.24357004
vn 0.81730914 0.44082862 0.37104702
vn 0.81742656 0.38151202 0.43158126
vn -0.81741172 0.3815327 0.43159115
vn -0.81729311 0.44084466 0.37106332
vn -0.77720976 0.55561036 -0.29536769
vn -0.75050789 0.53937143 -0.381859
vn 0.37732649 0.78995955 -0.48331007
vn 0.43089864 0.79851532 -0.4203566
vn 0.30834553 0.81771183 -0.48607653
vn 0.47938854 0.71865481 -0.50370818
vn 0.51670212 0.69408762 -0.50125968
vn -0.42952031 0.39039558 0.81431174
vn -0.37154618 0.44790822 0.813223
vn 0.42954701 0.39044437 0.81427425
vn 0.37158787 0.44793999 0.81318647
vn -0.18331599 0.39490703 0.90024644
vn -0.17232738 0.49733084 0.85027367
vn -0.26947927 0.41427904 0.86934102
vn 0.24091756 0.34318319 0.9078458
vn -0.42683211 0.80191302 -0.41803095
vn -0.30440775 0.82097942 -0.48304108
vn -0.10571379 0.31448016 0.94335932
vn 0.052462809 0.31582659 0.9473654
vn 0.63527459 0.6599223 -0.40115923
vn 0.6134643 0.64155269 -0.46051246
vn 0.88334417 0.46419656 0.064996906
vn 0.88454551 0.46251854 0.060463712
vn -0.89552397 0.4278163 0.12251548
vn -0.89829254 0.42101282 0.12577234
vn 0.53034896 0.70797169 -0.46637544
vn 0.80725026 0.55844384 -0.19101711
vn 0.78382534 0.54409081 -0.29930422
vn 0.26995605 0.85598308 -0.44092709
vn 0.31873736 0.84095252 -0.43727031
vn -0.62689376 0.67174071 -0.39467531
vn -0.60503399 0.65271348 -0.45595938
vn -0.52393746 0.71620786 -0.46101612
vn -0.26805767 0.85733962 -0.43944719
vn -0.31530443 0.84291536 -0.43597803
vn 0.74928552 0.4962922 0.43848062
vn 0.74952668 0.45674944 0.47915521
vn -0.74926698 0.4963088 0.43849349
vn -0.74950892 0.45676407 0.47916901
vn -0.060093444 0.47714522 0.87676746
vn -0.065709956 0.47917658 0.87525541
vn 0.12232359 0.44215766 0.88855702
vn 0.12415486 0.43827164 0.89022666
vn -0.79737413 0.57575864 -0.18082176
vn -0.77447844 0.56104726 -0.29224837
vn -0.43975696 0.50034332 0.74583536
vn -0.47844046 0.46219629 0.74663866
vn 0.43979013 0.50036174 0.74580348
vn 0.4784649 0.46222425 0.74660569
vn -0.86131817 0.45657638 0.2228656
vn -0.85058105 0.52581459 0.0055533918
vn -0.84957159 0.52518737 -0.049054872
vn -0.10543691 0.88607955 -0.45138243
vn 0.94236183 0.33086574 0.049819842
vn 0.94144487 0.33051538 -0.06664183
vn 0.17652346 0.86736315 -0.46531782
vn 0.098165341 0.87844002 -0.46766081
vn 0.83817267 0.54166353 -0.063774608
vn 0.82286119 0.56301337 -0.076911956
vn 0.80936718 0.55448568 -0.19357273
vn 0.83958215 0.54257047 -0.026816763
vn 0.7733199 0.58566755 0.24283703
vn 0.78804171 0.5263536 0.31928375
vn -0.78802794 0.52636898 0.31929249
vn -0.83421105 0.50305748 0.2258874
vn -0.77330482 0.58568347 0.24284658
vn 0.042427164 0.51922745 0.85358232
vn 0.013194514 0.5173887 0.85564882
vn 0.011827725 0.51965481 0.85429442
vn 0.80296981 0.59074569 0.079114012
vn 0.8065328 0.58046442 0.1120978
vn 0.22191742 0.46982101 0.85441262
vn -0.84957379 0.5251838 -0.049054999
vn -0.81194156 0.57846308 -0.078302898
vn -0.80023956 0.57071042 -0.18413661
vn -0.85058415 0.52580965 0.0055555278
vn 0.68489188 0.52892107 0.50116426
vn 0.68477845 0.50604975 0.5243969
vn -0.68487072 0.52892995 0.50118381
vn -0.68475771 0.50606561 0.52440864
vn 0.42920837 0.764292 -0.48128775
vn 0.44497818 0.75559431 -0.48069918
vn -0.50252956 0.53115153 0.6821599
vn -0.52496749 0.50871307 0.68236363
vn 0.5249902 0.50872874 0.68233448
vn 0.5025605 0.53115875 0.68213147
vn 0.13887893 0.89918602 -0.41494238
vn 0.080452852 0.90579677 -0.41600424
vn 0.087080009 0.90722919 -0.41152439
vn -0.24429896 0.59162772 0.76830637
vn -0.31760293 0.53407896 0.78351009
vn 0.22512206 0.51215005 0.82886815
vn 0.31763157 0.53413945 0.78345722
vn 0.2443424 0.59167236 0.76825815
vn 0.042402968 0.5191803 0.85361224
vn 0.011852089 0.51960754 0.85432285
vn -0.073404357 0.90823168 -0.41197947
vn -0.057447724 0.90918446 -0.41241163
vn 0.057447139 0.90918463 -0.41241139
vn -0.83511835 0.54086143 0.10023111
vn 0.82637841 0.56306654 0.0074040438
vn -0.43943614 0.761545 -0.4763875
vn -0.35118517 0.80549848 -0.47732717
vn -0.41608885 0.8060168 -0.42095965
vn -0.11233547 0.58965272 0.79980648
vn -0.082044818 0.59927744 0.7963261
vn 0.62461352 0.54127812 0.56291735
vn 0.62440652 0.53355151 0.5704729
vn -0.62459242 0.54128218 0.56293684
vn -0.6243856 0.53355902 0.57048875
vn 0.64654303 0.69828933 -0.30720368
vn 0.62347192 0.67728275 -0.39060321
vn -0.57149315 0.53464741 0.62253332
vn -0.56462067 0.54179263 0.62262684
vn 0.56464887 0.54178977 0.62260383
vn 0.57151347 0.53465265 0.62251019
vn -0.019106129 0.92125279 -0.38849491
vn 0.019032987 0.91439164 -0.40438312
vn 0.043917723 0.91367489 -0.40406615
vn -0.02923242 0.91543531 -0.40140209
vn 0.014495752 0.91573048 -0.40153146
vn 0.1009578 0.55199999 0.82770979
vn 0.50683814 0.7361719 -0.44851536
vn 0.45529965 0.7685498 -0.44948131
vn -0.63763881 0.71022666 -0.29832006
vn -0.61482567 0.68881005 -0.38409647
vn -0.015685663 0.5631538 0.82620323
vn 0.71731317 0.68604696 0.12166082
vn 0.74427259 0.63614196 0.2034249
vn -0.74425882 0.63615698 0.20342833
vn -0.79381263 0.59968299 0.10120195
vn -0.71729851 0.68606144 0.12166575
vn 0.52400541 0.75561357 -0.39302224
vn 0.13887903 0.89918637 -0.41494161
vn 0.14266922 0.90077686 -0.41017863
vn 0.21382363 0.88767701 -0.40780994
vn -0.49999145 0.74412906 -0.44303551
vn -0.44996688 0.77502191 -0.4437013
vn 0.33263353 0.86486667 -0.37597954
vn 0.23311889 0.87152815 -0.43138641
vn -0.14617121 0.90595716 -0.39733562
vn -0.14617103 0.90595663 -0.39733696
vn -0.21151403 0.88883287 -0.40649468
vn -0.12854917 0.90345585 -0.4089531
vn -0.14616992 0.90595663 -0.39733735
vn 0.69495738 0.65268695 0.30171838
vn 0.70510864 0.61301118 0.35642549
vn -0.69493937 0.65270168 0.3017281
vn -0.70509142 0.61302578 0.35643443
vn -0.3292256 0.86713427 -0.37374941
vn -0.22987545 0.87380379 -0.42851391
vn -0.51717764 0.76404506 -0.38569739
vn -0.1251488 0.69069678 0.71223289
vn -0.20385556 0.64195031 0.73914999
vn 0.20388629 0.64201504 0.73908532
vn 0.10257227 0.60731661 0.7878105
vn 0.12518972 0.69074929 0.71217477
vn -0.35748175 0.61719561 0.7009111
vn -0.30452725 0.65618837 0.69042015
vn 0.30455777 0.65621561 0.69038075
vn 0.35750231 0.61723238 0.70086825
vn 0.69914132 0.71368903 0.043004684
vn 0.67302167 0.73953569 0.011347361
vn 0.71302134 0.69340277 0.10388996
vn 0.75135034 0.65936637 0.026620831
vn -0.70904064 0.70428282 0.035314213
vn -0.67301071 0.73954564 0.011351562
vn -0.71301132 0.69341284 0.10389175
vn -0.75672996 0.65356529 0.014566978
vn -0.70902419 0.70429903 0.035320356
vn -0.08568307 0.91315717 -0.39850026
vn 0.30038697 0.85271513 -0.42736942
vn 0.40052548 0.82401395 -0.40072477
vn 0.35567796 0.83049476 -0.42868596
vn 0.34564188 0.83643758 -0.42532793
vn 0.66039175 0.72593433 -0.19209924
vn 0.64019811 0.70669365 -0.30121496
vn -0.6510241 0.7371785 -0.18092948
vn -0.63148636 0.71804363 -0.29264033
vn -0.016386325 0.66097003 0.75023335
vn -0.027224362 0.68578964 0.72729045
vn -0.10524546 0.69921625 0.70712095
vn -0.015892357 0.74445552 0.66748291
vn 0.025181029 0.66515768 0.74627823
vn 0.10527053 0.69930196 0.70703244
vn 0.01594143 0.74451947 0.66741043
vn -0.7087037 0.70394409 -0.046923608
vn 0.080453366 0.90579706 -0.41600347
vn -0.085683942 0.91315764 -0.39849886
vn 0.62517983 0.69564801 0.35387006
vn 0.63127625 0.67009163 0.39047083
vn -0.63125676 0.67010528 0.39047888
vn -0.62516063 0.69565874 0.35388288
vn 0.69855744 0.71307486 -0.059512217
vn 0.0009094589 0.68604428 0.72755927
vn 0.69967186 0.71421689 -0.018801808
vn 0.69855702 0.71307528 -0.059512179
vn 0.67496401 0.73542774 -0.059746198
vn 0.66251409 0.72345847 -0.19412102
vn -0.35718653 0.69774085 0.62094724
vn -0.39323643 0.67213333 0.62737697
vn 0.39325568 0.67215598 0.62734067
vn 0.35721114 0.69775867 0.62091309
vn 0.42497358 0.79813045 -0.42706588
vn -0.7086944 0.70395344 -0.046922762
vn 0.62881976 0.75702828 0.17746513
vn 0.64675981 0.72470635 0.23770255
vn -0.6288029 0.75704074 0.17747177
vn -0.64674306 0.72471994 0.23770663
vn -0.70870048 0.70394731 -0.046923056
vn -0.6641413 0.74397224 -0.073631607
vn -0.65399617 0.73385704 -0.18369237
vn -0.70936245 0.70460641 -0.018297072
vn -0.41937348 0.80413026 -0.42130798
vn -0.32482299 0.84814268 -0.41850215
vn -0.37795973 0.84875292 -0.36981741
vn 0.69966829 0.71422035 -0.018804159
vn 0.69763833 0.71214277 -0.078443781
vn 0.52370775 0.79776829 -0.29882425
vn 0.50558376 0.77564126 -0.37784341
vn 0.43804926 0.81642634 -0.37624583
vn 0.56414562 0.72016966 0.40385062
vn 0.56711298 0.70563084 0.42481527
vn -0.56412643 0.72017711 0.4038642
vn -0.56709367 0.70563996 0.42482588
vn -0.18103804 0.75993294 0.62428129
vn -0.24075641 0.72727633 0.6427328
vn 0.18107273 0.75996333 0.62423426
vn 0.24077597 0.72731793 0.64267844
vn -0.5165233 0.80587351 -0.28943327
vn -0.49864113 0.78358138 -0.37061739
vn -0.40750346 0.72136497 0.55997634
vn -0.42847487 0.70656019 0.56318909
vn 0.40752864 0.7213707 0.55995059
vn 0.42848876 0.70657426 0.5631609
vn 0.3400023 0.87437457 -0.34621897
vn 0.23904455 0.88550019 -0.39843082
vn -0.43248248 0.82280791 -0.36870855
vn -0.00084472628 0.6860286 0.72757411
vn 0.00091936503 0.68602854 0.72757405
vn -0.31894025 0.8481456 -0.42299664
vn 0.5104444 0.72949815 0.45527902
vn 0.51120216 0.72474134 0.46197656
vn -0.51042366 0.72950286 0.4552947
vn -0.51118129 0.72474748 0.46199006
vn -0.46575093 0.72494018 0.50748187
vn -0.45881894 0.72995007 0.50661433
vn 0.46576625 0.72494376 0.50746268
vn 0.45884374 0.72994679 0.50659657
vn 0.22435239 0.91273803 -0.3414312
vn 0.15472533 0.91141874 -0.38128197
vn 0.57283622 0.81654888 0.071460232
vn 0.59630519 0.79143423 0.13435757
vn -0.57282197 0.81655854 0.071463794
vn -0.59629238 0.79144317 0.13436192
vn -0.15252283 0.912866 -0.37869832
vn -0.22203626 0.91408771 -0.33932805
vn -0.085683912 0.91315699 -0.39850044
vn 0.14723003 0.89798141 -0.41467175
vn 0.080453359 0.90579689 -0.41600391
vn 0.54327941 0.83946747 -0.011910226
vn 0.57704502 0.81397098 0.066860303
vn 0.59967887 0.79954982 0.033246044
vn -0.55889583 0.82784325 0.048072621
vn -0.57703567 0.81397742 0.06686262
vn -0.65063018 0.75776517 -0.049722157
vn -0.55888623 0.82784939 0.048078462
vn -0.5432682 0.83947474 -0.011908592
vn 0.55372322 0.8024146 0.22253397
vn 0.56500417 0.78113627 0.26569977
vn -0.56498647 0.78114742 0.26570463
vn -0.55370569 0.80242449 0.22254197
vn -0.076323397 0.81931943 0.5682345
vn -0.13843082 0.79392052 0.59205329
vn 0.076358996 0.81935555 0.56817764
vn 0.1384518 0.79396647 0.59198678
vn 0.52846062 0.82845515 -0.18544906
vn 0.51265967 0.80838317 -0.28930387
vn -0.052351393 0.93394905 -0.3535513
vn -0.020816691 0.93502885 -0.35396007
vn -0.029591687 0.93907928 -0.3424243
vn 0.064297855 0.93236417 -0.3557567
vn 0.061819546 0.93344277 -0.35335949
vn 0.044398688 0.9343093 -0.35368749
vn -0.27015033 0.78276551 0.56062192
vn -0.22747771 0.80425221 0.54902852
vn 0.27016759 0.78278786 0.56058246
vn 0.22750354 0.80426896 0.54899323
vn -0.50580269 0.81583065 -0.28032839
vn -0.5210554 0.83555251 -0.17422186
vn 0.10603424 0.9285652 -0.3557013
vn 0.0076638209 0.84377939 0.53663546
vn -0.068378866 0.81874853 0.57006598
vn -0.014956995 0.79601538 0.60509157
vn 0.068392657 0.81880772 0.56997931
vn 0.014893844 0.79604191 0.60505825
vn -0.0076281265 0.84382474 0.53656459
vn 0.014666658 0.93831056 -0.34548253
vn 0.031496841 0.9379459 -0.34534827
vn 0.077159643 0.80766648 0.58456928
vn -0.076462835 0.80773038 0.58457255
vn 0.010197144 0.93944186 -0.34255651
vn -0.55888909 0.82787913 -0.047530912
vn 0.31101462 0.88334244 -0.35067946
vn 0.41382951 0.83744103 -0.35698417
vn 0.38636178 0.88029289 -0.27533436
vn 0.5453732 0.83017421 -0.11566717
vn 0.54817283 0.83441716 -0.057048481
vn 0.42757443 0.85819137 -0.28405574
vn 0.53775674 0.84105849 -0.058637343
vn 0.52807504 0.82877564 -0.18511516
vn -0.408308 0.84321147 -0.34968412
vn -0.30694914 0.88771981 -0.34312645
vn -0.34641421 0.88718599 -0.30479211
vn 0.49076167 0.83064926 0.26301101
vn 0.49730512 0.81694061 0.29205415
vn -0.49074444 0.83065659 0.26302007
vn -0.49728772 0.81694889 0.29206055
vn -0.55888218 0.82788384 -0.047530133
vn -0.42187488 0.86402249 -0.27474841
vn -0.52995211 0.84599489 -0.058680311
vn -0.55888337 0.82788301 -0.047529984
vn -0.52158839 0.83512509 -0.17467576
vn 0.49182296 0.86296177 0.11578924
vn 0.50616342 0.84723836 0.16120103
vn -0.5061484 0.84724665 0.16120435
vn -0.49180767 0.86296988 0.11579383
vn -0.26835355 0.83203936 0.48548627
vn -0.29801041 0.81772435 0.49245986
vn 0.26837942 0.83204573 0.485461
vn 0.29802504 0.81773651 0.49243075
vn 0.11477794 0.93234652 -0.34286439
vn 0.10603447 0.92856604 -0.35569909
vn -0.11065131 0.93496716 -0.33703524
vn -0.1061224 0.93421692 -0.34055367
vn -0.11065205 0.93496734 -0.33703446
vn -0.11065125 0.93496698 -0.33703572
vn -0.12132218 0.86507177 0.48675632
vn -0.16718128 0.84874666 0.50167668
vn -0.066384293 0.93916351 -0.33699408
vn 0.12134748 0.86509234 0.48671347
vn 0.16719769 0.84877205 0.50162828
vn 0.54537207 0.8301748 -0.11566776
vn 0.54792798 0.83404934 -0.064316779
vn -0.55638206 0.82420403 -0.10548358
vn -0.23981358 0.89947647 -0.36528277
vn -0.26432681 0.90183073 -0.3418079
vn 0.43773264 0.84663838 0.30264434
vn 0.44094583 0.83876604 0.31943431
vn -0.44092861 0.83877206 0.3194423
vn -0.43771586 0.84664297 0.3026557
vn 0.25431222 0.92016828 -0.29768381
vn 0.17132364 0.92358446 -0.34298679
vn 0.45180708 0.89152879 0.032354571
vn 0.47027299 0.87845582 0.084608793
vn -0.45179477 0.89153486 0.032358486
vn -0.47026056 0.87846237 0.084610216
vn -0.30821499 0.84751284 0.43211749
vn -0.32551301 0.83922327 0.43559793
vn 0.32553107 0.83922702 0.43557718
vn 0.30823448 0.84751582 0.4320977
vn -0.25076574 0.92229533 -0.29408818
vn -0.16850948 0.92576188 -0.33848119
vn 0.46314636 0.88624716 -0.0078405803
vn -0.5563795 0.82420623 -0.1054799
vn -0.51259613 0.85830289 0.023692491
vn 0.39238504 0.85289884 0.3443799
vn 0.39323902 0.85032511 0.34972894
vn -0.39236876 0.85290003 0.34439558
vn -0.39322197 0.85032862 0.34973946
vn -0.35561869 0.85036343 0.38783675
vn -0.34968174 0.85327965 0.38682875
vn 0.34969884 0.85327977 0.3868131
vn 0.35563332 0.85036474 0.38782051
vn 0.42386916 0.88862991 -0.17513371
vn 0.41194442 0.86994618 -0.27110049
vn 0.060499538 0.93262905 -0.3557286
vn 0.32197991 0.89462304 -0.30980405
vn 0.077160537 0.80766755 0.58456767
vn -0.076463796 0.80773151 0.58457083
vn -0.037482779 0.89453506 0.44542351
vn -0.089343078 0.88119197 0.46423972
vn 0.089354634 0.88122183 0.46418077
vn 0.03751165 0.89455819 0.44537455
vn -0.066384085 0.93916339 -0.33699447
vn 0.54885417 0.83542854 0.028604472
vn 0.54792881 0.83404875 -0.06431704
vn -0.55816019 0.82682824 -0.069370478
vn 0.42659923 0.8916316 0.15167801
vn 0.43530673 0.88121074 0.18432495
vn -0.42658332 0.89163828 0.1516833
vn -0.43529096 0.8812176 0.18432929
vn -0.40670434 0.87508756 -0.26232299
vn -0.41821989 0.89335799 -0.16432779
vn -0.027202874 0.8616032 0.50685298
vn -0.1010469 0.88740009 0.44978946
vn 0.10009674 0.8874858 0.44983289
vn 0.099278934 0.88724059 0.4504973
vn 0.026965104 0.86189407 0.50637084
vn 0.32392836 0.90870035 -0.26331368
vn -0.19117089 0.88239461 0.42992264
vn -0.15771738 0.89338475 0.42070052
vn 0.15773934 0.89339459 0.42067134
vn 0.1911817 0.88240874 0.42988876
vn -0.29850686 0.9205128 -0.25209093
vn -0.32280952 0.91878581 -0.22721496
vn 0.54885191 0.83543009 0.028603844
vn 0.54792678 0.83405012 -0.064316779
vn 0.42003611 0.89107066 -0.17193812
vn 0.42716792 0.90220016 -0.059685841
vn -0.42365846 0.90582114 0.0012378691
vn -0.42319268 0.90481758 -0.047043528
vn -0.0054024314 0.89163262 0.45272735
vn -0.0051926891 0.89190358 0.45219576
vn 0.0052130255 0.89190358 0.45219553
vn -0.42190394 0.90539414 -0.047524504
vn -0.41536582 0.89511645 -0.16198088
vn 0.4139964 0.91027141 0.0035973252
vn 0.41266796 0.91087973 0.0018239946
vn 0.41217321 0.90978765 -0.048986197
vn 0.38122141 0.92202735 0.067348473
vn 0.39181364 0.91416603 0.10383893
vn -0.38120863 0.92203236 0.067352377
vn -0.391801 0.9141711 0.10384186
vn 0.37326115 0.90928388 0.18406241
vn 0.37827605 0.90240192 0.20634444
vn -0.37826118 0.90240747 0.20634751
vn -0.373247 0.90928817 0.18406996
vn -0.066384099 0.9391638 -0.33699328
vn 0.2527059 0.91815954 -0.30516022
vn 0.12764712 0.92594624 -0.35542905
vn 0.060499482 0.93262696 -0.35573405
vn -0.19073004 0.91069937 0.36639968
vn -0.21376462 0.90337604 0.37177473
vn 0.21377982 0.90338272 0.37174967
vn 0.19074616 0.91070557 0.36637583
vn 0.35758045 0.93385786 0.0067577618
vn 0.37182781 0.92679781 0.052819584
vn -0.37181774 0.92680174 0.052821551
vn -0.4145005 0.91004419 0.0029857482
vn -0.35756969 0.93386197 0.0067597688
vn -0.073476389 0.9244442 0.37417135
vn -0.11027662 0.91623938 0.38515514
vn 0.0734981 0.92445678 0.37413588
vn 0.11029097 0.9162544 0.38511533
vn -0.2159171 0.93059194 -0.29559854
vn -0.25397176 0.93242407 -0.25706744
vn 0.16777274 0.95063198 -0.26105782
vn 0.11018295 0.94947213 -0.29387483
vn -0.10832446 0.95086092 -0.2900506
vn -0.16540211 0.95190448 -0.25791466
vn 0.30516613 0.92338103 -0.23289709
vn 0.31185824 0.93667781 -0.15930808
vn 0.328886 0.91934413 0.21596396
vn 0.33137268 0.91526371 0.22909492
vn -0.27760077 0.9456374 0.16943337
vn -0.31563419 0.91658729 0.24544403
vn -0.034853946 0.95834112 -0.28349152
vn -0.013017066 0.95884252 -0.28363985
vn -0.021046415 0.96186322 -0.27271998
vn 0.042295661 0.95806575 -0.2834098
vn 0.047412399 0.95629495 -0.28853428
vn 0.031763446 0.95844001 -0.28352052
vn -0.30057806 0.9421761 -0.14817895
vn -0.30851409 0.94089586 -0.13976413
vn 0.074674778 0.95438838 -0.28907874
vn -0.22268656 0.92025864 0.32176816
vn -0.23635821 0.91588956 0.32447046
vn 0.17676103 0.94643807 0.27020454
vn 0.25263655 0.91689807 0.30898654
vn -0.011100637 0.93728417 0.34838936
vn -0.016178366 0.91771358 0.39691311
vn -0.056377597 0.93018001 0.3627488
vn 0.056386176 0.93019879 0.36269933
vn 0.016179714 0.91773176 0.39687109
vn 0.011119619 0.93729997 0.34834629
vn 0.41266707 0.91088009 0.0018234238
vn 0.4121708 0.90978879 -0.048985507
vn -0.4236421 0.90578508 0.0089860307
vn -0.42317438 0.90477794 -0.047961205
vn 0.010288669 0.9620254 -0.27276596
vn 0.013032335 0.96252179 -0.27089098
vn 0.29126945 0.92347383 0.2497163
vn 0.29195794 0.92206872 0.25406668
vn -0.29125518 0.92347533 0.24972741
vn 0.34322238 0.93277675 0.11011759
vn -0.31682366 0.93826413 0.13886376
vn -0.26537549 0.96287906 0.049393948
vn -0.26092577 0.92227972 0.28516293
vn -0.25636265 0.92379326 0.28440148
vn 0.25637871 0.9237926 0.2843892
vn 0.41266879 0.91087931 0.0018241516
vn 0.41217405 0.9097873 -0.048985969
vn 0.30415437 0.9411636 -0.14731342
vn 0.30814868 0.94917381 -0.064136587
vn -0.42364126 0.9057855 0.0089857327
vn -0.42317489 0.90477771 -0.04796128
vn -0.30481091 0.95087117 -0.054169569
vn -0.10283896 0.94258457 0.31773961
vn -0.12988037 0.93695223 0.32442504
vn 0.102854 0.94259149 0.31771421
vn 0.12989153 0.93696028 0.32439741
vn -0.052023254 0.89070994 0.45158547
vn 0.052044209 0.89071113 0.45158067
vn 0.013875933 0.94241464 0.33415878
vn -0.013854567 0.9424153 0.33415782
vn -0.075180806 0.96025878 -0.26879531
vn -0.048343059 0.96216828 -0.26813266
vn 0.29691458 0.95432633 0.033211652
vn 0.30490401 0.95014912 0.065193549
vn -0.29690367 0.95432961 0.033214886
vn -0.30489317 0.95015252 0.065194942
vn -0.30328596 0.95289892 0.0011491575
vn -0.30288649 0.95163262 -0.051527958
vn 0.074674852 0.95438868 -0.2890777
vn 0.074672349 0.95438755 -0.28908205
vn 0.093589373 0.96131951 -0.25904787
vn 0.22347561 0.93923753 -0.26055992
vn 0.22685272 0.94757956 -0.22501293
vn 0.30303007 0.95297033 0.0045126337
vn 0.30005661 0.95389014 0.0077232812
vn -0.3032867 0.95289868 0.0011483334
vn -0.30176148 0.95337647 0.0036449763
vn -0.075180694 0.96025836 -0.26879692
vn -0.0751817 0.96025878 -0.26879501
vn -0.088274807 0.96272552 -0.25567004
vn 0.28092134 0.95184594 0.12277027
vn 0.27750769 0.95485437 0.10603147
vn -0.2809087 0.9518491 0.1227745
vn 0.29963288 0.95250893 -0.054285094
vn -0.20107043 0.95577401 -0.21463169
vn -0.2258783 0.95570862 -0.18867972
vn -0.070678987 0.95277083 0.295351
vn -0.03871204 0.95709938 0.28716227
vn 0.038729213 0.9571079 0.28713149
vn 0.070687436 0.95278102 0.2953161
vn -0.12980108 0.95344424 0.27220538
vn -0.14821184 0.9496628 0.27599597
vn 0.12981696 0.95344776 0.2721855
vn 0.14822218 0.94966757 0.27597415
vn 0.17985505 0.94941223 -0.25742686
vn -0.087765984 0.96807069 0.23481108
vn -0.019656653 0.95444775 0.29772994
vn 0.019357536 0.96765667 0.25152701
vn 0.084468476 0.97073931 0.22478944
vn 0.0095532732 0.95558155 0.29457194
vn 0.084832087 0.97078818 0.22444108
vn 0.084475473 0.9707405 0.2247816
vn -0.18213993 0.9653191 -0.18704039
vn -0.074853249 0.96731174 -0.24229117
vn 0.040035632 0.95668805 -0.288349
vn 0.25027326 0.95573014 0.1547357
vn -0.23564132 0.95690876 0.16970216
vn -0.048342403 0.96216786 -0.26813427
vn -0.16189225 0.95671952 0.24182361
vn 0.17678931 0.95760775 0.22744875
vn 0.22538321 0.97222704 0.063063398
vn 0.24116473 0.96607149 0.092441663
vn -0.24995038 0.9646728 0.083253957
vn 0.2122533 0.96120369 0.17617038
vn 0.20867178 0.96632987 0.15054122
vn -0.15808089 0.96677816 0.20087408
vn -0.18360217 0.96146601 0.20462969
vn 0.17210422 0.96113271 0.21587983
vn -0.22360411 0.96066147 0.16471405
vn -0.085566208 0.96604145 0.243808
vn -0.062594555 0.96899444 0.23902245
vn 0.024684541 0.98147815 0.18997723
vn 0.099182613 0.96789956 0.23093984
vn 0.30006093 0.95390904 0.0045788391
vn 0.22316504 0.97452319 0.022402618
vn 0.23359378 0.9722662 0.011505142
vn -0.20336312 0.97871947 0.027415564
vn -0.2059581 0.97773284 0.040246256
vn -0.24404328 0.96976423 0.0005176618
vn -0.20336358 0.97871941 0.027415453
vn -0.21421491 0.97678244 -0.0028409588
vn 0.20570728 0.95941406 -0.1928969
vn 0.20927151 0.96848792 -0.13504273
vn -0.30288732 0.95163232 -0.05152842
vn 0.29963025 0.95250982 -0.05428382
vn -0.1967417 0.97245187 -0.12502009
vn -0.20713526 0.97165364 -0.11394834
vn -0.04834241 0.9621684 -0.26813245
vn 0.040035613 0.95668674 -0.28835323
vn -0.01468143 0.97546351 0.21967101
vn 0.018639095 0.97623503 0.21591131
vn 0.012232294 0.97414953 0.22557281
vn 0.00086385541 0.97965914 0.20066683
vn 0.043038603 0.98031116 0.1927115
vn 0.04603697 0.97318679 0.2253622
vn 0.046045247 0.97318929 0.22534953
vn 0.052585036 0.97477889 -0.21688919
vn 0.036407821 0.97566968 -0.21620159
vn 0.045713149 0.97328174 0.22501758
vn 0.030329762 0.97726107 0.2098594
vn -0.025804454 0.9738977 0.22551575
vn 0.13552171 0.97322488 -0.18565345
vn 0.13331327 0.97306216 -0.18808936
vn -0.10020425 0.97397155 0.20331894
vn -0.084484592 0.9760161 0.20063624
vn 0.084497169 0.97601837 0.20062004
vn 0.20205814 0.97859049 -0.039155073
vn 0.20143528 0.97870594 -0.039477836
vn 0.19897361 0.97266853 -0.11968888
vn -0.017854119 0.98108172 -0.19276911
vn -0.028916799 0.97861612 -0.20365238
vn -0.005806772 0.97900903 -0.20373414
vn -0.013077295 0.98099202 -0.19360687
vn 0.02421567 0.97873861 -0.20367713
vn 0.013075918 0.97894198 -0.20371947
vn 0.1185709 0.97931832 -0.16394071
vn 0.08291766 0.97946262 -0.18378691
vn 0.20208672 0.97872794 -0.035391599
vn -0.20331812 0.97850293 -0.034551289
vn -0.20331603 0.97850335 -0.034550961
vn -0.19935273 0.97923911 -0.036731683
vn -0.13371727 0.97468996 -0.17916241
vn -0.081869788 0.98048049 -0.17876063
vn -0.11653225 0.98025662 -0.15974104
vn 0.18713702 0.98201245 0.025125824
vn 0.17524268 0.98381835 0.037301902
vn -0.2167868 0.97356284 0.071964584
vn -0.17523246 0.98382008 0.037304781
vn 0.0058075287 0.98105937 -0.19362016
vn 0.16483766 0.98026711 0.10910982
vn 0.16972613 0.97816503 0.11994269
vn -0.17290449 0.97799611 0.11673751
vn -0.12566429 0.97896999 0.16070545
vn -0.11692783 0.98070186 0.15668979
vn 0.12305743 0.97887897 0.16325687
vn -0.047805127 0.97977632 -0.19430123
vn -0.028458169 0.9842847 0.17428081
vn -0.029421706 0.98442006 0.17335361
vn 0.041788477 0.98600268 0.16140763
vn 0.11953047 0.98079222 0.15413994
vn -0.1616706 0.98043531 0.11229075
vn 0.20208715 0.97872788 -0.03539129
vn 0.20205233 0.97856033 -0.039931916
vn -0.20334789 0.97865725 -0.029658863
vn -0.20327461 0.97830647 -0.039949
vn 0.066957213 0.98480159 -0.16025774
vn 0.07603661 0.98723984 -0.13991404
vn 0.052585002 0.97477877 -0.21688986
vn 0.13879059 0.98397249 -0.11196122
vn -0.072894797 0.98497212 -0.15657689
vn -0.047805585 0.9797765 -0.19430038
vn -0.047805112 0.97977626 -0.19430158
vn -0.13728076 0.98615533 -0.093014516
vn -0.12774856 0.98638219 -0.10358819
vn -0.043176256 0.99091834 0.12734459
vn -0.036723338 0.99098033 0.12887722
vn 0.16070366 0.9869945 0.0040252563
vn -0.16659966 0.98598599 0.008725794
vn -0.025804078 0.97389787 0.22551526
vn 0.02582904 0.97389746 0.22551405
vn 0.13681427 0.98993969 0.036072921
vn 0.10988545 0.99193817 0.063117459
vn -0.10987541 0.99193907 0.063121483
vn -0.13680628 0.9899407 0.036074974
vn 0.02008231 0.97630811 -0.2154512
vn -0.031945795 0.98057771 -0.1935119
vn 0.0111861 0.99009633 0.13994327
vn -0.011189489 0.99009633 0.13994323
vn -0.067566626 0.99283016 0.098605491
vn 0.040954553 0.99134392 0.1247394
vn 0.067573331 0.99283069 0.0985955
vn 0.2020511 0.97856057 -0.039931726
vn 0.13043548 0.99082774 -0.035311807
vn 0.12910113 0.98681384 -0.097628489
vn -0.12934847 0.99133164 -0.02303439
vn -0.12484682 0.99176395 -0.028592806
vn 0.20218705 0.97920454 0.016699756
vn 0.00093306362 0.99059385 0.136832
vn -0.018605448 0.99329096 0.11413541
vn 0.20621167 0.97596997 0.070423014
vn -0.12489709 0.99216557 -0.0028724172
vn 0.1232094 0.99237943 -0.0015751813
vn 0.12317038 0.99205923 -0.025447629
vn 0.094889954 0.9935382 0.062271144
vn 0.067160442 0.99369371 0.089790553
vn -0.067153327 0.99369377 0.08979471
vn -0.094883218 0.99353862 0.06227497
vn 0.029607845 0.99014455 -0.13688359
vn -0.031945795 0.98057795 -0.19351059
vn 0.10919946 0.99394631 0.012091272
vn 0.059583552 0.99632215 0.061579134
vn 0.12320942 0.99237943 -0.0015751981
vn -0.1089801 0.9939726 0.011909785
vn -0.058933217 0.99634677 0.061806168
vn -0.12489648 0.99216563 -0.0028719576
vn 0.04304266 0.98952544 -0.13779229
vn 0.029607849 0.99014431 -0.13688523
vn 0.087470479 0.99563694 -0.032495655
vn 0.049493212 0.99488533 -0.088054344
vn -0.022931019 0.99661249 -0.078979544
vn -0.085827708 0.9953112 -0.044600971
vn -0.018824978 0.99272859 -0.11889327
vn -0.014762403 0.99327278 -0.11485333
vn 0.0007588233 0.99290425 -0.11891431
vn -0.0057880096 0.99394733 -0.10970535
vn 0.012363592 0.99282861 -0.1189054
vn 0.0057922518 0.99288785 -0.1189125
vn -0.023845131 0.997123 0.071952127
vn -0.008659617 0.99616385 0.087078251
vn 0.023919037 0.99712837 0.071853571
vn 0.0086569013 0.99616581 0.08705619
vn -0.00075827818 0.99396366 -0.10970716
vn -0.036677361 0.99251246 -0.11650668
vn 0.059649836 0.99756444 -0.036153186
vn 0.059657823 0.99756402 -0.036151789
vn 0.066686153 0.99757826 -0.019763371
vn 0.059649687 0.99756444 -0.036153268
vn -0.059013449 0.99770319 -0.033252575
vn -0.124866 0.99192095 -0.022391222
vn -0.059012305 0.99770325 -0.033252791
vn -0.059012339 0.99770325 -0.033252772
vn 0.043042768 0.98952603 -0.13778788
vn 0.049097635 0.99706322 -0.058773965
vn 0.049097765 0.99706322 -0.058773547
vn 0.055731062 0.99814701 0.024426093
vn 0.071086831 0.9974283 0.0091340719
vn -0.055723544 0.99814737 0.024428539
vn -0.072798967 0.99731904 0.0074217077
vn -0.059041996 0.99822325 0.0080262935
vn -0.036677368 0.99251252 -0.11650627
vn -0.036675654 0.99251175 -0.11651321
vn -0.059666343 0.99735284 -0.041560262
vn 0.059687123 0.99820888 -0.0040662726
vn -0.0076365662 0.99738461 0.071872041
vn -0.0076431702 0.99737746 0.071970664
vn -0.0081876628 0.99805003 0.061880119
vn -0.025020257 0.9986636 0.045222167
vn 0.0081890933 0.99805033 0.061874971
vn 0.0076455758 0.99737746 0.07197047
vn 0.025023777 0.99866384 0.045214999
vn -0.059043191 0.99824214 -0.0051497081
vn 0.059687153 0.99820882 -0.0040662447
vn 0.039302982 0.99893963 0.02397641
vn 0.024926458 0.99895757 0.038242389
vn -0.024922714 0.99895757 0.038243726
vn -0.039298411 0.99893975 0.023978531
vn -0.019476168 0.99314982 -0.11521315
vn 0.0085268561 0.99075323 -0.1354081
vn -0.017240973 0.99725837 0.071961977
vn 0.01724576 0.99725831 0.071961567
vn 0.02326216 0.99814081 -0.056336835
vn -0.059043229 0.99824214 -0.0051496895
vn -0.058995564 0.99741834 -0.040941596
vn 0.02326216 0.99814081 -0.056336455
vn -0.019476179 0.99314898 -0.11522033
vn -0.0043501873 0.99936342 -0.035409156
vn -0.015243501 0.99943233 -0.030044157
vn -0.0043500527 0.99945545 -0.032709833
vn -0.00075121137 0.99946457 -0.032710131
vn 0.00075118343 0.99947214 -0.032478798
vn 0.0025881238 0.99981904 0.018847538
vn -0.0025879974 0.99981904 0.01884776
vn -0.0043515461 0.9996829 -0.024801854
vn -0.0043513416 0.9996829 -0.024801854
vn -0.0058637173 0.99915701 -0.040631048
vn -0.005864616 0.99915695 -0.040632397
vn 0.01005498 0.99947566 -0.030777758
vn 0.004376166 0.99951661 -0.030779405
vn 0.03168257 0.99948597 0.0049052895
vn 0.01006062 0.9998669 0.01284474
vn 0.019108014 0.99980968 0.003932579
vn -0.0043519181 0.99987906 0.014932048
vn -0.0043521617 0.99987906 0.014931809
vn -0.014620303 0.99989301 -0.00051345164
vn -0.0020041524 0.99989629 0.014262882
vn -0.0025885066 0.99981898 0.018848199
vn -0.0024867817 0.99982119 0.018746646
vn 0.0028504569 0.99988127 0.015143589
vn 0.031682432 0.9994511 -0.009680924
vn 0.010059877 0.99992293 -0.007272664
vn 0.010060471 0.99992293 -0.0072713606
vn -0.0058719567 0.99991065 0.012008565
vn -0.0058714948 0.99991065 0.012008106
vn 0.010060471 0.99994308 0.0035523453
vn 0.010060802 0.99994308 0.0035522766
vn 0.0059798029 0.99998212 -3.6831691e-05
vn -0.0043524215 0.99998921 0.0016173329
vn -0.0020850988 0.99982017 0.018848199
vn -0.002083339 0.99982208 0.018746665
vn -0.0059810323 0.99998212 -3.7651429e-05
vn -0.0043523763 0.99998921 0.0016173781

# Mesh '' with 5322 faces
usemtl DefaultMaterial
f  1//1 2//1 3//1
f  2//2 4//2 3//2
f  5//3 1//3 3//3
f  4//4 5//4 3//4
f  1//5 6//5 2//5
f  6//6 4//6 2//6
f  1//7 7//7 6//7
f  7//8 4//8 6//8
f  1//9 8//9 7//9
f  8//10 9//10 7//10
f  9//11 10//11 7//11
f  10//12 4//12 7//12
f  11//13 12//13 13//13
f  14//13 11//13 13//13
f  15//14 14//14 13//14
f  16//15 15//15 13//15
f  17//15 16//15 13//15
f  12//15 17//15 13//15
f  15//14 18//14 14//14
f  19//16 11//16 14//16
f  20//16 19//16 14//16
f  18//16 20//16 14//16
f  21//17 8//17 1//17
f  22//18 21//18 1//18
f  5//19 22//19 1//19
f  8//20 23//20 9//20
f  23//21 10//21 9//21
f  4//22 24//22 5//22
f  24//23 25//23 5//23
f  26//24 27//24 5//24
f  28//25 26//25 5//25
f  25//26 28//26 5//26
f  29//15 22//15 5//15
f  30//15 29//15 5//15
f  27//15 30//15 5//15
f  31//27 32//27 22//27
f  32//28 33//28 22//28
f  33//29 34//29 22//29
f  34//30 21//30 22//30
f  35//15 31//15 22//15
f  29//15 35//15 22//15
f  34//31 8//31 21//31
f  33//32 36//32 34//32
f  36//33 8//33 34//33
f  8//34 37//34 23//34
f  37//35 10//35 23//35
f  38//36 39//36 12//36
f  11//36 38//36 12//36
f  40//15 17//15 12//15
f  39//15 40//15 12//15
f  41//16 38//16 11//16
f  19//16 41//16 11//16
f  10//37 24//37 4//37
f  42//38 37//38 8//38
f  43//39 42//39 8//39
f  36//40 43//40 8//40
f  10//41 44//41 24//41
f  44//42 25//42 24//42
f  45//43 44//43 10//43
f  37//44 45//44 10//44
f  30//45 46//45 41//45
f  29//45 30//45 41//45
f  19//46 29//46 41//46
f  46//16 38//16 41//16
f  35//46 29//46 19//46
f  20//47 35//47 19//47
f  47//15 31//15 35//15
f  20//47 47//47 35//47
f  44//48 28//48 25//48
f  48//49 26//49 28//49
f  44//50 48//50 28//50
f  32//51 36//51 33//51
f  42//52 49//52 37//52
f  49//53 45//53 37//53
f  32//54 50//54 36//54
f  51//55 43//55 36//55
f  50//56 51//56 36//56
f  42//57 52//57 49//57
f  52//58 45//58 49//58
f  53//59 48//59 44//59
f  45//60 53//60 44//60
f  54//61 50//61 32//61
f  31//62 54//62 32//62
f  42//63 55//63 52//63
f  55//64 45//64 52//64
f  56//65 55//65 42//65
f  57//66 56//66 42//66
f  43//67 57//67 42//67
f  55//68 58//68 45//68
f  58//69 53//69 45//69
f  59//61 50//61 54//61
f  31//70 59//70 54//70
f  60//71 57//71 43//71
f  51//72 60//72 43//72
f  61//73 48//73 53//73
f  58//74 62//74 53//74
f  62//75 61//75 53//75
f  48//76 63//76 26//76
f  63//77 27//77 26//77
f  59//78 64//78 50//78
f  64//79 65//79 50//79
f  66//80 51//80 50//80
f  65//81 66//81 50//81
f  56//82 67//82 55//82
f  67//83 58//83 55//83
f  61//84 68//84 48//84
f  68//85 69//85 48//85
f  69//86 63//86 48//86
f  70//87 18//87 15//87
f  71//15 70//15 15//15
f  16//15 71//15 15//15
f  70//87 72//87 18//87
f  73//16 20//16 18//16
f  72//16 73//16 18//16
f  56//88 74//88 67//88
f  74//89 58//89 67//89
f  63//90 69//90 27//90
f  69//91 75//91 27//91
f  75//92 76//92 27//92
f  77//15 30//15 27//15
f  76//15 77//15 27//15
f  64//93 59//93 31//93
f  78//94 79//94 31//94
f  79//95 80//95 31//95
f  80//96 64//96 31//96
f  47//15 78//15 31//15
f  80//97 65//97 64//97
f  56//98 81//98 74//98
f  81//99 58//99 74//99
f  82//100 81//100 56//100
f  83//101 82//101 56//101
f  57//102 83//102 56//102
f  81//103 84//103 58//103
f  84//104 62//104 58//104
f  85//105 86//105 39//105
f  38//105 85//105 39//105
f  87//15 40//15 39//15
f  86//15 87//15 39//15
f  46//16 85//16 38//16
f  88//106 60//106 51//106
f  66//107 88//107 51//107
f  89//108 68//108 61//108
f  62//109 90//109 61//109
f  90//110 89//110 61//110
f  77//111 91//111 46//111
f  30//111 77//111 46//111
f  91//16 85//16 46//16
f  73//112 47//112 20//112
f  92//15 78//15 47//15
f  73//112 92//112 47//112
f  68//113 75//113 69//113
f  93//114 83//114 57//114
f  60//115 93//115 57//115
f  94//116 65//116 80//116
f  79//117 94//117 80//117
f  95//118 96//118 75//118
f  68//119 95//119 75//119
f  96//120 76//120 75//120
f  84//121 97//121 62//121
f  97//122 90//122 62//122
f  98//123 66//123 65//123
f  94//124 98//124 65//124
f  89//125 95//125 68//125
f  82//126 99//126 81//126
f  99//127 84//127 81//127
f  100//128 93//128 60//128
f  88//129 100//129 60//129
f  101//130 88//130 66//130
f  98//131 101//131 66//131
f  82//132 102//132 99//132
f  102//133 84//133 99//133
f  103//134 89//134 90//134
f  97//135 104//135 90//135
f  104//136 103//136 90//136
f  105//137 94//137 79//137
f  78//138 105//138 79//138
f  106//139 95//139 89//139
f  103//140 106//140 89//140
f  107//141 102//141 82//141
f  108//142 107//142 82//142
f  109//143 108//143 82//143
f  83//144 109//144 82//144
f  107//145 84//145 102//145
f  107//146 110//146 84//146
f  110//147 97//147 84//147
f  111//148 94//148 105//148
f  112//149 111//149 105//149
f  78//150 112//150 105//150
f  113//151 109//151 83//151
f  93//152 113//152 83//152
f  95//153 114//153 96//153
f  114//154 76//154 96//154
f  110//155 115//155 97//155
f  115//156 104//156 97//156
f  116//157 98//157 94//157
f  111//158 116//158 94//158
f  117//159 114//159 95//159
f  106//160 117//160 95//160
f  108//161 118//161 107//161
f  118//162 110//162 107//162
f  119//163 100//163 88//163
f  101//164 119//164 88//164
f  120//165 106//165 103//165
f  104//166 121//166 103//166
f  121//167 120//167 103//167
f  122//168 113//168 93//168
f  100//169 122//169 93//169
f  123//170 101//170 98//170
f  116//171 123//171 98//171
f  115//172 124//172 104//172
f  124//173 121//173 104//173
f  125//174 117//174 106//174
f  120//175 125//175 106//175
f  108//176 126//176 118//176
f  126//177 110//177 118//177
f  127//178 72//178 70//178
f  128//15 127//15 70//15
f  71//15 128//15 70//15
f  127//178 129//178 72//178
f  129//16 73//16 72//16
f  114//179 130//179 76//179
f  130//180 131//180 76//180
f  131//181 132//181 76//181
f  132//182 133//182 76//182
f  134//15 77//15 76//15
f  133//15 134//15 76//15
f  135//183 112//183 78//183
f  136//184 135//184 78//184
f  137//185 138//185 78//185
f  138//186 139//186 78//186
f  139//187 136//187 78//187
f  92//15 137//15 78//15
f  135//188 111//188 112//188
f  136//189 111//189 135//189
f  140//190 126//190 108//190
f  141//191 140//191 108//191
f  142//192 141//192 108//192
f  109//193 142//193 108//193
f  117//194 130//194 114//194
f  140//195 110//195 126//195
f  143//196 115//196 110//196
f  140//197 143//197 110//197
f  139//198 111//198 136//198
f  117//199 131//199 130//199
f  144//200 132//200 131//200
f  117//201 144//201 131//201
f  145//202 146//202 86//202
f  85//202 145//202 86//202
f  146//15 87//15 86//15
f  91//16 145//16 85//16
f  147//203 142//203 109//203
f  113//204 147//204 109//204
f  139//205 148//205 111//205
f  149//206 116//206 111//206
f  148//207 149//207 111//207
f  150//208 122//208 100//208
f  119//209 150//209 100//209
f  151//210 119//210 101//210
f  123//211 151//211 101//211
f  134//212 152//212 91//212
f  77//212 134//212 91//212
f  152//16 145//16 91//16
f  153//213 92//213 73//213
f  129//16 153//16 73//16
f  154//15 137//15 92//15
f  153//213 154//213 92//213
f  125//214 144//214 117//214
f  155//215 124//215 115//215
f  143//216 155//216 115//216
f  156//217 125//217 120//217
f  121//218 157//218 120//218
f  157//219 156//219 120//219
f  124//220 158//220 121//220
f  158//221 157//221 121//221
f  141//222 159//222 140//222
f  159//223 143//223 140//223
f  160//224 123//224 116//224
f  149//225 160//225 116//225
f  161//226 147//226 113//226
f  122//227 161//227 113//227
f  162//228 144//228 125//228
f  156//229 162//229 125//229
f  163//230 158//230 124//230
f  155//231 163//231 124//231
f  164//232 150//232 119//232
f  151//233 164//233 119//233
f  158//234 165//234 157//234
f  165//235 166//235 157//235
f  166//236 156//236 157//236
f  138//237 148//237 139//237
f  141//238 167//238 159//238
f  167//239 143//239 159//239
f  144//240 168//240 132//240
f  168//241 133//241 132//241
f  169//242 167//242 141//242
f  170//243 169//243 141//243
f  171//244 170//244 141//244
f  142//245 171//245 141//245
f  172//246 151//246 123//246
f  160//247 172//247 123//247
f  173//248 148//248 138//248
f  174//249 173//249 138//249
f  137//250 174//250 138//250
f  175//251 161//251 122//251
f  150//252 175//252 122//252
f  169//253 143//253 167//253
f  176//254 162//254 156//254
f  166//255 176//255 156//255
f  169//256 177//256 143//256
f  178//257 155//257 143//257
f  177//258 178//258 143//258
f  179//259 165//259 158//259
f  163//260 179//260 158//260
f  180//261 149//261 148//261
f  173//262 180//262 148//262
f  181//263 168//263 144//263
f  162//264 181//264 144//264
f  182//265 171//265 142//265
f  147//266 182//266 142//266
f  178//267 183//267 155//267
f  183//268 163//268 155//268
f  184//269 160//269 149//269
f  180//270 184//270 149//270
f  185//271 181//271 162//271
f  176//272 185//272 162//272
f  186//273 182//273 147//273
f  161//274 186//274 147//274
f  187//275 179//275 163//275
f  183//276 187//276 163//276
f  188//277 164//277 151//277
f  172//278 188//278 151//278
f  189//279 175//279 150//279
f  164//280 189//280 150//280
f  165//281 190//281 166//281
f  190//282 191//282 166//282
f  191//283 176//283 166//283
f  192//284 190//284 165//284
f  179//285 192//285 165//285
f  170//286 177//286 169//286
f  193//287 173//287 174//287
f  137//288 193//288 174//288
f  194//289 172//289 160//289
f  184//290 194//290 160//290
f  181//291 195//291 168//291
f  195//292 133//292 168//292
f  196//293 185//293 176//293
f  191//294 196//294 176//294
f  175//295 186//295 161//295
f  197//296 192//296 179//296
f  187//297 197//297 179//297
f  198//298 199//298 173//298
f  193//299 198//299 173//299
f  200//300 180//300 173//300
f  199//301 200//301 173//301
f  181//302 201//302 195//302
f  201//303 133//303 195//303
f  170//304 202//304 177//304
f  202//305 203//305 177//305
f  203//306 178//306 177//306
f  185//307 204//307 181//307
f  204//308 205//308 181//308
f  205//302 201//302 181//302
f  171//309 206//309 170//309
f  206//310 202//310 170//310
f  205//311 207//311 133//311
f  201//303 205//303 133//303
f  207//15 134//15 133//15
f  198//312 193//312 137//312
f  208//313 209//313 137//313
f  209//314 210//314 137//314
f  210//315 198//315 137//315
f  154//15 208//15 137//15
f  210//316 199//316 198//316
f  211//317 129//317 127//317
f  212//15 211//15 127//15
f  128//15 212//15 127//15
f  211//317 213//317 129//317
f  213//16 153//16 129//16
f  214//318 16//318 17//318
f  215//319 214//319 17//319
f  40//319 215//319 17//319
f  216//320 71//320 16//320
f  214//318 216//318 16//318
f  217//15 216//15 214//15
f  215//15 217//15 214//15
f  218//320 71//320 216//320
f  217//15 218//15 216//15
f  182//321 219//321 171//321
f  219//322 206//322 171//322
f  220//323 189//323 164//323
f  188//324 220//324 164//324
f  221//325 184//325 180//325
f  200//326 221//326 180//326
f  222//327 223//327 190//327
f  192//328 222//328 190//328
f  223//329 191//329 190//329
f  224//330 204//330 185//330
f  196//331 224//331 185//331
f  225//332 226//332 146//332
f  145//332 225//332 146//332
f  227//15 87//15 146//15
f  226//15 227//15 146//15
f  152//16 225//16 145//16
f  228//333 229//333 152//333
f  134//333 228//333 152//333
f  229//16 225//16 152//16
f  230//334 154//334 153//334
f  213//16 230//16 153//16
f  207//15 228//15 134//15
f  231//15 208//15 154//15
f  230//334 231//334 154//334
f  232//335 188//335 172//335
f  194//336 232//336 172//336
f  189//337 233//337 175//337
f  233//338 234//338 175//338
f  234//339 235//339 175//339
f  235//340 186//340 175//340
f  223//341 236//341 191//341
f  236//342 196//342 191//342
f  186//343 235//343 182//343
f  235//344 219//344 182//344
f  237//345 222//345 192//345
f  197//346 237//346 192//346
f  238//347 194//347 184//347
f  221//348 238//348 184//348
f  239//349 224//349 196//349
f  236//350 239//350 196//350
f  209//351 199//351 210//351
f  204//352 240//352 205//352
f  240//353 207//353 205//353
f  241//354 215//354 40//354
f  87//354 241//354 40//354
f  218//355 128//355 71//355
f  241//15 217//15 215//15
f  242//355 128//355 218//355
f  217//15 242//15 218//15
f  209//356 243//356 199//356
f  244//357 200//357 199//357
f  243//358 244//358 199//358
f  224//359 245//359 204//359
f  245//360 240//360 204//360
f  246//361 220//361 188//361
f  232//362 246//362 188//362
f  220//363 247//363 189//363
f  247//364 233//364 189//364
f  248//365 249//365 223//365
f  222//366 248//366 223//366
f  249//367 236//367 223//367
f  250//368 248//368 222//368
f  237//369 250//369 222//369
f  202//370 251//370 203//370
f  251//371 178//371 203//371
f  252//372 253//372 202//372
f  253//373 251//373 202//373
f  254//374 252//374 202//374
f  255//375 254//375 202//375
f  206//376 255//376 202//376
f  253//377 178//377 251//377
f  256//378 183//378 178//378
f  253//379 256//379 178//379
f  257//380 243//380 209//380
f  208//381 257//381 209//381
f  258//382 255//382 206//382
f  219//383 258//383 206//383
f  259//384 232//384 194//384
f  238//385 259//385 194//385
f  260//386 221//386 200//386
f  244//387 260//387 200//387
f  256//388 261//388 183//388
f  261//389 187//389 183//389
f  249//390 262//390 236//390
f  262//391 239//391 236//391
f  263//392 245//392 224//392
f  239//393 263//393 224//393
f  252//394 256//394 253//394
f  264//395 258//395 219//395
f  235//396 264//396 219//396
f  265//397 197//397 187//397
f  261//398 265//398 187//398
f  266//399 238//399 221//399
f  260//400 266//400 221//400
f  267//401 263//401 239//401
f  262//402 267//402 239//402
f  245//403 268//403 240//403
f  268//404 207//404 240//404
f  269//405 243//405 257//405
f  208//406 269//406 257//406
f  246//407 270//407 220//407
f  270//408 247//408 220//408
f  271//409 264//409 235//409
f  234//410 271//410 235//410
f  272//411 273//411 248//411
f  250//412 272//412 248//412
f  273//413 249//413 248//413
f  265//414 274//414 197//414
f  274//415 237//415 197//415
f  275//416 246//416 232//416
f  259//417 275//417 232//417
f  273//418 276//418 249//418
f  276//419 262//419 249//419
f  269//420 277//420 243//420
f  277//421 278//421 243//421
f  279//422 244//422 243//422
f  278//423 279//423 243//423
f  280//424 281//424 245//424
f  263//425 280//425 245//425
f  281//426 268//426 245//426
f  282//427 241//427 87//427
f  227//427 282//427 87//427
f  242//428 212//428 128//428
f  282//15 217//15 241//15
f  283//428 212//428 242//428
f  284//15 283//15 242//15
f  285//15 284//15 242//15
f  217//15 285//15 242//15
f  286//429 259//429 238//429
f  266//430 286//430 238//430
f  276//431 287//431 262//431
f  287//432 267//432 262//432
f  288//433 271//433 234//433
f  233//434 288//434 234//434
f  289//435 260//435 244//435
f  279//436 289//436 244//436
f  274//437 290//437 237//437
f  290//438 250//438 237//438
f  291//439 280//439 263//439
f  267//440 291//440 263//440
f  281//441 292//441 207//441
f  268//442 281//442 207//442
f  292//15 228//15 207//15
f  277//443 269//443 208//443
f  293//444 294//444 208//444
f  294//445 295//445 208//445
f  295//446 277//446 208//446
f  231//15 293//15 208//15
f  295//447 278//447 277//447
f  296//448 213//448 211//448
f  212//15 296//15 211//15
f  296//448 297//448 213//448
f  297//16 230//16 213//16
f  275//449 298//449 246//449
f  298//450 270//450 246//450
f  299//451 300//451 273//451
f  272//452 299//452 273//452
f  300//453 276//453 273//453
f  301//454 266//454 260//454
f  289//455 301//455 260//455
f  302//456 291//456 267//456
f  287//457 302//457 267//457
f  303//458 304//458 226//458
f  225//458 303//458 226//458
f  305//15 227//15 226//15
f  304//15 305//15 226//15
f  229//16 303//16 225//16
f  306//459 307//459 229//459
f  228//459 306//459 229//459
f  307//16 303//16 229//16
f  308//460 231//460 230//460
f  297//16 308//16 230//16
f  292//15 306//15 228//15
f  309//15 293//15 231//15
f  308//460 309//460 231//460
f  310//461 278//461 295//461
f  294//462 310//462 295//462
f  311//463 275//463 259//463
f  286//464 311//464 259//464
f  312//465 288//465 233//465
f  247//466 312//466 233//466
f  280//467 313//467 281//467
f  313//468 292//468 281//468
f  300//469 314//469 276//469
f  314//470 287//470 276//470
f  290//471 315//471 250//471
f  315//472 272//472 250//472
f  316//473 279//473 278//473
f  310//474 316//474 278//474
f  317//475 313//475 280//475
f  291//476 317//476 280//476
f  318//477 286//477 266//477
f  301//478 318//478 266//478
f  314//479 319//479 287//479
f  319//480 302//480 287//480
f  320//481 289//481 279//481
f  316//482 320//482 279//482
f  321//483 317//483 291//483
f  302//484 321//484 291//484
f  322//485 312//485 247//485
f  270//486 322//486 247//486
f  311//487 323//487 275//487
f  323//488 298//488 275//488
f  315//489 324//489 272//489
f  324//490 299//490 272//490
f  325//491 326//491 300//491
f  299//492 325//492 300//492
f  326//493 314//493 300//493
f  327//494 310//494 294//494
f  293//495 327//495 294//495
f  328//496 301//496 289//496
f  320//497 328//497 289//497
f  329//498 311//498 286//498
f  318//499 329//499 286//499
f  330//500 321//500 302//500
f  319//501 330//501 302//501
f  326//502 331//502 314//502
f  331//503 319//503 314//503
f  317//504 332//504 313//504
f  332//505 292//505 313//505
f  333//506 310//506 327//506
f  334//507 333//507 327//507
f  293//508 334//508 327//508
f  317//509 335//509 332//509
f  335//510 292//510 332//510
f  217//511 282//511 227//511
f  305//511 217//511 227//511
f  283//512 336//512 212//512
f  336//15 296//15 212//15
f  337//512 336//512 283//512
f  284//15 337//15 283//15
f  338//513 316//513 310//513
f  333//514 338//514 310//514
f  339//515 335//515 317//515
f  321//516 339//516 317//516
f  340//517 322//517 270//517
f  298//518 340//518 270//518
f  254//519 341//519 252//519
f  341//520 256//520 252//520
f  324//521 342//521 299//521
f  342//522 325//522 299//522
f  343//523 318//523 301//523
f  328//524 343//524 301//524
f  331//525 344//525 319//525
f  344//526 330//526 319//526
f  329//527 345//527 311//527
f  345//528 323//528 311//528
f  346//529 320//529 316//529
f  338//530 346//530 316//530
f  347//531 348//531 326//531
f  325//532 347//532 326//532
f  348//533 331//533 326//533
f  349//534 339//534 321//534
f  330//535 349//535 321//535
f  350//536 329//536 318//536
f  343//537 350//537 318//537
f  348//538 351//538 331//538
f  351//539 344//539 331//539
f  352//540 328//540 320//540
f  346//541 352//541 320//541
f  353//542 349//542 330//542
f  344//543 353//543 330//543
f  335//544 354//544 292//544
f  354//545 355//545 292//545
f  355//546 356//546 292//546
f  356//547 357//547 292//547
f  357//15 306//15 292//15
f  358//548 334//548 293//548
f  359//549 360//549 293//549
f  360//550 361//550 293//550
f  361//551 358//551 293//551
f  309//15 359//15 293//15
f  358//552 333//552 334//552
f  339//553 354//553 335//553
f  361//554 333//554 358//554
f  339//555 355//555 354//555
f  362//556 340//556 298//556
f  323//557 362//557 298//557
f  342//558 363//558 325//558
f  363//559 347//559 325//559
f  364//560 297//560 296//560
f  336//15 364//15 296//15
f  364//560 365//560 297//560
f  365//16 308//16 297//16
f  361//561 366//561 333//561
f  367//562 338//562 333//562
f  366//563 367//563 333//563
f  368//564 355//564 339//564
f  349//565 368//565 339//565
f  352//566 343//566 328//566
f  351//567 369//567 344//567
f  369//568 353//568 344//568
f  370//569 371//569 304//569
f  303//569 370//569 304//569
f  372//15 305//15 304//15
f  371//15 372//15 304//15
f  307//16 370//16 303//16
f  373//570 374//570 307//570
f  306//570 373//570 307//570
f  374//16 370//16 307//16
f  375//571 309//571 308//571
f  365//16 375//16 308//16
f  357//15 373//15 306//15
f  376//15 359//15 309//15
f  375//571 376//571 309//571
f  377//572 378//572 379//572
f  378//573 380//573 379//573
f  380//573 381//573 379//573
f  382//46 377//46 379//46
f  383//46 382//46 379//46
f  381//46 383//46 379//46
f  384//574 385//574 377//574
f  385//572 378//572 377//572
f  382//46 386//46 377//46
f  386//46 384//46 377//46
f  380//575 387//575 381//575
f  387//575 388//575 381//575
f  389//46 383//46 381//46
f  388//46 389//46 381//46
f  390//576 391//576 384//576
f  391//574 385//574 384//574
f  386//46 390//46 384//46
f  387//577 392//577 388//577
f  392//577 393//577 388//577
f  394//46 389//46 388//46
f  393//46 394//46 388//46
f  395//578 396//578 390//578
f  396//576 391//576 390//576
f  397//46 395//46 390//46
f  386//46 397//46 390//46
f  398//579 386//579 382//579
f  399//580 398//580 382//580
f  383//580 399//580 382//580
f  392//581 400//581 393//581
f  400//581 401//581 393//581
f  402//46 394//46 393//46
f  401//46 402//46 393//46
f  403//582 397//582 386//582
f  398//579 403//579 386//579
f  404//583 399//583 383//583
f  389//583 404//583 383//583
f  405//584 406//584 395//584
f  406//578 396//578 395//578
f  407//46 405//46 395//46
f  397//46 407//46 395//46
f  408//585 407//585 397//585
f  403//582 408//582 397//582
f  409//586 404//586 389//586
f  394//586 409//586 389//586
f  400//587 410//587 401//587
f  410//587 411//587 401//587
f  411//46 402//46 401//46
f  412//588 413//588 405//588
f  413//584 406//584 405//584
f  414//46 412//46 405//46
f  407//46 414//46 405//46
f  415//589 414//589 407//589
f  408//585 415//585 407//585
f  416//590 409//590 394//590
f  402//590 416//590 394//590
f  417//591 418//591 414//591
f  415//589 417//589 414//589
f  418//46 412//46 414//46
f  419//46 420//46 402//46
f  421//46 419//46 402//46
f  411//46 421//46 402//46
f  422//592 416//592 402//592
f  420//592 422//592 402//592
f  410//593 423//593 411//593
f  423//593 421//593 411//593
f  424//594 425//594 412//594
f  425//588 413//588 412//588
f  418//46 424//46 412//46
f  426//595 427//595 418//595
f  417//591 426//591 418//591
f  427//46 424//46 418//46
f  419//46 428//46 420//46
f  429//596 422//596 420//596
f  428//596 429//596 420//596
f  423//597 430//597 421//597
f  430//597 431//597 421//597
f  431//46 419//46 421//46
f  432//598 433//598 424//598
f  433//594 425//594 424//594
f  427//46 432//46 424//46
f  434//599 435//599 427//599
f  426//595 434//595 427//595
f  435//46 432//46 427//46
f  419//46 436//46 428//46
f  437//600 429//600 428//600
f  436//600 437//600 428//600
f  438//599 439//599 419//599
f  440//599 438//599 419//599
f  430//16 440//16 419//16
f  431//16 430//16 419//16
f  439//46 436//46 419//46
f  441//598 433//598 432//598
f  442//601 441//601 432//601
f  435//46 442//46 432//46
f  443//15 444//15 439//15
f  438//599 443//599 439//599
f  445//46 436//46 439//46
f  446//46 445//46 439//46
f  444//46 446//46 439//46
f  447//602 448//602 444//602
f  448//602 449//602 444//602
f  443//15 447//15 444//15
f  449//46 446//46 444//46
f  450//603 451//603 435//603
f  434//599 450//599 435//599
f  451//46 452//46 435//46
f  452//46 442//46 435//46
f  453//604 437//604 436//604
f  445//604 453//604 436//604
f  452//605 454//605 442//605
f  454//601 441//601 442//601
f  448//606 455//606 449//606
f  455//606 456//606 449//606
f  456//46 446//46 449//46
f  457//607 458//607 451//607
f  450//603 457//603 451//603
f  458//46 459//46 451//46
f  459//46 452//46 451//46
f  460//608 453//608 445//608
f  446//608 460//608 445//608
f  459//609 461//609 452//609
f  461//605 454//605 452//605
f  455//610 462//610 456//610
f  462//610 463//610 456//610
f  463//46 446//46 456//46
f  464//611 465//611 458//611
f  457//607 464//607 458//607
f  465//46 466//46 458//46
f  466//46 459//46 458//46
f  463//46 467//46 446//46
f  468//612 460//612 446//612
f  467//612 468//612 446//612
f  469//613 470//613 465//613
f  464//611 469//611 465//611
f  470//46 471//46 465//46
f  471//46 466//46 465//46
f  463//46 472//46 467//46
f  472//46 473//46 467//46
f  474//614 468//614 467//614
f  473//614 474//614 467//614
f  466//615 475//615 459//615
f  475//609 461//609 459//609
f  462//616 476//616 463//616
f  476//616 472//616 463//616
f  477//617 478//617 470//617
f  469//613 477//613 470//613
f  478//46 479//46 470//46
f  479//46 471//46 470//46
f  472//46 480//46 473//46
f  480//46 481//46 473//46
f  482//618 474//618 473//618
f  481//618 482//618 473//618
f  471//619 483//619 466//619
f  483//615 475//615 466//615
f  484//620 485//620 478//620
f  477//617 484//617 478//617
f  485//46 486//46 478//46
f  486//46 479//46 478//46
f  480//46 487//46 481//46
f  487//46 485//46 481//46
f  488//621 482//621 481//621
f  485//621 488//621 481//621
f  476//622 489//622 472//622
f  489//622 480//622 472//622
f  484//620 488//620 485//620
f  487//46 490//46 485//46
f  490//46 486//46 485//46
f  479//623 491//623 471//623
f  491//619 483//619 471//619
f  489//624 492//624 480//624
f  492//624 487//624 480//624
f  486//625 493//625 479//625
f  493//623 491//623 479//623
f  492//626 494//626 487//626
f  494//626 490//626 487//626
f  490//627 495//627 486//627
f  495//625 493//625 486//625
f  494//627 495//627 490//627
f  350//628 496//628 329//628
f  496//629 345//629 329//629
f  497//630 498//630 348//630
f  347//631 497//631 348//631
f  498//632 351//632 348//632
f  499//633 346//633 338//633
f  367//634 499//634 338//634
f  500//635 368//635 349//635
f  353//636 500//636 349//636
f  255//637 501//637 254//637
f  501//638 341//638 254//638
f  501//639 256//639 341//639
f  501//640 502//640 256//640
f  502//641 261//641 256//641
f  255//642 502//642 501//642
f  503//643 504//643 255//643
f  505//644 503//644 255//644
f  258//645 505//645 255//645
f  504//646 502//646 255//646
f  502//647 506//647 261//647
f  506//648 265//648 261//648
f  507//649 362//649 323//649
f  345//650 507//650 323//650
f  352//651 350//651 343//651
f  363//652 508//652 347//652
f  508//653 497//653 347//653
f  498//654 509//654 351//654
f  509//655 369//655 351//655
f  510//656 505//656 258//656
f  264//657 510//657 258//657
f  511//658 274//658 265//658
f  506//659 511//659 265//659
f  512//660 352//660 346//660
f  499//661 512//661 346//661
f  513//662 500//662 353//662
f  369//663 513//663 353//663
f  360//664 366//664 361//664
f  368//665 356//665 355//665
f  285//666 217//666 305//666
f  372//666 285//666 305//666
f  337//667 514//667 336//667
f  514//15 515//15 336//15
f  515//15 516//15 336//15
f  516//15 364//15 336//15
f  517//667 514//667 337//667
f  284//15 517//15 337//15
f  518//668 510//668 264//668
f  271//669 518//669 264//669
f  511//670 519//670 274//670
f  519//671 290//671 274//671
f  368//672 520//672 356//672
f  520//673 357//673 356//673
f  521//674 522//674 360//674
f  522//675 366//675 360//675
f  359//676 521//676 360//676
f  523//677 367//677 366//677
f  522//678 523//678 366//678
f  504//679 506//679 502//679
f  524//680 520//680 368//680
f  500//681 524//681 368//681
f  525//682 518//682 271//682
f  288//683 525//683 271//683
f  526//318 380//318 378//318
f  527//318 526//318 378//318
f  385//318 527//318 378//318
f  528//318 527//318 385//318
f  391//318 528//318 385//318
f  529//684 526//684 527//684
f  530//684 529//684 527//684
f  528//685 530//685 527//685
f  531//686 532//686 528//686
f  532//685 530//685 528//685
f  391//318 531//318 528//318
f  533//687 534//687 526//687
f  529//687 533//687 526//687
f  534//318 380//318 526//318
f  534//318 387//318 380//318
f  396//318 531//318 391//318
f  535//688 536//688 531//688
f  536//686 532//686 531//686
f  396//318 535//318 531//318
f  537//689 538//689 534//689
f  533//689 537//689 534//689
f  538//318 387//318 534//318
f  538//318 392//318 387//318
f  406//318 535//318 396//318
f  539//690 540//690 535//690
f  540//688 536//688 535//688
f  406//318 539//318 535//318
f  541//691 542//691 538//691
f  537//691 541//691 538//691
f  542//318 392//318 538//318
f  542//318 400//318 392//318
f  413//318 539//318 406//318
f  543//692 544//692 539//692
f  544//690 540//690 539//690
f  413//318 543//318 539//318
f  545//693 546//693 542//693
f  541//693 545//693 542//693
f  546//318 400//318 542//318
f  546//318 410//318 400//318
f  425//318 543//318 413//318
f  547//694 548//694 543//694
f  548//692 544//692 543//692
f  425//318 547//318 543//318
f  549//695 550//695 546//695
f  545//695 549//695 546//695
f  550//318 410//318 546//318
f  550//318 423//318 410//318
f  433//318 547//318 425//318
f  551//696 552//696 547//696
f  552//694 548//694 547//694
f  433//318 551//318 547//318
f  549//697 553//697 550//697
f  553//697 554//697 550//697
f  554//318 423//318 550//318
f  554//318 430//318 423//318
f  441//318 551//318 433//318
f  555//600 556//600 551//600
f  556//696 552//696 551//696
f  441//318 555//318 551//318
f  553//698 438//698 554//698
f  438//318 440//318 554//318
f  440//318 430//318 554//318
f  454//318 555//318 441//318
f  553//699 557//699 438//699
f  557//318 443//318 438//318
f  557//318 447//318 443//318
f  557//318 448//318 447//318
f  558//700 559//700 555//700
f  559//600 556//600 555//600
f  454//318 558//318 555//318
f  553//599 560//599 557//599
f  560//701 561//701 557//701
f  561//701 562//701 557//701
f  562//318 448//318 557//318
f  461//318 558//318 454//318
f  562//318 455//318 448//318
f  563//702 564//702 558//702
f  564//700 559//700 558//700
f  461//318 563//318 558//318
f  561//703 565//703 562//703
f  565//703 566//703 562//703
f  566//318 455//318 562//318
f  475//318 563//318 461//318
f  566//318 462//318 455//318
f  567//704 568//704 563//704
f  568//702 564//702 563//702
f  475//318 567//318 563//318
f  565//705 569//705 566//705
f  569//705 570//705 566//705
f  570//318 462//318 566//318
f  483//318 567//318 475//318
f  570//318 476//318 462//318
f  571//706 572//706 567//706
f  572//704 568//704 567//704
f  483//318 571//318 567//318
f  569//707 573//707 570//707
f  573//707 574//707 570//707
f  574//318 476//318 570//318
f  491//318 571//318 483//318
f  574//318 489//318 476//318
f  575//708 576//708 571//708
f  576//706 572//706 571//706
f  491//318 575//318 571//318
f  573//709 577//709 574//709
f  577//709 578//709 574//709
f  578//318 489//318 574//318
f  493//318 575//318 491//318
f  578//318 492//318 489//318
f  579//710 580//710 575//710
f  580//708 576//708 575//708
f  493//318 579//318 575//318
f  577//711 581//711 578//711
f  581//711 582//711 578//711
f  582//318 492//318 578//318
f  495//318 579//318 493//318
f  582//318 494//318 492//318
f  583//712 584//712 579//712
f  584//710 580//710 579//710
f  495//318 583//318 579//318
f  581//713 585//713 582//713
f  585//713 583//713 582//713
f  583//318 494//318 582//318
f  585//712 584//712 583//712
f  495//318 494//318 583//318
f  519//714 586//714 290//714
f  586//715 315//715 290//715
f  512//716 587//716 352//716
f  587//717 588//717 352//717
f  588//718 350//718 352//718
f  588//719 589//719 350//719
f  589//720 496//720 350//720
f  509//721 590//721 369//721
f  590//722 513//722 369//722
f  497//723 591//723 498//723
f  591//724 509//724 498//724
f  592//725 499//725 367//725
f  523//726 592//726 367//726
f  593//727 524//727 500//727
f  513//728 593//728 500//728
f  594//729 507//729 345//729
f  496//730 594//730 345//730
f  595//731 525//731 288//731
f  312//732 595//732 288//732
f  586//733 596//733 315//733
f  596//734 324//734 315//734
f  508//735 597//735 497//735
f  597//736 591//736 497//736
f  598//737 512//737 499//737
f  592//738 598//738 499//738
f  599//739 593//739 513//739
f  590//740 599//740 513//740
f  600//741 522//741 521//741
f  359//742 600//742 521//742
f  524//743 601//743 520//743
f  601//744 357//744 520//744
f  602//745 595//745 312//745
f  322//746 602//746 312//746
f  596//747 603//747 324//747
f  603//748 342//748 324//748
f  600//749 604//749 522//749
f  605//750 523//750 522//750
f  606//751 605//751 522//751
f  604//752 606//752 522//752
f  607//753 608//753 524//753
f  608//754 601//754 524//754
f  593//755 607//755 524//755
f  587//756 609//756 588//756
f  609//757 589//757 588//757
f  601//758 608//758 357//758
f  608//759 610//759 357//759
f  610//760 611//760 357//760
f  611//15 373//15 357//15
f  604//761 600//761 359//761
f  612//762 613//762 359//762
f  613//763 614//763 359//763
f  614//764 604//764 359//764
f  376//15 612//15 359//15
f  615//765 616//765 509//765
f  591//766 615//766 509//766
f  616//767 590//767 509//767
f  598//768 617//768 512//768
f  617//769 587//769 512//769
f  616//770 618//770 590//770
f  618//771 599//771 590//771
f  614//772 606//772 604//772
f  503//773 619//773 504//773
f  619//774 506//774 504//774
f  516//775 365//775 364//775
f  516//775 620//775 365//775
f  620//16 375//16 365//16
f  621//776 594//776 496//776
f  589//777 621//777 496//777
f  597//778 622//778 591//778
f  622//779 615//779 591//779
f  623//780 602//780 322//780
f  340//781 623//781 322//781
f  603//782 624//782 342//782
f  624//783 363//783 342//783
f  625//784 592//784 523//784
f  605//785 625//785 523//785
f  626//786 607//786 593//786
f  599//787 626//787 593//787
f  503//788 627//788 619//788
f  627//789 506//789 619//789
f  503//790 628//790 627//790
f  628//791 506//791 627//791
f  505//792 629//792 503//792
f  629//793 628//793 503//793
f  628//794 630//794 506//794
f  630//795 511//795 506//795
f  631//796 632//796 374//796
f  373//796 631//796 374//796
f  632//16 633//16 374//16
f  633//16 370//16 374//16
f  634//797 376//797 375//797
f  635//16 634//16 375//16
f  620//16 635//16 375//16
f  611//15 631//15 373//15
f  636//15 612//15 376//15
f  634//797 636//797 376//797
f  633//798 637//798 371//798
f  370//798 633//798 371//798
f  638//15 372//15 371//15
f  637//15 638//15 371//15
f  510//799 639//799 505//799
f  639//800 629//800 505//800
f  630//801 519//801 511//801
f  518//802 640//802 510//802
f  640//803 639//803 510//803
f  641//804 586//804 519//804
f  630//805 641//805 519//805
f  642//806 598//806 592//806
f  625//807 642//807 592//807
f  643//808 626//808 599//808
f  618//809 643//809 599//809
f  613//810 606//810 614//810
f  607//811 610//811 608//811
f  284//812 285//812 372//812
f  638//812 284//812 372//812
f  517//813 644//813 514//813
f  644//15 645//15 514//15
f  645//15 515//15 514//15
f  646//813 644//813 517//813
f  284//15 646//15 517//15
f  647//814 623//814 340//814
f  362//815 647//815 340//815
f  624//816 648//816 363//816
f  648//817 508//817 363//817
f  525//818 649//818 518//818
f  649//819 640//819 518//819
f  650//820 596//820 586//820
f  641//821 650//821 586//821
f  607//822 651//822 610//822
f  651//823 611//823 610//823
f  617//824 652//824 587//824
f  652//825 609//825 587//825
f  613//826 605//826 606//826
f  626//827 653//827 607//827
f  653//828 651//828 607//828
f  615//829 654//829 616//829
f  654//830 655//830 616//830
f  655//831 618//831 616//831
f  656//832 617//832 598//832
f  642//833 656//833 598//833
f  657//834 658//834 659//834
f  658//835 660//835 659//835
f  660//836 661//836 659//836
f  530//837 657//837 659//837
f  661//838 530//838 659//838
f  662//839 663//839 664//839
f  663//840 665//840 664//840
f  553//841 662//841 664//841
f  665//842 553//842 664//842
f  666//843 667//843 668//843
f  667//844 669//844 668//844
f  669//845 670//845 668//845
f  537//846 666//846 668//846
f  670//847 537//847 668//847
f  671//848 672//848 666//848
f  672//849 667//849 666//849
f  533//850 671//850 666//850
f  537//851 533//851 666//851
f  663//852 673//852 665//852
f  673//853 674//853 665//853
f  674//854 553//854 665//854
f  675//855 676//855 657//855
f  676//856 658//856 657//856
f  530//857 675//857 657//857
f  669//858 677//858 670//858
f  677//859 537//859 670//859
f  660//860 678//860 661//860
f  529//861 530//861 661//861
f  678//862 529//862 661//862
f  679//863 672//863 671//863
f  533//864 679//864 671//864
f  680//865 672//865 679//865
f  681//866 680//866 679//866
f  533//867 681//867 679//867
f  660//868 682//868 678//868
f  682//869 529//869 678//869
f  530//46 683//46 675//46
f  683//870 676//870 675//870
f  530//46 684//46 683//46
f  684//871 685//871 683//871
f  685//872 676//872 683//872
f  530//46 686//46 684//46
f  686//873 687//873 684//873
f  687//874 685//874 684//874
f  532//46 688//46 686//46
f  530//46 532//46 686//46
f  688//875 687//875 686//875
f  532//46 689//46 688//46
f  690//876 687//876 688//876
f  689//877 690//877 688//877
f  532//46 691//46 689//46
f  691//878 692//878 689//878
f  692//879 690//879 689//879
f  532//46 693//46 691//46
f  693//880 692//880 691//880
f  532//46 694//46 693//46
f  695//881 692//881 693//881
f  694//882 695//882 693//882
f  536//46 694//46 532//46
f  682//883 696//883 529//883
f  696//884 697//884 529//884
f  697//885 698//885 529//885
f  698//886 533//886 529//886
f  536//46 699//46 694//46
f  699//887 695//887 694//887
f  536//46 700//46 699//46
f  700//888 701//888 699//888
f  702//889 695//889 699//889
f  701//890 702//890 699//890
f  536//46 703//46 700//46
f  703//891 701//891 700//891
f  536//46 704//46 703//46
f  705//892 701//892 703//892
f  704//893 705//893 703//893
f  536//46 706//46 704//46
f  706//894 705//894 704//894
f  536//46 707//46 706//46
f  707//895 705//895 706//895
f  540//46 707//46 536//46
f  708//896 681//896 533//896
f  698//897 709//897 533//897
f  709//898 708//898 533//898
f  540//46 710//46 707//46
f  710//899 711//899 707//899
f  711//900 705//900 707//900
f  540//46 712//46 710//46
f  712//901 713//901 710//901
f  713//902 711//902 710//902
f  540//46 714//46 712//46
f  714//903 715//903 712//903
f  715//904 713//904 712//904
f  540//46 716//46 714//46
f  716//905 715//905 714//905
f  717//46 716//46 540//46
f  544//46 718//46 540//46
f  718//46 719//46 540//46
f  719//46 717//46 540//46
f  677//906 720//906 537//906
f  720//907 721//907 537//907
f  721//908 722//908 537//908
f  722//909 723//909 537//909
f  723//910 541//910 537//910
f  717//911 724//911 716//911
f  724//912 715//912 716//912
f  719//913 724//913 717//913
f  718//914 724//914 719//914
f  544//46 725//46 718//46
f  725//915 726//915 718//915
f  726//916 727//916 718//916
f  727//917 724//917 718//917
f  544//46 728//46 725//46
f  729//918 726//918 725//918
f  728//919 729//919 725//919
f  544//46 730//46 728//46
f  730//920 729//920 728//920
f  548//46 731//46 544//46
f  731//46 732//46 544//46
f  732//46 730//46 544//46
f  733//921 734//921 541//921
f  734//922 735//922 541//922
f  735//923 736//923 541//923
f  736//924 545//924 541//924
f  723//925 737//925 541//925
f  737//926 733//926 541//926
f  738//927 729//927 730//927
f  732//928 738//928 730//928
f  731//929 738//929 732//929
f  548//46 739//46 731//46
f  739//930 738//930 731//930
f  548//46 740//46 739//46
f  740//931 741//931 739//931
f  741//932 738//932 739//932
f  742//46 740//46 548//46
f  552//46 743//46 548//46
f  743//46 744//46 548//46
f  744//46 742//46 548//46
f  745//933 746//933 545//933
f  746//934 747//934 545//934
f  747//935 748//935 545//935
f  748//936 549//936 545//936
f  736//937 749//937 545//937
f  749//938 745//938 545//938
f  742//939 750//939 740//939
f  750//940 741//940 740//940
f  744//941 750//941 742//941
f  751//942 750//942 744//942
f  743//943 751//943 744//943
f  552//46 752//46 743//46
f  752//944 751//944 743//944
f  552//46 753//46 752//46
f  753//945 754//945 752//945
f  755//946 751//946 752//946
f  754//947 755//947 752//947
f  556//46 756//46 552//46
f  756//46 757//46 552//46
f  757//46 753//46 552//46
f  748//948 758//948 549//948
f  758//949 759//949 549//949
f  759//950 760//950 549//950
f  760//951 761//951 549//951
f  761//952 553//952 549//952
f  757//953 762//953 753//953
f  762//954 754//954 753//954
f  756//955 762//955 757//955
f  556//46 763//46 756//46
f  764//956 762//956 756//956
f  763//957 764//957 756//957
f  761//958 765//958 662//958
f  765//959 663//959 662//959
f  553//960 761//960 662//960
f  556//46 766//46 763//46
f  766//961 764//961 763//961
f  559//46 767//46 556//46
f  767//46 768//46 556//46
f  768//46 766//46 556//46
f  674//46 560//46 553//46
f  768//962 764//962 766//962
f  767//963 764//963 768//963
f  769//964 770//964 767//964
f  559//46 769//46 767//46
f  770//965 764//965 767//965
f  673//966 771//966 674//966
f  771//46 560//46 674//46
f  564//46 772//46 559//46
f  772//46 769//46 559//46
f  771//46 561//46 560//46
f  773//967 774//967 769//967
f  774//968 775//968 769//968
f  775//969 770//969 769//969
f  776//970 773//970 769//970
f  777//971 776//971 769//971
f  778//972 777//972 769//972
f  772//973 779//973 769//973
f  779//974 780//974 769//974
f  780//975 778//975 769//975
f  673//976 781//976 771//976
f  781//977 782//977 771//977
f  782//978 783//978 771//978
f  783//979 784//979 771//979
f  784//980 785//980 771//980
f  785//46 561//46 771//46
f  786//981 787//981 772//981
f  787//982 788//982 772//982
f  788//983 789//983 772//983
f  789//984 779//984 772//984
f  790//985 791//985 772//985
f  791//986 792//986 772//986
f  792//987 786//987 772//987
f  564//46 790//46 772//46
f  793//988 794//988 785//988
f  794//989 795//989 785//989
f  795//990 796//990 785//990
f  797//991 798//991 785//991
f  799//992 797//992 785//992
f  798//993 800//993 785//993
f  800//994 801//994 785//994
f  801//995 793//995 785//995
f  784//996 802//996 785//996
f  802//997 799//997 785//997
f  565//46 561//46 785//46
f  796//46 565//46 785//46
f  568//46 790//46 564//46
f  803//998 804//998 790//998
f  804//999 805//999 790//999
f  805//1000 806//1000 790//1000
f  806//1001 791//1001 790//1001
f  807//1002 808//1002 790//1002
f  808//1003 809//1003 790//1003
f  809//1004 803//1004 790//1004
f  568//46 807//46 790//46
f  810//1005 811//1005 796//1005
f  811//1006 812//1006 796//1006
f  812//1007 813//1007 796//1007
f  795//1008 814//1008 796//1008
f  814//1009 810//1009 796//1009
f  813//46 565//46 796//46
f  572//46 807//46 568//46
f  813//46 569//46 565//46
f  815//1010 816//1010 807//1010
f  816//1011 817//1011 807//1011
f  817//1012 808//1012 807//1012
f  818//1013 819//1013 807//1013
f  819//1014 820//1014 807//1014
f  820//1015 815//1015 807//1015
f  572//46 818//46 807//46
f  821//1016 822//1016 813//1016
f  822//1017 823//1017 813//1017
f  823//1018 824//1018 813//1018
f  824//1019 825//1019 813//1019
f  812//1020 826//1020 813//1020
f  826//1021 821//1021 813//1021
f  825//46 569//46 813//46
f  576//46 818//46 572//46
f  825//46 573//46 569//46
f  827//1022 828//1022 818//1022
f  828//1023 829//1023 818//1023
f  829//1024 830//1024 818//1024
f  830//1025 819//1025 818//1025
f  831//1026 832//1026 818//1026
f  832//1027 833//1027 818//1027
f  833//1028 827//1028 818//1028
f  576//46 831//46 818//46
f  834//1029 835//1029 825//1029
f  835//1030 836//1030 825//1030
f  836//1031 837//1031 825//1031
f  824//1032 838//1032 825//1032
f  838//1033 839//1033 825//1033
f  839//1034 840//1034 825//1034
f  840//1035 841//1035 825//1035
f  841//1036 834//1036 825//1036
f  837//46 573//46 825//46
f  580//46 831//46 576//46
f  837//46 577//46 573//46
f  842//1037 843//1037 831//1037
f  843//1038 832//1038 831//1038
f  844//1039 845//1039 831//1039
f  845//1040 846//1040 831//1040
f  846//1041 842//1041 831//1041
f  580//46 844//46 831//46
f  847//1042 848//1042 837//1042
f  848//1043 849//1043 837//1043
f  849//1044 850//1044 837//1044
f  836//1045 851//1045 837//1045
f  851//1046 847//1046 837//1046
f  850//46 577//46 837//46
f  584//46 844//46 580//46
f  850//46 581//46 577//46
f  852//1047 853//1047 844//1047
f  853//1048 845//1048 844//1048
f  854//1049 855//1049 844//1049
f  855//1050 856//1050 844//1050
f  856//1051 852//1051 844//1051
f  584//46 854//46 844//46
f  857//1052 858//1052 850//1052
f  858//1053 859//1053 850//1053
f  849//1054 860//1054 850//1054
f  860//1055 861//1055 850//1055
f  861//1056 862//1056 850//1056
f  862//1057 863//1057 850//1057
f  863//1058 857//1058 850//1058
f  859//46 581//46 850//46
f  585//46 854//46 584//46
f  859//46 585//46 581//46
f  859//46 864//46 585//46
f  864//46 854//46 585//46
f  865//1059 866//1059 854//1059
f  866//1060 867//1060 854//1060
f  867//1061 868//1061 854//1061
f  868//1062 869//1062 854//1062
f  869//1063 855//1063 854//1063
f  864//1064 870//1064 854//1064
f  870//1065 871//1065 854//1065
f  871//1066 865//1066 854//1066
f  858//1067 872//1067 859//1067
f  872//1068 873//1068 859//1068
f  873//1069 874//1069 859//1069
f  874//1070 875//1070 859//1070
f  875//1071 864//1071 859//1071
f  876//1072 877//1072 864//1072
f  877//1073 870//1073 864//1073
f  878//1074 876//1074 864//1074
f  879//1075 878//1075 864//1075
f  875//1076 880//1076 864//1076
f  880//1077 879//1077 864//1077
f  760//1078 765//1078 761//1078
f  669//1079 881//1079 677//1079
f  881//1080 720//1080 677//1080
f  759//1081 882//1081 760//1081
f  882//1082 765//1082 760//1082
f  758//1083 883//1083 759//1083
f  883//1084 882//1084 759//1084
f  748//1085 883//1085 758//1085
f  747//1086 884//1086 748//1086
f  884//1087 883//1087 748//1087
f  885//1088 884//1088 747//1088
f  746//1089 885//1089 747//1089
f  881//1090 721//1090 720//1090
f  886//1091 736//1091 735//1091
f  887//1092 886//1092 735//1092
f  734//1093 887//1093 735//1093
f  708//1094 680//1094 681//1094
f  888//1095 749//1095 736//1095
f  886//1096 888//1096 736//1096
f  881//1097 889//1097 721//1097
f  889//1098 722//1098 721//1098
f  660//1099 890//1099 682//1099
f  890//1100 696//1100 682//1100
f  889//1101 723//1101 722//1101
f  709//1102 680//1102 708//1102
f  698//1103 891//1103 709//1103
f  891//1104 892//1104 709//1104
f  892//1105 680//1105 709//1105
f  893//1106 737//1106 723//1106
f  894//1107 893//1107 723//1107
f  889//1108 894//1108 723//1108
f  733//1109 887//1109 734//1109
f  895//1110 697//1110 696//1110
f  890//1111 895//1111 696//1111
f  893//1112 733//1112 737//1112
f  745//1113 885//1113 746//1113
f  697//1114 895//1114 698//1114
f  895//1115 891//1115 698//1115
f  893//1116 887//1116 733//1116
f  888//1117 745//1117 749//1117
f  888//1118 885//1118 745//1118
f  655//1119 896//1119 618//1119
f  896//1120 643//1120 618//1120
f  595//1121 897//1121 525//1121
f  897//1122 649//1122 525//1122
f  898//1123 727//1123 726//1123
f  729//1124 898//1124 726//1124
f  894//1125 887//1125 893//1125
f  899//1126 603//1126 596//1126
f  650//1127 899//1127 596//1127
f  900//1128 621//1128 589//1128
f  609//1129 900//1129 589//1129
f  901//1130 654//1130 615//1130
f  622//1131 901//1131 615//1131
f  690//1132 685//1132 687//1132
f  658//1133 890//1133 660//1133
f  399//46 434//46 398//46
f  434//46 403//46 398//46
f  434//46 408//46 403//46
f  404//46 469//46 399//46
f  469//46 464//46 399//46
f  464//46 457//46 399//46
f  457//46 450//46 399//46
f  450//46 434//46 399//46
f  434//46 426//46 408//46
f  426//46 417//46 408//46
f  417//46 415//46 408//46
f  409//46 469//46 404//46
f  488//46 484//46 409//46
f  484//46 477//46 409//46
f  477//46 469//46 409//46
f  416//46 474//46 409//46
f  474//46 482//46 409//46
f  482//46 488//46 409//46
f  422//46 474//46 416//46
f  468//46 474//46 422//46
f  429//46 453//46 422//46
f  453//46 460//46 422//46
f  460//46 468//46 422//46
f  437//46 453//46 429//46
f  702//1134 692//1134 695//1134
f  895//1135 892//1135 891//1135
f  629//1136 902//1136 628//1136
f  902//1137 630//1137 628//1137
f  903//1138 904//1138 613//1138
f  904//1139 605//1139 613//1139
f  612//1140 903//1140 613//1140
f  905//1141 754//1141 762//1141
f  764//1142 905//1142 762//1142
f  882//1143 663//1143 765//1143
f  904//1144 625//1144 605//1144
f  906//1145 907//1145 902//1145
f  629//1146 908//1146 902//1146
f  908//1147 906//1147 902//1147
f  907//1148 630//1148 902//1148
f  906//1149 909//1149 907//1149
f  909//1150 910//1150 907//1150
f  910//1151 911//1151 907//1151
f  911//1152 630//1152 907//1152
f  639//1153 912//1153 629//1153
f  912//1154 913//1154 629//1154
f  913//1155 914//1155 629//1155
f  914//1156 908//1156 629//1156
f  915//1157 916//1157 630//1157
f  916//1158 641//1158 630//1158
f  911//1159 917//1159 630//1159
f  917//1160 915//1160 630//1160
f  643//1161 918//1161 626//1161
f  918//1162 653//1162 626//1162
f  738//1163 898//1163 729//1163
f  894//1164 919//1164 887//1164
f  919//1165 886//1165 887//1165
f  920//1166 647//1166 362//1166
f  507//1167 920//1167 362//1167
f  648//1168 921//1168 508//1168
f  921//1169 597//1169 508//1169
f  602//1170 922//1170 595//1170
f  922//1171 897//1171 595//1171
f  923//1172 624//1172 603//1172
f  899//1173 923//1173 603//1173
f  924//1174 690//1174 692//1174
f  702//1175 924//1175 692//1175
f  925//1176 892//1176 895//1176
f  890//1177 925//1177 895//1177
f  926//1178 927//1178 639//1178
f  640//1179 926//1179 639//1179
f  927//1180 928//1180 639//1180
f  928//1181 912//1181 639//1181
f  929//1182 930//1182 641//1182
f  930//1183 931//1183 641//1183
f  931//1184 650//1184 641//1184
f  916//1185 932//1185 641//1185
f  932//1186 929//1186 641//1186
f  933//1187 658//1187 676//1187
f  685//1188 933//1188 676//1188
f  934//1189 701//1189 705//1189
f  711//1190 934//1190 705//1190
f  935//1191 936//1191 685//1191
f  936//1192 937//1192 685//1192
f  937//1193 933//1193 685//1193
f  690//1194 938//1194 685//1194
f  938//1195 939//1195 685//1195
f  939//1196 935//1196 685//1196
f  936//1197 935//1197 658//1197
f  933//1198 937//1198 658//1198
f  937//1199 936//1199 658//1199
f  940//1200 890//1200 658//1200
f  935//1201 940//1201 658//1201
f  741//1202 941//1202 738//1202
f  941//1203 942//1203 738//1203
f  942//1204 943//1204 738//1204
f  943//1205 898//1205 738//1205
f  944//1206 888//1206 886//1206
f  919//1207 944//1207 886//1207
f  904//1208 642//1208 625//1208
f  649//1209 945//1209 640//1209
f  945//1210 946//1210 640//1210
f  946//1211 947//1211 640//1211
f  948//1212 926//1212 640//1212
f  947//1213 948//1213 640//1213
f  949//1214 899//1214 650//1214
f  931//1215 950//1215 650//1215
f  950//1216 949//1216 650//1216
f  951//1217 904//1217 903//1217
f  612//1218 951//1218 903//1218
f  653//1219 952//1219 651//1219
f  952//1220 611//1220 651//1220
f  953//1221 702//1221 701//1221
f  934//1222 953//1222 701//1222
f  892//1223 954//1223 680//1223
f  954//1224 672//1224 680//1224
f  955//1225 918//1225 643//1225
f  896//1226 955//1226 643//1226
f  924//1227 956//1227 690//1227
f  956//1228 938//1228 690//1228
f  940//1229 957//1229 890//1229
f  957//1230 958//1230 890//1230
f  958//1231 925//1231 890//1231
f  623//1232 922//1232 602//1232
f  959//1233 648//1233 624//1233
f  923//1234 959//1234 624//1234
f  939//1235 940//1235 935//1235
f  960//1236 924//1236 702//1236
f  953//1237 960//1237 702//1237
f  961//1238 954//1238 892//1238
f  925//1239 961//1239 892//1239
f  897//1240 962//1240 649//1240
f  962//1241 963//1241 649//1241
f  963//1242 945//1242 649//1242
f  964//1243 923//1243 899//1243
f  965//1244 964//1244 899//1244
f  949//1245 966//1245 899//1245
f  966//1246 965//1246 899//1246
f  967//1247 652//1247 617//1247
f  656//1248 967//1248 617//1248
f  968//1249 969//1249 655//1249
f  654//1250 968//1250 655//1250
f  969//1251 896//1251 655//1251
f  918//1252 970//1252 653//1252
f  970//1253 971//1253 653//1253
f  971//1254 952//1254 653//1254
f  972//1255 900//1255 609//1255
f  652//1256 972//1256 609//1256
f  750//1257 973//1257 741//1257
f  973//1258 941//1258 741//1258
f  974//1259 885//1259 888//1259
f  944//1260 974//1260 888//1260
f  901//1261 975//1261 654//1261
f  975//1262 968//1262 654//1262
f  904//1263 976//1263 642//1263
f  977//1264 656//1264 642//1264
f  976//1265 977//1265 642//1265
f  978//1266 920//1266 507//1266
f  594//1267 978//1267 507//1267
f  921//1268 979//1268 597//1268
f  979//1269 622//1269 597//1269
f  969//1270 955//1270 896//1270
f  906//1271 980//1271 909//1271
f  980//1272 981//1272 909//1272
f  981//1273 910//1273 909//1273
f  981//1274 911//1274 910//1274
f  981//1275 917//1275 911//1275
f  908//1276 982//1276 906//1276
f  982//1277 980//1277 906//1277
f  983//1278 982//1278 908//1278
f  914//1279 983//1279 908//1279
f  913//1280 983//1280 914//1280
f  960//1281 984//1281 924//1281
f  984//1282 956//1282 924//1282
f  958//1283 985//1283 925//1283
f  985//1284 961//1284 925//1284
f  981//1285 915//1285 917//1285
f  912//1286 983//1286 913//1286
f  986//1287 916//1287 915//1287
f  981//1288 986//1288 915//1288
f  713//1289 987//1289 711//1289
f  988//1290 934//1290 711//1290
f  989//1291 988//1291 711//1291
f  987//1292 989//1292 711//1292
f  672//1293 990//1293 667//1293
f  990//1294 669//1294 667//1294
f  715//1295 991//1295 713//1295
f  991//1296 987//1296 713//1296
f  990//1297 992//1297 669//1297
f  992//1298 881//1298 669//1298
f  986//1299 932//1299 916//1299
f  993//1300 994//1300 897//1300
f  922//1301 993//1301 897//1301
f  994//1302 995//1302 897//1302
f  995//1303 962//1303 897//1303
f  996//1304 997//1304 923//1304
f  997//1305 998//1305 923//1305
f  998//1306 959//1306 923//1306
f  964//1307 996//1307 923//1307
f  928//1308 983//1308 912//1308
f  999//1309 983//1309 928//1309
f  927//1310 999//1310 928//1310
f  988//1311 953//1311 934//1311
f  954//1312 1000//1312 672//1312
f  1000//1313 990//1313 672//1313
f  1001//1314 929//1314 932//1314
f  1002//1315 1001//1315 932//1315
f  986//1316 1002//1316 932//1316
f  1003//1317 939//1317 938//1317
f  956//1318 1004//1318 938//1318
f  1004//1319 1005//1319 938//1319
f  1005//1320 1003//1320 938//1320
f  939//1321 1003//1321 940//1321
f  1003//1322 957//1322 940//1322
f  724//1323 1006//1323 715//1323
f  1006//1324 991//1324 715//1324
f  992//1325 1007//1325 881//1325
f  1007//1326 889//1326 881//1326
f  647//1327 1008//1327 623//1327
f  1008//1328 1009//1328 623//1328
f  1009//1329 1010//1329 623//1329
f  1010//1330 1011//1330 623//1330
f  1011//1331 922//1331 623//1331
f  1012//1332 921//1332 648//1332
f  959//1333 1012//1333 648//1333
f  951//1334 1013//1334 904//1334
f  1013//1335 1014//1335 904//1335
f  1014//1336 1015//1336 904//1336
f  1015//1337 976//1337 904//1337
f  1001//1338 930//1338 929//1338
f  1001//1339 931//1339 930//1339
f  1016//1340 999//1340 927//1340
f  926//1341 1016//1341 927//1341
f  1017//1342 970//1342 918//1342
f  955//1343 1017//1343 918//1343
f  971//1344 1018//1344 611//1344
f  952//1345 971//1345 611//1345
f  1018//15 631//15 611//15
f  1019//1346 1013//1346 612//1346
f  1013//1347 951//1347 612//1347
f  636//15 1019//15 612//15
f  1020//1348 960//1348 953//1348
f  988//1349 1020//1349 953//1349
f  1021//1350 1000//1350 954//1350
f  961//1351 1021//1351 954//1351
f  948//1352 1016//1352 926//1352
f  947//1353 1016//1353 948//1353
f  1001//1354 1022//1354 931//1354
f  1022//1355 950//1355 931//1355
f  727//1356 1023//1356 724//1356
f  1023//1357 1006//1357 724//1357
f  1007//1358 1024//1358 889//1358
f  1024//1359 894//1359 889//1359
f  1025//1360 980//1360 982//1360
f  1026//1361 1025//1361 982//1361
f  1027//1362 1026//1362 982//1362
f  983//1363 1027//1363 982//1363
f  980//1364 1028//1364 981//1364
f  1029//1365 986//1365 981//1365
f  1028//1366 1029//1366 981//1366
f  1005//1367 957//1367 1003//1367
f  1030//1368 1014//1368 1013//1368
f  1019//1369 1030//1369 1013//1369
f  946//1370 1031//1370 947//1370
f  1031//1371 1016//1371 947//1371
f  1022//1372 949//1372 950//1372
f  1032//1373 973//1373 750//1373
f  751//1374 1032//1374 750//1374
f  974//1375 1033//1375 885//1375
f  1033//1376 884//1376 885//1376
f  1034//1377 966//1377 949//1377
f  1022//1378 1034//1378 949//1378
f  984//1379 1035//1379 956//1379
f  1035//1380 1004//1380 956//1380
f  957//1381 1036//1381 958//1381
f  1036//1382 1037//1382 958//1382
f  1037//1383 985//1383 958//1383
f  945//1384 1031//1384 946//1384
f  1034//1385 965//1385 966//1385
f  1020//1386 1038//1386 960//1386
f  1038//1387 984//1387 960//1387
f  985//1388 1039//1388 961//1388
f  1039//1389 1021//1389 961//1389
f  1040//1390 1034//1390 1022//1390
f  1001//1391 1040//1391 1022//1391
f  1031//1392 999//1392 1016//1392
f  943//1393 1023//1393 727//1393
f  898//1394 943//1394 727//1394
f  1024//1395 1041//1395 894//1395
f  1041//1396 919//1396 894//1396
f  1042//1397 993//1397 922//1397
f  1011//1398 1042//1398 922//1398
f  1043//1399 1044//1399 959//1399
f  1044//1400 1012//1400 959//1400
f  998//1401 1045//1401 959//1401
f  1045//1402 1043//1402 959//1402
f  963//1403 1046//1403 945//1403
f  1046//1404 1031//1404 945//1404
f  635//318 516//318 515//318
f  634//599 635//599 515//599
f  645//599 634//599 515//599
f  635//318 620//318 516//318
f  1047//1405 1014//1405 1030//1405
f  1019//1406 1047//1406 1030//1406
f  970//1407 1048//1407 971//1407
f  1048//1408 1018//1408 971//1408
f  962//1409 1046//1409 963//1409
f  1049//1410 964//1410 965//1410
f  1034//1411 1049//1411 965//1411
f  770//1412 775//1412 764//1412
f  775//1413 1050//1413 764//1413
f  1050//1414 905//1414 764//1414
f  781//1415 673//1415 663//1415
f  1051//1416 781//1416 663//1416
f  882//1417 1051//1417 663//1417
f  1038//1418 1052//1418 984//1418
f  1052//1419 1035//1419 984//1419
f  1037//1420 1053//1420 985//1420
f  1053//1421 1039//1421 985//1421
f  1054//1422 978//1422 594//1422
f  621//1423 1054//1423 594//1423
f  979//1424 1055//1424 622//1424
f  1055//1425 901//1425 622//1425
f  1049//1426 996//1426 964//1426
f  995//1427 1046//1427 962//1427
f  1041//1428 1056//1428 919//1428
f  1056//1429 944//1429 919//1429
f  1049//1430 1057//1430 996//1430
f  1057//1431 997//1431 996//1431
f  1058//1432 1059//1432 647//1432
f  920//1433 1058//1433 647//1433
f  1059//1434 1060//1434 647//1434
f  1060//1435 1008//1435 647//1435
f  1061//1436 1002//1436 986//1436
f  1029//1437 1061//1437 986//1437
f  1062//1438 1027//1438 983//1438
f  1063//1439 1062//1439 983//1439
f  999//1440 1063//1440 983//1440
f  1064//1441 1065//1441 921//1441
f  1065//1442 1066//1442 921//1442
f  1066//1443 979//1443 921//1443
f  1012//1444 1064//1444 921//1444
f  1025//1445 1028//1445 980//1445
f  1067//1446 1005//1446 1004//1446
f  1068//1447 1067//1447 1004//1447
f  1035//1448 1068//1448 1004//1448
f  1005//1449 1067//1449 957//1449
f  1067//1450 1036//1450 957//1450
f  1026//1451 1069//1451 1025//1451
f  1069//1452 1028//1452 1025//1452
f  1070//1453 1071//1453 637//1453
f  633//1453 1070//1453 637//1453
f  1072//15 638//15 637//15
f  1071//15 1072//15 637//15
f  1073//1454 284//1454 638//1454
f  1072//1454 1073//1454 638//1454
f  1074//15 645//15 644//15
f  646//1455 1074//1455 644//1455
f  632//16 1070//16 633//16
f  1075//1456 1076//1456 632//1456
f  631//1456 1075//1456 632//1456
f  1076//16 1070//16 632//16
f  1077//1457 636//1457 634//1457
f  1078//16 1077//16 634//16
f  645//599 1078//599 634//599
f  1073//15 646//15 284//15
f  1079//15 1080//15 646//15
f  1073//15 1079//15 646//15
f  1080//15 1081//15 646//15
f  1081//15 1082//15 646//15
f  1082//15 1083//15 646//15
f  1083//15 1084//15 646//15
f  1084//15 1085//15 646//15
f  1085//15 1086//15 646//15
f  1086//1455 1074//1455 646//1455
f  1048//1458 1087//1458 1018//1458
f  1087//1459 1088//1459 1018//1459
f  1088//15 631//15 1018//15
f  1088//15 1075//15 631//15
f  1077//1457 1089//1457 636//1457
f  1089//15 1090//15 636//15
f  1090//15 1019//15 636//15
f  1091//1460 1047//1460 1019//1460
f  1090//1461 1091//1461 1019//1461
f  1091//1462 1014//1462 1047//1462
f  970//1463 1087//1463 1048//1463
f  1034//1464 1092//1464 1049//1464
f  1092//1465 1057//1465 1049//1465
f  1093//1466 1031//1466 1046//1466
f  995//1467 1093//1467 1046//1467
f  1094//1468 1020//1468 988//1468
f  989//1469 1094//1469 988//1469
f  1095//1470 990//1470 1000//1470
f  1021//1471 1095//1471 1000//1471
f  1069//1472 1029//1472 1028//1472
f  1096//1473 1069//1473 1026//1473
f  1027//1474 1096//1474 1026//1474
f  994//1475 1093//1475 995//1475
f  1097//1476 967//1476 656//1476
f  977//1477 1097//1477 656//1477
f  755//1478 1032//1478 751//1478
f  1098//1479 883//1479 884//1479
f  1033//1480 1098//1480 884//1480
f  1099//1481 1040//1481 1001//1481
f  1002//1482 1099//1482 1001//1482
f  1100//1483 1063//1483 999//1483
f  1031//1484 1100//1484 999//1484
f  967//1485 972//1485 652//1485
f  1096//1486 1029//1486 1069//1486
f  968//1487 1101//1487 969//1487
f  1102//1488 955//1488 969//1488
f  1101//1489 1102//1489 969//1489
f  993//1490 1103//1490 994//1490
f  1103//1491 1093//1491 994//1491
f  1057//1492 998//1492 997//1492
f  1104//1493 1105//1493 968//1493
f  1105//1494 1101//1494 968//1494
f  975//1495 1104//1495 968//1495
f  1094//1496 1106//1496 1020//1496
f  1106//1497 1038//1497 1020//1497
f  1039//1498 1107//1498 1021//1498
f  1107//1499 1095//1499 1021//1499
f  1017//1500 1108//1500 970//1500
f  1108//1501 1109//1501 970//1501
f  1109//1502 1087//1502 970//1502
f  1110//1503 1068//1503 1035//1503
f  1052//1504 1110//1504 1035//1504
f  1036//1505 1111//1505 1037//1505
f  1112//1506 1053//1506 1037//1506
f  1111//1507 1112//1507 1037//1507
f  1113//1508 1036//1508 1067//1508
f  1068//1509 1113//1509 1067//1509
f  1114//1510 977//1510 976//1510
f  1015//1511 1114//1511 976//1511
f  1102//1512 1115//1512 955//1512
f  1115//1513 1017//1513 955//1513
f  1106//1514 1116//1514 1038//1514
f  1116//1515 1052//1515 1038//1515
f  1053//1516 1117//1516 1039//1516
f  1117//1517 1107//1517 1039//1517
f  1118//46 1078//46 645//46
f  1119//46 1118//46 645//46
f  1074//15 1120//15 645//15
f  1121//15 1119//15 645//15
f  1120//15 1121//15 645//15
f  1121//1518 1118//1518 1119//1518
f  1118//16 1077//16 1078//16
f  1121//1518 1122//1518 1118//1518
f  1122//16 1077//16 1118//16
f  1057//1519 1123//1519 998//1519
f  1123//1520 1045//1520 998//1520
f  1042//1521 1103//1521 993//1521
f  1040//1522 1124//1522 1034//1522
f  1124//1523 1092//1523 1034//1523
f  1125//1524 1100//1524 1031//1524
f  1093//1525 1125//1525 1031//1525
f  1123//1526 1043//1526 1045//1526
f  1126//1527 1127//1527 1029//1527
f  1096//1528 1126//1528 1029//1528
f  1128//1529 1061//1529 1029//1529
f  1127//1530 1128//1530 1029//1530
f  1126//1531 1096//1531 1027//1531
f  1129//1532 1126//1532 1027//1532
f  1130//1533 1129//1533 1027//1533
f  1062//1534 1130//1534 1027//1534
f  1011//1535 1103//1535 1042//1535
f  1123//1536 1044//1536 1043//1536
f  1010//1537 1103//1537 1011//1537
f  1131//1538 1012//1538 1044//1538
f  1123//1539 1131//1539 1044//1539
f  1009//1540 1132//1540 1010//1540
f  1132//1541 1103//1541 1010//1541
f  1133//1542 1099//1542 1002//1542
f  1061//1543 1133//1543 1002//1543
f  1134//1544 1062//1544 1063//1544
f  1135//1545 1134//1545 1063//1545
f  1100//1546 1135//1546 1063//1546
f  1091//1547 1136//1547 1014//1547
f  1136//1548 1137//1548 1014//1548
f  1137//1549 1015//1549 1014//1549
f  1116//1550 1110//1550 1052//1550
f  1138//1551 1117//1551 1053//1551
f  1112//1552 1138//1552 1053//1552
f  1139//1553 1131//1553 1123//1553
f  1057//1554 1139//1554 1123//1554
f  1132//1555 1093//1555 1103//1555
f  1140//1556 1108//1556 1017//1556
f  1115//1557 1140//1557 1017//1557
f  1141//1558 1113//1558 1068//1558
f  1110//1559 1142//1559 1068//1559
f  1142//1560 1141//1560 1068//1560
f  1113//1561 1141//1561 1036//1561
f  1141//1562 1111//1562 1036//1562
f  1109//1563 1088//1563 1087//1563
f  1090//1564 1143//1564 1091//1564
f  1143//1565 1136//1565 1091//1565
f  1109//1566 1144//1566 1088//1566
f  1144//1567 1145//1567 1088//1567
f  1145//15 1075//15 1088//15
f  1146//1568 1147//1568 1090//1568
f  1147//1569 1148//1569 1090//1569
f  1148//1570 1143//1570 1090//1570
f  1089//15 1146//15 1090//15
f  978//1571 1149//1571 920//1571
f  1149//1572 1150//1572 920//1572
f  1150//1573 1151//1573 920//1573
f  1152//1574 1058//1574 920//1574
f  1151//1575 1152//1575 920//1575
f  1153//1576 1154//1576 979//1576
f  1154//1577 1155//1577 979//1577
f  1155//1578 1055//1578 979//1578
f  1066//1579 1156//1579 979//1579
f  1156//1580 1153//1580 979//1580
f  987//1581 1157//1581 989//1581
f  1157//1582 1158//1582 989//1582
f  1158//1583 1159//1583 989//1583
f  1159//1584 1094//1584 989//1584
f  1160//1585 992//1585 990//1585
f  1095//1586 1160//1586 990//1586
f  754//1587 1161//1587 755//1587
f  1161//1588 1032//1588 755//1588
f  1098//1589 1162//1589 883//1589
f  1162//1590 882//1590 883//1590
f  1159//1591 1106//1591 1094//1591
f  1107//1592 1163//1592 1095//1592
f  1163//1593 1160//1593 1095//1593
f  1099//1594 1164//1594 1040//1594
f  1164//1595 1124//1595 1040//1595
f  1165//1596 1135//1596 1100//1596
f  1125//1597 1165//1597 1100//1597
f  991//1598 1166//1598 987//1598
f  1166//1599 1157//1599 987//1599
f  1167//1600 1007//1600 992//1600
f  1160//1601 1167//1601 992//1601
f  1159//1602 1168//1602 1106//1602
f  1168//1603 1116//1603 1106//1603
f  1117//1604 1169//1604 1107//1604
f  1169//1605 1163//1605 1107//1605
f  1170//1606 1054//1606 621//1606
f  900//1607 1170//1607 621//1607
f  1171//1608 975//1608 901//1608
f  1055//1609 1171//1609 901//1609
f  1116//1610 1172//1610 1110//1610
f  1172//1611 1142//1611 1110//1611
f  1173//1612 1138//1612 1112//1612
f  1174//1613 1173//1613 1112//1613
f  1111//1614 1174//1614 1112//1614
f  1129//1615 1175//1615 1126//1615
f  1175//1616 1127//1616 1126//1616
f  1176//1617 1139//1617 1057//1617
f  1092//1618 1176//1618 1057//1618
f  1177//1619 1125//1619 1093//1619
f  1132//1620 1177//1620 1093//1620
f  1006//1621 1178//1621 991//1621
f  1178//1622 1166//1622 991//1622
f  1179//1623 1024//1623 1007//1623
f  1167//1624 1179//1624 1007//1624
f  1180//1625 1111//1625 1141//1625
f  1142//1626 1180//1626 1141//1626
f  1168//1627 1181//1627 1116//1627
f  1181//1628 1172//1628 1116//1628
f  1138//1629 1182//1629 1117//1629
f  1182//1630 1183//1630 1117//1630
f  1183//1631 1169//1631 1117//1631
f  1108//1632 1144//1632 1109//1632
f  1148//1633 1136//1633 1143//1633
f  1184//1634 1133//1634 1061//1634
f  1128//1635 1184//1635 1061//1635
f  1185//1636 1130//1636 1062//1636
f  1134//1637 1185//1637 1062//1637
f  1175//1638 1128//1638 1127//1638
f  1186//1639 1175//1639 1129//1639
f  1130//1640 1186//1640 1129//1640
f  1131//1641 1064//1641 1012//1641
f  1008//1642 1132//1642 1009//1642
f  1131//1643 1065//1643 1064//1643
f  1023//1644 1187//1644 1006//1644
f  1187//1645 1178//1645 1006//1645
f  1188//1646 1041//1646 1024//1646
f  1179//1647 1188//1647 1024//1647
f  1133//1648 1189//1648 1099//1648
f  1189//1649 1164//1649 1099//1649
f  1165//1650 1190//1650 1135//1650
f  1191//1651 1134//1651 1135//1651
f  1190//1652 1191//1652 1135//1652
f  1060//1653 1132//1653 1008//1653
f  1173//1654 1192//1654 1138//1654
f  1192//1655 1182//1655 1138//1655
f  1193//1656 1176//1656 1092//1656
f  1124//1657 1193//1657 1092//1657
f  1194//1658 1165//1658 1125//1658
f  1177//1659 1194//1659 1125//1659
f  1195//1660 1180//1660 1142//1660
f  1196//1661 1195//1661 1142//1661
f  1172//1662 1196//1662 1142//1662
f  1180//1663 1195//1663 1111//1663
f  1195//1664 1197//1664 1111//1664
f  1197//1665 1174//1665 1111//1665
f  1186//1666 1128//1666 1175//1666
f  1198//1667 1132//1667 1060//1667
f  1059//1668 1198//1668 1060//1668
f  1130//1669 1199//1669 1186//1669
f  1199//1670 1128//1670 1186//1670
f  1131//1671 1066//1671 1065//1671
f  1200//1672 972//1672 967//1672
f  1201//1673 1200//1673 967//1673
f  1097//1674 1201//1674 967//1674
f  1202//1675 1097//1675 977//1675
f  1114//1676 1202//1676 977//1676
f  1203//1677 1102//1677 1101//1677
f  1105//1678 1203//1678 1101//1678
f  1203//1679 1204//1679 1102//1679
f  1204//1680 1115//1680 1102//1680
f  1205//1681 1187//1681 1023//1681
f  943//1682 1205//1682 1023//1682
f  1188//1683 1206//1683 1041//1683
f  1206//1684 1056//1684 1041//1684
f  1181//1685 1207//1685 1172//1685
f  1207//1686 1208//1686 1172//1686
f  1208//1687 1196//1687 1172//1687
f  1174//1688 1209//1688 1173//1688
f  1209//1689 1192//1689 1173//1689
f  1199//1690 1210//1690 1128//1690
f  1210//1691 1184//1691 1128//1691
f  1211//1692 1199//1692 1130//1692
f  1185//1693 1211//1693 1130//1693
f  1140//1694 1212//1694 1108//1694
f  1212//1695 1213//1695 1108//1695
f  1213//1696 1144//1696 1108//1696
f  1214//1697 1168//1697 1159//1697
f  1158//1698 1214//1698 1159//1698
f  1169//1699 1215//1699 1163//1699
f  1215//1700 1160//1700 1163//1700
f  1216//1701 1161//1701 754//1701
f  905//1702 1216//1702 754//1702
f  1162//1703 1051//1703 882//1703
f  1214//1704 1181//1704 1168//1704
f  1183//1705 1217//1705 1169//1705
f  1217//1706 1215//1706 1169//1706
f  1147//1707 1218//1707 1148//1707
f  1218//1708 1136//1708 1148//1708
f  1219//1709 1193//1709 1124//1709
f  1164//1710 1219//1710 1124//1710
f  1220//1711 1190//1711 1165//1711
f  1194//1712 1220//1712 1165//1712
f  1184//1713 1221//1713 1133//1713
f  1221//1714 1189//1714 1133//1714
f  1222//1715 1185//1715 1134//1715
f  1191//1716 1222//1716 1134//1716
f  1223//1717 1114//1717 1015//1717
f  1137//1718 1223//1718 1015//1718
f  1196//1719 1197//1719 1195//1719
f  1054//1720 1224//1720 978//1720
f  1224//1721 1225//1721 978//1721
f  1225//1722 1149//1722 978//1722
f  1198//1723 1226//1723 1132//1723
f  1227//1724 1177//1724 1132//1724
f  1226//1725 1227//1725 1132//1725
f  1228//1726 1066//1726 1131//1726
f  1139//1727 1229//1727 1131//1727
f  1229//1728 1230//1728 1131//1728
f  1230//1729 1228//1729 1131//1729
f  1155//1730 1231//1730 1055//1730
f  1231//1731 1232//1731 1055//1731
f  1232//1732 1171//1732 1055//1732
f  1204//1733 1233//1733 1115//1733
f  1233//1734 1140//1734 1115//1734
f  1211//1735 1234//1735 1199//1735
f  1234//1736 1210//1736 1199//1736
f  1214//1737 1235//1737 1181//1737
f  1235//1738 1207//1738 1181//1738
f  1182//1739 1236//1739 1183//1739
f  1236//1740 1237//1740 1183//1740
f  1237//1741 1217//1741 1183//1741
f  1238//1742 1174//1742 1197//1742
f  1239//1743 1238//1743 1197//1743
f  1196//1744 1240//1744 1197//1744
f  1240//1745 1239//1745 1197//1745
f  1213//1746 1145//1746 1144//1746
f  1241//1747 1238//1747 1239//1747
f  1240//1748 1241//1748 1239//1748
f  1208//1749 1242//1749 1196//1749
f  1242//1750 1240//1750 1196//1750
f  1238//1751 1243//1751 1174//1751
f  1243//1752 1209//1752 1174//1752
f  1058//1753 1198//1753 1059//1753
f  1228//1754 1156//1754 1066//1754
f  1244//1755 1208//1755 1207//1755
f  1235//1756 1244//1756 1207//1756
f  1192//1757 1245//1757 1182//1757
f  1245//1758 1236//1758 1182//1758
f  1211//1759 1246//1759 1234//1759
f  1246//1760 1210//1760 1234//1760
f  942//1761 1205//1761 943//1761
f  1206//1762 1247//1762 1056//1762
f  1247//1763 944//1763 1056//1763
f  1248//1764 1219//1764 1164//1764
f  1189//1765 1248//1765 1164//1765
f  1220//1766 1249//1766 1190//1766
f  1250//1767 1191//1767 1190//1767
f  1249//1768 1250//1768 1190//1768
f  1251//1769 1252//1769 1210//1769
f  1246//1770 1251//1770 1210//1770
f  1252//1771 1184//1771 1210//1771
f  1253//1772 1246//1772 1211//1772
f  1254//1773 1253//1773 1211//1773
f  1255//1774 1254//1774 1211//1774
f  1185//1775 1255//1775 1211//1775
f  1176//1776 1256//1776 1139//1776
f  1256//1777 1229//1777 1139//1777
f  1257//1778 1194//1778 1177//1778
f  1227//1779 1257//1779 1177//1779
f  1252//1780 1221//1780 1184//1780
f  1258//1781 1255//1781 1185//1781
f  1222//1782 1258//1782 1185//1782
f  1259//1783 1242//1783 1208//1783
f  1244//1784 1259//1784 1208//1784
f  1209//1785 1260//1785 1192//1785
f  1260//1786 1245//1786 1192//1786
f  1218//1787 1261//1787 1136//1787
f  1261//1788 1137//1788 1136//1788
f  774//1789 1050//1789 775//1789
f  1262//1790 782//1790 781//1790
f  1051//1791 1262//1791 781//1791
f  1263//1792 1170//1792 900//1792
f  972//1793 1263//1793 900//1793
f  1152//1794 1264//1794 1058//1794
f  1264//1795 1198//1795 1058//1795
f  1228//1796 1153//1796 1156//1796
f  1265//1797 1212//1797 1140//1797
f  1233//1798 1265//1798 1140//1798
f  1171//1799 1266//1799 975//1799
f  1266//1800 1104//1800 975//1800
f  1267//1801 1268//1801 1240//1801
f  1268//1802 1241//1802 1240//1802
f  1242//1803 1269//1803 1240//1803
f  1269//1804 1267//1804 1240//1804
f  1241//1805 1268//1805 1238//1805
f  1268//1806 1243//1806 1238//1806
f  1270//1807 1248//1807 1189//1807
f  1221//1808 1270//1808 1189//1808
f  1271//1809 1222//1809 1191//1809
f  1250//1810 1271//1810 1191//1810
f  1267//1811 1243//1811 1268//1811
f  1193//1812 1272//1812 1176//1812
f  1272//1813 1256//1813 1176//1813
f  1273//1814 1220//1814 1194//1814
f  1257//1815 1273//1815 1194//1815
f  1151//1816 1264//1816 1152//1816
f  1274//1817 1154//1817 1153//1817
f  1228//1818 1274//1818 1153//1818
f  1253//1819 1251//1819 1246//1819
f  1275//1820 1269//1820 1242//1820
f  1259//1821 1275//1821 1242//1821
f  1243//1822 1276//1822 1209//1822
f  1276//1823 1260//1823 1209//1823
f  1254//1824 1277//1824 1253//1824
f  1277//1825 1251//1825 1253//1825
f  1277//1826 1278//1826 1251//1826
f  1278//1827 1252//1827 1251//1827
f  1255//1828 1276//1828 1254//1828
f  1276//1829 1279//1829 1254//1829
f  1279//1830 1277//1830 1254//1830
f  1278//1831 1280//1831 1252//1831
f  1280//1832 1221//1832 1252//1832
f  1258//1833 1260//1833 1255//1833
f  1260//1834 1276//1834 1255//1834
f  1279//1835 1278//1835 1277//1835
f  1281//1836 1215//1836 1217//1836
f  1237//1837 1282//1837 1217//1837
f  1282//1838 1281//1838 1217//1838
f  1283//1839 1244//1839 1235//1839
f  1214//1840 1283//1840 1235//1840
f  1284//1841 1282//1841 1237//1841
f  1236//1842 1284//1842 1237//1842
f  1285//1843 1283//1843 1214//1843
f  1158//1844 1286//1844 1214//1844
f  1286//1845 1285//1845 1214//1845
f  1281//1846 1287//1846 1215//1846
f  1287//1847 1160//1847 1215//1847
f  1283//1848 1288//1848 1244//1848
f  1288//1849 1259//1849 1244//1849
f  1289//1850 1284//1850 1236//1850
f  1245//1851 1289//1851 1236//1851
f  1278//1852 1290//1852 1269//1852
f  1275//1853 1278//1853 1269//1853
f  1290//1854 1267//1854 1269//1854
f  1267//1855 1290//1855 1243//1855
f  1290//1856 1276//1856 1243//1856
f  1276//1857 1290//1857 1279//1857
f  1290//1858 1278//1858 1279//1858
f  1280//1859 1270//1859 1221//1859
f  1289//1860 1258//1860 1222//1860
f  1271//1861 1289//1861 1222//1861
f  1288//1862 1291//1862 1259//1862
f  1291//1863 1275//1863 1259//1863
f  1258//1864 1289//1864 1245//1864
f  1260//1865 1258//1865 1245//1865
f  1275//1866 1280//1866 1278//1866
f  941//1867 1205//1867 942//1867
f  1247//1868 974//1868 944//1868
f  1219//1869 1292//1869 1193//1869
f  1292//1870 1272//1870 1193//1870
f  1293//1871 1249//1871 1220//1871
f  1273//1872 1293//1872 1220//1872
f  1291//1873 1280//1873 1275//1873
f  1157//1874 1286//1874 1158//1874
f  1287//1875 1167//1875 1160//1875
f  1150//1876 1294//1876 1151//1876
f  1294//1877 1264//1877 1151//1877
f  1274//1878 1155//1878 1154//1878
f  1291//1879 1270//1879 1280//1879
f  1295//1880 1155//1880 1274//1880
f  1296//1881 1295//1881 1274//1881
f  1228//1882 1296//1882 1274//1882
f  1294//1883 1198//1883 1264//1883
f  1297//1884 1145//1884 1213//1884
f  1212//1885 1297//1885 1213//1885
f  1146//1886 1298//1886 1147//1886
f  1298//1887 1218//1887 1147//1887
f  1248//1888 1299//1888 1219//1888
f  1299//1889 1292//1889 1219//1889
f  1300//1890 1250//1890 1249//1890
f  1293//1891 1300//1891 1249//1891
f  1301//1892 1270//1892 1291//1892
f  1288//1893 1301//1893 1291//1893
f  1271//1894 1284//1894 1289//1894
f  1166//1895 1286//1895 1157//1895
f  1287//1896 1302//1896 1167//1896
f  1302//1897 1179//1897 1167//1897
f  1303//1898 1296//1898 1228//1898
f  1230//1899 1303//1899 1228//1899
f  1304//1900 1226//1900 1198//1900
f  1294//1901 1304//1901 1198//1901
f  1270//1902 1301//1902 1248//1902
f  1301//1903 1299//1903 1248//1903
f  1305//1904 1271//1904 1250//1904
f  1300//1905 1305//1905 1250//1905
f  1149//1906 1294//1906 1150//1906
f  1295//1907 1231//1907 1155//1907
f  1305//1908 1284//1908 1271//1908
f  1306//1909 1301//1909 1288//1909
f  1283//1910 1306//1910 1288//1910
f  1305//1911 1282//1911 1284//1911
f  1307//1912 1308//1912 1054//1912
f  1170//1913 1307//1913 1054//1913
f  1308//1914 1309//1914 1054//1914
f  1309//1915 1224//1915 1054//1915
f  1310//1916 1311//1916 1171//1916
f  1232//1917 1310//1917 1171//1917
f  1311//1918 1266//1918 1171//1918
f  1285//1919 1312//1919 1283//1919
f  1313//1920 1306//1920 1283//1920
f  1312//1921 1313//1921 1283//1921
f  1314//1922 1281//1922 1282//1922
f  1305//1923 1315//1923 1282//1923
f  1315//1924 1314//1924 1282//1924
f  1316//1925 1303//1925 1230//1925
f  1229//1926 1316//1926 1230//1926
f  1304//1927 1317//1927 1226//1927
f  1318//1928 1227//1928 1226//1928
f  1317//1929 1318//1929 1226//1929
f  1178//1930 1319//1930 1166//1930
f  1319//1931 1286//1931 1166//1931
f  1302//1932 1320//1932 1179//1932
f  1320//1933 1188//1933 1179//1933
f  1321//1934 1201//1934 1097//1934
f  1202//1935 1321//1935 1097//1935
f  1322//1936 1204//1936 1203//1936
f  1323//1937 1322//1937 1203//1937
f  1105//1938 1323//1938 1203//1938
f  1324//1939 1202//1939 1114//1939
f  1223//1940 1324//1940 1114//1940
f  1306//1941 1299//1941 1301//1941
f  1300//1942 1315//1942 1305//1942
f  1325//1943 1316//1943 1229//1943
f  1256//1944 1325//1944 1229//1944
f  1326//1945 1257//1945 1227//1945
f  1318//1946 1326//1946 1227//1946
f  1327//1947 1205//1947 941//1947
f  973//1948 1328//1948 941//1948
f  1328//1949 1327//1949 941//1949
f  1329//1950 1033//1950 974//1950
f  1247//1951 1329//1951 974//1951
f  1322//1952 1330//1952 1204//1952
f  1330//1953 1233//1953 1204//1953
f  1331//1954 1332//1954 1200//1954
f  1201//1955 1331//1955 1200//1955
f  1332//1956 972//1956 1200//1956
f  1071//15 1333//15 1072//15
f  1079//1957 1073//1957 1072//1957
f  1333//1957 1079//1957 1072//1957
f  1086//1958 1120//1958 1074//1958
f  1085//15 1334//15 1086//15
f  1334//1958 1120//1958 1086//1958
f  1104//1959 1335//1959 1105//1959
f  1335//1960 1323//1960 1105//1960
f  1336//1961 1312//1961 1285//1961
f  1286//1962 1337//1962 1285//1962
f  1337//1963 1336//1963 1285//1963
f  1314//1964 1287//1964 1281//1964
f  1338//1965 1325//1965 1256//1965
f  1272//1966 1338//1966 1256//1966
f  1326//1967 1339//1967 1257//1967
f  1339//1968 1273//1968 1257//1968
f  1265//1969 1340//1969 1212//1969
f  1340//1970 1297//1970 1212//1970
f  1341//1971 1292//1971 1299//1971
f  1306//1972 1341//1972 1299//1972
f  1293//1973 1342//1973 1300//1973
f  1342//1974 1315//1974 1300//1974
f  1343//1975 1338//1975 1272//1975
f  1292//1976 1343//1976 1272//1976
f  1344//1977 1293//1977 1273//1977
f  1339//1978 1344//1978 1273//1978
f  1341//1979 1343//1979 1292//1979
f  1344//1980 1342//1980 1293//1980
f  1225//1981 1294//1981 1149//1981
f  1187//1982 1319//1982 1178//1982
f  1320//1983 1206//1983 1188//1983
f  1313//1984 1341//1984 1306//1984
f  1342//1985 1345//1985 1315//1985
f  1345//1986 1314//1986 1315//1986
f  1346//1987 1223//1987 1137//1987
f  1261//1988 1346//1988 1137//1988
f  1295//1989 1232//1989 1231//1989
f  1330//1990 1347//1990 1233//1990
f  1347//1991 1265//1991 1233//1991
f  1348//1992 1263//1992 972//1992
f  1332//1993 1348//1993 972//1993
f  1349//1994 1335//1994 1104//1994
f  1266//1995 1349//1995 1104//1995
f  1350//1996 1341//1996 1313//1996
f  1312//1997 1350//1997 1313//1997
f  1146//1998 1351//1998 1298//1998
f  1351//1999 1352//1999 1298//1999
f  1352//2000 1218//2000 1298//2000
f  1319//2001 1337//2001 1286//2001
f  1350//2002 1343//2002 1341//2002
f  1353//2003 1345//2003 1342//2003
f  1344//2004 1353//2004 1342//2004
f  1354//2005 1355//2005 1071//2005
f  1070//2005 1354//2005 1071//2005
f  1355//15 1333//15 1071//15
f  1076//16 1354//16 1070//16
f  1356//2006 1357//2006 1076//2006
f  1075//2006 1356//2006 1076//2006
f  1357//16 1354//16 1076//16
f  1358//2007 1089//2007 1077//2007
f  1122//16 1358//16 1077//16
f  1145//15 1356//15 1075//15
f  1358//2007 1359//2007 1089//2007
f  1359//15 1146//15 1089//15
f  1327//2008 1319//2008 1187//2008
f  1205//2009 1327//2009 1187//2009
f  1320//2010 1360//2010 1206//2010
f  1360//2011 1247//2011 1206//2011
f  1352//2012 1361//2012 1218//2012
f  1361//2013 1261//2013 1218//2013
f  1050//2014 1362//2014 905//2014
f  1362//2015 1216//2015 905//2015
f  1162//2016 1363//2016 1051//2016
f  1363//2017 1262//2017 1051//2017
f  1364//2018 1328//2018 973//2018
f  1032//2019 1364//2019 973//2019
f  1329//2020 1365//2020 1033//2020
f  1365//2021 1098//2021 1033//2021
f  1347//2022 1340//2022 1265//2022
f  1295//2023 1310//2023 1232//2023
f  1224//2024 1294//2024 1225//2024
f  1336//2025 1366//2025 1312//2025
f  1366//2026 1350//2026 1312//2026
f  1345//2027 1287//2027 1314//2027
f  1367//2028 1338//2028 1343//2028
f  1350//2029 1367//2029 1343//2029
f  1339//2030 1368//2030 1344//2030
f  1368//2031 1353//2031 1344//2031
f  1295//2032 1311//2032 1310//2032
f  1309//2033 1294//2033 1224//2033
f  1369//2034 1325//2034 1338//2034
f  1367//2035 1369//2035 1338//2035
f  1326//2036 1370//2036 1339//2036
f  1370//2037 1368//2037 1339//2037
f  1366//2038 1367//2038 1350//2038
f  1371//2039 1311//2039 1295//2039
f  1372//2040 1371//2040 1295//2040
f  1296//2041 1372//2041 1295//2041
f  1309//2042 1373//2042 1294//2042
f  1374//2043 1304//2043 1294//2043
f  1373//2044 1374//2044 1294//2044
f  1375//2045 1372//2045 1296//2045
f  1303//2046 1375//2046 1296//2046
f  1374//2047 1376//2047 1304//2047
f  1376//2048 1317//2048 1304//2048
f  1377//2049 1316//2049 1325//2049
f  1369//2050 1377//2050 1325//2050
f  1318//2051 1370//2051 1326//2051
f  1378//2052 1122//2052 1121//2052
f  1120//15 1378//15 1121//15
f  1378//2052 1379//2052 1122//2052
f  1379//16 1358//16 1122//16
f  1380//2053 1366//2053 1336//2053
f  1337//2054 1381//2054 1336//2054
f  1381//2055 1380//2055 1336//2055
f  1345//2056 1382//2056 1287//2056
f  1382//2057 1302//2057 1287//2057
f  1383//2058 1375//2058 1303//2058
f  1316//2059 1383//2059 1303//2059
f  1384//2060 1318//2060 1317//2060
f  1376//2061 1384//2061 1317//2061
f  1377//2062 1383//2062 1316//2062
f  1384//2063 1370//2063 1318//2063
f  1385//2064 1307//2064 1170//2064
f  1263//2065 1386//2065 1170//2065
f  1386//2066 1387//2066 1170//2066
f  1387//2067 1385//2067 1170//2067
f  1311//2068 1388//2068 1266//2068
f  1388//2069 1389//2069 1266//2069
f  1389//2070 1390//2070 1266//2070
f  1390//2071 1349//2071 1266//2071
f  1360//2072 1329//2072 1247//2072
f  1391//2073 1145//2073 1297//2073
f  1340//2074 1391//2074 1297//2074
f  1146//2075 1392//2075 1351//2075
f  1392//2076 1352//2076 1351//2076
f  1366//2077 1393//2077 1367//2077
f  1393//2078 1369//2078 1367//2078
f  1380//2079 1393//2079 1366//2079
f  1394//2080 1382//2080 1345//2080
f  1353//2081 1394//2081 1345//2081
f  1395//2082 1145//2082 1391//2082
f  1340//2083 1395//2083 1391//2083
f  1146//2084 1396//2084 1392//2084
f  1396//2085 1352//2085 1392//2085
f  1395//2086 1397//2086 1145//2086
f  1397//2087 1398//2087 1145//2087
f  1398//15 1356//15 1145//15
f  1399//2088 1400//2088 1146//2088
f  1400//2089 1401//2089 1146//2089
f  1401//2090 1396//2090 1146//2090
f  1359//15 1399//15 1146//15
f  1319//2091 1381//2091 1337//2091
f  1382//2092 1402//2092 1302//2092
f  1402//2093 1320//2093 1302//2093
f  1161//2094 1403//2094 1032//2094
f  1403//2095 1364//2095 1032//2095
f  1365//2096 1162//2096 1098//2096
f  1404//2097 1321//2097 1202//2097
f  1324//2098 1404//2098 1202//2098
f  1405//2099 1330//2099 1322//2099
f  1323//2100 1406//2100 1322//2100
f  1406//2101 1405//2101 1322//2101
f  1393//2102 1407//2102 1369//2102
f  1407//2103 1377//2103 1369//2103
f  1408//2104 1331//2104 1201//2104
f  1321//2105 1408//2105 1201//2105
f  1409//2106 1406//2106 1323//2106
f  1335//2107 1409//2107 1323//2107
f  1410//2108 1324//2108 1223//2108
f  1346//2109 1410//2109 1223//2109
f  1405//2110 1411//2110 1330//2110
f  1411//2111 1347//2111 1330//2111
f  1308//2112 1373//2112 1309//2112
f  1371//2113 1388//2113 1311//2113
f  1380//2114 1407//2114 1393//2114
f  1368//2115 1412//2115 1353//2115
f  1412//2116 1394//2116 1353//2116
f  1407//2117 1413//2117 1377//2117
f  1413//2118 1383//2118 1377//2118
f  1414//2119 1368//2119 1370//2119
f  1384//2120 1414//2120 1370//2120
f  1307//2121 1415//2121 1308//2121
f  1415//2122 1373//2122 1308//2122
f  1385//2123 1415//2123 1307//2123
f  1416//2124 1389//2124 1388//2124
f  1371//2125 1416//2125 1388//2125
f  1331//2126 1417//2126 1332//2126
f  1417//2127 1348//2127 1332//2127
f  1418//2128 1346//2128 1261//2128
f  1361//2129 1418//2129 1261//2129
f  1349//2130 1419//2130 1335//2130
f  1419//2131 1409//2131 1335//2131
f  1411//2132 1420//2132 1347//2132
f  1420//2133 1340//2133 1347//2133
f  1413//2134 1421//2134 1383//2134
f  1421//2135 1375//2135 1383//2135
f  1376//2136 1422//2136 1384//2136
f  1422//2137 1414//2137 1384//2137
f  1340//2138 1397//2138 1395//2138
f  1394//2139 1402//2139 1382//2139
f  1421//2140 1423//2140 1375//2140
f  1423//2141 1372//2141 1375//2141
f  1374//2142 1424//2142 1376//2142
f  1424//2143 1422//2143 1376//2143
f  1425//2144 1381//2144 1319//2144
f  1327//2145 1425//2145 1319//2145
f  1402//2146 1360//2146 1320//2146
f  1380//2147 1426//2147 1407//2147
f  1426//2148 1413//2148 1407//2148
f  1414//2149 1427//2149 1368//2149
f  1427//2150 1412//2150 1368//2150
f  1428//2151 1424//2151 1374//2151
f  1373//2152 1428//2152 1374//2152
f  1423//2153 1429//2153 1372//2153
f  1429//2154 1371//2154 1372//2154
f  1396//2155 1430//2155 1352//2155
f  1430//2156 1431//2156 1352//2156
f  1431//2157 1361//2157 1352//2157
f  1381//2158 1432//2158 1380//2158
f  1432//2159 1426//2159 1380//2159
f  1429//2160 1433//2160 1371//2160
f  1433//2161 1416//2161 1371//2161
f  1434//2162 1428//2162 1373//2162
f  1435//2163 1434//2163 1373//2163
f  1436//2164 1435//2164 1373//2164
f  1415//2165 1436//2165 1373//2165
f  1437//2166 1397//2166 1340//2166
f  1420//2167 1437//2167 1340//2167
f  1348//2168 1438//2168 1263//2168
f  1438//2169 1439//2169 1263//2169
f  1439//2170 1386//2170 1263//2170
f  1440//2171 1441//2171 1349//2171
f  1390//2172 1440//2172 1349//2172
f  1441//2173 1419//2173 1349//2173
f  1401//2174 1430//2174 1396//2174
f  1433//2175 1390//2175 1416//2175
f  1390//2176 1389//2176 1416//2176
f  1385//2177 1436//2177 1415//2177
f  1387//2178 1436//2178 1385//2178
f  1426//2179 1421//2179 1413//2179
f  1442//2180 1427//2180 1414//2180
f  1422//2181 1442//2181 1414//2181
f  1443//2182 1398//2182 1397//2182
f  1437//2183 1443//2183 1397//2183
f  1400//2184 1430//2184 1401//2184
f  1444//2185 1432//2185 1381//2185
f  1425//2186 1444//2186 1381//2186
f  1412//2187 1445//2187 1394//2187
f  1445//2188 1402//2188 1394//2188
f  1446//2189 1423//2189 1421//2189
f  1426//2190 1446//2190 1421//2190
f  1424//2191 1447//2191 1422//2191
f  1447//2192 1442//2192 1422//2192
f  1386//2193 1436//2193 1387//2193
f  1433//2194 1440//2194 1390//2194
f  774//2195 1362//2195 1050//2195
f  783//2196 782//2196 1262//2196
f  1363//2197 1448//2197 1262//2197
f  1448//2198 783//2198 1262//2198
f  1439//2199 1436//2199 1386//2199
f  1449//2200 1404//2200 1324//2200
f  1410//2201 1449//2201 1324//2201
f  1450//2202 1408//2202 1321//2202
f  1404//2203 1450//2203 1321//2203
f  1451//2204 1411//2204 1405//2204
f  1406//2205 1452//2205 1405//2205
f  1452//2206 1451//2206 1405//2206
f  1409//2207 1453//2207 1406//2207
f  1453//2208 1452//2208 1406//2208
f  1454//2209 1429//2209 1423//2209
f  1446//2210 1454//2210 1423//2210
f  1428//2211 1455//2211 1424//2211
f  1455//2212 1447//2212 1424//2212
f  1456//2213 1403//2213 1161//2213
f  1216//2214 1456//2214 1161//2214
f  1457//2215 1363//2215 1162//2215
f  1365//2216 1457//2216 1162//2216
f  1458//2217 1410//2217 1346//2217
f  1418//2218 1458//2218 1346//2218
f  1451//2219 1459//2219 1411//2219
f  1459//2220 1420//2220 1411//2220
f  1328//2221 1460//2221 1327//2221
f  1460//2222 1425//2222 1327//2222
f  1402//2223 1461//2223 1360//2223
f  1461//2224 1329//2224 1360//2224
f  1408//2225 1462//2225 1331//2225
f  1462//2226 1417//2226 1331//2226
f  1432//2227 1463//2227 1426//2227
f  1463//2228 1446//2228 1426//2228
f  1355//15 1464//15 1333//15
f  1080//2229 1079//2229 1333//2229
f  1464//2229 1080//2229 1333//2229
f  1465//15 1466//15 1120//15
f  1466//15 1378//15 1120//15
f  1334//2230 1465//2230 1120//2230
f  1085//15 1467//15 1334//15
f  1467//2230 1465//2230 1334//2230
f  1468//2231 1453//2231 1409//2231
f  1419//2232 1468//2232 1409//2232
f  1469//2233 1455//2233 1428//2233
f  1434//2234 1469//2234 1428//2234
f  1433//2235 1441//2235 1440//2235
f  1427//2236 1445//2236 1412//2236
f  1470//2237 1418//2237 1361//2237
f  1431//2238 1470//2238 1361//2238
f  1459//2239 1471//2239 1420//2239
f  1471//2240 1437//2240 1420//2240
f  1454//2241 1433//2241 1429//2241
f  1472//2242 1469//2242 1434//2242
f  1435//2243 1472//2243 1434//2243
f  1473//2244 1474//2244 1348//2244
f  1474//2245 1475//2245 1348//2245
f  1475//2246 1438//2246 1348//2246
f  1417//2247 1473//2247 1348//2247
f  1476//2248 1477//2248 1419//2248
f  1441//2249 1478//2249 1419//2249
f  1478//2250 1479//2250 1419//2250
f  1479//2251 1476//2251 1419//2251
f  1477//2252 1468//2252 1419//2252
f  1436//2253 1472//2253 1435//2253
f  1400//2254 1480//2254 1430//2254
f  1480//2255 1481//2255 1430//2255
f  1481//2256 1431//2256 1430//2256
f  1482//2257 1443//2257 1437//2257
f  1471//2258 1482//2258 1437//2258
f  1460//2259 1483//2259 1425//2259
f  1483//2260 1444//2260 1425//2260
f  1445//2261 1461//2261 1402//2261
f  1478//2262 1441//2262 1433//2262
f  1454//2263 1484//2263 1433//2263
f  1484//2264 1479//2264 1433//2264
f  1479//2265 1478//2265 1433//2265
f  1474//2266 1485//2266 1436//2266
f  1475//2267 1474//2267 1436//2267
f  1438//2268 1475//2268 1436//2268
f  1439//2269 1438//2269 1436//2269
f  1485//2270 1472//2270 1436//2270
f  1486//2271 1463//2271 1432//2271
f  1444//2272 1486//2272 1432//2272
f  1442//2273 1487//2273 1427//2273
f  1487//2274 1445//2274 1427//2274
f  1463//2275 1488//2275 1446//2275
f  1488//2276 1454//2276 1446//2276
f  1399//2277 1489//2277 1400//2277
f  1489//2278 1480//2278 1400//2278
f  1490//2279 1398//2279 1443//2279
f  1482//2280 1490//2280 1443//2280
f  1399//2281 1491//2281 1489//2281
f  1491//2282 1480//2282 1489//2282
f  1492//2283 1493//2283 1357//2283
f  1356//2283 1492//2283 1357//2283
f  1493//16 1494//16 1357//16
f  1494//16 1354//16 1357//16
f  1495//2284 1359//2284 1358//2284
f  1379//16 1495//16 1358//16
f  1398//15 1492//15 1356//15
f  1495//2284 1496//2284 1359//2284
f  1496//15 1399//15 1359//15
f  1494//2285 1497//2285 1355//2285
f  1354//2285 1494//2285 1355//2285
f  1497//15 1464//15 1355//15
f  1498//2286 1460//2286 1328//2286
f  1499//2287 1498//2287 1328//2287
f  1500//2288 1499//2288 1328//2288
f  1364//2289 1500//2289 1328//2289
f  1501//2290 1365//2290 1329//2290
f  1461//2291 1501//2291 1329//2291
f  1502//2292 1449//2292 1410//2292
f  1458//2293 1502//2293 1410//2293
f  1503//2294 1450//2294 1404//2294
f  1449//2295 1503//2295 1404//2295
f  1504//2296 1487//2296 1442//2296
f  1447//2297 1504//2297 1442//2297
f  1453//2298 1505//2298 1452//2298
f  1505//2299 1506//2299 1452//2299
f  1506//2300 1451//2300 1452//2300
f  1507//2301 1459//2301 1451//2301
f  1506//2302 1507//2302 1451//2302
f  773//2303 1362//2303 774//2303
f  1508//2304 1458//2304 1418//2304
f  1470//2305 1508//2305 1418//2305
f  1466//2306 1379//2306 1378//2306
f  1466//2306 1509//2306 1379//2306
f  1509//16 1495//16 1379//16
f  1450//2307 1510//2307 1408//2307
f  1510//2308 1462//2308 1408//2308
f  1507//2309 1511//2309 1459//2309
f  1511//2310 1471//2310 1459//2310
f  1468//2311 1512//2311 1453//2311
f  1512//2312 1505//2312 1453//2312
f  1483//2313 1513//2313 1444//2313
f  1513//2314 1486//2314 1444//2314
f  1488//2315 1484//2315 1454//2315
f  1473//2316 1514//2316 1474//2316
f  1514//2317 1485//2317 1474//2317
f  1515//2318 1476//2318 1479//2318
f  1484//2319 1515//2319 1479//2319
f  1399//2320 1516//2320 1491//2320
f  1517//2321 1480//2321 1491//2321
f  1516//2322 1517//2322 1491//2322
f  1518//2323 1398//2323 1490//2323
f  1482//2324 1518//2324 1490//2324
f  1518//2325 1519//2325 1398//2325
f  1519//2326 1520//2326 1398//2326
f  1520//15 1492//15 1398//15
f  1521//2327 1522//2327 1399//2327
f  1522//2328 1516//2328 1399//2328
f  1496//15 1521//15 1399//15
f  1523//2329 1470//2329 1431//2329
f  1481//2330 1523//2330 1431//2330
f  1511//2331 1524//2331 1471//2331
f  1524//2332 1482//2332 1471//2332
f  1462//2333 1525//2333 1417//2333
f  1525//2334 1473//2334 1417//2334
f  1526//2335 1512//2335 1468//2335
f  1477//2336 1526//2336 1468//2336
f  1362//2337 1527//2337 1216//2337
f  1527//2338 1456//2338 1216//2338
f  1528//2339 1448//2339 1363//2339
f  1457//2340 1528//2340 1363//2340
f  1529//2341 1488//2341 1463//2341
f  1486//2342 1529//2342 1463//2342
f  1455//2343 1530//2343 1447//2343
f  1530//2344 1504//2344 1447//2344
f  1515//2345 1477//2345 1476//2345
f  1485//2346 1531//2346 1472//2346
f  1531//2347 1469//2347 1472//2347
f  1482//2348 1519//2348 1518//2348
f  1498//2349 1483//2349 1460//2349
f  1445//2350 1532//2350 1461//2350
f  1532//2351 1501//2351 1461//2351
f  1517//2352 1533//2352 1480//2352
f  1533//2353 1481//2353 1480//2353
f  1534//2354 1519//2354 1482//2354
f  1524//2355 1534//2355 1482//2355
f  1515//2356 1526//2356 1477//2356
f  1525//2357 1514//2357 1473//2357
f  1535//2358 1515//2358 1484//2358
f  1488//2359 1535//2359 1484//2359
f  1536//2360 1531//2360 1485//2360
f  1537//2361 1536//2361 1485//2361
f  1514//2362 1537//2362 1485//2362
f  1498//2363 1513//2363 1483//2363
f  1487//2364 1532//2364 1445//2364
f  1469//2365 1538//2365 1455//2365
f  1538//2366 1530//2366 1455//2366
f  1539//2367 1520//2367 1519//2367
f  1534//2368 1539//2368 1519//2368
f  1522//2369 1517//2369 1516//2369
f  1521//2370 1540//2370 1522//2370
f  1540//2371 1517//2371 1522//2371
f  1403//2372 1541//2372 1364//2372
f  1541//2373 1500//2373 1364//2373
f  1542//2374 1457//2374 1365//2374
f  1501//2375 1542//2375 1365//2375
f  1502//2376 1543//2376 1449//2376
f  1543//2377 1503//2377 1449//2377
f  1544//2378 1502//2378 1458//2378
f  1508//2379 1544//2379 1458//2379
f  1513//2380 1545//2380 1486//2380
f  1545//2381 1529//2381 1486//2381
f  1546//2382 1535//2382 1488//2382
f  1529//2383 1546//2383 1488//2383
f  1547//2384 1538//2384 1469//2384
f  1531//2385 1547//2385 1469//2385
f  1505//2386 1548//2386 1506//2386
f  1548//2387 1549//2387 1506//2387
f  1549//2388 1507//2388 1506//2388
f  1550//2389 1511//2389 1507//2389
f  1549//2390 1550//2390 1507//2390
f  1551//2391 1526//2391 1515//2391
f  1552//2392 1551//2392 1515//2392
f  1535//2393 1552//2393 1515//2393
f  1525//2394 1553//2394 1514//2394
f  1554//2395 1537//2395 1514//2395
f  1553//2396 1554//2396 1514//2396
f  1555//2397 1508//2397 1470//2397
f  1523//2398 1555//2398 1470//2398
f  1503//2399 1556//2399 1450//2399
f  1556//2400 1510//2400 1450//2400
f  1497//15 1557//15 1464//15
f  1557//15 1558//15 1464//15
f  1081//2401 1080//2401 1464//2401
f  1558//2401 1081//2401 1464//2401
f  1559//15 1560//15 1465//15
f  1560//15 1466//15 1465//15
f  1467//2402 1559//2402 1465//2402
f  1085//15 1561//15 1467//15
f  1561//2402 1559//2402 1467//2402
f  1512//2403 1562//2403 1505//2403
f  1562//2404 1548//2404 1505//2404
f  1550//2405 1563//2405 1511//2405
f  1563//2406 1524//2406 1511//2406
f  1504//2407 1564//2407 1487//2407
f  1564//2408 1532//2408 1487//2408
f  1462//2409 1553//2409 1525//2409
f  1551//2410 1512//2410 1526//2410
f  1565//2411 1523//2411 1481//2411
f  1533//2412 1565//2412 1481//2412
f  1510//2413 1566//2413 1462//2413
f  1566//2414 1553//2414 1462//2414
f  1563//2415 1567//2415 1524//2415
f  1567//2416 1534//2416 1524//2416
f  1568//2417 1562//2417 1512//2417
f  1551//2418 1568//2418 1512//2418
f  1536//2419 1569//2419 1531//2419
f  1569//2420 1547//2420 1531//2420
f  1570//2421 1554//2421 1553//2421
f  1566//2422 1570//2422 1553//2422
f  1540//2423 1533//2423 1517//2423
f  1567//2424 1571//2424 1534//2424
f  1571//2425 1539//2425 1534//2425
f  1572//2426 1552//2426 1535//2426
f  1546//2427 1572//2427 1535//2427
f  1537//2428 1573//2428 1536//2428
f  1573//2429 1569//2429 1536//2429
f  1498//2430 1574//2430 1513//2430
f  1574//2431 1545//2431 1513//2431
f  1530//2432 1564//2432 1504//2432
f  1499//2433 1574//2433 1498//2433
f  1564//2434 1501//2434 1532//2434
f  1552//2435 1568//2435 1551//2435
f  1575//2436 1520//2436 1539//2436
f  1571//2437 1575//2437 1539//2437
f  1521//2438 1576//2438 1540//2438
f  1577//2439 1533//2439 1540//2439
f  1576//2440 1577//2440 1540//2440
f  1578//2441 1527//2441 1362//2441
f  1579//2442 1578//2442 1362//2442
f  773//2443 1579//2443 1362//2443
f  1580//2444 783//2444 1448//2444
f  1581//2445 1580//2445 1448//2445
f  1528//2446 1581//2446 1448//2446
f  1545//2447 1582//2447 1529//2447
f  1582//2448 1546//2448 1529//2448
f  1554//2449 1583//2449 1537//2449
f  1583//2450 1573//2450 1537//2450
f  1584//2451 1544//2451 1508//2451
f  1555//2452 1584//2452 1508//2452
f  1544//2453 1585//2453 1502//2453
f  1585//2454 1543//2454 1502//2454
f  1548//2455 1586//2455 1549//2455
f  1586//2456 1587//2456 1549//2456
f  1587//2457 1550//2457 1549//2457
f  1588//2458 1563//2458 1550//2458
f  1587//2459 1588//2459 1550//2459
f  1589//2460 1555//2460 1523//2460
f  1565//2461 1589//2461 1523//2461
f  1543//2462 1556//2462 1503//2462
f  1562//2463 1590//2463 1548//2463
f  1590//2464 1586//2464 1548//2464
f  1521//2465 1591//2465 1576//2465
f  1591//2466 1577//2466 1576//2466
f  1588//2467 1592//2467 1563//2467
f  1592//2468 1567//2468 1563//2468
f  1538//2469 1593//2469 1530//2469
f  1593//2470 1564//2470 1530//2470
f  1594//2471 1541//2471 1403//2471
f  1456//2472 1594//2472 1403//2472
f  1595//2473 1528//2473 1457//2473
f  1542//2474 1595//2474 1457//2474
f  1596//2475 1597//2475 1493//2475
f  1492//2475 1596//2475 1493//2475
f  1597//16 1598//16 1493//16
f  1598//16 1494//16 1493//16
f  1599//2476 1496//2476 1495//2476
f  1509//16 1599//16 1495//16
f  1520//15 1596//15 1492//15
f  1599//2476 1600//2476 1496//2476
f  1600//15 1521//15 1496//15
f  1598//2477 1557//2477 1497//2477
f  1494//2477 1598//2477 1497//2477
f  1601//2478 1565//2478 1533//2478
f  1577//2479 1601//2479 1533//2479
f  776//2480 1602//2480 773//2480
f  1602//2481 1579//2481 773//2481
f  1603//2482 784//2482 783//2482
f  1580//2483 1603//2483 783//2483
f  1604//2484 1568//2484 1552//2484
f  1605//2485 1604//2485 1552//2485
f  1606//2486 1605//2486 1552//2486
f  1572//2487 1606//2487 1552//2487
f  1570//2488 1607//2488 1554//2488
f  1607//2489 1583//2489 1554//2489
f  1592//2490 1608//2490 1567//2490
f  1608//2491 1571//2491 1567//2491
f  1556//2492 1609//2492 1510//2492
f  1609//2493 1566//2493 1510//2493
f  1568//2494 1604//2494 1562//2494
f  1604//2495 1590//2495 1562//2495
f  1610//2496 1520//2496 1575//2496
f  1571//2497 1610//2497 1575//2497
f  1608//2498 1611//2498 1571//2498
f  1611//2499 1612//2499 1571//2499
f  1612//2500 1610//2500 1571//2500
f  1609//2501 1570//2501 1566//2501
f  1560//2502 1509//2502 1466//2502
f  1560//2502 1613//2502 1509//2502
f  1613//16 1599//16 1509//16
f  1614//2503 1615//2503 1570//2503
f  1609//2504 1614//2504 1570//2504
f  1615//2505 1616//2505 1570//2505
f  1616//2506 1607//2506 1570//2506
f  1521//2507 1617//2507 1591//2507
f  1618//2508 1577//2508 1591//2508
f  1617//2509 1618//2509 1591//2509
f  1612//2510 1520//2510 1610//2510
f  1612//2511 1619//2511 1520//2511
f  1619//15 1596//15 1520//15
f  1620//2512 1621//2512 1521//2512
f  1621//2513 1622//2513 1521//2513
f  1622//2514 1617//2514 1521//2514
f  1600//15 1620//15 1521//15
f  1582//2515 1623//2515 1546//2515
f  1623//2516 1572//2516 1546//2516
f  1574//2517 1624//2517 1545//2517
f  1624//2518 1582//2518 1545//2518
f  1547//2519 1593//2519 1538//2519
f  1625//2520 1619//2520 1612//2520
f  1611//2521 1625//2521 1612//2521
f  1557//15 1626//15 1558//15
f  1626//15 1627//15 1558//15
f  1082//2522 1081//2522 1558//2522
f  1627//2522 1082//2522 1558//2522
f  1628//15 1629//15 1559//15
f  1629//15 1630//15 1559//15
f  1630//15 1560//15 1559//15
f  1561//2523 1628//2523 1559//2523
f  1085//2523 1628//2523 1561//2523
f  1622//2524 1618//2524 1617//2524
f  1556//2525 1614//2525 1609//2525
f  1631//2526 1615//2526 1614//2526
f  1556//2527 1631//2527 1614//2527
f  1605//2528 1632//2528 1604//2528
f  1632//2529 1590//2529 1604//2529
f  1633//2530 1632//2530 1605//2530
f  1606//2531 1633//2531 1605//2531
f  1631//2532 1616//2532 1615//2532
f  1633//2533 1590//2533 1632//2533
f  1634//2534 1616//2534 1631//2534
f  1556//2535 1634//2535 1631//2535
f  1624//2536 1574//2536 1499//2536
f  1635//2537 1624//2537 1499//2537
f  1636//2538 1635//2538 1499//2538
f  1500//2539 1636//2539 1499//2539
f  1637//2540 1542//2540 1501//2540
f  1564//2541 1637//2541 1501//2541
f  1638//2542 1584//2542 1555//2542
f  1589//2543 1638//2543 1555//2543
f  1584//2544 1639//2544 1544//2544
f  1639//2545 1585//2545 1544//2545
f  1640//2546 1592//2546 1588//2546
f  1587//2547 1641//2547 1588//2547
f  1641//2548 1640//2548 1588//2548
f  1593//2549 1637//2549 1564//2549
f  1586//2550 1642//2550 1587//2550
f  1642//2551 1641//2551 1587//2551
f  1643//2552 1589//2552 1565//2552
f  1601//2553 1643//2553 1565//2553
f  1640//2554 1644//2554 1592//2554
f  1644//2555 1608//2555 1592//2555
f  1645//2556 1556//2556 1543//2556
f  1585//2557 1645//2557 1543//2557
f  1590//2558 1642//2558 1586//2558
f  1646//2559 1593//2559 1547//2559
f  1569//2560 1646//2560 1547//2560
f  1647//2561 1601//2561 1577//2561
f  1618//2562 1647//2562 1577//2562
f  1606//2563 1648//2563 1633//2563
f  1648//2564 1590//2564 1633//2564
f  1644//2565 1649//2565 1608//2565
f  1649//2566 1611//2566 1608//2566
f  1650//2567 1618//2567 1622//2567
f  1621//2568 1650//2568 1622//2568
f  1651//2569 1652//2569 1556//2569
f  1645//2570 1651//2570 1556//2570
f  1652//2571 1653//2571 1556//2571
f  1653//2572 1634//2572 1556//2572
f  1648//2573 1654//2573 1590//2573
f  1654//2574 1642//2574 1590//2574
f  1649//2575 1655//2575 1611//2575
f  1655//2576 1625//2576 1611//2576
f  1623//2577 1656//2577 1572//2577
f  1656//2578 1606//2578 1572//2578
f  1657//2579 1578//2579 1579//2579
f  1602//2580 1657//2580 1579//2580
f  1658//2581 1603//2581 1580//2581
f  1581//2582 1658//2582 1580//2582
f  1527//2583 1659//2583 1456//2583
f  1659//2584 1594//2584 1456//2584
f  1660//2585 1581//2585 1528//2585
f  1595//2586 1660//2586 1528//2586
f  1661//2587 1623//2587 1582//2587
f  1624//2588 1661//2588 1582//2588
f  1573//2589 1646//2589 1569//2589
f  1662//2590 1619//2590 1625//2590
f  1655//2591 1662//2591 1625//2591
f  1620//2592 1663//2592 1621//2592
f  1663//2593 1650//2593 1621//2593
f  1664//2594 1638//2594 1589//2594
f  1643//2595 1664//2595 1589//2595
f  776//2596 1657//2596 1602//2596
f  1665//2597 784//2597 1603//2597
f  1658//2598 1665//2598 1603//2598
f  1666//2599 1644//2599 1640//2599
f  1641//2600 1667//2600 1640//2600
f  1667//2601 1666//2601 1640//2601
f  1668//2602 1643//2602 1601//2602
f  1647//2603 1668//2603 1601//2603
f  1638//2604 1669//2604 1584//2604
f  1669//2605 1639//2605 1584//2605
f  1670//2606 1649//2606 1644//2606
f  1666//2607 1670//2607 1644//2607
f  1642//2608 1671//2608 1641//2608
f  1671//2609 1667//2609 1641//2609
f  1626//15 1672//15 1627//15
f  1672//15 1673//15 1627//15
f  1083//2610 1082//2610 1627//2610
f  1673//2610 1083//2610 1627//2610
f  1674//15 1675//15 1628//15
f  1675//15 1629//15 1628//15
f  1085//2611 1674//2611 1628//2611
f  1084//2611 1674//2611 1085//2611
f  1676//2612 1647//2612 1618//2612
f  1650//2613 1676//2613 1618//2613
f  1677//2614 1645//2614 1585//2614
f  1639//2615 1677//2615 1585//2615
f  1583//2616 1678//2616 1573//2616
f  1678//2617 1646//2617 1573//2617
f  1679//2618 1655//2618 1649//2618
f  1670//2619 1679//2619 1649//2619
f  1654//2620 1671//2620 1642//2620
f  1541//2621 1680//2621 1500//2621
f  1680//2622 1636//2622 1500//2622
f  1681//2623 1595//2623 1542//2623
f  1637//2624 1681//2624 1542//2624
f  1682//2625 1683//2625 1606//2625
f  1683//2626 1648//2626 1606//2626
f  1656//2627 1684//2627 1606//2627
f  1684//2628 1682//2628 1606//2628
f  1635//2629 1685//2629 1624//2629
f  1685//2630 1661//2630 1624//2630
f  1646//2631 1686//2631 1593//2631
f  1686//2632 1637//2632 1593//2632
f  1653//2633 1687//2633 1634//2633
f  1687//2634 1616//2634 1634//2634
f  1688//2635 1689//2635 1655//2635
f  1679//2636 1688//2636 1655//2636
f  1689//2637 1662//2637 1655//2637
f  1620//2638 1690//2638 1663//2638
f  1690//2639 1650//2639 1663//2639
f  1689//2640 1619//2640 1662//2640
f  1652//2641 1687//2641 1653//2641
f  1691//2642 1692//2642 1597//2642
f  1596//2642 1691//2642 1597//2642
f  1692//16 1693//16 1597//16
f  1693//16 1598//16 1597//16
f  1694//2643 1600//2643 1599//2643
f  1613//16 1694//16 1599//16
f  1619//15 1691//15 1596//15
f  1694//2643 1695//2643 1600//2643
f  1695//15 1696//15 1600//15
f  1696//15 1620//15 1600//15
f  1693//2644 1626//2644 1557//2644
f  1598//2644 1693//2644 1557//2644
f  1651//2645 1687//2645 1652//2645
f  1683//2646 1654//2646 1648//2646
f  1682//2647 1654//2647 1683//2647
f  1697//2648 1698//2648 1623//2648
f  1698//2649 1699//2649 1623//2649
f  1699//2650 1656//2650 1623//2650
f  1700//2651 1697//2651 1623//2651
f  1661//2652 1700//2652 1623//2652
f  1607//2653 1701//2653 1583//2653
f  1701//2654 1678//2654 1583//2654
f  1702//2640 1619//2640 1689//2640
f  1688//2655 1702//2655 1689//2655
f  1620//2656 1703//2656 1690//2656
f  1703//2657 1704//2657 1690//2657
f  1704//2658 1650//2658 1690//2658
f  1672//15 1705//15 1673//15
f  1705//15 1674//15 1673//15
f  1084//46 1083//46 1673//46
f  1674//46 1084//46 1673//46
f  1705//15 1675//15 1674//15
f  1630//2659 1613//2659 1560//2659
f  1630//2659 1706//2659 1613//2659
f  1706//16 1694//16 1613//16
f  1684//2660 1654//2660 1682//2660
f  1707//2661 1619//2661 1702//2661
f  1708//2662 1707//2662 1702//2662
f  1688//2663 1708//2663 1702//2663
f  1620//2664 1709//2664 1703//2664
f  1709//2665 1704//2665 1703//2665
f  1710//2666 1711//2666 1619//2666
f  1707//2667 1710//2667 1619//2667
f  1711//15 1691//15 1619//15
f  1696//2668 1712//2668 1620//2668
f  1712//2669 1713//2669 1620//2669
f  1713//2670 1709//2670 1620//2670
f  1714//2671 1664//2671 1643//2671
f  1668//2672 1714//2672 1643//2672
f  1715//2673 1668//2673 1647//2673
f  1676//2674 1715//2674 1647//2674
f  1716//2675 1670//2675 1666//2675
f  1667//2676 1717//2676 1666//2676
f  1717//2677 1716//2677 1666//2677
f  1718//2678 1679//2678 1670//2678
f  1716//2679 1718//2679 1670//2679
f  1664//2680 1719//2680 1638//2680
f  1719//2681 1669//2681 1638//2681
f  1704//2682 1720//2682 1650//2682
f  1721//2683 1676//2683 1650//2683
f  1720//2684 1721//2684 1650//2684
f  1671//2685 1722//2685 1667//2685
f  1722//2686 1717//2686 1667//2686
f  1723//2687 1688//2687 1679//2687
f  1718//2688 1723//2688 1679//2688
f  1724//2689 1659//2689 1527//2689
f  1578//2690 1724//2690 1527//2690
f  1725//2691 1658//2691 1581//2691
f  1660//2692 1725//2692 1581//2692
f  1726//2693 1677//2693 1639//2693
f  1669//2694 1726//2694 1639//2694
f  1727//2695 1722//2695 1671//2695
f  1654//2696 1727//2696 1671//2696
f  1616//2697 1728//2697 1607//2697
f  1728//2698 1701//2698 1607//2698
f  1729//2699 1720//2699 1704//2699
f  1730//2700 1729//2700 1704//2700
f  1709//2701 1730//2701 1704//2701
f  1723//2702 1708//2702 1688//2702
f  1731//2703 1651//2703 1645//2703
f  1677//2704 1732//2704 1645//2704
f  1732//2705 1733//2705 1645//2705
f  1733//2706 1731//2706 1645//2706
f  1684//2707 1734//2707 1654//2707
f  1734//2708 1727//2708 1654//2708
f  1713//2709 1730//2709 1709//2709
f  1708//2710 1710//2710 1707//2710
f  1712//2711 1730//2711 1713//2711
f  1735//2712 1680//2712 1541//2712
f  1594//2713 1735//2713 1541//2713
f  1736//2714 1660//2714 1595//2714
f  1681//2715 1736//2715 1595//2715
f  1685//2716 1737//2716 1661//2716
f  1737//2717 1700//2717 1661//2717
f  1678//2718 1738//2718 1646//2718
f  1738//2719 1686//2719 1646//2719
f  1739//2720 1740//2720 1656//2720
f  1740//2721 1741//2721 1656//2721
f  1741//2722 1684//2722 1656//2722
f  1699//2723 1742//2723 1656//2723
f  1742//2724 1739//2724 1656//2724
f  1687//2725 1743//2725 1616//2725
f  1743//2726 1744//2726 1616//2726
f  1744//2727 1728//2727 1616//2727
f  1745//2728 1715//2728 1676//2728
f  1721//2729 1745//2729 1676//2729
f  1746//2730 1723//2730 1718//2730
f  1747//2731 1746//2731 1718//2731
f  1716//2732 1747//2732 1718//2732
f  1748//2733 1714//2733 1668//2733
f  1715//2734 1748//2734 1668//2734
f  1749//2735 1721//2735 1720//2735
f  1729//2736 1749//2736 1720//2736
f  1717//2737 1750//2737 1716//2737
f  1750//2738 1747//2738 1716//2738
f  1731//2739 1751//2739 1651//2739
f  1751//2740 1687//2740 1651//2740
f  1752//2741 1708//2741 1723//2741
f  1746//2742 1752//2742 1723//2742
f  1714//2743 1753//2743 1664//2743
f  1753//2744 1719//2744 1664//2744
f  1722//2745 1754//2745 1717//2745
f  1754//2746 1750//2746 1717//2746
f  1712//2747 1755//2747 1730//2747
f  1755//2748 1756//2748 1730//2748
f  1756//2749 1729//2749 1730//2749
f  1741//2750 1734//2750 1684//2750
f  1733//2751 1751//2751 1731//2751
f  1752//2752 1757//2752 1708//2752
f  1757//2753 1758//2753 1708//2753
f  1758//2754 1710//2754 1708//2754
f  1759//2755 1685//2755 1635//2755
f  1636//2756 1759//2756 1635//2756
f  1760//2757 1681//2757 1637//2757
f  1686//2758 1760//2758 1637//2758
f  1761//2759 1726//2759 1669//2759
f  1719//2760 1761//2760 1669//2760
f  1762//2761 1754//2761 1722//2761
f  1727//2762 1762//2762 1722//2762
f  1758//2763 1711//2763 1710//2763
f  1751//2764 1743//2764 1687//2764
f  1740//2765 1734//2765 1741//2765
f  1733//2766 1743//2766 1751//2766
f  1763//2767 1711//2767 1758//2767
f  1757//2768 1763//2768 1758//2768
f  1696//2769 1764//2769 1712//2769
f  1764//2770 1755//2770 1712//2770
f  1696//2771 1765//2771 1764//2771
f  1765//2772 1755//2772 1764//2772
f  1739//2773 1734//2773 1740//2773
f  1766//2774 1767//2774 1677//2774
f  1767//2775 1732//2775 1677//2775
f  1768//2776 1766//2776 1677//2776
f  1726//2777 1768//2777 1677//2777
f  1769//2778 1762//2778 1727//2778
f  1734//2779 1770//2779 1727//2779
f  1770//2780 1769//2780 1727//2780
f  1771//2781 1772//2781 1692//2781
f  1691//2781 1771//2781 1692//2781
f  1772//16 1773//16 1692//16
f  1773//16 1693//16 1692//16
f  1774//2782 1695//2782 1694//2782
f  1706//16 1774//16 1694//16
f  1711//15 1771//15 1691//15
f  1774//2782 1775//2782 1695//2782
f  1775//15 1776//15 1695//15
f  1776//15 1696//15 1695//15
f  1777//2783 1744//2783 1743//2783
f  1732//2784 1777//2784 1743//2784
f  1733//2785 1732//2785 1743//2785
f  1777//2786 1728//2786 1744//2786
f  1742//2787 1778//2787 1739//2787
f  1770//2788 1734//2788 1739//2788
f  1778//2789 1770//2789 1739//2789
f  1779//2790 1745//2790 1721//2790
f  1749//2791 1779//2791 1721//2791
f  1773//2792 1672//2792 1626//2792
f  1693//2792 1773//2792 1626//2792
f  1747//2793 1780//2793 1746//2793
f  1781//2794 1752//2794 1746//2794
f  1780//2795 1781//2795 1746//2795
f  1756//2796 1782//2796 1729//2796
f  1782//2797 1749//2797 1729//2797
f  1781//2798 1783//2798 1752//2798
f  1783//2799 1757//2799 1752//2799
f  1784//2800 1748//2800 1715//2800
f  1745//2801 1784//2801 1715//2801
f  1750//2802 1785//2802 1747//2802
f  1785//2803 1780//2803 1747//2803
f  1786//2804 1711//2804 1763//2804
f  1787//2805 1786//2805 1763//2805
f  1757//2806 1787//2806 1763//2806
f  1696//2807 1788//2807 1765//2807
f  1789//2808 1755//2808 1765//2808
f  1788//2809 1789//2809 1765//2809
f  1790//2810 1756//2810 1755//2810
f  1789//2811 1790//2811 1755//2811
f  1786//2812 1791//2812 1711//2812
f  1791//15 1771//15 1711//15
f  1776//2813 1792//2813 1696//2813
f  1792//2814 1793//2814 1696//2814
f  1793//2815 1788//2815 1696//2815
f  1629//2816 1706//2816 1630//2816
f  1629//2816 1794//2816 1706//2816
f  1794//16 1774//16 1706//16
f  1783//2817 1787//2817 1757//2817
f  1657//2818 1724//2818 1578//2818
f  1795//2819 1665//2819 1658//2819
f  1796//2820 1795//2820 1658//2820
f  1725//2821 1796//2821 1658//2821
f  1748//2822 1797//2822 1714//2822
f  1797//2823 1753//2823 1714//2823
f  1754//2824 1798//2824 1750//2824
f  1798//2825 1785//2825 1750//2825
f  1699//2826 1778//2826 1742//2826
f  1777//2827 1701//2827 1728//2827
f  1698//2828 1799//2828 1699//2828
f  1799//2829 1778//2829 1699//2829
f  1800//2830 1791//2830 1786//2830
f  1787//2831 1801//2831 1786//2831
f  1801//2832 1800//2832 1786//2832
f  1802//2833 1803//2833 1700//2833
f  1804//2834 1802//2834 1700//2834
f  1803//2835 1697//2835 1700//2835
f  1737//2836 1805//2836 1700//2836
f  1805//2837 1804//2837 1700//2837
f  1701//2838 1806//2838 1678//2838
f  1806//2839 1807//2839 1678//2839
f  1807//2840 1808//2840 1678//2840
f  1808//2841 1809//2841 1678//2841
f  1809//2842 1810//2842 1678//2842
f  1810//2843 1738//2843 1678//2843
f  1793//2844 1789//2844 1788//2844
f  1811//2845 1761//2845 1719//2845
f  1753//2846 1811//2846 1719//2846
f  1812//2847 1806//2847 1701//2847
f  1777//2848 1812//2848 1701//2848
f  1813//2849 1798//2849 1754//2849
f  1762//2850 1813//2850 1754//2850
f  1659//2851 1814//2851 1594//2851
f  1814//2852 1735//2852 1594//2852
f  1815//2853 1725//2853 1660//2853
f  1736//2854 1815//2854 1660//2854
f  1697//2855 1799//2855 1698//2855
f  1767//2856 1777//2856 1732//2856
f  1778//2857 1769//2857 1770//2857
f  1792//2858 1816//2858 1793//2858
f  1816//2859 1789//2859 1793//2859
f  1817//2860 1782//2860 1756//2860
f  1790//2861 1817//2861 1756//2861
f  1782//2862 1818//2862 1749//2862
f  1818//2863 1779//2863 1749//2863
f  1781//2864 1819//2864 1783//2864
f  1819//2865 1820//2865 1783//2865
f  1820//2866 1787//2866 1783//2866
f  1780//2867 1821//2867 1781//2867
f  1821//2868 1819//2868 1781//2868
f  1779//2869 1784//2869 1745//2869
f  1816//2870 1822//2870 1789//2870
f  1822//2871 1790//2871 1789//2871
f  1820//2872 1823//2872 1787//2872
f  1823//2873 1824//2873 1787//2873
f  1824//2874 1801//2874 1787//2874
f  1785//2875 1825//2875 1780//2875
f  1825//2876 1821//2876 1780//2876
f  1826//2877 1768//2877 1726//2877
f  1827//2878 1826//2878 1726//2878
f  1761//2879 1827//2879 1726//2879
f  1769//2880 1828//2880 1762//2880
f  1828//2881 1829//2881 1762//2881
f  1829//2882 1830//2882 1762//2882
f  1830//2883 1813//2883 1762//2883
f  1766//2884 1777//2884 1767//2884
f  1831//2885 1791//2885 1800//2885
f  1801//2886 1831//2886 1800//2886
f  1776//2887 1832//2887 1792//2887
f  1832//2888 1816//2888 1792//2888
f  1784//2889 1833//2889 1748//2889
f  1833//2890 1797//2890 1748//2890
f  1798//2891 1834//2891 1785//2891
f  1834//2892 1825//2892 1785//2892
f  1835//2893 1836//2893 1685//2893
f  1836//2894 1837//2894 1685//2894
f  1837//2895 1737//2895 1685//2895
f  1759//2896 1835//2896 1685//2896
f  1738//2897 1838//2897 1686//2897
f  1838//2898 1760//2898 1686//2898
f  1839//2899 1831//2899 1801//2899
f  1824//2900 1839//2900 1801//2900
f  1766//2901 1840//2901 1777//2901
f  1840//2902 1812//2902 1777//2902
f  1803//2903 1799//2903 1697//2903
f  1812//2904 1807//2904 1806//2904
f  1802//2905 1841//2905 1803//2905
f  1841//2906 1799//2906 1803//2906
f  1828//2907 1769//2907 1778//2907
f  1842//2908 1828//2908 1778//2908
f  1843//2909 1842//2909 1778//2909
f  1799//2910 1843//2910 1778//2910
f  1680//2911 1844//2911 1636//2911
f  1844//2912 1759//2912 1636//2912
f  1760//2913 1845//2913 1681//2913
f  1845//2914 1736//2914 1681//2914
f  1846//2915 1808//2915 1807//2915
f  1812//2916 1846//2916 1807//2916
f  1804//2917 1841//2917 1802//2917
f  1847//2918 1817//2918 1790//2918
f  1848//2919 1847//2919 1790//2919
f  1822//2920 1849//2920 1790//2920
f  1849//2921 1848//2921 1790//2921
f  1846//2922 1850//2922 1808//2922
f  1850//2923 1809//2923 1808//2923
f  1832//2924 1851//2924 1816//2924
f  1851//2925 1822//2925 1816//2925
f  1852//2926 1853//2926 1820//2926
f  1853//2927 1854//2927 1820//2927
f  1854//2928 1823//2928 1820//2928
f  1855//2929 1852//2929 1820//2929
f  1856//2930 1855//2930 1820//2930
f  1819//2931 1856//2931 1820//2931
f  1768//2932 1840//2932 1766//2932
f  1851//2933 1849//2933 1822//2933
f  1851//2934 1848//2934 1849//2934
f  1817//2935 1818//2935 1782//2935
f  1821//2936 1857//2936 1819//2936
f  1857//2937 1856//2937 1819//2937
f  1823//2938 1839//2938 1824//2938
f  1858//2939 1839//2939 1823//2939
f  1854//2940 1858//2940 1823//2940
f  1859//2941 1860//2941 1772//2941
f  1771//2941 1859//2941 1772//2941
f  1860//16 1861//16 1772//16
f  1861//16 1773//16 1772//16
f  1862//2942 1775//2942 1774//2942
f  1794//16 1862//16 1774//16
f  1791//15 1859//15 1771//15
f  1862//2942 1863//2942 1775//2942
f  1863//15 1864//15 1775//15
f  1864//15 1776//15 1775//15
f  1865//2943 1811//2943 1753//2943
f  1797//2944 1865//2944 1753//2944
f  1866//2945 1834//2945 1798//2945
f  1813//2946 1866//2946 1798//2946
f  1861//2947 1705//2947 1672//2947
f  1773//2947 1861//2947 1672//2947
f  1818//2948 1867//2948 1779//2948
f  1867//2949 1784//2949 1779//2949
f  1825//2950 1868//2950 1821//2950
f  1868//2951 1857//2951 1821//2951
f  1776//2952 1869//2952 1832//2952
f  1869//2953 1851//2953 1832//2953
f  1870//2954 1791//2954 1831//2954
f  1839//2955 1870//2955 1831//2955
f  1871//2956 1791//2956 1870//2956
f  1839//2957 1871//2957 1870//2957
f  1871//2958 1872//2958 1791//2958
f  1872//2959 1873//2959 1791//2959
f  1873//15 1859//15 1791//15
f  1864//2960 1874//2960 1776//2960
f  1874//2961 1875//2961 1776//2961
f  1875//2962 1869//2962 1776//2962
f  1675//2963 1794//2963 1629//2963
f  1675//2963 1876//2963 1794//2963
f  1876//16 1862//16 1794//16
f  1839//2964 1872//2964 1871//2964
f  1875//2965 1851//2965 1869//2965
f  1874//2966 1877//2966 1875//2966
f  1877//2967 1851//2967 1875//2967
f  1851//2968 1878//2968 1848//2968
f  1878//2969 1847//2969 1848//2969
f  1858//2970 1879//2970 1839//2970
f  1879//2971 1880//2971 1839//2971
f  1880//2972 1872//2972 1839//2972
f  1877//2973 1878//2973 1851//2973
f  1853//2974 1858//2974 1854//2974
f  1840//2975 1881//2975 1812//2975
f  1881//2976 1846//2976 1812//2976
f  1882//2977 1817//2977 1847//2977
f  1878//2978 1882//2978 1847//2978
f  1852//2979 1858//2979 1853//2979
f  1867//2980 1883//2980 1784//2980
f  1883//2981 1833//2981 1784//2981
f  1855//2982 1858//2982 1852//2982
f  1841//2983 1884//2983 1799//2983
f  1884//2984 1843//2984 1799//2984
f  1834//2985 1885//2985 1825//2985
f  1885//2986 1868//2986 1825//2986
f  1882//2987 1818//2987 1817//2987
f  1886//2988 1827//2988 1761//2988
f  1887//2988 1886//2988 1761//2988
f  1811//2989 1887//2989 1761//2989
f  1826//2990 1840//2990 1768//2990
f  1888//2991 1866//2991 1813//2991
f  1830//2992 1889//2992 1813//2992
f  1889//2993 1888//2993 1813//2993
f  1890//2994 1855//2994 1856//2994
f  1857//2995 1890//2995 1856//2995
f  776//2996 1891//2996 1657//2996
f  1891//2997 1724//2997 1657//2997
f  1795//2998 784//2998 1665//2998
f  1842//2999 1829//2999 1828//2999
f  1850//3000 1810//3000 1809//3000
f  1892//3001 1841//3001 1804//3001
f  1805//3002 1892//3002 1804//3002
f  1893//3003 1873//3003 1872//3003
f  1880//3004 1893//3004 1872//3004
f  1855//3005 1894//3005 1858//3005
f  1894//3006 1895//3006 1858//3006
f  1895//3007 1879//3007 1858//3007
f  1896//3008 1897//3008 1878//3008
f  1897//3009 1882//3009 1878//3009
f  1898//3010 1896//3010 1878//3010
f  1877//3011 1898//3011 1878//3011
f  1737//3012 1892//3012 1805//3012
f  1899//3013 1873//3013 1893//3013
f  1880//3014 1899//3014 1893//3014
f  1864//3015 1900//3015 1874//3015
f  1900//3016 1877//3016 1874//3016
f  1842//3017 1830//3017 1829//3017
f  1864//3018 1901//3018 1900//3018
f  1901//3019 1877//3019 1900//3019
f  1902//3020 1903//3020 1818//3020
f  1897//3021 1902//3021 1818//3021
f  1882//3022 1897//3022 1818//3022
f  1904//3023 1867//3023 1818//3023
f  1903//3024 1904//3024 1818//3024
f  1905//3025 1906//3025 1857//3025
f  1906//3026 1890//3026 1857//3026
f  1868//3027 1907//3027 1857//3027
f  1907//3028 1905//3028 1857//3028
f  1908//3029 1814//3029 1659//3029
f  1724//3030 1908//3030 1659//3030
f  1909//3031 1796//3031 1725//3031
f  1815//3032 1909//3032 1725//3032
f  1850//3033 1738//3033 1810//3033
f  1879//3034 1910//3034 1880//3034
f  1910//3035 1911//3035 1880//3035
f  1911//3036 1899//3036 1880//3036
f  1912//3037 1898//3037 1877//3037
f  1901//3038 1912//3038 1877//3038
f  1863//318 1862//318 1860//318
f  1859//318 1863//318 1860//318
f  1862//16 1876//16 1860//16
f  1876//16 1861//16 1860//16
f  1873//15 1863//15 1859//15
f  1873//15 1864//15 1863//15
f  1913//3039 1865//3039 1797//3039
f  1833//3040 1913//3040 1797//3040
f  1914//3041 1885//3041 1834//3041
f  1866//3042 1914//3042 1834//3042
f  1850//3043 1838//3043 1738//3043
f  1837//3044 1892//3044 1737//3044
f  1876//3045 1675//3045 1705//3045
f  1861//3045 1876//3045 1705//3045
f  1864//3046 1915//3046 1901//3046
f  1915//3047 1912//3047 1901//3047
f  1890//3048 1894//3048 1855//3048
f  1916//3049 1873//3049 1899//3049
f  1911//3050 1916//3050 1899//3050
f  1917//3051 1873//3051 1916//3051
f  1911//3052 1917//3052 1916//3052
f  1864//3053 1918//3053 1915//3053
f  1918//3054 1912//3054 1915//3054
f  1917//3055 1919//3055 1873//3055
f  1919//3056 1864//3056 1873//3056
f  1919//3057 1918//3057 1864//3057
f  1911//3058 1920//3058 1917//3058
f  1920//3059 1919//3059 1917//3059
f  1921//3060 1840//3060 1826//3060
f  1827//3061 1921//3061 1826//3061
f  1919//3062 1920//3062 1918//3062
f  1920//3063 1912//3063 1918//3063
f  1922//3064 1889//3064 1830//3064
f  1842//3065 1922//3065 1830//3065
f  1910//3066 1923//3066 1911//3066
f  1923//3067 1920//3067 1911//3067
f  1920//3068 1924//3068 1912//3068
f  1924//3069 1898//3069 1912//3069
f  1921//3070 1881//3070 1840//3070
f  1843//3071 1925//3071 1842//3071
f  1925//3072 1922//3072 1842//3072
f  1904//3073 1926//3073 1867//3073
f  1926//3074 1883//3074 1867//3074
f  1896//3075 1902//3075 1897//3075
f  1895//3076 1927//3076 1879//3076
f  1927//3077 1910//3077 1879//3077
f  1928//3078 1896//3078 1898//3078
f  1924//3079 1928//3079 1898//3079
f  1929//3080 1930//3080 1846//3080
f  1930//3081 1850//3081 1846//3081
f  1881//3082 1931//3082 1846//3082
f  1931//3083 1929//3083 1846//3083
f  1896//3084 1903//3084 1902//3084
f  1885//3085 1932//3085 1868//3085
f  1932//3086 1907//3086 1868//3086
f  1923//3087 1924//3087 1920//3087
f  1906//3088 1894//3088 1890//3088
f  1933//3089 1934//3089 1841//3089
f  1892//3090 1933//3090 1841//3090
f  1934//3091 1884//3091 1841//3091
f  1935//3092 1760//3092 1838//3092
f  1850//3093 1935//3093 1838//3093
f  1836//3094 1936//3094 1837//3094
f  1936//3095 1892//3095 1837//3095
f  1905//3096 1937//3096 1894//3096
f  1906//3097 1905//3097 1894//3097
f  1937//3098 1938//3098 1894//3098
f  1938//3099 1895//3099 1894//3099
f  1939//3100 1903//3100 1896//3100
f  1928//3101 1939//3101 1896//3101
f  1940//3102 1935//3102 1850//3102
f  1941//3103 1940//3103 1850//3103
f  1930//3104 1941//3104 1850//3104
f  1936//3105 1933//3105 1892//3105
f  1927//3106 1942//3106 1910//3106
f  1942//3107 1923//3107 1910//3107
f  1923//3108 1943//3108 1924//3108
f  1943//3109 1928//3109 1924//3109
f  1944//3110 1887//3110 1811//3110
f  1945//3111 1944//3111 1811//3111
f  1865//3112 1945//3112 1811//3112
f  1888//3113 1946//3113 1866//3113
f  1946//3114 1947//3114 1866//3114
f  1947//3115 1914//3115 1866//3115
f  776//3116 1948//3116 1891//3116
f  1948//3117 1949//3117 1891//3117
f  1949//3118 1724//3118 1891//3118
f  1950//3119 1951//3119 1795//3119
f  1952//3120 1950//3120 1795//3120
f  1953//3121 784//3121 1795//3121
f  1951//3122 1953//3122 1795//3122
f  1954//3123 1952//3123 1795//3123
f  1796//3124 1954//3124 1795//3124
f  1942//3125 1943//3125 1923//3125
f  1955//3126 1844//3126 1680//3126
f  1735//3127 1955//3127 1680//3127
f  1845//3128 1956//3128 1736//3128
f  1956//3129 1815//3129 1736//3129
f  1957//3130 1913//3130 1833//3130
f  1883//3131 1957//3131 1833//3131
f  1958//3132 1904//3132 1903//3132
f  1939//3133 1958//3133 1903//3133
f  1959//3134 1932//3134 1885//3134
f  1914//3135 1959//3135 1885//3135
f  1960//3136 1835//3136 1759//3136
f  1844//3137 1961//3137 1759//3137
f  1961//3138 1960//3138 1759//3138
f  1962//3139 1845//3139 1760//3139
f  1935//3140 1963//3140 1760//3140
f  1963//3141 1964//3141 1760//3141
f  1964//3142 1962//3142 1760//3142
f  1938//3143 1965//3143 1895//3143
f  1965//3144 1927//3144 1895//3144
f  1966//3145 1939//3145 1928//3145
f  1943//3146 1966//3146 1928//3146
f  1967//3147 1968//3147 1904//3147
f  1958//3148 1967//3148 1904//3148
f  1968//3149 1969//3149 1904//3149
f  1969//3150 1926//3150 1904//3150
f  1970//3151 1971//3151 1907//3151
f  1971//3152 1972//3152 1907//3152
f  1972//3153 1973//3153 1907//3153
f  1932//3154 1974//3154 1907//3154
f  1974//3155 1970//3155 1907//3155
f  1973//3156 1905//3156 1907//3156
f  1921//3157 1975//3157 1881//3157
f  1975//3158 1931//3158 1881//3158
f  1973//3159 1937//3159 1905//3159
f  1886//3160 1921//3160 1827//3160
f  1922//3161 1888//3161 1889//3161
f  1884//3162 1925//3162 1843//3162
f  1835//3163 1936//3163 1836//3163
f  1965//3164 1976//3164 1927//3164
f  1976//3165 1942//3165 1927//3165
f  1942//3166 1977//3166 1943//3166
f  1977//3167 1966//3167 1943//3167
f  1978//3168 1941//3168 1930//3168
f  1929//3169 1978//3169 1930//3169
f  1939//3170 1967//3170 1958//3170
f  1973//3171 1972//3171 1937//3171
f  1972//3172 1938//3172 1937//3172
f  1968//3173 1967//3173 1939//3173
f  1966//3174 1968//3174 1939//3174
f  1922//3175 1946//3175 1888//3175
f  1887//3176 1921//3176 1886//3176
f  1976//3177 1977//3177 1942//3177
f  1936//3178 1979//3178 1933//3178
f  1979//3179 1934//3179 1933//3179
f  1966//3180 1969//3180 1968//3180
f  1940//3181 1963//3181 1935//3181
f  1971//3182 1938//3182 1972//3182
f  1944//3183 1921//3183 1887//3183
f  1980//3184 1945//3184 1865//3184
f  1913//3185 1981//3185 1865//3185
f  1981//3186 1982//3186 1865//3186
f  1982//3187 1980//3187 1865//3187
f  1940//3188 1964//3188 1963//3188
f  1983//3189 1959//3189 1914//3189
f  1947//3190 1984//3190 1914//3190
f  1984//3191 1983//3191 1914//3191
f  1985//3192 1957//3192 1883//3192
f  1926//3193 1985//3193 1883//3193
f  1960//3194 1936//3194 1835//3194
f  1986//3195 1974//3195 1932//3195
f  1959//3196 1986//3196 1932//3196
f  1944//3197 1987//3197 1921//3197
f  1987//3198 1975//3198 1921//3198
f  1971//3199 1988//3199 1938//3199
f  1988//3200 1989//3200 1938//3200
f  1989//3201 1965//3201 1938//3201
f  1990//3202 1969//3202 1966//3202
f  1991//3203 1990//3203 1966//3203
f  1977//3204 1991//3204 1966//3204
f  1992//3205 1993//3205 1922//3205
f  1993//3206 1947//3206 1922//3206
f  1947//3207 1946//3207 1922//3207
f  1925//3208 1992//3208 1922//3208
f  1949//3209 1994//3209 1724//3209
f  1994//3210 1908//3210 1724//3210
f  1995//3211 1954//3211 1796//3211
f  1909//3212 1995//3212 1796//3212
f  1975//3213 1996//3213 1931//3213
f  1996//3214 1929//3214 1931//3214
f  1990//3215 1926//3215 1969//3215
f  1934//3216 1997//3216 1884//3216
f  1997//3217 1925//3217 1884//3217
f  1940//3218 1962//3218 1964//3218
f  1961//3219 1998//3219 1960//3219
f  1998//3220 1936//3220 1960//3220
f  1970//3221 1988//3221 1971//3221
f  1999//3222 1978//3222 1929//3222
f  1996//3223 1999//3223 1929//3223
f  1989//3224 2000//3224 1965//3224
f  2000//3225 1976//3225 1965//3225
f  1976//3226 2001//3226 1977//3226
f  2001//3227 1991//3227 1977//3227
f  2000//3228 2001//3228 1976//3228
f  1990//3229 2002//3229 1926//3229
f  2002//3230 2003//3230 1926//3230
f  2004//3231 1985//3231 1926//3231
f  2003//3232 2004//3232 1926//3232
f  2005//3233 2006//3233 1974//3233
f  1986//3234 2005//3234 1974//3234
f  2006//3235 1970//3235 1974//3235
f  1993//3236 1984//3236 1947//3236
f  1945//3237 1987//3237 1944//3237
f  2007//3238 1962//3238 1940//3238
f  2008//3239 2007//3239 1940//3239
f  1941//3240 2008//3240 1940//3240
f  1980//3241 1987//3241 1945//3241
f  2009//3242 2010//3242 1913//3242
f  2010//3243 1981//3243 1913//3243
f  2011//3244 2009//3244 1913//3244
f  1957//3245 2011//3245 1913//3245
f  1993//3246 1983//3246 1984//3246
f  2012//3247 1986//3247 1959//3247
f  2013//3248 2012//3248 1959//3248
f  1983//3249 2014//3249 1959//3249
f  2014//3250 2013//3250 1959//3250
f  1991//3251 2002//3251 1990//3251
f  2006//3252 2015//3252 1970//3252
f  2015//3253 1988//3253 1970//3253
f  1998//3254 1979//3254 1936//3254
f  2016//3255 1955//3255 1735//3255
f  2017//3256 2016//3256 1735//3256
f  1814//3257 2018//3257 1735//3257
f  2018//3258 2017//3258 1735//3258
f  2019//3259 1909//3259 1815//3259
f  2020//3260 2019//3260 1815//3260
f  1956//3261 2021//3261 1815//3261
f  2021//3262 2020//3262 1815//3262
f  2022//3263 2023//3263 1975//3263
f  2023//3264 2024//3264 1975//3264
f  1987//3265 2022//3265 1975//3265
f  2024//3266 1996//3266 1975//3266
f  2025//3267 2003//3267 2002//3267
f  1991//3268 2025//3268 2002//3268
f  2026//3269 1992//3269 1925//3269
f  1997//3270 2026//3270 1925//3270
f  1982//3271 1987//3271 1980//3271
f  2025//3272 2004//3272 2003//3272
f  2027//3273 2028//3273 2006//3273
f  2029//3274 2027//3274 2006//3274
f  2005//3275 2029//3275 2006//3275
f  2028//3276 2015//3276 2006//3276
f  2024//3277 2030//3277 1996//3277
f  2030//3278 1999//3278 1996//3278
f  2015//3279 2031//3279 1988//3279
f  2031//3280 2032//3280 1988//3280
f  2032//3281 1989//3281 1988//3281
f  2033//3282 2034//3282 1991//3282
f  2034//3283 2025//3283 1991//3283
f  2001//3284 2033//3284 1991//3284
f  2035//3285 2036//3285 1934//3285
f  1979//3286 2037//3286 1934//3286
f  2037//3287 2035//3287 1934//3287
f  2036//3288 1997//3288 1934//3288
f  2038//3289 2039//3289 1844//3289
f  2039//3290 1961//3290 1844//3290
f  1955//3291 2038//3291 1844//3291
f  1962//3292 2040//3292 1845//3292
f  2040//3293 2041//3293 1845//3293
f  2041//3294 1956//3294 1845//3294
f  2042//3295 2011//3295 1957//3295
f  2043//3296 2042//3296 1957//3296
f  1985//3297 2043//3297 1957//3297
f  2039//3298 1998//3298 1961//3298
f  2032//3299 2044//3299 1989//3299
f  2044//3300 2000//3300 1989//3300
f  2000//3301 2045//3301 2001//3301
f  2045//3302 2033//3302 2001//3302
f  2046//3303 2005//3303 1986//3303
f  2047//3304 2046//3304 1986//3304
f  2012//3305 2047//3305 1986//3305
f  2034//3306 2004//3306 2025//3306
f  2028//3307 2031//3307 2015//3307
f  1982//3308 2022//3308 1987//3308
f  1992//3309 1983//3309 1993//3309
f  2027//3310 2031//3310 2028//3310
f  2044//3311 2045//3311 2000//3311
f  2048//3312 2008//3312 1941//3312
f  1978//3313 2048//3313 1941//3313
f  1992//3314 2014//3314 1983//3314
f  1981//3315 2049//3315 1982//3315
f  2049//3316 2022//3316 1982//3316
f  2050//3317 2037//3317 1979//3317
f  1998//3318 2050//3318 1979//3318
f  2038//3319 1998//3319 2039//3319
f  2007//3320 2040//3320 1962//3320
f  2007//3321 2041//3321 2040//3321
f  1955//3322 2051//3322 2038//3322
f  2051//3323 2052//3323 2038//3323
f  2052//3324 1998//3324 2038//3324
f  2053//3325 1956//3325 2041//3325
f  2007//3326 2053//3326 2041//3326
f  1992//3327 2054//3327 2014//3327
f  2054//3328 2013//3328 2014//3328
f  2010//3329 2049//3329 1981//3329
f  2055//3330 2043//3330 1985//3330
f  2056//3331 2055//3331 1985//3331
f  2004//3332 2056//3332 1985//3332
f  2057//3333 2029//3333 2005//3333
f  2046//3334 2057//3334 2005//3334
f  2058//3335 2004//3335 2034//3335
f  2033//3336 2058//3336 2034//3336
f  2009//3337 2049//3337 2010//3337
f  2029//3338 2059//3338 2027//3338
f  2059//3339 2031//3339 2027//3339
f  1948//3340 2060//3340 1949//3340
f  2060//3341 2061//3341 1949//3341
f  2061//3342 2062//3342 1949//3342
f  2062//3343 1994//3343 1949//3343
f  2063//3344 2064//3344 1954//3344
f  2064//3345 2065//3345 1954//3345
f  2065//3346 1952//3346 1954//3346
f  2066//3347 2063//3347 1954//3347
f  1995//3348 2066//3348 1954//3348
f  2049//3349 2023//3349 2022//3349
f  2067//3350 2004//3350 2058//3350
f  2033//3351 2067//3351 2058//3351
f  2026//3352 2054//3352 1992//3352
f  2068//3353 2048//3353 1978//3353
f  1999//3354 2068//3354 1978//3354
f  2059//3355 2069//3355 2031//3355
f  2069//3356 2070//3356 2031//3356
f  2070//3357 2032//3357 2031//3357
f  2071//3358 2072//3358 2033//3358
f  2072//3359 2067//3359 2033//3359
f  2045//3360 2071//3360 2033//3360
f  2011//3361 2049//3361 2009//3361
f  2054//3362 2012//3362 2013//3362
f  2073//3363 2035//3363 2037//3363
f  2050//3364 2073//3364 2037//3364
f  2074//3365 2056//3365 2004//3365
f  2067//3366 2074//3366 2004//3366
f  2075//3367 2076//3367 2029//3367
f  2077//3368 2059//3368 2029//3368
f  2076//3369 2077//3369 2029//3369
f  2057//3370 2075//3370 2029//3370
f  2078//3371 2018//3371 1814//3371
f  2079//3372 2080//3372 1814//3372
f  2080//3373 2081//3373 1814//3373
f  2081//3374 2078//3374 1814//3374
f  1908//3375 2079//3375 1814//3375
f  2082//3376 2083//3376 1909//3376
f  2083//3377 2084//3377 1909//3377
f  2084//3378 1995//3378 1909//3378
f  2019//3379 2082//3379 1909//3379
f  2085//3380 2053//3380 2007//3380
f  2086//3381 2085//3381 2007//3381
f  2008//3382 2086//3382 2007//3382
f  2023//3383 2087//3383 2024//3383
f  2087//3384 2030//3384 2024//3384
f  2070//3385 2088//3385 2032//3385
f  2088//3386 2044//3386 2032//3386
f  2044//3387 2089//3387 2045//3387
f  2089//3388 2071//3388 2045//3388
f  2036//3389 2090//3389 1997//3389
f  2090//3390 2026//3390 1997//3390
f  2088//3391 2089//3391 2044//3391
f  2052//3392 2050//3392 1998//3392
f  2072//3393 2074//3393 2067//3393
f  2077//3394 2069//3394 2059//3394
f  2091//3395 2049//3395 2011//3395
f  2042//3396 2091//3396 2011//3396
f  2054//3397 2092//3397 2012//3397
f  2092//3398 2047//3398 2012//3398
f  2093//3399 2051//3399 1955//3399
f  2016//3400 2093//3400 1955//3400
f  2094//3401 2021//3401 1956//3401
f  2053//3402 2094//3402 1956//3402
f  2043//3403 2091//3403 2042//3403
f  2092//3404 2046//3404 2047//3404
f  2085//3405 2094//3405 2053//3405
f  2055//3406 2091//3406 2043//3406
f  2093//3407 2052//3407 2051//3407
f  2095//3408 2068//3408 1999//3408
f  2030//3409 2095//3409 1999//3409
f  2096//3410 2097//3410 1948//3410
f  2097//3411 2098//3411 1948//3411
f  2098//3412 2060//3412 1948//3412
f  776//3413 2096//3413 1948//3413
f  2099//3414 1950//3414 1952//3414
f  2065//3415 2099//3415 1952//3415
f  2016//3416 2052//3416 2093//3416
f  2100//3417 2036//3417 2035//3417
f  2101//3418 2100//3418 2035//3418
f  2073//3419 2101//3419 2035//3419
f  2085//3420 2021//3420 2094//3420
f  2017//3421 2052//3421 2016//3421
f  2085//3422 2020//3422 2021//3422
f  2102//3423 2019//3423 2020//3423
f  2085//3424 2102//3424 2020//3424
f  2018//3425 2103//3425 2017//3425
f  2103//3426 2052//3426 2017//3426
f  2104//3427 2086//3427 2008//3427
f  2048//3428 2104//3428 2008//3428
f  2105//3429 2074//3429 2072//3429
f  2071//3430 2105//3430 2072//3430
f  2076//3431 2106//3431 2077//3431
f  2106//3432 2069//3432 2077//3432
f  2107//3433 2023//3433 2049//3433
f  2091//3434 2107//3434 2049//3434
f  2092//3435 2057//3435 2046//3435
f  2108//3436 2092//3436 2054//3436
f  2026//3437 2108//3437 2054//3437
f  2056//3438 2109//3438 2055//3438
f  2109//3439 2091//3439 2055//3439
f  2052//3440 2110//3440 2050//3440
f  2110//3441 2073//3441 2050//3441
f  2092//3442 2075//3442 2057//3442
f  2074//3443 2109//3443 2056//3443
f  2092//3444 2111//3444 2075//3444
f  2111//3445 2076//3445 2075//3445
f  2106//3446 2112//3446 2069//3446
f  2112//3447 2113//3447 2069//3447
f  2113//3448 2070//3448 2069//3448
f  2114//3449 2115//3449 2071//3449
f  2115//3450 2116//3450 2071//3450
f  2116//3451 2105//3451 2071//3451
f  2089//3452 2114//3452 2071//3452
f  2117//3453 2074//3453 2105//3453
f  2116//3454 2117//3454 2105//3454
f  2111//3455 2118//3455 2076//3455
f  2118//3456 2106//3456 2076//3456
f  2113//3457 2119//3457 2070//3457
f  2119//3458 2088//3458 2070//3458
f  2088//3459 2120//3459 2089//3459
f  2120//3460 2114//3460 2089//3460
f  2117//3461 2109//3461 2074//3461
f  2107//3462 2087//3462 2023//3462
f  2090//3463 2108//3463 2026//3463
f  2119//3464 2120//3464 2088//3464
f  2116//3465 2109//3465 2117//3465
f  2121//3466 2122//3466 1908//3466
f  2122//3467 2123//3467 1908//3467
f  2123//3468 2124//3468 1908//3468
f  2124//3469 2079//3469 1908//3469
f  1994//3470 2125//3470 1908//3470
f  2125//3471 2121//3471 1908//3471
f  2126//3472 2127//3472 1995//3472
f  2127//3473 2128//3473 1995//3473
f  2128//3474 2129//3474 1995//3474
f  2129//3475 2066//3475 1995//3475
f  2084//3476 2130//3476 1995//3476
f  2130//3477 2126//3477 1995//3477
f  2078//3478 2103//3478 2018//3478
f  2102//3479 2082//3479 2019//3479
f  2102//3480 2083//3480 2082//3480
f  2081//3481 2103//3481 2078//3481
f  2080//3482 2103//3482 2081//3482
f  2115//3483 2109//3483 2116//3483
f  2118//3484 2112//3484 2106//3484
f  2131//3485 2104//3485 2048//3485
f  2068//3486 2131//3486 2048//3486
f  2102//3487 2084//3487 2083//3487
f  2086//3488 2102//3488 2085//3488
f  2132//3489 2101//3489 2073//3489
f  2110//3490 2133//3490 2073//3490
f  2133//3491 2132//3491 2073//3491
f  2103//3492 2110//3492 2052//3492
f  2087//3493 2134//3493 2030//3493
f  2134//3494 2095//3494 2030//3494
f  2100//3495 2135//3495 2036//3495
f  2135//3496 2090//3496 2036//3496
f  2136//3497 2107//3497 2091//3497
f  2109//3498 2136//3498 2091//3498
f  2137//3499 2111//3499 2092//3499
f  2108//3500 2137//3500 2092//3500
f  2138//3501 2130//3501 2084//3501
f  2102//3502 2138//3502 2084//3502
f  2079//3503 2139//3503 2080//3503
f  2139//3504 2103//3504 2080//3504
f  2140//3505 2109//3505 2115//3505
f  2114//3506 2140//3506 2115//3506
f  2138//3507 2126//3507 2130//3507
f  2111//3508 2141//3508 2118//3508
f  2141//3509 2112//3509 2118//3509
f  2142//3510 2131//3510 2068//3510
f  2095//3511 2142//3511 2068//3511
f  2143//3512 2138//3512 2102//3512
f  2086//3513 2143//3513 2102//3513
f  2132//3514 2144//3514 2101//3514
f  2144//3515 2100//3515 2101//3515
f  2124//3516 2145//3516 2079//3516
f  2145//3517 2139//3517 2079//3517
f  2146//3518 2127//3518 2126//3518
f  2138//3519 2146//3519 2126//3519
f  2136//3520 2147//3520 2107//3520
f  2147//3521 2087//3521 2107//3521
f  2139//3522 2148//3522 2103//3522
f  2148//3523 2110//3523 2103//3523
f  2090//3524 2149//3524 2108//3524
f  2149//3525 2137//3525 2108//3525
f  2141//3526 2150//3526 2112//3526
f  2150//3527 2151//3527 2112//3527
f  2151//3528 2113//3528 2112//3528
f  2152//3529 2140//3529 2114//3529
f  2120//3530 2152//3530 2114//3530
f  2104//3531 2143//3531 2086//3531
f  2111//3532 2153//3532 2141//3532
f  2153//3533 2150//3533 2141//3533
f  2146//3534 2128//3534 2127//3534
f  2123//3535 2145//3535 2124//3535
f  2140//3536 2154//3536 2109//3536
f  2154//3537 2155//3537 2109//3537
f  2155//3538 2136//3538 2109//3538
f  2156//3539 2153//3539 2111//3539
f  2157//3540 2156//3540 2111//3540
f  2137//3541 2157//3541 2111//3541
f  2122//3542 2158//3542 2123//3542
f  2158//3543 2145//3543 2123//3543
f  2148//3544 2133//3544 2110//3544
f  2119//3545 2159//3545 2120//3545
f  2159//3546 2152//3546 2120//3546
f  2151//3547 2160//3547 2113//3547
f  2160//3548 2119//3548 2113//3548
f  2160//3549 2159//3549 2119//3549
f  2146//3550 2129//3550 2128//3550
f  2062//3551 2161//3551 1994//3551
f  2161//3552 2125//3552 1994//3552
f  2129//3553 2162//3553 2066//3553
f  2162//3554 2163//3554 2066//3554
f  2163//3555 2063//3555 2066//3555
f  2164//3556 2162//3556 2129//3556
f  2146//3557 2164//3557 2129//3557
f  2147//3558 2134//3558 2087//3558
f  2165//3559 2146//3559 2138//3559
f  2143//3560 2165//3560 2138//3560
f  2121//3561 2158//3561 2122//3561
f  2125//3562 2158//3562 2121//3562
f  2135//3563 2149//3563 2090//3563
f  2152//3564 2154//3564 2140//3564
f  2161//3565 2158//3565 2125//3565
f  2156//3566 2150//3566 2153//3566
f  2164//3567 2163//3567 2162//3567
f  2164//3568 2063//3568 2163//3568
f  2145//3569 2166//3569 2139//3569
f  2166//3570 2148//3570 2139//3570
f  2062//3571 2167//3571 2161//3571
f  2167//3572 2158//3572 2161//3572
f  2168//3573 2064//3573 2063//3573
f  2164//3574 2168//3574 2063//3574
f  2168//3575 2065//3575 2064//3575
f  2061//3576 2167//3576 2062//3576
f  2060//3577 2167//3577 2061//3577
f  2168//3578 2169//3578 2065//3578
f  2169//3579 2099//3579 2065//3579
f  2170//3580 2165//3580 2143//3580
f  2104//3581 2170//3581 2143//3581
f  2133//3582 2171//3582 2132//3582
f  2171//3583 2172//3583 2132//3583
f  2172//3584 2144//3584 2132//3584
f  2173//3585 877//3585 876//3585
f  2174//3586 2173//3586 876//3586
f  878//3587 2174//3587 876//3587
f  2175//3588 871//3588 870//3588
f  877//3589 2175//3589 870//3589
f  875//3590 2176//3590 880//3590
f  2177//3591 879//3591 880//3591
f  2176//3592 2177//3592 880//3592
f  2173//3593 2178//3593 877//3593
f  2178//3594 2175//3594 877//3594
f  2177//3595 878//3595 879//3595
f  2177//3596 2174//3596 878//3596
f  2179//3597 2176//3597 875//3597
f  874//3598 2179//3598 875//3598
f  2175//3599 2180//3599 871//3599
f  2180//3600 865//3600 871//3600
f  2181//3601 874//3601 873//3601
f  2182//3602 2181//3602 873//3602
f  872//3603 2182//3603 873//3603
f  865//3604 2180//3604 866//3604
f  2183//3605 867//3605 866//3605
f  2180//3606 2183//3606 866//3606
f  2181//3607 2179//3607 874//3607
f  858//3608 2182//3608 872//3608
f  867//3609 2183//3609 868//3609
f  2183//3610 2184//3610 868//3610
f  2184//3611 2185//3611 868//3611
f  2185//3612 869//3612 868//3612
f  2185//3613 855//3613 869//3613
f  863//3614 2186//3614 857//3614
f  2186//3615 2182//3615 857//3615
f  2182//3616 858//3616 857//3616
f  2185//3617 856//3617 855//3617
f  862//3618 2186//3618 863//3618
f  861//3619 2186//3619 862//3619
f  2187//3620 845//3620 853//3620
f  852//3621 2187//3621 853//3621
f  856//3622 2187//3622 852//3622
f  2185//3623 2187//3623 856//3623
f  860//3624 2188//3624 861//3624
f  2188//3625 2186//3625 861//3625
f  2189//3626 846//3626 845//3626
f  2190//3627 2189//3627 845//3627
f  2187//3628 2190//3628 845//3628
f  849//3629 2191//3629 860//3629
f  2191//3630 2188//3630 860//3630
f  848//3631 2191//3631 849//3631
f  2189//3632 843//3632 842//3632
f  846//3633 2189//3633 842//3633
f  847//3634 2192//3634 848//3634
f  2192//3635 2191//3635 848//3635
f  2192//3636 847//3636 851//3636
f  836//3637 2192//3637 851//3637
f  843//3638 2193//3638 832//3638
f  2194//3639 833//3639 832//3639
f  2193//3640 2194//3640 832//3640
f  2189//3641 2193//3641 843//3641
f  835//3642 2195//3642 836//3642
f  2195//3643 2192//3643 836//3643
f  833//3644 2194//3644 827//3644
f  2196//3645 828//3645 827//3645
f  2194//3646 2196//3646 827//3646
f  834//3647 2195//3647 835//3647
f  841//3648 2197//3648 834//3648
f  2197//3649 2195//3649 834//3649
f  839//3650 2198//3650 840//3650
f  2197//3651 841//3651 840//3651
f  2198//3652 2197//3652 840//3652
f  2196//3653 830//3653 829//3653
f  828//3654 2196//3654 829//3654
f  2196//3655 2199//3655 830//3655
f  2199//3656 819//3656 830//3656
f  838//3657 2198//3657 839//3657
f  2199//3658 820//3658 819//3658
f  824//3659 2198//3659 838//3659
f  2199//3660 815//3660 820//3660
f  2199//3661 2200//3661 815//3661
f  2200//3662 816//3662 815//3662
f  2201//3663 824//3663 823//3663
f  822//3664 2201//3664 823//3664
f  2201//3665 2198//3665 824//3665
f  2200//3666 817//3666 816//3666
f  821//3667 2201//3667 822//3667
f  2200//3668 2202//3668 817//3668
f  2202//3669 808//3669 817//3669
f  826//3670 2203//3670 821//3670
f  2203//3671 2201//3671 821//3671
f  2202//3672 809//3672 808//3672
f  812//3673 2203//3673 826//3673
f  2202//3674 2204//3674 809//3674
f  2204//3675 803//3675 809//3675
f  811//3676 2205//3676 812//3676
f  2205//3677 2203//3677 812//3677
f  2204//3678 804//3678 803//3678
f  2204//3679 805//3679 804//3679
f  810//3680 2206//3680 811//3680
f  2206//3681 2205//3681 811//3681
f  805//3682 2207//3682 806//3682
f  2207//3683 791//3683 806//3683
f  814//3684 2206//3684 810//3684
f  2204//3685 2207//3685 805//3685
f  2206//3686 814//3686 795//3686
f  2208//3687 2206//3687 795//3687
f  2209//3688 2208//3688 795//3688
f  794//3689 2209//3689 795//3689
f  2210//3690 2211//3690 791//3690
f  2211//3691 792//3691 791//3691
f  2207//3692 2210//3692 791//3692
f  2211//3693 786//3693 792//3693
f  801//3694 2209//3694 793//3694
f  2209//3695 794//3695 793//3695
f  2211//3696 787//3696 786//3696
f  2211//3697 788//3697 787//3697
f  800//3698 2212//3698 801//3698
f  2212//3699 2209//3699 801//3699
f  2211//3700 789//3700 788//3700
f  2212//3701 798//3701 797//3701
f  2213//3702 2212//3702 797//3702
f  2214//3703 2213//3703 797//3703
f  799//3704 2214//3704 797//3704
f  2212//3705 800//3705 798//3705
f  2215//3706 780//3706 779//3706
f  789//3707 2215//3707 779//3707
f  2211//3708 2215//3708 789//3708
f  802//3709 2214//3709 799//3709
f  2216//3710 777//3710 778//3710
f  2217//3711 2216//3711 778//3711
f  2218//3712 2217//3712 778//3712
f  780//3713 2218//3713 778//3713
f  2215//3714 2218//3714 780//3714
f  2219//3715 784//3715 1953//3715
f  1951//3716 2219//3716 1953//3716
f  777//3717 2216//3717 776//3717
f  2216//3718 2096//3718 776//3718
f  2219//3719 802//3719 784//3719
f  2219//3720 2214//3720 802//3720
f  1950//3721 2220//3721 1951//3721
f  2221//3722 2219//3722 1951//3722
f  2220//3723 2221//3723 1951//3723
f  2169//3724 2220//3724 1950//3724
f  2099//3725 2169//3725 1950//3725
f  2222//3726 2098//3726 2097//3726
f  2096//3727 2222//3727 2097//3727
f  2223//3728 2222//3728 2096//3728
f  2216//3729 2223//3729 2096//3729
f  2224//3730 2060//3730 2098//3730
f  2222//3731 2224//3731 2098//3731
f  2224//3732 2167//3732 2060//3732
f  2181//3733 2176//3733 2179//3733
f  2131//3734 2170//3734 2104//3734
f  2166//3735 2225//3735 2148//3735
f  2225//3736 2133//3736 2148//3736
f  2155//3737 2226//3737 2136//3737
f  2226//3738 2147//3738 2136//3738
f  2227//3739 2209//3739 2212//3739
f  2213//3740 2227//3740 2212//3740
f  2211//3741 2218//3741 2215//3741
f  2178//3742 2180//3742 2175//3742
f  2228//3743 2174//3743 2177//3743
f  2176//3744 2228//3744 2177//3744
f  2149//3745 2229//3745 2137//3745
f  2229//3746 2157//3746 2137//3746
f  2225//3747 2171//3747 2133//3747
f  2230//3748 2205//3748 2206//3748
f  2208//3749 2230//3749 2206//3749
f  2204//3750 2231//3750 2207//3750
f  2231//3751 2210//3751 2207//3751
f  2232//3752 2164//3752 2146//3752
f  2165//3753 2232//3753 2146//3753
f  2190//3754 2233//3754 2189//3754
f  2233//3755 2193//3755 2189//3755
f  2192//3756 2234//3756 2191//3756
f  2234//3757 2188//3757 2191//3757
f  2134//3758 2235//3758 2095//3758
f  2236//3759 2142//3759 2095//3759
f  2235//3760 2236//3760 2095//3760
f  2237//3761 2187//3761 2185//3761
f  2184//3762 2237//3762 2185//3762
f  2186//3763 2181//3763 2182//3763
f  2144//3764 2135//3764 2100//3764
f  2158//3765 2238//3765 2145//3765
f  2238//3766 2166//3766 2145//3766
f  2239//3767 2155//3767 2154//3767
f  2152//3768 2239//3768 2154//3768
f  2157//3769 2240//3769 2156//3769
f  2240//3770 2150//3770 2156//3770
f  2241//3771 2155//3771 2239//3771
f  2152//3772 2241//3772 2239//3772
f  2221//3773 2214//3773 2219//3773
f  2217//3774 2223//3774 2216//3774
f  2242//3775 2203//3775 2205//3775
f  2230//3776 2242//3776 2205//3776
f  2202//3777 2243//3777 2204//3777
f  2243//3778 2231//3778 2204//3778
f  2244//3779 2168//3779 2164//3779
f  2232//3780 2244//3780 2164//3780
f  2240//3781 2245//3781 2150//3781
f  2245//3782 2246//3782 2150//3782
f  2246//3783 2151//3783 2150//3783
f  2247//3784 2241//3784 2152//3784
f  2159//3785 2247//3785 2152//3785
f  2248//3786 2183//3786 2180//3786
f  2178//3787 2248//3787 2180//3787
f  2249//3788 2228//3788 2176//3788
f  2181//3789 2249//3789 2176//3789
f  2250//3790 2194//3790 2193//3790
f  2233//3791 2250//3791 2193//3791
f  2251//3792 2234//3792 2192//3792
f  2195//3793 2251//3793 2192//3793
f  2252//3794 2232//3794 2165//3794
f  2170//3795 2252//3795 2165//3795
f  2222//3796 2253//3796 2224//3796
f  2253//3797 2167//3797 2224//3797
f  2254//3798 2220//3798 2169//3798
f  2168//3799 2254//3799 2169//3799
f  2211//3800 2217//3800 2218//3800
f  2167//3801 2255//3801 2158//3801
f  2255//3802 2238//3802 2158//3802
f  2226//3803 2256//3803 2147//3803
f  2256//3804 2134//3804 2147//3804
f  2142//3805 2257//3805 2131//3805
f  2257//3806 2170//3806 2131//3806
f  2246//3807 2258//3807 2151//3807
f  2258//3808 2160//3808 2151//3808
f  2160//3809 2259//3809 2159//3809
f  2259//3810 2247//3810 2159//3810
f  2238//3811 2260//3811 2166//3811
f  2260//3812 2225//3812 2166//3812
f  2135//3813 2261//3813 2149//3813
f  2261//3814 2229//3814 2149//3814
f  2262//3815 2208//3815 2209//3815
f  2227//3816 2262//3816 2209//3816
f  2210//3817 2263//3817 2211//3817
f  2263//3818 2264//3818 2211//3818
f  2264//3819 2217//3819 2211//3819
f  2258//3820 2259//3820 2160//3820
f  2257//3821 2252//3821 2170//3821
f  2241//3822 2265//3822 2155//3822
f  2265//3823 2266//3823 2155//3823
f  2266//3824 2226//3824 2155//3824
f  2267//3825 2201//3825 2203//3825
f  2242//3826 2267//3826 2203//3826
f  2200//3827 2268//3827 2202//3827
f  2268//3828 2243//3828 2202//3828
f  2269//3829 2270//3829 2168//3829
f  2270//3830 2254//3830 2168//3830
f  2244//3831 2269//3831 2168//3831
f  2271//3832 2272//3832 2157//3832
f  2272//3833 2273//3833 2157//3833
f  2273//3834 2240//3834 2157//3834
f  2274//3835 2271//3835 2157//3835
f  2229//3836 2274//3836 2157//3836
f  2225//3837 2275//3837 2171//3837
f  2275//3838 2276//3838 2171//3838
f  2276//3839 2172//3839 2171//3839
f  2186//3840 2249//3840 2181//3840
f  2277//3841 2178//3841 2173//3841
f  2174//3842 2277//3842 2173//3842
f  2278//3843 2196//3843 2194//3843
f  2250//3844 2278//3844 2194//3844
f  2197//3845 2279//3845 2195//3845
f  2279//3846 2251//3846 2195//3846
f  2280//3847 2213//3847 2214//3847
f  2221//3848 2280//3848 2214//3848
f  2270//3849 2220//3849 2254//3849
f  2222//3850 2281//3850 2253//3850
f  2281//3851 2167//3851 2253//3851
f  2282//3852 2190//3852 2187//3852
f  2237//3853 2282//3853 2187//3853
f  2188//3854 2283//3854 2186//3854
f  2283//3855 2284//3855 2186//3855
f  2284//3856 2249//3856 2186//3856
f  2260//3857 2275//3857 2225//3857
f  2281//3858 2285//3858 2167//3858
f  2285//3859 2286//3859 2167//3859
f  2286//3860 2287//3860 2167//3860
f  2287//3861 2255//3861 2167//3861
f  2273//3862 2245//3862 2240//3862
f  2222//3863 2285//3863 2281//3863
f  2288//3864 2220//3864 2270//3864
f  2289//3865 2288//3865 2270//3865
f  2269//3866 2289//3866 2270//3866
f  2290//3867 2198//3867 2201//3867
f  2267//3868 2290//3868 2201//3868
f  2199//3869 2291//3869 2200//3869
f  2291//3870 2268//3870 2200//3870
f  2292//3871 2222//3871 2223//3871
f  2293//3872 2292//3872 2223//3872
f  2217//3873 2293//3873 2223//3873
f  2294//3874 2178//3874 2277//3874
f  2174//3875 2294//3875 2277//3875
f  2278//3876 2291//3876 2196//3876
f  2291//3877 2199//3877 2196//3877
f  2198//3878 2290//3878 2197//3878
f  2290//3879 2279//3879 2197//3879
f  2248//3880 2295//3880 2183//3880
f  2295//3881 2184//3881 2183//3881
f  2288//3882 2221//3882 2220//3882
f  2296//3883 2285//3883 2222//3883
f  2292//3884 2296//3884 2222//3884
f  2297//3885 2298//3885 2228//3885
f  2298//3886 2174//3886 2228//3886
f  2249//3887 2297//3887 2228//3887
f  2299//3888 2244//3888 2232//3888
f  2252//3889 2299//3889 2232//3889
f  2172//3890 2300//3890 2144//3890
f  2300//3891 2135//3891 2144//3891
f  2247//3892 2265//3892 2241//3892
f  2301//3893 2286//3893 2285//3893
f  2296//3894 2301//3894 2285//3894
f  2272//3895 2245//3895 2273//3895
f  2302//3896 2248//3896 2178//3896
f  2294//3897 2302//3897 2178//3897
f  2303//3898 2294//3898 2174//3898
f  2298//3899 2303//3899 2174//3899
f  2304//3900 2227//3900 2213//3900
f  2305//3901 2304//3901 2213//3901
f  2280//3902 2305//3902 2213//3902
f  2264//3903 2293//3903 2217//3903
f  2306//3904 2230//3904 2208//3904
f  2262//3905 2306//3905 2208//3905
f  2307//3906 2263//3906 2210//3906
f  2231//3907 2307//3907 2210//3907
f  2255//3908 2308//3908 2238//3908
f  2308//3909 2260//3909 2238//3909
f  2309//3910 2235//3910 2134//3910
f  2256//3911 2310//3911 2134//3911
f  2310//3912 2309//3912 2134//3912
f  2236//3913 2311//3913 2142//3913
f  2311//3914 2257//3914 2142//3914
f  2282//3915 2312//3915 2190//3915
f  2312//3916 2233//3916 2190//3916
f  2313//3917 2283//3917 2188//3917
f  2234//3918 2313//3918 2188//3918
f  2295//3919 2314//3919 2184//3919
f  2315//3920 2237//3920 2184//3920
f  2314//3921 2315//3921 2184//3921
f  2284//3922 2297//3922 2249//3922
f  2316//3923 2261//3923 2135//3923
f  2300//3924 2316//3924 2135//3924
f  2317//3925 2302//3925 2294//3925
f  2303//3926 2317//3926 2294//3926
f  2318//3927 2299//3927 2252//3927
f  2257//3928 2318//3928 2252//3928
f  2319//3929 2280//3929 2221//3929
f  2288//3930 2319//3930 2221//3930
f  2293//3931 2320//3931 2292//3931
f  2320//3932 2296//3932 2292//3932
f  2311//3933 2318//3933 2257//3933
f  2321//3934 2269//3934 2244//3934
f  2299//3935 2321//3935 2244//3935
f  2266//3936 2322//3936 2226//3936
f  2322//3937 2256//3937 2226//3937
f  2308//3938 2323//3938 2260//3938
f  2323//3939 2275//3939 2260//3939
f  2323//3940 2276//3940 2275//3940
f  2324//3941 2274//3941 2229//3941
f  2261//3942 2324//3942 2229//3942
f  2325//3943 2242//3943 2230//3943
f  2306//3944 2325//3944 2230//3944
f  2243//3945 2326//3945 2231//3945
f  2326//3946 2307//3946 2231//3946
f  2302//3947 2327//3947 2248//3947
f  2327//3948 2295//3948 2248//3948
f  2297//3949 2328//3949 2298//3949
f  2328//3950 2303//3950 2298//3950
f  2287//3951 2329//3951 2255//3951
f  2329//3952 2308//3952 2255//3952
f  2330//3953 2250//3953 2233//3953
f  2312//3954 2330//3954 2233//3954
f  2251//3955 2331//3955 2234//3955
f  2331//3956 2313//3956 2234//3956
f  2264//3957 2320//3957 2293//3957
f  2301//3958 2332//3958 2286//3958
f  2332//3959 2287//3959 2286//3959
f  2271//3960 2245//3960 2272//3960
f  2333//3961 2288//3961 2289//3961
f  2269//3962 2333//3962 2289//3962
f  2334//3963 2266//3963 2265//3963
f  2247//3964 2334//3964 2265//3964
f  2335//3965 2333//3965 2269//3965
f  2336//3966 2335//3966 2269//3966
f  2321//3967 2336//3967 2269//3967
f  2335//3968 2288//3968 2333//3968
f  2337//3969 2262//3969 2227//3969
f  2304//3970 2337//3970 2227//3970
f  2338//3971 2339//3971 2264//3971
f  2339//3972 2320//3972 2264//3972
f  2263//3973 2338//3973 2264//3973
f  2340//3974 2302//3974 2317//3974
f  2303//3975 2341//3975 2317//3975
f  2341//3976 2340//3976 2317//3976
f  2342//3977 2305//3977 2280//3977
f  2319//3978 2342//3978 2280//3978
f  2284//3979 2328//3979 2297//3979
f  2332//3980 2343//3980 2287//3980
f  2343//3981 2344//3981 2287//3981
f  2344//3982 2329//3982 2287//3982
f  2301//3983 2343//3983 2332//3983
f  2345//3984 2267//3984 2242//3984
f  2325//3985 2345//3985 2242//3985
f  2268//3986 2346//3986 2243//3986
f  2346//3987 2326//3987 2243//3987
f  2235//3988 2347//3988 2236//3988
f  2347//3989 2311//3989 2236//3989
f  2348//3990 2278//3990 2250//3990
f  2330//3991 2348//3991 2250//3991
f  2349//3992 2331//3992 2251//3992
f  2279//3993 2349//3993 2251//3993
f  2350//3994 2266//3994 2334//3994
f  2351//3995 2350//3995 2334//3995
f  2247//3996 2351//3996 2334//3996
f  2352//3997 2282//3997 2237//3997
f  2315//3998 2352//3998 2237//3998
f  2353//3999 2328//3999 2284//3999
f  2354//4000 2353//4000 2284//4000
f  2283//4001 2354//4001 2284//4001
f  2355//4002 2302//4002 2340//4002
f  2341//4003 2355//4003 2340//4003
f  2271//4004 2356//4004 2245//4004
f  2356//4005 2246//4005 2245//4005
f  2259//4006 2351//4006 2247//4006
f  2320//4007 2301//4007 2296//4007
f  2335//4008 2319//4008 2288//4008
f  2276//4009 2357//4009 2172//4009
f  2357//4010 2358//4010 2172//4010
f  2358//4011 2300//4011 2172//4011
f  2327//4012 2359//4012 2295//4012
f  2359//4013 2314//4013 2295//4013
f  2360//4014 2290//4014 2267//4014
f  2345//4015 2360//4015 2267//4015
f  2291//4016 2361//4016 2268//4016
f  2361//4017 2346//4017 2268//4017
f  2362//4018 2321//4018 2299//4018
f  2318//4019 2362//4019 2299//4019
f  2348//4020 2361//4020 2278//4020
f  2361//4021 2291//4021 2278//4021
f  2290//4022 2360//4022 2279//4022
f  2360//4023 2349//4023 2279//4023
f  2356//4024 2258//4024 2246//4024
f  2258//4025 2363//4025 2259//4025
f  2363//4026 2351//4026 2259//4026
f  2356//4027 2364//4027 2258//4027
f  2364//4028 2363//4028 2258//4028
f  2328//4029 2341//4029 2303//4029
f  2365//4030 2318//4030 2311//4030
f  2347//4031 2365//4031 2311//4031
f  2329//4032 2366//4032 2308//4032
f  2366//4033 2323//4033 2308//4033
f  2355//4034 2327//4034 2302//4034
f  2367//4035 2304//4035 2305//4035
f  2342//4036 2367//4036 2305//4036
f  2368//4037 2369//4037 2320//4037
f  2369//4038 2301//4038 2320//4038
f  2339//4039 2368//4039 2320//4039
f  2365//4040 2362//4040 2318//4040
f  2350//4041 2370//4041 2266//4041
f  2370//4042 2371//4042 2266//4042
f  2371//4043 2322//4043 2266//4043
f  2323//4044 2372//4044 2276//4044
f  2372//4045 2357//4045 2276//4045
f  2322//4046 2373//4046 2256//4046
f  2373//4047 2310//4047 2256//4047
f  2374//4048 2375//4048 2274//4048
f  2375//4049 2271//4049 2274//4049
f  2324//4050 2376//4050 2274//4050
f  2376//4051 2377//4051 2274//4051
f  2377//4052 2374//4052 2274//4052
f  2378//4053 2306//4053 2262//4053
f  2337//4054 2378//4054 2262//4054
f  2307//4055 2379//4055 2263//4055
f  2379//4056 2338//4056 2263//4056
f  2380//4057 2324//4057 2261//4057
f  2316//4058 2380//4058 2261//4058
f  2366//4059 2372//4059 2323//4059
f  2381//4060 2315//4060 2314//4060
f  2359//4061 2381//4061 2314//4061
f  2382//4062 2383//4062 2328//4062
f  2383//4063 2341//4063 2328//4063
f  2353//4064 2382//4064 2328//4064
f  2352//4065 2384//4065 2282//4065
f  2384//4066 2312//4066 2282//4066
f  2313//4067 2385//4067 2283//4067
f  2385//4068 2354//4068 2283//4068
f  2335//4069 2386//4069 2319//4069
f  2387//4070 2342//4070 2319//4070
f  2388//4071 2387//4071 2319//4071
f  2386//4072 2388//4072 2319//4072
f  2389//4073 2343//4073 2301//4073
f  2369//4074 2390//4074 2301//4074
f  2390//4075 2391//4075 2301//4075
f  2391//4076 2392//4076 2301//4076
f  2392//4077 2389//4077 2301//4077
f  2375//4078 2356//4078 2271//4078
f  2393//4079 2394//4079 2235//4079
f  2309//4080 2393//4080 2235//4080
f  2394//4081 2395//4081 2235//4081
f  2395//4082 2347//4082 2235//4082
f  2396//4083 2336//4083 2321//4083
f  2362//4084 2396//4084 2321//4084
f  2344//4085 2397//4085 2329//4085
f  2397//4086 2366//4086 2329//4086
f  2398//4087 2399//4087 2327//4087
f  2355//4088 2398//4088 2327//4088
f  2399//4089 2400//4089 2327//4089
f  2400//4090 2359//4090 2327//4090
f  2401//4091 2355//4091 2341//4091
f  2402//4092 2401//4092 2341//4092
f  2383//4093 2402//4093 2341//4093
f  2389//4094 2344//4094 2343//4094
f  2351//4095 2370//4095 2350//4095
f  2374//4096 2356//4096 2375//4096
f  2403//4097 2325//4097 2306//4097
f  2378//4098 2403//4098 2306//4098
f  2404//4099 2379//4099 2307//4099
f  2326//4100 2404//4100 2307//4100
f  2336//4101 2386//4101 2335//4101
f  2401//4102 2398//4102 2355//4102
f  2405//4103 2388//4103 2386//4103
f  2336//4104 2405//4104 2386//4104
f  2406//4105 2405//4105 2336//4105
f  2396//4106 2406//4106 2336//4106
f  2407//4107 2330//4107 2312//4107
f  2384//4108 2407//4108 2312//4108
f  2408//4109 2385//4109 2313//4109
f  2331//4110 2408//4110 2313//4110
f  2395//4111 2365//4111 2347//4111
f  2392//4112 2344//4112 2389//4112
f  2409//4113 2337//4113 2304//4113
f  2367//4114 2409//4114 2304//4114
f  2338//4115 2410//4115 2339//4115
f  2410//4116 2368//4116 2339//4116
f  2392//4117 2411//4117 2344//4117
f  2411//4118 2412//4118 2344//4118
f  2412//4119 2397//4119 2344//4119
f  2391//4120 2411//4120 2392//4120
f  2372//4121 2413//4121 2357//4121
f  2413//4122 2414//4122 2357//4122
f  2414//4123 2358//4123 2357//4123
f  2415//4124 2388//4124 2405//4124
f  2406//4125 2415//4125 2405//4125
f  2416//4126 2396//4126 2362//4126
f  2365//4127 2416//4127 2362//4127
f  2395//4128 2416//4128 2365//4128
f  2417//4129 2345//4129 2325//4129
f  2403//4130 2417//4130 2325//4130
f  2346//4131 2418//4131 2326//4131
f  2418//4132 2404//4132 2326//4132
f  2419//4133 2352//4133 2315//4133
f  2381//4134 2419//4134 2315//4134
f  2354//4135 2420//4135 2353//4135
f  2420//4136 2382//4136 2353//4136
f  2397//4137 2421//4137 2366//4137
f  2421//4138 2372//4138 2366//4138
f  2422//4139 2348//4139 2330//4139
f  2407//4140 2422//4140 2330//4140
f  2349//4141 2423//4141 2331//4141
f  2423//4142 2408//4142 2331//4142
f  2310//4143 2424//4143 2309//4143
f  2424//4144 2393//4144 2309//4144
f  2421//4145 2413//4145 2372//4145
f  2425//4146 2399//4146 2398//4146
f  2401//4147 2425//4147 2398//4147
f  2358//4148 2316//4148 2300//4148
f  2426//4149 2360//4149 2345//4149
f  2417//4150 2426//4150 2345//4150
f  2361//4151 2427//4151 2346//4151
f  2427//4152 2418//4152 2346//4152
f  2422//4153 2427//4153 2348//4153
f  2427//4154 2361//4154 2348//4154
f  2426//4155 2423//4155 2349//4155
f  2360//4156 2426//4156 2349//4156
f  2371//4157 2428//4157 2322//4157
f  2428//4158 2373//4158 2322//4158
f  2429//4159 2367//4159 2342//4159
f  2387//4160 2429//4160 2342//4160
f  2368//4161 2430//4161 2369//4161
f  2430//4162 2390//4162 2369//4162
f  2380//4163 2431//4163 2324//4163
f  2431//4164 2376//4164 2324//4164
f  2377//4165 2356//4165 2374//4165
f  2432//4166 2371//4166 2370//4166
f  2351//4167 2432//4167 2370//4167
f  2433//4168 2387//4168 2388//4168
f  2434//4169 2433//4169 2388//4169
f  2415//4170 2434//4170 2388//4170
f  2435//4171 2411//4171 2391//4171
f  2436//4172 2437//4172 2391//4172
f  2437//4173 2438//4173 2391//4173
f  2438//4174 2435//4174 2391//4174
f  2390//4175 2436//4175 2391//4175
f  2439//4176 2378//4176 2337//4176
f  2409//4177 2439//4177 2337//4177
f  2440//4178 2410//4178 2338//4178
f  2379//4179 2440//4179 2338//4179
f  2441//4180 2381//4180 2359//4180
f  2400//4181 2441//4181 2359//4181
f  2382//4182 2442//4182 2383//4182
f  2442//4183 2402//4183 2383//4183
f  2443//4184 2406//4184 2396//4184
f  2416//4185 2443//4185 2396//4185
f  2377//4186 2444//4186 2356//4186
f  2444//4187 2445//4187 2356//4187
f  2445//4188 2364//4188 2356//4188
f  2446//4189 2432//4189 2351//4189
f  2447//4190 2446//4190 2351//4190
f  2363//4191 2447//4191 2351//4191
f  2419//4192 2448//4192 2352//4192
f  2448//4193 2384//4193 2352//4193
f  2449//4194 2420//4194 2354//4194
f  2385//4195 2449//4195 2354//4195
f  2450//4196 2421//4196 2397//4196
f  2412//4197 2450//4197 2397//4197
f  2446//4198 2371//4198 2432//4198
f  2451//4199 2400//4199 2399//4199
f  2452//4200 2451//4200 2399//4200
f  2425//4201 2452//4201 2399//4201
f  2453//4202 2454//4202 2401//4202
f  2454//4203 2425//4203 2401//4203
f  2402//4204 2453//4204 2401//4204
f  2364//4205 2455//4205 2363//4205
f  2455//4206 2447//4206 2363//4206
f  2456//4207 2452//4207 2425//4207
f  2454//4208 2456//4208 2425//4208
f  2445//4209 2455//4209 2364//4209
f  2435//4210 2412//4210 2411//4210
f  2457//4211 2458//4211 2395//4211
f  2458//4212 2416//4212 2395//4212
f  2394//4213 2457//4213 2395//4213
f  2459//4214 2434//4214 2415//4214
f  2406//4215 2459//4215 2415//4215
f  2458//4216 2443//4216 2416//4216
f  2460//4217 2459//4217 2406//4217
f  2443//4218 2460//4218 2406//4218
f  2421//4219 2461//4219 2413//4219
f  2461//4220 2462//4220 2413//4220
f  2462//4221 2414//4221 2413//4221
f  2463//4222 2403//4222 2378//4222
f  2439//4223 2463//4223 2378//4223
f  2404//4224 2464//4224 2379//4224
f  2464//4225 2440//4225 2379//4225
f  2438//4226 2412//4226 2435//4226
f  2450//4227 2461//4227 2421//4227
f  2465//4228 2466//4228 2412//4228
f  2438//4229 2465//4229 2412//4229
f  2466//4230 2450//4230 2412//4230
f  2467//4231 2409//4231 2367//4231
f  2429//4232 2467//4232 2367//4232
f  2468//4233 2430//4233 2368//4233
f  2410//4234 2468//4234 2368//4234
f  2469//4235 2407//4235 2384//4235
f  2448//4236 2469//4236 2384//4236
f  2408//4237 2470//4237 2385//4237
f  2470//4238 2449//4238 2385//4238
f  2471//4239 2428//4239 2371//4239
f  2446//4240 2471//4240 2371//4240
f  2472//4241 2377//4241 2376//4241
f  2431//4242 2473//4242 2376//4242
f  2473//4243 2474//4243 2376//4243
f  2474//4244 2472//4244 2376//4244
f  2475//4245 2419//4245 2381//4245
f  2441//4246 2475//4246 2381//4246
f  2472//4247 2444//4247 2377//4247
f  2420//4248 2476//4248 2382//4248
f  2476//4249 2442//4249 2382//4249
f  2477//4250 2434//4250 2459//4250
f  2460//4251 2477//4251 2459//4251
f  2437//4252 2465//4252 2438//4252
f  2414//4253 2478//4253 2358//4253
f  2478//4254 2316//4254 2358//4254
f  2479//4255 2417//4255 2403//4255
f  2463//4256 2479//4256 2403//4256
f  2480//4257 2464//4257 2404//4257
f  2418//4258 2480//4258 2404//4258
f  2373//4259 2481//4259 2310//4259
f  2481//4260 2424//4260 2310//4260
f  2482//4261 2429//4261 2387//4261
f  2433//4262 2482//4262 2387//4262
f  2430//4263 2483//4263 2390//4263
f  2483//4264 2436//4264 2390//4264
f  2484//4265 2422//4265 2407//4265
f  2469//4266 2484//4266 2407//4266
f  2485//4267 2470//4267 2408//4267
f  2423//4268 2485//4268 2408//4268
f  2486//4269 2380//4269 2316//4269
f  2478//4270 2486//4270 2316//4270
f  2477//4271 2433//4271 2434//4271
f  2487//4272 2465//4272 2437//4272
f  2436//4273 2487//4273 2437//4273
f  2488//4274 2426//4274 2417//4274
f  2479//4275 2488//4275 2417//4275
f  2427//4276 2489//4276 2418//4276
f  2489//4277 2480//4277 2418//4277
f  2484//4278 2489//4278 2422//4278
f  2489//4279 2427//4279 2422//4279
f  2426//4280 2488//4280 2423//4280
f  2488//4281 2485//4281 2423//4281
f  2490//4282 2460//4282 2443//4282
f  2458//4283 2490//4283 2443//4283
f  2447//4284 2471//4284 2446//4284
f  2393//4285 2457//4285 2394//4285
f  2491//4286 2452//4286 2456//4286
f  2454//4287 2491//4287 2456//4287
f  2492//4288 2441//4288 2400//4288
f  2451//4289 2492//4289 2400//4289
f  2493//4290 2453//4290 2402//4290
f  2442//4291 2493//4291 2402//4291
f  2474//4292 2444//4292 2472//4292
f  2494//4293 2433//4293 2477//4293
f  2460//4294 2494//4294 2477//4294
f  2487//4295 2466//4295 2465//4295
f  2495//4296 2439//4296 2409//4296
f  2467//4297 2495//4297 2409//4297
f  2440//4298 2496//4298 2410//4298
f  2496//4299 2468//4299 2410//4299
f  2497//4300 2461//4300 2450//4300
f  2466//4301 2497//4301 2450//4301
f  2498//4302 2451//4302 2452//4302
f  2491//4303 2498//4303 2452//4303
f  2498//4304 2491//4304 2454//4304
f  2499//4305 2498//4305 2454//4305
f  2453//4306 2499//4306 2454//4306
f  2457//4307 2490//4307 2458//4307
f  2475//4308 2500//4308 2419//4308
f  2500//4309 2448//4309 2419//4309
f  2449//4310 2501//4310 2420//4310
f  2501//4311 2476//4311 2420//4311
f  2497//4312 2502//4312 2461//4312
f  2502//4313 2462//4313 2461//4313
f  2503//4314 2433//4314 2494//4314
f  2460//4315 2503//4315 2494//4315
f  2490//4316 2504//4316 2460//4316
f  2504//4317 2503//4317 2460//4317
f  2436//4318 2505//4318 2487//4318
f  2505//4319 2466//4319 2487//4319
f  2499//4320 2451//4320 2498//4320
f  2506//4321 2451//4321 2499//4321
f  2453//4322 2506//4322 2499//4322
f  2505//4323 2507//4323 2466//4323
f  2507//4324 2497//4324 2466//4324
f  2508//4325 2433//4325 2503//4325
f  2509//4326 2508//4326 2503//4326
f  2504//4327 2509//4327 2503//4327
f  2510//4328 2467//4328 2429//4328
f  2482//4329 2510//4329 2429//4329
f  2468//4330 2511//4330 2430//4330
f  2511//4331 2483//4331 2430//4331
f  2512//4332 2463//4332 2439//4332
f  2495//4333 2512//4333 2439//4333
f  2513//4334 2496//4334 2440//4334
f  2464//4335 2513//4335 2440//4335
f  2473//4336 2444//4336 2474//4336
f  2424//4337 2457//4337 2393//4337
f  2514//4338 2428//4338 2471//4338
f  2447//4339 2514//4339 2471//4339
f  2515//4340 2469//4340 2448//4340
f  2500//4341 2515//4341 2448//4341
f  2516//4342 2501//4342 2449//4342
f  2470//4343 2516//4343 2449//4343
f  2517//4344 2482//4344 2433//4344
f  2508//4345 2517//4345 2433//4345
f  2518//4346 2519//4346 2436//4346
f  2519//4347 2505//4347 2436//4347
f  2483//4348 2518//4348 2436//4348
f  2520//4349 2475//4349 2441//4349
f  2492//4350 2520//4350 2441//4350
f  2476//4351 2521//4351 2442//4351
f  2521//4352 2493//4352 2442//4352
f  2462//4353 2522//4353 2414//4353
f  2522//4354 2478//4354 2414//4354
f  2428//4355 2523//4355 2373//4355
f  2523//4356 2481//4356 2373//4356
f  2486//4357 2524//4357 2380//4357
f  2524//4358 2431//4358 2380//4358
f  2457//4359 2525//4359 2490//4359
f  2525//4360 2504//4360 2490//4360
f  2526//4361 2479//4361 2463//4361
f  2512//4362 2526//4362 2463//4362
f  2480//4363 2527//4363 2464//4363
f  2527//4364 2513//4364 2464//4364
f  2473//4365 2528//4365 2444//4365
f  2528//4366 2529//4366 2444//4366
f  2529//4367 2445//4367 2444//4367
f  2530//4368 2531//4368 2447//4368
f  2531//4369 2514//4369 2447//4369
f  2455//4370 2530//4370 2447//4370
f  2507//4371 2532//4371 2497//4371
f  2532//4372 2502//4372 2497//4372
f  2531//4373 2428//4373 2514//4373
f  2533//4374 2484//4374 2469//4374
f  2515//4375 2533//4375 2469//4375
f  2485//4376 2534//4376 2470//4376
f  2534//4377 2516//4377 2470//4377
f  2535//4378 2492//4378 2451//4378
f  2506//4379 2536//4379 2451//4379
f  2536//4380 2535//4380 2451//4380
f  2537//4381 2538//4381 2453//4381
f  2538//4382 2506//4382 2453//4382
f  2493//4383 2537//4383 2453//4383
f  2539//4384 2508//4384 2509//4384
f  2504//4385 2539//4385 2509//4385
f  2519//4386 2540//4386 2505//4386
f  2540//4387 2507//4387 2505//4387
f  2445//4388 2529//4388 2455//4388
f  2529//4389 2530//4389 2455//4389
f  2534//4390 2488//4390 2479//4390
f  2526//4391 2534//4391 2479//4391
f  2489//4392 2527//4392 2480//4392
f  2510//4393 2495//4393 2467//4393
f  2541//4394 2511//4394 2468//4394
f  2496//4395 2541//4395 2468//4395
f  2533//4396 2527//4396 2484//4396
f  2527//4397 2489//4397 2484//4397
f  2488//4398 2534//4398 2485//4398
f  2542//4399 2508//4399 2539//4399
f  2504//4400 2542//4400 2539//4400
f  2525//4401 2543//4401 2504//4401
f  2543//4402 2542//4402 2504//4402
f  2519//4403 2544//4403 2540//4403
f  2544//4404 2507//4404 2540//4404
f  2544//4405 2532//4405 2507//4405
f  2545//4406 2500//4406 2475//4406
f  2520//4407 2545//4407 2475//4407
f  2501//4408 2546//4408 2476//4408
f  2546//4409 2521//4409 2476//4409
f  2547//4410 2536//4410 2506//4410
f  2538//4411 2547//4411 2506//4411
f  2548//4412 2536//4412 2547//4412
f  2538//4413 2548//4413 2547//4413
f  2431//4414 2549//4414 2473//4414
f  2549//4415 2528//4415 2473//4415
f  2550//4416 2510//4416 2482//4416
f  2517//4417 2550//4417 2482//4417
f  2511//4418 2551//4418 2483//4418
f  2551//4419 2518//4419 2483//4419
f  2519//4420 2552//4420 2544//4420
f  2552//4421 2532//4421 2544//4421
f  2531//4422 2553//4422 2428//4422
f  2553//4423 2554//4423 2428//4423
f  2554//4424 2523//4424 2428//4424
f  2424//4425 2555//4425 2457//4425
f  2555//4426 2525//4426 2457//4426
f  2556//4427 2517//4427 2508//4427
f  2542//4428 2556//4428 2508//4428
f  2557//4429 2552//4429 2519//4429
f  2518//4430 2557//4430 2519//4430
f  2558//4431 2549//4431 2431//4431
f  2559//4432 2558//4432 2431//4432
f  2524//4433 2559//4433 2431//4433
f  2560//4434 2512//4434 2495//4434
f  2510//4435 2560//4435 2495//4435
f  2513//4436 2541//4436 2496//4436
f  2543//4437 2556//4437 2542//4437
f  2502//4438 2561//4438 2462//4438
f  2561//4439 2522//4439 2462//4439
f  2535//4440 2562//4440 2492//4440
f  2562//4441 2520//4441 2492//4441
f  2521//4442 2563//4442 2493//4442
f  2563//4443 2537//4443 2493//4443
f  2564//4444 2515//4444 2500//4444
f  2545//4445 2564//4445 2500//4445
f  2516//4446 2565//4446 2501//4446
f  2565//4447 2546//4447 2501//4447
f  2481//4448 2555//4448 2424//4448
f  2566//4449 2567//4449 2536//4449
f  2548//4450 2566//4450 2536//4450
f  2567//4451 2535//4451 2536//4451
f  2568//4452 2548//4452 2538//4452
f  2537//4453 2569//4453 2538//4453
f  2569//4454 2570//4454 2538//4454
f  2570//4455 2568//4455 2538//4455
f  2571//4456 2486//4456 2478//4456
f  2522//4457 2571//4457 2478//4457
f  2530//4458 2553//4458 2531//4458
f  2560//4459 2526//4459 2512//4459
f  2527//4460 2541//4460 2513//4460
f  2558//4461 2528//4461 2549//4461
f  2564//4462 2533//4462 2515//4462
f  2534//4463 2565//4463 2516//4463
f  2572//4464 2560//4464 2510//4464
f  2550//4465 2572//4465 2510//4465
f  2541//4466 2551//4466 2511//4466
f  2573//4467 2534//4467 2526//4467
f  2560//4468 2573//4468 2526//4468
f  2564//4469 2574//4469 2533//4469
f  2574//4470 2527//4470 2533//4470
f  2573//4471 2565//4471 2534//4471
f  2574//4472 2541//4472 2527//4472
f  2562//4473 2575//4473 2520//4473
f  2575//4474 2545//4474 2520//4474
f  2546//4475 2576//4475 2521//4475
f  2576//4476 2563//4476 2521//4476
f  2556//4477 2577//4477 2517//4477
f  2577//4478 2578//4478 2517//4478
f  2578//4479 2550//4479 2517//4479
f  2579//4480 2557//4480 2518//4480
f  2580//4481 2581//4481 2518//4481
f  2581//4482 2582//4482 2518//4482
f  2582//4483 2579//4483 2518//4483
f  2551//4484 2580//4484 2518//4484
f  2555//4485 2583//4485 2525//4485
f  2583//4486 2543//4486 2525//4486
f  2557//4487 2532//4487 2552//4487
f  2543//4488 2577//4488 2556//4488
f  2532//4489 2584//4489 2502//4489
f  2584//4490 2561//4490 2502//4490
f  2559//4491 2528//4491 2558//4491
f  2530//4492 2554//4492 2553//4492
f  2567//4493 2562//4493 2535//4493
f  2585//4494 2586//4494 2537//4494
f  2586//4495 2569//4495 2537//4495
f  2563//4496 2587//4496 2537//4496
f  2587//4497 2585//4497 2537//4497
f  2568//4498 2566//4498 2548//4498
f  2570//4499 2566//4499 2568//4499
f  2588//4500 2523//4500 2554//4500
f  2530//4501 2588//4501 2554//4501
f  2570//4502 2569//4502 2566//4502
f  2569//4503 2567//4503 2566//4503
f  2586//4504 2567//4504 2569//4504
f  2589//4505 2583//4505 2555//4505
f  2481//4506 2589//4506 2555//4506
f  2575//4507 2590//4507 2545//4507
f  2590//4508 2564//4508 2545//4508
f  2565//4509 2576//4509 2546//4509
f  2591//4510 2577//4510 2543//4510
f  2592//4511 2591//4511 2543//4511
f  2583//4512 2592//4512 2543//4512
f  2559//4513 2593//4513 2528//4513
f  2593//4514 2594//4514 2528//4514
f  2594//4515 2595//4515 2528//4515
f  2595//4516 2529//4516 2528//4516
f  2596//4517 2588//4517 2530//4517
f  2529//4518 2596//4518 2530//4518
f  2523//4519 2597//4519 2481//4519
f  2597//4520 2589//4520 2481//4520
f  2591//4521 2578//4521 2577//4521
f  2579//4522 2532//4522 2557//4522
f  2579//4523 2582//4523 2532//4523
f  2582//4524 2584//4524 2532//4524
f  2561//4525 2571//4525 2522//4525
f  2571//4526 2598//4526 2486//4526
f  2598//4527 2524//4527 2486//4527
f  2578//4528 2599//4528 2550//4528
f  2599//4529 2572//4529 2550//4529
f  2541//4530 2600//4530 2551//4530
f  2600//4531 2580//4531 2551//4531
f  2595//4532 2596//4532 2529//4532
f  2601//4533 2573//4533 2560//4533
f  2572//4534 2601//4534 2560//4534
f  2574//4535 2600//4535 2541//4535
f  2590//4536 2602//4536 2564//4536
f  2602//4537 2574//4537 2564//4537
f  2573//4538 2576//4538 2565//4538
f  2524//4539 2593//4539 2559//4539
f  2567//4540 2603//4540 2562//4540
f  2603//4541 2575//4541 2562//4541
f  2576//4542 2587//4542 2563//4542
f  2601//4543 2576//4543 2573//4543
f  2602//4544 2600//4544 2574//4544
f  2604//4545 2578//4545 2591//4545
f  2592//4546 2604//4546 2591//4546
f  2581//4547 2605//4547 2582//4547
f  2605//4548 2584//4548 2582//4548
f  2606//4549 2597//4549 2523//4549
f  2607//4550 2606//4550 2523//4550
f  2588//4551 2607//4551 2523//4551
f  2589//4552 2592//4552 2583//4552
f  2598//4553 2608//4553 2524//4553
f  2608//4554 2609//4554 2524//4554
f  2609//4555 2593//4555 2524//4555
f  2610//4556 2571//4556 2561//4556
f  2584//4557 2610//4557 2561//4557
f  2603//4558 2611//4558 2575//4558
f  2611//4559 2590//4559 2575//4559
f  2604//4560 2599//4560 2578//4560
f  2580//4561 2605//4561 2581//4561
f  2612//4562 2567//4562 2586//4562
f  2585//4563 2612//4563 2586//4563
f  2599//4564 2613//4564 2572//4564
f  2613//4565 2601//4565 2572//4565
f  2602//4566 2614//4566 2600//4566
f  2614//4567 2580//4567 2600//4567
f  2596//4568 2607//4568 2588//4568
f  2609//4569 2594//4569 2593//4569
f  2615//4570 2567//4570 2612//4570
f  2585//4571 2615//4571 2612//4571
f  2611//4572 2602//4572 2590//4572
f  2616//4573 2587//4573 2576//4573
f  2601//4574 2616//4574 2576//4574
f  2617//4575 2604//4575 2592//4575
f  2618//4576 2617//4576 2592//4576
f  2589//4577 2618//4577 2592//4577
f  2619//4578 2610//4578 2584//4578
f  2605//4579 2619//4579 2584//4579
f  2617//4580 2599//4580 2604//4580
f  2615//4581 2603//4581 2567//4581
f  2587//4582 2620//4582 2585//4582
f  2620//4583 2615//4583 2585//4583
f  2580//4584 2619//4584 2605//4584
f  2621//4585 2599//4585 2617//4585
f  2618//4586 2621//4586 2617//4586
f  2613//4587 2622//4587 2601//4587
f  2622//4588 2616//4588 2601//4588
f  2611//4589 2623//4589 2602//4589
f  2623//4590 2614//4590 2602//4590
f  2596//4591 2606//4591 2607//4591
f  2608//4592 2594//4592 2609//4592
f  2624//4593 2613//4593 2599//4593
f  2625//4594 2624//4594 2599//4594
f  2621//4595 2625//4595 2599//4595
f  2614//4596 2626//4596 2580//4596
f  2626//4597 2627//4597 2580//4597
f  2627//4598 2619//4598 2580//4598
f  2628//4599 2597//4599 2606//4599
f  2596//4600 2628//4600 2606//4600
f  2597//4601 2629//4601 2589//4601
f  2629//4602 2618//4602 2589//4602
f  2610//4603 2630//4603 2571//4603
f  2630//4604 2598//4604 2571//4604
f  2631//4605 2632//4605 2594//4605
f  2608//4606 2631//4606 2594//4606
f  2632//4607 2633//4607 2594//4607
f  2633//4608 2595//4608 2594//4608
f  2634//4609 2628//4609 2596//4609
f  2595//4610 2634//4610 2596//4610
f  2615//4611 2620//4611 2603//4611
f  2620//4612 2611//4612 2603//4612
f  2635//4613 2620//4613 2587//4613
f  2616//4614 2635//4614 2587//4614
f  2633//4615 2634//4615 2595//4615
f  2598//4616 2631//4616 2608//4616
f  2636//4617 2624//4617 2618//4617
f  2624//4618 2625//4618 2618//4618
f  2625//4586 2621//4586 2618//4586
f  2629//4619 2637//4619 2618//4619
f  2637//4620 2636//4620 2618//4620
f  2627//4621 2626//4621 2610//4621
f  2619//4622 2627//4622 2610//4622
f  2626//4623 2638//4623 2610//4623
f  2638//4624 2630//4624 2610//4624
f  2628//4625 2639//4625 2597//4625
f  2639//4626 2640//4626 2597//4626
f  2640//4627 2629//4627 2597//4627
f  2641//4628 2622//4628 2613//4628
f  2624//4629 2641//4629 2613//4629
f  2623//4630 2642//4630 2614//4630
f  2642//4631 2638//4631 2614//4631
f  2638//4632 2626//4632 2614//4632
f  2643//4633 2631//4633 2598//4633
f  2644//4634 2643//4634 2598//4634
f  2630//4635 2644//4635 2598//4635
f  2636//4636 2641//4636 2624//4636
f  2620//4637 2635//4637 2611//4637
f  2635//4638 2645//4638 2611//4638
f  2645//4639 2646//4639 2611//4639
f  2646//4640 2623//4640 2611//4640
f  2647//4641 2645//4641 2616//4641
f  2645//4642 2635//4642 2616//4642
f  2622//4643 2647//4643 2616//4643
f  2642//4644 2630//4644 2638//4644
f  2637//4645 2641//4645 2636//4645
f  2641//4646 2648//4646 2622//4646
f  2648//4647 2647//4647 2622//4647
f  2646//4648 2649//4648 2623//4648
f  2649//4649 2642//4649 2623//4649
f  2643//4650 2632//4650 2631//4650
f  2634//4651 2639//4651 2628//4651
f  2650//4652 2646//4652 2645//4652
f  2647//4653 2650//4653 2645//4653
f  2634//4654 2640//4654 2639//4654
f  2642//4655 2651//4655 2630//4655
f  2651//4656 2644//4656 2630//4656
f  2634//4657 2629//4657 2640//4657
f  2644//4658 2632//4658 2643//4658
f  2651//4659 2652//4659 2644//4659
f  2652//4660 2632//4660 2644//4660
f  2653//4661 2654//4661 2633//4661
f  2654//4662 2634//4662 2633//4662
f  2632//4663 2653//4663 2633//4663
f  2655//4664 2646//4664 2650//4664
f  2647//4665 2655//4665 2650//4665
f  2652//4666 2656//4666 2632//4666
f  2656//4667 2653//4667 2632//4667
f  2654//4668 2657//4668 2634//4668
f  2657//4669 2658//4669 2634//4669
f  2658//4670 2659//4670 2634//4670
f  2659//4671 2629//4671 2634//4671
f  2637//4672 2660//4672 2641//4672
f  2660//4673 2661//4673 2641//4673
f  2661//4674 2648//4674 2641//4674
f  2652//4675 2651//4675 2642//4675
f  2656//4676 2652//4676 2642//4676
f  2649//4677 2656//4677 2642//4677
f  2655//4678 2649//4678 2646//4678
f  2662//4679 2663//4679 2647//4679
f  2663//4680 2655//4680 2647//4680
f  2648//4681 2662//4681 2647//4681
f  2660//4682 2637//4682 2629//4682
f  2659//4683 2661//4683 2629//4683
f  2661//4684 2660//4684 2629//4684
f  2658//4685 2657//4685 2648//4685
f  2657//4686 2654//4686 2648//4686
f  2661//4687 2659//4687 2648//4687
f  2659//4688 2658//4688 2648//4688
f  2654//4689 2662//4689 2648//4689
f  2653//4690 2656//4690 2649//4690
f  2663//4691 2662//4691 2649//4691
f  2655//4692 2663//4692 2649//4692
f  2662//4693 2654//4693 2649//4693
f  2654//4694 2653//4694 2649//4694

