# File produced by Open Asset Import Library (http://www.assimp.sf.net)
# (assimp v5.0.0)

mtllib link2.mtl

# 4959 vertex positions
v  0.1525 -0.007648875 0.034153983
v  0.15503949 2.8726981e-09 0.034999996
v  0.1525 2.8726979e-09 0.034999996
v  0.15503949 0.0077882363 0.034122474
v  0.1525 0.0077882363 0.034122474
v  0.1525 2.8726979e-09 0.031000003
v  0.1525 0.0068981526 0.030222766
v  0.15503949 -0.007648875 0.034153983
v  0.15503949 2.8726981e-09 0.034699999
v  0.15503949 -0.0077214772 0.033830002
v  0.16203935 -0.0027932571 0.034850121
v  0.16283481 2.8726992e-09 0.03498169
v  0.16203949 2.872699e-09 0.034999929
v  0.16203971 0.001501362 0.034967713
v  0.16203949 2.872699e-09 0.034699999
v  0.16467553 -0.0028725537 0.034685686
v  0.16469519 2.8726994e-09 0.034667216
v  0.16203985 0.0034273444 0.034781232
v  0.16203931 -0.0037433328 0.034799159
v  0.16203949 -0.0077214772 0.033830002
v  0.16203913 -0.0062162215 0.034398176
v  0.16461411 -0.0063936682 0.034221247
v  0.16466485 0.0035269884 0.034626856
v  0.16203997 0.0052348403 0.034606226
v  0.16203949 0.0077214791 0.033830002
v  0.15503949 0.0077214791 0.033830002
v  0.16704488 1.032328e-08 0.034270033
v  0.16720803 -0.0029286193 0.034093559
v  0.16710055 -0.0065174634 0.033625998
v  0.1646024 0.0070175482 0.034100488
v  0.16204 0.0068213819 0.034278467
v  0.16718942 0.0035958467 0.034035362
v  0.16203904 -0.0074456083 0.034198828
v  0.16204002 0.0089078648 0.033847429
v  0.16726829 1.032328e-08 0.034169771
v  0.16454704 -0.0098461593 0.033401959
v  0.16698283 -0.010031396 0.032788038
v  0.16203892 -0.0095778527 0.033613354
v  0.1696025 -0.0029629143 0.033120349
v  0.16964686 2.8727001e-09 0.033102244
v  0.16957854 0.003638017 0.033064634
v  0.1525 -0.014927973 0.031656839
v  0.1525 -0.0068981471 0.030222766
v  0.15503949 -0.014927973 0.031656839
v  0.15503949 -0.015055765 0.03126362
v  0.15503949 0.015185933 0.031533912
v  0.1525 0.015185933 0.031533912
v  0.1525 0.013450394 0.027930036
v  0.16453522 0.010433602 0.03322491
v  0.16707999 0.0071529178 0.033503003
v  0.16946338 -0.0065933811 0.032661691
v  0.16204 0.010150756 0.033447988
v  0.16203949 0.015055764 0.03126362
v  0.15503949 0.015055764 0.03126362
v  0.16203995 0.012478883 0.032699794
v  0.16203991 0.013384241 0.032297455
v  0.16203949 -0.015055765 0.03126362
v  0.16203877 -0.012846177 0.03250321
v  0.16203885 -0.011062992 0.033205569
v  0.16931015 -0.010144287 0.031821579
v  0.1669621 0.010628554 0.032606274
v  0.16943665 0.0072358875 0.032539114
v  0.16447873 -0.013193128 0.032237597
v  0.16686323 -0.013430045 0.031590849
v  0.16446747 0.013739313 0.032010429
v  0.17092192 2.8727003e-09 0.03252998
v  0.17186469 -0.0029764445 0.031783298
v  0.17170626 -0.006623623 0.031342641
v  0.17183755 0.0036547361 0.031731322
v  0.16915478 -0.013572414 0.030611642
v  0.1715308 -0.010188171 0.030514345
v  0.16684358 0.013983737 0.031356946
v  0.16928318 0.010747145 0.031638339
v  0.17167567 0.0072688712 0.031222634
v  0.17190507 2.8727003e-09 0.031772077
v  0.16203871 -0.014552788 0.031831019
v  0.16203977 0.015906867 0.031176403
v  0.16441254 -0.016399965 0.030741759
v  0.16674802 -0.016676538 0.030049913
v  0.16440226 0.016901072 0.030470982
v  0.16203871 -0.015990064 0.031078316
v  0.17135355 -0.013624636 0.029309556
v  0.17406836 1.0323281e-08 0.030104399
v  0.17400238 -0.0029705623 0.030107342
v  0.17383441 -0.0066111432 0.029691532
v  0.17397375 0.0036476506 0.030059949
v  0.1525 -0.021485399 0.027629286
v  0.1525 -0.013450396 0.027930036
v  0.15503949 -0.021485399 0.027629286
v  0.15503949 -0.021635097 0.027129553
v  0.17149994 0.010792891 0.030332461
v  0.16912933 0.014130156 0.030374624
v  0.16900623 -0.01683908 0.029048346
v  0.15503949 0.021822143 0.027364105
v  0.1525 0.021822143 0.027364105
v  0.1525 0.019328188 0.024236776
v  0.16673023 0.017182808 0.029770866
v  0.17364794 -0.010167521 0.028886855
v  0.16203949 0.021635097 0.027129553
v  0.15503949 0.021635097 0.027129553
v  0.16203961 0.019443054 0.029081613
v  0.16203961 0.019151922 0.02929505
v  0.16203974 0.016491432 0.030837491
v  0.16203949 -0.021635097 0.027129553
v  0.16203877 -0.018979546 0.029352255
v  0.1620387 -0.0178755 0.030090898
v  0.17380188 0.0072551025 0.029575884
v  0.16249999 2.8726992e-09 0.031000003
v  0.16249999 0.0068981526 0.030222766
v  0.16249999 -0.0068981471 0.030222766
v  0.16249999 0.019328188 0.024236776
v  0.16249999 0.02423678 0.019328184
v  0.16249999 0.03022277 0.0068981498
v  0.16249999 0.027930032 0.013450399
v  0.16435084 -0.019434381 0.028931268
v  0.16664167 -0.01973727 0.02818431
v  0.17118593 -0.016892973 0.0277448
v  0.17346102 -0.013592605 0.02770298
v  0.16434179 0.019887533 0.028623566
v  0.17132467 0.014183144 0.029072739
v  0.16898344 0.017347645 0.028764881
v  0.17361526 0.01077054 0.028708801
v  0.16249999 0.013450394 0.027930036
v  0.16249999 -0.013450396 0.027930036
v  0.17467642 1.0323281e-08 0.029635638
v  0.17602581 -0.0029469663 0.028124049
v  0.17585562 -0.0065596299 0.027738236
v  0.17599687 0.0036188392 0.028081782
v  0.1688709 -0.01990968 0.027152188
v  0.1666262 0.02019326 0.02786731
v  0.17566732 -0.010087901 0.026967049
v  0.17604932 1.0323282e-08 0.028080836
v  0.17582266 0.0071986122 0.027628377
v  0.16203891 -0.020993229 0.028005034
v  0.16429523 -0.022266403 0.026825838
v  0.17328709 -0.01684542 0.026155561
v  0.16203952 0.022176612 0.027077593
v  0.17116046 0.017401133 0.027460508
v  0.17343082 0.014148827 0.0274693
v  0.17103602 -0.019957878 0.02584108
v  0.16654718 -0.022581656 0.026016124
v  0.17548114 -0.013483626 0.025817744
v  0.16885142 0.02036624 0.026829816
v  0.17563453 0.010685946 0.026794933
v  0.16428754 0.02266961 0.026487976
v  0.16875306 -0.022753205 0.024946891
v  0.1780178 1.0323282e-08 0.025851563
v  0.17794776 -0.0029076645 0.025870562
v  0.17778063 -0.0064734491 0.025518484
v  0.1779193 0.0035707531 0.025833733
v  0.16203903 -0.021786105 0.027341433
v  0.1525 -0.019328184 0.024236776
v  0.16249999 -0.019328184 0.024236776
v  0.16653426 0.022985499 0.025668383
v  0.17313574 -0.019890249 0.0242652
v  0.17759781 -0.0099558467 0.024788938
v  0.17531219 -0.016705308 0.024304248
v  0.1525 -0.027004141 0.022266038
v  0.15503949 -0.027004141 0.022266038
v  0.15503949 -0.02712955 0.021635093
v  0.17774843 0.0071041686 0.025415584
v  0.17545144 0.014034773 0.025589809
v  0.17326105 0.017350655 0.025873676
v  0.17101479 0.020412873 0.025517017
v  0.15503949 0.027364101 0.02182214
v  0.1525 0.027364101 0.02182214
v  0.1525 0.02423678 0.019328184
v  0.16424674 -0.024868388 0.024447791
v  0.16203932 -0.023869801 0.025597475
v  0.17090924 -0.0227881 0.02362287
v  0.16203949 0.027129557 0.021635093
v  0.15503949 0.027129557 0.021635093
v  0.16203952 0.022211391 0.027046144
v  0.16203949 0.024716686 0.024780698
v  0.16203949 -0.02712955 0.021635093
v  0.16203941 -0.024386641 0.025068082
v  0.16424043 0.025220517 0.024086505
v  0.17742112 -0.013306235 0.02368588
v  0.1687372 0.023155991 0.024593145
v  0.16646647 -0.02518189 0.023569904
v  0.17756635 0.010546017 0.024624556
v  0.17517111 -0.019717082 0.022445932
v  0.16865538 -0.025341772 0.022458576
v  0.17528743 0.017205346 0.02402766
v  0.17311478 0.020341713 0.023942836
v  0.17847459 1.0323282e-08 0.025334246
v  0.17962316 -0.0063575143 0.02307272
v  0.17978342 -0.0028549442 0.02338852
v  0.17301324 -0.022695754 0.022056371
v  0.17975596 0.0035061939 0.023357272
v  0.16645615 0.025532614 0.02319853
v  0.1773935 0.01384985 0.023465909
v  0.1794516 -0.0097787166 0.022391349
v  0.17089258 0.023188245 0.023266792
v  0.17959261 0.0069771362 0.022977673
v  0.1798034 1.0323282e-08 0.023328803
v  0.16203974 -0.026162382 0.023249231
v  0.17080884 -0.025355749 0.02111724
v  0.17929161 -0.013070014 0.021344304
v  0.16420093 0.027515832 0.021443702
v  0.16203949 0.027052026 0.022180356
v  0.17942263 0.010358515 0.022236176
v  0.16864318 0.025689941 0.022080831
v  0.16420591 -0.027215112 0.021821804
v  0.16640057 -0.027512781 0.020872213
v  0.1790688 -0.019103445 0.018192276
v  0.17916007 -0.016190048 0.019939654
v  0.17506486 -0.022487707 0.02026654
v  0.1525 -0.024236776 0.019328184
v  0.16249999 -0.024236776 0.019328184
v  0.17515229 0.020163249 0.022128306
v  0.17914249 0.016674001 0.019680858
v  0.17299776 0.023091819 0.021701351
v  0.17292334 -0.025234133 0.019556396
v  0.16857922 -0.027650271 0.01971519
v  0.17926736 0.013603981 0.021134183
v  0.18292831 2.8727016e-09 0.018612653
v  0.18326662 -0.0027193623 0.017922044
v  0.18312877 -0.0060581872 0.017681539
v  0.18324235 0.003339964 0.017901562
v  0.17079678 0.025700297 0.020736702
v  0.1620398 -0.026733208 0.022533908
v  0.16639271 0.027810249 0.02048409
v  0.18299307 -0.0093217501 0.017110072
v  0.18310365 0.0066490946 0.017603897
v  0.16203997 -0.028475065 0.020351127
v  0.16417289 -0.029283881 0.018974759
v  0.17073645 -0.027635861 0.018353023
v  0.17902531 -0.021779619 0.016122527
v  0.18288304 -0.012463392 0.016197376
v  0.1525 -0.031217404 0.015826359
v  0.15503949 -0.031217404 0.015826359
v  0.15503949 -0.03126362 0.015055768
v  0.18297173 0.0098750321 0.016976617
v  0.16203949 0.027284678 0.021921314
v  0.17505234 0.02287842 0.019915648
v  0.17905886 0.019534681 0.017891772
v  0.1685705 0.027943853 0.019320585
v  0.17499748 -0.024989545 0.01779303
v  0.16416915 0.029533613 0.0185863
v  0.16203949 0.029087771 0.019414455
v  0.15503949 0.031533908 0.01518593
v  0.1525 0.031533908 0.01518593
v  0.1525 0.027930032 0.013450399
v  0.16634962 -0.02955202 0.017951794
v  0.17291331 0.025574129 0.019176371
v  0.16203949 0.031263623 0.015055768
v  0.15503949 0.031263623 0.015055768
v  0.16203998 -0.028833497 0.019791842
v  0.16203949 -0.03126362 0.015055768
v  0.16204 -0.030647647 0.016852222
v  0.16204001 -0.030384891 0.017371133
v  0.18281592 -0.015443453 0.014942937
v  0.18286856 0.012973259 0.016011409
v  0.17286775 -0.027480625 0.016794495
v  0.16852476 -0.029656917 0.016746938
v  0.17072874 0.027924996 0.017955333
v  0.16634406 0.029796887 0.017553695
v  0.17903362 -0.024191581 0.013754927
v  0.18280354 -0.01822805 0.013354585
v  0.17499121 0.025324177 0.017416529
v  0.17902328 0.022156622 0.015787669
v  0.16414772 -0.031054579 0.015936047
v  0.1706921 -0.029607333 0.015361436
v  0.18281008 0.015905868 0.014709279
v  0.17497063 -0.027198095 0.015054487
v  0.16203949 0.029461887 0.018894322
v  0.1525 -0.027930032 0.013450399
v  0.16249999 -0.027930032 0.013450399
v  0.16249999 0.030999999 2.8225391e-11
v  0.16851924 0.029896785 0.016342483
v  0.17286284 0.027764853 0.016396873
v  0.16631369 -0.031279996 0.014840305
v  0.16414514 0.031254459 0.015543506
v  0.16203947 0.030838598 0.016461655
v  0.18335038 2.8727019e-09 0.017883696
v  0.17284632 -0.029414922 0.013802439
v  0.18285315 -0.020787887 0.011447005
v  0.17068839 0.02984212 0.014953792
v  0.1684919 -0.031342782 0.013587318
v  0.18671523 1.0323283e-08 0.012072347
v  0.18663038 -0.0025614919 0.012112372
v  0.18652701 -0.0057074921 0.011941895
v  0.18661124 0.0031461073 0.01210051
v  0.18280715 0.018640395 0.013079114
v  0.179095 -0.02631551 0.011116892
v  0.18644236 -0.0087855468 0.011488795
v  0.18650983 0.0062645329 0.011882246
v  0.16631028 0.031473625 0.014438808
v  0.17497016 0.027477045 0.014659815
v  0.17903924 0.02451374 0.013393141
v  0.18639949 -0.011753065 0.010729812
v  0.18643153 0.0093077971 0.011379704
v  0.16413055 -0.032509975 0.012737364
v  0.16203992 -0.031985063 0.014211021
v  0.1749839 -0.029093921 0.01208283
v  0.17067553 -0.031252019 0.012177356
v  0.16203947 0.031365965 0.015529782
v  0.17284606 0.029644612 0.013394564
v  0.16848935 0.031530496 0.013179868
v  0.18641517 -0.014573556 0.0096531063
v  0.18296812 -0.023097035 0.0092402324
v  0.18639778 0.01223519 0.010572106
v  0.16629295 -0.032680072 0.011572056
v  0.1525 -0.033921503 0.0086215809
v  0.15503949 -0.033921503 0.0086215809
v  0.18286619 0.02114867 0.011136279
v  0.16412906 0.032661844 0.012346692
v  0.16203947 0.032296393 0.013355613
v  0.17285845 -0.031019773 0.010616057
v  0.15503949 0.034122478 0.0077882335
v  0.1525 0.034122478 0.0077882335
v  0.1525 0.03022277 0.0068981498
v  0.16203949 0.033829998 0.0077214763
v  0.15503949 0.033829998 0.0077214763
v  0.15503949 -0.033829998 0.0077214763
v  0.16203947 0.032890048 0.011968404
v  0.16203947 0.033447411 0.010124251
v  0.16203991 -0.032163315 0.01374796
v  0.16203949 -0.033829998 0.0077214763
v  0.16203977 -0.033363458 0.010508768
v  0.16203979 -0.033258211 0.010903627
v  0.17920813 -0.028133776 0.0082394257
v  0.17067544 0.03143419 0.011766843
v  0.18650058 -0.017215591 0.0082568005
v  0.16848074 -0.0326919 0.010272823
v  0.18642409 0.015011805 0.0094496086
v  0.17498864 0.029318575 0.011677422
v  0.17910758 0.026583347 0.010735504
v  0.16629152 0.032824535 0.011173435
v  0.17503627 -0.030660734 0.0089143813
v  0.18314879 -0.025132619 0.0067583621
v  0.17068656 -0.032554694 0.0088390112
v  0.1525 -0.030222762 0.0068981498
v  0.1525 -0.034699999 0.0009999983
v  0.1525 -0.03498571 0.0009999983
v  0.16249999 -0.030222762 0.0068981498
v  0.17504558 0.030833062 0.0085055977
v  0.18299007 0.023405623 0.0089011267
v  0.18666224 -0.019651752 0.0065475106
v  0.1684809 0.032829721 0.0098689124
v  0.18652067 0.017607469 0.0080118254
v  0.222 -4.5778741e-09 0.011435933
v  0.22282095 -0.0074263597 0.011435933
v  0.222 -4.5778741e-09 0.012935929
v  0.22282095 -0.0074263597 0.012935929
v  0.22285245 0.0075657023 0.012935929
v  0.226 -4.5778736e-09 0.012935929
v  0.22687174 -0.0071794773 0.012935929
v  0.22524415 -0.014494081 0.011435933
v  0.22524415 -0.014494081 0.012935929
v  0.22943632 -0.013941702 0.012935929
v  0.22536705 0.014752041 0.012935929
v  0.22285245 0.0075657023 0.011435933
v  0.22687174 0.0071794642 0.012935929
v  0.2291526 -0.020861864 0.011435933
v  0.2291526 -0.020861864 0.012935929
v  0.23354468 -0.019893687 0.012935929
v  0.22941773 0.021198649 0.012935929
v  0.22536705 0.014752041 0.011435933
v  0.22943632 0.013941686 0.012935929
v  0.226 -4.5778736e-09 0.0029359311
v  0.22687174 -0.0071794773 0.0029359311
v  0.22687174 0.0071794642 0.0029359311
v  0.22943632 -0.013941702 0.0029359311
v  0.23435754 -0.026222207 0.011435933
v  0.23435754 -0.026222207 0.012935929
v  0.23895806 -0.024689522 0.012935929
v  0.23480135 0.02658226 0.012935929
v  0.22941773 0.021198649 0.011435933
v  0.23354468 0.019893672 0.012935929
v  0.22943632 0.013941686 0.0029359311
v  0.23354468 -0.019893687 0.0029359311
v  0.23354468 0.019893672 0.0029359311
v  0.23895806 0.024689507 0.012935929
v  0.23895806 -0.024689522 0.0029359311
v  0.24060762 -0.030316249 0.011435933
v  0.24060762 -0.030316249 0.012935929
v  0.24536185 -0.028050493 0.012935929
v  0.24124795 0.030632932 0.012935929
v  0.23480135 0.02658226 0.011435933
v  0.23895806 0.024689507 0.0029359311
v  0.24536185 0.028050479 0.012935929
v  0.24536185 -0.028050493 0.0029359311
v  0.247601 -0.032946281 0.011435933
v  0.247601 -0.032946281 0.012935929
v  0.24843429 0.03314754 0.012935929
v  0.24124795 0.030632932 0.011435933
v  0.24536185 0.028050479 0.0029359311
v  0.25238389 0.029781256 0.012935929
v  0.255 -0.033700008 0.012935929
v  0.25238389 -0.029781274 0.012935929
v  0.25238389 -0.029781274 0.0029359311
v  0.255 -0.033985298 0.011435933
v  0.255 -0.033985298 0.012935929
v  0.25600001 0.033999991 0.012935929
v  0.24843429 0.03314754 0.011435933
v  0.25238389 0.029781256 0.0029359311
v  0.25961611 0.029781256 0.012935929
v  0.26356572 0.03314754 0.012935929
v  0.25961611 -0.029781274 0.012935929
v  0.25961611 -0.029781274 0.0029359311
v  0.257 -0.033700008 0.012935929
v  0.26663816 -0.028050493 0.012935929
v  0.255 -0.033700008 0.011435933
v  0.25600001 0.033999991 0.011435933
v  0.26439899 -0.032946281 0.012935929
v  0.257 -0.033985298 0.012935929
v  0.257 -0.033700008 0.011435933
v  0.25600001 -0.033700008 0.011435933
v  0.257 -0.033985298 0.011435933
v  0.26439899 -0.032946281 0.011435933
v  0.25961611 0.029781256 0.0029359311
v  0.26663816 0.028050479 0.012935929
v  0.27075204 0.030632932 0.012935929
v  0.26663816 -0.028050493 0.0029359311
v  0.26356572 0.03314754 0.011435933
v  0.27139238 -0.030316249 0.011435933
v  0.27139238 -0.030316249 0.012935929
v  0.26663816 0.028050479 0.0029359311
v  0.27304193 0.024689507 0.012935929
v  0.27719864 0.02658226 0.012935929
v  0.27304193 -0.024689522 0.012935929
v  0.27304193 -0.024689522 0.0029359311
v  0.27075204 0.030632932 0.011435933
v  0.27764246 -0.026222207 0.011435933
v  0.27764246 -0.026222207 0.012935929
v  0.27304193 0.024689507 0.0029359311
v  0.27845532 0.019893672 0.012935929
v  0.28258228 0.021198649 0.012935929
v  0.27845532 -0.019893687 0.012935929
v  0.27845532 -0.019893687 0.0029359311
v  0.27719864 0.02658226 0.011435933
v  0.2828474 -0.020861864 0.011435933
v  0.2828474 -0.020861864 0.012935929
v  0.27845532 0.019893672 0.0029359311
v  0.28256369 0.013941686 0.012935929
v  0.28663296 0.014752041 0.012935929
v  0.28256369 -0.013941702 0.012935929
v  0.28256369 -0.013941702 0.0029359311
v  0.28256369 0.013941686 0.0029359311
v  0.28512827 0.0071794642 0.012935929
v  0.28914756 0.0075657023 0.012935929
v  0.28675586 -0.014494081 0.012935929
v  0.28512827 -0.0071794773 0.012935929
v  0.28512827 -0.0071794773 0.0029359311
v  0.28258228 0.021198649 0.011435933
v  0.28675586 -0.014494081 0.011435933
v  0.28512827 0.0071794642 0.0029359311
v  0.28600001 -4.5778656e-09 0.012935929
v  0.28999999 -4.5778652e-09 0.012935929
v  0.28917906 -0.0074263597 0.012935929
v  0.28600001 -4.5778656e-09 0.0029359311
v  0.28663296 0.014752041 0.011435933
v  0.28917906 -0.0074263597 0.011435933
v  0.28914756 0.0075657023 0.011435933
v  0.28999999 -4.5778652e-09 0.011435933
v  0.1729036 -0.032280717 0.0072748289
v  0.18903247 1.0323283e-08 0.0080702901
v  0.19004107 -0.0024029585 0.0063657686
v  0.18998939 -0.0053523788 0.0062495768
v  0.19003016 0.0029510586 0.0063584298
v  0.17937078 -0.029632054 0.0051586181
v  0.18997294 -0.0082406448 0.0059129372
v  0.18998328 0.0058747632 0.0062066838
v  0.17068975 0.032686654 0.0084323734
v  0.17922679 0.028348874 0.0078458637
v  0.16628774 -0.03373906 0.0081835389
v  0.19001317 -0.01103129 0.0053160638
v  0.18690261 -0.021857601 0.0045388713
v  0.22229999 -4.5778741e-09 0.011435933
v  0.22314493 0.0074989451 0.011435933
v  0.22229999 -4.5778741e-09 0.0044359341
v  0.22314493 -0.0074989619 0.0044359341
v  0.22314493 -0.0074989619 0.011435933
v  0.22563735 0.014621872 0.011435933
v  0.22314493 0.0074989451 0.0044359341
v  0.22563735 -0.014621892 0.0044359341
v  0.22563735 -0.014621892 0.011435933
v  0.22965227 0.021011602 0.011435933
v  0.22563735 0.014621872 0.0044359341
v  0.22965227 -0.021011613 0.0044359341
v  0.22965227 -0.021011613 0.011435933
v  0.23498839 0.026347715 0.011435933
v  0.22965227 0.021011602 0.0044359341
v  0.23498839 -0.026347727 0.0044359341
v  0.23498839 -0.026347727 0.011435933
v  0.24137811 0.030362647 0.011435933
v  0.23498839 0.026347715 0.0044359341
v  0.24137811 -0.030362658 0.0044359341
v  0.24137811 -0.030362658 0.011435933
v  0.24850105 0.03285506 0.011435933
v  0.24137811 0.030362647 0.0044359341
v  0.24850105 -0.032855079 0.0044359341
v  0.24850105 -0.032855079 0.011435933
v  0.25600001 0.033699993 0.011435933
v  0.24850105 0.03285506 0.0044359341
v  0.25600001 -0.033700008 0.0044359341
v  0.26349896 0.03285506 0.011435933
v  0.25600001 0.033699993 0.0044359341
v  0.26349896 -0.032855079 0.0044359341
v  0.26349896 -0.032855079 0.011435933
v  0.27062187 0.030362647 0.011435933
v  0.26349896 0.03285506 0.0044359341
v  0.27062187 -0.030362658 0.0044359341
v  0.27062187 -0.030362658 0.011435933
v  0.2770116 0.026347715 0.011435933
v  0.27062187 0.030362647 0.0044359341
v  0.2770116 -0.026347727 0.0044359341
v  0.2770116 -0.026347727 0.011435933
v  0.28234771 0.021011602 0.011435933
v  0.2770116 0.026347715 0.0044359341
v  0.28234771 -0.021011613 0.0044359341
v  0.28234771 -0.021011613 0.011435933
v  0.28636265 0.014621872 0.011435933
v  0.28234771 0.021011602 0.0044359341
v  0.28636265 -0.014621892 0.0044359341
v  0.28636265 -0.014621892 0.011435933
v  0.28885508 0.0074989451 0.011435933
v  0.28636265 0.014621872 0.0044359341
v  0.28885508 -0.0074989619 0.0044359341
v  0.28885508 -0.0074989619 0.011435933
v  0.2897 -4.5778652e-09 0.011435933
v  0.28885508 0.0074989451 0.0044359341
v  0.2897 -4.5778652e-09 0.0044359341
v  0.18997546 0.0087312339 0.0058290288
v  0.16628817 0.033837099 0.0077936351
v  0.18669318 0.019995797 0.0062664449
v  0.18339266 -0.026878629 0.0040300265
v  0.18317866 0.025389533 0.0063978583
v  0.19012567 -0.013692328 0.0044325218
v  0.17512661 -0.031884868 0.0055894554
v  0.19002673 0.011485475 0.0051888078
v  0.16203964 -0.034273118 0.0070959404
v  0.16203947 0.034013305 0.0082519129
v  0.17073138 0.033588555 0.0049908385
v  0.19032076 -0.016195588 0.0032478347
v  0.19015145 0.014106753 0.0042621419
v  0.1872209 -0.023811534 0.0022502095
v  0.17958041 -0.030798253 0.0019151717
v  0.18694358 0.022153135 0.0042277947
v  0.1707252 -0.033503696 0.0053872764
v  0.15503949 -0.03498571 0.0009999983
v  0.1793946 0.029796507 0.0047603324
v  0.17513995 0.032007482 0.0051843673
v  0.19060412 -0.018516067 0.0017580912
v  0.16630074 0.034502674 0.0043370724
v  0.16203947 0.034281742 0.0067972392
v  0.18369594 -0.028322428 0.001089707
v  0.16629858 -0.034447674 0.0047129169
v  0.17079176 -0.03409164 0.0018651262
v  0.19015618 2.8727025e-09 0.0063794777
v  0.19035897 0.016567957 0.0030366033
v  0.18342926 0.027085524 0.0036553964
v  0.15503949 0.035 2.8225384e-11
v  0.1525 0.035 2.8225384e-11
v  0.1525 0.030999999 2.8225389e-11
v  0.16203949 0.034700003 2.822538e-11
v  0.15503949 0.034700003 2.822538e-11
v  0.15503949 -0.034699999 2.8225519e-11
v  0.15503949 -0.034699999 0.0009999983
v  0.16203949 0.034718323 0.004431434
v  0.16203949 0.03479724 0.0034049526
v  0.16203949 -0.034699999 2.8225519e-11
v  0.16203953 -0.034771424 0.0037524998
v  0.1525 -0.030999999 2.8225516e-11
v  0.1525 -0.034699999 -0.0009999983
v  0.16249999 -0.030999999 2.8225517e-11
v  0.18761332 -0.025498647 -0.00029335541
v  0.19097747 -0.02063128 -3.1389267e-05
v  0.18727057 0.024058994 0.0019156002
v  0.19366953 -0.0028760703 0.0010842234
v  0.19366406 2.872703e-09 0.0011013225
v  0.19372588 -0.0050295452 0.00090892613
v  0.1936834 0.00335865 0.00104101
v  0.19065422 0.018844958 0.00150989
v  0.19376695 -0.006598697 0.0007811971
v  0.19369324 0.005066636 0.0010103397
v  0.1937114 0.0055259494 0.00095386803
v  0.19375449 0.0066159097 0.00081986189
v  0.19383639 -0.0092518786 0.0005652234
v  0.19379702 -0.0077475393 0.00068768114
v  0.19378871 -0.007430044 0.00071352348
v  0.19381732 0.0082047908 0.00062451884
v  0.19378592 0.0074108867 0.00072212517
v  0.17983441 -0.03162333 -0.0014465004
v  0.17525399 -0.03275609 0.0021515526
v  0.17541766 -0.03326837 -0.0013533607
v  0.19415382 -0.012885262 -0.00042191145
v  0.1939335 -0.010363524 0.00026320669
v  0.19390716 -0.010061924 0.00034514818
v  0.1938993 0.010278384 0.00036957863
v  0.19395283 0.010801437 0.00020312148
v  0.17960851 0.030914713 0.0015194081
v  0.1752708 0.032832231 0.0017568134
v  0.18405421 -0.029453237 -0.0020229965
v  0.17080064 0.03413314 0.0014846288
v  0.18373801 0.028481368 0.00070832297
v  0.16632624 -0.034800995 0.0011995658
v  0.1708869 -0.034316074 -0.0016830787
v  0.19143912 -0.022521257 -0.0021074153
v  0.25600001 0.034000013 -0.0049483888
v  0.25588703 0.03399973 -0.0064869486
v  0.25385863 0.033934381 0.00443656
v  0.25600001 0.033999998 0.0044359341
v  0.252839 0.033817891 0.004436411
v  0.25134304 -0.033716686 -0.0021971203
v  0.25283355 -0.033828679 0.004436411
v  0.25216806 -0.033792675 0.0044365153
v  0.24903888 -0.033343807 -0.00022198629
v  0.25000381 -0.033439446 0.0044362023
v  0.25600001 -0.033999927 -0.0052447878
v  0.25600001 -0.033999994 0.0044359341
v  0.25134304 0.03371669 -0.0021971203
v  0.24903888 0.033343811 -0.00022198629
v  0.25006923 0.03350145 0.0044360012
v  0.24842694 -0.033182081 0.0044359714
v  0.22332655 -0.01036875 0.0033095926
v  0.22344568 -0.01025362 0.0044360533
v  0.22316785 -0.0093684802 0.004436098
v  0.22247225 -0.0072034569 0.0023239627
v  0.22267829 -0.0069515044 0.0044358671
v  0.22451018 0.013331662 0.0044360608
v  0.22443502 0.013380299 0.0040087253
v  0.22364041 0.011035311 0.0044360906
v  0.22332655 0.010368752 0.0033095926
v  0.22344129 0.010256859 0.0044360608
v  0.22277269 0.0076430691 0.0044359639
v  0.22494295 0.014474261 0.0044360533
v  0.22583339 0.016196359 0.0043855086
v  0.2258375 0.016193252 0.0044360608
v  0.22606128 0.016623262 0.0044360608
v  0.225583 0.016362239 0.0021254048
v  0.22687545 0.019097727 -1.7739803e-05
v  0.2265763 0.017612915 0.0044360608
v  0.2273992 0.018833 0.0044359714
v  0.24671978 0.032798279 0.0016099215
v  0.24461129 0.032070544 0.0044359937
v  0.24644844 0.032689188 0.0044360608
v  0.24725157 0.032869358 0.0044360459
v  0.22421946 -0.012718794 0.004435949
v  0.24459429 -0.032103617 0.0044359863
v  0.24440002 -0.032068938 0.0032804981
v  0.24478689 -0.032180071 0.0044360012
v  0.24725772 -0.032860227 0.0044359788
v  0.24440002 0.032068942 0.0032804981
v  0.24300283 0.031528909 0.0044359341
v  0.24258643 -0.031306595 0.0044358373
v  0.24671978 -0.032798275 0.0016099215
v  0.22854905 0.020537812 0.0044358522
v  0.22862341 0.021419886 -0.00018025932
v  0.22247225 0.0072034551 0.0023239627
v  0.22266977 0.0069554327 0.0044358373
v  0.22443502 -0.013380294 0.0040087253
v  0.22580574 -0.016209692 0.0044182688
v  0.22565562 -0.015953768 0.0044359639
v  0.22449382 -0.01333679 0.004435949
v  0.22580639 -0.016208939 0.0044359639
v  0.22597417 -0.016492911 0.0044359565
v  0.22687545 -0.019097727 -1.7739803e-05
v  0.22736901 -0.018853549 0.0044359267
v  0.22527227 -0.016568836 -8.0827595e-05
v  0.22197084 6.2477355e-08 0.0037775636
v  0.222037 -0.0013104499 0.0044358149
v  0.22199982 1.7773868e-08 0.0044359341
v  0.22207071 0.0013822719 0.0044356957
v  0.22205697 -0.0020142617 0.0044357479
v  0.22220123 -0.0034133205 0.0044357553
v  0.22217523 0.0034202738 0.0044353381
v  0.2226409 0.0067626713 0.0044358075
v  0.22219326 0.0037718667 0.0044352785
v  0.22263834 -0.0067542912 0.0044358447
v  0.22244968 -0.0058228942 0.0044357553
v  0.2295147 0.021675978 0.0044358522
v  0.22914968 0.021245752 0.0044358522
v  0.23086314 0.023265306 0.0044358522
v  0.23307113 0.02535684 0.0044354051
v  0.2310396 0.02343246 0.0044358149
v  0.22747608 -0.019034751 0.0044359267
v  0.22914563 -0.021251153 0.0044357702
v  0.22958079 -0.021828845 0.0044357255
v  0.22971438 -0.021970388 0.004435733
v  0.23107034 -0.023407005 0.0044358
v  0.23216796 -0.024569921 0.0044358596
v  0.2330817 -0.025343902 0.0044357479
v  0.23736994 0.028582554 0.0044357926
v  0.23639175 0.027986038 0.0044358745
v  0.23518363 0.027059335 0.0044356361
v  0.23352665 0.025788326 0.0044353157
v  0.23736431 -0.028592929 0.0044357404
v  0.23506862 -0.027026933 0.0044355169
v  0.24262129 0.031352233 0.0044358969
v  0.24207328 0.031098466 0.0044358373
v  0.23967279 0.029986884 0.0044355989
v  0.23963751 0.029965367 0.0044355989
v  0.24128544 -0.030790165 0.0044357404
v  0.24206921 -0.031101283 0.0044358
v  0.23806582 -0.029071469 0.0044358075
v  0.23966511 -0.029925194 0.0044357777
v  0.26065841 0.033679347 0.0044359341
v  0.26065841 -0.033679347 0.0044359341
v  0.26776797 0.031898502 0.0044359341
v  0.25600001 0.034000035 -0.023943704
v  0.25600001 0.034000028 -0.018133663
v  0.25600001 0.034000013 -0.0069316402
v  0.26675156 0.032153104 -0.055383414
v  0.26335597 0.033003647 -0.055383414
v  0.26065841 0.033679347 -0.055383414
v  0.26271567 0.033164036 -0.055383414
v  0.26776797 -0.031898495 0.0044359341
v  0.25600001 -0.033999916 -0.0068314373
v  0.25600001 -0.033999842 -0.017946769
v  0.25600001 -0.033999797 -0.024804354
v  0.25600001 -0.033999793 -0.02547374
v  0.26065841 -0.033679347 -0.055383414
v  0.26271567 -0.033164032 -0.055383414
v  0.26335672 -0.033003457 -0.055383414
v  0.26675263 -0.032152828 -0.055383414
v  0.27433071 0.028635379 0.0044359341
v  0.27267036 0.029460941 -0.055383414
v  0.26979989 0.030888196 -0.055383414
v  0.26892498 0.031323221 -0.055383414
v  0.26776797 0.031898502 -0.055383414
v  0.27433071 -0.028635379 0.0044359341
v  0.26776797 -0.031898495 -0.055383414
v  0.26892498 -0.031323217 -0.055383414
v  0.27267191 -0.029460158 -0.055383414
v  0.26980117 -0.030887555 -0.055383414
v  0.28004164 0.024041627 0.0044359341
v  0.27531111 0.027846757 -0.055383414
v  0.27433071 0.028635379 -0.055383414
v  0.28004164 -0.024041623 0.0044359341
v  0.27433071 -0.028635379 -0.055383414
v  0.27770424 -0.025921769 -0.055383414
v  0.27531272 -0.027845465 -0.055383414
v  0.28463539 0.018330704 0.0044359341
v  0.28004164 0.024041627 -0.055383414
v  0.27770239 0.025923263 -0.055383414
v  0.28196874 0.02164584 -0.055383414
v  0.28463539 -0.018330697 0.0044359341
v  0.28004164 -0.024041623 -0.055383414
v  0.28197068 -0.021643445 -0.055383414
v  0.28389329 -0.019253265 -0.055383414
v  0.28789851 0.011767979 0.0044359341
v  0.28389114 0.019255955 -0.055383414
v  0.2854906 0.016610708 -0.055383414
v  0.28463539 0.018330704 -0.055383414
v  0.28789851 -0.011767973 0.0044359341
v  0.28463539 -0.018330697 -0.055383414
v  0.28549233 -0.016607225 -0.055383414
v  0.28967935 0.0046584262 0.0044359341
v  0.2877568 0.012052978 -0.055383414
v  0.28691521 0.013745579 -0.055383414
v  0.28816587 0.010700549 -0.055383414
v  0.28789851 0.011767979 -0.055383414
v  0.28967935 -0.0046584131 0.0044359341
v  0.28691715 -0.013741662 -0.055383414
v  0.2877568 -0.012052991 -0.055383414
v  0.28789851 -0.011767973 -0.055383414
v  0.28816709 -0.01069576 -0.055383414
v  0.28999999 2.8727152e-09 0.0044359341
v  0.289747 0.0036760671 -0.055383414
v  0.28967935 0.0046584262 -0.055383414
v  0.28937316 0.0058808876 -0.055383414
v  0.28901333 0.0073174043 -0.055383414
v  0.28937313 -0.0058809118 -0.055383414
v  0.28967935 -0.0046584131 -0.055383414
v  0.28995112 -0.00071119977 -0.055383414
v  0.28974745 -0.0036695348 -0.055383414
v  0.2890147 -0.0073119225 -0.055383414
v  0.29000008 1.0323296e-08 -0.055383414
v  0.28995112 0.00071116822 -0.055383414
v  0.242623 0.031750102 -0.0065564513
v  0.24051386 0.030850891 -0.0051494017
v  0.23706876 0.028566506 0.0020941049
v  0.23298068 -0.02537005 0.0037040189
v  0.23101142 -0.023441136 0.0042138323
v  0.23101142 0.02344114 0.0042138323
v  0.23047933 0.023521516 -0.00055253506
v  0.22184357 -0.0039096074 0.0010525212
v  0.22211979 -0.0035738209 0.0031824932
v  0.22211979 0.0035738228 0.0031824932
v  0.22184357 0.0039096056 0.0010525212
v  0.23706876 -0.028566506 0.0020941049
v  0.2391839 -0.029866219 0.0010039918
v  0.24134532 -0.030972771 -0.00026622412
v  0.22862341 -0.021419886 -0.00018025932
v  0.22181703 -9.4999479e-05 0.0015294664
v  0.22189519 1.9658781e-07 0.0020583645
v  0.23500267 -0.027069986 0.0029960871
v  0.23047933 -0.023521516 -0.00055253506
v  0.23500267 0.02706999 0.0029960871
v  0.236388 0.028512087 -0.0027964823
v  0.23843391 0.029774148 -0.0038927272
v  0.23298068 0.02537005 0.0037040189
v  0.1941814 -0.013200936 -0.00050767511
v  0.16633004 0.034816932 0.0008425042
v  0.19419643 0.013181995 -0.00055447221
v  0.19420512 0.013266879 -0.00058148429
v  0.19400044 0.011266681 5.505982e-05
v  0.19103836 0.020915996 -0.0003115311
v  0.23240654 0.025398199 -0.0011193827
v  0.18807441 -0.026907254 -0.0030601546
v  0.22420369 0.013581241 0.0017564632
v  0.22420369 -0.01358124 0.0017564632
v  0.16203952 -0.034852792 0.0032065436
v  0.23437878 0.027056765 -0.0018695332
v  0.23240654 -0.025398195 -0.0011193827
v  0.18767017 0.025699545 -0.000644546
v  0.16203949 0.034987669 0.00092813745
v  0.22304288 0.010632704 0.0011247583
v  0.22304288 -0.010632698 0.0011247583
v  0.24475518 0.032480124 -0.0081023946
v  0.242623 -0.031750102 -0.0065564513
v  0.19460294 -0.015979018 -0.0018185936
v  0.19447407 -0.015230794 -0.0014178604
v  0.19439389 -0.014765148 -0.0011684708
v  0.19423997 -0.013871511 -0.00068986043
v  0.1620395 -0.034976557 0.00030545521
v  0.16637176 -0.034798935 -0.00231646
v  0.22181703 9.5005227e-05 0.0015294664
v  0.22189507 1.9658781e-07 0.0020558164
v  0.19437024 0.014809187 -0.0010949597
v  0.19452052 0.015601474 -0.0015622862
v  0.19493677 0.017796051 -0.0028567351
v  0.19435441 0.014725792 -0.0010457709
v  0.23437878 -0.027056765 -0.0018695332
v  0.22209008 0.0075432612 0.00022526088
v  0.22209008 -0.0075432556 0.00022526088
v  0.19198431 -0.024171263 -0.004449334
v  0.18013024 -0.032102067 -0.0048791058
v  0.22527227 0.016568836 -8.0827595e-05
v  0.236388 -0.028512087 -0.0027964823
v  0.22189361 1.9658781e-07 0.0020226091
v  0.2217728 1.22082e-07 0.0014842041
v  0.19150925 0.022762042 -0.0024136379
v  0.17561725 -0.033420678 -0.0048776269
v  0.19495156 -0.018003277 -0.002902735
v  0.19486332 -0.017490909 -0.0026283227
v  0.17986596 0.031695012 -0.001832895
v  0.17543744 0.033301923 -0.0017316863
v  0.22384042 0.013854484 -0.00038276982
v  0.22384042 -0.013854486 -0.00038276982
v  0.24690375 0.033050578 -0.0097741298
v  0.24475518 -0.032480124 -0.0081023946
v  0.22143431 -7.9083676e-08 -2.4437875e-05
v  0.22128598 0.00053514825 -0.00046543029
v  0.22128598 -0.00053515 -0.00046543029
v  0.18410051 0.029566776 -0.0024038702
v  0.19494712 0.017850626 -0.0028889254
v  0.17089823 0.0343186 -0.002042558
v  0.1710117 -0.034180202 -0.005212184
v  0.22258589 0.01098154 -0.00093092397
v  0.22258589 -0.010981535 -0.00093092397
v  0.19472873 -1.1633659e-07 -0.00015616414
v  0.18859762 -0.028027281 -0.0060128048
v  0.19533904 -0.0046240734 -0.00093778595
v  0.2212792 0.0043446301 -0.0009290874
v  0.22046237 -0.0010839076 -0.0022800751
v  0.2212792 -0.0043446282 -0.0009290874
v  0.19522372 0.000626172 -0.00081310049
v  0.19672012 0.0023451252 -0.002413094
v  0.23843391 -0.029774141 -0.0038927272
v  0.16203947 0.034968946 -2.2873253e-05
v  0.19402768 -0.0069142552 0.00052051619
v  0.16637711 0.034780305 -0.0026506707
v  0.19402768 0.0069142608 0.00052051619
v  0.19573231 -0.0083601074 -0.0014640056
v  0.18813682 0.027063485 -0.0034207329
v  0.19573233 0.0083601056 -0.0014640056
v  0.19636279 -0.01179408 -0.0024213269
v  0.19763204 -0.0098029869 -0.0033720769
v  0.16203949 -0.034999244 -0.00022631136
v  0.22148319 0.0079806251 -0.0017231219
v  0.22148319 -0.007980627 -0.0017231219
v  0.15503949 0.034122478 -0.0077882335
v  0.1525 0.034122478 -0.0077882335
v  0.1525 0.03022277 -0.0068981498
v  0.16249999 0.03022277 -0.0068981498
v  0.1525 -0.030222762 -0.0068981498
v  0.16203949 0.033829998 -0.0077214763
v  0.15503949 0.033829998 -0.0077214763
v  0.15503949 -0.033829998 -0.0077214763
v  0.15503949 -0.034699999 -0.0009999983
v  0.16203941 0.034924019 -0.0023048073
v  0.16203935 0.034788404 -0.0034492686
v  0.16203949 -0.033829998 -0.0077214763
v  0.16203937 -0.03483814 -0.003145121
v  0.16249999 2.872699e-09 -0.030999999
v  0.16249999 -0.0068981471 -0.030222766
v  0.16249999 -0.013450396 -0.027930036
v  0.16249999 0.0068981526 -0.030222766
v  0.16249999 -0.019328184 -0.024236776
v  0.16249999 -0.024236776 -0.019328184
v  0.16249999 -0.027930032 -0.013450395
v  0.16249999 -0.030222762 -0.0068981498
v  0.22484887 0.016842116 -0.0021742769
v  0.22602855 0.019568969 -0.0042360127
v  0.22783519 0.021767635 -0.0045279004
v  0.22602855 -0.019568965 -0.0042360127
v  0.22431059 -0.017185245 -0.0041445084
v  0.22114465 9.9730258e-08 -0.00070957839
v  0.19566685 -0.020418718 -0.0051271543
v  0.19538419 -0.019464221 -0.0042481422
v  0.1951014 -0.018509261 -0.0033687055
v  0.19672012 -0.0023451271 -0.002413094
v  0.19619608 -2.7279879e-07 -0.0018892474
v  0.22971147 0.023767356 -0.0050086752
v  0.22783519 -0.021767635 -0.0045279004
v  0.24906257 0.033473115 -0.011556715
v  0.24690375 -0.033050578 -0.0097741298
v  0.16643643 -0.034446552 -0.0057949498
v  0.24051386 -0.030850887 -0.0051494017
v  0.19260615 -0.025569391 -0.0070291385
v  0.19508456 0.018559482 -0.0033162907
v  0.19545919 0.01975223 -0.0044813305
v  0.19566676 0.020413104 -0.0051268525
v  0.19507705 0.018535573 -0.0032929368
v  0.22333446 0.014205503 -0.0023925491
v  0.22333446 -0.014205505 -0.0023925491
v  0.19508278 -0.013754689 -0.0015385039
v  0.22046237 0.0010839134 -0.0022800751
v  0.22971147 -0.023767356 -0.0050086752
v  0.23163508 0.025561783 -0.0056653619
v  0.19508278 0.013754691 -0.0015385039
v  0.19763204 0.0098029925 -0.0033720769
v  0.19206186 0.024369273 -0.0047750957
v  0.22057839 4.4990753e-07 -0.0020489506
v  0.22045574 0.0048881872 -0.0027345717
v  0.21939075 -0.001751867 -0.0039022267
v  0.22045574 -0.0048881853 -0.0027345717
v  0.22195172 0.011420893 -0.0028377101
v  0.22195172 -0.011420892 -0.0028377101
v  0.15503949 -0.03498571 -0.0009999983
v  0.1525 -0.03498571 -0.0009999983
v  0.1525 -0.033921503 -0.0086215809
v  0.15503949 -0.033921503 -0.0086215809
v  0.23358828 0.027152512 -0.0064868778
v  0.23163508 -0.02556178 -0.0056653619
v  0.19946471 -0.016049135 -0.0060001835
v  0.18046574 -0.032233872 -0.0083333366
v  0.19816701 -0.017652921 -0.0056119822
v  0.18980071 -0.029372539 -0.012303255
v  0.18917564 -0.028850798 -0.0091091506
v  0.19839211 -0.0040693404 -0.003935758
v  0.20027736 -0.0058044689 -0.0053534731
v  0.19839211 0.0040693386 -0.0039357617
v  0.19973294 0.011253352 -0.0051882863
v  0.19718701 0.01489682 -0.0038111657
v  0.1984631 -0.013090366 -0.0044743828
v  0.17585297 -0.033217765 -0.0083726607
v  0.22066656 0.008521351 -0.0035010092
v  0.22066656 -0.0085213492 -0.0035010092
v  0.18016449 0.032132778 -0.0052498616
v  0.17563957 0.033416141 -0.0052341931
v  0.18451202 0.030334022 -0.0056376643
v  0.23556398 0.028547894 -0.007465519
v  0.23358828 -0.027152508 -0.0064868778
v  0.19816297 -1.6849064e-07 -0.0037493706
v  0.19823852 9.8231329e-05 -0.0038435124
v  0.17102528 0.034148689 -0.0055463314
v  0.22013448 3.3814882e-07 -0.0027400292
v  0.19602934 -0.021642752 -0.0062543862
v  0.19595742 -0.021399934 -0.0060307682
v  0.19574291 -0.020675521 -0.0053636469
v  0.22431059 0.017185245 -0.0041445084
v  0.25339407 0.033932772 -0.015384026
v  0.24906257 -0.033473112 -0.011556715
v  0.25588703 -0.03399973 -0.0064869486
v  0.21939075 0.0017518654 -0.003902223
v  0.17116763 -0.033693433 -0.0086770728
v  0.22268945 0.014637555 -0.0042599812
v  0.22268945 -0.014637557 -0.0042599812
v  0.18866397 0.028141174 -0.0063755885
v  0.19823852 -9.8225581e-05 -0.0038435124
v  0.19604883 0.021629546 -0.0063150302
v  0.19973294 -0.011253354 -0.0051882863
v  0.16644321 0.034398254 -0.0061029866
v  0.21940844 0.0055462746 -0.004351344
v  0.21809614 -0.0025439607 -0.0053285845
v  0.21940844 -0.0055462765 -0.004351344
v  0.21955135 1.8168664e-07 -0.0036478564
v  0.2375613 0.029757347 -0.0085928626
v  0.23556398 -0.028547894 -0.007465519
v  0.22115454 0.011953774 -0.0045807175
v  0.22115454 -0.011953776 -0.0045807175
v  0.19683783 -0.019202057 -0.0052786209
v  0.19329612 -0.026705354 -0.009812437
v  0.16203934 -0.034811527 -0.0036273003
v  0.19946471 0.016049135 -0.0060001835
v  0.19683783 0.019202065 -0.0052786209
v  0.20238428 0.0075624166 -0.006644778
v  0.20027736 0.005804467 -0.0053534731
v  0.20238428 -0.0075624147 -0.006644778
v  0.19268918 0.025726181 -0.0073674954
v  0.16203924 0.034495477 -0.005921375
v  0.21966918 -0.0091681937 -0.0050931126
v  0.16203921 -0.034363333 -0.0065655187
v  0.16652101 -0.03375382 -0.0091969818
v  0.21870826 1.6678548e-07 -0.0045692027
v  0.19832169 -1.6104006e-07 -0.0038994774
v  0.20201948 0.012724745 -0.0069012418
v  0.19989029 0.0019596843 -0.0051234104
v  0.2005558 3.2675025e-08 -0.0055861697
v  0.20152704 6.2477348e-08 -0.0061203167
v  0.19989029 -0.0019596862 -0.0051234104
v  0.23957989 0.030790139 -0.0098595135
v  0.2375613 -0.029757347 -0.0085928626
v  0.1984736 -1.5358948e-07 -0.0040431507
v  0.21809614 0.0025439588 -0.0053285807
v  0.22481713 0.020282108 -0.0080054365
v  0.22291899 0.018081743 -0.0076902807
v  0.22191939 0.015151153 -0.0059765577
v  0.22291899 -0.01808174 -0.0076902807
v  0.22674207 0.022323046 -0.0084845982
v  0.22481713 -0.020282105 -0.0080054365
v  0.2202197 0.012580107 -0.0061500557
v  0.22191937 -0.015151155 -0.0059765577
v  0.21817355 0.0063214777 -0.005763866
v  0.21660961 -0.0034612985 -0.006535098
v  0.21817355 -0.0063214796 -0.005763866
v  0.19646749 -0.022541571 -0.007616967
v  0.1972768 -0.024201732 -0.010133732
v  0.19666255 -0.022941679 -0.0082235225
v  0.20201948 -0.012724747 -0.0069012381
v  0.20074247 -0.014401522 -0.0064355209
v  0.22868903 0.024189074 -0.0091221631
v  0.22674207 -0.022323042 -0.0084845982
v  0.21808131 1.5188432e-07 -0.0052543357
v  0.21679898 0.0072127609 -0.0069535039
v  0.2202197 -0.012580105 -0.0061500557
v  0.1964619 0.022565488 -0.007599581
v  0.19649191 0.0226244 -0.0076929145
v  0.19675735 0.023145441 -0.0085183606
v  0.19615132 0.021955807 -0.0066337138
v  0.1808392 -0.03202356 -0.011758704
v  0.19046494 -0.029590465 -0.015546374
v  0.23064941 0.025871273 -0.0099094696
v  0.22868903 -0.024189074 -0.0091221631
v  0.21679898 -0.0072127553 -0.0069535039
v  0.20175949 0.003839816 -0.0062808618
v  0.20166087 6.9927928e-08 -0.0061939172
v  0.20175949 -0.0038398178 -0.0062808618
v  0.23957989 -0.030790132 -0.0098595135
v  0.2046835 0.0093568964 -0.0078077056
v  0.17612529 -0.032670952 -0.011790026
v  0.180502 0.032227982 -0.0086828768
v  0.17587744 0.033180181 -0.0087029226
v  0.18496768 0.030778643 -0.0089464188
v  0.21685943 1.7423606e-07 -0.0061775483
v  0.19927394 0.020061124 -0.0077924728
v  0.20183289 -0.020949602 -0.010225374
v  0.21660961 0.0034612967 -0.006535098
v  0.20048919 -0.022130825 -0.010319557
v  0.17118317 0.033633258 -0.0089824721
v  0.2031448 -0.019713446 -0.010156207
v  0.18924439 0.02892511 -0.009467192
v  0.2326148 0.027367387 -0.010837615
v  0.23064941 -0.025871269 -0.0099094696
v  0.21498947 -0.0045025246 -0.0074885227
v  0.17135493 -0.032871328 -0.012035236
v  0.16203921 0.034292888 -0.0068444423
v  0.22104448 -0.0157438 -0.0075387955
v  0.21917845 0.013296376 -0.0075418875
v  0.22104448 0.015743803 -0.0075387955
v  0.20189103 0.017224256 -0.0080993362
v  0.20317079 -0.015739162 -0.0082985051
v  0.20443211 -0.01842941 -0.010106318
v  0.19404443 -0.027570814 -0.012759499
v  0.166529 0.033681009 -0.0094764531
v  0.21534219 0.0082146926 -0.0079111494
v  0.21917845 -0.013296374 -0.0075418875
v  0.21632619 1.8913722e-07 -0.0065804496
v  0.20340988 -0.0019277678 -0.0070915185
v  0.20340988 0.0019277661 -0.0070915185
v  0.20289835 1.1463141e-07 -0.0068744831
v  0.19911151 -0.02325476 -0.010439303
v  0.20385386 0.0057509867 -0.0072939098
v  0.20385385 -0.0057509849 -0.0072939098
v  0.19338268 0.026822899 -0.010156322
v  0.20445269 -0.014227514 -0.008507628
v  0.23458153 0.028681453 -0.011899073
v  0.2326148 -0.027367383 -0.010837615
v  0.25339407 -0.033932772 -0.015384026
v  0.21598321 1.593349e-07 -0.0067520775
v  0.21494713 0.00063871132 -0.0073194988
v  0.21498947 0.0045025228 -0.0074885227
v  0.21494712 -0.00063870562 -0.0073194988
v  0.21309458 -0.0018359543 -0.0079957321
v  0.23852853 0.030794624 -0.014387738
v  0.24051729 0.031613018 -0.01579586
v  0.24252264 0.03228737 -0.017299388
v  0.24051729 -0.031613015 -0.01579586
v  0.16203919 -0.034309775 -0.006916631
v  0.2033221 -0.011036531 -0.0073708855
v  0.2046835 -0.0093568945 -0.0078077056
v  0.21454069 6.2477348e-08 -0.0074739493
v  0.16203915 0.033804748 -0.0090685897
v  0.2051672 1.0323285e-08 -0.0077157281
v  0.20524499 9.0050591e-05 -0.0077382065
v  0.1525 0.027930032 -0.013450395
v  0.16249999 0.027930032 -0.013450395
v  0.1525 -0.027930032 -0.013450395
v  0.1525 -0.031217404 -0.015826359
v  0.20575827 -0.012706452 -0.0087019652
v  0.20575827 0.012706454 -0.0087019652
v  0.20445269 0.014227512 -0.0085076317
v  0.16203913 -0.033547666 -0.0099210516
v  0.16662508 -0.032735441 -0.01248676
v  0.21331276 -0.0056619132 -0.0081751011
v  0.21534219 -0.0082146907 -0.0079111494
v  0.19743115 -0.024518363 -0.010613736
v  0.19741133 -0.024477717 -0.010552116
v  0.20546867 0.0039919419 -0.0078234002
v  0.20546867 -0.0039919401 -0.0078233965
v  0.20524499 -9.0044843e-05 -0.0077382065
v  0.20613866 -0.0077072689 -0.0081674866
v  0.20613867 0.0077072708 -0.0081674866
v  0.21309458 0.0018359526 -0.0079957321
v  0.21437047 4.757619e-08 -0.0075591281
v  0.19751452 0.02463175 -0.010873001
v  0.19743785 0.024481263 -0.010634597
v  0.20711234 -0.011195277 -0.0088488907
v  0.23655151 0.029820863 -0.013085518
v  0.23458153 -0.02868145 -0.011899073
v  0.21331276 0.0056619151 -0.0081751011
v  0.21122059 -0.0031552101 -0.0083701573
v  0.22209221 0.018628877 -0.0092634112
v  0.22119845 -0.019233543 -0.010708835
v  0.22008736 -0.016409926 -0.0089486949
v  0.21385899 0.0093172146 -0.0086454265
v  0.218063 0.014095622 -0.0087596588
v  0.218063 -0.01409562 -0.0087596588
v  0.21250597 2.3384071e-07 -0.0081187636
v  0.19911151 0.023254763 -0.010439303
v  0.2051722 1.0323285e-08 -0.0077175833
v  0.20535144 2.5224447e-08 -0.0077548251
v  0.16203949 0.031263623 -0.015055764
v  0.15503949 0.031263623 -0.015055764
v  0.15503949 0.031533908 -0.01518593
v  0.15503949 -0.03126362 -0.015055764
v  0.16203915 0.03345209 -0.010170721
v  0.16203949 -0.03126362 -0.015055764
v  0.20724155 0.0023073805 -0.0081908815
v  0.20766231 2.1148897e-07 -0.008235015
v  0.20724155 -0.0023073824 -0.0081908815
v  0.1525 0.031533908 -0.01518593
v  0.20183289 0.020949606 -0.010225378
v  0.20711234 0.011195275 -0.0088488944
v  0.20771202 -0.0061095925 -0.0084071383
v  0.20771202 0.0061095906 -0.0084071383
v  0.21165091 -0.0069281729 -0.0086141489
v  0.21385899 -0.0093172127 -0.0086454265
v  0.21122059 0.0031552119 -0.0083701573
v  0.21171878 1.593349e-07 -0.0082113482
v  0.22119845 0.019233543 -0.010708835
v  0.22329795 0.021217491 -0.011315186
v  0.22537291 0.023070287 -0.01204009
v  0.22329795 -0.021217484 -0.011315186
v  0.20443211 0.01842941 -0.010106318
v  0.24252264 -0.03228737 -0.017299388
v  0.20853892 -0.0097145932 -0.0089098029
v  0.20853892 0.0097145913 -0.0089098029
v  0.209411 -0.0045854831 -0.008487951
v  0.21165091 0.006928171 -0.0086141489
v  0.20854801 1.4443374e-07 -0.0082837455
v  0.20915815 0.00071806001 -0.0083679445
v  0.209411 0.004585485 -0.008487951
v  0.20915815 -0.0007180543 -0.0083679445
v  0.21028884 1.7773866e-08 -0.0083795264
v  0.19770031 -0.024325546 -0.010582328
v  0.21012045 3.2675029e-08 -0.0083702654
v  0.20698078 -0.015763953 -0.010013863
v  0.20570606 -0.01710828 -0.010064516
v  0.18124917 -0.031482253 -0.015104875
v  0.21005218 0.0082853837 -0.008845035
v  0.21005218 -0.0082853818 -0.008845035
v  0.22742468 0.024774466 -0.012884483
v  0.22537291 -0.023070287 -0.01204009
v  0.20827222 -0.014412836 -0.0099314414
v  0.20827222 0.014412838 -0.0099314414
v  0.20698078 0.015763957 -0.010013863
v  0.23655151 -0.029820863 -0.013085518
v  0.21239264 0.010506163 -0.0091806501
v  0.15503949 -0.031217404 -0.015826359
v  0.21239264 -0.010506165 -0.0091806501
v  0.21468015 -0.012744677 -0.0094837546
v  0.17643285 -0.031798504 -0.015085053
v  0.18087687 0.031985935 -0.012082279
v  0.18546286 0.030900132 -0.012281243
v  0.20959698 0.013073201 -0.0097880699
v  0.20959698 -0.013073203 -0.0097880699
v  0.17615148 0.032605831 -0.012090452
v  0.21690203 0.014967675 -0.0098142661
v  0.21690203 -0.01496767 -0.0098142661
v  0.21906966 -0.017141141 -0.010213781
v  0.21096897 0.011764455 -0.0095496513
v  0.21096897 -0.011764453 -0.0095496513
v  0.18987042 0.029410463 -0.012650061
v  0.171372 0.032788131 -0.012309622
v  0.19484037 -0.028159656 -0.01582633
v  0.22945267 0.026318211 -0.013845138
v  0.22742468 -0.024774462 -0.012884483
v  0.21337035 -0.013835554 -0.010137163
v  0.17157182 -0.03173507 -0.015249226
v  0.19413261 0.027651493 -0.013101991
v  0.16663395 0.032643389 -0.012736198
v  0.21571772 -0.015899744 -0.010722913
v  0.21207894 -0.014974882 -0.010660678
v  0.21207894 0.01497488 -0.010660678
v  0.21452431 0.016877178 -0.01150709
v  0.21571772 0.015899751 -0.010722913
v  0.24660037 0.03325272 -0.020547803
v  0.24660037 -0.03325272 -0.020547803
v  0.19916247 -0.026564222 -0.015997771
v  0.19827046 -0.025514498 -0.013223819
v  0.19820416 -0.02543648 -0.013017654
v  0.19744079 -0.024538122 -0.010643691
v  0.21800958 -0.017926615 -0.011346471
v  0.23852853 -0.030794621 -0.014387738
v  0.22945267 -0.026318211 -0.013845138
v  0.16203913 -0.033458266 -0.010273475
v  0.21080847 0.016144846 -0.011083934
v  0.21332824 -0.017884206 -0.012190405
v  0.21212934 -0.018904272 -0.012796633
v  0.20955321 0.017327446 -0.011435989
v  0.20704933 0.019664083 -0.01202422
v  0.21092355 -0.019921482 -0.013347432
v  0.20970459 -0.020921521 -0.013861414
v  0.20448488 0.021870743 -0.012574423
v  0.20846517 -0.021891776 -0.014353883
v  0.21452431 -0.016877178 -0.01150709
v  0.20719807 -0.022821464 -0.014836498
v  0.19924983 0.026680443 -0.016269445
v  0.1975666 0.024733979 -0.011034954
v  0.19819888 0.025465142 -0.01300123
v  0.19837227 0.025665645 -0.013540424
v  0.16203913 0.032789882 -0.012240235
v  0.21926306 -0.020577196 -0.013255272
v  0.20589726 -0.023701716 -0.015317012
v  0.20179729 0.023873817 -0.013161261
v  0.16203915 -0.032404326 -0.013179034
v  0.16674702 -0.031410094 -0.01563203
v  0.20455892 -0.0245267 -0.015799113
v  0.20318048 -0.025300082 -0.016285222
v  0.22025168 0.019886624 -0.012035485
v  0.21692033 0.018753659 -0.012362849
v  0.21926306 0.020577196 -0.013255272
v  0.21692033 -0.018753655 -0.012362849
v  0.23343511 0.028908249 -0.016093731
v  0.23343511 -0.028908245 -0.016093731
v  0.21212934 0.018904272 -0.012796633
v  0.20970459 0.020921525 -0.013861418
v  0.21468101 0.020475935 -0.014120512
v  0.25078475 0.033791814 -0.024038408
v  0.18594083 -0.030735247 -0.015276425
v  0.18650296 -0.030253783 -0.018541329
v  0.18169169 -0.030628338 -0.018326126
v  0.20719807 0.022821467 -0.014836498
v  0.17677175 -0.030624744 -0.018219281
v  0.2215497 0.02232207 -0.014203846
v  0.22377849 0.023965109 -0.015221309
v  0.22377849 -0.023965102 -0.015221309
v  0.18128762 0.031418245 -0.015398838
v  0.18599331 0.030702632 -0.015591886
v  0.17646009 0.031711634 -0.015353445
v  0.21824029 -0.021293033 -0.014382072
v  0.21718758 -0.022021104 -0.015430868
v  0.16203916 0.03229199 -0.01339877
v  0.19053432 0.029595587 -0.015876073
v  0.19567271 -0.028468292 -0.018965706
v  0.17158984 0.031634558 -0.015491467
v  0.21718758 0.022021104 -0.015430868
v  0.1718148 -0.030310176 -0.018287059
v  0.20455892 0.024526704 -0.015799116
v  0.19492836 0.028206218 -0.016160861
v  0.16675639 0.03130402 -0.015850831
v  0.19928856 -0.026712611 -0.016389899
v  0.21236357 0.022192191 -0.015631616
v  0.21610621 -0.022748102 -0.016416132
v  0.22806157 0.02687249 -0.017486494
v  0.19896324 0.025672328 -0.013803679
v  0.20175847 -0.026027657 -0.016780358
v  0.23735048 0.030860204 -0.018732563
v  0.23735048 -0.030860204 -0.018732563
v  0.20175847 0.026027661 -0.016780358
v  0.16203915 -0.03226395 -0.013566032
v  0.21963243 0.023516584 -0.016747225
v  0.22291145 -0.02444721 -0.016688507
v  0.21499512 -0.023460995 -0.017351151
v  0.16203919 0.03144655 -0.015366022
v  0.1525 0.02423678 -0.019328184
v  0.16249999 0.02423678 -0.019328184
v  0.1525 -0.024236776 -0.019328184
v  0.1525 -0.027004141 -0.022266034
v  0.16203924 -0.030945171 -0.016307753
v  0.16688427 -0.029799454 -0.018604271
v  0.22806157 -0.026872486 -0.017486494
v  0.21385153 -0.024147529 -0.018247876
v  0.20993885 0.023798812 -0.017014112
v  0.21499512 0.023460995 -0.017351151
v  0.22200307 0.024939131 -0.0180851
v  0.21267143 -0.024796769 -0.019116841
v  0.22200307 -0.024939124 -0.0180851
v  0.20736626 0.025217924 -0.018346589
v  0.21145023 -0.02539961 -0.019967034
v  0.16203949 0.027129557 -0.021635097
v  0.15503949 0.027129557 -0.021635097
v  0.15503949 0.027364101 -0.021822143
v  0.15503949 -0.02712955 -0.021635097
v  0.16203924 0.030822609 -0.016497694
v  0.16203931 0.029778998 -0.018390551
v  0.16203934 0.0290577 -0.019437887
v  0.16203949 -0.02712955 -0.021635097
v  0.16203934 -0.02918487 -0.019276842
v  0.16203924 -0.030738052 -0.016738359
v  0.18216029 -0.02948622 -0.021383248
v  0.18708982 -0.029474374 -0.021689825
v  0.1525 0.027364101 -0.021822143
v  0.1771363 -0.029178306 -0.021160591
v  0.19188005 -0.029126149 -0.021977145
v  0.19116065 -0.029506255 -0.018787943
v  0.21018322 -0.02594953 -0.020805541
v  0.18173003 0.030543607 -0.018588234
v  0.17679925 0.03052194 -0.018454649
v  0.25078475 -0.033791814 -0.024038408
v  0.18655473 0.030195873 -0.018828459
v  0.22006823 0.025908384 -0.020703338
v  0.22006823 -0.025908381 -0.020703338
v  0.17183313 0.030197855 -0.018497016
v  0.19652998 -0.028495952 -0.022128236
v  0.19122857 0.029482577 -0.019095421
v  0.21267143 0.024796773 -0.019116845
v  0.17207891 -0.028624918 -0.021122292
v  0.20886582 -0.02644353 -0.021636769
v  0.20461278 0.026426908 -0.019670114
v  0.2003361 -0.027245708 -0.019647524
v  0.20011733 -0.027134381 -0.018967226
v  0.19965436 -0.026898764 -0.017527435
v  0.15503949 -0.027004141 -0.022266034
v  0.16689377 0.029684369 -0.018792618
v  0.19575886 0.028483856 -0.019286256
v  0.2321267 0.029207129 -0.020058233
v  0.2321267 -0.029207125 -0.020058233
v  0.19965459 0.026898589 -0.017528202
v  0.20022155 0.027204145 -0.019291319
v  0.2074935 -0.026878435 -0.022466104
v  0.22649486 -0.027483482 -0.020866375
v  0.16703348 -0.027927212 -0.021378856
v  0.21018322 0.025949534 -0.020805545
v  0.2438736 0.033087093 -0.029152218
v  0.23603992 0.030970294 -0.022899553
v  0.23991644 0.032230783 -0.025951974
v  0.23991644 -0.03223078 -0.025951974
v  0.21797116 -0.026782259 -0.02314759
v  0.23066066 0.029538643 -0.023812216
v  0.22649486 0.027483482 -0.020866375
v  0.23066066 -0.029538639 -0.023812216
v  0.18264696 -0.028084353 -0.024243455
v  0.17751938 -0.027490307 -0.023883358
v  0.18769206 -0.028418843 -0.024681833
v  0.2074935 0.026878435 -0.022466104
v  0.1821976 0.029386412 -0.021612495
v  0.17716327 0.029065128 -0.021363031
v  0.17209688 0.028505947 -0.021300714
v  0.19261271 -0.028462496 -0.025067523
v  0.18713978 0.029396448 -0.021946236
v  0.17235807 -0.026708744 -0.023734145
v  0.23603992 -0.03097029 -0.022899553
v  0.19740051 -0.028245185 -0.025263868
v  0.1670427 0.027807813 -0.021537639
v  0.19194539 0.02907807 -0.02225839
v  0.20137036 -0.027772047 -0.022863835
v  0.20109828 -0.027633585 -0.022017732
v  0.19661286 0.028483938 -0.022429507
v  0.21568741 -0.02747266 -0.025483876
v  0.21797116 0.026782263 -0.02314759
v  0.16203935 -0.028895903 -0.019749124
v  0.20219274 0.027716015 -0.025421306
v  0.2011994 0.027731147 -0.02233221
v  0.20033316 0.027264293 -0.019638382
v  0.1525 0.019328188 -0.024236776
v  0.16249999 0.019328188 -0.024236776
v  0.1525 -0.019328184 -0.024236776
v  0.1525 -0.021485399 -0.02762929
v  0.16203941 0.027799968 -0.021264125
v  0.20456649 0.027551536 -0.024149373
v  0.20456649 -0.027551532 -0.024149373
v  0.16203944 -0.027140807 -0.022057537
v  0.16719067 -0.025818072 -0.023935247
v  0.23459283 0.03109305 -0.026900381
v  0.24799263 0.033630889 -0.032444935
v  0.2438736 -0.03308709 -0.029152218
v  0.22476277 0.028082926 -0.024029527
v  0.22476277 -0.028082922 -0.024029527
v  0.21317525 -0.027896293 -0.027768984
v  0.21568741 0.027472664 -0.02548388
v  0.22903842 0.029846247 -0.027383253
v  0.22903842 -0.029846247 -0.027383253
v  0.1779128 -0.025592517 -0.026368551
v  0.18314259 -0.026453406 -0.026880614
v  0.16203944 0.027012553 -0.022189967
v  0.1723751 0.026587795 -0.023882531
v  0.17754504 0.027371872 -0.024053894
v  0.18268235 0.027974848 -0.024439938
v  0.17264542 -0.024590749 -0.026107587
v  0.18829943 -0.027112655 -0.027483139
v  0.16719927 0.025698636 -0.024065971
v  0.18773924 0.028326165 -0.02490633
v  0.16203949 0.021635097 -0.027129553
v  0.15503949 0.021635097 -0.027129553
v  0.15503949 0.021822143 -0.027364101
v  0.15503949 -0.021635097 -0.027129553
v  0.16203949 0.025451507 -0.024025429
v  0.16203949 0.024716582 -0.024737533
v  0.16203949 -0.021635097 -0.027129553
v  0.16203949 -0.024833698 -0.024623588
v  0.16203946 -0.02675622 -0.022563368
v  0.19334659 -0.027532369 -0.028017566
v  0.1525 0.021822143 -0.027364101
v  0.19267428 0.02839474 -0.025319859
v  0.19827075 -0.027723044 -0.028325319
v  0.20220377 -0.02772307 -0.025455557
v  0.20209628 -0.027729385 -0.025121339
v  0.19747877 0.028209362 -0.025541559
v  0.15503949 -0.021485399 -0.02762929
v  0.21317525 0.027896296 -0.027768984
v  0.21039692 0.027949903 -0.030046312
v  0.20749763 0.027726825 -0.027155347
v  0.16735141 -0.023496751 -0.026257135
v  0.23300451 -0.03117964 -0.03075058
v  0.22286268 0.028589401 -0.027025182
v  0.22286268 -0.028589401 -0.027025182
v  0.1783078 -0.023515552 -0.028603896
v  0.23300451 0.03117964 -0.030750582
v  0.17266099 0.024471883 -0.026228063
v  0.17793648 0.02547336 -0.026509006
v  0.1836375 -0.024624445 -0.029275464
v  0.17293359 -0.02229809 -0.02823348
v  0.25507605 0.033994835 -0.027677279
v  0.25600001 0.034000043 -0.028657507
v  0.22725542 -0.030053169 -0.030801479
v  0.22725542 0.030053172 -0.030801481
v  0.25230005 0.033926267 -0.035786256
v  0.24799263 -0.033630889 -0.032444935
v  0.25507605 -0.033994831 -0.027677279
v  0.18317531 0.026339132 -0.027045391
v  0.16735911 0.023381095 -0.026361845
v  0.20300415 -0.027778093 -0.025019854
v  0.20890218 -0.027800605 -0.031189611
v  0.21039692 -0.027949903 -0.030046312
v  0.20220415 0.027715836 -0.025456782
v  0.20290624 0.027705137 -0.027640115
v  0.1525 0.013450394 -0.027930036
v  0.16249999 0.013450394 -0.027930036
v  0.1525 -0.013450396 -0.027930036
v  0.1525 -0.014927973 -0.031656839
v  0.18890117 -0.025583275 -0.030065741
v  0.18834296 0.027010258 -0.027675614
v  0.16203949 -0.024357542 -0.025133848
v  0.1940694 -0.026355941 -0.03079058
v  0.1620395 0.023210894 -0.026196469
v  0.19340336 0.027449671 -0.028239436
v  0.20290622 -0.027681787 -0.02764006
v  0.19912656 -0.026940141 -0.031268563
v  0.16203952 -0.022278178 -0.026941419
v  0.16751111 -0.020987131 -0.028332502
v  0.2034604 -0.027649216 -0.02936345
v  0.20310007 -0.027670391 -0.028242897
v  0.19834316 0.027667467 -0.028576296
v  0.25600001 -0.033999879 -0.028464004
v  0.22077972 -0.028903618 -0.029898437
v  0.22077972 0.028903622 -0.029898437
v  0.20318979 0.027700815 -0.028521921
v  0.236857 0.032156643 -0.034091815
v  0.2407923 0.032877315 -0.037370246
v  0.236857 -0.032156639 -0.034091815
v  0.17869538 -0.021287017 -0.030583968
v  0.16203952 0.022166785 -0.027030323
v  0.17294729 0.022184748 -0.028328668
v  0.17832895 0.023399536 -0.028716721
v  0.17321511 -0.019854832 -0.030108714
v  0.16751772 0.020878602 -0.028413657
v  0.18412183 -0.022627074 -0.031415805
v  0.18366688 0.024509747 -0.029410399
v  0.18948649 -0.023858536 -0.032408223
v  0.16203953 -0.021499276 -0.027618513
v  0.22530052 0.030062582 -0.034096099
v  0.22530052 -0.030062579 -0.034096099
v  0.16203955 0.020414691 -0.02842959
v  0.18894033 0.025475789 -0.030227058
v  0.16203949 0.015055764 -0.03126362
v  0.15503949 0.015055764 -0.03126362
v  0.15503949 0.015185933 -0.031533908
v  0.15503949 -0.015055765 -0.03126362
v  0.16203956 0.019413542 -0.029073291
v  0.16203949 -0.015055765 -0.03126362
v  0.16203956 -0.019516032 -0.029006978
v  0.20435426 0.027687158 -0.029197972
v  0.20733766 0.027514402 -0.032335799
v  0.1525 0.015185933 -0.031533908
v  0.23126869 0.031161424 -0.034465685
v  0.23126869 -0.03116142 -0.034465685
v  0.19476902 -0.024955265 -0.033355251
v  0.16766563 -0.018312212 -0.030152351
v  0.15503949 -0.014927973 -0.031656839
v  0.20733766 -0.027514398 -0.032335799
v  0.19412056 0.026262861 -0.03098149
v  0.25600001 0.034000058 -0.038633529
v  0.25230005 -0.033926267 -0.035786256
v  0.25600001 -0.034000013 -0.032951158
v  0.21847662 0.028915007 -0.032701652
v  0.21847662 -0.028915007 -0.032701652
v  0.1525 0.0068981526 -0.030222766
v  0.1525 -0.0068981471 -0.030222766
v  0.1525 -0.007648875 -0.034153983
v  0.199954 -0.025909644 -0.034053102
v  0.17906672 -0.018929999 -0.032310531
v  0.19919209 0.026868898 -0.031490739
v  0.2042982 -0.027123667 -0.031968869
v  0.20408246 -0.027258996 -0.031297978
v  0.17322665 0.019749869 -0.030181587
v  0.17871362 0.021177296 -0.030672099
v  0.17348309 -0.017281763 -0.031734411
v  0.16767104 0.018213701 -0.030212646
v  0.20330189 0.027699109 -0.028870506
v  0.20356341 0.027550574 -0.029683758
v  0.20416425 0.027209293 -0.031552281
v  0.18458606 -0.020487607 -0.033296715
v  0.18414746 0.022515614 -0.031523425
v  0.16203958 -0.018595446 -0.029651482
v  0.16203959 0.017392892 -0.030372489
v  0.24493778 0.033417877 -0.040575054
v  0.2407923 -0.032877315 -0.037370246
v  0.19004513 -0.021965027 -0.034496084
v  0.18952081 0.02375007 -0.032540072
v  0.16203961 -0.016555902 -0.0307763
v  0.1678116 -0.015493602 -0.031708911
v  0.22315085 0.029758383 -0.03729751
v  0.22315085 -0.029758379 -0.03729751
v  0.21027428 0.027416762 -0.035323121
v  0.21310709 0.027396847 -0.038156912
v  0.21591827 0.02847499 -0.035464976
v  0.21591827 -0.02847499 -0.035464976
v  0.21310709 -0.027396847 -0.038156912
v  0.19543397 -0.023353044 -0.035686236
v  0.1794136 -0.016462788 -0.033791032
v  0.17373209 -0.014595882 -0.033112179
v  0.17349242 0.017187495 -0.031787999
v  0.17908183 0.018829081 -0.032377239
v  0.16781583 0.01540755 -0.031751219
v  0.16203961 0.016473684 -0.030837746
v  0.1525 0.0077882363 -0.034122474
v  0.1525 2.8726976e-09 -0.030999999
v  0.1525 2.8726976e-09 -0.035
v  0.194814 0.024856064 -0.033515681
v  0.18502128 -0.018227406 -0.034921188
v  0.18460768 0.020382348 -0.033380046
v  0.23513883 -0.03200236 -0.037983224
v  0.23513883 0.032002363 -0.037983224
v  0.16203962 -0.01515646 -0.031548098
v  0.20074001 -0.024646614 -0.036642808
v  0.22937649 -0.030952133 -0.038059726
v  0.22937649 0.030952137 -0.038059726
v  0.16203962 0.014176982 -0.032000218
v  0.20001198 0.025826778 -0.034245428
v  0.16203949 0.0077214791 -0.033829998
v  0.15503949 0.0077214791 -0.033829998
v  0.15503949 0.0077882363 -0.034122474
v  0.15503949 -0.0077214772 -0.033829998
v  0.16203962 0.013375196 -0.032306947
v  0.16203962 0.010800968 -0.033291742
v  0.16203961 0.010147545 -0.033466917
v  0.16203949 -0.0077214772 -0.033829998
v  0.16203962 -0.01344248 -0.032256298
v  0.16203961 -0.010200263 -0.03342846
v  0.16203962 -0.011532859 -0.033045333
v  0.20544936 -0.026401538 -0.035548832
v  0.20504349 -0.026656136 -0.034286659
v  0.20494457 -0.026718199 -0.03397898
v  0.20570648 -0.027078461 -0.033481263
v  0.19056779 -0.019926459 -0.036322121
v  0.20494714 0.026764613 -0.033986885
v  0.20512049 0.026666153 -0.03452595
v  0.19007432 0.021859083 -0.034600861
v  0.16794674 -0.012552121 -0.032995369
v  0.15503949 -0.007648875 -0.034153983
v  0.17395854 -0.011811738 -0.034243494
v  0.17972958 -0.013898742 -0.035033509
v  0.16794986 0.012480612 -0.033022717
v  0.17373924 0.014514203 -0.033149488
v  0.17942555 0.016372632 -0.033839587
v  0.1854191 -0.015862398 -0.036299489
v  0.20841521 0.026661087 -0.036754113
v  0.20684268 0.026497949 -0.036080506
v  0.20544936 0.026401538 -0.035548832
v  0.2052179 0.026610818 -0.034828905
v  0.21177687 -0.02704766 -0.038241316
v  0.20927505 -0.026737105 -0.037105262
v  0.20992015 -0.026793689 -0.037367713
v  0.18503882 0.018130664 -0.034983631
v  0.19605394 -0.021571424 -0.037764706
v  0.24933535 0.033791278 -0.043715201
v  0.24493778 -0.033417877 -0.040575054
v  0.19547248 0.023251597 -0.03581753
v  0.22079097 -0.028983492 -0.040408552
v  0.22079097 0.028983492 -0.040408552
v  0.25600001 -0.034000028 -0.038539711
v  0.16807008 -0.009508756 -0.034005817
v  0.17416129 -0.0089432681 -0.035129637
v  0.16807221 0.0094535006 -0.034021355
v  0.17396371 0.011744226 -0.0342675
v  0.18001084 -0.011248064 -0.036045562
v  0.17973857 0.013820897 -0.035067018
v  0.19104634 -0.017762139 -0.037887421
v  0.20147265 -0.023167338 -0.039006792
v  0.19059184 0.019825909 -0.036402754
v  0.16203958 -0.0077786865 -0.034124669
v  0.16818227 -0.0063856253 -0.034735236
v  0.16203958 0.0073009161 -0.034230068
v  0.20079003 0.024556007 -0.036805235
v  0.18577319 -0.013403458 -0.037443217
v  0.16203949 2.872699e-09 -0.034699999
v  0.15503949 2.8726981e-09 -0.034699999
v  0.15503949 2.8726981e-09 -0.035
v  0.16203958 0.0068213521 -0.034306597
v  0.16203952 0.0037159128 -0.034802191
v  0.16203952 0.0034281788 -0.034817509
v  0.16203952 -0.0034480626 -0.034805316
v  0.16203953 -0.0039399648 -0.034777537
v  0.16203958 -0.0068585882 -0.034281153
v  0.18543267 0.015775967 -0.03634445
v  0.17434211 -0.0060056085 -0.035771608
v  0.16818358 0.0063479869 -0.034742225
v  0.17416477 0.0088912575 -0.035143279
v  0.20660841 -0.025029607 -0.039153118
v  0.20595679 -0.02580091 -0.037126776
v  0.23909827 0.032672819 -0.041329097
v  0.23909827 -0.032672819 -0.041329097
v  0.22732036 0.030444097 -0.041537415
v  0.22732036 -0.030444097 -0.041537415
v  0.18025677 -0.0085200826 -0.036834307
v  0.20601238 0.025669653 -0.03729967
v  0.1800172 0.011183838 -0.036066983
v  0.16828592 -0.0032069469 -0.03517947
v  0.23329054 0.031676974 -0.041755155
v  0.23329054 -0.031676967 -0.041755155
v  0.19662023 -0.019630764 -0.039578948
v  0.19608594 0.021471117 -0.037868973
v  0.16203949 2.872699e-09 -0.035000019
v  0.17450623 -0.0030168751 -0.036170021
v  0.16828655 0.0031878753 -0.035181262
v  0.17434421 0.0059702126 -0.035777811
v  0.16837782 1.032328e-08 -0.03544851
v  0.19147317 -0.01548623 -0.039201811
v  0.19106539 0.017669264 -0.037947308
v  0.18608041 -0.010858421 -0.038364064
v  0.18578316 0.013328764 -0.037473895
v  0.18047068 -0.0057255076 -0.037406322
v  0.18026096 0.0084706275 -0.036846459
v  0.17054541 1.0323281e-08 -0.035601888
v  0.17463449 1.0323281e-08 -0.036459915
v  0.17450725 0.002998936 -0.036171678
v  0.21257648 0.027155098 -0.038614575
v  0.21178481 0.027035024 -0.03822799
v  0.2112765 0.026957925 -0.037979785
v  0.21445209 -0.027416859 -0.039503623
v  0.21799357 0.02804913 -0.041333504
v  0.2161774 0.02770127 -0.040372927
v  0.2021417 -0.021488689 -0.041120231
v  0.1806604 -0.0028787078 -0.037767604
v  0.18047315 0.0056918217 -0.037411891
v  0.24933535 -0.033791274 -0.043715201
v  0.25600001 -0.034000039 -0.041457616
v  0.20151465 0.023072649 -0.039140195
v  0.18634139 -0.0082344422 -0.039073884
v  0.18608728 0.010796706 -0.038383458
v  0.18066157 0.0028616069 -0.037769165
v  0.17886911 1.0323282e-08 -0.037348486
v  0.19184303 -0.013108593 -0.040277824
v  0.19712587 -0.017548393 -0.041125618
v  0.19148757 0.015402849 -0.039244425
v  0.19664596 0.019534502 -0.039658904
v  0.2075876 -0.02324779 -0.042198192
v  0.20681313 -0.024688449 -0.039789714
v  0.20666701 -0.024960261 -0.039335299
v  0.21288334 0.025871906 -0.041977905
v  0.20660128 0.024904143 -0.039130937
v  0.20686403 0.024562586 -0.039948024
v  0.18656133 -0.0055403681 -0.039584812
v  0.18634577 0.00818682 -0.039084785
v  0.2251008 0.029508512 -0.04488695
v  0.2251008 -0.029508509 -0.04488695
v  0.1808106 1.0323282e-08 -0.038007203
v  0.21231753 -0.026559405 -0.040017363
v  0.18656386 0.005507852 -0.039589804
v  0.1921542 -0.010636811 -0.041129507
v  0.19185331 0.013036209 -0.040306468
v  0.20273897 -0.019627418 -0.042965211
v  0.1869195 1.0323283e-08 -0.040079851
v  0.20217586 0.021393273 -0.041226324
v  0.19756475 -0.015337785 -0.042411119
v  0.19714575 0.017458584 -0.041184545
v  0.21232107 0.026555907 -0.040029157
v  0.23729779 0.032328609 -0.045178127
v  0.23729779 -0.032328606 -0.045178127
v  0.23131397 0.031091619 -0.045398246
v  0.23131397 -0.031091619 -0.045398246
v  0.21454243 0.027453285 -0.03957456
v  0.21438088 -0.027403854 -0.039466523
v  0.21257305 -0.027156569 -0.038615927
v  0.19240911 -0.0080783302 -0.041772731
v  0.19216107 0.01057675 -0.041147284
v  0.25770032 -0.033883013 -0.055383414
v  0.25970006 -0.03374533 -0.055383414
v  0.25600001 0.034000065 -0.041149758
v  0.20772225 -0.022997346 -0.042616889
v  0.19261517 -0.0054425979 -0.042225517
v  0.20763072 0.023168068 -0.042332299
v  0.2071746 0.024158861 -0.040913813
v  0.21287672 -0.02588122 -0.041954823
v  0.19793335 -0.013009676 -0.043446593
v  0.19757935 0.015256445 -0.04245251
v  0.21798551 -0.028062105 -0.041344404
v  0.21846408 0.027633067 -0.043216098
v  0.20325857 -0.01759943 -0.044532098
v  0.18730882 1.0323283e-08 -0.040211942
v  0.19261752 0.0054107411 -0.042229917
v  0.19290081 1.0323284e-08 -0.042729557
v  0.20276579 0.019534331 -0.043046445
v  0.21846092 -0.02763629 -0.043203641
v  0.21894205 -0.026950266 -0.045230802
v  0.19823186 -0.010573742 -0.044247057
v  0.19794343 0.012938547 -0.043473877
v  0.21938537 0.028315712 -0.042069629
v  0.22497293 0.029454429 -0.04502409
v  0.22209474 0.02883466 -0.043502625
v  0.21938355 -0.028317407 -0.042072736
v  0.22109383 -0.028629728 -0.042963728
v  0.24154969 0.032944147 -0.048365213
v  0.24609651 0.033481169 -0.051361509
v  0.24154969 -0.032944147 -0.048365213
v  0.20872515 -0.020398412 -0.045735732
v  0.20829378 -0.021691389 -0.044394244
v  0.20824884 -0.021826085 -0.044254489
v  0.20808026 -0.022331383 -0.043730237
v  0.20369616 -0.015419153 -0.045821268
v  0.19846487 -0.0080402391 -0.044831991
v  0.19846869 0.0079940883 -0.044840731
v  0.19823833 0.010514389 -0.044263531
v  0.25600001 0.034000073 -0.048112322
v  0.25395563 0.03398047 -0.046798464
v  0.20327872 0.017511364 -0.044591565
v  0.20826779 0.021784294 -0.044313408
v  0.20834005 0.02162734 -0.044538114
v  0.20772929 0.022953983 -0.042638801
v  0.25395563 -0.03398047 -0.046798464
v  0.25600001 -0.034000058 -0.048074279
v  0.22595471 0.029665839 -0.045543075
v  0.22598206 -0.029676542 -0.045561887
v  0.23539449 0.031772967 -0.048902731
v  0.23539449 -0.031772964 -0.048902731
v  0.19864202 -0.0054216431 -0.045225929
v  0.21339069 -0.025013614 -0.043829434
v  0.21937408 -0.02599667 -0.047149651
v  0.21339957 0.024996195 -0.043862641
v  0.21894778 0.02694032 -0.045254771
v  0.19864403 0.005389954 -0.045229685
v  0.19637322 1.0323284e-08 -0.044292897
v  0.20405032 -0.013100461 -0.046840433
v  0.20371048 0.015338491 -0.045862451
v  0.21385285 -0.023949418 -0.045628972
v  0.21386352 0.023921352 -0.04567131
v  0.22496833 -0.02945945 -0.045023076
v  0.2091912 -0.019001525 -0.04718503
v  0.20890537 -0.019858249 -0.046296161
v  0.20874366 0.020365473 -0.045793299
v  0.20892064 0.019743118 -0.046343658
v  0.20919341 0.018783893 -0.047191907
v  0.20845722 0.021372829 -0.044902489
v  0.23055516 -0.030253172 -0.049942479
v  0.2308179 -0.029388174 -0.052128121
v  0.23055716 0.030249681 -0.049956363
v  0.20432346 -0.01065771 -0.047604527
v  0.20405982 0.013029347 -0.046866935
v  0.2509146 0.033855665 -0.054211132
v  0.24609651 -0.033481166 -0.051361509
v  0.21427014 -0.022691138 -0.047328632
v  0.21975115 -0.024806567 -0.04894945
v  0.21938151 0.02597725 -0.047183275
v  0.20452231 -0.0081066051 -0.048136558
v  0.20432925 0.010598051 -0.047619931
v  0.19886667 1.0323284e-08 -0.045622669
v  0.21428217 0.022650372 -0.047377944
v  0.21464981 -0.021241918 -0.048903506
v  0.20956628 -0.017128855 -0.048351441
v  0.20941967 -0.017860852 -0.04789551
v  0.20950243 0.017697204 -0.048152883
v  0.20946603 0.017825227 -0.048039671
v  0.20465848 -0.0054651434 -0.048468508
v  0.21057016 0.0088606579 -0.051473305
v  0.21058485 0.0082144318 -0.051518984
v  0.21064606 0.0055207638 -0.051709376
v  0.21041247 0.010786708 -0.050982911
v  0.23973 0.032464143 -0.052077014
v  0.239733 -0.032462027 -0.052071009
v  0.20478107 1.0323285e-08 -0.048776872
v  0.2310589 -0.028075539 -0.054039434
v  0.23082127 0.02937473 -0.052153096
v  0.23091231 0.030733373 -0.048163746
v  0.23029622 0.030600708 -0.047838069
v  0.22996953 0.03053036 -0.047665372
v  0.22996652 -0.030529812 -0.047679689
v  0.23018037 -0.030575607 -0.047793347
v  0.23029147 -0.030598771 -0.047846589
v  0.22008392 -0.023410134 -0.050616596
v  0.21975982 0.024775241 -0.048991397
v  0.21466301 0.021185856 -0.048957996
v  0.20993057 -0.015310057 -0.049484298
v  0.20985506 -0.015686996 -0.049249515
v  0.20985021 0.015581484 -0.049234401
v  0.20960248 0.017088603 -0.048463989
v  0.21499602 -0.019594885 -0.050337423
v  0.21500991 0.019521262 -0.050394308
v  0.25600001 0.03400008 -0.055383414
v  0.25273216 0.033927511 -0.055227589
v  0.25274637 -0.033931069 -0.055234976
v  0.2509146 -0.033855662 -0.054211132
v  0.21017486 -0.013291464 -0.050244004
v  0.21017018 -0.013334912 -0.050229434
v  0.20998827 -0.015021936 -0.049663756
v  0.21021487 0.013200196 -0.050368402
v  0.20991942 0.015160399 -0.049449656
v  0.21018828 0.013524781 -0.05028576
v  0.21020694 0.013297017 -0.050343752
v  0.23106343 0.02804881 -0.054071553
v  0.22553672 0.025613103 -0.052424368
v  0.22038311 -0.021827333 -0.052137256
v  0.22009355 0.023365241 -0.050664589
v  0.21046217 -0.010626868 -0.051137473
v  0.21043593 -0.010870234 -0.051055867
v  0.23479526 -0.031537693 -0.05000481
v  0.21530381 -0.017765578 -0.051594019
v  0.25600001 -0.03400008 -0.055383414
v  0.25752392 -0.033895157 -0.055383414
v  0.25969967 0.03374536 -0.055383414
v  0.25770012 0.033883031 -0.055383414
v  0.25752389 0.033895161 -0.055383414
v  0.21068133 -0.0055617103 -0.051819053
v  0.210565 -0.0082504833 -0.051457245
v  0.21053053 -0.0090468982 -0.051350076
v  0.23480088 0.031533707 -0.049992647
v  0.2366522 0.031530883 -0.052984796
v  0.24125813 -0.032735046 -0.052637495
v  0.24280795 -0.032954343 -0.053147864
v  0.23974787 -0.032464724 -0.052076984
v  0.24492544 0.033265423 -0.053821292
v  0.24280731 0.032955762 -0.053151336
v  0.24100465 0.03269222 -0.052581158
v  0.2397456 0.032466937 -0.052083187
v  0.21531762 0.017673496 -0.051649444
v  0.2107219 1.0323285e-08 -0.051945165
v  0.21069115 -0.004584522 -0.051849578
v  0.21068521 -0.0054724487 -0.051831067
v  0.21071902 0.0023109643 -0.051936246
v  0.21067184 0.0043870537 -0.051789507
v  0.23649335 -0.031874381 -0.050769091
v  0.23585398 -0.031758409 -0.050512154
v  0.2366029 0.031904589 -0.050840195
v  0.23648649 0.031880636 -0.050785445
v  0.22065522 -0.02005887 -0.053504437
v  0.2255297 -0.025649223 -0.05238438
v  0.22579609 -0.024060383 -0.053950131
v  0.22039358 0.021766644 -0.052189548
v  0.22111806 0.015946392 -0.05571264
v  0.22110756 -0.016061261 -0.055665754
v  0.23665078 -0.031534672 -0.052970402
v  0.2368034 -0.030561853 -0.055204205
v  0.22128132 -0.013897386 -0.056429852
v  0.22089823 -0.018124115 -0.054689549
v  0.2212908 0.013764354 -0.056469351
v  0.22066626 0.019980472 -0.053558398
v  0.22603719 -0.022308491 -0.055344816
v  0.22580393 0.024010014 -0.053994648
v  0.2215292 0.0091907782 -0.057391185
v  0.22152284 -0.009358217 -0.057370175
v  0.24494281 0.033267315 -0.053825323
v  0.24928311 0.033714022 -0.054776534
v  0.2486559 0.033671644 -0.054687075
v  0.24601953 0.033384558 -0.054075211
v  0.25058153 0.033801746 -0.054961741
v  0.24601819 -0.033385433 -0.054077115
v  0.24886276 -0.033689771 -0.054725308
v  0.24494493 -0.033265483 -0.053820994
v  0.24507764 -0.033284806 -0.053862792
v  0.24928118 -0.033717137 -0.054783083
v  0.22163838 -0.0046976591 -0.057695296
v  0.22164118 0.0045009209 -0.057699881
v  0.22090928 0.018027391 -0.054741576
v  0.22168715 -3.2495285e-07 -0.05768637
v  0.24097928 -0.032688092 -0.052571855
v  0.24287619 0.032621864 -0.05543552
v  0.23695314 -0.029061716 -0.057079036
v  0.22625729 -0.020400412 -0.056577086
v  0.2368056 0.030546505 -0.055229265
v  0.22604576 0.022242237 -0.055392344
v  0.23149714 -0.024664283 -0.057113029
v  0.2312849 -0.026464779 -0.055689394
v  0.23129052 0.026423302 -0.055726457
v  0.24287522 -0.03262588 -0.055420905
v  0.24293727 -0.031575229 -0.057668403
v  0.22645468 -0.018356718 -0.057631463
v  0.22626634 0.020316806 -0.056625403
v  0.24605919 0.033055659 -0.056362223
v  0.24605839 -0.033059731 -0.05634765
v  0.23169437 -0.022732936 -0.058341172
v  0.23150362 0.024608005 -0.057152811
v  0.23711313 -0.02724063 -0.058620129
v  0.23695636 0.029031258 -0.057109773
v  0.24930161 0.033393484 -0.057046086
v  0.25230131 0.033917945 -0.055207044
v  0.25260743 0.033924747 -0.05522164
v  0.25058115 -0.033802163 -0.054962587
v  0.25245878 -0.033924967 -0.055221852
v  0.2526063 -0.033928096 -0.055228584
v  0.22662582 -0.016213279 -0.058491558
v  0.2493009 -0.033397544 -0.057031669
v  0.22646378 0.018255498 -0.05767753
v  0.25261253 0.033619184 -0.057454295
v  0.25261182 -0.033623159 -0.057440177
v  0.24301049 -0.029939294 -0.059495147
v  0.24293853 0.031558502 -0.057693239
v  0.25600013 -0.033839885 -0.056894593
v  0.23187621 -0.020682514 -0.059401218
v  0.25600016 0.033848848 -0.056892119
v  0.25770396 0.033956539 -0.055533655
v  0.25743666 0.033705998 -0.05753085
v  0.25770417 -0.033956528 -0.055533733
v  0.25743684 -0.033705976 -0.05753091
v  0.2596522 -0.033753879 -0.056418426
v  0.25965181 0.033753935 -0.056418274
v  0.26314023 0.032941449 -0.057780225
v  0.26339504 0.033179488 -0.055770531
v  0.26339579 -0.033179309 -0.055770814
v  0.26314095 -0.03294123 -0.057780463
v  0.26667818 -0.032160304 -0.056926496
v  0.26667717 0.032160696 -0.05692618
v  0.26964799 0.030830618 -0.057770543
v  0.26987016 0.031036008 -0.055728193
v  0.26964924 -0.030829977 -0.057770852
v  0.26987144 -0.031035408 -0.055728558
v  0.27269748 -0.029560052 -0.056427889
v  0.27529851 0.027862567 -0.056903634
v  0.27269599 0.029560935 -0.056427568
v  0.27530017 -0.027861364 -0.056903884
v  0.27771029 -0.025970064 -0.05718727
v  0.27770847 0.02597161 -0.057187121
v  0.27994311 -0.023901515 -0.057293408
v  0.2799412 0.023903441 -0.057293393
v  0.28200436 -0.021661367 -0.057227947
v  0.28200236 0.021663714 -0.057228103
v  0.28388909 -0.019244689 -0.056985956
v  0.28388706 0.019247506 -0.056986332
v  0.28558072 0.016640265 -0.056553531
v  0.28705645 -0.013809294 -0.055899929
v  0.28558269 -0.016636916 -0.056552868
v  0.28705463 0.013813267 -0.055900976
v  0.28682661 0.013602029 -0.057937477
v  0.28815296 0.010627489 -0.057137374
v  0.28815472 -0.010622949 -0.057135999
v  0.28682858 -0.013598193 -0.05793656
v  0.28917974 -0.00734659 -0.056034327
v  0.28917843 0.0073520346 -0.056036361
v  0.28891608 -0.0070996964 -0.058035161
v  0.28891447 0.0071048541 -0.058036912
v  0.28973103 0.0036205156 -0.056727011
v  0.28973201 -0.0036142441 -0.056724396
v  0.28994864 0.0016876861 -0.055881407
v  0.28999114 1.2953258e-07 -0.055818941
v  0.23170155 0.022660885 -0.058382496
v  0.25924423 0.03336313 -0.058275204
v  0.22676924 -0.013991957 -0.059159797
v  0.23727755 -0.025244229 -0.059889078
v  0.22663455 0.016094748 -0.058532726
v  0.23711751 0.027194161 -0.058653899
v  0.27238449 0.02926622 -0.058380581
v  0.27238595 -0.029265296 -0.058380857
v  0.26625779 0.031758104 -0.058771323
v  0.26625878 -0.031757671 -0.058771592
v  0.2899394 -4.183077e-08 -0.056194294
v  0.28966352 0.0014193311 -0.057860784
v  0.28527072 -0.016341735 -0.058505416
v  0.28526866 0.016344991 -0.058505997
v  0.28774017 -0.010225185 -0.058985963
v  0.28773823 0.010229538 -0.058987159
v  0.28957373 -0.0034643458 -0.057698362
v  0.28979391 -5.4101969e-07 -0.05725034
v  0.24608718 -0.031991307 -0.058585849
v  0.24608813 0.031974237 -0.05861045
v  0.26253796 0.032355946 -0.059442457
v  0.26253864 -0.032355696 -0.059442662
v  0.25924459 -0.033363055 -0.058275331
v  0.27492967 0.027510498 -0.0587993
v  0.27493131 -0.027509265 -0.058799516
v  0.22677723 0.013856086 -0.059194256
v  0.28352153 -0.018893939 -0.058882929
v  0.28351948 0.018896703 -0.058883265
v  0.23203978 -0.018533349 -0.060293447
v  0.23188382 0.020593736 -0.059442416
v  0.28833047 0.0065376265 -0.05971742
v  0.28932416 0.0032304404 -0.058584671
v  0.25600019 0.033828225 -0.05709786
v  0.25600016 -0.033808965 -0.057186279
v  0.27730781 0.025587719 -0.059050966
v  0.2773096 -0.025586158 -0.059051093
v  0.26911846 0.030317876 -0.05950553
v  0.26911968 -0.030317191 -0.059505798
v  0.28160468 -0.021278474 -0.059092782
v  0.28160268 0.021280792 -0.059092917
v  0.24930698 -0.03233071 -0.059248086
v  0.24930774 0.032313611 -0.059272371
v  0.24311081 -0.027964175 -0.060932212
v  0.2560001 0.033675913 -0.057540052
v  0.24301259 0.02990612 -0.059524421
v  0.23743694 -0.023148205 -0.060941312
v  0.28630942 -0.013095808 -0.059681904
v  0.28630733 0.013099524 -0.059682705
v  0.23728287 0.025182512 -0.059923779
v  0.23455642 0.022863936 -0.059740372
v  0.2560001 -0.033687383 -0.057528645
v  0.2795307 0.023509737 -0.059147418
v  0.27953264 -0.023507807 -0.059147429
v  0.28932554 -0.0032245377 -0.058582418
v  0.28974032 -7.1983362e-07 -0.057639122
v  0.28858718 0.0025102301 -0.060112197
v  0.22697261 -0.0093868272 -0.059974715
v  0.2269782 0.0092178909 -0.059992794
v  0.25260761 -0.032581244 -0.05962104
v  0.25599992 -0.033227161 -0.058824591
v  0.25600007 0.03355578 -0.057888851
v  0.25599992 0.033245768 -0.058788888
v  0.2526083 0.032564487 -0.059644919
v  0.25677538 -0.033061311 -0.059133973
v  0.25889924 0.033026528 -0.059062462
v  0.28916833 -1.1633657e-07 -0.059174679
v  0.23204747 0.01842792 -0.060332209
v  0.2270744 -0.0046999911 -0.060251057
v  0.22301571 -3.6220575e-07 -0.058381971
v  0.22714475 -5.6337143e-07 -0.060179394
v  0.22707707 0.0045027314 -0.060254883
v  0.27178147 0.028679978 -0.060042076
v  0.2717829 -0.028679024 -0.060042318
v  0.26552862 0.031045716 -0.060306668
v  0.26552957 -0.031045254 -0.060306903
v  0.25847554 0.032611217 -0.059771027
v  0.28467843 -0.015766211 -0.060177621
v  0.28467628 0.015769396 -0.060178131
v  0.28833228 -0.0065326998 -0.059715893
v  0.28703475 -0.0095365429 -0.060545053
v  0.28703266 0.0095407469 -0.0605461
v  0.2584759 -0.032611128 -0.059771132
v  0.26162735 -0.031461187 -0.060795877
v  0.23758596 -0.020968176 -0.061822686
v  0.2742801 0.026877705 -0.060414243
v  0.27428171 -0.026876457 -0.060414433
v  0.23230109 -0.014048719 -0.061570171
v  0.28288037 -0.018269535 -0.060506258
v  0.28287825 0.018272247 -0.060506549
v  0.28745779 -0.0056749815 -0.061105907
v  0.28858882 -0.0025046216 -0.06011023
v  0.2874558 0.0056797294 -0.061107259
v  0.24613044 -0.030320231 -0.060386583
v  0.24613209 0.030286316 -0.060415186
v  0.24322784 -0.02582261 -0.062062062
v  0.24311401 0.027914036 -0.060962919
v  0.26830345 0.029519651 -0.06095504
v  0.26830465 -0.02951894 -0.060955275
v  0.25599992 0.032675501 -0.059668638
v  0.27663314 0.024929855 -0.060640831
v  0.27663493 -0.024928279 -0.060640946
v  0.25599992 -0.033224985 -0.058830716
v  0.25599992 -0.032685578 -0.059640575
v  0.28093457 -0.020625126 -0.060687162
v  0.28093252 0.020627428 -0.060687285
v  0.28551731 -0.012320475 -0.061154298
v  0.28551513 0.01232409 -0.061155003
v  0.27884963 0.022845428 -0.060730845
v  0.27885154 -0.022843506 -0.06073086
v  0.28758362 0.0015234306 -0.061373133
v  0.28910542 -4.9281351e-08 -0.059343547
v  0.23230785 0.013910669 -0.061598867
v  0.24932732 -0.030653462 -0.061022781
v  0.24932858 0.030619357 -0.061050791
v  0.2875855 -0.0015180752 -0.061371416
v  0.28810257 -1.7594122e-07 -0.060836099
v  0.23772022 -0.018723957 -0.062549189
v  0.2645236 0.030057449 -0.061566137
v  0.26162669 0.031461451 -0.060795702
v  0.26452452 -0.030056968 -0.061566345
v  0.27090886 0.027824145 -0.061433975
v  0.27091026 -0.027823165 -0.061434187
v  0.25599992 -0.032221705 -0.060337029
v  0.25261319 -0.030932132 -0.061370615
v  0.25599992 -0.031123836 -0.061369807
v  0.25599992 -0.032050814 -0.060497787
v  0.25599992 0.032313112 -0.060227685
v  0.25599992 0.032044474 -0.060495358
v  0.25261414 0.030898485 -0.061398145
v  0.28382507 -0.014929653 -0.061588787
v  0.28382289 0.014932762 -0.061589237
v  0.2860651 -0.0085836733 -0.061839908
v  0.2860629 0.0085877506 -0.06184084
v  0.23487097 0.018515166 -0.061514977
v  0.23744294 0.023070861 -0.060976133
v  0.23772666 0.018614773 -0.062580526
v  0.2604644 0.030315962 -0.061897937
v  0.25743395 0.031586405 -0.060993947
v  0.26046506 -0.030315675 -0.061898094
v  0.25743428 -0.031586304 -0.060994036
v  0.2433472 -0.023601849 -0.06296023
v  0.24323197 0.025756825 -0.062092237
v  0.23247109 -0.0093988413 -0.062249407
v  0.23247591 0.0092290817 -0.062264618
v  0.27337113 0.025985513 -0.061769783
v  0.27337274 -0.025984246 -0.061769951
v  0.28633627 -0.004570228 -0.062248878
v  0.2863341 0.0045748232 -0.062250081
v  0.2819851 -0.017391063 -0.061875515
v  0.28198296 0.017393734 -0.061875768
v  0.23255755 -0.0046995552 -0.062485497
v  0.23209609 -8.0179001e-07 -0.062334776
v  0.23255996 0.004502113 -0.062489074
v  0.23258922 -8.1669117e-07 -0.06249249
v  0.23793346 -0.014133212 -0.063574918
v  0.26723355 0.028466512 -0.062149636
v  0.26723471 -0.028465785 -0.062149849
v  0.2462033 -0.028302394 -0.06177989
v  0.27570516 0.024018642 -0.061977349
v  0.27570695 -0.024017062 -0.061977454
v  0.24620593 0.028251205 -0.061809346
v  0.25599992 0.031114604 -0.061421894
v  0.28001371 -0.01972105 -0.062030815
v  0.28001165 0.01972333 -0.062030919
v  0.28447768 -0.011297652 -0.062379204
v  0.28447545 0.011301185 -0.06237983
v  0.27791798 0.021930557 -0.062063705
v  0.27791992 -0.021928638 -0.06206372
v  0.26328576 0.02883641 -0.062592834
v  0.26328668 -0.028835915 -0.06259302
v  0.28668651 -4.5778661e-09 -0.062175423
v  0.2697947 0.026726786 -0.062584348
v  0.2697961 -0.026725795 -0.062584542
v  0.24335195 0.023520429 -0.062989369
v  0.25910568 0.02897403 -0.062803738
v  0.25618282 0.03035206 -0.062007338
v  0.25599992 0.031089019 -0.061447382
v  0.25599992 -0.030776449 -0.061696596
v  0.25910634 -0.028973732 -0.062803879
v  0.25618315 -0.030351952 -0.062007412
v  0.2493743 -0.02862281 -0.062381271
v  0.24937633 0.028571259 -0.062409755
v  0.28486478 -0.0074001374 -0.062904105
v  0.28486249 0.0074041141 -0.062904932
v  0.28273505 -0.013856397 -0.062763259
v  0.28273281 0.013859454 -0.062763661
v  0.25599989 -0.030179691 -0.062069837
v  0.25599989 -0.030400772 -0.061931562
v  0.25263584 -0.028923847 -0.062705807
v  0.28501034 -0.0032610754 -0.063187458
v  0.28636429 -0.00031362931 -0.062414698
v  0.28647441 -1.9479026e-08 -0.062311288
v  0.28636217 0.00031876107 -0.062416196
v  0.28500801 0.0032655327 -0.063188523
v  0.25599989 0.030389775 -0.061925262
v  0.25599989 0.030178349 -0.062069755
v  0.25599986 0.029310856 -0.062662609
v  0.25263727 0.02887274 -0.062733673
v  0.27222902 0.02486017 -0.062892176
v  0.2722306 -0.024858899 -0.062892333
v  0.23793909 0.013993244 -0.063598
v  0.2659443 0.027194064 -0.063124925
v  0.26594546 -0.027193323 -0.063125111
v  0.23807068 -0.0094419541 -0.064126909
v  0.28085971 -0.016282439 -0.063014619
v  0.28085753 0.016285073 -0.063014843
v  0.23807469 0.0092712818 -0.064139634
v  0.27675995 0.020789314 -0.063170202
v  0.24629496 -0.026118211 -0.062854841
v  0.24629842 0.02605119 -0.062883243
v  0.24356264 -0.0189985 -0.064272374
v  0.28322011 -0.010056862 -0.063386142
v  0.28321779 0.010060321 -0.063386701
v  0.27676189 -0.02078741 -0.063170217
v  0.26185867 0.027426105 -0.063430265
v  0.2618596 -0.027425598 -0.063430429
v  0.25599989 -0.029184666 -0.062692173
v  0.27088252 0.023530465 -0.063810207
v  0.26847181 -0.025418263 -0.063524738
v  0.28346872 -0.0060208412 -0.063772537
v  0.23813976 -0.0047212327 -0.064334214
v  0.28346631 0.0060247285 -0.063773282
v  0.23814183 0.0045229373 -0.064337961
v  0.28605458 -4.183077e-08 -0.062580176
v  0.28143549 -0.012573616 -0.063728206
v  0.28143319 0.01257662 -0.063728563
v  0.24943849 -0.026421819 -0.063415773
v  0.24944118 0.026354242 -0.063442878
v  0.28604734 -4.183077e-08 -0.062584817
v  0.23818778 -9.4335104e-07 -0.064283065
v  0.24372301 -0.014310968 -0.065087996
v  0.24356772 0.01888616 -0.064297386
v  0.24372739 0.014168966 -0.065106452
v  0.27088413 -0.023529187 -0.063810349
v  0.28492287 -1.0888599e-07 -0.063305043
v  0.26447198 0.025738496 -0.063917093
v  0.26447311 -0.025737748 -0.063917264
v  0.25599986 0.029148612 -0.062739
v  0.25599986 -0.028722785 -0.062981054
v  0.25266972 -0.026736233 -0.063717835
v  0.25599989 -0.027050637 -0.063702457
v  0.25599986 -0.028316483 -0.063156344
v  0.25599989 0.028296884 -0.063140042
v  0.25267154 0.026668902 -0.06374424
v  0.27953026 -0.014969778 -0.063949682
v  0.27952805 0.014972377 -0.063949883
v  0.25759196 0.02747706 -0.06355451
v  0.26027974 0.025863964 -0.064115852
v  0.26028064 -0.025863439 -0.064116001
v  0.25759256 -0.027476754 -0.06355463
v  0.24639094 -0.023857914 -0.063693911
v  0.24639493 0.023775149 -0.063720874
v  0.27540377 -0.019446064 -0.064076602
v  0.28177485 -0.0086283768 -0.064205386
v  0.28177246 0.0086317686 -0.064205885
v  0.24656966 0.019075464 -0.064917438
v  0.27540183 0.019447956 -0.06407658
v  0.25599989 0.02699459 -0.063753225
v  0.28351477 -0.0017822952 -0.063956402
v  0.28190866 -0.0044775764 -0.064476997
v  0.28442526 -9.3984831e-08 -0.063525259
v  0.28190619 0.004481378 -0.064477667
v  0.28351232 0.0017866149 -0.063957348
v  0.27802333 -0.013479621 -0.064707257
v  0.24950746 -0.024141401 -0.064212911
v  0.26284954 0.024132859 -0.064559184
v  0.2628507 -0.024132099 -0.064559348
v  0.24951056 0.024057869 -0.064238332
v  0.26936233 -0.022024188 -0.064553082
v  0.28260019 -2.6929609e-08 -0.06433291
v  0.25599992 0.024718788 -0.064500064
v  0.25599989 0.025922004 -0.064114049
v  0.25599989 0.026883166 -0.063805692
v  0.25599989 -0.026319724 -0.064017795
v  0.25599989 -0.025911186 -0.064140804
v  0.24382378 -0.0095638717 -0.065539852
v  0.24382688 0.0093914149 -0.065550804
v  0.24656542 -0.019189112 -0.064894788
v  0.25270706 -0.024458252 -0.064494096
v  0.25599992 -0.024802439 -0.064474635
v  0.24963696 0.019312199 -0.065357715
v  0.2780211 0.013482193 -0.064707428
v  0.25270909 0.024374615 -0.064518742
v  0.28017014 -0.007040442 -0.064865179
v  0.2801677 0.0070437817 -0.064865634
v  0.26936075 0.02202547 -0.064552948
v  0.27387208 -0.017931148 -0.064809412
v  0.26769286 -0.020371493 -0.065148115
v  0.27387011 0.01793303 -0.064809389
v  0.28173286 -4.9281351e-08 -0.06459415
v  0.28172615 -4.9281351e-08 -0.064596169
v  0.24387296 -0.0047899047 -0.065732807
v  0.24387461 0.0045890836 -0.065737061
v  0.27636206 0.011839966 -0.065312937
v  0.24963367 -0.019426938 -0.065336697
v  0.25277787 0.019605111 -0.065602578
v  0.24044588 -9.8805447e-07 -0.065005273
v  0.24972916 0.014502953 -0.066039048
v  0.24390769 -8.9864756e-07 -0.06566634
v  0.25599992 -0.023216635 -0.064952113
v  0.27968398 -8.653425e-08 -0.065211266
v  0.27658013 -0.003483993 -0.065804183
v  0.27840075 -0.0010032178 -0.065498091
v  0.27907273 -7.9083669e-08 -0.065330341
v  0.27839813 0.0010068595 -0.06549862
v  0.25599992 -0.020074129 -0.065590814
v  0.25599992 -0.022932786 -0.065009803
v  0.25277576 -0.019720729 -0.065582313
v  0.25599992 0.023680557 -0.064833142
v  0.25599992 0.022918049 -0.06499429
v  0.26769128 0.020372774 -0.065147988
v  0.27219227 -0.016268127 -0.065394118
v  0.25926244 0.020579297 -0.065501094
v  0.25926355 -0.020578519 -0.065501228
v  0.27636436 -0.011837424 -0.065312788
v  0.2721903 0.01627 -0.065394096
v  0.27657759 0.0034872247 -0.065804549
v  0.24972634 -0.014647522 -0.066023342
v  0.25599992 0.019959327 -0.065619603
v  0.24978283 -0.0098122926 -0.066420898
v  0.24978484 0.0096364198 -0.066431113
v  0.26400605 0.016721118 -0.065991797
v  0.26400763 -0.016719826 -0.065991901
v  0.27268147 -0.0081881145 -0.066158935
v  0.27267915 0.0081906123 -0.066159055
v  0.27578363 -5.6731931e-08 -0.065971076
v  0.25600007 0.015057038 -0.066285372
v  0.26847792 0.012591164 -0.066210724
v  0.26847988 -0.012589303 -0.066210754
v  0.25599998 0.017380547 -0.065987155
v  0.25599992 0.019518662 -0.065712735
v  0.25599992 -0.019278027 -0.065752618
v  0.25599998 -0.017373048 -0.065995716
v  0.24981835 -6.4532782e-07 -0.066616021
v  0.25600004 -0.016142633 -0.066152737
v  0.25600007 -0.015205515 -0.066272326
v  0.25600004 0.016136821 -0.066146791
v  0.24842872 -7.7198769e-07 -0.066529676
v  0.27309176 -3.4380189e-08 -0.066279523
v  0.27309757 -4.183077e-08 -0.06627886
v  0.25998852 0.012737128 -0.066503279
v  0.2599901 -0.012735833 -0.066503368
v  0.2560001 -0.014320125 -0.066385306
v  0.2560001 0.014154124 -0.066401258
v  0.26863784 -0.0041780183 -0.066644296
v  0.27222669 -3.4380189e-08 -0.066378653
v  0.26863548 0.0041804789 -0.066644393
v  0.26442128 0.008568096 -0.066683121
v  0.26442328 -0.0085662464 -0.066683151
v  0.27098942 -1.947903e-08 -0.066520423
v  0.25600007 -0.010232368 -0.066665538
v  0.25600004 0.010050203 -0.066667989
v  0.25600004 -0.0079565579 -0.066821553
v  0.25600004 -0.0087928856 -0.066764221
v  0.25600001 0.0088086529 -0.066748686
v  0.25599998 0.0071957139 -0.066853516
v  0.26516849 -2.6929611e-08 -0.066854879
v  0.2560001 -8.6534257e-08 -0.067000099
v  0.2560001 -0.00021201831 -0.066995345
v  0.2560001 0.00021551091 -0.066995703
v  0.26443979 -3.4380189e-08 -0.06686642
v  0.26443502 -3.4380189e-08 -0.066866502
v  5.1896487e-09 -7.1424246e-08 0.046999998
v  -0.0039650598 0.00070292811 0.046930879
v  -0.00011334795 -7.1424246e-08 0.046999998
v  -0.0040209093 -7.1424246e-08 0.046808757
v  -0.0039927759 -0.0012572005 0.046921901
v  0.0087086167 -7.8874827e-08 0.046588369
v  0.0028549484 0.0014632449 0.046967566
v  0.0021771542 0.0016762346 0.046975993
v  0.001848241 0.0017795891 0.046980083
v  0.0016047858 0.0020121888 0.046979129
v  0.0013664417 0.0022399009 0.046978198
v  5.1896483e-09 0.0030253336 0.046966165
v  5.1896492e-09 -0.0028233125 0.046971671
v  0.0011422687 -0.0025116026 0.046974652
v  0.0012512259 -0.0023359626 0.046976671
v  0.0015913449 -0.0017876446 0.046982981
v  0.0017020308 -0.0017217814 0.046982192
v  0.0023337952 -0.0013458177 0.046977676
v  0.0028579733 -0.0012688905 0.046969086
v  0.0023688427 -0.0013406768 0.046977103
v  -0.0037814328 0.0013843358 0.046930879
v  -0.0014956243 0.0033925057 0.046922989
v  -0.0016114063 0.0031871677 0.046930701
v  -0.0020161965 0.0024693564 0.046957657
v  -0.0028230646 0.0016404793 0.046958812
v  -0.0024096915 0.0020318211 0.046961129
v  -0.002761791 0.0016984895 0.046959154
v  -0.0020948597 0.0023298666 0.046962902
v  -0.0011296518 0.0040414589 0.046898611
v  -0.00066932518 0.0039708051 0.046930879
v  -0.0017909057 -0.0026449233 0.046949811
v  -0.001154805 -0.0037120327 0.046913676
v  -0.00097470958 -0.0040141609 0.046903446
v  -0.0020942935 -0.0021359816 0.046967044
v  -0.0024409988 -0.0017635494 0.046965823
v  -0.0021174946 -0.002103132 0.046967238
v  -0.0026422092 -0.0015523403 0.046964943
v  -0.0027238228 -0.0015272095 0.046962768
v  -0.003601233 -0.0012570664 0.04693941
v  0.0015794389 -0.0017923906 0.046683006
v  0.0012353562 -0.0023224249 0.046677306
v  0.0016998105 -0.001720038 0.046682164
v  0.0021792105 0.0016886995 0.046675496
v  0.0017543338 0.0018334195 0.04668048
v  0.0016035788 0.0020050586 0.046679161
v  0.0012311094 0.0025915385 0.046971127
v  0.0012780629 0.0023756803 0.046676308
v  0.0023227385 -0.0013456016 0.046677805
v  0.0023642234 -0.0013394251 0.046677127
v  0.0011674218 -0.0024270609 0.046676181
v  0.0028491816 0.0014605031 0.046667635
v  0.0011022143 -0.003074181 0.046959475
v  0.0010906361 -0.0030666857 0.046659864
v  5.1896492e-09 -0.0042322618 0.046910048
v  0.0010801904 -0.0033834248 0.04695113
v  0.0010709517 0.0030076683 0.046962753
v  0.0012182348 0.0025778741 0.046671718
v  0.003335034 -0.0013847246 0.046957694
v  0.0028522066 -0.0012667447 0.046669148
v  0.0034196875 0.0015660108 0.046954684
v  -0.0022262135 -0.0019394502 0.046668023
v  -0.00199757 -0.0022902905 0.046663761
v  -0.0020883479 -0.0021299243 0.046667159
v  5.1896483e-09 0.0040262449 0.046918824
v  -0.0027105906 -0.0015052154 0.046663754
v  -0.0020888248 0.0023231462 0.046663038
v  -0.0020626434 0.0023693324 0.046661928
v  -0.0028628656 -0.0014615997 0.046659581
v  0.0010970138 0.0032673136 0.046953745
v  1.5549105e-06 0.0060281786 0.046824433
v  0.0010549329 0.0031297759 0.046659172
v  0.0010646634 -0.0032830022 0.046654351
v  -0.0027413764 0.0016804815 0.04666023
v  -0.0035325834 0.0014574856 0.046939135
v  -0.0030396977 0.0015687675 0.046653122
v  0.0036816946 -0.0014689013 0.046949409
v  0.0033283285 -0.0013823181 0.046657778
v  -0.0013471938 0.0036312446 0.046631739
v  0.0035268865 0.0016253919 0.046951286
v  0.0035196147 0.0016448826 0.046650775
v  0.0011578553 0.0038734407 0.04693272
v  0.0010648869 0.0032611743 0.046654709
v  0.0040660999 0.0019240857 0.046934165
v  0.0041039041 0.001987356 0.046631813
v  0.0037850789 0.0017178834 0.046644099
v  0.0012568884 -0.0038091957 0.046933562
v  0.0012620591 -0.0037957511 0.046633638
v  0.0039943061 -0.0017413914 0.046937712
v  0.0036743185 -0.001466301 0.046649516
v  -0.0035902509 -0.0012532368 0.046639644
v  -0.0036015757 0.0014505342 0.046936728
v  -0.003258402 0.0014868632 0.046647906
v  0.0043331734 -0.0020367622 0.046925038
v  0.0039859614 -0.0017382025 0.046637841
v  -0.0037455061 0.0014504746 0.046926245
v  -0.0035905489 0.0014460937 0.046636969
v  0.0041088364 0.0019882948 0.046931744
v  5.1896496e-09 -0.0056493026 0.046848074
v  0.0013800167 -0.004105859 0.04692132
v  0.0013750546 -0.0040892852 0.046621785
v  0.0012081169 0.0039493772 0.046928912
v  0.0010945402 0.0036527247 0.046641402
v  0.0045027486 0.0025801912 0.046909399
v  0.0044671497 0.00258452 0.046609543
v  0.0042102984 0.0020772845 0.046627715
v  -0.0042734393 0.001450266 0.046887785
v  -0.0090679172 0.0014483884 0.046538569
v  -0.0042266794 -7.1424246e-08 0.046798691
v  -0.00057900924 0.005017932 0.046861932
v  0.0016005688 0.0045421827 0.04689917
v  0.0012319587 0.0039266977 0.046628788
v  0.0044555715 -0.0023324087 0.046915472
v  0.0082752462 -0.0019033074 0.046763904
v  0.004327049 -0.0020357862 0.04662507
v  -0.0010401256 0.0041728723 0.046618782
v  -0.0094191227 -0.0012570291 0.046499372
v  -0.0041876086 -0.0006163611 0.046922095
v  -0.0040357062 -0.0012572154 0.046919979
v  -0.0049514272 -0.0012575209 0.046879031
v  -0.00061644096 -0.0041876589 0.046922095
v  -0.00047949929 -0.0048449044 0.046875313
v  0.0017185711 -0.0044029397 0.046903908
v  0.0017152481 -0.0043891449 0.046604246
v  6.310384e-07 0.0060301083 0.046824314
v  1.6910242e-07 0.0060365605 0.046823896
v  5.1896478e-09 0.0060446891 0.046823367
v  0.0079900529 -0.0021590262 0.046776079
v  0.0046305261 -0.0027549907 0.046901792
v  0.0044373325 -0.00232881 0.04661569
v  -0.0012677409 -0.003579472 0.046636455
v  0.0045501045 0.0026513443 0.04690671
v  0.0046021841 0.0028511987 0.046599984
v  0.0079897102 0.0023549676 0.046772622
v  0.0046133003 0.003262724 0.046887144
v  0.0085912999 0.0017416209 0.046749927
v  0.008537909 0.0017960474 0.046751939
v  0.0046330742 0.0032500208 0.046587318
v  -2.5876125e-06 -0.0056867679 0.046845786
v  -8.7119897e-06 -0.0057752584 0.046840385
v  0.0020120493 -0.004660469 0.046888813
v  0.0020040027 -0.0046436754 0.04658936
v  -0.0010834582 -0.0039049804 0.046629556
v  0.0046098134 -0.0030700609 0.046892919
v  0.0046377382 -0.002861277 0.046598643
v  5.2802006e-06 0.0060324925 0.046824157
v  0.0016401015 0.0046018991 0.046896175
v  0.0015963219 0.0045219841 0.046599835
v  0.0014831476 0.004427481 0.046605729
v  0.00050920766 0.0069196108 0.046762012
v  0.0021835617 0.0049047279 0.046873823
v  0.0063428781 -0.0049235788 0.046704583
v  0.0045740507 -0.003613767 0.046877608
v  0.0046144775 -0.0030605949 0.046593107
v  0.0010619663 -0.007694718 0.046699099
v  0.0023822538 -0.0047528637 0.046878226
v  3.1046311e-06 -0.0058322218 0.04683686
v  -9.9785884e-06 -0.0057933782 0.046839274
v  0.0023777089 -0.0047373031 0.046578661
v  -0.0073339143 0.0014446632 0.046417363
v  0.0072328201 0.0036244125 0.046736941
v  0.0046396158 0.0035174072 0.046878994
v  0.0046434156 0.0033836768 0.046583071
v  -0.0074405917 -0.0012529686 0.046413861
v  -0.0072408565 -0.0012529835 0.046425574
v  0.006501501 0.0048509645 0.046702467
v  0.0044782809 0.0039379033 0.046867207
v  0.0044803671 0.0039329189 0.046567246
v  0.0028713099 -0.0076915291 0.046676539
v  0.0028571538 -0.0048713912 0.046864644
v  0.0028515211 -0.0048560095 0.046565093
v  0.0044561527 -0.0038074336 0.046873175
v  0.0045439652 -0.0036651425 0.046576329
v  5.1896496e-09 -0.0056312499 0.046548605
v  0.0010600291 0.0078883795 0.046683155
v  0.0022864393 0.0049620527 0.046869598
v  0.0019352935 0.0048050019 0.046582192
v  0.0021782867 0.0048700455 0.04657495
v  0.0055521629 -0.0062506911 0.046670265
v  0.0041313819 -0.0043408652 0.046860963
v  0.0044571362 -0.003801164 0.046573259
v  0.0028693876 0.0078856526 0.046660632
v  0.0028560362 0.0050660255 0.046854451
v  0.0028504184 0.005049977 0.046554931
v  0.0063666306 0.0050771791 0.046696104
v  0.0043427101 0.0042912695 0.046857305
v  0.0044197491 0.0041371244 0.04656136
v  0.003338357 -0.0048022945 0.046858348
v  0.0033312044 -0.0047833589 0.046558961
v  5.1896478e-09 0.0060253548 0.046523996
v  0.0040050498 -0.0044159298 0.046860486
v  0.0041176132 -0.0043330234 0.046561271
v  0.0050649545 -0.0070683998 0.046649113
v  0.0033600233 -0.0047991839 0.046858057
v  0.0039984486 -0.0044045527 0.046560802
v  0.0046956888 -0.0076881689 0.046633087
v  0.0033795587 -0.004776035 0.046558343
v  0.0063417754 0.0051188502 0.046694934
v  0.0041058115 0.0045173871 0.046853043
v  0.0040952167 0.0045052725 0.046553411
v  0.0035336367 0.0048531103 0.046850547
v  0.0038622669 0.0047498527 0.046848662
v  0.003941556 0.0046795639 0.046549641
v  0.0046938262 0.0078827543 0.046617247
v  0.0035205088 0.0048225033 0.046551682
v  -2.1107753e-06 -0.005642016 0.046547964
v  -4.9419959e-06 -0.0056685028 0.046546347
v  -1.3614472e-05 -0.0057495465 0.0465414
v  -1.2034949e-05 -0.0057562073 0.04654099
v  5.1896496e-09 -0.0058070053 0.046537854
v  6.6511075e-06 -0.0058198986 0.046537057
v  0.00042300444 -0.0065516685 0.046487078
v  0.00053330284 -0.0067455214 0.046473838
v  3.1642357e-06 -0.0058135358 0.046537451
v  1.1376779e-06 0.0060088742 0.046525061
v  4.3732334e-07 0.0060123089 0.046524838
v  0.00042801123 0.006756525 0.04647252
v  5.2802006e-06 0.0060131955 0.046524785
v  -0.0094927493 -7.1424246e-08 0.046540968
v  0.0079730954 -0.0021566644 0.046476327
v  0.0079746451 -0.0021540716 0.04647629
v  0.0063310615 -0.0049085361 0.046405353
v  0.0082610752 -0.0019018173 0.046463966
v  0.007219126 0.0036140562 0.046437427
v  0.0079743173 0.0023493052 0.04647287
v  -0.0049722739 -0.0049103764 0.046750821
v  -0.0065701851 -0.007412788 0.046499059
v  -0.0047491589 -0.0049106111 0.046769328
v  -0.0062670805 -0.0075345044 0.046510264
v  -0.0060086795 -0.0078067747 0.046504185
v  -0.0041892924 -0.005895522 0.046726801
v  -0.0047340193 -0.0048949611 0.046470121
v  -0.0041718879 -0.005883873 0.046427421
v  -0.0045589306 -0.005202983 0.046456821
v  0.0087166037 -0.0015075549 0.046745062
v  0.0010579877 0.0078634871 0.046384275
v  0.00053163391 0.006938729 0.046459712
v  -0.0045287111 0.0054933536 0.046741381
v  -0.00640511 0.0077031585 0.046487145
v  -0.0047502765 0.0051034051 0.046758987
v  -0.0066997656 0.0075778249 0.046477072
v  -0.0064395317 0.0051010507 0.046619013
v  -0.0047351667 0.0050871554 0.046459809
v  -0.0066573867 0.0050856578 0.046330802
v  -0.0053956606 0.0050866413 0.046415485
v  0.0085199978 0.0017908767 0.046452433
v  0.0085667428 0.0017430366 0.046450675
v  -0.0072229453 -0.0073309061 0.046458133
v  -0.0068490305 -0.0073008095 0.046488754
v  -0.0073524066 -0.0049078842 0.046553388
v  -0.0079244021 -0.0073873629 0.046400681
v  -0.0073544928 -0.0073414934 0.046447359
v  -0.0064697363 -0.004894149 0.046353482
v  -0.0054040202 -0.0048946482 0.046425097
v  0.0087279137 0.0017026246 0.046742409
v  0.0087786522 -0.0014519289 0.046742409
v  0.0087948795 -0.001431708 0.046441004
v  0.0087200161 -7.8874827e-08 0.046587825
v  0.0089616682 0.0016358972 0.046729542
v  0.0089449938 0.0016342134 0.046429925
v  0.008827677 -0.0014381751 0.046739668
v  -0.0058614113 0.0081760315 0.046482712
v  -0.0061655887 0.0078050452 0.046495333
v  -0.0037851729 0.0068019214 0.046682291
v  -0.0062065371 0.0077876258 0.04649394
v  -0.0042028227 0.006024051 0.046417505
v  -0.0046117404 0.0053043845 0.046450004
v  0.0093898978 -0.0012805059 0.046708182
v  0.0088085886 -0.0014285564 0.046440221
v  0.0093761291 -0.0012980744 0.046407998
v  0.0064893863 0.00483619 0.046403177
v  0.0095484909 0.0014683933 0.046697244
v  -0.005805383 -0.0080209868 0.046499401
v  -0.0035016336 -0.0071052243 0.046674564
v  -0.0037979134 -0.0065417741 0.046399012
v  0.0094229933 -0.0012712225 0.046706326
v  0.010061493 -0.0013777509 0.046665728
v  0.0095127132 -0.0012666702 0.046400242
v  0.0063547841 0.0050616148 0.046396859
v  0.0010599248 -0.0076703918 0.046400182
v  0.0097988602 0.0015092299 0.046681501
v  0.0095303115 0.0014658228 0.046397805
v  0.0063299886 0.0051031443 0.046395697
v  0.0054674796 0.0065476331 0.04635521
v  0.0028639338 0.0078608422 0.046361789
v  0.0013952755 -0.0023913279 0.046674289
v  -0.0055708983 0.0097808866 0.046352446
v  -0.0055513778 0.0097083328 0.046360709
v  -0.0054474273 0.0093221022 0.046404727
v  -0.0054810145 0.0091590537 0.046417698
v  -0.0055923113 0.008618678 0.046460688
v  -0.0056237974 0.0084658517 0.046472847
v  -0.0031441101 0.00793014 0.046631351
v  -0.003889034 0.0065763178 0.046392567
v  0.010445898 0.0017396316 0.046637423
v  0.010429865 0.0017296479 0.046337977
v  0.0037440113 -0.0076657427 0.046359301
v  0.0028735748 -0.00766727 0.046377517
v  -0.0056241998 -0.0083731608 0.046480127
v  -0.005447472 -0.008970988 0.046437629
v  -0.005460883 -0.0090413028 0.046430133
v  -0.0055926093 -0.0097323479 0.046356462
v  -0.0056934305 -0.0081389556 0.046496771
v  -0.0056036809 -0.0097904177 0.046350271
v  -0.0061715939 -0.01227595 0.046040222
v  -0.0031422921 -0.0077373837 0.046647266
v  -0.0031321743 -0.0077129756 0.04634843
v  0.0055418513 -0.0062311781 0.046371236
v  0.0054719499 -0.0063483384 0.046368219
v  0.014900183 -7.887482e-08 0.04629571
v  0.010232663 -0.001406309 0.046654843
v  0.010035088 -0.0013954609 0.046366297
v  -0.0058056512 -0.0045114201 0.046429135
v  -0.0065372833 -0.0033648617 0.046429135
v  0.0046850047 0.0078580854 0.046318486
v  -0.0058864006 0.0046112719 0.046419263
v  -0.007057006 -0.0020632192 0.046429135
v  0.010564854 -0.0016490638 0.046630144
v  0.010373807 -0.0014789745 0.046344288
v  -0.0066381493 0.0034421787 0.046419263
v  0.0050555072 -0.0070462455 0.046350218
v  -0.0026684203 -0.0085679078 0.046580017
v  -0.0029436746 -0.0080435248 0.046321668
v  0.010584539 0.0017889917 0.046627983
v  0.010518199 0.0017555535 0.046332099
v  -0.0071552345 0.0021717504 0.046419263
v  -0.0025517293 -0.0068954718 0.046429135
v  0.0046868525 -0.0076640663 0.046334282
v  -0.0027334341 0.0069599706 0.046419263
v  -0.0038721808 0.0063968259 0.046419263
v  -0.0029265829 0.0083115352 0.046599768
v  -0.0031339922 0.0079051731 0.04633256
v  0.010941466 -0.0019242584 0.046602145
v  0.010548731 -0.0016341701 0.046330705
v  0.0017052494 0.0044007855 0.046604365
v  0.010790369 0.0020278201 0.046610229
v  0.010772279 0.002024743 0.046310827
v  -0.0072415718 0.007443178 0.04644949
v  -0.0075908699 0.0074769515 0.046420336
v  -0.0077524879 0.0075191292 0.046404414
v  -0.007926235 0.0075786817 0.046385899
v  -0.0090210829 0.0076276842 0.046287768
v  -0.0069653192 0.0074648741 0.046467997
v  -0.010214189 0.0059356797 0.046287768
v  -0.0093710069 0.0050969529 0.046376109
v  -0.0080100391 0.0050845998 0.046240024
v  5.1896478e-09 0.0067756656 0.046465077
v  0.011103367 0.0023909837 0.046583228
v  0.01109921 0.0023711056 0.046283461
v  0.011028698 -0.0021028041 0.046592914
v  0.011023929 -0.0020558133 0.04629381
v  -0.0039671459 0.011127572 0.046287768
v  -0.0017227031 0.010422367 0.046424992
v  0.017576789 -7.887482e-08 0.045950249
v  0.011293178 -0.0026441708 0.046564922
v  0.011246091 -0.0026458323 0.046266794
v  0.011034703 -0.002084431 0.046292499
v  0.011169126 0.0024672777 0.046577558
v  -0.0020010271 -0.013593514 0.046040222
v  -0.0015475102 -0.010532432 0.046420932
v  -0.0041791596 -0.013089013 0.046040222
v  -0.0017021693 -0.010220733 0.046145342
v  0.004271274 -0.0040346985 0.046569556
v  0.011265716 0.0028307096 0.046562158
v  0.011238223 0.002827178 0.04626321
v  0.011327883 -0.0027152121 0.046561249
v  0.011361545 0.0031912506 0.046546884
v  0.011339625 0.0031598837 0.046248443
v  0.011317289 -0.0031639084 0.046549976
v  0.011334663 -0.0028810806 0.046256021
v  -0.0099302772 -0.0082196193 0.04615356
v  -0.0089679305 -0.0078205923 0.04627753
v  -0.011129433 -0.0080574648 0.046040222
v  -0.010210464 -0.0049048928 0.046316311
v  -0.0080087874 -0.0048934263 0.04625006
v  0.011310345 -0.0034575358 0.046542592
v  0.017592346 -0.0083732614 0.045724481
v  0.011298439 -0.0031511157 0.046250768
v  0.017584285 -7.887482e-08 0.04594928
v  0.011339551 0.0032805086 0.046545371
v  0.011312997 0.0032706067 0.046246536
v  0.017599961 0.0085243462 0.045711115
v  0.011114335 0.0041940766 0.046529882
v  0.011093786 0.0041820663 0.04623083
v  0.01111499 -0.0039978367 0.046537496
v  0.011234602 -0.0036270365 0.046241507
v  -0.010266224 0.0014479116 0.046451285
v  -0.01179936 -7.1424246e-08 0.046192952
v  -0.011315728 -0.0012568205 0.046338201
v  -0.011281813 0.001443106 0.04603754
v  -0.0074409344 0.0014446185 0.046411082
v  5.1896496e-09 -0.0065700565 0.046479672
v  0.010121172 -0.0057013412 0.046472684
v  0.01010274 -0.0056841862 0.046173543
v  0.011094397 -0.0039865156 0.046238422
v  0.011046356 0.0043109092 0.04652977
v  0.011032274 0.0042875665 0.046230756
v  0.0092078354 0.0074594202 0.046391509
v  0.0097991135 0.0063968408 0.046138369
v  8.0985234e-07 0.0060170623 0.046524532
v  -0.0061188587 -0.0076047969 0.046212718
v  -0.0065152296 -0.007411324 0.046201199
v  -0.0059820958 -0.0077717011 0.046207368
v  -0.0056251534 -0.0082072886 0.046193406
v  -0.01128144 -0.0012530133 0.0460402
v  -0.0067621865 -0.0072907847 0.046194024
v  -0.0065538385 -0.0073924777 0.046200074
v  -0.0060999193 0.0078171222 0.046196945
v  -0.0058444687 0.0081496341 0.046184346
v  -0.0061926791 0.0077744606 0.046194077
v  -0.0072007277 -0.0073193242 0.046158753
v  -0.0065628388 0.0076041999 0.04618264
v  -0.0055841305 0.0084884865 0.046171516
v  -0.0055816569 -0.0083406093 0.046184234
v  5.1896496e-09 -0.0073517901 0.046420068
v  -0.0012303389 -0.0072488082 0.046429135
v  -0.0066789635 0.0075507867 0.046179056
v  0.0098004695 -0.0062016514 0.046153769
v  -0.0055660703 0.0085898219 0.046163246
v  0.0092093106 -0.0072643575 0.046413206
v  -0.0068986663 0.007449727 0.046172269
v  5.1896478e-09 0.0074767801 0.046410017
v  -0.0013514109 0.0073543671 0.046419263
v  -0.011316085 0.0014474944 0.046335533
v  -0.007219384 0.0074203718 0.046151169
v  -0.0079002474 -0.0073648435 0.046102501
v  -0.0054517933 -0.0087386901 0.046156831
v  -0.0054746666 -0.009012525 0.046129763
v  -0.012848848 -0.0039718975 0.045777127
v  -0.012526745 -0.0043356125 0.045802414
v  -0.012363071 -0.0045204242 0.045815267
v  -0.011950249 -0.004660361 0.045857847
v  -0.011275733 -0.0048890118 0.04592742
v  -0.012481743 -0.0025435432 0.045870744
v  -0.012908796 -0.0037739694 0.045776464
v  -0.0096546058 -0.0048912023 0.046087518
v  -0.0037580081 -0.0063195084 0.046429135
v  -0.0019635954 0.011649261 0.046287768
v  -0.0015362747 0.010749231 0.046397924
v  -0.0018251933 0.010201368 0.046142414
v  -0.0015336819 -0.010556654 0.046418972
v  -0.0015290029 -0.010524412 0.046120748
v  -0.0075676837 0.0074541154 0.046122096
v  5.18965e-09 -0.0085349875 0.046329856
v  -0.00016441422 -0.011308366 0.046044968
v  -9.5898686e-05 -0.011306268 0.046045221
v  -0.00017223733 -0.011307494 0.046045057
v  -0.0013505764 -0.010767241 0.046096861
v  -8.1399856e-05 -0.011305825 0.046045274
v  -5.8988506e-05 -0.011291069 0.046046957
v  -0.012898708 0.0039368453 0.045771115
v  -0.012907365 0.0039168554 0.045770794
v  -0.01305964 0.0035652847 0.045765094
v  -0.013077432 0.0032619566 0.045773
v  -0.012920151 0.0025693432 0.045813426
v  -0.012869785 0.0023870722 0.045825079
v  -0.012533436 0.0019891516 0.045876384
v  -0.012399504 0.0018307075 0.045896813
v  -0.011952663 0.0016757504 0.045953073
v  -0.011277089 0.0050789523 0.045917682
v  -0.011960069 0.0049168351 0.045845382
v  -0.0099465791 0.0050812545 0.046048954
v  -0.012523348 0.0045225802 0.045794412
v  -0.012711683 0.0043686661 0.045778111
v  5.1896478e-09 0.0087708933 0.046308391
v  -0.0011352099 -0.011012294 0.046374187
v  -0.00096781034 -0.011078854 0.046066567
v  -0.00546963 0.009131114 0.046119079
v  -0.0054331073 0.0093360869 0.04610236
v  0.0087173786 -0.0087241428 0.046378516
v  0.0087246504 -0.0080951164 0.0463816
v  0.0091926809 -0.0072421399 0.046114005
v  -0.0055297115 0.0096797077 0.046062902
v  -0.0079020951 0.0075556072 0.046087757
v  -0.0089408699 -0.0077970033 0.045979679
v  5.18965e-09 -0.011252207 0.046051383
v  -0.00092511851 0.011308487 0.046342276
v  -0.0015315957 0.010716471 0.04609976
v  -0.00091967959 0.011271174 0.046044558
v  0.0087384786 0.0082632108 0.046356209
v  0.0091912057 0.0074366289 0.046092823
v  -0.0087527875 0.0079213111 0.046283521
v  1.2417857e-05 0.011498789 0.046022594
v  9.288613e-06 0.011499177 0.046022594
v  6.3381831e-06 0.011500116 0.046022519
v  5.1896474e-09 0.011505398 0.046021983
v  1.6247455e-05 0.011499162 0.046022519
v  0.0083465632 -0.0087431828 0.046356939
v  0.0087147858 -0.017508756 0.045197427
v  0.017591199 -0.016836267 0.044564128
v  0.017593464 -0.012621225 0.045265518
v  5.18965e-09 -0.011299715 0.046045735
v  -0.01057733 0.0050952691 0.046276152
v  -0.00095715601 -0.011073266 0.046368435
v  5.1896505e-09 -0.013723523 0.045942195
v  -0.00017277377 -0.011341882 0.046343073
v  0.010666927 -0.00227454 0.046314508
v  0.008728778 0.0088808788 0.046363741
v  0.0076615564 0.010107475 0.046275221
v  0.0082601514 0.0090823648 0.046320237
v  0.0083662476 0.0089006601 0.046328217
v  0.0087261554 0.017611068 0.045177922
v  0.017600974 0.012746307 0.045247726
v  0.005901908 0.011486526 0.045916021
v  0.0075882277 -0.010043056 0.046307482
v  0.0075546703 -0.01004633 0.046006836
v  -0.0055727162 -0.0097005228 0.046058841
v  -0.0055236765 -0.0095995935 0.046071745
v  0.00824528 0.009054604 0.046021953
v  -0.0056456425 0.010058592 0.046320796
v  -0.0056267628 0.010024975 0.046023265
v  -0.0059872218 -0.010286336 0.046276867
v  -0.0057167956 -0.009997041 0.046020925
v  -5.9077913e-05 -0.011325602 0.04634507
v  5.18965e-09 -0.01133413 0.046343938
v  6.4794293e-08 -0.011286338 0.046349593
v  5.18965e-09 -0.011317023 0.046195723
v  -8.055049e-05 -0.011339863 0.046343431
v  2.4191777e-06 -0.011337635 0.046343334
v  -9.6241412e-05 -0.011340556 0.046343327
v  6.9193284e-06 -0.011340522 0.046343006
v  3.8645903e-06 -0.01132187 0.046195097
v  -0.00015937763 -0.011343335 0.046342932
v  7.992212e-06 -0.01132371 0.046194866
v  1.9048874e-05 -0.011341264 0.046342917
v  0.0059156022 -0.011327212 0.046236262
v  1.9033972e-05 -0.011324157 0.046194807
v  -0.00084760267 0.011379416 0.04633522
v  -0.011997337 -0.0014263063 0.046254791
v  -0.011599327 -0.0013022914 0.046002515
v  -0.011952067 -0.0014371618 0.045957759
v  0.010871505 0.0025010512 0.046296462
v  -0.01170815 0.0015703917 0.046286628
v  -9.7115143e-09 0.011811513 0.046275154
v  -0.00017554538 0.011534641 0.04632064
v  -0.00082785863 0.011354405 0.046036273
v  0.0068629137 -0.010880255 0.045946918
v  0.0072907857 -0.010497932 0.045971178
v  0.0059048138 -0.011292894 0.045938425
v  0.0064981929 -0.011160531 0.045930959
v  0.0065662316 -0.011145351 0.045930102
v  4.5500437e-06 -0.011303683 0.046045281
v  6.5318982e-06 -0.011305933 0.04604502
v  1.900417e-05 -0.011306849 0.046044916
v  -0.0057825544 0.010198402 0.046297885
v  -0.0057665803 0.010165761 0.046000041
v  -9.7115143e-09 0.011540386 0.046319924
v  -0.00017500894 0.011499736 0.046022691
v  -0.00031178672 0.011487092 0.046023831
v  9.3184153e-06 0.011534127 0.046320461
v  1.232845e-05 0.011533755 0.046320505
v  1.6277258e-05 0.01153409 0.046320461
v  6.3381831e-06 0.011535014 0.046320379
v  0.0059126816 0.011521387 0.046213798
v  0.0076477281 0.010076682 0.045977183
v  0.0072879842 0.010692011 0.045950234
v  0.0068754158 0.011136252 0.045918278
v  0.0064493171 0.011309828 0.045915164
v  -0.012276107 -0.0061712046 0.046040222
v  -0.011309708 -0.0049037416 0.046225123
v  0.007304003 -0.010529974 0.046269126
v  -0.0058470317 0.01026425 0.04628709
v  -0.0099618826 0.0084224893 0.04613328
v  -0.010893757 0.0088080494 0.046002887
v  -0.011934141 0.0092379479 0.045845859
v  -0.017169232 0.0099774478 0.045014225
v  -0.011311034 0.0050942483 0.046215355
v  -0.0099322889 0.008410248 0.046137422
v  -0.0066684582 0.018704604 0.045014225
v  -0.0058591613 0.010276626 0.046285063
v  -9.7115151e-09 0.018449735 0.045178927
v  -0.0033006468 0.019581523 0.045014225
v  -0.011996994 0.0016609386 0.046250589
v  -0.0098314527 0.017253209 0.045014225
v  -0.0062536993 0.010679523 0.046219036
v  -0.0099005494 -0.0081950324 0.045856036
v  -0.0060530999 -0.010371515 0.046264261
v  -0.0059814849 -0.01023578 0.045979902
v  0.0073011867 0.010724607 0.046248123
v  0.0068870536 -0.01092773 0.046242982
v  -0.0065404424 -0.010687017 0.046199754
v  -0.012163812 -0.0014677017 0.046234421
v  -0.012325415 -0.0015799075 0.045910388
v  -0.01371927 -7.1424246e-08 0.045903273
v  -0.012327665 0.0017645911 0.046209343
v  0.0068852655 0.011167559 0.046216436
v  0.0066937855 -0.011112102 0.046230868
v  0.0060942671 -0.011309479 0.046231739
v  -0.012570897 -0.0018013313 0.046177708
v  -0.012546966 -0.0017784357 0.045879059
v  0.0063442043 -0.011266542 0.046227172
v  0.0065067462 -0.011194737 0.046228893
v  -0.01184302 -0.0047817235 0.046168886
v  -0.006294752 0.010708812 0.046213277
v  -0.0062692561 0.010671931 0.045916542
v  0.0068271956 0.011229391 0.046212018
v  0.0068276427 0.011187705 0.045914575
v  -0.01188747 0.0049846875 0.046153612
v  0.0064617894 0.01134606 0.046212725
v  -0.0065428116 0.010878245 0.046178825
v  -0.0065232166 0.010845671 0.045881242
v  -0.012572119 0.0019992695 0.046173722
v  -0.01084041 -0.012327303 0.045333184
v  -0.0078737531 -0.011238982 0.046037614
v  -0.0065208324 -0.010654972 0.045902118
v  -0.0063033202 -0.010526062 0.045930028
v  2.2850672e-06 -0.011303131 0.046045348
v  -0.010819877 0.012537691 0.045309715
v  -0.010519007 0.012495565 0.045347884
v  -0.0058421441 0.0091362996 0.046097636
v  -0.007563571 0.011276464 0.045759536
v  -0.0085230712 0.011673021 0.045636661
v  -0.0085205678 -0.011483104 0.045658886
v  -0.0094790999 -0.011878942 0.045526534
v  -0.0105164 -0.012306464 0.045371562
v  -0.007586176 0.011310126 0.046056807
v  -0.012646073 -0.0018629401 0.046167232
v  -0.012620458 -0.0018442913 0.045868665
v  -0.01985235 -7.1424246e-08 0.044977926
v  -0.012808437 0.0022261471 0.046139292
v  -0.011988515 -0.0047006314 0.046154745
v  -0.013593504 -0.0020006269 0.046040222
v  -0.012722099 -0.0019252419 0.046156637
v  -0.012938628 -0.0023976087 0.046117559
v  -0.012908006 -0.0023894876 0.045819275
v  -0.0125886 -0.0043661897 0.046096399
v  -0.011988455 0.0049279812 0.046143979
v  -0.010743687 -0.0085562775 0.046035655
v  -0.012532854 0.0046222541 0.046092011
v  -0.012074078 0.0048897746 0.045833312
v  -0.019552881 0.003466639 0.045014225
v  -0.012827167 0.0022750825 0.046135575
v  -0.0099025909 0.0083851097 0.04583995
v  -0.012945915 0.0025853098 0.046112001
v  -0.00572894 -0.0096147964 0.046058461
v  -0.013092065 -0.0027323484 0.046089858
v  -0.013030821 -0.0026223629 0.045798175
v  -0.013106773 0.0030055151 0.046080075
v  -0.012617508 -0.0043500741 0.046093583
v  -0.013088832 -0.0041795489 0.046040222
v  -0.012775013 -0.0040779975 0.046084195
v  -0.012550959 0.0045946869 0.046090871
v  -0.018647412 0.0068268809 0.045014225
v  -0.012573654 0.0045601237 0.046089441
v  -0.013073513 -0.0030694797 0.046081573
v  -0.013066852 -0.0030644878 0.045780487
v  -0.012968699 0.0039585638 0.046064518
v  -0.012958745 -0.0037606105 0.046073243
v  -0.013043547 -0.0036141283 0.046068192
v  -0.013078908 -0.0032123036 0.045774579
v  -0.013080353 0.0032677979 0.046074487
v  -0.013083393 0.0031602189 0.045775652
v  -0.013018439 0.003882821 0.046061374
v  -0.012914443 -0.0037553094 0.045776397
v  -0.008548433 0.011707704 0.045933589
v  -0.022780189 -0.0033526279 0.044315912
v  -0.021934459 -0.0070040938 0.044315912
v  -0.020572478 -0.010341742 0.044315912
v  -0.012619609 -0.0095558697 0.045732461
v  -0.012482906 -0.0094549293 0.045758493
v  -0.01193195 -0.0090480754 0.045863412
v  -0.018650854 -0.013502766 0.044315912
v  -0.0082734618 -0.011404448 0.045989007
v  -0.010342443 -0.020572163 0.044315912
v  -0.0070035108 -0.021934699 0.044315912
v  5.1896509e-09 -0.018336758 0.045166537
v  -0.0033533373 -0.022780154 0.044315912
v  -0.011896709 -0.0090213502 0.0455667
v  -0.010861391 0.0087818978 0.045705788
v  -0.013502249 -0.01865124 0.044315912
v  -0.0085459296 -0.011517243 0.045955874
v  -0.011212582 -0.012351238 0.045289107
v  -0.0095072184 -0.01191412 0.045823134
v  0.02639324 -6.3973658e-08 0.044812322
v  0.026418602 -0.0080922777 0.044683017
v  -0.010362664 0.012455235 0.04567109
v  -0.012164081 -0.0091819251 0.045520008
v  -0.012432763 -0.0094364071 0.04546272
v  -0.012691865 -0.010037956 0.045372553
v  -0.012935767 -0.010657297 0.045276694
v  -0.012959013 -0.010915005 0.045246735
v  -0.012426967 -0.011896216 0.045201831
v  -0.011856744 -0.012275525 0.045225225
v  -0.012825632 -0.011327599 0.04521779
v  -0.011644164 -0.012378999 0.045237996
v  -0.012463937 0.009690675 0.045737676
v  -0.011898914 0.0092106713 0.045549199
v  -0.010547454 -0.012342804 0.045667723
v  -0.012710253 -0.0096992152 0.045403555
v  -0.012749085 0.0099343611 0.04567945
v  -0.012419159 0.0096700666 0.045441322
v  -0.012843156 -0.010016584 0.045658559
v  -0.01283964 -0.0099700661 0.045360371
v  0.026422476 -0.012201899 0.044238992
v  0.026422506 0.0082386164 0.044670992
v  -0.012853215 0.010207999 0.045638166
v  -0.0127498 0.0099620475 0.045372762
v  -0.012692505 0.01527192 0.045014225
v  -0.010550076 0.012532453 0.045643978
v  -0.011237541 -0.012445093 0.045580372
v  -0.012977088 -0.010292568 0.045614287
v  -0.01288172 -0.010058132 0.045346327
v  -0.010926554 0.012623298 0.04559242
v  -0.01300619 0.010609957 0.045577526
v  -0.012820402 0.010174337 0.045341901
v  -0.012975002 -0.010684577 0.045572899
v  -0.011225576 0.01261967 0.045559257
v  -0.011197606 0.012590582 0.0452618
v  -0.011241252 -0.012444523 0.045580015
v  -0.011907408 -0.012342324 0.04551588
v  -0.012977937 0.010872911 0.045552269
v  -0.012974376 0.010637308 0.045274593
v  -0.01297293 -0.011075568 0.045531616
v  -0.011671418 0.012614268 0.045509823
v  -0.011400783 0.012619036 0.045236029
v  -0.011860395 0.012477498 0.045200005
v  -0.015163729 0.01282158 0.045014225
v  -0.012967641 0.010968807 0.04554306
v  -0.01295113 0.010841797 0.045255095
v  -0.012912879 0.011478546 0.045494102
v  -0.012886191 0.011412675 0.045200661
v  -0.01283803 -0.011345544 0.045517981
v  -0.016281838 -0.016281318 0.044315912
v  -0.012588629 -0.011844666 0.045492776
v  -0.012780944 -0.011465811 0.045208097
v  -0.011920938 -0.012340249 0.045514576
v  -0.012162367 -0.012161043 0.045506693
v  -0.012287447 -0.012065873 0.045199357
v  -0.01188151 0.01249865 0.045498885
v  -0.012473235 -0.01193031 0.045496546
v  -0.012438113 0.012192349 0.045469902
v  -0.012013489 0.012430358 0.04518801
v  -0.012862438 0.011554378 0.045491531
v  -0.012476081 0.012135263 0.04547184
v  -0.012829179 0.011525291 0.045194849
v  -0.012420246 0.012071694 0.045181401
v  -0.012659186 0.011861014 0.045177519
v  -0.011879245 0.011401447 0.045326307
v  0.026420599 -0.016265761 0.043495633
v  0.017598635 0.016935151 0.044543348
v  0.026426231 0.012322995 0.044221133
v  0.0087139662 -0.021854702 0.044273727
v  0.017585343 -0.021007109 0.043560952
v  -9.7115151e-09 0.019846853 0.044948213
v  0.0087253805 0.021930423 0.044254303
v  5.1896514e-09 -0.022096749 0.044534341
v  -0.020548427 -7.1424246e-08 0.044872902
v  -0.026222641 0.0046491879 0.043339543
v  -0.022992695 -7.1424246e-08 0.044197045
v  -0.0250083 0.0091556488 0.043339543
v  -0.02302588 0.013380918 0.043339543
v  -0.02033628 0.017195221 0.043339543
v  -0.017022083 0.020481404 0.043339543
v  -0.013185093 0.023138542 0.043339543
v  -0.0089431498 0.025085028 0.043339543
v  -9.7115151e-09 0.021377433 0.044695452
v  -0.0044265487 0.02626108 0.043339543
v  0.026396951 -6.3973658e-08 0.044811845
v  0.034570623 -0.0051691015 0.043574311
v  0.03408787 -0.007861563 0.043510661
v  0.032322023 -4.9072497e-08 0.044047102
v  0.034589145 0.0049545052 0.043576486
v  0.034323413 0.0068486291 0.043549515
v  5.189646e-09 0.022913422 0.044255629
v  0.034030695 -0.0081804665 0.043503121
v  0.033378799 -0.01033019 0.043363899
v  0.03290141 -0.011904457 0.043261945
v  0.034026925 0.0080048991 0.043494664
v  0.033478368 0.010144184 0.043393172
v  0.033382434 0.010518308 0.043375425
v  0.026409214 -0.020245116 0.04236678
v  0.02642416 0.016360987 0.043473139
v  0.017592749 0.021079931 0.043539122
v  5.1896518e-09 -0.022465479 0.044449039
v  5.1896518e-09 -0.02285061 0.044333383
v  5.1896518e-09 -0.023015976 0.044283718
v  0.0042578629 -0.026695672 0.043215312
v  -0.026593411 -6.3973665e-08 0.043201424
v  -0.026397446 -0.0038849793 0.043324314
v  -0.025417427 -0.0081162574 0.043324314
v  -0.02383917 -0.011983887 0.043324314
v  -0.0216124 -0.015646849 0.043324314
v  -0.018867219 -0.018866606 0.043324314
v  -0.015646273 -0.021612849 0.043324314
v  -0.011984715 -0.023838792 0.043324314
v  -0.008115584 -0.025417686 0.043324314
v  -0.0038858154 -0.026397388 0.043324314
v  5.1896523e-09 -0.026642896 0.043194555
v  0.0087183174 -0.026135452 0.04306332
v  0.01757816 -0.025070902 0.042195149
v  0.0087298062 0.026184257 0.043046206
v  0.0042713485 0.026745018 0.043199152
v  5.1896452e-09 0.026592214 0.043202236
v  0.013166418 0.025643814 0.042694457
v  0.017585581 0.025117237 0.042175375
v  0.032842357 -0.012099174 0.043249331
v  0.03135014 -0.015531694 0.042836003
v  0.031132942 -0.015965734 0.042771526
v  0.031248217 -0.015766162 0.042807765
v  0.032810826 0.012023921 0.043230586
v  0.031953324 0.014282587 0.043013304
v  0.031386439 0.015374686 0.042841464
v  0.035 -3.4171336e-08 0.043605909
v  0.03488249 0.0028635145 0.043606251
v  0.034754682 -0.0041426201 0.043598577
v  0.037770588 -7.887482e-08 0.043117374
v  0.037777279 0.0048917863 0.043052621
v  0.037777621 -0.0051031788 0.043044142
v  0.025232738 -0.024170205 0.040969498
v  0.025241395 -0.024160977 0.04097192
v  0.025949692 -0.023406196 0.041170187
v  0.037785638 0.0099657578 0.042669795
v  0.026053971 0.02329338 0.041196115
v  0.026412597 0.020314287 0.042342119
v  0.026400303 0.022893127 0.041298836
v  0.037785877 -0.010145863 0.042648003
v  0.028633406 -0.020049278 0.041984633
v  0.029273083 -0.01918558 0.042186841
v  0.031030139 0.016061079 0.042733461
v  0.030069774 0.017911229 0.042442337
v  -0.026643941 -6.3973665e-08 0.043187454
v  -0.030689234 0.0054411101 0.041719332
v  -0.029296437 -5.6523085e-08 0.042454019
v  -0.029268051 0.010715182 0.041719332
v  -0.02694797 0.015660156 0.041719332
v  -0.023800233 0.020124163 0.041719332
v  -0.019921521 0.023970094 0.041719332
v  -0.015430966 0.027079832 0.041719332
v  -0.010466481 0.029357869 0.041719332
v  5.1896452e-09 0.027268838 0.043008484
v  5.1896452e-09 0.029606771 0.042339034
v  -0.0051805326 0.030734237 0.041719332
v  -0.028741488 -0.0091776857 0.042124055
v  -0.029849688 -0.0043930416 0.042124055
v  -0.026956836 -0.013551124 0.042124055
v  -0.024438867 -0.017693125 0.042124055
v  -0.021334657 -0.021333959 0.042124055
v  -0.017692471 -0.02443935 0.042124055
v  -0.013552064 -0.026956402 0.042124055
v  -0.0091769341 -0.028741784 0.042124055
v  -0.0043940046 -0.029849611 0.042124055
v  5.1896527e-09 -0.030041687 0.0421739
v  5.1896523e-09 -0.027215179 0.0430227
v  0.037787292 -0.015108676 0.041737728
v  0.037787456 0.014962758 0.041774489
v  0.004271125 -0.030931912 0.041667819
v  0.0042846403 0.030954596 0.04165709
v  0.042492557 -1.4593004e-07 0.042284757
v  0.0087339636 -0.030302655 0.041472681
v  0.013166001 -0.029636629 0.04103037
v  0.050000001 0.0034115792 0.040819123
v  0.049999956 0.0045970785 0.040733129
v  0.049999926 0.0051338854 0.040694185
v  0.0087454971 0.030325096 0.041460991
v  0.050000001 -2.0553469e-07 0.040879771
v  0.049999956 -0.0094932439 0.040268652
v  0.049999882 -0.0057957773 0.04069028
v  0.049999882 -0.005633079 0.0406956
v  0.049999896 -0.004796267 0.040722959
v  0.037769426 -0.01985433 0.04008963
v  0.037770171 0.019745309 0.040139027
v  0.013175523 0.029658426 0.041017771
v  0.049999837 0.01053525 0.040092081
v  0.049999822 0.0093234209 0.040283859
v  0.049999792 0.0080820499 0.040480308
v  0.049999986 -0.010965017 0.040030524
v  0.049999986 -0.010274806 0.040179536
v  -0.030139351 -5.6523088e-08 0.042056493
v  0.028567558 0.020121802 0.041961476
v  0.026396131 -0.022930462 0.041295156
v  0.026886603 -0.022407815 0.041432448
v  0.028101673 -0.020767223 0.041816548
v  0.028214371 0.020641532 0.041848421
v  0.027723318 0.021364134 0.041691236
v  5.1896447e-09 0.03111897 0.041617073
v  0.020893058 -0.028079756 0.03999193
v  0.023243358 -0.026104327 0.040474273
v  0.020231059 -0.028516956 0.039916106
v  0.024068659 -0.025410656 0.040643647
v  0.017574569 -0.028942171 0.040387608
v  0.025238177 0.024236199 0.040954158
v  0.023344865 0.026005264 0.040497191
v  0.025258457 0.024212759 0.040960178
v  0.022209233 0.027050797 0.040226981
v  0.017582079 0.028963033 0.04037416
v  5.1896527e-09 -0.030166119 0.042113431
v  -0.031110803 -4.9072508e-08 0.04159835
v  -0.032368939 -0.0047638011 0.041017205
v  -0.031167218 -0.0099522592 0.041017205
v  -0.02923193 -0.014694803 0.041017205
v  -0.026501456 -0.019186378 0.041017205
v  -0.023135254 -0.023134492 0.041017205
v  -0.019185686 -0.026501972 0.041017205
v  -0.014695833 -0.029231459 0.041017205
v  -0.0099514518 -0.031167522 0.041017205
v  -0.0047648498 -0.032368846 0.041017205
v  5.1896527e-09 -0.031444058 0.041492365
v  0.037749026 -0.022059292 0.038938314
v  0.049999852 0.011979173 0.039863579
v  0.049999896 0.013935651 0.039341569
v  0.049999926 0.015408087 0.038948707
v  0.050000016 -0.014002194 0.039374821
v  0.050000031 -0.015786339 0.038762398
v  0.050000016 -0.01408117 0.039347708
v  -0.032649454 -4.9072508e-08 0.040872708
v  -0.033359643 0.010589364 0.039764173
v  -0.034404051 0.0060965228 0.039764173
v  -0.031279068 0.015704136 0.039764173
v  -0.032785904 0.011999811 0.039764173
v  -0.028419981 0.020428043 0.039764173
v  -0.030172745 0.017532039 0.039764173
v  -0.024853522 0.024643507 0.039764173
v  -0.026643286 0.022528056 0.039764173
v  -0.020668486 0.028245602 0.039764173
v  -0.022303188 0.026838597 0.039764173
v  -0.015969003 0.031144675 0.039764173
v  -0.017282123 0.030334625 0.039764173
v  -0.010872075 0.033268575 0.039764173
v  -0.011729861 0.032911133 0.039764173
v  -0.0055045434 0.034564432 0.039764173
v  -0.0058119693 0.034490217 0.039764173
v  5.1896447e-09 0.03145678 0.04145579
v  0.037750084 0.021970179 0.038991235
v  0.0023890487 -0.034918446 0.039746396
v  0.0042918525 -0.034677088 0.039700657
v  0.0064037642 -0.034409203 0.039649896
v  0.0064152232 -0.034406338 0.039649546
v  5.1896532e-09 -0.032661136 0.040900879
v  0.0041066012 0.034758288 0.03971345
v  0.0032212487 0.034810398 0.03972438
v  0.0081826057 0.03403021 0.039593115
v  0.006411185 0.034346629 0.039645411
v  0.004307752 0.034722354 0.039707512
v  0.0087596532 -0.033820916 0.039577924
v  0.010527706 -0.033379413 0.039523907
v  0.0087734964 0.03385086 0.039577924
v  0.012111908 0.032837588 0.039492063
v  5.1896443e-09 0.035 0.039764166
v  0.037718225 -0.024090566 0.037545659
v  0.014150625 -0.03201184 0.039484799
v  0.012720441 -0.032551702 0.039500237
v  0.012759557 -0.032536939 0.039499819
v  0.013183391 -0.032376949 0.039495245
v  0.013193866 0.03236584 0.039500415
v  0.013049146 0.032428946 0.039499298
v  0.012721723 0.032571699 0.039496772
v  0.015816813 0.031222206 0.039520666
v  -0.035000008 -3.4171347e-08 0.039764173
v  -0.034737583 -0.002844651 0.039764173
v  -0.034530696 -0.0050872345 0.039764173
v  -0.034437891 -0.00609332 0.039764173
v  -0.034409311 -0.0064030741 0.039764173
v  -0.033192914 -0.010603511 0.039764173
v  -0.032602739 -0.012641509 0.039764173
v  -0.032506209 -0.012974826 0.039764173
v  -0.033561792 -0.0093297372 0.039764173
v  -0.031041631 -0.015786935 0.039764173
v  -0.03111806 -0.015640169 0.039764173
v  -0.027153248 -0.021793291 0.039764173
v  -0.029389048 -0.018960007 0.039764173
v  -0.029265696 -0.019196838 0.039764173
v  -0.028250957 -0.02044408 0.039764173
v  -0.024748722 -0.02474875 0.039764173
v  -0.024857977 -0.024614457 0.039764173
v  -0.020491803 -0.028312199 0.039764173
v  -0.020007694 -0.028717451 0.039764173
v  -0.019220004 -0.029150777 0.039764173
v  -0.022091577 -0.026973039 0.039764173
v  -0.015638674 -0.031120963 0.039764173
v  -0.013544673 -0.032272924 0.039764173
v  -0.012944603 -0.032459531 0.039764173
v  -0.016079986 -0.030878183 0.039764173
v  -0.0096438769 -0.033485968 0.039764173
v  -0.010598222 -0.033189192 0.039764173
v  -0.0031453618 -0.034675486 0.039764188
v  -0.0050816485 -0.034475707 0.039764181
v  -0.0064006099 -0.034339618 0.039764173
v  -0.0071461597 -0.034262694 0.039764173
v  0.025224542 -0.025829859 0.040111192
v  0.037719492 0.024021443 0.037599668
v  0.025225272 0.025748331 0.040157899
v  0.025127595 0.024363991 0.04092136
v  5.1896532e-09 -0.035000015 0.039764203
v  0.063928135 -4.0670037e-07 0.038307585
v  -0.034609895 0.0052110287 0.039764173
v  0.063846715 0.0053006369 0.038011588
v  0.063844122 -0.0058114459 0.037954159
v  0.063922144 -0.01129748 0.036944926
v  0.063906886 0.010856765 0.037055865
v  0.025203994 -0.028013688 0.038702138
v  0.017576804 -0.030263152 0.039615534
v  0.019514268 -0.028990343 0.039834008
v  0.017621597 -0.03024029 0.03961724
v  0.018973282 -0.029347613 0.039772049
v  0.01758874 0.030192513 0.039649382
v  0.020183137 0.028545815 0.039911523
v  0.019728636 0.028881174 0.039840758
v  0.019295981 0.029200424 0.039773397
v  0.018969661 0.029390056 0.039749689
v  0.02520459 0.027951192 0.038747177
v  0.050000045 0.017657455 0.03804674
v  0.050000075 0.018339794 0.037773132
v  0.050000001 0.019686554 0.037013732
v  0.049999926 0.015451687 0.038931221
v  0.037678543 -0.025887631 0.035927624
v  0.050000016 -0.017966785 0.037903145
v  0.050000031 -0.017264925 0.038254857
v  0.044027913 -0.019178674 0.038874105
v  0.044013355 -0.021277029 0.037707768
v  0.018970182 0.03126299 0.038492471
v  0.025185725 0.029950041 0.037127227
v  0.018970316 -0.031314474 0.038454048
v  0.025185337 -0.029994726 0.037086032
v  5.1896532e-09 -0.035494048 0.039363377
v  -0.0032126405 -0.035391923 0.039416857
v  -0.0065061101 -0.034936797 0.039416857
v  -0.035507303 -3.4171347e-08 0.039377347
v  -0.035418745 -0.0029019609 0.039416857
v  -0.03667089 0.005521338 0.038249031
v  -0.034994286 -0.0061894325 0.039416857
v  -0.035346176 0.011219951 0.038249031
v  -0.034238618 -0.0095197642 0.039416857
v  -0.033141714 0.016639311 0.038249031
v  -0.033134904 -0.012844757 0.039416857
v  -0.031675499 -0.016111232 0.039416857
v  -0.030112365 0.021644514 0.038249031
v  -0.02986362 -0.019263271 0.039416857
v  -0.027714068 -0.022244986 0.039416857
v  -0.026333535 0.026111003 0.038249031
v  -0.02525335 -0.025003545 0.039416857
v  -0.021899277 0.0299276 0.038249031
v  -0.022518659 -0.027492169 0.039416857
v  -0.01691995 0.032999318 0.038249031
v  -0.019556025 -0.029672731 0.039416857
v  -0.016417855 -0.031517666 0.039416857
v  -0.013159866 -0.033011016 0.039416857
v  -0.011519501 0.035249691 0.038249031
v  -0.0098380987 -0.034148514 0.039416857
v  -0.0058323243 0.036622714 0.038249031
v  5.1896443e-09 0.036692511 0.038458027
v  0.0032333187 -0.036468044 0.038598418
v  0.0032330356 0.036427084 0.038630717
v  0.0064316741 0.035983082 0.038541138
v  0.0064321212 -0.03602419 0.038508609
v  0.012745133 0.034793999 0.037880763
v  0.01274561 -0.034832828 0.037847482
v  0.018979272 -0.033353075 0.036696605
v  0.018979048 0.033318948 0.036730871
v  -0.038232546 -0.0031325042 0.03698878
v  -0.037774365 -0.006681141 0.03698878
v  -0.036958661 -0.010276047 0.03698878
v  -0.035767253 -0.013865192 0.03698878
v  -0.034191918 -0.017391164 0.03698878
v  -0.032236096 -0.020793613 0.03698878
v  -0.029915774 -0.024012208 0.03698878
v  -0.027259568 -0.026989914 0.03698878
v  -0.024307618 -0.029676244 0.03698878
v  -0.021109635 -0.032030039 0.03698878
v  -0.017722154 -0.034021541 0.03698878
v  -0.014205331 -0.035633527 0.03698878
v  -0.010619679 -0.036861394 0.03698878
v  -0.0070229718 -0.037712302 0.03698878
v  5.1896536e-09 -0.038206339 0.03716284
v  5.1896536e-09 -0.036697742 0.038386799
v  -0.0034678527 -0.038203582 0.03698878
v  -0.0370485 -4.3690234e-09 0.038202174
v  0.064252891 -0.016278144 0.035209909
v  0.049999926 0.020881657 0.036339849
v  0.049999956 0.020362642 0.036632515
v  0.064216979 0.015912022 0.035372466
v  0.043991018 -0.023198459 0.036302038
v  0.064481534 0.018221315 0.03423211
v  0.049999956 -0.019986045 0.036891259
v  0.050000001 -0.018416017 0.037678026
v  0.037679825 0.025837865 0.035978913
v  0.03763463 0.027366776 0.03416083
v  0.031397242 0.028625954 0.035628438
v  0.031396363 -0.02866387 0.035584733
v  5.1896443e-09 0.037039097 0.038190559
v  5.1896438e-09 0.037732195 0.037655681
v  0.0032473854 0.038513836 0.036586314
v  0.0032475195 -0.038535353 0.036559016
v  0.0064544133 0.038083281 0.036481775
v  0.0064546368 -0.038105007 0.03645426
v  0.01277048 -0.036789678 0.035770483
v  0.025171941 -0.031724729 0.035238676
v  0.06602291 -4.3650269e-07 0.037920728
v  0.064527161 -0.018550746 0.034045435
v  -0.037607666 3.081557e-09 0.0377758
v  -0.038519751 0.005799714 0.036237963
v  -0.037128236 0.011785637 0.036237963
v  -0.03481264 0.017478224 0.036237963
v  -0.031630557 0.022735778 0.036237963
v  -0.027661199 0.027427454 0.036237963
v  -0.023003379 0.031436477 0.036237963
v  -0.017773012 0.034663055 0.036237963
v  -0.012100289 0.037026893 0.036237963
v  -0.0061263838 0.038469147 0.036237963
v  0.056493837 0.019914161 0.035261005
v  0.071909763 0.0054552737 0.036579438
v  0.071971484 -0.011633095 0.035260014
v  0.071907766 -0.0059810509 0.036505319
v  0.071978457 -2.5023817e-07 0.03699255
v  0.056558955 -0.020196084 0.035070568
v  0.012770211 0.036769364 0.035798028
v  0.018993264 -0.035045419 0.034605213
v  -0.038246002 -4.3690238e-09 0.036904752
v  0.049999956 -0.02006527 0.036851563
v  0.049999986 -0.020445958 0.036589071
v  0.05000006 -0.021777585 0.035670899
v  5.1896438e-09 0.038629618 0.036409847
v  0.049999941 0.021530014 0.035835236
v  0.043991957 0.023133334 0.036356516
v  0.043961469 -0.024882402 0.034670137
v  5.1896536e-09 -0.038324352 0.036966912
v  0.02517212 0.03169648 0.035273977
v  0.031362463 -0.030087575 0.033656396
v  0.071959145 0.011178452 0.035393231
v  0.075895943 -1.235783e-07 0.036382012
v  0.079629846 0.0025510371 0.035816573
v  -0.039160293 -0.0032085187 0.035730578
v  -0.038690995 -0.0068432656 0.035730578
v  -0.037855502 -0.010525406 0.035730578
v  -0.036635187 -0.014201646 0.035730578
v  -0.035021614 -0.01781318 0.035730578
v  -0.033018332 -0.021298192 0.035730578
v  -0.030641714 -0.024594888 0.035730578
v  -0.027921045 -0.027644854 0.035730578
v  -0.024897465 -0.030396368 0.035730578
v  -0.021621877 -0.032807279 0.035730578
v  -0.018152202 -0.034847111 0.035730578
v  -0.01455004 -0.036498211 0.035730578
v  -0.010877365 -0.037755873 0.035730578
v  -0.0071933963 -0.038627431 0.035730578
v  5.1896536e-09 -0.038662501 0.036405519
v  -0.0035520145 -0.039130632 0.035730578
v  0.072237529 -0.01678662 0.033238403
v  -0.038811248 3.081557e-09 0.036133416
v  0.01899307 0.035028201 0.0346324
v  0.025168693 -0.033084918 0.033139482
v  0.057059709 -0.022060111 0.033626415
v  5.1896438e-09 0.039790045 0.034798898
v  5.1896438e-09 0.038962509 0.03594771
v  5.1896438e-09 0.038821924 0.036142878
v  0.003255432 0.039928179 0.034037679
v  0.079616793 0.0056615653 0.035462931
v  5.1896536e-09 -0.039128274 0.035632253
v  0.0032554618 -0.039933782 0.034021199
v  0.079629458 -0.0092058303 0.034743898
v  0.079616465 -0.0062079695 0.035374291
v  0.07962627 -0.0031274341 0.035770543
v  0.079655208 -1.5338063e-07 0.035959959
v  0.0064682714 0.039512154 0.033907011
v  0.0064683161 -0.039517794 0.033890314
v  0.012790104 -0.038093798 0.033223763
v  0.049999956 0.022235017 0.035286531
v  0.049999971 0.023095306 0.034616962
v  0.043962438 0.02483606 0.034721866
v  0.056986306 0.021815281 0.033836797
v  0.050000075 -0.022224974 0.035362422
v  0.050000001 -0.023351654 0.034302026
v  0.050000075 -0.022324242 0.035268992
v  -0.038655501 0.005820151 0.03604041
v  -0.037259083 0.011827166 0.03604041
v  -0.034935322 0.017539818 0.03604041
v  -0.031742018 0.022815902 0.03604041
v  -0.027758682 0.027524117 0.03604041
v  -0.023084441 0.031547267 0.03604041
v  -0.017835641 0.034785215 0.03604041
v  -0.012142921 0.037157383 0.03604041
v  -0.0061479756 0.03860471 0.03604041
v  -0.038953405 3.0815568e-09 0.035939433
v  -0.03969438 0.0059765684 0.033878438
v  -0.039791148 3.0815568e-09 0.034796283
v  -0.039171126 -4.3690238e-09 0.035642348
v  -0.038260441 0.01214503 0.033878438
v  -0.035874214 0.018011201 0.033878438
v  -0.032595094 0.023429092 0.033878438
v  -0.028504709 0.028263833 0.033878438
v  -0.023704851 0.032395106 0.033878438
v  -0.018314982 0.035720076 0.033878438
v  -0.012469271 0.038155999 0.033878438
v  -0.0063131996 0.039642226 0.033878438
v  0.084262349 -1.9808411e-07 0.035442725
v  0.087111004 0.002668354 0.035126515
v  0.037633542 -0.027399264 0.034115426
v  0.043926988 -0.026278254 0.032843374
v  0.012789985 0.038088758 0.033240259
v  0.087105729 -0.0065016006 0.034625366
v  0.087109394 -0.0032717183 0.035075247
v  0.019012963 -0.036115296 0.032141343
v  -0.039832335 -0.0032635785 0.034381762
v  -0.039354976 -0.0069607054 0.034381762
v  -0.038505148 -0.010706034 0.034381762
v  -0.037263881 -0.014445362 0.034381762
v  -0.035622638 -0.018118877 0.034381762
v  -0.033584964 -0.021663696 0.034381762
v  -0.031167561 -0.025016967 0.034381762
v  -0.028400207 -0.028119273 0.034381762
v  -0.025324741 -0.03091801 0.034381762
v  -0.021992931 -0.033370294 0.034381762
v  -0.01846371 -0.035445128 0.034381762
v  -0.014799738 -0.037124567 0.034381762
v  -0.011064032 -0.038403813 0.034381762
v  -0.0073168376 -0.039290324 0.034381762
v  -0.0036129602 -0.039802164 0.034381762
v  5.189654e-09 -0.039903939 0.034344502
v  0.031362999 0.030065138 0.033692606
v  0.037589658 -0.028581396 0.032132469
v  0.079625227 0.0086940555 0.034869179
v  0.087105639 0.0059279683 0.034727022
v  0.087122925 -1.6083121e-07 0.035280734
v  0.079663135 0.011621165 0.034048162
v  0.07220868 0.016406488 0.033424199
v  0.087113626 -0.0096550481 0.03389293
v  0.057556454 0.023523372 0.032205917
v  0.09153489 -1.0122655e-07 0.035030887
v  0.094000317 0.0010510639 0.034984216
v  0.025168648 0.033071596 0.033166081
v  0.057636146 -0.023731183 0.031978093
v  0.064820625 0.020374585 0.032886609
v  0.079751857 -0.014860799 0.032816328
v  0.079672731 -0.012095829 0.033890136
v  0.031342495 -0.031120885 0.031554297
v  0.094000317 0.0028087453 0.034826837
v  0.094000317 -0.0034491054 0.034795433
v  0.094000317 -0.0041369204 0.034754649
v  0.094000287 -0.0068589379 0.03426569
v  0.065292694 -0.022621319 0.031110669
v  0.064874835 -0.020668052 0.032678619
v  0.094000317 -4.3690069e-09 0.034999937
v  0.14249998 0.0085519133 0.033939131
v  0.094000317 0.005180459 0.034614488
v  0.14249998 3.0815799e-09 0.034999996
v  0.14249998 -0.0085519152 0.033939131
v  0.14249998 0.0041826251 0.034446999
v  0.14249998 -0.0041826223 0.034446999
v  0.14949998 -0.0076488745 0.034153983
v  0.1525 3.0815812e-09 0.034999996
v  0.14949998 3.0815808e-09 0.034999996
v  0.1525 0.0083760498 0.033982962
v  0.14949998 0.0083760498 0.033982962
v  0.14949998 0.0041826251 0.034446999
v  0.14949998 -0.0041826223 0.034446999
v  0.1525 -0.0076488745 0.034153983
v  0.1525 3.0815812e-09 0.030999998
v  0.1525 -0.0080233896 0.029943699
v  0.087111242 0.0091159744 0.03403946
v  5.1896438e-09 0.039964858 0.033979513
v  -0.039883267 3.0815568e-09 0.034364164
v  0.087136902 -0.012704124 0.03288836
v  0.094000287 0.008544731 0.033905081
v  0.094000287 0.0062507647 0.034388795
v  0.049999971 0.023909967 0.033734307
v  0.049999971 0.024569985 0.0330192
v  0.043927852 0.026248548 0.032889105
v  0.049999941 -0.024193313 0.03350988
v  0.049999956 -0.023983177 0.033707649
v  0.049999941 -0.024626341 0.032930158
v  0.019012814 0.036111463 0.032157034
v  0.094000287 -0.0082175182 0.034021646
v  0.025184577 -0.033864111 0.030791679
v  0.14249998 0.012304793 0.032445066
v  0.14949998 0.012304793 0.032445066
v  0.14249998 -0.012304791 0.032445066
v  0.14949998 -0.012304791 0.032445066
v  -0.039993551 3.0815568e-09 0.03384684
v  -0.040231016 -0.0032962456 0.032970645
v  -0.039748874 -0.0070303758 0.032970645
v  -0.038890537 -0.010813192 0.032970645
v  -0.037636857 -0.014589944 0.032970645
v  -0.035979178 -0.018300224 0.032970645
v  -0.033921119 -0.021880526 0.032970645
v  -0.031479519 -0.025267359 0.032970645
v  -0.028684461 -0.028400715 0.032970645
v  -0.02557821 -0.031227462 0.032970645
v  -0.022213066 -0.033704292 0.032970645
v  -0.018648515 -0.035799894 0.032970645
v  -0.014947871 -0.037496142 0.032970645
v  -0.011174778 -0.038788188 0.032970645
v  -0.0073900768 -0.039683577 0.032970645
v  5.189654e-09 -0.040263932 0.032954432
v  5.189654e-09 -0.040098894 0.033991329
v  5.189654e-09 -0.040092509 0.034031436
v  -0.0036491253 -0.040200535 0.032970645
v  0.07269264 0.021062713 0.030629205
v  0.037590373 0.028563466 0.032169275
v  0.14949998 -0.014927973 0.031656839
v  0.1525 -0.015499999 0.026846791
v  0.043892372 -0.027345981 0.030849593
v  0.079736508 0.014424193 0.033004239
v  0.087131806 0.012202824 0.033074781
v  0.072736003 -0.021371089 0.030398684
v  0.094000287 0.0092371581 0.033759072
v  0.094000287 0.0096381931 0.033623345
v  0.094000258 0.012930679 0.032509014
v  5.1896438e-09 0.039993186 0.033846736
v  0.0026467792 0.040399704 0.03143242
v  0.0032573692 0.040268693 0.032609224
v  0.094000287 -0.0085464539 0.033921242
v  0.0029334924 -0.040377159 0.031423666
v  0.0064726374 -0.039852459 0.032449916
v  0.0032573692 -0.040269911 0.032600544
v  0.1525 0.016265314 0.03099096
v  0.14949998 0.016265314 0.03099096
v  0.1525 0.0080233915 0.029943699
v  0.14249998 0.016585406 0.030820841
v  0.094000258 -0.01218281 0.032811262
v  0.14249998 -0.016585402 0.030820841
v  0.094000287 -0.010201213 0.033416137
v  0.0064726225 0.039851282 0.03245873
v  0.012800029 -0.038378101 0.031805284
v  0.087178566 -0.015626483 0.031621173
v  -0.040048596 0.0060298997 0.031471081
v  -0.038635548 0.012108552 0.031471081
v  -0.036194351 0.018171933 0.031471081
v  -0.038601872 0.012253406 0.031471081
v  -0.03288598 0.023638163 0.031471081
v  -0.034753885 0.020551924 0.031471081
v  -0.029194856 0.028000977 0.031471081
v  -0.023916388 0.032684196 0.031471081
v  -0.028759072 0.028516058 0.031471081
v  -0.018478418 0.036038842 0.031471081
v  -0.021997342 0.033868033 0.031471081
v  -0.013689229 0.038034502 0.031471081
v  -0.0063695409 0.039995987 0.031471081
v  -0.012580538 0.038496491 0.031471081
v  5.1896438e-09 0.040500034 0.031471081
v  -0.0046471008 0.040132288 0.031471081
v  -0.04027858 0.0029577122 0.031471081
v  -0.040188398 3.0815568e-09 0.032932825
v  0.06523136 0.022363309 0.031338282
v  0.05819476 0.025020849 0.030378858
v  0.031342585 0.031111356 0.031580292
v  0.037560362 -0.029366009 0.030030699
v  0.065774508 -0.024397373 0.029332625
v  0.0798494 0.017090578 0.031737745
v  0.012799969 0.038377222 0.031813934
v  0.0798705 -0.017489143 0.031522535
v  0.08003027 -0.019972481 0.030009108
v  0.019028535 -0.036308326 0.030801984
v  0.025184399 0.033861723 0.030806275
v  0.031352583 -0.031622063 0.029323386
v  0.094000258 0.013164255 0.032429963
v  0.087170519 0.015164885 0.031842753
v  0.049999971 0.024656329 0.032925643
v  -0.040499996 3.0815566e-09 0.031471081
v  -0.040272798 -0.0033008724 0.031471081
v  -0.039749395 -0.0070207794 0.031471081
v  -0.040118065 -0.0055489992 0.031471081
v  -0.038803991 -0.010795073 0.031471081
v  -0.03799675 -0.014017739 0.031471081
v  -0.037702765 -0.014609006 0.031471081
v  -0.035889026 -0.018256765 0.031471081
v  -0.034109797 -0.0218351 0.031471081
v  -0.034022268 -0.021943923 0.031471081
v  -0.031400334 -0.025203489 0.031471081
v  -0.028637821 -0.028637823 0.031471081
v  -0.028763304 -0.028481837 0.031471081
v  -0.025516355 -0.031148668 0.031471081
v  -0.022252733 -0.033773858 0.031471081
v  -0.021835098 -0.034109797 0.031471081
v  -0.018608654 -0.035714056 0.031471081
v  -0.01495322 -0.037531611 0.031471081
v  -0.01401774 -0.03799675 0.031471081
v  -0.011160651 -0.038712416 0.031471081
v  -0.0073758014 -0.039660469 0.031471081
v  -0.0055489936 -0.040118057 0.031471081
v  -0.003655354 -0.040248409 0.031471081
v  5.189654e-09 -0.04050003 0.031471081
v  0.058278475 -0.025191769 0.030138755
v  0.050058771 -0.024712268 0.032799929
v  0.049999941 -0.024709206 0.032819219
v  0.050737817 0.025779646 0.031205224
v  0.049999971 0.024927843 0.032631472
v  0.049999926 0.025344577 0.031985253
v  0.049999896 0.025705587 0.031425439
v  0.043892939 0.02733003 0.03088651
v  0.094000258 -0.015977163 0.031140493
v  0.094000258 -0.01344809 0.032254122
v  0.049999956 -0.025875814 0.031257413
v  0.049999956 -0.025370765 0.031933554
v  0.05083609 -0.025903609 0.030976461
v  0.087240733 -0.01840407 0.030100653
v  0.058974046 -0.026424874 0.02813858
v  0.073069729 -0.023433134 0.028672146
v  0.0045413724 0.04015952 0.031338006
v  0.0032550595 0.040322591 0.031402111
v  0.0064754686 0.039914329 0.03124162
v  0.0045421324 -0.040161502 0.031338722
v  0.0032565794 -0.040333845 0.031406604
v  0.0066512129 0.039892051 0.031232858
v  0.011025509 0.03891303 0.030836368
v  0.0091594514 0.039330672 0.031005511
v  0.0071765832 0.039774466 0.031185241
v  0.0064735613 -0.039902568 0.031236732
v  0.0069435588 -0.039839562 0.031211914
v  0.0071471534 -0.039792649 0.031192856
v  0.0091585424 -0.039329194 0.031004557
v  0.14249998 0.019711848 0.028557541
v  0.14949998 0.019711848 0.028557541
v  0.14249998 -0.019711845 0.028557541
v  0.14949998 -0.019711845 0.028557541
v  0.094000258 0.016078923 0.031040417
v  0.065707929 0.024174888 0.029577987
v  0.037560556 0.0293593 0.030056233
v  0.019028431 0.036307942 0.03081009
v  0.043868039 -0.028032992 0.028749706
v  0.066310205 -0.025977805 0.027353028
v  0.094000258 0.016576905 0.030803012
v  0.087229706 0.017983157 0.030352855
v  0.013485393 0.038154069 0.030516105
v  0.012796035 0.038366761 0.030605854
v  0.01595985 0.037390608 0.030193949
v  0.012797495 -0.038371425 0.030607821
v  0.013485899 -0.038155265 0.030516328
v  0.011370128 -0.038819611 0.030797521
v  0.080003805 0.019611422 0.030248778
v  0.14949998 -0.021485399 0.027629288
v  0.1525 -0.021485399 0.027629288
v  0.1525 -0.021920308 0.02192031
v  0.094000258 -0.016572367 0.030789101
v  0.094000258 -0.016568135 0.030791597
v  0.031352405 0.031621005 0.029336901
v  0.037564609 -0.029670972 0.027885096
v  0.087324299 -0.021021571 0.028336154
v  -0.040499996 3.0815566e-09 0.016461084
v  -0.040391233 0.0029661462 0.016461084
v  -0.040118065 -0.0055489992 0.016461084
v  -0.038646739 0.012111153 0.016461084
v  -0.03799675 -0.014017739 0.016461084
v  -0.034860056 0.020616177 0.016461084
v  -0.034109797 -0.0218351 0.016461084
v  -0.029231289 0.0280318 0.016461084
v  -0.028637821 -0.028637823 0.016461084
v  -0.021835098 -0.034109797 0.016461084
v  -0.022057885 0.033966158 0.016461084
v  -0.01401774 -0.03799675 0.016461084
v  -0.013718883 0.03810567 0.016461084
v  -0.0055489936 -0.040118057 0.016461084
v  -0.0046549537 0.040231597 0.016461084
v  -0.00099999679 -0.040487651 0.016461084
v  -0.00099999679 -0.040487651 0.019471081
v  5.1896434e-09 0.040500011 0.025862942
v  5.189654e-09 -0.040500011 0.025862033
v  5.189654e-09 -0.040499989 0.019471081
v  0.0028137914 0.04038905 0.023094067
v  0.049999837 0.026326541 0.03046255
v  0.0028136275 -0.040389065 0.023093322
v  0.073020793 0.023159686 0.028921658
v  0.0069025359 0.039859693 0.019471126
v  0.051685009 -0.026802734 0.029002646
v  0.049999986 -0.02648874 0.02998996
v  0.0068872175 -0.039872188 0.019470761
v  0.051586676 0.026713345 0.029230999
v  0.058888692 0.0262901 0.028384538
v  0.0069125346 -0.039867558 0.019470775
v  0.0089231338 -0.039407846 0.0297841
v  0.0069082878 0.039858673 0.019471126
v  0.0089232381 0.039407831 0.029784607
v  0.073453166 -0.025326528 0.02673276
v  0.012786692 0.038307313 0.027008483
v  0.14249998 0.0080233915 0.029943699
v  0.14249998 3.0815799e-09 0.030999998
v  0.14249998 -0.0080233896 0.029943699
v  0.14249998 -0.026846785 0.015500003
v  0.14249998 -0.021920308 0.02192031
v  0.1525 0.023209292 0.026197875
v  0.14949998 0.023209292 0.026197875
v  0.1525 0.015499997 0.026846791
v  0.049999882 0.026608471 0.029776687
v  0.043868218 0.028027233 0.028775105
v  0.049999867 0.02649929 0.0300423
v  0.049999986 -0.026686542 0.029580774
v  0.094000258 0.01690663 0.030645812
v  0.14249998 0.023613472 0.025834167
v  0.094000228 0.020411786 0.028431656
v  0.094000228 0.019069422 0.029279606
v  0.094000228 -0.019547328 0.029032776
v  0.14249998 -0.023613468 0.025834167
v  0.017061671 0.036979217 0.030008825
v  0.019030562 0.036244076 0.029678026
v  0.017628467 0.036767583 0.029913599
v  0.025232321 0.033880126 0.028538549
v  0.02219913 0.035061006 0.029145667
v  0.025647214 0.033718605 0.028455505
v  0.022634869 -0.03488921 0.029064642
v  0.016337117 -0.037259981 0.030137384
v  0.017028427 -0.03699974 0.030019628
v  0.017631536 -0.036772698 0.029916899
v  0.019031128 -0.036245827 0.029678496
v  0.012786588 -0.038307343 0.027007962
v  0.025232857 -0.03387966 0.028542409
v  0.025647899 -0.033718381 0.028458985
v  0.080199547 0.021978956 0.028540822
v  0.016549235 0.036953632 0.024609806
v  0.080469318 -0.024471495 0.02634185
v  0.080230661 -0.022303104 0.028280305
v  0.066240527 0.02579112 0.027611429
v  0.087310471 0.020641718 0.028614545
v  0.017584955 0.036794316 0.029669585
v  0.066886641 -0.027343076 0.025198231
v  0.016549131 -0.036953665 0.024609277
v  0.037564445 0.029670764 0.027897837
v  0.043868322 -0.028292656 0.026625426
v  0.017584866 -0.036794316 0.029669227
v  0.087428756 -0.023464646 0.02633849
v  0.14249998 0.015499997 0.026846791
v  0.14249998 -0.029943701 -0.0080233915
v  0.14249998 -0.030999999 1.0796823e-09
v  0.14249998 -0.029943701 0.0080233896
v  0.14249998 -0.015499999 0.026846791
v  0.021267748 0.035240535 0.027569229
v  0.010136014 0.039154213 0.019471118
v  0.0078031174 0.039699648 0.019471118
v  0.0097022709 -0.039266039 0.019471915
v  0.0075168661 -0.039757039 0.019471126
v  0.052473191 0.027394112 0.027175883
v  0.050000001 0.027297426 0.028100634
v  0.021267658 -0.035240538 0.027568871
v  0.018394923 0.036187526 0.023543553
v  0.018394819 -0.036187556 0.023543032
v  0.050000001 -0.027064633 0.028798627
v  0.073400266 0.02508815 0.026999565
v  0.031402934 0.031477783 0.027303452
v  0.031108072 0.031592581 0.027362468
v  0.037382562 0.029519614 0.026052544
v  0.03367864 0.030730437 0.026827695
v  0.031457562 0.031456519 0.027292522
v  0.073876925 -0.02703258 0.024585681
v  0.031098282 -0.031600427 0.027363377
v  0.031404067 -0.031481601 0.027301909
v  0.031628598 -0.031394351 0.027256774
v  0.033678044 -0.030729 0.02682803
v  0.024898147 0.033555303 0.02566486
v  0.094000198 -0.022294477 0.026936429
v  0.052569438 -0.027451977 0.026953207
v  0.060464654 -0.028168716 0.023817727
v  0.080434419 0.024183866 0.026620569
v  0.049999837 -0.027293716 0.027906442
v  0.047069836 -0.027591147 0.028256761
v  0.049999956 0.027330246 0.027944045
v  0.043868218 0.028292459 0.026638011
v  0.047069434 -0.027906362 0.026109019
v  0.08074186 -0.026464105 0.024189943
v  0.094000228 0.02187698 0.027242156
v  0.087412544 0.023125943 0.026638443
v  0.094000198 0.023612615 0.025833109
v  0.14249998 0.025973324 0.02301036
v  0.14949998 0.025973324 0.02301036
v  0.14249998 -0.025973324 0.02301036
v  0.14949998 -0.025973324 0.02301036
v  0.024898043 -0.033555292 0.025664518
v  0.028477063 0.031740922 0.023953022
v  0.066816159 0.027191993 0.025463516
v  0.060382817 0.02809957 0.024056623
v  0.094000198 -0.022843219 0.026517676
v  0.087552823 -0.025718264 0.024119789
v  0.049999837 -0.027294692 0.027902642
v  0.067488499 -0.028477222 0.022904912
v  0.049999539 0.027657572 0.026382396
v  0.049999539 -0.027692486 0.026353406
v  0.041737054 0.028480124 0.02517415
v  0.037612919 0.029464629 0.026006082
v  0.037533198 0.029483657 0.02602216
v  0.037534405 -0.029477026 0.026021281
v  0.037547458 -0.02947396 0.026018659
v  0.037611458 -0.029458933 0.026005784
v  0.14949998 -0.027004141 0.02226604
v  0.1525 -0.027004141 0.02226604
v  0.073821999 0.026829738 0.024865599
v  0.022006309 0.034454573 0.021710323
v  0.020214772 0.035356577 0.022573965
v  0.022006189 -0.034454595 0.021709817
v  0.020214668 -0.035356607 0.022573451
v  0.032722894 -0.030221049 0.024212958
v  0.033412907 -0.030573271 0.026099028
v  0.032004256 0.029796761 0.022434684
v  0.033412982 0.030573297 0.026099214
v  0.07432846 -0.028530136 0.022251392
v  0.053381596 0.027826931 0.025076935
v  0.014736703 0.037677322 0.019471312
v  0.012429288 0.03848407 0.019471372
v  0.011418914 0.038779322 0.01947126
v  0.011396369 -0.038743649 0.019471863
v  0.014157226 -0.037892312 0.019471781
v  0.080704398 0.026213106 0.024484614
v  0.049999673 -0.027726736 0.02572553
v  0.049999673 -0.027729016 0.025683718
v  0.054382239 -0.028036498 0.022763805
v  0.061980281 -0.028998151 0.01931929
v  0.14249998 0.021920312 0.02192031
v  0.1525 0.021920312 0.02192031
v  0.037077073 0.028972607 0.02406879
v  0.081040658 -0.028262231 0.021830233
v  0.094000198 0.023630526 0.025818566
v  0.094000198 0.024477605 0.024945611
v  0.087534703 0.025420692 0.024437206
v  0.042592753 0.028358076 0.0250133
v  0.042197648 0.028414425 0.025087567
v  0.047069389 0.027905744 0.026121842
v  0.045738492 0.027909394 0.024421969
v  0.043906454 0.028170701 0.02476635
v  0.041954983 -0.028438903 0.025132263
v  0.042195085 -0.028406121 0.025087336
v  0.042604584 -0.028350212 0.025010722
v  0.043906439 -0.028172467 0.02476714
v  0.04599959 -0.027886685 0.0243755
v  0.094000198 -0.023581531 0.025801251
v  -0.030999998 3.0815579e-09 0.016461084
v  -0.029943699 0.0080233915 0.026461082
v  -0.030999998 3.0815579e-09 0.026461082
v  -0.029943699 -0.0080233896 0.026461082
v  -0.029943699 -0.0080233896 0.016461084
v  0.026846787 -0.015499999 0.026461082
v  -0.029943699 0.0080233915 0.016461084
v  -0.026846791 0.015499997 0.026461082
v  -0.026846791 -0.015499999 0.026461082
v  -0.026846791 -0.015499999 0.016461084
v  -0.026846791 0.015499997 0.016461084
v  -0.021920303 0.021920312 0.026461082
v  0.029943695 0.0080233915 0.026461082
v  0.030999994 3.0815657e-09 0.026461082
v  0.026846787 0.015499997 0.026461082
v  0.029943695 -0.0080233896 0.026461082
v  -0.021920303 -0.021920308 0.026461082
v  -0.021920303 -0.021920308 0.016461084
v  -0.021920303 0.021920312 0.016461084
v  -0.015500003 0.026846785 0.026461082
v  -0.015500003 -0.026846785 0.026461082
v  -0.015500003 -0.026846785 0.016461084
v  -0.015500003 0.026846785 0.016461084
v  -0.0080233905 0.029943701 0.026461082
v  0.0080233868 0.029943701 0.026461082
v  0.0155 0.026846785 0.026461082
v  0.021920314 0.021920312 0.026461082
v  -0.0080233905 -0.029943701 0.026461082
v  -0.0080233905 -0.029943701 0.016461084
v  -0.0080233905 0.029943701 0.016461084
v  5.1896447e-09 0.030999999 0.026461082
v  5.1896527e-09 -0.030999999 0.026461082
v  5.1896527e-09 -0.030999999 0.016461084
v  0.021920314 -0.021920308 0.026461082
v  0.0155 -0.026846785 0.026461082
v  0.0080233868 -0.029943701 0.026461082
v  5.1896447e-09 0.030999999 0.016461084
v  0.0080233868 -0.029943701 0.016461084
v  0.0080233868 0.029943701 0.016461084
v  0.0155 -0.026846785 0.016461084
v  0.0155 0.026846785 0.016461084
v  0.021920314 -0.021920308 0.016461084
v  0.021920314 0.021920312 0.016461084
v  0.026846787 -0.015499999 0.016461084
v  0.026846787 0.015499997 0.016461084
v  0.029943695 -0.0080233896 0.016461084
v  0.029943695 0.0080233915 0.016461084
v  0.030999994 3.0815657e-09 0.016461084
v  0.054295737 0.028028402 0.022964308
v  0.05056328 0.027834971 0.024465399
v  0.049999435 0.027743902 0.025970506
v  0.087694176 -0.027765784 0.021687688
v  0.094000198 -0.025818583 0.023630502
v  0.094000198 -0.0248271 0.024592603
v  0.1525 0.028804433 0.019882264
v  0.14949998 0.028804433 0.019882264
v  0.04689445 0.027875807 0.024227316
v  0.046720643 0.027880859 0.024256581
v  0.049999494 0.027748127 0.025740804
v  0.049999777 0.02776758 0.024682695
v  0.047088895 0.02787016 0.02419457
v  0.04674435 -0.027867861 0.024250554
v  0.047088075 -0.02785917 0.024192886
v  0.04689147 -0.02786414 0.02422587
v  0.036306832 0.028419036 0.022482978
v  0.036306713 -0.028418966 0.022482792
v  0.040742788 -0.027376153 0.022031846
v  0.041543622 0.028006274 0.02350376
v  0.040742878 0.027376216 0.022031972
v  0.041543547 -0.028006237 0.023503648
v  5.1896438e-09 0.040499989 0.019471081
v  0.0020134351 0.04040252 0.019471044
v  0.00099999236 -0.040487085 0.019471081
v  0.14249998 0.029210065 0.019281397
v  0.094000168 0.026848767 0.022409344
v  0.094000168 0.0265177 0.022843191
v  0.14249998 -0.029210065 0.019281397
v  0.050655428 -0.027837001 0.024268428
v  0.049999911 -0.027792547 0.024519103
v  0.023767283 0.033475924 0.020960944
v  0.025496533 0.032417696 0.020330215
v  0.023767164 -0.033475932 0.020960459
v  0.025496414 -0.032417677 0.02032976
v  0.028476959 -0.031740893 0.023952717
v  0.074273564 0.028363008 0.022538954
v  0.067419477 0.028360564 0.023170682
v  0.074793376 -0.029799774 0.019759754
v  0.045313213 0.026670281 0.021078708
v  0.04614358 0.027374681 0.022439653
v  0.046143521 -0.027374659 0.022439593
v  0.045313124 -0.026670221 0.021078633
v  0.081002124 0.028048236 0.022136906
v  0.050000045 0.027785566 0.023704352
v  0.017050734 0.036735844 0.019471081
v  0.015640607 0.037309568 0.019471223
v  0.015634945 -0.037301704 0.019471424
v  0.08135549 -0.029844489 0.019279415
v  0.049999986 -0.027813409 0.024136642
v  0.087674774 0.027509335 0.022018844
v  0.051529605 0.027747836 0.022392126
v  0.094000168 0.029032793 0.0195473
v  0.046870504 0.027819518 0.024187582
v  0.050000045 -0.027785566 0.023704352
v  0.051614854 -0.027728319 0.022207903
v  0.046870459 -0.027819514 0.024187552
v  0.049999867 0.027296219 0.021490784
v  0.032004122 -0.029796697 0.02243443
v  0.050000001 0.02772009 0.023128534
v  0.050000001 0.027683657 0.022987762
v  0.049999971 -0.027619228 0.022845576
v  0.087848134 -0.029588308 0.01905475
v  0.049999867 -0.027380329 0.021612184
v  0.049999911 -0.02719792 0.02119633
v  0.049999882 -0.027328357 0.021493705
v  0.094000168 -0.028431676 0.020411754
v  0.094000168 -0.02712499 0.022021303
v  0.061909232 0.028976094 0.019535238
v  0.068033941 0.029287819 0.020773264
v  0.027194833 0.03128178 0.019815298
v  0.027194699 -0.031281739 0.019814881
v  0.031265173 -0.029321671 0.020731451
v  0.069285102 -0.030486193 0.015559562
v  0.068099536 -0.029372595 0.020512642
v  0.017141601 0.036672775 0.01648205
v  0.016963279 0.036777694 0.016958812
v  0.017050734 -0.036735844 0.019471081
v  0.017151168 -0.036684245 0.016479412
v  0.017926699 -0.036316432 0.016472818
v  0.074740477 0.029667754 0.020049172
v  0.005742108 0.040065918 0.019471126
v  0.0044202409 0.040242758 0.019471081
v  0.0036762706 0.040322024 0.019471014
v  0.0064272038 -0.039956313 0.019470485
v  0.0058831326 -0.04004436 0.019470157
v  0.0020237467 -0.040430766 0.019470567
v  0.0031658909 -0.040367927 0.019469993
v  0.0042517832 -0.040261991 0.01946965
v  0.0053395233 -0.04012464 0.019469874
v  0.14249998 0.030725326 0.016125897
v  0.14949998 0.030725326 0.016125897
v  0.14249998 -0.030725323 0.016125897
v  0.14949998 -0.030725323 0.016125897
v  0.14949998 -0.031217404 0.015826361
v  0.056075279 0.027787376 0.018712455
v  0.052475709 0.027415272 0.020329731
v  0.075256534 -0.030827954 0.017144198
v  0.063390471 -0.029056858 0.014682145
v  0.056146268 -0.027757406 0.0185342
v  0.020924052 0.034620043 0.016472297
v  0.019918984 0.03526308 0.016472513
v  0.019070437 0.035693768 0.016475426
v  0.019058174 -0.035683431 0.016472595
v  0.020938387 -0.034631543 0.016472215
v  0.081317462 0.029667672 0.019593211
v  0.039874051 0.026575331 0.020814875
v  0.035490397 0.027749624 0.021069864
v  0.035490263 -0.027749524 0.02106967
v  0.039873932 -0.026575226 0.020814741
v  0.049999852 0.027253073 0.021324055
v  0.049999822 0.027174216 0.021019364
v  0.050000001 0.026520077 0.019761981
v  0.050000001 0.026515555 0.019753287
v  0.050000031 0.026392672 0.019517073
v  0.05000009 -0.026480731 0.019620577
v  0.05000009 -0.026546929 0.019712204
v  0.05000009 -0.026560325 0.019742744
v  0.050000075 -0.026331998 0.01941471
v  0.050000075 -0.026405737 0.019516775
v  0.031265307 0.029321749 0.020731742
v  0.034639973 -0.026995178 0.019783119
v  0.1525 -0.031217404 0.015826361
v  0.1525 -0.026846785 0.015500003
v  0.081674643 -0.031189751 0.016561517
v  0.052552897 -0.027376331 0.020159522
v  0.087828346 0.029372882 0.019395189
v  0.04440381 0.025767591 0.020013379
v  0.043431688 -0.024707764 0.019182051
v  0.044403706 -0.025767501 0.020013297
v  0.094000168 0.029195022 0.019272516
v  0.14249998 0.026846785 0.015500003
v  0.1525 0.026846785 0.015500003
v  0.08800865 -0.031165831 0.01623963
v  0.022025412 0.033915404 0.016472058
v  0.021569228 -0.034278624 0.016472088
v  0.022458991 -0.033652339 0.016471894
v  0.094000168 -0.029169288 0.019244062
v  0.094000168 -0.029164065 0.019252339
v  0.094000138 -0.030645829 0.016906599
v  0.050000045 0.026334804 0.019405851
v  0.049111459 0.025406186 0.018546464
v  0.04911137 -0.025406111 0.018546419
v  0.034640137 0.026995312 0.019783335
v  0.038952399 0.025641914 0.01979536
v  0.037992183 -0.024612028 0.018919261
v  0.03895225 -0.025641773 0.019795226
v  0.053385813 0.026828956 0.018300505
v  0.050032768 0.02650978 0.019727597
v  0.024461498 0.032224555 0.016471574
v  0.023669874 0.032863285 0.016471701
v  0.022727465 0.033466231 0.016471909
v  0.022724187 -0.03346568 0.016471835
v  0.024474582 -0.032233637 0.016471455
v  0.043431822 0.024707895 0.019182133
v  0.042411286 -0.023526628 0.018531794
v  0.07520733 0.030729283 0.017430158
v  0.069230892 0.030451108 0.015799502
v  0.033767615 0.026185144 0.018580066
v  0.032145385 0.027511913 0.018810445
v  0.030513531 0.028814536 0.019076811
v  0.028865447 0.030076403 0.019403944
v  0.028865298 -0.03007634 0.019403571
v  0.030513367 -0.028814439 0.019076483
v  0.032145206 -0.027511783 0.018810162
v  0.075703032 -0.031611174 0.014435777
v  0.024989923 -0.031870894 0.016471343
v  0.05345409 -0.026773006 0.018146226
v  0.056969095 -0.027263336 0.016399669
v  0.081638612 0.031049717 0.016877273
v  0.048098255 0.024243068 0.017869415
v  0.0459258 -0.021550648 0.017060893
v  0.048098136 -0.024242949 0.01786937
v  0.1525 0.032725569 0.012411171
v  0.14949998 0.032725569 0.012411171
v  0.027116066 0.030082677 0.016471149
v  0.026124468 0.030882765 0.016471306
v  0.027731752 0.029463541 0.016471105
v  0.026122695 -0.030883119 0.016471321
v  0.027742555 -0.029470589 0.016471298
v  0.037992377 0.024612207 0.018919395
v  0.042411465 0.023526806 0.018531876
v  0.0402744 -0.020923279 0.017590703
v  0.037007023 0.023518953 0.018138187
v  0.035386432 0.024849828 0.018362435
v  0.033767421 -0.026184987 0.018579828
v  0.035386223 -0.024849642 0.018362241
v  0.081985809 -0.032280151 0.013704264
v  0.050078455 -0.026493128 0.019584412
v  0.050921131 0.025595542 0.01791014
v  0.087989368 0.030991051 0.016584525
v  0.050984252 -0.025517516 0.017785633
v  0.054304037 -0.025913361 0.016199226
v  0.063335486 0.029071946 0.014881999
v  0.010713762 -0.039057206 0.019471081
v  0.008611178 -0.039573949 0.019471081
v  0.014821118 -0.037690639 0.019471081
v  0.0092482176 0.039429944 0.019471081
v  0.013718879 0.03810567 0.019471081
v  0.0046549491 0.040231597 0.019471081
v  0.006963124 0.039896931 0.019471081
v  0.006484007 -0.039977591 0.019471081
v  -0.00099999679 -0.039999999 0.019471081
v  -0.00099999679 -0.039999999 0.016461084
v  0.0010000073 -0.039999999 0.019471081
v  0.0046549491 0.040231597 0.016461084
v  0.0023313365 0.040432844 0.019471081
v  0.0010000073 -0.040487651 0.016461084
v  0.0023767254 -0.040430203 0.019471081
v  0.0010000073 -0.039999999 0.016461084
v  0.0034945956 0.040348951 0.019471081
v  0.003750687 -0.040325951 0.019471081
v  0.006484007 -0.039977591 0.016461084
v  0.0051203123 -0.040175024 0.019471081
v  0.013718879 0.03810567 0.016461084
v  0.014821118 -0.037690639 0.016461084
v  0.016775196 0.036862481 0.017466674
v  0.016614025 0.036935408 0.016617605
v  0.016606277 0.036938887 0.016536439
v  0.0166134 0.036935691 0.016512254
v  0.016628167 0.036929045 0.01649672
v  0.016611611 -0.036936488 0.016515257
v  0.016607007 -0.036938559 0.016535381
v  0.016617155 -0.036933996 0.016639644
v  0.01691485 -0.036799379 0.017975489
v  0.049999971 -0.025499973 0.018263103
v  0.050000075 0.026235763 0.019215466
v  0.029193183 0.027993906 0.016470993
v  0.028174287 -0.029094119 0.016471291
v  0.029085061 -0.02811436 0.016471269
v  0.094000138 0.030736584 0.016661318
v  0.069829233 -0.030749314 0.013009892
v  0.14249998 0.033035915 0.01155977
v  0.094000138 0.03114051 0.015977131
v  0.094000138 -0.030942734 0.016283819
v  0.14249998 -0.033035915 0.01155977
v  0.088168718 -0.032478698 0.013265536
v  0.050000031 0.025483537 0.018328259
v  0.045925979 0.021550853 0.01706093
v  0.029253727 0.027933035 0.016470985
v  0.030233404 0.026947845 0.016470911
v  0.029253012 -0.027933702 0.016471269
v  0.030738017 -0.026336219 0.016471239
v  0.040274639 0.020923544 0.017590778
v  0.038634423 0.022205185 0.017888429
v  0.037006799 -0.023518734 0.018138038
v  0.0386342 -0.022204947 0.017888317
v  0.030727362 0.026328456 0.016470956
v  0.031070417 -0.025978636 0.016471239
v  0.056907196 0.027310852 0.016564975
v  0.032104257 0.024601858 0.016471067
v  0.033001561 0.023476679 0.016471142
v  0.032102201 -0.024600841 0.016471142
v  0.033100713 -0.023267493 0.01647106
v  0.050000016 0.02513333 0.017915221
v  0.050000314 -0.024088494 0.017003568
v  0.05000006 -0.025124691 0.017928215
v  0.064012922 -0.028736401 0.012253211
v  0.043623094 0.018530946 0.016740995
v  0.033182759 0.023189742 0.016471142
v  0.033494178 0.022860181 0.01650651
v  0.035004381 0.021252368 0.016695144
v  0.033493925 -0.022859942 0.016506279
v  0.054245148 0.025983501 0.016335735
v  0.057732869 -0.026506934 0.01428894
v  0.036531407 0.019686747 0.016820872
v  0.035004113 -0.021252092 0.016694957
v  0.016778251 -0.036861103 0.016482579
v  0.01669777 -0.036897704 0.016560884
v  0.051832635 -0.024301887 0.016123483
v  0.050000001 0.024909358 0.017651061
v  0.05000015 0.024175432 0.017092438
v  0.051778931 0.024388779 0.016228082
v  0.038080323 0.018176038 0.016864734
v  0.036531124 -0.019686438 0.016820738
v  0.050000284 0.023574848 0.016635315
v  0.050000135 -0.022530343 0.015992129
v  0.050000358 -0.023599122 0.016614521
v  0.050000403 -0.023752801 0.01670401
v  0.05508985 -0.024796549 0.014353366
v  0.039655749 0.016731847 0.016809421
v  0.04362284 -0.018530644 0.016740987
v  0.039655436 -0.016731486 0.016809369
v  0.038080025 -0.018175703 0.016864644
v  0.075658895 0.031542692 0.014714078
v  0.081953146 0.032175642 0.014017054
v  0.082277246 -0.033104058 0.010735416
v  0.050000329 0.022633996 0.016045304
v  0.050000194 0.021292116 0.0153846
v  0.050000388 0.023103211 0.016276339
v  0.05000015 0.020877611 0.015180507
v  0.049583379 0.019933354 0.015055568
v  0.047107238 0.016478803 0.015383647
v  0.050000045 -0.02127872 0.015390062
v  0.050000001 -0.021895994 0.015622721
v  0.049583171 -0.019933112 0.01505559
v  0.05000009 -0.020500325 0.01509668
v  0.016705548 0.036894102 0.016483547
v  0.016677102 0.036906969 0.016484374
v  0.088150807 0.032343704 0.013609991
v  0.036875192 0.01667067 0.01647109
v  0.036621142 0.017295908 0.01647109
v  0.035947684 -0.018655293 0.016471105
v  0.036853466 -0.016645968 0.016471112
v  0.035381515 0.019707832 0.016471097
v  0.035825733 0.018843528 0.016471097
v  0.035832319 -0.01885042 0.016471097
v  0.041262109 0.015365298 0.016638348
v  0.038306225 0.013148713 0.016471075
v  0.037817303 0.014352034 0.016471082
v  0.037785266 -0.014578895 0.016471127
v  0.037847031 -0.014388029 0.016471127
v  0.041261796 -0.015364912 0.01663834
v  0.044578064 -0.012891565 0.015908951
v  0.04710697 -0.016478453 0.015383706
v  0.033430729 0.022797044 0.016471134
v  0.034653816 0.020860199 0.016471112
v  0.034822781 0.020592641 0.016471112
v  0.034384999 -0.021298274 0.016471038
v  0.034647483 -0.020854324 0.016471045
v  0.033670697 -0.022506353 0.016471008
v  0.03891236 0.012227821 0.01649371
v  0.038431156 0.012706387 0.016471075
v  0.044578407 0.012892003 0.015908884
v  0.038912002 -0.012227369 0.016493673
v  0.042075071 -0.0093696723 0.0163373
v  0.038128648 -0.013517746 0.016471112
v  0.052567188 0.022952188 0.014700347
v  0.052611534 -0.022860009 0.014614903
v  0.094000138 0.032220837 0.013523676
v  0.063967116 0.028770957 0.012443685
v  0.057680402 0.026570152 0.014438369
v  0.088321187 -0.033509143 0.010158674
v  0.016658193 -0.036915507 0.016486632
v  0.016624993 -0.036930472 0.016499648
v  0.03344417 -0.02280885 0.01647103
v  0.039524782 0.0088343052 0.01647106
v  0.038659994 0.011896166 0.016471075
v  0.038602788 0.01209874 0.016471075
v  0.042075459 0.0093701808 0.016337255
v  0.038655315 -0.011890233 0.01647109
v  0.038373265 -0.012761806 0.016471105
v  0.022482922 -0.033686325 0.016461084
v  0.022057882 0.033966158 0.016461084
v  0.029120287 -0.028147098 0.016461084
v  0.034430791 -0.02132535 0.016461084
v  0.029231286 0.0280318 0.016461084
v  0.038172457 -0.013531921 0.016461084
v  0.034860048 0.020616177 0.016461084
v  0.038646732 0.012111153 0.016461084
v  0.039162491 -0.010322922 0.016471067
v  0.040174816 -0.0051219133 0.016461084
v  0.04039124 0.0029661462 0.016461084
v  0.039926995 0.0064192745 0.016471067
v  0.040052641 0.0056647914 0.016471075
v  0.040254567 0.0044523957 0.016471075
v  0.042822961 0.0032098324 0.016282493
v  0.044084255 0.0049954015 0.016031543
v  0.043709237 0.0080723939 0.01606367
v  0.040336672 0.0029631362 0.016470807
v  0.039955754 -0.0064582643 0.01647106
v  0.043708835 -0.0080718631 0.016063759
v  0.040061835 -0.0059414324 0.016471053
v  0.040137965 -0.0051185009 0.01647106
v  0.042822499 -0.0032092265 0.016282568
v  0.040090863 -0.0056276475 0.01647106
v  0.04047266 -0.0015010952 0.01647106
v  0.040499885 -5.8903279e-06 0.016470263
v  0.040500004 3.081567e-09 0.016461084
v  0.044083823 -0.0049948175 0.016031655
v  0.045377675 -0.0068620299 0.015659044
v  0.040499721 5.6282697e-06 0.016470263
v  0.040500004 5.544245e-07 0.016470255
v  0.041463781 6.4383153e-07 0.016434947
v  0.044406567 -2.7258992e-07 0.01603307
v  0.064561166 -0.028133109 0.0097872997
v  0.04629143 -0.01179345 0.015337692
v  0.055040453 0.024877716 0.01447075
v  0.094000138 -0.032429975 0.013164223
v  0.046136547 -0.00073032518 0.015561462
v  0.047472153 0.0027017698 0.015034222
v  0.046137039 0.000730987 0.015561298
v  0.045584474 -2.800405e-07 0.015672514
v  0.094000109 -0.032979459 0.01154066
v  0.05842546 -0.025475096 0.012248741
v  0.14249998 0.033691686 0.0083042542
v  0.14949998 0.033691686 0.0083042542
v  0.14249998 -0.033691682 0.0083042542
v  0.14949998 -0.033691682 0.0083042542
v  0.14949998 -0.033921503 0.0086215818
v  0.055800665 -0.023426056 0.012643927
v  0.048046995 -0.010801219 0.014608555
v  0.045378093 0.0068625989 0.015658909
v  0.046291772 0.011793914 0.015337572
v  0.047471691 -0.0027011156 0.015034431
v  0.047088359 -0.0057572094 0.015097775
v  0.050000105 -0.014467736 0.013835714
v  0.050000001 0.015133235 0.01388944
v  0.049999986 0.014553609 0.013804221
v  0.049999986 0.014485086 0.013794147
v  0.1525 -0.033921503 0.0086215818
v  0.1525 -0.029943701 0.0080233896
v  0.076081373 0.032117207 0.011925259
v  0.069782533 0.030734148 0.013241821
v  0.047248591 -3.0239224e-07 0.015163125
v  0.049853865 -0.0099377306 0.013687492
v  0.047088791 0.0057578119 0.015097589
v  0.048047353 0.010801713 0.014608399
v  0.047330234 -2.8749108e-07 0.015122549
v  0.0473332 -2.8749108e-07 0.015121066
v  0.076492734 -0.03248509 0.0088043893
v  0.07611952 -0.032160148 0.011657239
v  0.14249998 0.029943701 0.0080233896
v  0.1525 0.029943701 0.0080233896
v  0.050210509 -0.02080271 0.015040257
v  0.053310666 -0.021204047 0.013275602
v  0.053275291 0.021298263 0.013342992
v  0.050173167 0.020899009 0.015097925
v  0.05000012 -0.015131832 0.013900087
v  0.050000135 -0.016390562 0.014022098
v  0.050000165 -0.018832427 0.014546567
v  0.050000165 -0.019316833 0.014650607
v  0.05000006 0.018918019 0.014598274
v  0.050000001 0.017902765 0.014296622
v  0.05000009 0.019756492 0.014847399
v  0.05000009 -0.01372691 0.013763906
v  0.050000135 0.02050383 0.015069448
v  0.048027683 -2.2043585e-07 0.014775851
v  0.048854489 -0.00479148 0.014329136
v  0.050830159 0.01901054 0.014103726
v  0.050000373 -0.0065527079 0.01364869
v  0.050000403 -0.0070335758 0.013637924
v  0.050000254 -0.0096615301 0.013656423
v  0.048854936 0.0047921198 0.014328883
v  0.050000016 0.0097178919 0.013605357
v  0.050000016 0.0097594215 0.013604545
v  0.049854252 0.0099382577 0.013687284
v  0.050859038 -0.018916383 0.014061206
v  0.050000135 -0.019765884 0.014819861
v  0.053921763 -0.019344956 0.012120017
v  0.050000016 0.0029194087 0.013738328
v  0.050000016 0.0042740437 0.013711833
v  0.070279159 0.030796099 0.010584832
v  0.050000016 -2.6720754e-08 0.013795429
v  0.05000018 -0.0029153384 0.013730147
v  0.082248874 0.033032764 0.011041001
v  0.055760521 0.023514848 0.012741522
v  0.070733257 -0.030562263 0.0076038325
v  0.070317365 -0.03078983 0.010359035
v  0.05642793 -0.021810338 0.011102618
v  0.05000009 -0.012849589 0.013678872
v  0.050000001 0.013729188 0.013763816
v  0.051413495 -0.016855836 0.013269627
v  0.058382366 0.025551442 0.012379513
v  0.064524598 0.028186399 0.0099639008
v  0.082538582 -0.03365913 0.0076790908
v  0.059037346 -0.024162736 0.010329665
v  0.050000269 -0.0046155718 0.013692074
v  0.050000254 -0.0042743539 0.013699711
v  0.050000016 0.0046492103 0.013704495
v  0.050000016 0.0065616476 0.013667093
v  0.051392276 0.01694515 0.013298952
v  0.065024979 -0.027218387 0.007346862
v  0.053894673 0.019438166 0.01217086
v  0.054438878 -0.017297223 0.01115618
v  0.088305391 0.033412453 0.010497996
v  0.051869351 -0.014642653 0.012663127
v  0.051854748 0.01472428 0.012681738
v  0.050455797 3.6070944e-07 0.013512977
v  0.050000016 0.0098753972 0.013609202
v  0.052757401 0.0047724056 0.011768715
v  0.052758191 -0.004741319 0.011768558
v  0.088459171 -0.034242842 0.0069467286
v  0.050000254 -0.0098679038 0.013657876
v  0.052486841 -0.0098532969 0.011958615
v  0.05248167 0.0099127544 0.011963503
v  0.094000109 0.03281128 0.012182781
v  0.094000109 0.033004384 0.011550144
v  0.094000109 0.033398036 0.010260501
v  0.052800406 1.1132181e-06 0.011770644
v  0.056396473 0.021903146 0.011180715
v  0.054419208 0.017386306 0.011192583
v  0.056965712 -0.019965224 0.0097510377
v  0.054859344 -0.015079812 0.010386133
v  0.094000109 -0.033537399 0.0098921144
v  0.094000109 -0.03375908 0.0092371264
v  0.076461531 0.032465871 0.0090638632
v  0.076805539 -0.03255235 0.0058455849
v  0.059003223 0.024248902 0.010439933
v  0.054845963 0.015161934 0.010410362
v  0.059562031 -0.022575345 0.008576476
v  0.070703872 0.030590501 0.0078206221
v  0.1525 0.03474481 0.0042187804
v  0.14949998 0.03474481 0.0042187804
v  0.064997263 0.027288396 0.0075049037
v  0.071064539 -0.030025505 0.0047849277
v  0.065397985 -0.02597614 0.0050025741
v  0.056942124 0.020058189 0.0098111341
v  0.057410765 -0.017913289 0.0085962275
v  0.055412997 0.010277967 0.0094135189
v  0.055417571 -0.010217105 0.0094058523
v  0.082515158 0.033617575 0.0079742158
v  0.052996147 1.1728227e-06 0.011625187
v  0.055547092 -9.3569156e-07 0.009153829
v  0.055650655 0.0049786004 0.0090368846
v  0.055651311 -0.0049463292 0.0090360055
v  0.082759894 -0.033943623 0.0045445496
v  0.14249998 0.034859102 0.0031373736
v  0.094000109 0.034258354 0.0068997825
v  0.094000109 0.034021657 0.0082174847
v  0.14249998 -0.034859098 0.0031373736
v  0.057394031 0.018002931 0.0086404542
v  0.059536133 0.02266736 0.0086658681
v  0.057762954 -0.015671071 0.0076452354
v  0.059996311 -0.020732474 0.0070169801
v  0.088446029 0.034182239 0.0072766179
v  0.076782115 0.032557618 0.0060970122
v  0.065378316 0.026059557 0.005138577
v  0.058018822 0.013329829 0.0069203535
v  0.057751928 0.01575448 0.0076757083
v  0.058025409 -0.013255422 0.0069010938
v  0.077043243 -0.032321207 0.0027868499
v  0.065678157 -0.02440742 0.0028169241
v  0.094000079 -0.034329165 0.0065335566
v  0.094000079 -0.034614496 0.0051804269
v  0.094000079 -0.034799218 0.0031172645
v  0.094000079 -0.034797907 0.0031318974
v  0.071043827 0.030074988 0.0049875984
v  0.059977654 0.020825807 0.0070869187
v  0.071303196 -0.029147252 0.0019696367
v  0.060340229 -0.018662039 0.0056596259
v  0.058201093 0.010750937 0.0063670808
v  0.058204461 -0.010688067 0.0063562775
v  0.055680234 -9.4314214e-07 0.0089917118
v  0.082742073 0.033929821 0.0048286626
v  0.058159847 -1.1815607e-06 0.0059723193
v  0.058357362 0.005237076 0.0057884762
v  0.05835766 -0.0052032885 0.0057868222
v  0.082927354 -0.033930663 0.0013260107
v  0.065665431 0.024499718 0.0029295248
v  0.060327653 0.018752899 0.0057121301
v  0.14949998 -0.03498571 0.00099999935
v  0.1525 -0.03498571 0.00099999935
v  0.1525 -0.034699999 0.00099999935
v  0.060596649 -0.016378436 0.0045168484
v  0.065868236 -0.022534903 0.00082807353
v  0.14249998 0.034700003 1.0796822e-09
v  0.14949998 0.034700003 1.0796822e-09
v  0.14249998 -0.034699999 1.0796823e-09
v  0.14949998 -0.034699999 1.0796823e-09
v  0.14949998 -0.034699999 0.00099999935
v  0.14249998 0.030999999 1.0796822e-09
v  0.1525 0.030999999 1.0796822e-09
v  0.1525 -0.030999999 1.0796823e-09
v  0.088566519 0.034643043 0.0039740363
v  0.077027746 0.032350678 0.0030269709
v  0.085763939 -0.03445863 0.002420069
v  0.085610725 -0.034241561 0.0056708688
v  0.0605889 0.016463745 0.0045539448
v  0.060771409 -0.013896913 0.0035970372
v  0.077195473 -0.031756405 -0.00033005219
v  0.071290471 0.029215846 0.002152839
v  0.071446098 -0.027908538 -0.00076517352
v  0.094000079 0.03475466 0.0041368837
v  0.094000079 0.034794208 0.0034699824
v  0.091392554 0.034910824 0.0019746583
v  0.065861113 0.022630628 0.00091838575
v  0.065975554 -0.020391271 -0.00094982499
v  0.088576742 -0.034670543 0.0036572751
v  0.060767297 0.013973649 0.0036212441
v  0.060873333 -0.011238378 0.0028989252
v  0.060914431 0.0084803356 0.0024188657
v  0.060871664 0.011303718 0.0029130739
v  0.060914729 -0.0084288688 0.0024119031
v  0.082915731 0.033943865 0.0015978973
v  0.058350388 -1.069802e-06 0.0056905383
v  0.083029427 -0.033591792 -0.0019581865
v  0.060912315 0.0055339071 0.0021197696
v  0.060862754 3.3090711e-07 0.0019750346
v  0.060912076 -0.005498339 0.0021172885
v  0.065972604 0.020486098 -0.00088006892
v  0.088668413 -0.034785036 0.00031343583
v  0.066009291 -0.017987698 -0.002493235
v  0.071440257 0.027992707 -0.00060554483
v  0.071495451 -0.026308194 -0.0033501748
v  0.077187575 0.031808581 -0.0001061548
v  0.08866147 0.034787927 0.00061460695
v  0.085864492 0.034381848 -0.00061497354
v  0.077256598 -0.030831221 -0.0034414406
v  0.066009231 0.018078137 -0.0024422619
v  0.085871495 -0.034361113 -0.00089383387
v  0.065981306 -0.015337263 -0.0037819732
v  0.1525 0.03474481 -0.0042187823
v  0.14949998 0.03474481 -0.0042187823
v  0.091436245 -0.034900587 -0.0017603365
v  0.091397114 -0.034925759 0.0016501072
v  0.065982915 0.015419762 -0.0037473391
v  0.065906592 -0.012460076 -0.0048034554
v  0.094000079 0.034814086 0.0031347063
v  0.094000049 0.034999978 1.0538781e-07
v  0.14249998 0.035 1.0796822e-09
v  0.14249998 -0.035 1.0796823e-09
v  0.094000079 -0.034984216 0.0010510321
v  0.083024032 0.033630308 -0.0017018419
v  0.071495064 0.026403118 -0.0032160121
v  0.065908797 0.012531216 -0.0047822325
v  0.065803118 -0.0093833851 -0.005553293
v  0.07145936 -0.024367195 -0.0057405075
v  0.088726111 -0.034571674 -0.0030662257
v  0.065805115 0.0094400374 -0.0055422438
v  0.065691657 -0.0061419015 -0.0060361205
v  0.077255405 0.030903388 -0.0032387513
v  0.065692969 0.0061814073 -0.0060318848
v  0.064073898 8.3754662e-07 -0.0035437557
v  0.060948078 3.8306118e-07 0.0018488663
v  0.091433413 0.034916457 -0.0014544678
v  0.07722611 -0.029530451 -0.0064754477
v  0.094000049 -0.034999982 1.0796823e-09
v  0.094000049 -0.03481409 -0.0031347077
v  0.094000049 -0.034980476 -0.00032895323
v  0.085924007 -0.033928372 -0.0042467667
v  0.1525 -0.034699999 -0.001000001
v  0.071462847 0.024467047 -0.0056310659
v  0.071351089 -0.022116821 -0.0079153432
v  0.088722773 0.034602385 -0.0027830775
v  0.091456719 -0.0345392 -0.0051731644
v  0.094000049 0.034984212 -0.0010510635
v  0.14249998 0.034859102 -0.003137375
v  0.094000049 0.034797911 -0.0031318951
v  0.14949998 0.033691686 -0.0083042523
v  0.14249998 0.033691686 -0.0083042523
v  0.14249998 0.029943701 -0.0080233915
v  0.1525 0.029943701 -0.0080233915
v  0.14249998 -0.033691682 -0.0083042523
v  0.14249998 -0.034859098 -0.003137375
v  0.14949998 -0.033691682 -0.0083042523
v  0.14949998 -0.034699999 -0.001000001
v  0.1525 0.032725569 -0.012411173
v  0.1525 -0.033921503 -0.00862158
v  0.1525 -0.029943701 -0.0080233915
v  0.083058901 0.032965597 -0.005030415
v  0.08015082 -0.03144886 -0.0060497029
v  0.080153383 -0.032427628 -0.0028357718
v  0.077230431 0.029618721 -0.0062977998
v  0.08592207 0.033974331 -0.0039860448
v  0.077109315 -0.027853459 -0.00936577
v  0.07135687 0.022216897 -0.0078292107
v  0.088743098 -0.034018219 -0.0064529618
v  0.071185239 -0.019566815 -0.0098415939
v  0.14949998 -0.033921503 -0.00862158
v  0.14949998 -0.03498571 -0.001000001
v  0.1525 -0.03498571 -0.001000001
v  0.094000049 0.034767974 -0.0034662436
v  0.091455795 0.034582388 -0.0048886454
v  0.094000049 -0.034754656 -0.0041368855
v  0.094000049 -0.034775928 -0.0037782181
v  0.083058454 -0.032904401 -0.0052671125
v  0.085915543 -0.033145402 -0.0075990064
v  0.071192004 0.019663196 -0.009777288
v  0.070978619 -0.016729407 -0.011486831
v  0.088743366 0.034073528 -0.0061907498
v  0.083011128 -0.031853098 -0.0085460497
v  0.091454811 -0.033838056 -0.008556514
v  0.094000049 0.034614492 -0.0051804585
v  0.14249998 0.033035915 -0.011559769
v  0.094000049 0.033759069 -0.0092371618
v  0.094000049 0.034252662 -0.0068963943
v  0.094000049 -0.0342074 -0.0071834428
v  0.14249998 -0.033035915 -0.011559769
v  0.077117629 0.027952913 -0.0092150522
v  0.080070741 0.03018577 -0.008998624
v  0.083016582 0.031933468 -0.0083328737
v  0.076917507 -0.02581732 -0.012065693
v  0.080063201 -0.030094326 -0.0091821244
v  0.065596141 0.0027983591 -0.0062654531
v  0.065530278 4.4266582e-07 -0.0062920256
v  0.065595664 -0.0027780205 -0.0062661199
v  0.070985176 0.016818073 -0.011442068
v  0.070750631 -0.013625131 -0.01282452
v  0.085918225 0.033213351 -0.0073599471
v  0.14949998 0.032725569 -0.012411173
v  0.088715233 -0.033117544 -0.0098088114
v  0.070756175 0.013702142 -0.01279633
v  0.07052318 -0.010283378 -0.013835273
v  0.091455825 0.033904631 -0.0082958443
v  0.094000049 -0.034021653 -0.0082174828
v  0.085843749 -0.032003518 -0.010901383
v  0.070527114 0.010345089 -0.013820126
v  0.070319928 -0.0067431186 -0.014508261
v  0.076928116 0.02592225 -0.011941473
v  0.076666959 -0.023448009 -0.014548152
v  0.070322134 0.0067863646 -0.014502234
v  0.070166059 -0.0030535243 -0.014842364
v  0.082888611 -0.030430965 -0.011735219
v  0.088718779 0.033193666 -0.0095703891
v  0.068876691 -4.6630501e-07 -0.012606862
v  0.070166774 0.0030758709 -0.014841362
v  0.091428377 -0.032797903 -0.01187479
v  0.079896517 -0.028364751 -0.012171163
v  0.085850395 0.032089572 -0.010687134
v  0.088641115 -0.031867851 -0.013090453
v  0.076678373 0.023553524 -0.014449271
v  0.076374747 -0.020755921 -0.016774399
v  0.14249998 0.026846785 -0.015500001
v  0.1525 0.026846785 -0.015500001
v  0.14249998 -0.026846785 -0.015500001
v  0.1525 0.028804433 -0.019882264
v  0.1525 -0.026846785 -0.015500001
v  0.094000049 -0.033319864 -0.010516598
v  0.094000049 0.033411961 -0.010262764
v  0.091431089 0.032883596 -0.011640082
v  0.14949998 0.030725326 -0.016125893
v  0.14249998 0.030725326 -0.016125893
v  0.14249998 -0.030725323 -0.016125893
v  0.14949998 -0.030725323 -0.016125893
v  0.14949998 -0.031217404 -0.015826358
v  0.082897939 0.030526254 -0.011548451
v  0.085710146 -0.030500937 -0.014101486
v  0.094000049 -0.033004384 -0.011550142
v  0.1525 -0.031217404 -0.015826358
v  0.079907306 0.028467011 -0.0120151
v  0.082697012 -0.028640836 -0.014778513
v  0.079662539 -0.026275389 -0.014971069
v  0.088647373 0.031960566 -0.012878164
v  0.076385714 0.02085777 -0.016699562
v  0.091376729 -0.031423766 -0.015090558
v  0.076059379 -0.017754469 -0.018703913
v  0.094000049 0.032979462 -0.011540662
v  0.085719772 0.030600678 -0.013914282
v  0.088522144 -0.030272827 -0.01625306
v  0.073213167 0.014181736 -0.016651044
v  0.076068915 0.017848331 -0.018650988
v  0.094000049 0.03242996 -0.013164255
v  0.082708873 0.028746177 -0.014619536
v  0.094000049 -0.032811277 -0.012182779
v  0.14249998 0.029210065 -0.019281393
v  0.094000049 0.030756589 -0.016674275
v  0.094000049 0.032252457 -0.013536579
v  0.094000049 -0.032121185 -0.01374999
v  0.14249998 -0.029210065 -0.019281393
v  0.091380872 0.031524073 -0.014883316
v  0.085520275 -0.028643332 -0.017149793
v  0.094000049 -0.031140506 -0.015977131
v  0.079674996 0.026382942 -0.014842085
v  0.079377718 -0.023849156 -0.01755227
v  0.082447626 -0.026496723 -0.017632278
v  0.14949998 0.028804433 -0.019882264
v  0.070134468 -4.6630501e-07 -0.014848671
v  0.072934844 -0.010647514 -0.017811032
v  0.073206432 -0.014102173 -0.016682347
v  0.088530429 0.030377578 -0.016068431
v  0.091300882 -0.029724903 -0.018166406
v  0.072939463 0.010711345 -0.017794011
v  0.072698124 -0.0069839251 -0.018572075
v  0.085531749 0.028751958 -0.016990626
v  0.088362671 -0.028341651 -0.019254105
v  0.079390414 0.023957115 -0.017449303
v  0.072700657 0.0070286947 -0.018565202
v  0.072521247 -0.0031630665 -0.018956171
v  0.079058744 -0.021097567 -0.019875212
v  0.08246062 0.026606817 -0.017500764
v  0.085284062 -0.026444383 -0.020005779
v  0.072522081 0.003186214 -0.018955002
v  0.072454251 -4.7375559e-07 -0.018983284
v  0.091306038 0.029835191 -0.017987406
v  0.08215604 -0.024018865 -0.020265261
v  0.094000049 -0.029195018 -0.019272512
v  0.094000049 -0.030621413 -0.016856404
v  0.14249998 0.021920312 -0.02192031
v  0.1525 0.021920312 -0.02192031
v  0.14249998 -0.021920308 -0.02192031
v  0.14249998 -0.015499999 -0.026846787
v  0.14249998 -0.0080233896 -0.029943699
v  0.14249998 3.0815797e-09 -0.030999999
v  0.14249998 0.0080233915 -0.029943699
v  0.14249998 0.015499997 -0.026846787
v  0.1525 0.023209292 -0.026197875
v  0.1525 -0.021920308 -0.02192031
v  0.14949998 -0.027004141 -0.022266036
v  0.1525 -0.027004141 -0.022266036
v  0.088372149 0.028453719 -0.019097639
v  0.14949998 0.025973324 -0.023010356
v  0.14249998 0.025973324 -0.023010356
v  0.14249998 -0.025973324 -0.023010356
v  0.14949998 -0.025973324 -0.023010356
v  0.091203339 -0.027714577 -0.021066846
v  0.075748391 0.014547284 -0.020265738
v  0.094000049 0.030645814 -0.016906628
v  0.075440802 -0.01092098 -0.02152974
v  0.075740911 -0.014465642 -0.02029969
v  0.079070576 0.021201577 -0.019796958
v  0.078723349 -0.018035449 -0.021898104
v  0.094000049 0.029164065 -0.019252336
v  0.085296191 0.026556853 -0.019874236
v  0.088170238 -0.026088879 -0.022057006
v  0.082168855 0.024128903 -0.020160167
v  0.081837453 -0.021220416 -0.022638505
v  0.085014947 -0.02392251 -0.022637634
v  0.075445898 0.010986465 -0.021511087
v  0.075181521 -0.0071624485 -0.022368586
v  0.094000049 0.028927188 -0.019627327
v  0.091209061 0.027830217 -0.020916047
v  0.094000049 -0.02883264 -0.019809583
v  0.094000049 -0.029032789 -0.0195473
v  0.075184293 0.0072083804 -0.022360956
v  0.074986376 -0.0032434545 -0.022798991
v  0.078733422 0.018131133 -0.021842463
v  0.078390397 -0.014685792 -0.023581395
v  0.0749873 0.0032671944 -0.02279765
v  0.072734721 -4.7375559e-07 -0.019483207
v  0.088180013 0.026203487 -0.021928126
v  0.091088183 -0.025409579 -0.023759993
v  0.14249998 0.023613472 -0.025834164
v  0.094000019 0.02581856 -0.023630528
v  0.094000019 0.026826244 -0.022389287
v  0.094000049 0.028431658 -0.020411784
v  0.094000019 -0.026736587 -0.022556355
v  0.14249998 -0.023613468 -0.025834164
v  0.074915238 -1.0122655e-07 -0.022827705
v  0.081849165 0.021326002 -0.022558464
v  0.085026689 0.024034146 -0.022532633
v  0.081507631 -0.018118095 -0.024711056
v  0.14949998 0.023209292 -0.026197875
v  0.087954916 -0.023532428 -0.024630861
v  0.084725656 -0.02109303 -0.025008386
v  0.078398146 0.014768886 -0.02354545
v  0.078079559 -0.011080925 -0.024889125
v  0.091093995 0.025526065 -0.023636533
v  0.094000019 -0.0265177 -0.022843191
v  0.078084804 0.01114748 -0.024869202
v  0.077810831 -0.0072635007 -0.025790421
v  0.081517495 0.01821487 -0.02465394
v  0.081183411 -0.014736042 -0.026443185
v  0.1525 0.015499997 -0.026846787
v  0.1525 0.016265314 -0.03099096
v  0.1525 -0.021485399 -0.027629288
v  0.1525 -0.015499999 -0.026846787
v  0.087964244 0.023645092 -0.024528345
v  0.090960987 -0.022829164 -0.026217358
v  0.14949998 -0.021485399 -0.027629288
v  0.077813722 0.0073101181 -0.025782162
v  0.077604122 -0.0032876402 -0.026261145
v  0.084736235 0.021199476 -0.024928426
v  0.087726034 -0.020690307 -0.026942005
v  0.084429093 -0.017974973 -0.027079875
v  0.077605136 0.0033117116 -0.026259648
v  0.075414903 -1.9270171e-08 -0.023594113
v  0.094000019 -0.02436297 -0.025063748
v  0.14949998 0.019711848 -0.028557539
v  0.14249998 0.019711848 -0.028557539
v  0.14249998 -0.019711845 -0.028557539
v  0.14949998 -0.019711845 -0.028557539
v  0.081190951 0.014819811 -0.026406093
v  0.080881812 -0.011107069 -0.027797474
v  0.077518858 1.8934608e-07 -0.026297992
v  0.094000019 0.024472054 -0.024937125
v  0.090966471 0.022942219 -0.026119789
v  0.094000019 -0.023630526 -0.025818562
v  0.087734349 0.020796794 -0.026864162
v  0.090826847 -0.019994594 -0.028409993
v  0.084437914 0.018071976 -0.027022744
v  0.084138907 -0.01459374 -0.028814804
v  0.080886908 0.011173989 -0.02777675
v  0.080619283 -0.0072737304 -0.028740076
v  0.094000019 0.023581531 -0.025801251
v  0.087492801 -0.017584212 -0.028956786
v  0.080622114 0.0073204967 -0.02873137
v  0.080410965 -0.0032895401 -0.02924216
v  0.094000019 0.022843193 -0.026517702
v  0.094000019 -0.023612611 -0.025833106
v  0.094000019 -0.021765139 -0.027332952
v  0.14249998 0.016585406 -0.030820843
v  0.094000019 0.019547302 -0.029032791
v  0.094000019 0.021884929 -0.027248951
v  0.094000019 -0.020411782 -0.028431656
v  0.14249998 -0.016585402 -0.030820843
v  0.090831734 0.020100225 -0.028336359
v  0.14949998 0.016265314 -0.03099096
v  0.077965297 2.3404957e-07 -0.026871709
v  0.080412008 0.0033136413 -0.029240517
v  0.084145673 0.014677296 -0.028777584
v  0.083868869 -0.010982242 -0.03017734
v  0.1525 0.0080233915 -0.029943699
v  0.1525 0.0083760498 -0.033982962
v  0.1525 -0.014927973 -0.031656843
v  0.1525 -0.0080233896 -0.029943699
v  0.087499745 0.017680492 -0.02890126
v  0.080301769 1.6699434e-07 -0.029300896
v  0.090690739 -0.016930435 -0.030310361
v  0.087264903 -0.014240869 -0.030642873
v  0.14949998 -0.014927973 -0.031656843
v  0.083873428 0.011048707 -0.030156417
v  0.083631255 -0.0071819951 -0.03113394
v  0.094000019 0.016568135 -0.030791597
v  0.090694793 0.017024945 -0.030258125
v  0.094000019 0.019086804 -0.029304657
v  0.094000019 -0.018965185 -0.029345453
v  0.094000019 -0.01690663 -0.030645812
v  0.14949998 0.012304793 -0.032445062
v  0.14249998 0.012304793 -0.032445062
v  0.14249998 -0.012304791 -0.032445062
v  0.14949998 -0.012304791 -0.032445062
v  0.083633848 0.0072282809 -0.031125037
v  0.083436109 -0.0032442703 -0.03165457
v  0.087270208 0.014323215 -0.030606691
v  0.087051876 -0.010692858 -0.031969268
v  0.090557493 -0.013664727 -0.031893212
v  0.080474772 1.5954376e-07 -0.029480753
v  0.08300627 -1.3102888e-07 -0.031527743
v  0.083437122 0.0032680586 -0.031652808
v  0.1525 3.081581e-09 -0.030999999
v  0.1525 3.081581e-09 -0.035
v  0.1525 -0.0076488745 -0.034153987
v  0.087055512 0.010757971 -0.031948853
v  0.086861975 -0.0069795777 -0.032906543
v  0.094000019 0.012919935 -0.032486685
v  0.090560593 0.013744804 -0.031859305
v  0.094000019 0.015977133 -0.031140508
v  0.094000019 -0.016576901 -0.030803008
v  0.094000019 -0.013164253 -0.032429963
v  0.094000019 -0.015986267 -0.031084586
v  0.090431876 -0.01022929 -0.033135235
v  0.14249998 0.0085519133 -0.033939134
v  0.094000019 0.012182782 -0.032811277
v  0.094000019 -0.012852968 -0.032535315
v  0.094000019 -0.0095800059 -0.033643037
v  0.14249998 -0.0085519152 -0.033939134
v  0.14949998 0.0083760498 -0.033982962
v  0.086864062 0.0070247012 -0.032897759
v  0.086700924 -0.0031481914 -0.033428036
v  0.083327092 -1.6083121e-07 -0.031718682
v  0.085617162 -3.7689804e-07 -0.033081707
v  0.086701788 0.0031713054 -0.033426203
v  0.14949998 -0.0076488745 -0.034153987
v  0.090434022 0.010292093 -0.033116121
v  0.09031827 -0.0066602943 -0.034014899
v  0.14949998 0.0041826251 -0.034446999
v  0.14249998 0.0041826251 -0.034446999
v  0.14249998 -0.0041826223 -0.034446999
v  0.14949998 -0.0041826223 -0.034446999
v  0.094000019 0.0096293492 -0.033590693
v  0.090319552 0.006703529 -0.034006611
v  0.090219595 -0.0029987551 -0.034513645
v  0.08661408 -3.6944746e-07 -0.033479538
v  0.094000019 -0.00923716 -0.033759072
v  0.088367559 -3.6199688e-07 -0.03417927
v  0.090220131 0.0030207962 -0.034511827
v  0.094000019 0.008546452 -0.033921238
v  0.094000019 -0.0085447328 -0.033905081
v  0.094000019 -0.0062108827 -0.034397207
v  0.094000019 0.0082174866 -0.034021653
v  0.14249998 3.0815797e-09 -0.035
v  0.094000019 0.004136886 -0.034754656
v  0.094000019 0.0062502432 -0.034375034
v  0.094000019 -0.0051804562 -0.034614488
v  0.14949998 3.0815805e-09 -0.035
v  0.090159066 -1.7573237e-07 -0.034593843
v  0.090874918 -1.0122655e-07 -0.034759503
v  0.094000019 0.0028114349 -0.034833256
v  0.094000019 -0.0027886971 -0.034828637
v  0.093999989 -0.0010510653 -0.034984216
v  0.093999989 3.0815737e-09 -0.034999974

# 0 UV coordinates

# 9032 vertex normals
vn 1.3972053e-14 -0.1099358 0.99393868
vn -1.4229864e-14 0.11196432 0.99371225
vn -1 -6.9033449e-14 -9.5953182e-29
vn -1 -1.2709285e-13 2.0001687e-29
vn 1 1.2709285e-13 -2.0001687e-29
vn 0.022894083 -0.053542413 0.99830312
vn 0.022921696 0.021444155 0.99950725
vn -1 5.1012925e-05 -1.0202585e-19
vn -1 0.00014701576 -2.9403153e-19
vn 0.16667116 0.0051994934 0.98599881
vn 0.060207251 -0.064065941 0.99612784
vn 0.16588764 0.096987851 0.98136365
vn 0.16483016 0.095043756 0.98173201
vn -0.99999994 9.529724e-05 0.00029004083
vn 0.060563687 -0.053467661 0.99673128
vn -0.99999994 3.4538283e-05 -0.00030653749
vn -0.99999988 7.891612e-05 -0.00052092801
vn 0.056703061 -0.15980731 0.98551834
vn 0.086028591 -0.13175866 0.98754179
vn -0.99999893 0.00030387007 -0.0014443072
vn 0.058252972 0.011923873 0.99823064
vn 0.054795396 0.0962236 0.99385035
vn -0.9999997 8.4414336e-05 0.00074920192
vn -0.99999928 0.00018322853 0.0011952781
vn 1.4229803e-14 -0.11196384 0.99371231
vn -1.422981e-14 0.11196389 0.99371225
vn 0.16666937 0.0051995073 0.98599911
vn 0.22646382 -0.046010885 0.97293222
vn 0.22288118 -0.13250156 0.9657988
vn 0.22461857 -0.13127722 0.96556348
vn 0.16665812 0.012715436 0.98593277
vn 0.057085749 0.14986742 0.98705673
vn 0.12299421 0.20077671 0.97188532
vn 0.22637504 0.054369584 0.9725216
vn 0.22170088 0.14927882 0.96362054
vn -0.99999803 0.00041844387 0.0019487914
vn 0.05670302 -0.15980783 0.98551828
vn -0.99999893 0.00030258065 -0.0014408912
vn 0.052461073 0.20203467 0.97797233
vn -0.99999803 0.00041881687 0.00194954
vn 0.40923703 -0.032148469 0.9118616
vn 0.40906921 0.043043137 0.91148764
vn 0.08618176 -0.23161709 0.96898204
vn 0.21538988 -0.2333402 0.94824022
vn 0.22146368 -0.22922905 0.94784379
vn 0.052876826 -0.26441327 0.96295881
vn -0.99999863 0.00049005146 -0.0015811124
vn 0.40946206 -0.00055414025 0.91232699
vn 0.37594673 -0.031833984 0.92609429
vn 0.40940216 0.017118795 0.91219342
vn 0.37543166 0.042842519 0.92585939
vn 4.1240777e-14 -0.32449329 0.94588798
vn -1 -1.4797996e-13 -1.1695354e-13
vn -1 -1.1463283e-13 -1.1058538e-13
vn -4.1976059e-14 0.33027869 0.94388348
vn 0.088401064 0.24894533 0.96447474
vn 0.22394308 0.15098901 0.96283531
vn 0.21445589 0.24646494 0.9451263
vn 0.37171257 -0.13036573 0.9191488
vn 0.37099954 -0.13088806 0.9193626
vn 0.36999241 0.14863223 0.91706818
vn 0.050367247 0.30558011 0.95083326
vn -0.99999893 0.00042691414 0.0013983242
vn -4.1976181e-14 0.33027965 0.94388312
vn 4.1976161e-14 -0.3302795 0.94388318
vn -0.99999893 0.00042685063 0.0013979205
vn -0.9999997 0.00026029471 0.00069683354
vn -0.99999952 0.00031648928 0.0009044726
vn -0.99999869 0.0005393895 -0.0015414844
vn -0.99999964 0.0003352699 -0.00075307704
vn -0.99999863 0.00049012748 -0.001581764
vn 0.36145282 -0.22941148 0.90372688
vn 0.36401573 -0.22756985 0.90316361
vn 0.052877299 -0.26440963 0.96295977
vn 0.22016573 0.25068825 0.94269955
vn 0.36988139 0.148546 0.91712695
vn 0.35968673 0.24452333 0.9004631
vn 0.050368264 0.30557293 0.95083553
vn 0.085936852 -0.32891911 0.94043982
vn 0.20679305 -0.33152798 0.92050302
vn 0.21741004 -0.32466614 0.92050248
vn 0.086206101 0.34512457 0.93458951
vn 0.2063669 0.34115267 0.91707557
vn 0.049115077 -0.36603513 0.92930406
vn 0.40946057 -0.00055411435 0.91232765
vn 0.50780714 -0.054830443 0.8597241
vn 0.5042612 -0.1251384 0.8544361
vn 0.501535 -0.12732686 0.85571641
vn 0.40940064 0.017118772 0.91219407
vn 0.50217092 0.14434332 0.85263675
vn 0.50700992 0.060864184 0.85978866
vn 0.34904626 -0.3259173 0.87860376
vn 0.35508597 -0.32168394 0.87774336
vn 0.048590038 0.40562519 0.91274709
vn 0.49232012 -0.21993016 0.84217077
vn 0.49157032 -0.22052938 0.84245205
vn 0.21526244 0.34744042 0.91265941
vn 0.36227015 0.24643849 0.89890403
vn 0.3474848 0.33796319 0.87466288
vn 0.48985988 0.23666383 0.83906347
vn 0.5001083 0.14262196 0.85413736
vn 0.6105327 -0.0052969027 0.79197329
vn 0.6104179 0.020105036 0.79182434
vn 0.049115669 -0.36603191 0.92930526
vn -0.9999972 0.00089690386 -0.0021787584
vn 0.048589878 0.405626 0.91274673
vn -0.99999928 0.00044302005 0.0011090497
vn 0.085157327 -0.42263383 0.90229094
vn 0.19714627 -0.42608196 0.88294256
vn 0.21248946 -0.41667151 0.88387388
vn 0.083160646 0.43763277 0.89529985
vn 0.19747585 0.43243197 0.87977606
vn 0.045440849 -0.46345198 0.88495618
vn -0.99999577 0.0013549594 -0.002584805
vn 0.47729027 -0.3125509 0.8212831
vn 0.47871932 -0.31142122 0.82088041
vn 0.61053246 -0.0052968985 0.79197353
vn 0.61695904 -0.012922763 0.7868892
vn 0.61291331 -0.11752045 0.78136176
vn 0.608913 -0.12116548 0.78392851
vn 0.6104176 0.020105032 0.79182458
vn 0.61606014 0.025570478 0.78728396
vn 0.61066997 0.13712876 0.77992171
vn 6.6515729e-14 -0.52336329 0.85210967
vn -1 -7.2631727e-14 2.1592364e-14
vn 0.47467223 0.32685712 0.81722134
vn 0.48955163 0.23642217 0.83931148
vn 0.35255516 0.34148896 0.87125778
vn 0.33461928 -0.41912857 0.84401488
vn 0.34435567 -0.41251659 0.84335595
vn -6.7617468e-14 0.53203207 0.84672421
vn 0.20929629 0.44030082 0.87311524
vn 0.33351326 0.42822289 0.83987743
vn 0.60055703 -0.2062813 0.77251494
vn 0.59723711 -0.20931661 0.77427024
vn -6.7617448e-14 0.53203189 0.84672433
vn 6.7617448e-14 -0.53203189 0.84672433
vn -1 0.00011811531 0.00018797952
vn -0.99999994 0.00013729556 0.00022654464
vn -0.99999958 0.00041043808 0.00079489371
vn -0.99999958 0.0004110322 0.0007968953
vn -0.99999881 0.00081318693 -0.0012941802
vn -0.99999869 0.00084610033 -0.0013617472
vn -0.99999577 0.0013551355 -0.0025856923
vn 0.60734278 0.13401115 0.78305537
vn 0.59763682 0.22424513 0.76976901
vn 0.047189299 0.50101078 0.86415356
vn 0.045439571 -0.4634572 0.8849535
vn -1.4229925e-14 0.1119648 -0.99371219
vn 1.4229925e-14 -0.1119648 -0.99371219
vn 0.047190912 0.50100464 0.86415702
vn 0.083725527 -0.51183617 0.8549934
vn 0.1865394 -0.51604825 0.83600074
vn 0.20666851 -0.50441432 0.83836406
vn 0.45931941 -0.4026314 0.7917788
vn 0.46319544 -0.39962548 0.79104328
vn 0.58443111 -0.29339501 0.75654453
vn 0.581999 -0.29560971 0.75755662
vn 0.079122551 0.52558649 0.84705281
vn 0.18783028 0.51946199 0.83359408
vn 0.45676798 0.41451088 0.78711098
vn 0.47601992 0.3278293 0.81604719
vn 0.34089124 0.43295243 0.83447307
vn 0.59515381 0.22208504 0.77231485
vn 0.58100295 0.30970857 0.75267273
vn 4.1976127e-14 -0.33027923 -0.94388324
vn -4.1976083e-14 0.3302789 -0.94388336
vn 0.61049092 -0.012774126 0.79192024
vn 0.69953436 -0.045486864 0.71314979
vn 0.69649684 -0.10855919 0.7093004
vn 0.69193608 -0.11335868 0.7130037
vn 0.61034256 0.025476353 0.79172778
vn 0.041910604 -0.55557066 0.83041239
vn 0.69856459 0.051549055 0.71368778
vn 0.69429028 0.12810954 0.70820123
vn 0.31834736 -0.5081979 0.80024362
vn 0.33191794 -0.49934235 0.80030477
vn 0.20226081 0.52837557 0.82456642
vn 0.31790638 0.51453596 0.79635936
vn 0.68472582 -0.19031446 0.70351326
vn 0.67974627 -0.19558471 0.70688868
vn 0.7495892 0.003723803 0.66189283
vn 0.74955159 0.010690719 0.66185957
vn 0.6903792 0.12387411 0.71276343
vn 0.68161088 0.20913212 0.70119214
vn 0.11973845 -0.55205536 0.82516521
vn 0.02862397 -0.59674132 0.80192298
vn -0.99999899 0.00075295829 -0.0012222227
vn 0.56467068 -0.37896931 0.73316389
vn 0.56342328 -0.38008985 0.7335434
vn 0.046256397 0.59062427 0.80561984
vn 0.046258323 0.59061849 0.80562395
vn -1 5.9922691e-05 0.00012263279
vn 0.45972762 0.41643369 0.78436822
vn 0.57939047 0.30843827 0.75443524
vn 0.5609206 0.39353406 0.72835362
vn 0.43859866 -0.4895601 0.75363261
vn 0.44518366 -0.48460013 0.75297689
vn 0.17499639 -0.60054165 0.78020895
vn 0.19986609 -0.5871104 0.78444564
vn 0.66882575 -0.27097479 0.69227511
vn 0.66361082 -0.27648181 0.69511044
vn 0.43633392 0.49904311 0.74871135
vn 0.32739404 0.52004343 0.788903
vn 0.67777395 0.2052983 0.70602769
vn 0.66490483 0.28900719 0.68874985
vn 0.073931463 0.6081503 0.79037166
vn 0.17739415 0.60142696 0.77898455
vn 0.3003515 -0.5922882 0.74765211
vn 0.31780806 -0.58145094 0.74894112
vn 0.74958843 0.0037238221 0.66189373
vn 0.76090318 -0.01408869 0.64871246
vn 0.75795913 -0.099184081 0.6447174
vn 0.75333297 -0.10482154 0.64923173
vn 0.76007366 0.010846389 0.64974636
vn 0.75591224 0.11833973 0.64388847
vn 0.7493782 0.023975126 0.66170806
vn 0.038586147 -0.64134043 0.76628554
vn -0.99999833 0.0010808319 -0.0014626061
vn 6.7617448e-14 -0.53203189 -0.84672433
vn -6.7617475e-14 0.53203213 -0.84672415
vn -1 -6.8322613e-14 -9.3532272e-14
vn 0.1941185 0.61086351 0.76757008
vn 0.30073979 0.59614563 0.74442327
vn 0.54141116 -0.46272534 0.70196807
vn 0.54169375 -0.46247783 0.70191318
vn 0.74733943 -0.17359768 0.64136386
vn 0.74144685 -0.1808127 0.64619142
vn 0.64888608 -0.35114086 0.67501628
vn 0.6437034 -0.35654458 0.67714244
vn 8.8575035e-14 -0.69693172 0.71713746
vn -1 -9.8201334e-14 -1.1253143e-13
vn 0.75187439 0.11322453 0.64951146
vn 0.74422276 0.19297114 0.6394487
vn 0.6612708 0.285752 0.69358975
vn 0.64427847 0.36821142 0.67031753
vn 0.56024402 0.39306387 0.72912782
vn 0.44086218 0.50163418 0.74431425
vn 0.53753316 0.47541934 0.69644421
vn -8.9868271e-14 0.70710725 0.70710629
vn 0.02495729 -0.67467165 0.73769593
vn 0.10841848 -0.63802892 0.76234144
vn -0.99999833 0.0010807246 -0.0014626826
vn 0.41529667 -0.57260877 0.70685774
vn 0.4248265 -0.56571871 0.70674235
vn -8.986821e-14 0.70710677 0.70710677
vn 8.9868271e-14 -0.70710725 0.70710629
vn -1 5.3872292e-05 5.957732e-05
vn -1 5.5855511e-05 7.3279865e-05
vn -1 0.00011336598 -0.00011336583
vn -0.99999952 0.00061135972 -0.00077806186
vn 0.047402132 0.66994715 0.74089396
vn 0.08014898 0.66855258 0.73933321
vn 0.040857509 0.68528569 0.72712737
vn 0.73249316 -0.24743313 0.63421655
vn 0.72546953 -0.25600526 0.63887036
vn 0.41352051 0.57978362 0.702034
vn 0.31213006 0.60202003 0.73494673
vn 0.16247706 -0.67877305 0.71614826
vn 0.19201422 -0.66402262 0.72263718
vn 0.73967409 0.18765937 0.64627099
vn 0.72834778 0.26692399 0.63107926
vn 0.16609791 0.67756128 0.71646512
vn 0.62492549 -0.43093345 0.65097195
vn 0.62013006 -0.43580899 0.65231067
vn 0.28067228 -0.67063564 0.6866374
vn 0.30205837 -0.65815771 0.68962973
vn 0.64099962 0.36565804 0.67484343
vn 0.61978549 0.44678989 0.64517033
vn 0.53787512 0.47562322 0.69604087
vn 0.74952167 -0.01372879 0.66183746
vn 0.79719371 -0.096213564 0.5960077
vn 0.80165648 -0.089965805 0.59097636
vn 0.80384594 -0.036132246 0.59373909
vn 0.74937683 0.023975097 0.66170955
vn 0.51477194 -0.54410648 0.66253906
vn 0.51694059 -0.54227823 0.66234946
vn 0.79981476 0.10854187 0.59035158
vn 0.80302912 0.041723318 0.59447742
vn 0.71193647 -0.32883424 0.62049532
vn 0.18484007 0.68705517 0.70270145
vn 0.28203267 0.67231899 0.68443018
vn 0.040112302 -0.71496063 0.69801307
vn 0.72348887 0.26185772 0.63874441
vn 0.70833021 0.34112549 0.61798197
vn 0.7860254 -0.16601725 0.59548491
vn 0.79235607 -0.15713137 0.58947563
vn 0.41955709 0.58275259 0.69596785
vn 0.51096714 0.55482972 0.65656424
vn 0.7893573 0.17687331 0.5879038
vn 0.79586864 0.1027119 0.59669369
vn 0.83359849 0.0057213679 0.55234116
vn 0.83359295 0.0067926953 0.55233747
vn 0.040114667 -0.71495593 0.69801784
vn -0.99999934 -0.00089375046 0.00069130573
vn 0.38952941 -0.65100199 0.65150845
vn 0.4022049 -0.64232641 0.652417
vn 0.77078623 -0.23553848 0.59195453
vn 0.77891463 -0.2241874 0.58568937
vn 0.03382263 0.754816 0.65506399
vn 0.067919597 0.74228257 0.66663599
vn -1 -2.1867207e-05 -1.6773478e-05
vn 0.77473629 0.24495666 0.58290648
vn 0.78447604 0.17020684 0.59634465
vn 0.38840839 0.65601796 0.64713162
vn 0.29515275 0.67820281 0.67299759
vn 0.075788848 -0.74408287 0.66377461
vn 0.14893004 -0.75003356 0.64441407
vn 0.18314065 -0.7344439 0.65349191
vn 0.70470935 -0.3961755 0.58858281
vn 0.71689332 -0.3749783 0.58775443
vn 0.73192 -0.30514207 0.60924661
vn 0.7460314 -0.3610819 0.559515
vn 0.59693766 -0.51003444 0.61929822
vn 0.59292537 -0.51395625 0.61991006
vn 8.986821e-14 -0.70710677 -0.70710677
vn -8.986821e-14 0.70710677 -0.70710677
vn 0.15389483 0.74714106 0.64660388
vn 0.61701429 0.44497564 0.64906859
vn 0.72105765 0.35273212 0.59636897
vn 0.7083317 0.40403375 0.57881165
vn 0.59143412 0.52441388 0.6125322
vn 0.51239848 0.55553919 0.65484655
vn 0.48482558 -0.62236786 0.61449361
vn 0.48923701 -0.6188423 0.61455786
vn 0.25932887 -0.74250573 0.61760324
vn 0.28472558 -0.72878611 0.62273759
vn 0.75798577 0.30402005 0.57708693
vn 0.76916432 0.23815772 0.59301531
vn 0.83359849 0.0057213698 0.55234122
vn 0.84328228 -0.031352594 0.53655571
vn 0.84190035 -0.073271886 0.53463542
vn 0.83737105 -0.086974241 0.53967136
vn 0.83359289 0.0067926939 0.55233753
vn 0.84260488 0.03518514 0.53738165
vn 0.83994323 0.097904421 0.53376973
vn 0.39590561 0.65909922 0.63941145
vn 0.48128927 0.63107902 0.60835838
vn 0.031146111 -0.78125113 0.62343937
vn -0.99999893 -0.0011764885 0.00086071802
vn 0.17446609 0.75630653 0.63052517
vn 0.26179999 0.74233717 0.61676276
vn 0.83464396 -0.12848927 0.53559309
vn 0.82716346 -0.14937086 0.54174626
vn 0.83654594 0.083769612 0.54145503
vn 0.83095306 0.15870218 0.53322661
vn 0.10551135 -0.77726442 0.62026399
vn 0.01322194 -0.80898279 0.58768362
vn -0.99999893 -0.0011751875 0.00086014433
vn 0.36134937 -0.72392285 0.58767539
vn 0.37737915 -0.7137062 0.59009188
vn 0.67648607 -0.47116795 0.56601
vn 0.68983793 -0.44988838 0.56720728
vn 0.82358563 -0.1846471 0.53629482
vn 0.81298977 -0.21203989 0.54229766
vn 1.0635239e-13 -0.83680868 0.54749542
vn 0.82670182 0.13978043 0.54500049
vn 0.81792432 0.21968217 0.53173262
vn 0.067927279 0.74226922 0.66665006
vn -1 -2.2831917e-05 -1.691065e-05
vn 0.58931875 0.5232935 0.61552197
vn 0.70485598 0.39082724 0.59197313
vn 0.67989475 0.47812435 0.55600381
vn 0.36105728 0.72695661 0.58409905
vn 0.27651241 0.74792534 0.60344726
vn 0.56485713 -0.58780915 0.57915181
vn 0.56207204 -0.59038496 0.57924145
vn 0.039983574 0.81641757 0.57607615
vn 0.057017107 0.81049711 0.58296096
vn -1 -2.380835e-05 -1.6381458e-05
vn -1.0761259e-13 0.84672421 0.53203207
vn 0.1344393 -0.81355417 0.56573468
vn 0.17319784 -0.79770881 0.57763582
vn 0.5591805 0.60047054 0.57162249
vn 0.48387033 0.63210344 0.60523945
vn -1.0761257e-13 0.84672403 0.53203231
vn 1.0761254e-13 -0.84672379 0.53203267
vn -1 -1.8199802e-05 -1.1435701e-05
vn -0.99999946 -0.00088779599 0.00055897597
vn -0.99999934 -0.0009679785 0.00060822215
vn -0.99999982 -0.00056244322 0.00030992582
vn -0.99999946 -0.00088370871 0.00055519759
vn 0.14084397 0.80945617 0.57003832
vn 0.80861509 -0.24363658 0.53552109
vn 0.79477865 -0.27668819 0.54015791
vn 0.81323606 0.19760458 0.5473569
vn 0.80076647 0.28258353 0.52812839
vn 0.45159742 -0.69659436 0.55750877
vn 0.45860541 -0.69137704 0.55828208
vn 0.23648697 -0.80695909 0.54119402
vn 0.26576912 -0.79258186 0.5487994
vn 0.36996427 0.72990727 0.57477111
vn 0.44853491 0.7032823 0.55155277
vn 0.16296995 0.81790644 0.55178785
vn 0.24015507 0.80534118 0.54198813
vn 0.028908255 -0.84158438 0.53935152
vn 0.64376879 -0.54670191 0.53542393
vn 0.65776294 -0.52648765 0.5386638
vn 0.78939581 -0.30680344 0.5317198
vn 0.77225417 -0.34439379 0.53386927
vn 0.55786282 0.59993219 0.5734722
vn 0.67687076 0.46627942 0.56958711
vn 0.64666712 0.55299991 0.52536911
vn 0.01039424 -0.86400276 0.50337976
vn 0.099383473 -0.83776456 0.53691101
vn 0.33099213 -0.79017234 0.51582158
vn 0.35033178 -0.77891815 0.52014822
vn 0.79597032 0.25883898 0.54720527
vn 0.77917075 0.34857923 0.52094668
vn 0.5285902 -0.66329634 0.52974564
vn 0.52750003 -0.66423309 0.5296585
vn 0.057019118 0.8104943 0.58296466
vn -1 -1.8816272e-05 -1.1743442e-05
vn 1.0761262e-13 -0.84672451 -0.5320316
vn -1.076126e-13 0.84672427 -0.53203201
vn 0.331642 0.79151547 0.51333892
vn 0.25622326 0.81033534 0.52697843
vn 0.52296257 0.67401385 0.52174276
vn 0.45231122 0.70442349 0.54699373
vn 0.11905272 -0.86859757 0.48100388
vn 0.16203637 -0.85317707 0.49581558
vn 0.041805889 0.86981994 0.49159488
vn 0.042839322 0.86949939 0.49207279
vn -1 -4.205179e-05 -2.2649707e-05
vn 0.86523682 -0.019586662 0.50098068
vn 0.86512572 0.025304031 0.50091636
vn 0.12690547 0.86383069 0.48753622
vn 0.41534609 -0.76528192 0.49176335
vn 0.42504168 -0.75869399 0.49368313
vn 0.76539928 -0.37494528 0.52304876
vn 0.74499136 -0.41563642 0.5217607
vn 0.34177876 0.79409069 0.50260049
vn 0.41291663 0.77007127 0.48630247
vn 0.21224214 -0.86308187 0.45830441
vn 0.24505512 -0.84877449 0.46854016
vn 0.86523616 -0.019586626 0.50098181
vn 0.86546624 -0.020842893 0.50053346
vn 0.86472946 -0.055463813 0.49916607
vn 0.86018372 -0.071884319 0.50489265
vn 0.86485302 0.024098117 0.50144643
vn 0.86308521 0.08101967 0.49851757
vn 0.86512506 0.025304003 0.50091755
vn 0.77453989 0.32450154 0.5429427
vn 0.75266176 0.41826919 0.5084793
vn 0.60626775 -0.62192994 0.49562341
vn 0.62025231 -0.60387576 0.50062072
vn 0.85898477 -0.097607926 0.50261104
vn 0.85093468 -0.12472855 0.51024789
vn 0.85940057 0.063453674 0.50735021
vn 0.85559338 0.13230033 0.50045639
vn 0.15025948 0.87121344 0.46734273
vn 0.21710001 0.86051083 0.46085647
vn 0.52256346 0.67389625 0.52229428
vn 0.64417261 0.54294139 0.5387544
vn 0.60834229 0.62777019 0.48561737
vn 0.024112124 -0.89188671 0.45161572
vn 0.84966254 -0.14215288 0.50780523
vn 0.83788615 -0.17913932 0.51561213
vn 0.85053688 0.10692012 0.51493216
vn 0.84421235 0.18485606 0.50312394
vn 0.0042767199 -0.91021138 0.41412196
vn 0.094015896 -0.88819301 0.44974905
vn -0.99999851 -0.0015348939 0.00080260739
vn 0.48834416 -0.73469549 0.47089547
vn 0.48916787 -0.73405141 0.4710449
vn 0.29861823 -0.84856808 0.43676013
vn 0.32098746 -0.83696318 0.44323775
vn 0.042837292 0.86950153 0.49206913
vn -1 -4.1487019e-05 -2.2478966e-05
vn 0.48296139 0.74338579 0.46273732
vn 0.41778681 0.77111083 0.48046046
vn 0.30022007 0.84863061 0.43553877
vn 0.23420444 0.86465162 0.44443882
vn 0.83665574 -0.19128084 0.51324344
vn 0.82087618 -0.23717996 0.51952666
vn 0.73592257 -0.44827422 0.50741321
vn 0.71244198 -0.49031901 0.50200963
vn 0.83829582 0.15395397 0.52302808
vn 0.82880032 0.24079092 0.50508392
vn 0.10269319 -0.91458231 0.39114365
vn 0.1494976 -0.90028435 0.40882581
vn 1.1898821e-13 -0.9362306 0.35138625
vn 0.74842769 0.39502555 0.53273898
vn 0.72062087 0.49169403 0.48881745
vn 0.045797594 0.91435653 0.40231168
vn 0.11196576 0.90968454 0.39992207
vn 0.029163238 0.91896182 0.39326668
vn -1 -5.2151798e-05 -2.0176403e-05
vn 0.37629467 -0.8268953 0.4179073
vn 0.38850164 -0.81950545 0.42128047
vn -1.1996079e-13 0.94388318 0.33027953
vn -1.1996084e-13 0.94388354 0.33027849
vn 1.1996082e-13 -0.94388336 0.33027893
vn -1 -4.9123824e-05 -1.8337041e-05
vn -1 -3.1333042e-05 -8.964852e-06
vn -1 -5.2849253e-05 -1.8492718e-05
vn -0.99999923 -0.001169214 0.00049030356
vn -0.99999982 -0.00054183399 0.00018959581
vn -0.99999988 -0.0005158335 0.00017758862
vn -0.99999917 -0.0011747723 0.00049412734
vn 0.56379414 -0.69514143 0.44599834
vn 0.57728428 -0.6798389 0.45228529
vn 0.31132588 0.85063189 0.42367628
vn 0.37454286 0.83007509 0.41315013
vn 0.81959397 -0.24677432 0.51707649
vn 0.79952067 -0.30027419 0.52019429
vn 0.18651354 -0.91017896 0.36984721
vn 0.22243154 -0.89668876 0.38271853
vn 0.82245833 0.20647925 0.53002703
vn 0.80895567 0.30166259 0.50456947
vn 0.48345554 0.74348015 0.46206933
vn 0.60640556 0.61973137 0.49820212
vn 0.56490827 0.70052671 0.43605155
vn 0.13622262 0.91570711 0.37805274
vn 0.19250947 0.90715063 0.37418965
vn 0.018905278 -0.93307704 0.35917935
vn 0.44434193 -0.80009747 0.40299413
vn 0.44705749 -0.79821151 0.40373009
vn 0.70013648 -0.52623981 0.48257694
vn 0.67395031 -0.56771088 0.47275293
vn 0.018904364 -0.93307769 0.35917768
vn 0.26420659 -0.89818776 0.35135967
vn 0.28921333 -0.88697028 0.36005464
vn 1.1996078e-13 -0.94388306 -0.33027986
vn -1.1996082e-13 0.94388336 -0.3302789
vn 0.43844092 0.80796182 0.39365876
vn 0.39995429 0.83294314 0.3824164
vn 0.71697402 0.47026259 0.51458853
vn 0.68235439 0.56815565 0.45999095
vn 0.029164273 0.91896099 0.39326853
vn 0.79787105 -0.30986536 0.51709306
vn 0.77324438 -0.36919996 0.51554292
vn 0.26671034 0.89740676 0.35146365
vn 0.21034935 0.91025043 0.35664728
vn 0.80259782 0.26591578 0.53397143
vn 0.78406721 0.36843565 0.49949357
vn -0.9939453 -0.10987612 2.1975223e-16
vn -0.99371219 0.11196452 -2.2392902e-16
vn 6.4104782e-24 2e-15 1
vn -0.94594651 -0.32432261 6.4864523e-16
vn -0.94388336 0.33027902 -6.6055806e-16
vn -0.85226637 -0.52310801 1.046216e-15
vn -0.84672421 0.53203207 -1.0640642e-15
vn 0.99270886 -0.12053701 2.4107402e-16
vn 0.99270886 0.12053695 -2.4107389e-16
vn 0.93501627 -0.35460481 7.0920962e-16
vn 0.93501633 0.35460466 -7.092093e-16
vn -0.71743 -0.6966306 1.3932612e-15
vn -0.70710629 0.70710725 -1.4142146e-15
vn 0.82298416 -0.56806433 1.1361286e-15
vn 0.82298416 0.56806433 -1.1361286e-15
vn 0.6631223 -0.74851108 1.4970221e-15
vn 0.6631223 0.74851108 -1.4970221e-15
vn -0.547948 -0.83651239 1.6730247e-15
vn -0.53203255 0.84672391 -1.6934479e-15
vn 0.4647232 -0.88545603 1.770912e-15
vn 0.4647232 0.88545603 -1.770912e-15
vn -0.35200465 -0.93599826 1.8719966e-15
vn -0.33027902 0.94388336 -1.8877667e-15
vn 0.23931548 -0.97094184 1.9418838e-15
vn 0.23931596 0.97094172 -1.9418834e-15
vn -0.13906237 -0.99028361 1.9805672e-15
vn -0.1119644 0.99371225 -1.9874245e-15
vn 1.2709285e-13 -1 2e-15
vn -1.2709285e-13 1 -2e-15
vn 0.11196452 0.99371219 -1.9874243e-15
vn 0.13906237 -0.99028361 1.9805672e-15
vn -0.23931524 -0.9709419 1.9418838e-15
vn -0.23931572 0.97094178 -1.9418836e-15
vn 0.33027902 0.94388336 -1.8877667e-15
vn 0.35200432 -0.93599838 1.8719968e-15
vn -0.46472362 -0.88545579 1.7709116e-15
vn -0.46472362 0.88545579 -1.7709116e-15
vn 0.53203207 0.84672421 -1.6934484e-15
vn 0.547948 -0.83651239 1.6730247e-15
vn -0.6631223 -0.74851108 1.4970221e-15
vn -0.6631223 0.74851108 -1.4970221e-15
vn 0.70710629 0.70710725 -1.4142146e-15
vn 0.71743047 -0.69663012 1.3932602e-15
vn -0.82298416 -0.56806433 1.1361286e-15
vn -0.82298416 0.56806433 -1.1361286e-15
vn -0.93501592 -0.35460573 7.0921142e-16
vn -0.93501598 0.35460556 -7.092111e-16
vn 0.84672421 0.53203207 -1.0640642e-15
vn 0.85226595 -0.52310872 1.0462175e-15
vn -0.99270886 -0.12053701 2.4107402e-16
vn -0.99270886 0.12053695 -2.4107389e-16
vn 0.94388366 0.33027816 -6.6055631e-16
vn 0.94594681 -0.32432172 6.4864343e-16
vn 0.99371219 0.11196452 -2.2392902e-16
vn 0.9939453 -0.10987612 2.1975223e-16
vn 0.083306082 -0.95229465 0.29358995
vn 0.06099603 0.96721059 0.24654247
vn 0.33446571 -0.8802076 0.33670062
vn 0.34890035 -0.87265462 0.341676
vn 0.86521435 -0.020827739 0.50096941
vn 0.85995704 -0.0010706958 0.51036537
vn 0.85983878 -0.035132401 0.50935549
vn 0.85457158 -0.056058448 0.51629925
vn 0.85933733 0.023831589 0.51085359
vn 0.85843694 0.063535631 0.50896883
vn 0.51625067 -0.76428103 0.38647094
vn 0.52898324 -0.75184983 0.39357159
vn 0.86540049 -0.0019086603 0.50107718
vn 0.068675302 0.95497614 0.28862485
vn 0.85435569 -0.064963013 0.51561242
vn 0.8450045 -0.10055169 0.52522069
vn 0.85348022 0.0406509 0.51953733
vn 0.85131919 0.10673293 0.51367664
vn 0.27852264 0.89870334 0.33875871
vn 0.36511874 0.87099361 0.32872233
vn 0.56347579 0.69441891 0.44752365
vn 0.51638293 0.76914209 0.37652245
vn 0.16935787 -0.94076025 0.29374829
vn 0.082602836 -0.95124811 0.29715949
vn 0.84502071 -0.10016147 0.52526915
vn 0.83151066 -0.14889291 0.53518313
vn 0.77063817 -0.38111261 0.51075435
vn 0.74128014 -0.44407082 0.50329399
vn -6.4104782e-24 -2e-15 -1
vn -0.99371219 -0.11196494 2.2392989e-16
vn -0.99371213 0.11196505 -2.239301e-16
vn -0.9438833 0.33027914 -6.6055827e-16
vn -0.94388336 -0.33027899 6.6055796e-16
vn -0.84672475 0.53203124 -1.0640624e-15
vn -0.84672445 -0.53203166 1.0640633e-15
vn -0.70710629 -0.70710725 1.4142146e-15
vn -0.53203237 0.84672403 -1.693448e-15
vn -0.53203237 -0.84672403 1.693448e-15
vn -0.33027825 0.9438836 -1.8877673e-15
vn -0.33027914 -0.9438833 1.8877667e-15
vn -0.11196494 0.99371219 -1.9874243e-15
vn -0.11196445 -0.99371219 1.9874243e-15
vn 0.11196505 0.99371213 -1.9874243e-15
vn 0.11196456 -0.99371219 1.9874243e-15
vn 0.33027825 0.9438836 -1.8877673e-15
vn 0.33027914 -0.9438833 1.8877667e-15
vn 0.53203189 0.84672427 -1.6934486e-15
vn 0.53203189 -0.84672427 1.6934486e-15
vn 0.70710725 0.70710629 -1.4142126e-15
vn 0.70710725 -0.70710629 1.4142126e-15
vn 0.84672385 0.53203261 -1.0640652e-15
vn 0.84672356 -0.53203309 1.0640662e-15
vn 0.9438836 0.33027825 -6.6055653e-16
vn 0.94388366 -0.3302781 6.6055621e-16
vn 0.99371201 0.11196602 -2.2393206e-16
vn 0.99371207 -0.11196592 2.2393182e-16
vn 0.84403646 0.072561033 0.53135425
vn 0.84004337 0.1532554 0.52042288
vn 0.069362879 0.95564532 0.28623557
vn 0.16629194 0.94464123 0.28284252
vn 0.77807993 0.33303037 0.5326184
vn 0.75331593 0.44143489 0.48749399
vn 0.65752792 -0.60655057 0.4469378
vn 0.62904829 -0.64575374 0.43278208
vn 0.055453993 -0.9647783 0.25715306
vn 0.67942405 0.5492723 0.48650068
vn 0.63749504 0.64547294 0.42067179
vn 0.83188736 -0.14287555 0.53623682
vn 0.81395847 -0.20322986 0.54421431
vn 0.39665192 -0.85789341 0.32662845
vn 0.40109581 -0.8552326 0.32817572
vn 0.83115721 0.11116967 0.54481101
vn 0.82453763 0.20533088 0.52723515
vn 0.055452969 -0.96477884 0.25715128
vn -0.99999982 -0.00058735814 0.0001972157
vn 0.21789691 -0.94476956 0.24480897
vn 0.070728034 0.95483708 0.28858912
vn -1 -7.3945521e-05 -2.185182e-05
vn 0.22337285 0.94222713 0.24962486
vn 0.20601092 0.94802177 0.24251644
vn 0.81469423 -0.19497176 0.54613119
vn 0.7919628 -0.26508069 0.55002475
vn 0.8147347 0.1584166 0.55777371
vn 0.80442995 0.26466292 0.5318327
vn 0.73682475 -0.46015459 0.49532515
vn 0.70267516 -0.52420849 0.48109567
vn 0.46353921 -0.82735366 0.3172023
vn 0.4754068 -0.81764758 0.32471645
vn 0.74804473 0.407884 0.52350706
vn 0.71572912 0.52007961 0.4660998
vn 0.29465324 -0.92056566 0.25639489
vn 0.21448953 -0.9411639 0.26116049
vn 1.2587173e-13 -0.99039191 0.13828918
vn 0.51536989 0.76470608 0.3868055
vn 0.46274713 0.83156204 0.30719653
vn 0.36649892 0.87386954 0.31942222
vn 0.31787702 0.91621101 0.24394998
vn 0.79286999 -0.25770494 0.55221856
vn 0.76490402 -0.33518711 0.55006498
vn 0.061027154 0.98009002 0.18894243
vn 0.05370526 0.98197722 0.18120849
vn -1 -8.3387327e-05 -1.8588948e-05
vn 0.60782725 -0.68617743 0.39963305
vn 0.57746279 -0.7217924 0.3815133
vn 0.071713574 -0.97721964 0.19974712
vn 0.15594105 -0.97380275 0.16550113
vn 0.2006416 -0.95973903 0.19658077
vn 0.83207172 -0.043015752 0.55299753
vn 0.83219337 0.039482988 0.553078
vn 0.79439896 0.21574627 0.56778854
vn 0.77908844 0.33224016 0.53163677
vn 0.6353063 0.62949955 0.44734353
vn 0.58581442 0.72099066 0.37012693
vn 0.17198053 0.96721429 0.18686694
vn -1.2629371e-13 0.99371225 0.11196432
vn -1.2629371e-13 0.99371219 0.11196484
vn 1.2629371e-13 -0.99371225 0.11196437
vn -1 -8.4511936e-05 -1.9138628e-05
vn -1 -3.3148928e-05 -5.270399e-06
vn -1 -1.9366853e-05 -2.1821274e-06
vn -1 -9.2335555e-05 1.0403708e-05
vn -0.99999988 -0.00044008202 9.288764e-05
vn 0.32817674 -0.91936988 0.21693102
vn 0.041906454 -0.98820662 0.1472805
vn 1.2629372e-13 -0.99371231 -0.11196374
vn -1.2629371e-13 0.99371219 -0.1119648
vn 0.053707581 0.98197633 0.18121244
vn 0.69549084 -0.54470879 0.46859875
vn 0.65669417 -0.6072014 0.44727978
vn 0.76552969 -0.33142576 0.55147189
vn 0.73191017 -0.41345072 0.54163277
vn 0.71143979 0.48957455 0.50415289
vn 0.67061335 0.60194057 0.43352661
vn 0.83284116 -0.0017103985 0.55350941
vn 0.82169801 -0.042606253 0.56832832
vn 0.83219296 0.039482974 0.55307865
vn 0.82294858 -0.024664301 0.56758028
vn 0.81986153 -0.036875077 0.57137322
vn 0.82194209 0.042658988 0.56797129
vn 0.82401514 0.0054291901 0.56654179
vn 0.7694906 0.2838268 0.57212466
vn 0.74763364 0.40823105 0.5238238
vn 0.81982708 -0.025109349 0.57206035
vn 0.81288856 -0.071992837 0.57795262
vn 0.8160845 0.03862961 0.57664019
vn 0.8160845 0.038626939 0.57664031
vn 0.81153125 0.078768075 0.5789755
vn 0.81426895 0.0057364418 0.58045948
vn 0.80789042 -0.026779246 0.58872402
vn 0.79457581 -0.11601246 0.59597856
vn 0.80789036 -0.026778076 0.58872414
vn 0.80789042 -0.026780037 0.58872396
vn 0.80447733 0.12023795 0.58168638
vn 0.80583876 0.040762577 0.59073031
vn 0.8058387 0.040762249 0.59073037
vn 0.41665342 -0.87507582 0.24625644
vn 0.40565291 -0.88232827 0.23862638
vn 0.32491273 -0.91382831 0.24361758
vn 0.26546314 -0.95213383 0.15156017
vn 0.28178719 -0.94550318 0.16315556
vn 0.79255927 -0.094433203 0.60243851
vn 0.77203077 -0.17064445 0.61224908
vn 0.79255915 -0.094430529 0.60243911
vn 0.79255927 -0.094435044 0.60243827
vn 0.78420037 0.04508011 0.61886793
vn 0.78811437 0.11196933 0.60525912
vn 0.7852087 0.17284675 0.59461856
vn 0.46206874 0.82850039 0.31635362
vn 0.40404955 0.88572496 0.22855029
vn 0.31918719 0.91854942 0.23320907
vn 0.55085677 -0.76208836 0.34026194
vn 0.51900637 -0.79312748 0.31871808
vn 0.17772488 0.9718821 0.15446377
vn 0.2675342 0.95131654 0.15304363
vn 0.584337 0.70801759 0.39656198
vn 0.52717304 0.79195839 0.30804288
vn 0.052899104 -0.99354666 0.10033289
vn 0.12024475 -0.99055594 0.065879494
vn 0.1674623 -0.98079854 0.099952914
vn 0.7314961 -0.41531837 0.54076248
vn 0.69186985 -0.49877945 0.52204901
vn -0.023791593 0.99971575 0.00156277
vn -0.030628046 0.99953085 1.5871332e-06
vn -0.11349394 0.99342346 -0.015132044
vn 7.7754907e-05 -0.0019597618 0.99999809
vn 0.00029226337 2.0371445e-15 0.99999994
vn -0.054025557 -0.99852842 -0.004719012
vn -0.15327357 -0.98815346 0.007743306
vn -0.16106707 -0.98685646 0.013103302
vn -0.000120071 0.00015021577 1
vn 0.0002413498 0.001563766 0.99999875
vn -0.062533647 -0.99803895 -0.0027990555
vn -0.054023981 -0.99853963 -6.9165608e-06
vn 0.00011067479 0.00098226615 0.99999952
vn 0.00015059 2.0191389e-15 1
vn -0.145 0.98927498 0.017606881
vn -0.06310387 0.99800646 -0.00099490397
vn -0.11350505 0.99350095 -0.0085153291
vn -0.00018828508 0.00035305574 0.99999994
vn 0.00011333339 -0.0010058575 0.99999946
vn -0.16106868 -0.98685622 0.013103641
vn -0.00012331714 0.00014186792 1
vn -0.94595629 -0.29692799 0.13038591
vn -0.96836388 -0.23802748 0.074928887
vn -0.97319782 -0.19711162 0.11846126
vn -4.1432249e-05 8.7168562e-05 1
vn 0.00045811964 9.3292445e-05 0.99999988
vn -0.91615236 0.34700447 0.20063098
vn -0.96152574 0.24595825 0.12236319
vn -0.94127625 0.33104956 0.066372022
vn 0.00017214927 -5.2225136e-05 1
vn 0.00027214197 -0.00010789934 0.99999994
vn -0.96152753 0.2459515 0.12236271
vn 0.00018941722 -6.6279965e-05 1
vn 5.9791902e-05 -5.2350959e-05 1
vn -0.91615379 0.34700075 0.2006308
vn 0.00018519665 -6.3623753e-05 1
vn -0.88262385 0.45931256 0.10003562
vn -0.88262111 0.45931777 0.10003572
vn 0.00020508509 -0.00010672669 1
vn 0.00019406067 -0.00010532247 1
vn -0.88093418 0.45475376 0.13097319
vn -0.85753846 0.49998161 0.12102134
vn -0.88315278 0.4595913 0.093898721
vn 0.00020508746 -0.00010672719 1
vn -0.82205325 0.55445886 0.1296297
vn 0.00032069243 -0.00014301775 0.99999994
vn -0.31912649 0.94769353 0.0059427186
vn -0.2188642 0.9756133 0.016646544
vn 8.6004358e-05 -0.00030066803 0.99999994
vn 9.2716327e-05 -0.00038372574 0.99999994
vn -0.94595671 -0.29692677 0.13038582
vn 0.00017976318 6.290184e-05 1
vn -7.997694e-05 -6.7416222e-05 1
vn -0.8841098 0.45388448 -0.11107994
vn -0.21886148 0.97561395 0.016646016
vn 8.5873835e-05 -0.00031207441 0.99999994
vn -0.36874375 -0.92890489 0.034114193
vn -0.26539981 -0.96413064 -0.0038727385
vn 9.8631084e-05 0.00044336729 0.99999988
vn 3.5556066e-05 9.6303593e-05 1
vn -0.21763074 0.97591418 0.015112658
vn -0.31861696 0.9461717 0.056941584
vn -0.26816756 0.96219087 0.047695629
vn 3.6173806e-05 -0.00010337908 1
vn -6.9801732e-05 9.72403e-05 1
vn -0.36873555 -0.92890817 0.034112714
vn -0.00023369385 -0.00040175856 0.99999988
vn 2.9646422e-05 8.4724583e-05 1
vn -0.26528597 -0.96372229 0.029370831
vn -0.27872148 -0.95983827 0.03201342
vn 3.5516437e-05 0.00010587392 1
vn -0.82545024 0.55674607 0.093089931
vn -0.78799337 0.60213369 0.12845805
vn -0.00014685474 0.00016897396 1
vn 4.2133321e-05 -2.6474061e-05 1
vn -0.22587608 -0.9741472 0.0041483156
vn -0.98306978 0.14712133 0.10922065
vn -0.96824574 0.23357765 0.08911597
vn 8.2658908e-06 -0.00018543318 1
vn -0.80723941 -0.44688144 -0.38556641
vn -0.90148085 -0.40020579 0.16482602
vn -0.85972035 -0.50799775 0.053096186
vn 3.877472e-05 2.2907823e-05 1
vn 3.8768376e-05 2.2907736e-05 1
vn -0.85973036 -0.50798082 0.053095832
vn 9.2940572e-05 2.8677694e-05 1
vn -0.85446984 -0.50488228 0.12237334
vn -0.83794034 -0.52774107 0.13908768
vn -0.85472548 -0.49950066 0.14122139
vn 5.9805589e-05 2.2712647e-05 1
vn -0.90147787 -0.40021244 0.16482627
vn -0.94084668 -0.33580032 0.045228645
vn 2.60052e-05 1.1545048e-05 1
vn -0.99863172 -0.028341183 0.043948494
vn -0.99772388 0.051172901 0.043913938
vn -6.7735986e-09 -9.0967173e-05 1
vn 1.2843557e-08 0.0001724847 1
vn 1.8798075e-05 -9.4741081e-05 1
vn -0.00043706413 -3.9740629e-05 0.99999988
vn -0.00036994339 -4.1682782e-05 0.99999994
vn -0.0011683748 0.00013164491 0.99999928
vn 1.3801026e-05 0.00017477188 1
vn -3.2570832e-05 -0.0001497315 1
vn 9.0567819e-06 -0.00017822813 1
vn -0.0016928528 0.00025634016 0.99999851
vn -1.4076082e-05 0.00011048656 1
vn -0.00034227056 -3.5290937e-05 0.99999994
vn -5.0383082e-05 8.5787135e-05 1
vn -8.0349855e-06 -5.0487106e-06 1
vn -0.00011687306 9.9157114e-05 1
vn -0.00011687096 9.9157543e-05 1
vn -0.00057102938 0.00057103019 0.9999997
vn 0.00033919688 -0.00014514195 0.99999994
vn 0.00035976752 -0.00015693044 0.99999994
vn -0.0001168722 9.9158962e-05 1
vn -7.3903147e-06 -4.3666382e-06 1
vn -0.00021395137 -0.00023175662 0.99999994
vn -0.00021158428 -0.00023676323 0.99999994
vn -0.00029855443 -0.0002291554 0.99999994
vn -0.00029177466 -0.00022871622 0.99999994
vn -0.00030478835 -0.00023642027 0.99999994
vn 0.00026068554 0.00016336302 0.99999994
vn -0.00020630157 -0.00020630186 0.99999994
vn -0.00012045879 0.00019170892 1
vn 0.00012896238 -7.4085052e-05 1
vn -0.0006568128 0.00059899391 0.99999958
vn -0.00065175007 0.00059760496 0.99999958
vn -0.00084286474 0.0010970085 0.99999905
vn -0.00016179311 -0.00025749207 0.99999994
vn -0.00044902129 -0.00066733261 0.9999997
vn -0.0005616587 -0.00068063731 0.99999958
vn -0.00030171347 0.00041667448 0.99999988
vn -0.00028492263 0.0004008114 0.99999988
vn -0.00030784207 0.00050482689 0.99999982
vn -0.00035893355 0.0007286754 0.99999964
vn -0.00027510934 0.00038325286 0.99999988
vn -0.00023564113 -0.00040204765 0.99999988
vn -0.00022924325 -0.00039606143 0.99999988
vn 3.8231039e-05 0.00019616964 1
vn -0.00019220186 -0.0003949602 0.99999988
vn -0.00019619548 -0.00041059827 0.99999988
vn -0.41871732 0.90425146 -0.083696738
vn 0.068670064 0.99763942 1.5841298e-06
vn 0.068669267 -0.99763948 -6.9103257e-06
vn 0.06867025 0.99763942 1.2793357e-06
vn 0.06867002 0.99763942 1.3270806e-06
vn 0.068673238 0.99763918 -1.9952784e-15
vn 0.2429793 0.9700315 2.4123253e-08
vn 0.24297832 0.97003174 -8.232572e-08
vn 0.068678007 0.99763888 -1.9952778e-15
vn 0.24298032 0.9700312 -1.9400625e-15
vn 0.24297912 0.9700315 -4.3774843e-08
vn 0.068669513 -0.99763948 -7.0270653e-06
vn 0.068668693 -0.99763954 -6.6871544e-06
vn 0.068667814 -0.9976396 -6.5034505e-06
vn 0.068661869 -0.99764001 -5.5520991e-06
vn 0.24297948 -0.97003144 1.9400629e-15
vn 0.068626389 -0.99764246 1.9952848e-15
vn 0.24298392 -0.97003031 1.620152e-07
vn 0.24297927 -0.9700315 -6.0661712e-08
vn 0.24298026 -0.97003126 4.5587353e-08
vn 0.44522205 0.89542019 2.3404976e-08
vn 0.44522116 0.89542061 -6.9299695e-08
vn 0.44522381 0.8954193 4.3657497e-08
vn 0.44522202 0.89542019 -1.7908405e-15
vn 0.24298063 0.97003114 -1.9400623e-15
vn 0.24298277 -0.97003061 1.9400612e-15
vn 0.4452197 -0.89542139 1.7908428e-15
vn 0.44522083 -0.89542079 -5.4919049e-08
vn 0.44522229 -0.89542007 9.1972119e-08
vn 0.44522065 -0.89542091 2.2882528e-08
vn 0.62677342 0.77920157 1.2064967e-07
vn 0.62676895 0.77920514 -1.5584103e-15
vn 0.44522274 0.89541984 -1.7908396e-15
vn 0.44521925 -0.89542156 1.7908432e-15
vn 0.62677425 -0.77920091 2.619011e-08
vn 0.62677401 -0.77920109 3.5627696e-09
vn 0.62677383 -0.77920121 1.5584025e-15
vn 0.626773 0.77920192 -1.5584038e-15
vn 0.62677568 0.77919972 -1.7390327e-07
vn 0.77920121 0.62677383 -1.2535477e-15
vn 0.77920067 0.62677455 -4.6666113e-08
vn 0.62677467 -0.77920055 1.5584012e-15
vn 0.77920145 -0.62677354 1.253547e-15
vn 0.77919972 -0.62677574 -1.4617734e-07
vn 0.77920085 -0.62677431 4.5237254e-08
vn 0.77919996 0.62677544 3.2661266e-08
vn 0.89542079 0.44522083 -1.2848986e-07
vn 0.89542258 0.44521725 -8.9043449e-16
vn 0.77920097 0.62677413 -1.2535483e-15
vn 0.77920228 -0.62677252 1.253545e-15
vn 0.89541942 -0.44522363 8.904472e-16
vn 0.89542079 -0.44522083 9.9805725e-08
vn 0.89542216 0.44521809 -5.5782412e-08
vn 0.89541924 0.44522396 1.8719211e-07
vn 0.9700312 0.2429805 -9.8491569e-08
vn 0.97003245 0.24297529 -4.8595058e-16
vn 0.89541751 0.44522747 -8.9045493e-16
vn 0.8954221 -0.44521821 -1.6626015e-07
vn 0.89541858 -0.4452253 1.257917e-07
vn 0.89542907 -0.44520414 8.9040823e-16
vn 0.97003061 -0.24298285 4.8596572e-16
vn 0.97003126 -0.24298026 4.9502507e-08
vn 0.99763954 0.068668365 3.2977087e-07
vn 0.99763817 0.068688355 -1.373767e-16
vn 0.97003251 0.24297518 -4.8595037e-16
vn 0.97003055 0.24298307 1.7138915e-07
vn 0.97003055 0.24298295 1.6595391e-07
vn 0.97003144 -0.24297935 4.8595868e-16
vn 0.99763954 -0.068668477 1.0346953e-06
vn 0.99763852 -0.068683267 5.4082079e-08
vn 0.99763829 -0.068686523 1.3737305e-16
vn 0.9700312 -0.24298036 6.0163678e-08
vn 0.97003156 -0.24297886 -1.0561661e-08
vn 0.9976384 -0.068685159 1.2340172e-06
vn 0.99763805 0.068690173 1.2511271e-06
vn 0.99763864 0.068681635 1.1491385e-06
vn -0.85447443 -0.50487441 0.12237342
vn -0.79339868 -0.59765387 0.11544867
vn -0.35457325 0.93441838 0.033766031
vn -0.37296826 0.927239 0.033503309
vn -0.41978228 0.90651459 0.044879805
vn -0.60850143 0.79328227 0.020717768
vn -0.51967269 0.85218513 0.060998682
vn -0.973194 -0.19712919 0.11846299
vn -0.64199066 -0.75793177 0.11570423
vn -0.69900537 -0.71509486 0.0055535482
vn -0.69684225 -0.65770042 0.28607872
vn -0.75784326 0.64298397 0.11065781
vn -0.75785148 0.6429742 0.11065838
vn -0.76252383 0.64695275 0.0030986245
vn -0.73611206 0.66866022 0.10503584
vn -0.75333452 0.65072918 0.095071532
vn -0.68313599 0.72119313 0.1149161
vn -0.98335302 -0.14586082 0.10835793
vn -0.98413098 -0.10371193 0.14397928
vn -0.97539401 -0.19757719 -0.097825304
vn -0.98306572 0.14714658 0.10922323
vn -0.41978014 0.9065156 0.044879433
vn -0.36873564 -0.92890817 0.034112532
vn -0.99863142 -0.028335957 0.043958869
vn -0.68313301 0.721196 0.11491583
vn -0.98839307 0.14793313 0.034567323
vn -0.98406971 0.1041975 0.14404769
vn -0.98332345 0.14563501 0.10892832
vn -0.56245464 -0.82452375 0.061687935
vn -0.47031182 -0.88103658 0.050807323
vn -0.51108831 -0.8589173 0.032400064
vn -0.6968413 -0.65770143 0.28607863
vn -0.3687655 -0.92899251 0.031382803
vn -0.36985278 -0.92855412 0.031562176
vn -0.5196749 0.85218376 0.060998976
vn -0.47031456 -0.88103509 0.050807737
vn -0.79374546 -0.5979141 0.11165497
vn -0.79021519 -0.60261422 0.11142738
vn -0.99604791 -0.052726012 0.071473919
vn -0.99462312 -0.10255636 0.014390644
vn -0.99173176 -0.10225578 0.077536546
vn -0.99863183 -0.028339913 0.043946818
vn -0.98824775 0.076686092 0.13223316
vn -0.64545083 -0.76200444 0.052368406
vn -0.61595356 -0.77965242 0.11288626
vn -0.56245309 -0.82452476 0.06168773
vn -0.44186616 -0.89660585 0.029194193
vn -0.73963815 -0.66643476 0.093809068
vn -0.73781687 -0.66832817 0.09467712
vn -0.72429854 -0.68363243 0.089656912
vn -0.99741817 0.051160362 0.050395217
vn -0.99764711 0.049482603 0.047452252
vn -0.60658514 0.79076731 0.082107015
vn -0.56265938 0.82311141 0.076824449
vn -0.52037859 0.85336328 0.031260792
vn -0.52101868 0.85121316 0.063053004
vn -0.50356185 0.86233354 0.052974708
vn -0.4387885 0.89757025 0.042804729
vn -0.57124937 -0.81921047 0.050679244
vn -0.68340254 0.72349048 0.097583205
vn -0.68440014 0.72253257 0.097689278
vn -0.99741828 0.051158197 0.050394956
vn -0.63613862 0.77082366 0.034037948
vn 0.77381682 -0.1022282 0.6251055
vn 0.76373851 -0.22654989 0.6044656
vn 0.052084677 0.99570435 0.076550536
vn -0.8989085 -0.4152559 0.13973545
vn -0.8948403 0.42689416 0.13046907
vn 0.049105424 0.99474251 0.089866467
vn 0.13795955 0.98635334 0.089856982
vn 0.77147299 0.11989021 0.62486464
vn 0.76515412 0.23413524 0.59976649
vn 0.77147323 0.11991251 0.62485999
vn 0.77147299 0.11991129 0.62486058
vn 0.73903555 0.36237487 0.56790042
vn 0.70898533 0.49169025 0.50554967
vn -0.68573612 0.72277021 0.085843898
vn -0.68147081 0.72649568 0.088326737
vn -0.68518174 -0.7229532 0.088682905
vn 0.64595759 -0.63136762 0.42908469
vn 0.60290515 -0.68977588 0.40089229
vn -0.94015175 0.31705958 0.12485173
vn -0.89501935 0.42666352 0.12999475
vn -0.94015157 -0.31705979 0.12485226
vn -0.90589565 -0.40336502 0.12903391
vn -0.99783754 0.048902031 0.043917887
vn 0.080702618 -0.98584932 0.1469294
vn -1 9.0034802e-05 1.387485e-05
vn -0.62389088 0.77752841 0.078801766
vn -0.6253984 0.77638942 0.078078933
vn -0.62517214 -0.77648377 0.078947581
vn -0.68209016 -0.72626078 0.085429713
vn 0.66742688 0.57530296 0.47282964
vn 0.61750519 0.68386966 0.38859951
vn 0.041171793 0.99621195 0.076593697
vn -1 9.7205811e-06 -3.0127972e-06
vn -0.96519673 0.21345091 0.1511092
vn -0.92964011 0.33155 0.16076015
vn -0.92964029 -0.33154976 0.16075958
vn -0.96519673 -0.21345125 0.15110888
vn -0.28286651 0.958812 0.025809582
vn -0.30771112 0.95115769 0.024757933
vn -0.37627748 -0.92572868 0.037968859
vn -0.2862882 -0.95792061 0.020669088
vn 0.73469543 -0.30069482 0.60811615
vn 0.7516731 -0.20608991 0.62650979
vn 0.7516731 -0.20609002 0.62650973
vn 0.73743993 -0.11633191 0.66531891
vn 0.7516731 -0.20608698 0.62651074
vn 0.066609904 -0.99687237 0.042527635
vn 0.011880307 -0.99992931 -0.00043205061
vn -1 -3.0442579e-06 9.4396046e-06
vn -0.99094546 0.023424096 0.13220575
vn -0.98867434 0.015096428 0.14931546
vn -0.99784189 0.0489504 0.043764997
vn -0.99094546 -0.023424055 0.13220578
vn 0.74529999 0.22816056 0.6264748
vn 0.74530035 0.22815582 0.62647611
vn 0.71314144 0.32425368 0.62152141
vn 0.73789269 0.13493954 0.66129094
vn 0.74529982 0.22815435 0.6264773
vn -0.56377089 0.82295525 0.070050433
vn -0.56510669 0.82208407 0.069514096
vn -0.56488103 -0.82218122 0.070195511
vn -0.624138 -0.77741945 0.077915117
vn -0.9744783 0.11058653 0.19535273
vn -0.9497658 0.23163532 0.21045204
vn -0.94976586 -0.23163557 0.21045128
vn -0.97447836 -0.11058668 0.19535238
vn 0.68957013 -0.50665057 0.51749223
vn 0.64392495 -0.58807987 0.48941061
vn 0.35293379 -0.92203736 0.15901218
vn 0.34280267 -0.92710835 0.15151383
vn -0.89212036 0.42057726 0.16503343
vn -0.8346402 0.5249598 0.16671236
vn -0.56401432 -0.82284743 0.069353551
vn -0.49997276 -0.86396146 0.059981607
vn -0.86540985 0.49962491 0.037956573
vn -0.86564678 0.49920589 0.038067482
vn -0.86476475 -0.50073516 0.038028695
vn -0.92112583 -0.32983845 0.20672168
vn -0.92087787 0.33062184 0.20657466
vn 0.70179069 0.44992259 0.55232185
vn 0.66228533 0.57961434 0.47478986
vn 0.46966678 -0.84852862 0.2437463
vn 0.21135449 -0.97590852 0.05414601
vn 0.22942455 -0.97097832 0.067568541
vn 0.69455814 -0.38926408 0.60503095
vn 0.72484392 -0.22406988 0.65145528
vn 0.72484404 -0.22406772 0.65145594
vn 0.40363201 0.88377041 0.23670875
vn 0.34052014 0.92954105 0.14141941
vn 0.26870027 0.95282954 0.14112431
vn -0.92574453 0.32196778 0.19832745
vn -0.87497729 0.43879583 0.2046289
vn -0.87497717 -0.43879569 0.20462963
vn -0.92574459 -0.32196727 0.19832796
vn -0.24379449 0.96966809 0.017550474
vn -0.21533208 0.97637206 0.018159011
vn -0.21962205 -0.97550535 0.012470033
vn -0.30403554 -0.95217842 0.030309319
vn -0.92087775 0.33062005 0.20657827
vn -0.96773338 -0.068341926 0.24253137
vn -0.96335769 0.039865747 0.26524091
vn -0.91095454 -0.27881548 0.30401284
vn -0.96335763 -0.039865684 0.26524103
vn 0.52635425 0.78191394 0.33400863
vn 0.46160018 0.85550946 0.23458236
vn 0.72092474 0.24549806 0.64807272
vn 0.70084691 0.39334312 0.59505868
vn 0.14310594 0.98812658 0.055915229
vn 0.21447182 0.97505373 0.057202395
vn -0.97181118 0.089678586 0.2180386
vn 0.083520934 -0.99587744 -0.035388123
vn 0.13287811 -0.99113172 0.001139731
vn -0.94389611 0.21917656 0.24702586
vn -0.90230292 0.34458274 0.25906011
vn -0.90230322 -0.34458199 0.25906006
vn -0.94389611 -0.21917656 0.24702586
vn 0.76319063 -0.0023934527 0.64616895
vn 0.76317346 0.0072091119 0.64615345
vn 0.58781034 -0.7163654 0.37589845
vn 0.54107213 -0.76852822 0.34147522
vn 0.75632739 -0.033388961 0.6533407
vn 0.76819819 -0.0068225712 0.64017576
vn -0.94532502 0.13202602 0.29821095
vn -0.95935392 0.032412894 0.28033817
vn -0.91367924 0.031314034 0.40522793
vn -0.94840509 -0.11519736 0.29539353
vn -0.94532502 -0.13202626 0.29821074
vn 0.78678972 0.025052847 0.61671245
vn 0.77415717 0.0069099977 0.63295567
vn 0.74096578 -0.02025011 0.67123741
vn 0.7670421 0.048330851 0.63977379
vn -0.4320733 -0.90049303 0.04924424
vn -0.50040889 -0.86367959 0.060402881
vn 0.76704109 0.048328333 0.63977522
vn 0.039362706 0.99903136 -0.019669732
vn -1 -8.7722809e-05 2.7188808e-05
vn 0.68073624 -0.04171497 0.73133987
vn 0.75460923 -0.014363209 0.65601724
vn 0.037414763 0.99925005 -0.0099733379
vn 0.10279325 0.99466163 -0.0090443315
vn 0.70761853 0.05859179 0.70416123
vn 0.73790497 0.0015047746 0.67490292
vn 0.68073595 -0.041715454 0.73134011
vn 0.70761859 0.058591843 0.70416117
vn 0.73798192 -0.035540771 0.67388397
vn 0.72616786 -0.080951825 0.68273497
vn 0.61543512 0.66155374 0.42846966
vn 0.5561716 0.76244146 0.33069044
vn 0.7379818 -0.035541221 0.67388403
vn 0.73309731 0.064932317 0.67701703
vn 0.73396713 0.054215614 0.67701763
vn 0.75012243 -0.11155448 0.65182203
vn 0.75142264 0.019335451 0.65953785
vn 0.75373077 -0.013202162 0.65705067
vn 0.76346618 0.12360909 0.63390863
vn 0.69984567 -0.12969896 0.70242029
vn 0.7065593 -0.0055036093 0.70763248
vn 0.70563644 -0.1160395 0.69900793
vn 0.066611007 -0.99687225 0.042529464
vn -1 -3.627398e-06 8.911632e-06
vn 0.69984668 -0.12969622 0.70241976
vn -0.90877503 0.24470545 0.33800477
vn -0.93940306 0.12261153 0.32013804
vn -0.93940288 -0.12261149 0.32013845
vn -0.90877461 -0.24470569 0.33800566
vn 0.76346725 0.12361094 0.63390702
vn 0.76346648 0.12360991 0.63390815
vn -1.2629371e-13 0.99371225 -0.11196432
vn 1.2629372e-13 -0.99371231 0.11196374
vn -1.2629371e-13 0.99371219 0.1119648
vn -1.2629371e-13 0.99371219 -0.11196484
vn 1.2629371e-13 -0.99371225 -0.11196437
vn -1 -8.7805507e-05 2.6216443e-05
vn -1 6.9028487e-05 4.1459982e-05
vn -0.99999994 -0.00028698629 3.2335694e-05
vn -0.99999994 0.00026473557 2.9828507e-05
vn -1 -2.9210405e-05 4.2739317e-05
vn -0.82376194 0.51638454 0.23401552
vn -0.8215788 0.52444261 0.22353566
vn -0.73927611 0.63660973 0.21954247
vn -0.77815574 0.59896469 0.18898404
vn -0.77159047 -0.59630036 0.22152655
vn -0.78689826 -0.57565337 0.22229333
vn -0.81611532 -0.51062459 0.27058873
vn 0.031539757 0.99930882 -0.019675288
vn -0.91909528 -0.06547188 0.38855797
vn -0.91908252 0.065479994 0.38858676
vn 0.69196397 -0.367394 0.62145597
vn 0.65528995 -0.48032358 0.58299601
vn 0.69196379 -0.36739507 0.62145555
vn 0.69196379 -0.36739641 0.62145472
vn -0.87065208 0.43339548 0.23266566
vn -0.86390191 -0.42578968 0.26902902
vn 0.74173641 -0.015443382 0.67051363
vn 0.76293176 0.026198724 0.64594799
vn 0.76108122 0.074389711 0.64437687
vn -0.72527117 0.6691581 0.1618924
vn -0.69495976 0.69572806 0.18164073
vn -0.74678975 -0.63838947 0.18645096
vn -0.72034788 -0.6687389 0.18408471
vn -0.18345053 0.98296928 0.010830217
vn -0.15057628 0.98853761 0.010962435
vn -0.15595631 -0.98775351 0.0045381342
vn -0.23928255 -0.97066098 0.023688199
vn 0.055621494 -0.99693435 -0.055028331
vn -0.0026479901 -0.99489963 -0.10083535
vn -0.36933979 -0.92844546 0.039713789
vn -0.43439484 -0.89924794 0.051519528
vn 0.63887131 -0.60130394 0.47987184
vn 0.58767414 -0.67722827 0.44271991
vn 0.68439156 0.38800189 0.61730283
vn 0.6843918 0.3880001 0.61730361
vn 0.65341192 0.49019703 0.57685328
vn 0.67116719 0.27803034 0.68719262
vn 0.6843912 0.38799658 0.61730653
vn -0.89722329 0.33745149 0.28481025
vn -0.83972371 0.45818892 0.2914224
vn -0.84530759 -0.44804189 0.29105589
vn -0.89722359 -0.33745074 0.28481019
vn 0.71251965 -0.12531492 0.69037086
vn 0.7023356 -0.14469177 0.69698566
vn -0.90442628 0.045351818 0.42421255
vn -0.90365428 0.050157398 0.42531541
vn -0.90442872 -0.045337036 0.424209
vn 0.71251947 -0.12531532 0.69037098
vn -0.70059544 -0.6955961 0.15909776
vn -0.66545588 -0.73017722 0.1549505
vn -0.64579606 0.74811423 0.15255347
vn -0.6693781 0.72964013 0.13985074
vn 0.68730086 0.15545145 0.70954382
vn 0.69985259 0.12518123 0.70323259
vn 0.6766476 0.077410728 0.73222649
vn 0.68729174 0.1554749 0.70954746
vn 0.65668041 0.54307687 0.5232957
vn 0.60705727 0.66809154 0.43027341
vn 0.70551354 -0.2363279 0.66813153
vn -0.9209528 0.015546363 0.38936394
vn -0.92095548 -0.015560972 0.38935697
vn 0.73780411 -0.014119113 0.67486721
vn -0.88247633 0.14707255 0.44677204
vn -0.90302324 0.049408719 0.42674085
vn -0.83738911 0.016592272 0.54635537
vn -0.88549036 -0.1351687 0.44456297
vn -0.88247633 -0.1470724 0.44677201
vn -0.85475093 0.36552951 0.36849555
vn -0.90380335 0.23826398 0.35548535
vn -0.90380305 -0.23826434 0.3554858
vn -0.85475093 -0.36552894 0.36849612
vn 0.74230677 -0.016209507 0.66986412
vn -1 -3.8398853e-14 6.7326847e-14
vn -1 -1.2709285e-13 5.8267322e-14
vn 1.2587173e-13 -0.99039191 -0.13828918
vn 0.73861152 0.23302102 0.63257748
vn 0.7386145 0.23302522 0.63257241
vn -0.61155546 0.7819075 0.12091555
vn -0.59295142 0.79480141 0.12922576
vn -0.60829031 -0.78276312 0.13139561
vn -0.65021867 -0.74725014 0.13723302
vn 0.65494078 -0.17753348 0.73453003
vn 0.62303448 -0.28320307 0.72912556
vn 0.28470546 -0.95646632 0.064148299
vn 0.27556765 -0.95958567 0.057077304
vn 0.61179185 -0.31991869 0.72343814
vn 0.63673067 -0.27596375 0.72001255
vn 0.37986168 -0.911134 0.15981233
vn 0.44449365 -0.86615694 0.22846778
vn 0.49424228 -0.81276983 0.30843109
vn 0.46973711 -0.85223025 0.23032731
vn 0.67623019 0.0051834267 0.73667216
vn 0.63148832 0.054129817 0.77349365
vn 0.67434514 -0.082511023 0.73379195
vn 0.67623115 -0.0051835482 0.73667127
vn 0.69987994 0.022591911 0.71390313
vn 0.63316542 0.050069783 0.77239531
vn 0.66217488 0.21086623 0.71906871
vn 0.66849977 0.19595705 0.7174322
vn 0.6635434 -0.099314325 0.74151659
vn 0.6649707 -0.15198445 0.73124188
vn 0.66089553 0.28431141 0.69453877
vn 0.15516157 -0.98677874 -0.046825636
vn 0.17493667 -0.98406923 -0.031700589
vn -0.8425948 0.26639557 0.4680464
vn -0.88141716 0.14591491 0.44923556
vn -0.88141733 -0.14591487 0.44923529
vn -0.84259498 -0.26639575 0.46804598
vn 0.34030336 0.92848611 0.14868489
vn 0.27270705 0.96094477 0.047075156
vn 0.21546121 0.97550946 0.044246323
vn 0.63673246 -0.2759597 0.72001249
vn 0.46137974 0.84826005 0.25996858
vn 0.38938951 0.90870452 0.15043908
vn -0.53676969 0.83662623 0.10924651
vn -0.55162555 0.82762039 0.10370041
vn -0.54883534 -0.82850885 0.11114322
vn -0.59656805 -0.79375178 0.1185946
vn 0.68708771 -0.0087518105 0.72652173
vn 0.67766362 0.16524027 0.71656656
vn 0.69114649 0.0069850511 0.72268093
vn 0.10738543 0.9932313 -0.044271696
vn 0.15942779 0.98631364 -0.042049255
vn -0.84111327 -0.025161516 0.54027343
vn -0.84111655 0.025180642 0.54026741
vn 0.65596008 -0.39696565 0.64197713
vn 0.60539448 -0.57744372 0.5477739
vn 0.65596128 -0.39695582 0.64198196
vn 0.65596122 -0.39695823 0.64198053
vn -0.83588785 0.454651 0.30754507
vn -0.7662937 0.56407696 0.3075892
vn -0.10564674 0.99440372 -0.00013738527
vn -0.054793034 0.99846697 0.0078387279
vn -0.17791809 -0.98388529 0.017745387
vn -0.070436798 -0.99747747 -0.0087963389
vn -0.057407446 -0.99833798 0.0050617703
vn -0.83128858 0.015690167 0.55561954
vn -0.81970638 0.066538416 0.56890601
vn -0.83129072 -0.015682381 0.55561656
vn 0.023512019 0.99277765 -0.11764254
vn 0.046500154 -0.98949057 -0.13691667
vn 0.097634226 -0.99033511 -0.098508701
vn -0.78690577 0.48333532 0.38362265
vn -0.8518247 0.36254126 0.37809858
vn -0.85182488 -0.36254087 0.37809855
vn -0.78690577 -0.48333532 0.38362265
vn 0.55516678 0.74460375 0.37061447
vn 0.48667851 0.83405 0.25981647
vn 0.6784507 -0.009175119 0.73458862
vn 0.67845017 0.0091757588 0.7345891
vn 0.73916394 -0.073271841 0.66952813
vn 0.65008456 0.4165566 0.63550818
vn 0.60845947 0.58256263 0.53888577
vn 0.63782078 -0.039301593 0.76918143
vn 0.64163458 -0.15131515 0.75193667
vn 0.63673198 -0.27596197 0.72001207
vn 0.022024009 0.99373722 -0.10955036
vn 0.067198373 0.99182546 -0.10847392
vn -0.79435873 0.16916962 0.58341736
vn -0.82389718 0.070402466 0.56234944
vn -0.74019462 -0.0010105993 0.67239195
vn -0.79771072 -0.15936995 0.58160025
vn -0.79435855 -0.16916966 0.58341765
vn -0.84137827 -0.0013377715 0.54044503
vn -0.84137845 0.0013368344 0.54044473
vn -0.4885731 0.86811405 0.08760298
vn -0.47773403 0.87377727 0.091013692
vn -0.53981191 -0.83562249 0.10167685
vn -0.4863877 -0.86883265 0.092503011
vn -0.78542042 0.39194903 0.47905192
vn -0.84298873 0.26678318 0.46711534
vn -0.84298855 -0.266783 0.46711579
vn -0.78542012 -0.39194879 0.47905257
vn 0.66088724 0.28430095 0.69455093
vn 0.66089588 0.28431144 0.69453841
vn 0.56707662 -0.46079209 0.6827113
vn 0.61910617 -0.38376242 0.68515247
vn 0.57902533 -0.69454622 0.42700726
vn 0.5230993 -0.76199782 0.38174137
vn 0.055622045 -0.99693441 -0.055027422
vn -0.99999988 0.00044164428 6.8800364e-05
vn 0.63755012 0.42645279 0.64161348
vn 0.60539377 0.24310541 0.75789058
vn 0.57488596 0.4721657 0.66825569
vn 0.63003653 0.36847791 0.68357736
vn 0.56707811 -0.46078956 0.68271178
vn 0.60074788 0.11962184 0.79043823
vn 0.55095661 -0.048345853 0.83313233
vn 0.60044634 0.00097954331 0.7996645
vn 0.55095661 0.048345946 0.83313233
vn 0.60074776 -0.11962157 0.79043835
vn 0.60303974 0.63745183 0.47958133
vn 0.5432598 0.75289226 0.37151319
vn 0.017067742 0.99290806 -0.1176534
vn -0.9999997 -0.00077616354 0.00014207525
vn -0.8762908 0.25346342 0.40972027
vn -0.80083233 -0.17495218 0.57276464
vn -0.75235564 -0.29261565 0.5902009
vn 0.045854375 -0.98752493 -0.15063828
vn -0.01723516 -0.97966254 -0.19991057
vn -0.99999952 0.00093775598 0.00018773705
vn -0.73739845 -0.030371867 0.67477483
vn -0.7373988 0.030376635 0.67477423
vn 0.67761546 -0.16577919 0.71648765
vn 0.67767048 0.16523091 0.71656227
vn 0.59970671 0.25531125 0.75839835
vn 0.56295067 0.082544081 0.82235825
vn 0.5866645 0.035704885 0.80904263
vn 0.61639673 -0.0055479323 0.78741622
vn 0.60161126 -0.05545181 0.79686201
vn 0.11212975 0.97254074 0.20393968
vn 0.56943893 -0.058489531 0.81995016
vn 0.61639732 0.0055486918 0.78741574
vn -0.41695353 0.90589643 0.074171379
vn -0.42369109 0.90291119 0.072369054
vn -0.42223972 -0.90336263 0.075163275
vn -0.48008433 -0.8729955 0.086010933
vn -0.00023578967 0.99999994 -0.00019746776
vn 0.683954 -0.095763624 0.72321248
vn -0.73280758 0.026630534 0.67991459
vn -0.71363169 0.08562132 0.69526887
vn -0.73280847 -0.026627554 0.67991376
vn 0.60908937 0.01387103 0.79298025
vn 0.6090883 -0.013870871 0.79298115
vn 0.59534228 0.012475115 0.8033753
vn -0.65791029 0.62724239 0.41679856
vn -0.75293475 0.50416476 0.42297426
vn -0.75232363 0.45722026 0.47429821
vn -0.75424325 0.55693448 0.34776595
vn -0.7730692 -0.47274914 0.42293292
vn -0.72762579 -0.54061151 0.42225575
vn -0.72088009 0.63053805 0.28766945
vn -0.64417517 0.68666744 0.33693647
vn -0.70266563 -0.62300724 0.34369025
vn -0.68673503 -0.64140189 0.34205058
vn 0.56707829 -0.46078882 0.6827122
vn -0.7487337 0.46296471 0.47440648
vn -0.73582983 0.35168004 0.57868439
vn -0.78849667 -0.3945767 0.47178623
vn -0.71059138 -0.51972735 0.47428194
vn -0.67625827 0.20956716 0.70622689
vn -0.7235207 0.093637019 0.68392241
vn -0.62335926 -0.018020473 0.78172791
vn -0.68682718 -0.18610497 0.70259047
vn -0.68362236 -0.19334251 0.70376068
vn 0.60368699 -0.56235659 0.56508154
vn 0.53199488 -0.68410313 0.49898329
vn 0.60368645 -0.56235915 0.56507951
vn 0.60368657 -0.56235886 0.56507975
vn 0.56727749 -0.073366344 0.82025218
vn 0.56576377 -0.20936242 0.79754543
vn 0.55911297 -0.22258362 0.79865468
vn 0.57488596 0.47216454 0.66825652
vn -0.61716765 0.73756754 0.27404055
vn -0.67853665 0.69431019 0.23983614
vn -0.66443527 -0.69259316 0.28078547
vn -0.66527581 -0.69174016 0.28089795
vn -0.73752433 -0.023994645 0.67489415
vn -0.73752481 0.023996523 0.67489356
vn -0.72339398 0.37417427 0.58025402
vn -0.59137177 0.1464124 0.79299611
vn -0.76180679 -0.30067211 0.57380027
vn -0.69570458 -0.42062452 0.58229733
vn 0.59506315 0.57932407 0.55703098
vn 0.59506357 0.5793215 0.55703318
vn 0.5620212 0.66911459 0.4862282
vn 0.5796299 0.4689084 0.66644889
vn 0.59506363 0.57932067 0.55703396
vn 0.20502594 -0.97781408 -0.042942267
vn 0.21281129 -0.97640204 -0.036747403
vn 0.29883245 -0.95206523 0.065352447
vn 0.36483288 -0.92099655 0.13661028
vn -0.002506423 0.99999684 -1.9999937e-15
vn -0.63060081 0.74959671 0.20111528
vn -0.58104736 0.78225917 0.22462109
vn -0.63209021 -0.73907274 0.23288065
vn -0.62033367 -0.74954021 0.23103161
vn -0.59977651 -0.12904328 0.78969359
vn -0.65857148 -0.31759891 0.68221301
vn 0.48144567 -0.043216359 0.87540984
vn 0.52359992 0.0039247293 0.85195524
vn 0.52817756 -0.0023651924 0.84913063
vn 0.48144424 0.043215208 0.87541068
vn 0.52215481 -0.0059002228 0.85283035
vn 0.52817756 0.0023651924 0.84913063
vn 0.57488555 0.47216406 0.66825724
vn 0.56707734 -0.46078768 0.68271375
vn -0.35796133 -0.93187302 0.058960441
vn -0.41850072 -0.90541291 0.071306191
vn -0.35796034 0.93187332 0.058961548
vn 0.4622823 -0.017771861 0.88655472
vn 0.51301146 0.17989509 0.83931935
vn 0.56383568 -0.080676474 0.82193714
vn 0.097913675 -0.98388225 -0.14962837
vn 0.11950748 -0.98390532 -0.13284674
vn 0.27263999 0.96063066 0.053443238
vn 0.20160918 0.97804695 -0.052706003
vn 0.16024323 0.98548496 -0.05604868
vn -0.0016704466 -0.99999863 -7.0436822e-06
vn 0.38970205 0.90412956 0.17516272
vn 0.31123522 0.94862771 0.056904677
vn -0.60262293 -0.026788885 0.79757631
vn -0.60262227 0.026790941 0.79757673
vn 0.61156172 0.34677452 0.71115381
vn 0.54655802 0.47275755 0.69121242
vn 0.54587364 -0.44654566 0.70895624
vn 0.59305018 -0.35313377 0.72359383
vn -0.61596113 0.036834169 0.78691494
vn -0.58705229 0.10453517 0.80277145
vn -0.61596143 -0.036830414 0.78691489
vn 0.52560717 -0.0050509381 0.85071242
vn 0.52560717 0.0050509423 0.85071242
vn 0.570804 -0.45834216 0.68125272
vn 0.48254311 -0.59980702 0.63826615
vn 0.071337745 0.98689204 -0.1447586
vn 0.10351209 0.98431033 -0.14289288
vn 0.44976026 -0.51803386 0.72756898
vn 0.57961643 -0.28412592 0.7637521
vn 0.48665494 0.82066476 0.29946002
vn 0.40943742 0.89507043 0.17666326
vn -0.53844309 0.8221035 0.18499959
vn -0.57873631 0.79783386 0.16889486
vn -0.57041955 -0.79890054 0.19073391
vn -0.59257311 -0.78165191 0.19462112
vn -0.60481852 0.11836262 0.7875182
vn -0.55667347 -0.2131678 0.80291599
vn -0.49076909 -0.03358693 0.87064207
vn 0.010106949 -0.971398 -0.2372421
vn 0.062548772 -0.97827619 -0.19764452
vn 0.012721581 0.97667319 -0.21435416
vn -0.99999928 -0.0011524373 0.00028117973
vn -0.70810825 -0.43034181 0.55981123
vn -0.62955099 -0.54089904 0.55775779
vn -0.6382907 0.37666222 0.67134976
vn -0.65934372 0.50200611 0.5596925
vn -0.62954938 0.54089791 0.55776078
vn 0.57234883 0.22621177 0.78819102
vn 0.49679354 0.37357104 0.78335232
vn 0.52878994 -0.19162041 0.82683903
vn 0.42602032 -0.4574362 0.78055036
vn 0.52139032 -0.29388285 0.80111486
vn 0.51024073 -0.78149319 0.35905826
vn 0.45059282 -0.83825952 0.30706206
vn 0.57079989 -0.45835149 0.68124992
vn 0.011561355 0.97813064 -0.20766991
vn 0.032010913 0.97780025 -0.20707959
vn 0.48188254 0.0074640075 0.87620401
vn -0.46106479 0.16328244 0.8722145
vn -0.6135481 0.41433254 0.67222559
vn -0.66872782 -0.32617837 0.66813982
vn -0.5894466 -0.44857183 0.67181545
vn -0.60238785 -0.038878199 0.79725611
vn -0.60238636 0.038882334 0.79725707
vn 0.448962 -0.0087010125 0.89350849
vn 0.44896227 0.0087013226 0.89350832
vn 0.48168674 0.029206907 0.87585664
vn 0.48168829 -0.029210934 0.87585562
vn 0.47466943 -0.645576 0.59826463
vn 0.44609597 -0.67443264 0.58833581
vn 0.43783712 -0.0032502692 0.89904845
vn 0.42220315 0.017740766 0.90632761
vn 0.43783748 0.0032498953 0.89904827
vn 0.4222039 -0.017740624 0.90632731
vn 0.54858905 0.48965552 0.67770755
vn 0.54070282 0.72835237 0.42088398
vn 0.47129592 0.82978624 0.29888946
vn 0.48803967 -0.13205187 0.86277437
vn 0.47700524 -0.28971964 0.82977617
vn -0.5234524 0.84025586 0.14130712
vn -0.49096972 0.85777533 0.15221763
vn -0.51660568 -0.84167677 0.15715855
vn -0.54768354 -0.82063991 0.16307321
vn -0.015277638 0.99987805 -0.0032441532
vn -0.013263909 -0.99990475 -0.0038086036
vn -0.090009399 -0.99578315 0.017726595
vn -0.4473716 0.024920631 0.89400089
vn -0.46634322 0.028972987 0.88412929
vn -0.48577714 0.043512594 0.87299901
vn -0.44430384 0.12142358 0.88760936
vn -0.46270499 -0.026276613 0.88612282
vn -0.43422011 -0.13927934 0.88997424
vn -0.36662367 0.042343009 0.92940527
vn -0.38809568 0.91711396 0.091014825
vn -0.34083512 0.9379583 0.063762203
vn -0.28408089 0.95746744 0.0505381
vn -0.29054213 0.95552856 0.050501492
vn -0.36866766 -0.92690152 0.070269093
vn -0.28964624 -0.95572931 0.051831882
vn 0.045854174 -0.98752487 -0.15063861
vn -0.99999952 0.0009390515 0.00018833479
vn -0.44645709 -0.068365738 0.89218956
vn 0.57147282 0.59843343 0.56151247
vn 0.43324697 0.028674489 0.900819
vn 0.39682224 -0.083919868 0.91405118
vn 0.42251545 -0.074730627 0.90326965
vn 0.43324733 -0.028673938 0.90081882
vn -0.44646543 -0.068349592 0.89218664
vn -0.44647214 0.068370417 0.89218163
vn -0.025735566 -0.99966878 -6.7007568e-06
vn 0.0074451538 0.97672528 -0.21436478
vn -0.99999928 -0.0011558755 0.00028299441
vn 0.34762144 -0.013309482 0.93754047
vn 0.34490144 0.014144553 0.93853235
vn 0.34688866 -0.066149868 0.93557066
vn 1.1996078e-13 -0.943883 0.33028004
vn -1 -4.541698e-16 -1.4108099e-14
vn -1.1996082e-13 0.9438833 0.33027908
vn 0.43271977 -0.08418449 0.89758933
vn 0.42113081 -0.25008094 0.87184197
vn 0.4211297 0.25008276 0.87184197
vn 0.4246842 0.2442515 0.87177092
vn 0.43212298 0.10060547 0.8961854
vn 0.034094132 -0.96873778 -0.24573307
vn -0.032456227 -0.95448273 -0.29649493
vn -0.99999928 0.0011416991 0.00030913521
vn -0.025798986 0.99966717 1.3297779e-06
vn -0.47258848 0.1438915 0.86945695
vn -0.34950373 -0.04864179 0.93567151
vn -0.41382164 -0.23813325 0.87866044
vn -0.40922016 -0.24506241 0.87891024
vn 0.48574015 -0.76055729 0.43082374
vn 0.55740547 -0.59930974 0.57456672
vn 0.5574075 -0.59930325 0.57457155
vn 0.33366081 0.0014560705 0.9426921
vn 0.32379928 0.012480093 0.94604349
vn 0.33366004 -0.0014552181 0.94269234
vn 0.30721429 0.027957154 0.95122963
vn 0.32379723 -0.012480696 0.94604421
vn 0.33725137 -0.0263361 0.94104618
vn 0.30776522 -0.064449415 0.94927698
vn 0.33725253 0.026334573 0.94104582
vn 0.30776492 0.064449817 0.9492771
vn -0.34650248 0.0063385414 0.93802762
vn -0.35806039 -0.026887791 0.93331122
vn -0.44646877 0.068367809 0.89218354
vn -0.31680772 0.044916924 0.94742566
vn 0.48080778 0.76867914 0.4218486
vn 0.54999018 0.61499542 0.56505877
vn 0.54999053 0.61499423 0.56505972
vn 0.36100912 -0.050433107 0.93119758
vn 0.34620556 -0.22157753 0.91161674
vn -0.43967307 0.88952541 0.12422622
vn -0.4652724 0.87740344 0.1169823
vn -0.49848384 -0.85612464 0.13625152
vn -0.45968556 -0.87875998 0.12833586
vn -0.44536975 0.097864524 0.88998222
vn -0.34032765 0.063391395 0.93816769
vn -0.29367775 0.13563254 0.94623315
vn -0.21701999 0.031364437 0.97566319
vn -0.27828071 -0.15854543 0.94732422
vn -0.64436054 0.55099308 0.5302887
vn -0.70284313 0.53528726 0.46848595
vn -0.62669271 -0.53893739 0.56285232
vn -0.61340016 -0.46687907 0.63699621
vn -0.51013619 -0.59053934 0.62531942
vn -0.32642925 0.17898597 0.92812067
vn -0.49140668 0.45015967 0.74557078
vn -0.45847583 0.48989603 0.74148619
vn -0.55498666 -0.3646403 0.74768126
vn -0.47215649 -0.4737266 0.74340522
vn -0.28737193 -0.027968485 0.95741063
vn -0.28736678 0.027973885 0.957412
vn 0.57147449 0.59843564 0.56150842
vn 0.4460924 -0.67443693 0.58833355
vn -0.60530454 0.59749365 0.52593511
vn -0.58697605 -0.58631718 0.55829316
vn 0.43823871 0.68977839 0.57632685
vn 0.53443092 0.5552904 0.63720965
vn 0.34713849 0.066381983 0.93546152
vn 0.34713823 -0.066392921 0.93546087
vn 0.20307489 -0.059662826 0.9773438
vn 0.20306516 0.059680779 0.97734475
vn -1.1996083e-13 0.94388348 -0.33027864
vn 1.1996082e-13 -0.9438833 -0.33027908
vn -0.99999958 -0.00085911021 0.00027743197
vn -0.9999997 -0.00074059778 0.00025914601
vn -0.9999997 0.00073384767 0.00025678441
vn 0.18336454 0.035453297 0.98240548
vn 0.21135128 0.0092243655 0.97736663
vn 0.20309161 -0.059683472 0.97733909
vn 0.20192795 -0.018090494 0.97923326
vn 0.21135232 -0.0092233596 0.97736645
vn 0.20341393 0.018370807 0.97892046
vn -1.1996079e-13 0.94388318 -0.33027953
vn 0.44252679 0.58546823 0.6792621
vn 0.54312235 0.4225603 0.72557628
vn 0.33405039 0.090043001 0.9382444
vn 0.28295437 0.16161409 0.94541931
vn 0.33405015 -0.090042002 0.93824458
vn 0.22760493 -0.027199248 0.97337359
vn 0.20356299 -0.053828176 0.97758102
vn 0.22760324 0.027199479 0.97337401
vn 0.20356251 0.053827092 0.97758114
vn -0.33341458 0.16916199 0.92747986
vn -0.20844211 -0.064805344 0.97588533
vn -0.26703769 -0.25896373 0.92823952
vn -0.26788029 -0.25787106 0.92830098
vn -0.18180099 0.020778602 0.98311579
vn -0.11675607 -0.029097566 0.99273425
vn -0.15809533 0.055235818 0.98587769
vn -0.11676154 0.029088352 0.9927339
vn -0.18180265 -0.020776244 0.98311555
vn -0.59951431 0.53558499 0.59475315
vn -0.54157847 0.71046257 0.44937253
vn -0.50670177 0.74031448 0.44180065
vn -0.62518096 0.67970747 0.3835969
vn -0.59018791 -0.66432238 0.4586437
vn -0.54157746 -0.71046388 0.44937167
vn 0.40734345 0.45746061 0.7904436
vn 0.49366367 0.31135926 0.81200469
vn -0.23050264 0.97242123 0.035573129
vn -0.23050264 -0.97242123 0.035573129
vn -0.28506124 -0.9572491 0.04913497
vn 0.23110199 -0.082167231 0.96945369
vn 0.18516538 -0.1383764 0.97291613
vn 0.23110238 0.082166888 0.96945363
vn 0.18516436 0.13837786 0.97291607
vn -0.076049365 0.01410793 0.99700427
vn -0.12609893 -0.17318478 0.97678351
vn -0.19327168 0.08525198 0.97743446
vn -0.14591694 0.14767121 0.97821343
vn 0.054933019 -0.0090810945 0.99844873
vn 0.11053111 0.022595534 0.99361581
vn 0.11131353 0.023551274 0.99350625
vn 0.088298753 0.045669135 0.99504656
vn 0.05493439 0.0090791713 0.99844867
vn 0.1105269 -0.022590278 0.99361634
vn 0.11131369 -0.023551349 0.99350619
vn 0.088299021 -0.045669101 0.99504656
vn -0.11674542 -0.03152819 0.9926613
vn -0.11675157 0.031530343 0.99266052
vn 0.42369846 -0.68750858 0.58975554
vn 0.44883826 -0.67044365 0.59080416
vn 0.054798957 -0.070216171 0.9960255
vn 0.054808836 0.070235245 0.9960236
vn 0.39970315 -0.21570939 0.89090228
vn 0.37581298 -0.38900357 0.84109503
vn 0.37619939 -0.38841566 0.84119397
vn 0.23218429 -0.97206444 -0.034368929
vn 0.001893581 -0.00069448771 0.99999797
vn -0.038524676 0.033508219 0.99869567
vn 0.05477779 -0.070187792 0.99602866
vn 0.0070374268 0.0050474843 0.99996251
vn -0.03852465 -0.033508148 0.99869567
vn 0.054907631 -0.019179199 0.99830723
vn -0.012795961 0.065981656 0.99773878
vn 0.13860907 -0.9801749 -0.14157926
vn 0.13278867 -0.98029125 -0.14627458
vn 0.1149908 0.075665735 0.9904806
vn 0.072329387 0.12144476 0.98995942
vn 0.051548053 -0.0045101657 0.99866033
vn 0.013583538 -0.18322323 0.98297751
vn 0.072329544 -0.1214448 0.98995942
vn -0.60047859 0.73451877 0.31608167
vn -0.5043534 0.78522074 0.35924363
vn -0.54444408 -0.75373018 0.3680644
vn -0.5748359 -0.72764921 0.37428638
vn -0.054090146 0.1052077 0.99297816
vn 0.33686861 -0.17084636 0.92592174
vn 0.31190181 -0.35196126 0.88251942
vn 0.33686751 0.17084807 0.9259218
vn 0.32150263 0.33809549 0.88449281
vn 0.31190088 0.35196039 0.88252008
vn 0.43823946 0.6897772 0.57632768
vn -0.40550956 0.90913558 0.09505
vn -0.38601086 0.91708773 0.099727996
vn -0.40107065 -0.91023624 0.10301607
vn -0.44573209 -0.88803852 0.11274065
vn -0.008402653 0.15807493 0.98739135
vn -0.19482428 0.19265823 0.9617309
vn -0.074239649 -0.081628583 0.99389398
vn 1.1898821e-13 -0.9362306 -0.35138625
vn -0.19399486 0.19366555 0.96169621
vn -0.12462796 -0.27539906 0.95321733
vn -0.13327035 -0.26548016 0.95486087
vn -0.31133637 -0.29550305 0.90318745
vn 0.041066624 -0.96681446 -0.25215742
vn 0.064480558 -0.97012091 -0.23389676
vn 0.20164062 0.97831088 -0.047421947
vn 0.31200069 0.94663852 0.080814756
vn 0.22836092 0.9725787 -0.044067137
vn 0.22870217 0.32439375 0.91785836
vn 0.25745273 0.13769332 0.95643014
vn 0.25745261 -0.13769527 0.9564299
vn 0.22870205 -0.3243939 0.91785836
vn 0.12874942 0.97938776 -0.15563799
vn 0.10418415 0.98191875 -0.15805443
vn -0.36360878 0.48082325 0.7978707
vn -0.39757377 0.44268131 0.80372155
vn -0.35012981 -0.49532592 0.79502285
vn -0.36302873 -0.48145571 0.79775345
vn -0.50867712 -0.50207776 0.6994037
vn 0.11639017 0.16759793 0.97896081
vn -0.063396513 0.21412182 0.97474754
vn 0.11639035 -0.16759799 0.97896075
vn -0.063396879 -0.21412185 0.97474748
vn 0.22662824 -0.17896272 0.95739853
vn 0.22662643 0.17896336 0.95739883
vn 0.056445882 -0.23590557 0.97013527
vn 0.05644539 0.23590572 0.97013527
vn 0.41029477 0.88604921 0.21581239
vn 0.32529071 0.94199789 0.082619101
vn -0.42411876 -0.5933587 0.68414086
vn 0.035852939 0.96908182 -0.24412094
vn 0.048108906 0.96874714 -0.24334037
vn -0.0014357594 0.95242906 -0.30475694
vn 0.43322492 -0.85762995 0.27710479
vn 0.37090912 -0.90224338 0.21996219
vn -0.48789981 0.82262659 0.29195771
vn -0.56615436 0.78190506 0.26094773
vn -0.53249532 -0.79073149 0.30198091
vn -0.5466547 -0.77981943 0.30504143
vn -0.068882205 0.20818314 0.97566134
vn -0.0040200991 -0.27721256 0.96080023
vn -0.19324121 -0.32292193 0.92648757
vn -0.02453875 -0.94200903 -0.3346892
vn 0.028545082 -0.95514196 -0.29476947
vn -0.50953692 0.63495916 0.58068836
vn 0.47001901 0.81122243 0.34785101
vn 0.39194474 0.89486146 0.21354695
vn -0.0016734729 0.95287269 -0.30336592
vn -0.0017962938 0.95287132 -0.30336943
vn -0.12260935 -0.39748231 0.90938151
vn -0.30813169 -0.43385667 0.84665418
vn -0.071669675 -0.34823605 0.93466312
vn 0.11173537 -0.29027128 0.95039874
vn 0.1117351 0.29027179 0.95039862
vn 0.10000011 0.29434758 0.95045227
vn -0.18948503 0.46322343 0.86574793
vn -0.23679109 0.50705069 0.82875186
vn -0.21193105 0.97698253 0.024298398
vn -0.17342085 0.9845708 0.023356376
vn -0.17341924 -0.9845711 0.023356337
vn -0.21193105 -0.97698253 0.024298398
vn 0.14687306 -0.24773036 0.95763147
vn 0.1468733 0.24773031 0.95763141
vn 0.38858294 -0.85272622 0.34908631
vn 0.48370668 -0.75570464 0.44151819
vn 0.48370862 -0.75570107 0.44152227
vn 0.48370659 -0.75570512 0.44151756
vn 0.46449167 -0.66321474 0.5868507
vn -0.2825802 0.46100748 0.84120184
vn -0.22964817 -0.51394385 0.82651281
vn -0.3991935 -0.5349896 0.74460101
vn -0.33169928 -0.94015968 0.077944547
vn -0.39076445 -0.91591829 0.091634013
vn -0.50966346 0.82370061 0.24851654
vn -0.50966311 -0.82370061 0.24851723
vn -0.50943828 -0.82385504 0.24846639
vn 0.034089629 -0.96873599 -0.24574056
vn -0.99999988 0.00047495763 0.00014162376
vn 0.23265952 0.27921414 0.93161637
vn 0.10626765 0.43828675 0.89253116
vn 0.10928253 -0.42543522 0.89836639
vn 0.28617844 -0.32844803 0.90012431
vn 0.018227214 -0.52654922 0.84994924
vn 0.19527465 0.46442592 0.86381501
vn 0.21075147 0.4449535 0.87040234
vn 0.40304837 0.41370413 0.81633383
vn 0.34825215 -0.36278808 0.86435246
vn 0.10010015 -0.56290817 0.82043546
vn 0.16577382 -0.60308683 0.78025979
vn 0.3946414 -0.40661752 0.82396626
vn 0.30806807 0.55133361 0.77532274
vn 0.46312624 0.51183313 0.72356129
vn 0.42713577 -0.45850635 0.77931184
vn 0.21548216 -0.64665407 0.73171437
vn 0.42370182 -0.68750471 0.58975762
vn -0.19042525 -0.46230116 0.86603457
vn -0.0054805512 -0.41238445 0.9109934
vn 0.2503415 -0.6924535 0.67663676
vn 0.44766578 -0.51596528 0.7303254
vn 0.37318903 0.86397874 0.3380394
vn 0.45890802 0.67726415 0.57507974
vn 0.47358271 0.76486027 0.43670148
vn 0.47358385 0.76485777 0.43670461
vn 0.47358364 0.76485813 0.43670419
vn -0.0025300779 0.95242602 -0.30475932
vn -0.99999982 -0.00059203408 0.00019259048
vn -0.44423109 -0.60770577 0.65829509
vn -0.28146783 -0.64484364 0.71060014
vn 0.45851526 -0.57557154 0.6771124
vn 0.2721619 -0.7387653 0.61656612
vn 0.35208032 0.66527826 0.65836483
vn 0.48039857 0.62430745 0.61600113
vn 0.020852171 -0.93986166 -0.34091818
vn -0.042895608 -0.92008382 -0.38936579
vn -0.9999997 0.00072040746 0.00025426349
vn 0.2836096 -0.78332645 0.5531413
vn 0.46265113 -0.63321137 0.62048149
vn 0.43823779 0.68977588 0.57633054
vn 0.43823892 0.68977666 0.57632875
vn 0.36223662 0.76565802 0.53155661
vn 0.52680689 0.72732335 0.43985826
vn 0.46304187 -0.68532473 0.56206965
vn 0.28916419 -0.82286197 0.48916489
vn 0.42370334 -0.6875087 0.58975184
vn 0.44734091 -0.70498908 0.55034214
vn 0.42370132 -0.68750656 0.58975583
vn 0.29953468 -0.85646021 0.42042223
vn 0.032549489 0.37107816 0.92803097
vn -0.081911534 -0.49115509 0.8672123
vn -0.40853971 0.66901428 0.62089872
vn -0.43156573 0.64838398 0.62717557
vn -0.41385552 -0.6367901 0.65055507
vn -0.11632691 0.53124398 0.83919477
vn -0.083757646 0.52277738 0.84834456
vn -0.3733761 0.64433485 0.66740006
vn -0.29044396 -0.56581885 0.77168083
vn -0.11632472 -0.53124291 0.83919573
vn -0.4615792 0.86813176 0.18246052
vn -0.47878495 0.85983402 0.17734273
vn -0.47878495 -0.85983402 0.17734273
vn -0.46157849 -0.86813211 0.18246073
vn 0.1828972 0.45376876 0.87214822
vn -0.0079071065 0.53006506 0.84792012
vn -0.44000581 0.70859092 0.55162829
vn -0.40075308 -0.68628162 0.60697156
vn -0.21121675 -0.63500547 0.74307173
vn 0.30238873 0.52440995 0.79596186
vn 0.0976969 0.55387515 0.82684803
vn -0.078147888 -0.49455059 0.86562848
vn -0.17375483 0.58360869 0.79322767
vn 0.059463259 0.58486819 0.80894583
vn -0.12063068 0.99265933 0.0087016597
vn -0.094724327 0.99542695 0.012346793
vn -0.10234318 -0.99474245 0.0036430245
vn 0.24535315 -0.96943343 0.00078761391
vn 0.16758437 -0.97906554 -0.1155257
vn 0.13644384 -0.98043424 -0.1418865
vn 0.064190231 -0.96676928 -0.24746068
vn 0.060828198 -0.96628833 -0.25017363
vn -0.41872367 0.89341205 0.16274327
vn -0.41872483 -0.89341146 0.16274355
vn 0.3721852 0.60749704 0.70173037
vn 0.20329881 0.64587075 0.73588079
vn -0.013664704 -0.93591017 -0.35197362
vn 0.011375218 -0.94299448 -0.33261392
vn -0.44466305 0.71606296 0.53807861
vn -0.28365391 0.71754944 0.63613153
vn -0.4010646 0.80953401 0.42872122
vn -0.45644036 0.77023506 0.44542137
vn -0.45644033 -0.77023596 0.44541982
vn -0.41305012 -0.80147833 0.43246055
vn 0.12882078 0.9799825 -0.1517877
vn 0.22946884 0.97308326 -0.021283688
vn 0.14263965 0.97837299 -0.14980076
vn 0.05616726 0.96426016 -0.25893557
vn 0.048695516 0.96446151 -0.25969738
vn -0.12304813 -0.65605295 0.74461651
vn 0.073259518 -0.57174063 0.81715709
vn -0.18797776 -0.70832568 0.68039626
vn -0.013326103 0.91866744 -0.39480701
vn -0.99999946 -0.00096367887 0.0003940539
vn 0.32690945 0.93726951 0.12106206
vn 0.23560879 0.97163773 -0.02021368
vn 0.34905231 -0.91908115 0.18289985
vn 0.28513446 -0.95065552 0.12227996
vn 0.0019547574 0.94016254 -0.34072074
vn -0.0052081607 0.93999439 -0.34115022
vn -0.042890608 0.6857419 0.72657996
vn -0.25915876 0.67230403 0.69342917
vn -0.27163547 -0.68152249 0.67951542
vn -0.056385886 -0.90217286 -0.42767367
vn -0.0034989179 -0.92147404 -0.38842422
vn 0.39622897 0.70422816 0.58912247
vn 0.25490937 0.74351156 0.61823279
vn 0.39176539 0.88201141 0.2618697
vn 0.30630267 0.94468611 0.11724686
vn -0.013212257 0.91839224 -0.39545056
vn -0.033318277 0.91767496 -0.39593256
vn 0.32833356 -0.90819067 0.25958964
vn 0.43186757 -0.78879553 0.43736944
vn -0.009703842 0.65338063 0.75696737
vn 0.19682691 0.63216096 0.74942088
vn 0.14237908 -0.59648728 0.78989309
vn -0.10904334 -0.73892176 0.66490912
vn -0.47945097 0.82165599 0.30823395
vn -0.40266833 0.85263199 0.33298191
vn -0.43195111 -0.81187165 0.39278832
vn 0.16328342 0.90641123 0.38956028
vn 0.36043552 0.76076144 0.53974831
vn 0.29588783 -0.8605085 0.41469932
vn 0.30359966 -0.8547076 0.42107263
vn -0.37994453 0.91781187 0.11516734
vn -0.37637562 0.91918594 0.11592519
vn -0.37637398 -0.91918653 0.11592554
vn -0.37994537 -0.91781157 0.11516716
vn 0.32790357 0.91089612 0.25049439
vn 0.39616933 0.79088104 0.4664301
vn 0.27219984 0.82816511 0.48994872
vn 0.020852648 -0.93986195 -0.34091741
vn -0.9999997 0.00071971957 0.00025384538
vn 0.30359289 -0.8547129 0.42106676
vn -0.32078582 0.74105519 0.58985907
vn -0.12860577 0.76534843 0.63063645
vn -0.18582527 -0.74427921 0.64149624
vn -0.3805967 -0.78805178 0.48386005
vn -0.042440176 -0.76955402 0.6371699
vn 0.19640318 -0.62689489 0.75394207
vn -0.012818574 0.91867465 -0.39480698
vn -0.99999946 -0.00096478098 0.0003947379
vn 1.0761264e-13 -0.84672463 0.53203136
vn -1.0761261e-13 0.84672439 0.53203177
vn 0.16328306 0.90641165 0.38955951
vn 0.0076410472 -0.90114355 -0.43345353
vn -0.050524939 -0.87710607 -0.47763184
vn -0.99999934 0.0010564958 0.00047998494
vn 0.305511 0.86840767 0.39055237
vn -0.40346009 0.86901551 0.2864123
vn -0.40346 -0.86901581 0.28641143
vn -0.42603236 -0.85593343 0.29304335
vn 0.23631075 -0.66260225 0.71071476
vn 0.010871229 -0.80061185 0.59908473
vn 0.099785164 0.73124307 0.67477888
vn 0.27418742 0.70009428 0.65930969
vn 0.094355904 0.72660494 0.68054557
vn -0.1033865 0.73552543 0.66956222
vn -0.19361058 0.82377064 0.53283852
vn -0.3594999 0.79261988 0.49245664
vn 0.050943993 -0.83199716 0.55243587
vn 0.26355064 -0.70242536 0.66116542
vn -0.10951496 -0.76165468 0.63866162
vn -0.30953822 -0.81572497 0.48865002
vn -0.31712577 0.94307321 0.10022062
vn -0.31712532 -0.94307327 0.10022131
vn 0.15691085 0.81212765 0.56198543
vn 0.30436134 0.77983874 0.54700613
vn 0.27990806 -0.74450326 0.60610759
vn 0.078700133 -0.86306435 0.49892506
vn -1.076126e-13 0.84672433 -0.53203189
vn 1.0761257e-13 -0.84672409 -0.53203225
vn -0.99999952 -0.00087627646 0.00044691996
vn -0.99999952 -0.00087509525 0.0004465587
vn -0.99999988 -0.00039464605 0.00023266592
vn -0.99999994 -0.00027214471 0.00017099977
vn -0.99999994 0.00026630974 0.00016733356
vn -0.99999976 0.000631909 0.0003473798
vn -0.99999934 0.0010562058 0.00047991122
vn -0.0079976497 -0.93632942 -0.3510316
vn -0.0086027896 -0.93614328 -0.35151356
vn 0.079512887 -0.97098231 -0.22554606
vn 0.051387414 -0.96706265 -0.24929726
vn -1.076126e-13 0.84672433 -0.53203183
vn -0.30994675 0.82490689 0.47271726
vn -0.31874999 -0.8284139 0.46057448
vn -0.064679794 -0.89228624 -0.4468129
vn -0.038321607 -0.90350777 -0.42685494
vn 0.17952807 -0.98078185 -0.076397523
vn 0.1277011 -0.98413861 -0.12314067
vn 0.24677281 -0.9686746 0.027797932
vn 0.095918559 -0.89262611 0.44047511
vn 0.28775415 -0.7863065 0.54673547
vn 0.056222104 0.96483058 -0.25678992
vn -0.013838399 0.93305916 -0.35945666
vn -0.0046102745 0.93347698 -0.35860768
vn -0.023156142 0.8754831 -0.48269367
vn -0.032599837 0.9994477 -0.0064494526
vn -0.11305205 -0.99342769 0.017905228
vn -0.040445872 -0.9991734 -0.0040793787
vn -0.025735386 -0.99966878 -6.5166782e-06
vn 0.14393498 0.9811877 -0.12866031
vn 0.056756202 0.96481979 -0.25671288
vn -0.25540742 0.83957547 0.47945809
vn 0.0059742015 0.80331177 0.59552878
vn 0.00029003044 -0.80481249 0.59352911
vn -0.23971398 -0.83935672 0.48787042
vn -0.029413268 0.90090108 -0.43302664
vn -0.05497089 0.89911711 -0.43424261
vn 0.2590701 -0.96265125 0.078646086
vn 0.19467883 -0.98073155 0.016304305
vn 0.2378321 0.97115403 0.017196767
vn 0.14240611 0.98137212 -0.12895438
vn 0.17585951 0.7810334 0.59921634
vn 0.0052441554 0.80079603 0.59891421
vn -0.084628418 -0.85304391 -0.51493114
vn -0.032846801 -0.87809759 -0.4773528
vn -0.28004006 0.95833498 0.056316733
vn -0.28004047 -0.9583348 0.056318454
vn 0.29124221 -0.82428086 0.48552963
vn 0.1052485 -0.91919661 0.37947375
vn 0.17803372 0.88235438 0.43560845
vn 0.30865115 0.85214311 0.42259511
vn 0.32817236 -0.90971613 0.25440022
vn 0.27266681 -0.94777262 0.16546859
vn 0.32817271 -0.90971583 0.25440091
vn 0.3281723 -0.90971643 0.2543993
vn 1.0635237e-13 -0.8368085 -0.54749566
vn -0.023097239 0.8753162 -0.48299903
vn -0.061825465 0.87310761 -0.48359144
vn 0.30705437 0.93730468 0.16485621
vn 0.21575995 0.97636956 0.012253901
vn 0.30359271 -0.85471344 0.42106581
vn -0.39157218 0.89881337 0.19699191
vn -0.33822235 0.92344844 0.18124197
vn -0.33822295 -0.92344815 0.18124217
vn -0.39157218 -0.89881337 0.19699191
vn 0.32710981 0.90779287 0.26250952
vn 0.32711017 0.90779221 0.26251134
vn 0.27240694 0.94933343 0.156718
vn 0.2916441 0.92229158 0.25361767
vn 0.10780259 -0.94263601 0.31593671
vn 0.2918081 -0.85799444 0.42272168
vn 0.0076457541 -0.90114737 -0.43344551
vn 0.29493463 -0.92332441 0.24593815
vn 0.0095877722 -0.80065113 0.5990541
vn -0.022912547 0.87548923 -0.48269415
vn -0.21569186 -0.8685447 0.44621417
vn -0.36112389 -0.87391108 0.32537511
vn -0.0048623038 -0.85298955 -0.52190536
vn -0.055810027 -0.82624614 -0.56053776
vn -0.23280133 0.84338754 0.48425305
vn 0.19176559 0.92859495 0.31770644
vn 0.29164344 0.92229134 0.25361928
vn 0.17090566 -0.93451023 0.31222081
vn 0.29493484 -0.92332417 0.24593887
vn 0.29493406 -0.92332423 0.24593951
vn 0.2106647 0.84439254 0.49256638
vn 0.064979486 0.86615998 0.4955245
vn -0.19711763 0.97940922 0.043614827
vn -0.2942979 0.94844878 0.11761643
vn -0.25729737 0.9637059 0.071196578
vn -0.1753062 0.98342127 0.046371534
vn -0.19126393 -0.98020244 0.051198699
vn -0.28562683 -0.95501387 0.07978598
vn 0.0074933753 0.80219626 0.59701341
vn 0.090804689 -0.84325296 0.52979141
vn -0.1395749 -0.88838488 0.43736845
vn -0.25439742 0.92415649 0.28498548
vn -0.37399083 0.89960086 0.22549756
vn -0.31670758 0.89680654 0.30892441
vn -0.25439629 -0.92415667 0.28498599
vn -0.37399083 -0.89960086 0.22549756
vn -0.19938999 0.86181706 0.46638504
vn -0.19939029 -0.86181635 0.4663862
vn -0.039893668 0.99920392 1.281342e-06
vn -0.075661398 -0.89022321 -0.44919708
vn -0.073357753 -0.89131486 -0.44741079
vn 0.080757208 -0.84795886 0.5238741
vn -0.1106597 -0.83765173 -0.53487754
vn -0.083381936 -0.85318583 -0.51489937
vn -0.0065274928 -0.94260395 -0.33384907
vn -0.030677428 -0.93477035 -0.35392553
vn 0.2182312 0.90277612 0.37063521
vn 0.087402225 0.92299867 0.37474567
vn -0.030908756 0.82318687 -0.56692857
vn -0.013831865 0.93315834 -0.3591994
vn -0.079140693 0.88729864 -0.45435432
vn -0.05422277 0.89005524 -0.4526163
vn -0.057503756 0.85236585 -0.51977473
vn -0.099969804 0.84770751 -0.52095872
vn 0.083569869 -0.9781726 -0.19024841
vn 0.034892511 -0.97160614 -0.23401716
vn 0.058046188 0.96959758 -0.23772076
vn -0.026256632 0.93227965 -0.36078414
vn -0.10871964 -0.79592794 -0.59554911
vn -0.058931246 -0.82601935 -0.56055254
vn -0.32861897 0.93573844 0.12807485
vn -0.32861945 -0.93573833 0.12807417
vn -0.23581447 -0.96666992 0.099703483
vn 0.10137647 -0.99028659 -0.095159508
vn 0.16492106 -0.98575294 -0.03304844
vn -0.031282816 0.8243382 -0.56523263
vn -0.086791135 0.8202185 -0.56542808
vn 0.14501306 0.98503894 -0.093110345
vn 0.048685469 0.9696756 -0.2394973
vn 0.15525471 -0.98657191 0.050713919
vn 0.27899748 -0.92935067 0.24180113
vn 0.27899712 -0.92935097 0.24180038
vn 0.21727996 0.97432107 0.059058674
vn 0.12209817 0.98760509 -0.098631784
vn 0.13443835 -0.88917267 0.43737665
vn -0.08011777 -0.93191797 0.35370895
vn 0.058801215 0.86270827 0.50227165
vn -0.057402506 0.92344874 0.37940401
vn -0.0048622321 -0.85298961 -0.52190518
vn -1 9.7530334e-05 2.0234984e-05
vn 0.15890758 0.98634791 0.043199666
vn 0.16298282 0.9854809 0.047581919
vn 0.26734105 0.93130863 0.24737215
vn 0.26734102 0.93130976 0.24736805
vn 0.18866199 0.95561618 0.2262838
vn 8.986821e-14 -0.70710677 0.70710677
vn -0.032281827 0.82314992 -0.56690574
vn -1 -0.00014579037 6.0118571e-05
vn 0.17063491 0.96016794 0.22127199
vn 0.18823524 0.9530164 0.23733363
vn 0.14972474 -0.96694779 0.20638421
vn 0.12097506 -0.97619992 0.17999661
vn 0.083221629 0.96673501 0.24186283
vn -0.016208144 -0.79594076 -0.60515755
vn -0.059009451 -0.76822758 -0.63745141
vn -1 0.00019970827 0.00011593221
vn 0.11052547 -0.89942765 0.42286402
vn -0.31789166 0.93716848 0.14373653
vn -0.23819235 0.9548887 0.17734689
vn -0.28284734 -0.9394598 0.19342339
vn -0.11678881 0.9929955 0.017896736
vn -0.11264714 0.99346477 0.018396329
vn -0.11383639 -0.99335486 0.01695375
vn -0.18143716 -0.98264539 0.038582899
vn -0.22021882 0.92923659 0.29668683
vn -0.11734679 0.89893639 0.42207006
vn -0.11734691 -0.89893633 0.42207012
vn -0.22021937 -0.92923653 0.29668653
vn 0.14602728 -0.93469924 0.32405764
vn -0.059605435 -0.96770692 0.2449296
vn 0.076757878 0.91796249 0.38916981
vn -0.013331098 0.95530111 0.29533377
vn -0.17446844 0.94556081 0.27472815
vn -0.30358472 0.92757422 0.21781267
vn -0.17446917 -0.94556075 0.27472785
vn -0.30358365 -0.92757446 0.21781316
vn -0.15065873 -0.77404654 -0.61494219
vn -0.12292072 -0.79385883 -0.59554899
vn -0.13690539 -0.83076894 -0.53951818
vn -0.13169824 -0.83411169 -0.53564286
vn -0.036586747 0.7612468 -0.64742935
vn -1 -0.0001862694 0.00013327123
vn -0.081793137 0.79578018 -0.60003644
vn -0.098894075 0.83583981 -0.53999233
vn -0.13934639 0.78763062 -0.60018378
vn -0.07916981 0.88640118 -0.45609772
vn -0.13802679 0.82932764 -0.54144645
vn -0.12833816 -0.73217785 -0.66891325
vn -0.081362978 -0.76633686 -0.63726592
vn -0.087503247 -0.89544064 -0.43649653
vn -0.10695442 -0.88548177 -0.4521977
vn -0.038140327 0.76616567 -0.64151031
vn -0.1078696 0.76011086 -0.64077741
vn -0.025164312 0.93847752 -0.34442225
vn -0.1036021 0.88267356 -0.45842558
vn -8.9868183e-14 0.70710653 -0.70710701
vn 8.9868244e-14 -0.70710701 -0.70710653
vn -1 -0.00018820121 0.00013367858
vn -1 -2.4536117e-05 1.8783207e-05
vn -1 1.3507922e-06 -1.3507932e-06
vn -1 8.0676191e-06 8.0676136e-06
vn -1 9.0820649e-05 7.1641065e-05
vn -1 0.0002008719 0.0001159012
vn 0.1152865 -0.94535542 0.30497897
vn -0.010802576 -0.95288914 -0.30312634
vn -0.054655682 -0.93812501 -0.3419565
vn 0.051368676 0.97722596 -0.20589009
vn -0.042116053 0.93682367 -0.34725729
vn 0.0079766726 -0.97806513 -0.20814663
vn 0.068918712 -0.98648429 -0.14865714
vn 0.14972429 -0.96694803 0.20638347
vn -0.016209474 -0.79593891 -0.60515988
vn 0.15235096 -0.9878611 0.030326232
vn 0.15234855 -0.98786157 0.030321607
vn 0.10595576 -0.99311262 -0.050007116
vn -0.041538946 0.7610963 -0.64730746
vn 0.12418891 0.9908492 -0.052867763
vn 0.027941 0.9769966 -0.21141659
vn 8.8575096e-14 -0.69693226 -0.71713698
vn 0.061223585 0.99801439 0.014798446
vn 0.10538138 0.99272341 -0.058266211
vn -0.0029677826 0.98265201 0.18543528
vn -0.072832733 0.99101472 0.11218384
vn 0.10137103 0.97894001 0.17720163
vn 0.12290154 0.97654563 0.17678741
vn 0.071226858 -0.96268123 0.26109695
vn -0.025787387 -0.73087388 -0.68202519
vn -0.060327776 -0.70381355 -0.70781851
vn 0.070337966 -0.9975161 0.0037673546
vn -0.22667336 0.96754736 0.11167488
vn -0.27579516 -0.95210725 0.13201809
vn -0.22562911 -0.96763331 0.11303655
vn -0.14959383 0.95494133 0.25633714
vn -0.07125245 0.93548888 0.34609771
vn -0.071252584 -0.93548864 0.3460983
vn -0.14959386 -0.95494109 0.25633791
vn -0.18409495 -0.70362914 -0.6863054
vn -0.15640363 -0.72745275 -0.66809458
vn -0.18389228 0.96865994 0.16697781
vn -0.27183563 0.95302868 0.13357273
vn -0.18389195 -0.96865982 0.16697866
vn -0.10196725 0.73243374 -0.67315936
vn -0.13773625 0.77278239 -0.6195451
vn -0.17258668 0.72082078 -0.67129076
vn -0.19038507 -0.76083088 -0.62039495
vn -0.1824394 -0.76728433 -0.61480939
vn -0.143347 -0.66316485 -0.73461831
vn -0.099935606 -0.70018488 -0.70693278
vn -0.040046636 0.99916148 0.0085185124
vn -0.0056349211 0.99998415 1.5805628e-06
vn 0.068688594 0.99763817 1.5768547e-06
vn -0.038942069 0.69534051 -0.71762466
vn -0.11724376 -0.96430999 0.23740283
vn -0.24632387 -0.9511596 0.18606442
vn -0.11724473 0.96430999 0.23740253
vn -0.24632308 0.95115972 0.18606496
vn -0.066187687 0.99780303 0.0028824559
vn -0.042184643 0.99909186 0.0059932754
vn -0.1156121 -0.99310523 0.019387983
vn -0.04951714 -0.9987697 -0.0026729282
vn -0.038293194 -0.99921048 0.010588054
vn -0.13801989 0.82685506 -0.54521662
vn -0.18933208 0.76192403 -0.61937481
vn -0.040995173 0.70175809 -0.71123487
vn -0.1248683 0.69390994 -0.70915228
vn -0.094116263 -0.90920943 0.40556177
vn 0.092493415 -0.99145049 0.092037551
vn -0.085961685 -0.99614125 -0.017697047
vn -0.019900927 -0.99865919 0.047788605
vn 0.061285965 0.99801224 0.014681752
vn -0.0098528741 0.99876803 0.048634436
vn 0.061222639 0.99801445 0.014796455
vn -6.7617475e-14 0.53203213 0.84672415
vn -0.16090594 -0.83234239 -0.53039181
vn -0.17524253 -0.82225937 -0.54146063
vn -0.10285208 0.88954645 -0.44511637
vn -0.17307794 0.8190704 -0.54696226
vn -0.025786968 -0.73087466 -0.68202442
vn -1 -3.072686e-05 -4.1449457e-05
vn -0.1001344 -0.90630382 -0.41059276
vn -0.13771586 -0.88591105 -0.44294012
vn -0.044546582 0.69517821 -0.71745586
vn -1 2.6437092e-05 -3.366786e-05
vn -0.0053572282 -0.99998564 -5.5651531e-06
vn -0.039705466 0.94769901 -0.31668609
vn -0.12677263 0.88493013 -0.44813758
vn -0.049659934 -0.99815881 -0.03482677
vn -0.049657267 -0.99815875 -0.034831665
vn -0.04061636 -0.99855512 -0.035184126
vn -0.082222149 -0.94444126 -0.31822991
vn -0.026018191 -0.96416283 -0.26403245
vn -0.037049178 -0.65560979 -0.75419039
vn -0.060349651 -0.63383824 -0.77110761
vn -1 -7.207341e-05 -9.7852455e-05
vn -0.020764899 -0.98455811 -0.17382225
vn 0.10868868 -0.99394435 0.016168211
vn 0.10868474 -0.99394488 0.016160561
vn 0.10868703 -0.99394459 0.016165942
vn 0.030300783 0.98543471 -0.16733284
vn -0.063588589 0.9447099 -0.32168266
vn 0.10333436 0.99424613 0.02822528
vn 0.10333166 0.99424267 0.02835572
vn -0.0054388344 -0.99998522 2.8653121e-05
vn 0.068809062 -0.99762982 2.8585631e-05
vn -0.059601761 -0.96770811 0.24492578
vn -0.11158346 -0.97588432 0.18761384
vn -0.11158286 0.9758842 0.18761466
vn -0.059601672 0.96770805 0.24492608
vn -0.0047850581 0.98418081 -0.17710246
vn 0.10333157 0.99424273 0.028355474
vn -0.22722864 0.96696973 0.11548473
vn -0.19309528 0.97911274 0.063658975
vn -0.14358626 0.98861581 0.044963874
vn -0.17879334 0.98299217 0.041944824
vn -0.19309431 -0.97911292 0.063658603
vn -0.16887704 -0.98412859 0.054510579
vn -0.21070728 -0.62855875 -0.74867636
vn -0.18360828 -0.65586752 -0.73220611
vn -0.044214904 0.62342995 -0.78062803
vn -1 7.3742558e-05 -0.00011355755
vn -0.11790229 0.66367173 -0.73867375
vn -0.17022021 0.70294535 -0.69057435
vn -0.19946517 0.64918196 -0.73401392
vn -0.1537412 -0.59040833 -0.79232675
vn -0.11469177 -0.62873352 -0.7691164
vn -0.046914987 0.63155866 -0.77390742
vn -0.13775544 0.6227563 -0.77019352
vn -0.23532541 -0.6834392 -0.69103748
vn -0.22493725 -0.69367045 -0.68426937
vn -0.18915091 0.75728488 -0.62509322
vn -0.23242934 0.6879425 -0.68754035
vn -0.22498044 -0.75693667 -0.61353946
vn -0.23412944 -0.74870831 -0.62017685
vn -0.03704872 -0.6556108 -0.75418955
vn -1 -7.1549868e-05 -9.6062875e-05
vn -0.21218772 0.96872091 0.12867077
vn -0.09074863 0.98072511 0.1730404
vn -0.090749346 -0.98072517 0.17303966
vn -0.21218729 -0.96872103 0.12867044
vn -0.050508641 0.62324315 -0.78039527
vn -1 7.3599389e-05 -0.00011279045
vn -0.17272612 0.82569462 -0.53702337
vn -0.23325819 0.74509859 -0.6248349
vn -6.7617448e-14 0.53203189 -0.84672433
vn -1 3.0983727e-05 -7.2785144e-05
vn -1 8.3317165e-05 -0.00013259858
vn -1 -8.3609149e-05 -0.00013306327
vn -1 -4.4063596e-05 -8.8427892e-05
vn -0.0031916976 0.99988967 -0.014505753
vn 0.014299979 0.99904001 -0.041407008
vn -0.11349163 0.99284202 -0.037206952
vn -6.7617488e-14 0.53203225 -0.84672409
vn -0.14660242 0.9798317 0.13578485
vn -0.23544599 0.96616936 0.10527071
vn -0.14660299 -0.97983176 0.13578416
vn -0.23544721 -0.96616918 0.10526979
vn -0.18143207 -0.84141356 -0.5090242
vn -0.21178673 -0.8184979 -0.53404832
vn -0.044015221 -0.57296014 -0.8184005
vn -0.055552963 -0.55943692 -0.8270092
vn 6.6515708e-14 -0.52336311 -0.85210979
vn -0.091635115 -0.98832691 -0.1217083
vn 0.02690124 -0.99958557 -0.010244975
vn 0.010921438 0.99993938 -0.0013883037
vn -0.124951 0.89820611 -0.42144164
vn -0.20271933 0.8174786 -0.53910452
vn -0.020930871 0.99978012 -0.0012885011
vn -0.0056350133 0.99998415 1.4936739e-06
vn -0.059259266 -0.99817234 0.011846787
vn -0.018233346 -0.99983132 -0.0022119379
vn -0.0054377839 -0.99998522 2.9887193e-05
vn -0.10572207 0.99023402 0.090881683
vn -0.078917608 0.98968357 0.11957604
vn -0.078917235 -0.98968345 0.11957721
vn -0.10572175 -0.9902339 0.090882801
vn 4.1976127e-14 -0.33027923 0.94388324
vn -4.1976083e-14 0.3302789 0.94388336
vn -0.16607298 -0.89149314 -0.42149702
vn -0.11670507 -0.91964144 -0.37501946
vn -0.2304398 -0.55114502 -0.80195802
vn -0.20457779 -0.58103597 -0.78774685
vn -0.061353028 0.95793545 -0.28034884
vn -0.14937882 0.89259171 -0.42540094
vn 0.026910668 -0.99958545 -0.010235206
vn -0.071354568 -0.95858294 -0.27573043
vn -0.027311254 -0.97815186 -0.20608979
vn -0.027310515 -0.97815222 -0.20608841
vn -0.1297092 0.59099919 -0.79617554
vn -0.19612715 0.62840796 -0.75275332
vn -0.2199627 0.57464331 -0.78829026
vn -0.15989104 -0.51530653 -0.8419584
vn -0.12601304 -0.55303109 -0.82357597
vn -0.049097158 0.55689472 -0.82913071
vn -0.043311331 0.54031163 -0.84034961
vn -0.14681888 0.54763174 -0.82373762
vn 0.06881614 -0.99762934 2.9816782e-05
vn -0.0068010418 0.99995178 -0.0070812949
vn 0.010925633 0.99993938 -0.0013810772
vn -0.017247953 0.98258471 -0.18501304
vn -0.068999708 0.95684797 -0.28227824
vn -0.017246986 0.98258555 -0.18500857
vn -0.27141681 -0.60159224 -0.7512787
vn -0.25901622 -0.61597311 -0.74396759
vn 0.068688102 0.99763817 1.4901699e-06
vn -0.23186938 0.68057799 -0.69501811
vn -0.26713154 0.6101101 -0.74592656
vn -0.049502268 0.97958642 -0.19483307
vn -0.044014759 -0.57296145 -0.81839961
vn -1 -0.00010354305 -0.00017246277
vn -0.054869086 0.54000401 -0.83987206
vn -0.99999994 0.00013580169 -0.00023701937
vn -0.1168074 0.99299377 0.017873188
vn -0.11559501 0.99313349 0.017990185
vn -0.11645795 -0.99302673 0.018316912
vn -0.15381067 -0.98756701 0.032461416
vn -0.13946937 0.97257167 -0.18615207
vn -0.049500078 0.97958589 -0.19483647
vn -0.27876064 -0.67308581 -0.68501675
vn -0.28297675 -0.66844445 -0.68782711
vn -0.15242223 -0.95815712 -0.24228585
vn -0.23324259 0.75043255 -0.61842453
vn -0.28347719 0.66442209 -0.69150847
vn -0.052532282 -0.48226261 -0.87445021
vn -0.053730085 -0.48059437 -0.87529546
vn -0.99999988 -0.00019763576 -0.00037905687
vn -0.096796237 0.99179083 0.08355464
vn -0.20740516 0.97715324 0.046417549
vn -0.096795045 -0.99179095 0.083555035
vn -0.20740516 -0.97715324 0.046417549
vn -0.067437008 0.99282533 -0.098742701
vn -0.091076568 0.99100918 -0.09800984
vn -0.13048871 0.99076086 -0.036953744
vn -0.2319548 0.96214068 -0.14311628
vn -0.13048871 -0.99076086 -0.036953751
vn -0.23195472 -0.96214068 -0.14311627
vn -0.037860028 -0.99602968 -0.080569692
vn -0.25252524 -0.76225823 -0.59598106
vn -0.27532879 -0.74001169 -0.61365855
vn -0.24360925 -0.47362792 -0.84636348
vn -0.21984728 -0.50459844 -0.83489376
vn -0.16274504 -0.43834856 -0.88394833
vn -0.13446754 -0.47369027 -0.87036544
vn -0.13789272 0.51579088 -0.8455444
vn -0.21549653 0.5514192 -0.80591446
vn -0.23445697 0.49879351 -0.83440697
vn -0.050411221 0.47815263 -0.87682885
vn -0.040464409 0.45122784 -0.89149094
vn -0.15271281 0.46905604 -0.86986506
vn 1.4229857e-14 -0.11196427 0.99371225
vn -1.4229857e-14 0.11196427 0.99371225
vn -0.2016886 0.83188969 -0.51699251
vn -0.2683157 0.73862511 -0.61841702
vn -0.99999988 0.00020581577 -0.00042064214
vn -0.29865503 -0.51840156 -0.80128956
vn -0.28483164 -0.53685069 -0.79414248
vn -0.26593444 0.59957975 -0.75483972
vn -0.29353583 0.53112704 -0.7948212
vn -0.15345272 -0.98589128 0.066862687
vn -0.20360313 -0.97771728 0.051133711
vn -0.15345189 0.98589134 0.066863626
vn -0.20360407 0.9777171 0.051134136
vn -0.052532371 -0.48226228 -0.87445039
vn -0.99999988 -0.00019748927 -0.00037860591
vn -0.24103612 -0.82259858 -0.51500797
vn -0.20007594 -0.85533541 -0.47788179
vn -0.13490634 -0.987387 0.082868278
vn -0.21674328 -0.9745419 0.057362087
vn -0.21674329 0.9745419 0.057362095
vn -0.13490631 0.987387 0.082868308
vn -0.057651136 0.45084524 -0.89073843
vn -0.99999988 0.00020730231 -0.00042559148
vn -0.14767888 0.90970683 -0.38810363
vn -0.22677888 0.82388204 -0.51941282
vn -0.096303776 -0.9886381 -0.11541339
vn -4.1976127e-14 0.33027923 -0.9438833
vn 4.1976107e-14 -0.33027908 -0.9438833
vn -0.99999994 0.00012973386 -0.00033305027
vn -0.99999994 0.00013028158 -0.00033393252
vn -1 6.319525e-05 -0.0001931922
vn -0.99999994 8.3175146e-05 -0.00023770078
vn -0.99999988 -0.00016167438 -0.00039128304
vn -0.99999994 -8.6048531e-05 -0.00024591255
vn -1 -7.0383598e-05 -0.00021077783
vn -0.99999988 -0.00016167434 -0.00039128296
vn -0.063957326 -0.97406346 -0.21704793
vn -0.18669522 -0.90199763 -0.38928807
vn -0.063958481 -0.97406292 -0.21705015
vn -0.063957646 -0.97406334 -0.21704839
vn -0.13390248 -0.97447675 -0.18018113
vn -0.26115024 -0.92651576 -0.27086723
vn -0.32195103 -0.58455527 -0.74474335
vn -0.32174879 -0.58481961 -0.74462318
vn -0.069382675 0.97717386 -0.20079175
vn -0.069382511 0.97717392 -0.20079137
vn -0.17007028 0.90386611 -0.39255849
vn -0.28360739 0.66739792 -0.68858325
vn -0.3236683 0.58046824 -0.74719173
vn -4.197611e-14 0.33027911 -0.9438833
vn -0.057976749 -0.38123378 -0.92265892
vn -0.048786573 -0.3983438 -0.91593784
vn -0.14781216 0.96343058 -0.22350174
vn 4.1240777e-14 -0.32449329 -0.94588798
vn -0.16313624 -0.35998985 -0.91858256
vn -0.14062576 -0.39129093 -0.90945905
vn -0.25134954 -0.39681625 -0.88281381
vn -0.23044613 -0.42713699 -0.87432748
vn -0.035835598 0.35707441 -0.93338829
vn -0.051105049 0.39594963 -0.91684902
vn -0.14327765 0.43860766 -0.88718367
vn -0.15602365 0.38754135 -0.90855289
vn -0.22887146 0.47410649 -0.85020047
vn -0.24392569 0.42214024 -0.8730967
vn -0.26114881 -0.92651659 -0.27086592
vn -0.057976753 -0.38123375 -0.92265892
vn -0.058927223 0.35668504 -0.9323644
vn -0.317397 -0.4370665 -0.84156525
vn -0.30306244 -0.45865336 -0.83533841
vn -0.20625027 0.95015574 -0.23380537
vn -0.1982784 0.95222908 -0.23226161
vn -0.15758283 0.95808971 -0.23923163
vn -0.058370534 0.95342648 -0.29592359
vn -0.14781152 0.96343058 -0.22350235
vn -0.14781223 0.96343064 -0.22350164
vn -0.23119752 -0.94073015 -0.24814215
vn -0.11554666 -0.97184998 -0.20532084
vn -0.17667329 -0.95754117 -0.22781888
vn -0.25082827 -0.93184662 -0.26219657
vn -0.29142836 0.51726693 -0.80467659
vn -0.31214413 0.45334193 -0.83489347
vn -0.31218794 -0.67328399 -0.67024422
vn -0.32773298 -0.65453917 -0.68129992
vn -0.081426874 0.99666923 0.0044827727
vn -0.063265227 0.99797451 0.0066650733
vn -0.11593649 -0.99310172 0.017543115
vn -0.068672359 -0.99763924 -0.00033510581
vn -0.26810256 0.75267398 -0.60133421
vn -0.32284236 0.65256757 -0.68551326
vn -0.23624265 -0.96969324 -0.062325537
vn -0.1357757 -0.99022353 -0.031973366
vn -0.1357757 0.99022353 -0.031973369
vn -0.23624367 0.96969295 -0.062325858
vn -0.0199297 -0.9998014 2.665842e-06
vn 0.068685986 -0.99763834 2.6600744e-06
vn -0.045999166 -0.31308982 -0.94860888
vn -0.16182275 -0.28081203 -0.94602221
vn -0.14511664 -0.30646545 -0.94075507
vn -0.045266874 0.31131858 -0.94922686
vn -0.14662784 0.35999423 -0.92136008
vn -0.15732457 0.30364826 -0.93970567
vn -0.060218859 -0.27580938 -0.95932418
vn -0.25485334 -0.32119703 -0.91207582
vn -0.2374109 -0.34905171 -0.90653127
vn -0.23742113 0.39727774 -0.88645452
vn -0.24934709 0.34501469 -0.90487063
vn -0.058878157 0.25849724 -0.96421605
vn -0.35467708 -0.49517262 -0.79310036
vn -0.35079256 -0.50105906 -0.79112858
vn -0.30547655 -0.74179089 -0.59701788
vn -0.27362809 -0.77494323 -0.56972855
vn -0.32363507 0.5800916 -0.74749857
vn -0.35411894 0.49657306 -0.79247397
vn -0.032847583 -0.27616048 -0.96055007
vn -0.067313105 -0.22462383 -0.97211784
vn -0.99999994 -9.3448107e-05 -0.00029159186
vn -0.058878265 0.25849646 -0.96421623
vn -0.99999994 9.4110517e-05 -0.00031076989
vn -0.26114792 -0.92651647 -0.27086723
vn -0.22049686 -0.92666912 -0.30441001
vn -0.2259369 0.84344858 -0.48738796
vn -0.2939404 0.74264175 -0.60173273
vn -0.32896534 -0.3589094 -0.87347919
vn -0.31506488 -0.38214216 -0.86873555
vn -1.4229899e-14 0.11196461 -0.99371219
vn 1.4229893e-14 -0.11196455 -0.99371219
vn -0.99999994 5.8086454e-05 -0.00027189424
vn -1 1.0513632e-05 -7.5888122e-05
vn -1 6.6655311e-06 -5.9158156e-05
vn -0.99999994 5.928817e-05 -0.00027416385
vn -1 -7.0123815e-06 -6.2236562e-05
vn -1 -1.4943357e-05 -9.6986601e-05
vn -0.99999994 -6.447154e-05 -0.00029464718
vn -0.99999994 -6.5691602e-05 -0.0002969807
vn -0.30895358 0.43662292 -0.84493083
vn -0.32420355 0.37747326 -0.8674134
vn -0.15960918 -0.20137024 -0.96642381
vn -0.14865153 -0.21983959 -0.96414381
vn -0.046355546 0.22429369 -0.97341847
vn -0.1487193 0.2806001 -0.94823319
vn -0.15725873 0.21794632 -0.96320772
vn -0.26236489 -0.83355254 -0.48616338
vn -0.18958817 -0.89581943 -0.40195003
vn -0.18958883 -0.89581877 -0.40195131
vn -0.14608617 0.98894846 0.02529311
vn -0.1644257 0.98619831 0.019417509
vn -0.14608684 -0.98894835 0.025293406
vn -0.16442637 -0.98619819 0.019417802
vn -0.1533071 0.98813719 0.0090484004
vn -0.22299807 0.97476172 -0.010554024
vn -0.1533076 -0.98813707 0.0090487525
vn -0.22299746 -0.9747619 -0.010553363
vn -1.4229894e-14 0.11196455 -0.99371219
vn -0.059858728 -0.16736637 -0.9840759
vn 1.3972084e-14 -0.10993604 -0.99393868
vn -0.057778701 0.15732704 -0.98585486
vn -0.25528583 -0.24724223 -0.93471944
vn -0.24178712 -0.27076235 -0.93178684
vn -0.19646251 0.88057125 -0.43127343
vn -0.22600228 0.84342605 -0.48739666
vn -0.17006953 0.95828247 -0.22971942
vn -0.17645228 0.92852819 -0.32664967
vn -0.24234512 0.3215003 -0.91537225
vn -0.25167868 0.2677578 -0.93003422
vn -0.06260594 -0.13613553 -0.98871005
vn -0.043717701 -0.1675079 -0.98490095
vn -0.18555804 -0.94995934 -0.25128758
vn -0.057778236 0.15733233 -0.98585403
vn -0.2004116 0.97961605 0.013696391
vn -0.15834638 0.98704416 0.025889199
vn -0.15834577 -0.98704427 0.025888871
vn -0.20041218 -0.97961593 0.013695721
vn -0.36005527 -0.57888573 -0.73160881
vn -0.36910522 -0.56580627 -0.73730904
vn -0.32327479 0.66468459 -0.67356348
vn -0.36631739 0.56319445 -0.7406913
vn -1 8.693346e-06 -1.7386693e-20
vn -1 -8.9133009e-06 1.7826602e-20
vn -0.15735194 -0.12199473 -0.97997838
vn -0.15195455 -0.13194084 -0.97954142
vn -0.048558176 0.13589373 -0.98953271
vn -0.15038575 0.20103131 -0.9679724
vn -0.15653269 0.13090658 -0.97895914
vn -0.057532344 -0.056287147 -0.99675566
vn -0.056012359 0.053079657 -0.99701816
vn -0.057532437 -0.056284972 -0.99675572
vn -0.054795839 0.081856661 -0.99513662
vn -0.070482731 0.053031165 -0.99610233
vn -0.37743434 -0.40902519 -0.83080786
vn -0.37090084 -0.42024621 -0.82814592
vn -0.35353288 0.49210715 -0.7955156
vn -0.37548494 0.41587558 -0.82828653
vn -0.070347726 -0.081389502 -0.99419665
vn -0.33483559 -0.28459427 -0.89827126
vn -0.32223666 -0.30763403 -0.89527917
vn -0.31993088 0.35886577 -0.87684637
vn -0.33100173 0.30379713 -0.8933897
vn -0.25385389 -0.17527333 -0.95122945
vn -0.24467233 -0.19260697 -0.95028311
vn -0.2448525 0.24733086 -0.93748319
vn -0.25192314 0.19062592 -0.94878685
vn -0.15664497 -0.019700749 -0.98745847
vn -0.070348464 -0.081389472 -0.99419659
vn -0.20533425 -0.016379895 -0.97855484
vn -0.070348784 0.081332982 -0.99420118
vn -0.15246071 0.12164764 -0.98079437
vn -0.15401331 0.088053778 -0.98413742
vn -0.26824516 0.92722595 -0.26133612
vn -0.26825446 0.92722201 -0.26134047
vn -0.2013143 0.94967836 -0.23996586
vn -0.22810695 0.94493258 -0.23466919
vn -0.25793761 -0.95345712 -0.15616556
vn -0.19593145 -0.96370089 -0.18136011
vn -0.26846179 0.94925809 -0.16382103
vn -0.26390412 0.95079261 -0.16232064
vn -0.21324179 0.96328646 -0.16311711
vn -0.22692223 0.87044811 -0.43683678
vn -0.24485356 -0.87734425 -0.412691
vn -0.20461851 -0.085003495 -0.97514391
vn -0.35869622 -0.65316314 -0.66686952
vn -0.33572423 -0.68295813 -0.64873528
vn -0.25179648 -0.10530899 -0.96203357
vn -0.24719448 -0.11468541 -0.96215492
vn -0.24619864 0.1751688 -0.95325869
vn -0.25112644 0.11364482 -0.96125978
vn -0.025652174 0.99964333 -0.0074272342
vn -0.076382995 -0.99701124 0.011585871
vn -0.029250465 -0.99955362 -0.0060807397
vn -0.019928833 -0.9998014 3.829341e-06
vn -0.29408523 0.76281714 -0.57586789
vn -0.34993532 0.65314776 -0.67152309
vn -0.33647713 -0.21457341 -0.91691953
vn -0.3259654 -0.23534782 -0.9156189
vn -0.32588333 0.28470281 -0.90152335
vn -0.33379817 0.23245932 -0.91353238
vn -0.26645774 0.87187982 -0.41088432
vn -0.24868721 -0.082164198 -0.9650926
vn -0.24765576 0.10509382 -0.96313131
vn -0.25090602 0.014874326 -0.96789718
vn -0.20461796 0.085041851 -0.97514069
vn -0.39170936 -0.32808605 -0.8596065
vn -0.38363945 -0.34347814 -0.85723019
vn -0.39636377 -0.48345864 -0.78048927
vn -0.39994296 -0.47741276 -0.78238273
vn -0.37398818 0.40722165 -0.83324867
vn -0.38921115 0.33946776 -0.85631555
vn -0.36704087 0.57191449 -0.7336176
vn -0.39918923 0.47430402 -0.78465509
vn -0.20533973 0.014700469 -0.97858036
vn -0.29476738 -0.77532423 -0.55855578
vn -0.30824596 -0.76054645 -0.57144856
vn -0.29476681 -0.77532524 -0.55855465
vn -0.23314087 -0.88154143 -0.41052404
vn -0.24130857 0.90761507 -0.34351858
vn -0.25472668 0.86032069 -0.44154578
vn -0.31327778 0.86214167 -0.39820701
vn -0.22697476 0.87042922 -0.43684712
vn -0.22697371 0.87043095 -0.43684429
vn -0.29889426 0.76079059 -0.57607281
vn -0.33539039 -0.14903258 -0.93021643
vn -0.32768974 -0.1653191 -0.93020916
vn -0.32835498 0.21465769 -0.91983968
vn -0.3338747 0.16340439 -0.92834622
vn -0.24485306 -0.87734258 -0.41269478
vn -0.24485333 -0.87734479 -0.41268986
vn -0.20743443 0.97451586 -0.085380398
vn -0.25757244 0.96129411 -0.097827025
vn -0.25757352 -0.96129376 -0.097827286
vn -0.20743333 -0.97451609 -0.085380122
vn -0.32067871 -0.061934847 -0.94516098
vn -0.32067898 0.061921209 -0.94516176
vn -0.27973986 -0.90057343 -0.33273584
vn -0.29119834 -0.89326733 -0.34245738
vn -0.12695491 0.99190366 0.0030885343
vn -0.12695491 -0.99190366 0.0030885343
vn -0.33258623 -0.096885219 -0.93808299
vn -0.32894829 0.14901212 -0.93251723
vn -0.33255669 0.096288621 -0.93815488
vn -0.39919433 -0.25336385 -0.88116437
vn -0.39064386 -0.27113989 -0.87970477
vn -0.38659379 0.32719722 -0.86225706
vn -0.3968018 0.2677317 -0.8779909
vn -0.40075716 -0.56054527 -0.72469491
vn -0.38569868 -0.58413744 -0.71415681
vn -0.31920555 -0.062052563 -0.94565177
vn -0.32002798 0.063440777 -0.94528162
vn -0.32067859 0.061921239 -0.94516188
vn -0.35094884 0.67194742 -0.65216684
vn -0.39465261 0.5595088 -0.72883415
vn -0.42176482 -0.39176902 -0.8176989
vn -0.42107016 -0.39310679 -0.81741482
vn -0.39971262 0.47840151 -0.78189629
vn -0.42223132 0.38975 -0.81842268
vn -0.29573959 0.89762235 -0.32682142
vn -0.52238399 0.74621862 -0.4126412
vn -0.17287304 0.9849177 -0.007213559
vn -0.16431236 0.98639774 -0.0045776633
vn -0.16431355 -0.9863975 -0.0045780325
vn -0.17287423 -0.98491746 -0.0072139297
vn -0.32064235 -0.063713841 -0.94505507
vn -0.18944162 0.98139101 -0.031362243
vn -0.2172799 0.97533679 -0.038827036
vn -0.18944101 -0.98139113 -0.03136158
vn -0.21727814 -0.97533727 -0.038826067
vn -0.24724111 0.94532239 -0.2126909
vn -0.24724047 0.94532269 -0.21269023
vn -0.32544604 -0.89268577 -0.3117643
vn -0.23426813 -0.94629967 -0.22279
vn -0.23426604 -0.94629961 -0.22279242
vn -0.29573199 0.89762539 -0.32681996
vn -0.27974421 -0.90057176 -0.3327367
vn -0.4015761 -0.18546446 -0.89684981
vn -0.39353275 -0.20338333 -0.89653063
vn -0.39309412 0.2530264 -0.88399923
vn -0.39971408 0.20075032 -0.89438689
vn 0.068695061 -0.99763769 3.8210542e-06
vn 0.068686567 -0.99763829 2.8213071e-06
vn 0.06868773 -0.99763823 3.0774358e-06
vn -0.29573593 0.89762449 -0.32681888
vn -0.27974123 -0.90057236 -0.33273751
vn -0.031313367 0.99950963 2.9595587e-06
vn 0.06869334 0.99763781 2.9540165e-06
vn -0.30190614 -0.77224666 -0.55900609
vn -0.35583645 -0.67367071 -0.6477254
vn -0.40055299 -0.12462729 -0.90775841
vn -0.39397585 -0.14010806 -0.9083792
vn -0.38192403 0.14108825 -0.91336089
vn -0.33263239 0.82725579 -0.45277315
vn -0.35086492 0.67198652 -0.65217167
vn -0.30202726 0.84108853 -0.44871992
vn -0.32939622 0.72105592 -0.60957074
vn -0.30494556 -0.85333604 -0.42287797
vn -0.29295966 -0.87292022 -0.39010882
vn -0.43780512 -0.30659592 -0.84517789
vn -0.43411371 -0.31450596 -0.84417492
vn -0.42202443 0.3885349 -0.81910682
vn -0.43695858 0.31119165 -0.84393543
vn -0.34808713 -0.75097454 -0.56113511
vn -0.30435982 -0.91544038 -0.26331356
vn -0.25853822 -0.95223802 -0.1624832
vn -0.30435494 -0.91543752 -0.26332912
vn -0.30782008 0.90721828 -0.28670856
vn -0.25308669 0.94064838 -0.22611459
vn -0.43216211 -0.46772948 -0.77101558
vn -0.42369875 -0.48333451 -0.76607251
vn -0.39864719 -0.049872417 -0.91574734
vn -0.32064167 -0.063713908 -0.94505525
vn -0.32064843 0.06338235 -0.94507527
vn -0.39808673 0.06366346 -0.91513604
vn -0.41006804 0.047419041 -0.91082138
vn -0.39281556 0.15524817 -0.9064182
vn -0.39618328 0.57508594 -0.71576184
vn -0.42853338 0.46580586 -0.77419895
vn -0.34808728 -0.75097376 -0.56113601
vn -0.33263341 0.82725263 -0.45277822
vn -0.30763108 -0.90735716 -0.28647187
vn -0.34458879 -0.86134857 -0.37327901
vn -0.36409646 -0.84129512 -0.39957014
vn -0.35530236 0.84522855 -0.39918539
vn -0.40972012 -0.062776476 -0.91004866
vn -0.44630045 -0.22953428 -0.86494505
vn -0.4408167 -0.24230438 -0.86427379
vn -0.43561029 0.30478656 -0.84696448
vn -0.44498101 0.23934262 -0.86296409
vn -0.32146502 0.90450239 -0.28024217
vn -0.26555693 0.95111817 -0.15765075
vn -0.25823939 0.95640391 -0.13639641
vn -0.29167226 0.94161391 -0.16819775
vn -0.26555708 0.95111811 -0.1576506
vn -0.2585384 -0.95223802 -0.16248265
vn -0.25853896 -0.95223796 -0.16248216
vn -0.28602847 -0.94397855 -0.16459697
vn -0.14209504 0.98985171 0.0016055275
vn -0.12202428 0.99250036 -0.0072846911
vn -0.087094337 0.99619389 -0.003510664
vn -0.12250963 0.99197036 -0.031402882
vn -0.12585057 -0.99203342 -0.0055920524
vn -0.097440124 -0.99507618 -0.018133339
vn -0.32992023 0.72081566 -0.60957146
vn -0.40334389 -0.5756436 -0.71130031
vn -0.39247468 -0.59593421 -0.70058978
vn -0.39247197 -0.59594268 -0.70058411
vn -0.35291171 -0.74861366 -0.56127614
vn -0.39247519 -0.59593171 -0.70059162
vn -0.45363644 -0.37898135 -0.80658978
vn -0.45046115 -0.38568923 -0.80518854
vn -0.44908381 -0.16158296 -0.87875748
vn -0.4429163 -0.17684513 -0.87894875
vn -0.45551875 0.14386231 -0.87852508
vn -0.44233212 0.22867699 -0.86720765
vn -0.44908103 0.16026467 -0.87900025
vn -0.0095873782 0.99995404 1.0700422e-06
vn -0.034824371 0.99935168 0.0091368975
vn 0.068687603 0.99763823 1.0675641e-06
vn -0.43005228 0.47659722 -0.76675296
vn -0.45237371 0.37644336 -0.80848527
vn -0.35432914 0.70930368 -0.60937601
vn -0.40537298 0.57062525 -0.71418452
vn -0.35432968 0.70930517 -0.60937393
vn -0.35432974 0.70930225 -0.60937732
vn -0.15490432 -0.98780185 -0.015877711
vn -0.32146728 0.90450144 -0.28024253
vn -0.31503767 -0.90442437 -0.28769407
vn -0.034542669 -0.99935752 0.009560599
vn -0.0095790215 -0.9999541 2.8149539e-06
vn 0.068686806 -0.99763829 2.8084346e-06
vn -0.25423446 0.96193612 -0.10021824
vn -0.25325376 0.96215546 -0.10059521
vn -0.2523827 -0.96248376 -0.099639103
vn -0.25798026 -0.96121436 -0.097535573
vn -0.2034505 0.97796834 -0.046753008
vn -0.19771527 0.97922385 -0.045047935
vn -0.2034488 -0.97796875 -0.046751998
vn -0.19771589 -0.97922373 -0.045047611
vn -0.44798002 -0.1032934 -0.88805652
vn -0.44221514 -0.11816342 -0.88909119
vn -0.37541133 -0.79762292 -0.4720847
vn -0.39657047 -0.78337657 -0.47859484
vn -0.39199254 -0.78921443 -0.47273931
vn -0.37773797 0.79583943 -0.47323737
vn -0.39472905 0.78717303 -0.47386459
vn -0.35363373 0.85688901 -0.37507924
vn -0.32146743 0.90450144 -0.28024244
vn -0.31503808 -0.90442431 -0.28769371
vn -0.38131514 -0.73417574 -0.56176931
vn -0.44471347 -0.059425812 -0.89369935
vn -0.44529241 0.03208274 -0.89481026
vn -0.40972453 0.062585406 -0.91005981
vn -0.44294623 0.10319341 -0.89058954
vn -0.38186419 0.69553715 -0.6086114
vn -0.46667206 -0.2966902 -0.83318192
vn -0.46742615 -0.29491496 -0.8333894
vn -0.45323917 0.38121668 -0.80575931
vn -0.46758687 0.29390034 -0.83365768
vn -0.38219735 -0.74906588 -0.54113346
vn -0.38937929 -0.72990012 -0.56180918
vn -0.40776885 0.68179876 -0.60735083
vn -0.38584504 0.74624145 -0.54244566
vn -0.41048396 -0.014868993 -0.91174656
vn -0.25711673 -0.96156788 -0.096323162
vn -0.32350683 -0.91531867 -0.2398648
vn -0.45048094 -0.47071123 -0.75861573
vn -0.40000108 -0.5922488 -0.69945729
vn -0.40000173 -0.59224683 -0.6994586
vn -0.41311178 0.53453332 -0.73730105
vn -0.41311309 0.53452849 -0.73730379
vn -0.43789101 0.47294566 -0.76457429
vn -0.41656166 0.67695355 -0.6068033
vn -0.41311228 0.5345301 -0.73730308
vn -0.31821969 -0.92393517 -0.21232067
vn -0.39245263 -0.83811438 -0.37887365
vn -0.3912791 -0.8395189 -0.37697303
vn -0.32205856 0.91689742 -0.23574863
vn -0.39215299 0.83864093 -0.37801778
vn -0.31711048 0.92486781 -0.20990589
vn -0.47298059 -0.22220565 -0.85259253
vn -0.47638613 -0.21352322 -0.85291505
vn -0.46723312 0.29228953 -0.83442199
vn -0.47575569 0.21956956 -0.851731
vn -0.040933747 0.99916184 -2.9675761e-05
vn -0.081067644 0.99669003 -0.0060835844
vn -0.11250675 -0.99362373 0.0073578013
vn -0.052942138 -0.99843413 -0.018067766
vn -0.39326105 -0.69015443 -0.60748053
vn -0.4363296 -0.57364666 -0.69321424
vn -0.42708391 -0.71049178 -0.55928594
vn -0.41073376 -0.73467612 -0.53995258
vn -0.41976619 0.72889608 -0.54083902
vn -0.39492804 0.78334099 -0.48000914
vn -0.47433567 -0.15639368 -0.86634099
vn -0.47923726 -0.14323151 -0.86591941
vn -0.4363274 -0.57365716 -0.69320697
vn -0.4738695 0.21218185 -0.85464996
vn -0.47847331 0.15424567 -0.86444873
vn -0.47009414 -0.045024987 -0.8814671
vn -0.47009781 0.044851247 -0.88147402
vn -0.40765706 0.68186122 -0.60735577
vn -0.40774786 0.68157625 -0.60761458
vn -0.4289431 -0.61083078 -0.66550249
vn -0.44985473 -0.56637073 -0.69054687
vn -0.4574433 -0.38277909 -0.8026368
vn -0.45129916 -0.40491784 -0.79521734
vn -0.45129898 -0.40491879 -0.79521692
vn -0.40765917 0.68185341 -0.60736305
vn -0.46888262 0.37465909 -0.79986227
vn -0.43473279 0.5240376 -0.7323879
vn -0.43473095 0.52404475 -0.73238385
vn -0.47262615 -0.099752106 -0.87559927
vn -0.47788551 -0.085235164 -0.87427706
vn -0.4828003 0.050820161 -0.87425464
vn -0.4828003 0.050820474 -0.87425464
vn -0.47357664 0.098830886 -0.87519008
vn -0.48116991 0.16379334 -0.86118942
vn -0.48269632 0.1787716 -0.85734761
vn -0.27099255 0.95458847 -0.12378982
vn -0.25711805 -0.9615677 -0.096321814
vn -0.42765114 0.52752233 -0.73405361
vn -0.30237848 -0.93348789 -0.19278897
vn -0.30251995 0.93360931 -0.19197737
vn -0.19164541 0.98027474 -0.04830645
vn -0.17389859 0.98386842 -0.041979205
vn -0.19116829 -0.98035526 -0.048562285
vn -0.17430508 -0.98377246 -0.042538486
vn -0.47420996 -0.044694159 -0.87927657
vn -0.47009739 0.044851281 -0.8814742
vn -0.47504917 0.037684847 -0.87915194
vn -0.45909041 -0.70424926 -0.54154313
vn -0.41916493 -0.77190381 -0.47798041
vn -0.43453965 0.76289791 -0.47870877
vn -0.39279512 0.83714592 -0.38065565
vn -0.25388232 0.96323234 -0.087904416
vn -0.2391502 0.96675581 -0.090500541
vn -0.25388318 0.96323216 -0.087904222
vn -0.25388429 0.96323192 -0.087903507
vn -0.25301194 -0.96346879 -0.087822638
vn -0.24523279 -0.96510273 -0.091856562
vn -0.24159837 -0.9658587 -0.093526594
vn -0.25300694 -0.9634698 -0.087825835
vn -0.30251873 0.93361002 -0.19197598
vn -0.30237317 -0.93349087 -0.19278303
vn -0.47020924 -0.039200742 -0.88168395
vn -0.44524738 -0.64068294 -0.62552387
vn -0.4248462 -0.67457449 -0.60370106
vn -0.43657348 0.66695678 -0.60379821
vn -0.41957855 0.71299517 -0.56177557
vn -0.44985506 -0.56636918 -0.69054788
vn -0.45917156 0.51163411 -0.72621757
vn -0.43936151 0.60356814 -0.66533226
vn -0.48100668 -0.29016685 -0.82730633
vn -0.45865175 -0.40180814 -0.79258364
vn -0.45865217 -0.40180585 -0.79258454
vn -0.46930441 0.2915785 -0.83350784
vn -0.4627139 0.34202161 -0.81787348
vn -0.46271405 0.34202316 -0.81787276
vn -0.45308259 -0.52928144 -0.71734047
vn -0.43526417 -0.5742141 -0.69341421
vn -0.46372175 0.50925499 -0.72499758
vn -0.45845661 0.52388924 -0.71788412
vn -0.009587408 0.99995404 1.0246381e-06
vn -0.022346128 0.99974567 -0.0030377419
vn -0.039779611 0.99920833 -0.00050393748
vn -0.012147787 -0.99991775 -0.0041139489
vn -0.04110834 -0.99915469 4.1569827e-05
vn -0.070383564 -0.99744684 0.012080354
vn -0.47797477 -0.23250912 -0.84704167
vn -0.47970673 -0.21263839 -0.85127336
vn -0.47797674 -0.2324867 -0.84704673
vn -0.4950119 -0.38577771 -0.77854913
vn -0.48797113 0.20843795 -0.84760708
vn -0.47946426 0.33566949 -0.81082678
vn -0.47946414 0.33566856 -0.8108272
vn -0.49035895 0.17711963 -0.85333276
vn -0.49035871 0.17712356 -0.85333204
vn -0.45193234 -0.69760549 -0.55597097
vn -0.44753584 0.70824498 -0.545986
vn -0.43497854 0.70524323 -0.55984432
vn -0.46610278 0.65656787 -0.59301507
vn -0.46897349 -0.39736572 -0.78877395
vn -0.46372125 0.50925756 -0.72499609
vn -0.45678037 -0.56989884 -0.68305707
vn -0.43648359 -0.6071679 -0.66394973
vn -0.44878411 0.59889007 -0.66326731
vn -0.43514282 0.64385378 -0.62936717
vn -0.49332643 -0.14056747 -0.85841119
vn -0.48448241 -0.23070717 -0.84383112
vn -0.48448244 -0.23070689 -0.84383118
vn -0.48023099 0.17929746 -0.85862136
vn -0.30251977 0.9336096 -0.1919762
vn -0.30238017 -0.93348825 -0.19278453
vn -0.28718683 -0.93865699 -0.19091038
vn -0.3025178 0.93361032 -0.19197607
vn -0.23866098 -0.96805388 -0.076893255
vn -0.28717011 -0.93866235 -0.19090918
vn -0.47167492 -0.44397008 -0.76184863
vn -0.48546565 -0.39009187 -0.78240108
vn -0.46372128 0.50926411 -0.7249915
vn -0.021205643 -0.99977511 3.0573676e-06
vn 0.06869217 -0.99763793 4.0623845e-06
vn 0.068687342 -0.99763823 3.0508329e-06
vn 0.068689309 0.99763811 2.1633098e-06
vn 0.068668909 0.99763948 -2.6292284e-06
vn 0.068686254 0.99763829 1.0222652e-06
vn 0.068689279 0.99763811 2.1454362e-06
vn -0.48112643 -0.096430451 -0.87133145
vn -0.48544362 -0.084332079 -0.87019116
vn -0.48112646 -0.096428819 -0.87133163
vn -0.48112655 -0.096430033 -0.87133145
vn -0.44981542 0.3467862 -0.82304645
vn -0.23809466 0.96770984 -0.082756318
vn -0.29336596 0.93601811 -0.19443893
vn -0.27521729 0.94602007 -0.17117684
vn -0.48546559 -0.3900924 -0.78240085
vn -0.15224171 -0.98761451 -0.037947815
vn -0.13971025 -0.98958611 -0.034646709
vn -0.19154076 -0.98090535 -0.033716086
vn -0.18870878 -0.98140365 -0.035155185
vn -0.15653534 0.98691243 -0.038736954
vn -0.15653382 0.98691267 -0.038736556
vn -0.18917249 0.98134935 -0.034165487
vn -0.1891208 0.98135835 -0.034191731
vn -0.13267793 0.99087477 -0.023742741
vn -0.47102523 0.44064516 -0.76417738
vn -0.48478168 0.33361042 -0.8085115
vn -0.48719352 -0.01493868 -0.87316626
vn -0.48507395 -0.095967129 -0.86919135
vn -0.48719352 -0.014938744 -0.87316626
vn -0.47056907 0.0028200035 -0.88235867
vn -0.484424 0.05071985 -0.87336183
vn -0.484424 0.050719835 -0.87336183
vn -0.20412491 -0.97664165 -0.067112193
vn -0.20412117 -0.97664261 -0.067109942
vn -0.23866062 -0.968054 -0.076893471
vn -0.19755475 0.9786489 -0.056731585
vn -0.23803855 0.96772641 -0.082723632
vn -0.23809399 0.96770996 -0.08275672
vn -0.46449524 -0.49580228 -0.73377395
vn -0.44619706 -0.53244543 -0.71931219
vn -0.4629564 -0.6290043 -0.62451977
vn -0.47856289 -0.57430327 -0.66419375
vn -0.43906954 -0.64368612 -0.62680626
vn -0.45801595 0.52409452 -0.71801555
vn -0.44597551 0.57256079 -0.68795347
vn -0.4620291 0.63061935 -0.62357706
vn -0.47754017 0.33640927 -0.81165522
vn -0.48116925 0.31164289 -0.81936246
vn -0.48546585 -0.3900944 -0.78239971
vn -0.47754028 0.33640826 -0.81165558
vn -0.47310886 -0.33529964 -0.8147037
vn -0.46408904 -0.39947456 -0.79059565
vn -0.47873268 -0.23228094 -0.84667623
vn -0.28758475 -0.94051701 -0.18089437
vn -0.3716118 -0.8416115 -0.39191166
vn -0.36231315 -0.85093111 -0.38032284
vn -0.36796811 0.84778804 -0.38190958
vn -0.27521628 0.94602048 -0.17117621
vn -0.28145972 -0.94309521 -0.17706469
vn -0.48299786 -0.23113704 -0.8445642
vn -0.48078305 -0.25737864 -0.8382147
vn -0.48299956 -0.23111433 -0.84456944
vn -0.46930966 0.18159948 -0.86415857
vn -0.46957633 -0.41752958 -0.7779249
vn -0.45400706 -0.45132789 -0.76823223
vn -0.4816632 0.17899406 -0.85788208
vn -0.47599673 0.25427493 -0.84188563
vn -0.48166332 0.17899205 -0.85788244
vn -0.46475607 0.44326496 -0.76649719
vn -0.45395085 0.4972991 -0.73933905
vn -0.2397671 -0.95674187 -0.164793
vn -0.476919 -0.5063287 -0.71845633
vn -0.43937764 -0.57777947 -0.68783587
vn -0.45767033 0.58206832 -0.67211187
vn -0.4622995 0.56509298 -0.68333673
vn -0.23977008 -0.95674109 -0.16479309
vn -0.27517486 0.9460327 -0.17117505
vn -0.23903833 0.9556514 -0.17202055
vn -0.47150719 0.18114156 -0.86305779
vn -0.47758842 0.14960356 -0.86575288
vn -0.48299959 -0.2311146 -0.84456939
vn -0.47147578 -0.15476589 -0.86819243
vn -0.4802036 -0.096536867 -0.87182862
vn -0.48020363 -0.096535645 -0.87182873
vn -0.11553091 0.99278593 -0.032073867
vn -0.06657356 0.99776399 0.0059118508
vn -0.11555025 0.9927839 -0.032066416
vn -0.11554626 0.99278438 -0.032066546
vn -0.094752222 0.99506563 -0.029434741
vn -0.066565722 0.99776447 0.0059191957
vn -0.11347491 -0.99303395 -0.031734422
vn -0.14924464 -0.98865724 -0.016820613
vn -0.14925666 -0.98865551 -0.016814832
vn -0.11347359 -0.99303406 -0.031734463
vn -0.081895269 -0.99661279 -0.0074930815
vn -0.063986212 -0.99790776 0.0092653213
vn -0.47815987 -0.049318049 -0.87688702
vn -0.4642953 -0.09835247 -0.88020265
vn -0.47571889 0.051253121 -0.8781029
vn -0.47412372 0.051350225 -0.87895954
vn -0.47549894 0.046471011 -0.878488
vn -0.47221756 -0.33744943 -0.81433314
vn -0.45981526 0.41756064 -0.78371745
vn -0.47231451 0.33336803 -0.81595635
vn -0.47412378 0.051349614 -0.87895954
vn -0.47412378 0.051349606 -0.87895954
vn -0.46429577 -0.098348126 -0.88020289
vn -0.47110763 -0.015229607 -0.88194424
vn -0.47110763 -0.015229547 -0.88194424
vn -0.46384627 0.0028420538 -0.88591117
vn -0.46552992 -0.0074118017 -0.88500112
vn -0.46383825 0.0065002618 -0.88589609
vn -0.23980245 -0.95675045 -0.16469179
vn -0.14790691 -0.98599929 0.076999545
vn -0.23976968 -0.9567408 -0.1647954
vn -0.23906581 0.95565975 -0.17193599
vn -0.23728728 0.95509464 -0.17745139
vn -0.2427095 0.95275438 -0.18262307
vn -0.43445715 -0.68602753 -0.58362079
vn -0.40631142 -0.72849947 -0.55154282
vn -0.47122201 -0.43950775 -0.7647109
vn -0.43815404 -0.50662518 -0.74253076
vn -0.36767313 0.84214216 -0.39447811
vn -0.42383334 0.71919739 -0.55056369
vn -0.45545983 0.51297659 -0.72760659
vn -0.45952013 0.49499521 -0.7374422
vn -0.48200136 -0.50776529 -0.71403718
vn -0.43782073 -0.59275413 -0.67598486
vn -0.45977056 -0.60314262 -0.65178984
vn -0.46579146 0.57837158 -0.66971982
vn -0.45975459 0.60119081 -0.65360183
vn -0.22107948 -0.93757021 -0.26848838
vn -0.18739381 -0.97138685 -0.14591481
vn -0.23788528 -0.95462883 -0.17914903
vn -0.18862791 0.97089171 -0.14761007
vn -0.31152675 -0.85749376 -0.40945756
vn -0.30290136 -0.86600941 -0.39784226
vn -0.30866104 0.86313742 -0.39965257
vn -0.18739358 -0.97138691 -0.14591481
vn -0.18862939 0.97089148 -0.14761008
vn -0.46395701 -0.37036097 -0.80472147
vn -0.43655542 -0.42942694 -0.79057693
vn -0.45073053 0.44421837 -0.77428162
vn -0.45534953 0.41917321 -0.78546202
vn -0.1874022 -0.97138691 -0.14590365
vn -0.17887199 0.970783 -0.15995377
vn -0.13992679 0.97973526 -0.14331561
vn -0.13994585 0.97973132 -0.14332367
vn -0.13745353 -0.98012704 -0.14302996
vn -0.17847568 -0.97110993 -0.15840426
vn -0.47106433 -0.43857482 -0.76534343
vn -0.428583 -0.5258947 -0.73467773
vn -0.45590478 0.51618582 -0.72505379
vn -0.45669645 0.5124743 -0.72718531
vn -0.45322591 -0.55229026 -0.69968688
vn -0.41644353 -0.62138718 -0.66366613
vn -0.41915455 0.69025934 -0.58978939
vn -0.44127744 0.60918272 -0.65891623
vn -0.13241817 0.98077428 -0.14334311
vn -0.14226423 0.97773927 -0.15422973
vn -0.13745487 -0.9801268 -0.14302996
vn -0.072929941 0.9965654 -0.039226018
vn -0.02052602 0.99921358 0.033924248
vn -0.020590628 0.99921596 0.033816177
vn -0.07066045 -0.99671394 -0.039603025
vn -0.070657387 -0.99671412 -0.039604396
vn -0.01942037 -0.99905688 0.03883544
vn -0.019430069 -0.99905729 0.038819347
vn -0.086616911 0.98635375 -0.14001362
vn -0.45617107 -0.29978836 -0.83787525
vn -0.43476754 -0.3487851 -0.83025664
vn -0.083977617 -0.9864499 -0.14094089
vn -0.13360681 -0.97969139 -0.14951259
vn -0.44554344 0.37278134 -0.81395644
vn -0.45033589 0.34005708 -0.82556576
vn -0.086610258 0.98635429 -0.14001365
vn -0.08398205 -0.98644954 -0.14094087
vn -0.087026373 0.98587191 -0.14311866
vn -0.084649667 0.98635292 -0.14121731
vn -0.083860107 -0.98659194 -0.14001375
vn -0.084564418 -0.98645115 -0.14058085
vn -0.36598971 -0.68591791 -0.62894213
vn -0.34477001 -0.71931469 -0.60309207
vn -0.028472705 0.9903537 -0.1356055
vn -0.028413923 0.99035537 -0.1356056
vn -0.027237505 -0.99025106 -0.13660519
vn -0.02845894 0.99035442 -0.13560304
vn -0.02724666 -0.99025083 -0.13660517
vn -0.30721226 0.85763085 -0.41241968
vn -0.35969186 0.71226007 -0.60274982
vn -0.025893193 -0.99409455 -0.10538283
vn -0.041467819 -0.98988366 -0.13568611
vn -0.45550004 -0.3766281 -0.80664182
vn -0.41735491 -0.45854661 -0.78456986
vn -0.050838023 0.99372637 -0.099616274
vn 0.068345405 0.99268764 -0.099499211
vn 0.068306461 -0.9921062 -0.10516416
vn 0.061667323 0.89591861 0.439917
vn 0.058862992 0.99420357 -0.089968823
vn -0.371187 0.92617363 -0.066502608
vn 0.061693002 -0.89598674 0.4397746
vn 0.052942872 -0.99455512 -0.089761734
vn -0.37093064 -0.92627269 -0.066553697
vn 0.061685648 0.89591742 0.43991688
vn 0.28331989 -0.85863358 0.42717475
vn 0.06868685 -0.99762541 0.0050648996
vn 0.10497731 0.99446887 0.0033879534
vn 0.068688385 0.99762517 0.0050916993
vn 0.068685688 -0.99762547 0.0050649536
vn 0.24271192 0.96895969 -0.046990193
vn 0.18478663 0.9766767 -0.1093457
vn 0.23968513 -0.95687956 -0.16411129
vn 0.22031112 0.87953538 0.42175883
vn -0.083378106 0.99078041 -0.10678126
vn 0.2203422 -0.879641 0.42152232
vn -0.083111711 -0.99079669 -0.10683811
vn 0.20641367 -0.97696322 -0.054187134
vn 0.22031039 0.87953556 0.42175886
vn 0.39933029 -0.81899434 0.4120481
vn 0.24297328 -0.97000754 -0.0070235087
vn 0.24297477 0.97000778 -0.0069430205
vn 0.29340646 0.95594114 -0.0094441241
vn 0.24297678 -0.97000664 -0.0070236819
vn 0.44466814 0.8943063 -0.049864925
vn 0.37933207 0.91844249 -0.11211852
vn 0.4394545 -0.88382643 -0.16040754
vn 0.24699524 0.96111161 -0.12352239
vn 0.40221909 0.80892962 0.4287805
vn 0.2471808 -0.96105832 -0.12356596
vn 0.39073789 -0.91775435 -0.071068928
vn 0.40227437 -0.809048 0.42850521
vn 0.40221667 0.80893081 0.4287805
vn 0.44316188 -0.8912763 0.096094422
vn 0.49932769 -0.75495857 0.42509931
vn 0.4387981 0.8824988 -0.16926916
vn 0.47907647 0.87258154 0.095326565
vn 0.55599588 0.82599354 0.092753649
vn 0.44315886 -0.89127779 0.096094489
vn 0.62676632 0.77920187 0.0029092494
vn 0.62677109 -0.77919775 0.0029821503
vn 0.53301042 -0.84146744 -0.088500932
vn 0.62677306 0.77919644 0.0029091372
vn 0.61757356 -0.78650689 0.0031343887
vn 0.62660885 -0.77899581 0.022952465
vn 0.61882049 0.78519177 0.02313224
vn 0.6266073 0.77899593 0.022992413
vn 0.6242801 -0.77609938 -0.089129478
vn 0.68000132 -0.73288387 0.021896537
vn 0.77631438 0.6244517 -0.086000338
vn 0.67461783 0.7328434 -0.088494837
vn 0.77904063 -0.62664413 0.020318441
vn 0.73434252 -0.67314768 -0.0872541
vn 0.77903986 0.62664664 0.02026883
vn 0.73539197 0.67734778 0.019964669
vn 0.7873953 -0.61611181 0.020368706
vn 0.77918833 -0.62676662 -0.0054043988
vn 0.77919012 0.62676537 -0.0052811685
vn 0.78873688 0.6147086 -0.0052418457
vn 0.7791909 -0.62676334 -0.0054043885
vn 0.89255589 0.4437919 0.079954445
vn 0.84195554 0.53221202 -0.088663742
vn 0.88374603 -0.43941936 -0.16094583
vn 0.89255255 0.4437986 0.079954363
vn 0.857705 -0.42646465 0.28717598
vn 0.87628651 -0.47514236 0.079760373
vn 0.83011329 -0.55209142 0.07814689
vn 0.85778815 0.42650583 0.28686628
vn 0.82109678 0.49407279 0.28581834
vn 0.8577016 -0.42647144 0.28717595
vn 0.93320936 0.33141682 -0.13886391
vn 0.91847032 0.38187009 -0.10289586
vn 0.8842274 0.43966341 -0.15760076
vn 0.884188 -0.4396151 -0.15795608
vn 0.91853011 -0.3817201 -0.10291867
vn 0.93325388 -0.33133197 -0.13876732
vn 0.96988803 0.24293913 -0.017255299
vn 0.96989143 -0.242948 -0.016937733
vn 0.96988612 0.24294677 -0.017255604
vn 0.93906355 -0.23522337 0.25065827
vn 0.95600617 -0.29273653 -0.018908201
vn 0.93923444 0.23526897 0.2499743
vn 0.89819473 0.36403343 0.24642621
vn 0.93906397 -0.23522191 0.25065827
vn 0.96853983 -0.24260572 -0.055435132
vn 0.98794699 -0.068765312 -0.13868
vn 0.98789328 0.069120154 -0.13888592
vn 0.97677463 0.20013584 -0.076530956
vn 0.95924455 0.240273 -0.14872397
vn 0.9975304 0.068680935 -0.014699293
vn 0.99753606 -0.068679482 -0.014315559
vn 0.97622949 -0.18791652 -0.10799715
vn 0.98934513 0.068110675 0.12867455
vn 0.99435234 0.10489206 -0.016158672
vn 0.9975363 -0.068676226 -0.014315426
vn 0.98934245 0.068118997 0.12869088
vn 0.99742883 -0.068670735 -0.020494537
vn 0.99758995 -0.067053191 -0.01783785
vn 0.99949175 0.02440236 -0.020511411
vn -0.44394809 0.4457688 -0.77730322
vn -0.44378847 0.44667417 -0.77687448
vn -0.24074247 -0.876692 -0.41647834
vn -0.24127322 0.87536651 -0.4189519
vn 0.0075028273 0.97820264 -0.20751697
vn 0.12842588 0.98173833 -0.14034487
vn 0.04393601 -0.99052107 -0.13014467
vn -0.44852 -0.23079532 -0.86346006
vn -0.43266779 -0.26909634 -0.86045671
vn -0.44790548 -0.45304623 -0.77079815
vn -0.40857282 -0.53598225 -0.73877686
vn -0.44059324 0.3000471 -0.84607881
vn -0.44487813 0.26179716 -0.85647285
vn -0.43677691 0.52352566 -0.73153728
vn -0.43021145 0.55842859 -0.70927823
vn 0.46802643 0.87276506 -0.13868096
vn 0.41402966 0.88801098 -0.20003997
vn 0.46806034 -0.8727414 -0.13871528
vn 0.41407007 -0.88798457 -0.20007351
vn 0.30868864 0.93919975 -0.15038349
vn 0.20451991 0.94565105 -0.25281557
vn 0.2045449 -0.94563651 -0.25284967
vn 0.30870989 -0.939188 -0.15041317
vn 0.98997045 -0.036806259 -0.13639601
vn 0.99044234 0.01988166 -0.1364869
vn 0.98913723 0.021542704 -0.14540806
vn 0.9878214 0.046229243 -0.14856541
vn 0.87297016 -0.46543515 -0.14592211
vn 0.88661039 -0.41491166 -0.20437783
vn 0.88654047 0.41502428 -0.20445253
vn 0.87290454 0.46552664 -0.14602259
vn 0.93886888 -0.3041715 -0.16126035
vn 0.94369704 -0.2090276 -0.25640458
vn 0.94361997 0.2091794 -0.25656456
vn 0.93879616 0.30428776 -0.16146429
vn 0.98573458 -0.032342751 -0.16517061
vn 0.98962754 -0.045272049 -0.13633718
vn 0.99012262 0.032261275 -0.13644204
vn -0.18211207 -0.88644689 -0.42549625
vn -0.2382049 -0.87527877 -0.42088655
vn -0.2386665 0.87392139 -0.42343798
vn -0.1825089 0.88511169 -0.42809784
vn 0.20339799 0.94815606 -0.24419111
vn 0.077814266 0.93116826 -0.35618901
vn 0.077828899 -0.93115675 -0.35621589
vn 0.20341505 -0.94814813 -0.24420786
vn 0.091666616 -0.970195 -0.2243188
vn 0.53183126 0.82073706 -0.20867723
vn 0.49641299 0.83102816 -0.25093091
vn 0.53187102 -0.82070285 -0.20871052
vn 0.49646142 -0.83099085 -0.25095871
vn -0.44189113 -0.15936601 -0.88279939
vn -0.4415164 0.15511017 -0.88374436
vn -0.43603629 0.22935814 -0.87021101
vn 0.82052445 -0.53109026 -0.21138294
vn 0.83006442 -0.49710748 -0.25273943
vn 0.82999611 0.49719971 -0.25278234
vn 0.82046115 0.5311594 -0.21145494
vn -0.43869936 -0.31587398 -0.84128857
vn -0.40658206 -0.38756853 -0.82733411
vn -0.42927539 0.38182557 -0.81849366
vn -0.42990842 0.37745824 -0.82018536
vn 0.97038901 -0.15867418 -0.18211985
vn 0.93177921 0.08574827 -0.3527531
vn 0.94766492 0.19932283 -0.24940243
vn 0.96886981 0.089234173 -0.23092988
vn -0.0508385 0.99372661 -0.099613518
vn 0.054519888 0.99353415 -0.099586591
vn -0.046581823 -0.99334866 -0.10530233
vn 0.045951989 -0.9933784 -0.10529839
vn 0.57159793 0.77069485 -0.28161186
vn 0.5910185 0.76462108 -0.25700536
vn 0.57164776 -0.7706514 -0.28162965
vn 0.59105909 -0.76458085 -0.25703168
vn 0.29696605 0.8872999 -0.3528598
vn 0.37406239 0.88473755 -0.27805904
vn 0.29699594 -0.88727468 -0.35289812
vn 0.37408921 -0.88471502 -0.27809453
vn 0.76406687 -0.59155625 -0.25741607
vn 0.76994288 -0.57217395 -0.2824977
vn 0.76987696 0.57225275 -0.28251767
vn 0.76400417 0.59161991 -0.25745592
vn -0.11418295 -0.89503843 -0.43112463
vn -0.18119819 -0.88594419 -0.42693108
vn -0.11440937 0.89370948 -0.43381315
vn -0.18155999 0.88459116 -0.42957476
vn -0.3791092 -0.53175002 -0.75730979
vn -0.35197538 -0.58643597 -0.72952467
vn -0.024070218 0.94521087 -0.32557184
vn -0.017712617 0.94533616 -0.32561597
vn -0.35242084 0.68765771 -0.63476485
vn -0.37295267 0.57761621 -0.72613066
vn -0.43130267 -0.37836835 -0.81903321
vn -0.39292645 -0.46453044 -0.79361218
vn 0.88482445 -0.37347561 -0.2785708
vn 0.88689041 -0.30101278 -0.3504521
vn 0.88680375 0.30112913 -0.35057142
vn 0.8847388 0.37356177 -0.27872729
vn -0.42075625 0.45926848 -0.78232771
vn -0.42398748 0.43577033 -0.79393882
vn -0.40828001 0.45740744 -0.78999102
vn -0.026590386 -0.94201154 -0.33452544
vn -0.012721243 -0.94226778 -0.33461854
vn 0.64798921 0.70640218 -0.28479114
vn 0.64227337 0.70841473 -0.29263192
vn 0.64803672 -0.706352 -0.2848075
vn 0.64233124 -0.70836085 -0.29263532
vn 0.70567602 -0.64891607 -0.28448069
vn 0.7077955 -0.64270306 -0.29318652
vn 0.70773649 0.64276844 -0.29318547
vn 0.705621 0.64896822 -0.28449821
vn 0.96066332 -0.025293725 -0.27656135
vn 0.98687196 -0.087203309 -0.13593864
vn 0.87020397 -0.12498417 -0.47657534
vn 0.94339323 0.30508327 -0.13012825
vn -0.42760113 -0.13917369 -0.89318979
vn -0.43083867 -0.05216768 -0.90091985
vn -0.43053859 0.04904199 -0.9012388
vn -0.42744076 0.13537045 -0.8938508
vn -0.070456885 -0.90012264 -0.42990121
vn -0.026590433 -0.94201064 -0.33452791
vn -0.11638872 -0.89626706 -0.42797083
vn -0.024069786 0.94521856 -0.32554963
vn -0.0240722 0.9452123 -0.32556754
vn -0.071354926 0.8987661 -0.43258297
vn -0.11663448 0.89494729 -0.43065736
vn -0.012609613 -0.92950505 -0.36859381
vn 0.067866877 -0.94016707 -0.33388624
vn -0.017712921 0.94534385 -0.32559374
vn 0.0044280058 0.91563886 -0.40197742
vn 0.010585037 0.91774386 -0.39703169
vn 0.019046905 -0.92487502 -0.37979385
vn -0.41707331 -0.30958921 -0.85451996
vn 0.93693233 -0.01842818 -0.34902462
vn 0.93361241 0.086255535 -0.34774679
vn -0.28191113 -0.70908356 -0.64631778
vn -0.41499168 0.31874341 -0.85216463
vn -0.41647947 0.30592948 -0.85612619
vn -0.42546451 0.0061379932 -0.90495431
vn -0.46330851 -0.04819452 -0.88488561
vn -0.46383393 -0.0073971502 -0.88589126
vn -0.28224719 0.70653278 -0.64895916
vn -0.42507672 -0.044075139 -0.90408361
vn 0.94224793 -0.14237046 -0.30314937
vn -0.3990761 0.017055001 -0.91675919
vn -0.42527452 -0.021558618 -0.90480763
vn -0.42502674 0.041348718 -0.9042359
vn 0.43001065 0.82168114 -0.37407342
vn 0.37533799 0.82289547 -0.42657295
vn 0.37537259 -0.82286245 -0.42660618
vn 0.43003726 -0.82165045 -0.37411025
vn 0.17327768 0.85939991 -0.48104745
vn 0.26633525 0.87482744 -0.40465105
vn 0.17329797 -0.85937852 -0.48107839
vn 0.26635221 -0.87480903 -0.40467972
vn 0.9014107 -0.0041496432 -0.43294513
vn 0.11242223 0.93948579 -0.32361656
vn -0.038413201 0.87194085 -0.48810199
vn 0.82200992 -0.43350306 -0.36928964
vn 0.82307208 -0.37980607 -0.42225555
vn 0.82298756 0.37990567 -0.42233065
vn 0.82192433 0.43357071 -0.36940059
vn 0.91742766 -0.14903849 -0.36893633
vn 0.8777405 -0.26986235 -0.39591154
vn 0.86333662 -0.18158102 -0.47082713
vn 0.86322534 0.18171415 -0.47097978
vn 0.87762153 0.26995856 -0.39610955
vn 0.1192366 0.89296293 -0.4340505
vn 0.056370504 -0.88011748 -0.47139749
vn 0.14694598 -0.85140163 -0.50350982
vn 0.047279034 -0.81834245 -0.57278299
vn -0.41007888 -0.31762144 -0.85495728
vn -0.37481463 -0.39932057 -0.83669412
vn 0.48062667 0.75754517 -0.44172761
vn 0.44490004 0.7585085 -0.47616047
vn 0.48065621 -0.7575081 -0.44175905
vn 0.44494334 -0.75846982 -0.4761816
vn -0.39905459 0.019953297 -0.91671002
vn -0.41862091 0.38486061 -0.82258058
vn -0.3947061 -0.23023137 -0.8894946
vn -0.38965359 -0.24214633 -0.88855797
vn 0.75718385 -0.48666456 -0.43569508
vn 0.75805759 -0.44967139 -0.47238159
vn 0.75798357 0.44974691 -0.47242841
vn 0.75710827 0.48672289 -0.43576124
vn -0.39686739 0.23676096 -0.88681483
vn 0.82850963 -0.057915423 -0.55697185
vn 0.89277279 -0.038912158 -0.4488236
vn 0.85974938 -0.1537642 -0.48701909
vn 0.82837081 0.058067247 -0.5571624
vn 0.85958916 0.1538655 -0.48726988
vn -0.21250705 -0.71371073 -0.66742623
vn -0.27362517 -0.70174307 -0.65778869
vn -0.21273613 0.71103966 -0.67019844
vn -0.27381366 0.69909984 -0.66051912
vn -0.37025577 -0.4175525 -0.82979548
vn -0.34129888 -0.48403764 -0.80574352
vn -0.35883909 0.53436244 -0.76530468
vn -0.36527282 0.47526193 -0.80043852
vn 0.31578663 0.79454213 -0.51863432
vn 0.24778809 0.78301412 -0.57051724
vn 0.24781406 -0.78298402 -0.57054734
vn 0.31580782 -0.79451376 -0.5186649
vn -0.031255148 0.8387177 -0.54366881
vn -0.0007066261 0.83912754 -0.54393423
vn 0.52924573 0.69582057 -0.48552307
vn 0.50987941 0.69667876 -0.50464016
vn 0.5292846 -0.69577825 -0.48554134
vn 0.50992388 -0.6966356 -0.50465482
vn -0.1003388 -0.93757355 -0.33299837
vn 0.067852907 -0.94015747 -0.33391607
vn -0.028778741 -0.83194238 -0.55411518
vn -0.041082054 -0.83158445 -0.55387688
vn 0.69395131 -0.53633255 -0.4803946
vn 0.6947965 -0.51428008 -0.50276619
vn 0.69472933 0.51434839 -0.50278914
vn 0.69388324 0.53638381 -0.48043567
vn 0.79935831 -0.3251338 -0.50528634
vn 0.78802872 -0.25715891 -0.55935675
vn 0.7879262 0.25725797 -0.55945569
vn 0.79924685 0.32519993 -0.50542015
vn 0.57366973 0.63754916 -0.51423156
vn 0.57855648 0.63719589 -0.5091697
vn 0.57372403 -0.63750029 -0.51423162
vn 0.57859898 -0.63714796 -0.50918138
vn 0.096439257 0.83247441 -0.5456059
vn 0.63369805 -0.58506233 -0.50609177
vn 0.6342116 -0.57684743 -0.51480353
vn 0.63415635 0.57690549 -0.51480657
vn 0.63364297 0.58510667 -0.50610948
vn -0.0067583648 -0.80810392 -0.58900118
vn -0.39658421 -0.14295183 -0.90679973
vn 0.79700786 -0.040547986 -0.6026063
vn 0.93359154 -0.086076334 -0.34784719
vn 0.84773189 0.42627648 -0.31565642
vn -0.39600325 0.13910849 -0.90765095
vn -0.39014262 0.22767819 -0.89216107
vn -0.13165513 -0.71969867 -0.68168962
vn -0.20793085 -0.70970297 -0.67311698
vn -0.13176385 0.71694696 -0.68456215
vn -0.20806648 0.70696646 -0.6759488
vn 0.82698578 -0.085743867 -0.555646
vn 0.79133213 0.023796495 -0.61092323
vn 0.8269738 0.085817739 -0.5556525
vn -0.38782406 -0.26279935 -0.88347554
vn -0.35745928 -0.33475423 -0.87187296
vn -0.37516239 0.32786399 -0.86703998
vn 0.12529595 0.72950327 -0.6724031
vn 0.19690081 0.75167769 -0.62945271
vn 0.098213159 0.79849166 -0.59394044
vn 0.19691734 -0.75165701 -0.62947226
vn 0.12531237 -0.72947979 -0.67242551
vn -0.29060742 -0.55324954 -0.78068066
vn 0.30997714 0.71081543 -0.63139176
vn 0.35775506 0.71829677 -0.59670854
vn 0.31000471 -0.71078104 -0.63141692
vn 0.35777652 -0.71826333 -0.59673595
vn -0.29057965 0.55040061 -0.78270215
vn -0.028778717 -0.83194137 -0.55411673
vn -0.040988434 -0.72701436 -0.68539774
vn -0.080845855 -0.68294227 -0.72598469
vn -0.080844738 -0.68294513 -0.72598213
vn -0.13313308 -0.72100198 -0.68002337
vn -0.00420389 -0.83227873 -0.55434144
vn -0.031255037 0.83871269 -0.5436765
vn -0.069237359 0.70413798 -0.70667946
vn -0.061506648 0.72343439 -0.68764788
vn -0.13321887 0.71822619 -0.68293768
vn -0.00070708495 0.83912241 -0.54394209
vn 0.72207654 -0.37108544 -0.58386737
vn 0.71424729 -0.32076201 -0.6220631
vn 0.71415675 0.32083851 -0.62212759
vn 0.72197926 0.37114164 -0.58395195
vn 0.76322597 -0.21135962 -0.61058432
vn 0.74101251 -0.13873167 -0.65700376
vn 0.74088496 0.13884427 -0.65712386
vn 0.76307994 0.21143445 -0.6107409
vn -0.37369159 0.32715267 -0.86794341
vn -0.38611564 0.38783321 -0.83695883
vn -0.39420339 0.28900406 -0.87239921
vn -0.33969828 0.33418879 -0.87916034
vn 0.097238153 0.7205016 -0.68660194
vn 0.030526452 0.75314933 -0.65714097
vn 0.013761082 0.68602133 -0.72745132
vn 0.013769335 -0.68600309 -0.72746831
vn 0.097247474 -0.72048771 -0.68661517
vn 0.032005392 -0.75247055 -0.65784782
vn -0.35178387 -0.3346605 -0.87421417
vn -0.32325646 -0.40481749 -0.85535258
vn -0.34629622 0.42016876 -0.83877122
vn -0.34791198 0.39691129 -0.84936368
vn -0.38195398 -0.046128701 -0.92302942
vn -0.3797316 -0.12010742 -0.91726667
vn -0.38162521 0.043318599 -0.92330152
vn -0.3794935 0.11689137 -0.91778052
vn 0.39680269 0.64980161 -0.64830971
vn 0.36586738 0.64564323 -0.67028791
vn 0.36589879 -0.64560562 -0.67030698
vn 0.39682782 -0.64976436 -0.6483317
vn 0.73493302 -0.10835267 -0.66942745
vn 0.70078897 -0.026118444 -0.71289039
vn 0.70062715 0.026239809 -0.71304494
vn 0.73473859 0.10842244 -0.66962957
vn 0.65068942 -0.41211224 -0.63778275
vn 0.64588249 -0.37674811 -0.66400051
vn 0.64580601 0.37680995 -0.66403979
vn 0.65060782 0.4121573 -0.63783681
vn -0.37730613 0.019767536 -0.92587757
vn -0.39911559 -0.0097861532 -0.91684842
vn -0.39904407 -0.02136351 -0.91668284
vn -0.020826567 0.70567876 -0.70822579
vn -0.37708056 -0.039550722 -0.92533559
vn -0.37735671 -0.0017488041 -0.92606634
vn -0.30309808 0.099893898 -0.9477092
vn -0.37709183 0.037236396 -0.92542702
vn -0.36799756 -0.18644322 -0.91094279
vn -0.32866001 -0.24083552 -0.91322553
vn 0.18468288 0.6492703 -0.73779422
vn 0.23677562 0.66358739 -0.70964009
vn 0.23679169 -0.66355926 -0.70966101
vn 0.18470457 -0.64924175 -0.73781389
vn -0.38211378 0.2290177 -0.89528763
vn -0.030087082 -0.68487775 -0.72803652
vn -0.21780531 -0.54922271 -0.80679321
vn -0.27697971 -0.53917885 -0.79534167
vn 0.43604222 0.58922219 -0.6802091
vn 0.41967648 0.58746761 -0.69192016
vn 0.43607247 -0.58918118 -0.68022519
vn 0.41971686 -0.5874272 -0.69192994
vn -0.21774447 0.5462079 -0.80885369
vn -0.27676892 0.53622591 -0.79740876
vn -0.049961027 0.70495486 -0.70749032
vn -0.020823581 0.70568329 -0.70822138
vn -0.030089051 -0.68487471 -0.72803932
vn 0.58628696 -0.4512136 -0.67281044
vn 0.58385038 -0.42936254 -0.68903309
vn 0.58378786 0.42941949 -0.68905056
vn 0.58622062 0.45125243 -0.6728422
vn 0.6737026 -0.25631714 -0.69312793
vn 0.65828782 -0.20000073 -0.72571129
vn 0.65818149 0.2000785 -0.72578627
vn 0.67358434 0.25637257 -0.69322234
vn 0.47781402 0.53516573 -0.69662863
vn 0.47467032 0.53492457 -0.69895905
vn 0.47785097 -0.53512394 -0.69663537
vn 0.47471896 -0.53488362 -0.69895738
vn 0.52851969 -0.49095371 -0.69255424
vn 0.52774626 -0.48176482 -0.69956166
vn 0.5276953 0.48181286 -0.69956702
vn 0.52846724 0.49099249 -0.69256681
vn 0.075917676 0.59550434 -0.79975688
vn 0.13108161 0.6151101 -0.77746844
vn 0.075931922 -0.59548187 -0.79977226
vn 0.13109104 -0.61508834 -0.77748406
vn 0.68698531 0.022142176 -0.72633386
vn 0.6869843 -0.022025878 -0.72633839
vn -0.2819607 -0.43559229 -0.85484356
vn -0.32751051 -0.33481935 -0.88353431
vn 0.27071497 0.58883518 -0.76156849
vn 0.23412381 0.58013546 -0.78014666
vn 0.27073407 -0.5888049 -0.76158512
vn 0.23414713 -0.58010483 -0.78016251
vn -0.28162867 0.43289304 -0.85632288
vn -0.32652083 0.33676302 -0.88316184
vn -0.32796946 0.30146503 -0.89529598
vn 0.062138997 0.5949344 -0.80136871
vn 0.038353134 0.61056268 -0.79103869
vn -0.020788781 0.70562822 -0.70827729
vn -0.0088715721 0.56560594 -0.82462794
vn -0.03008865 -0.684874 -0.72804004
vn -0.0088640507 -0.56559008 -0.8246389
vn 0.062145896 -0.59492195 -0.80137742
vn 0.048876274 -0.60371274 -0.79570222
vn -0.13389407 -0.54888946 -0.82510167
vn -0.20916936 -0.54039061 -0.81500071
vn -0.13381693 0.5457468 -0.82719612
vn -0.20898101 0.53729218 -0.81709486
vn 0.60813075 -0.092211321 -0.78846306
vn 0.62902355 -0.15048762 -0.76268137
vn 0.60799718 0.092296928 -0.7885561
vn 0.62887114 0.15054463 -0.76279575
vn 0.5945906 -0.29253897 -0.74892122
vn 0.58460206 -0.25065762 -0.77162892
vn 0.58451545 0.25072157 -0.7716738
vn 0.59449476 0.29258242 -0.74898034
vn -0.038581673 -0.6846742 -0.72782737
vn -0.057137072 -0.52940297 -0.84644425
vn -0.049002614 -0.55259866 -0.83200568
vn -0.05713607 -0.52940685 -0.84644186
vn -0.13274916 -0.54770797 -0.8260712
vn 0.60650587 -0.070986003 -0.79190379
vn 0.65888143 0.016628912 -0.75206298
vn 0.53509849 -0.12557054 -0.83540505
vn 0.57690424 -0.0013006264 -0.81681079
vn 0.62314975 0.044270765 -0.78084856
vn 0.60631597 0.071033418 -0.79204494
vn 0.57674766 0.0013956779 -0.81692117
vn -0.049957879 0.70489943 -0.70754576
vn -0.043717518 0.56370139 -0.82482094
vn -0.043717824 0.5637002 -0.82482171
vn -0.043718655 0.56369776 -0.82482332
vn -0.053930346 0.54919267 -0.8339538
vn -0.13260952 0.54450649 -0.82820731
vn 0.27913898 0.52112716 -0.80654073
vn 0.30273858 0.5258882 -0.79485279
vn 0.30275998 -0.52585602 -0.79486591
vn 0.27916685 -0.52109545 -0.80655152
vn -0.24627241 0.54686701 -0.80017895
vn -0.34917036 0.18614171 -0.91838515
vn -0.33035573 0.20069784 -0.92227191
vn 0.12422618 0.52126443 -0.84430522
vn 0.16302322 0.53290313 -0.83032382
vn 0.12424242 -0.52123839 -0.84431887
vn 0.16303779 -0.53287822 -0.83033699
vn -0.33496675 -0.10043608 -0.93686169
vn -0.3162441 -0.12579338 -0.94030088
vn 0.52010125 -0.2954371 -0.80138105
vn 0.5261901 -0.32534572 -0.78566796
vn 0.52611476 0.3253848 -0.78570223
vn 0.52003133 0.29548863 -0.80140746
vn -0.33421746 0.09792684 -0.9373948
vn -0.31600159 0.12244745 -0.94082391
vn -0.20519224 -0.51899189 -0.82978523
vn 0.35675201 0.45287579 -0.81708723
vn 0.26756799 0.40955618 -0.87216461
vn 0.32993436 -0.47739342 -0.81439477
vn -0.20993057 -0.42462435 -0.88069481
vn -0.26492327 -0.41682005 -0.86952668
vn -0.20963639 0.42178223 -0.88212943
vn -0.26442567 0.41404721 -0.87100172
vn -0.29591659 -0.2490125 -0.92218554
vn -0.28366414 -0.27993324 -0.91715431
vn 0.5420683 -0.18692075 -0.81928176
vn 0.52876848 -0.14303033 -0.8366279
vn 0.52866602 0.14309308 -0.8366819
vn 0.54195315 0.18696047 -0.81934887
vn 0.447124 -0.37872326 -0.81033874
vn 0.39758372 -0.27811429 -0.8744024
vn 0.47501963 0.34813988 -0.80818003
vn 0.083577365 0.4979977 -0.86314142
vn 0.037224673 0.48209545 -0.87532753
vn 0.037234828 -0.48207623 -0.87533772
vn 0.083584934 -0.49797982 -0.86315101
vn -0.24627276 0.5468663 -0.80017936
vn -0.20519522 -0.51898569 -0.82978839
vn 0.3695527 0.42578435 -0.82591677
vn 0.32464826 -0.41917968 -0.84787494
vn 0.36959422 -0.42575112 -0.82591534
vn -0.2462687 0.5468632 -0.8001827
vn 0.018975839 0.53015345 -0.84768933
vn -0.061949611 -0.39763942 -0.91544807
vn 0.41449204 -0.38080686 -0.82654852
vn 0.41444629 0.38084739 -0.82655281
vn 0.4086996 0.34262276 -0.84591621
vn -0.265903 -0.34912252 -0.89855945
vn -0.037649643 -0.52989531 -0.84722692
vn 0.0055180569 -0.53026253 -0.84781557
vn -0.26535311 0.34666768 -0.89967173
vn 0.10808524 0.38784608 -0.91536492
vn 0.21291865 0.44928992 -0.86764294
vn 0.16471949 -0.46040148 -0.87229466
vn 0.19175521 -0.46722507 -0.86309367
vn 0.53732562 -0.086895913 -0.83888632
vn 0.50626516 -0.10123875 -0.85641479
vn 0.48928621 -0.052859686 -0.87051988
vn -0.31793746 -0.036951344 -0.94739133
vn -0.31425816 -0.041865952 -0.94841397
vn 0.50612736 0.10128301 -0.85649103
vn 0.48916644 0.05293176 -0.87058282
vn -0.3143189 0.039448224 -0.94849747
vn -0.31760374 0.035086662 -0.94757414
vn 0.53726321 0.087939858 -0.83881748
vn 0.53731906 -0.086899467 -0.83889014
vn -0.30462444 0.00063627854 -0.95247233
vn 0.47040203 -0.21731843 -0.85527462
vn 0.46202943 -0.18446408 -0.8674686
vn 0.46194822 0.18451257 -0.86750156
vn 0.47031349 0.21735355 -0.85531437
vn -0.12810761 -0.41880444 -0.89899462
vn -0.19848163 -0.4121618 -0.8892287
vn -0.12788549 0.41584417 -0.90039933
vn -0.1980664 0.40925443 -0.89066297
vn 0.53756535 0.088363938 -0.83857936
vn 0.48014194 0.009408256 -0.87714034
vn 0.53761578 -0.087305151 -0.83865792
vn 0.4796387 -0.0095538357 -0.87741405
vn -0.31438476 0.00070679566 -0.9492954
vn -0.30462727 -0.0012563244 -0.95247084
vn -0.31434757 -0.01470997 -0.94919401
vn -0.30459976 0.01341835 -0.9523859
vn -0.28617138 -0.15474205 -0.94560081
vn -0.2534951 -0.19970594 -0.94649762
vn -0.28377378 0.24820969 -0.92620969
vn -0.28521806 0.15263765 -0.94623065
vn -0.25283742 0.19692585 -0.94725573
vn 0.20177253 0.40983531 -0.88956332
vn 0.20179455 -0.40980762 -0.88957107
vn 0.21916747 -0.4134846 -0.88373983
vn 0.53928506 -0.015898254 -0.84197319
vn 0.53928304 0.015980998 -0.84197295
vn 0.075869113 0.41635051 -0.90603316
vn 0.10716976 0.42521229 -0.8987264
vn 0.10718115 -0.42519081 -0.89873523
vn 0.075883463 -0.41632849 -0.9060421
vn -0.036357779 0.42570359 -0.90413195
vn 0.0050867889 0.42597973 -0.9047184
vn -0.037649769 -0.52989691 -0.8472259
vn 0.005518218 -0.53026432 -0.84781444
vn -0.035384856 -0.41914985 -0.90722728
vn -0.051383257 -0.39560825 -0.91698086
vn -0.051383402 -0.39560762 -0.9169811
vn -0.12463078 -0.4149999 -0.90124482
vn -0.036358267 0.42570958 -0.90412909
vn -0.03855253 0.41601068 -0.90854216
vn -0.12433971 0.41198325 -0.90266794
vn 0.0050872052 0.42598602 -0.90471542
vn 0.41032469 -0.24506406 -0.87839472
vn 0.4052771 -0.22138236 -0.88698381
vn 0.40521258 0.22142349 -0.88700306
vn 0.41025519 0.24509366 -0.87841892
vn -0.0012201188 0.44928858 -0.89338583
vn 0.052346762 0.40489101 -0.91286534
vn 0.011254209 0.39229217 -0.91977179
vn 0.011260785 -0.3922742 -0.91977942
vn 0.052353196 -0.4048751 -0.91287202
vn 0.016195558 -0.43510091 -0.90023601
vn -0.1967423 -0.33386171 -0.92186159
vn -0.24736063 -0.32795301 -0.91173434
vn -0.19628723 0.33131582 -0.92287654
vn -0.24667603 0.32547352 -0.9128077
vn 0.26272485 0.35372674 -0.89769316
vn 0.25760829 -0.34821671 -0.90132296
vn 0.26483697 -0.35169876 -0.89786935
vn 0.41819811 -0.094979361 -0.90337658
vn 0.42818901 -0.12969409 -0.8943342
vn 0.42808938 0.12973037 -0.89437658
vn 0.41810757 0.095029876 -0.90341318
vn -0.24680904 -0.2549428 -0.93492752
vn -0.020755012 -0.3960456 -0.91799623
vn -0.24563944 0.23058593 -0.94153672
vn -0.21099727 0.25640976 -0.94325721
vn 0.347137 -0.2849012 -0.89349157
vn 0.33348382 0.27224299 -0.902592
vn 0.34212583 0.2901195 -0.89374524
vn 0.13960451 0.36067131 -0.9221859
vn 0.12030737 -0.37789866 -0.91799712
vn -0.044084001 0.42557728 -0.90384763
vn -0.016167063 0.42593601 -0.90460885
vn -0.020754425 -0.39604652 -0.91799587
vn 0.25965321 0.34625369 -0.90149242
vn 0.32861495 -0.27733806 -0.90282655
vn 0.44103149 -0.020526795 -0.89725685
vn 0.404715 -0.064989351 -0.91213053
vn 0.39174902 -0.023839576 -0.91976321
vn 0.40458319 0.02207135 -0.91423482
vn 0.39164495 0.023897463 -0.91980606
vn 0.40459499 0.065019168 -0.91218168
vn 0.44743508 0.012361489 -0.89423096
vn 0.40463915 0.014478211 -0.91436183
vn 0.34913614 -0.17474954 -0.92063379
vn 0.29432034 -0.079255544 -0.95241487
vn 0.37712875 0.14315218 -0.91503078
vn -0.11928577 -0.32440615 -0.93836641
vn -0.18386291 -0.31939375 -0.92961395
vn 0.068652235 0.34193242 -0.93721348
vn 0.040988572 0.33501673 -0.94132018
vn 0.040999312 -0.33499703 -0.94132674
vn 0.068659537 -0.3419131 -0.93721998
vn -0.11897136 0.32177654 -0.93931127
vn -0.18330641 0.31681684 -0.93060511
vn 0.14015009 -0.32060137 -0.9367885
vn 0.11766718 -0.31609973 -0.94140077
vn 0.40463829 0.014478757 -0.91436219
vn 0.40463799 -0.014374541 -0.91436398
vn 0.036251273 0.30528086 -0.95157206
vn 0.036252711 0.30527955 -0.95157248
vn -0.016171271 0.42594764 -0.9046033
vn -0.0021853389 0.32540867 -0.94557095
vn -0.020754119 -0.39604554 -0.91799629
vn 0.068851627 -0.28762141 -0.95526612
vn 0.0092610111 -0.34235042 -0.93952668
vn -0.25438961 -0.086286865 -0.9632448
vn -0.23928042 -0.1065558 -0.96508586
vn -0.25368002 0.084339954 -0.96360427
vn -0.23901923 0.10387772 -0.96544248
vn -0.18060754 -0.23867255 -0.95415741
vn -0.21157363 -0.23604232 -0.9484306
vn -0.033142753 -0.395913 -0.91768974
vn -0.02806638 -0.322016 -0.94631809
vn -0.050127067 -0.28794512 -0.95633411
vn -0.050127629 -0.28794315 -0.95633465
vn -0.11425687 -0.3187651 -0.94092196
vn -0.17928723 0.22132829 -0.95857704
vn -0.15598449 0.23826192 -0.95859277
vn 0.31148535 -0.16110556 -0.93649447
vn 0.30725884 0.14031261 -0.94122493
vn 0.31143329 0.16114292 -0.93650538
vn -0.044085149 0.42558917 -0.90384203
vn -0.037220117 0.30526817 -0.95153874
vn -0.033606913 0.31917214 -0.9471007
vn -0.11387604 0.31609213 -0.94186944
vn 0.33734959 -0.086864516 -0.93736321
vn 0.33002046 -0.057979371 -0.94219154
vn 0.32994244 0.058023471 -0.94221616
vn 0.33726403 0.086895138 -0.93739116
vn 0.19067472 0.27260616 -0.94304246
vn 0.12942776 0.3305105 -0.93488568
vn 0.18674637 -0.268336 -0.94505113
vn 0.19233611 -0.27098423 -0.94317251
vn 0.093681581 0.28662446 -0.95345169
vn 0.077950023 -0.2670815 -0.96051615
vn 0.1010936 -0.27964854 -0.95476532
vn 0.26132217 -0.21421638 -0.94118118
vn 0.25727046 0.21837404 -0.94134194
vn 0.25065655 0.20430323 -0.94627243
vn 0.28797692 -0.054203879 -0.95610207
vn 0.28765085 -0.054557815 -0.9561801
vn 0.32627192 -0.011857763 -0.94520158
vn 0.32616642 0.011891491 -0.94523758
vn 0.28797817 0.053959914 -0.95611554
vn 0.28765476 0.054309689 -0.95619309
vn 0.18835194 0.26676774 -0.94517642
vn 0.24672127 -0.20835987 -0.9464221
vn -0.026532907 0.30537343 -0.95186293
vn 0.014646593 0.26841506 -0.96319199
vn 0.0087622274 -0.28829724 -0.95750087
vn 0.014303402 -0.26791334 -0.96333683
vn -0.23908262 -0.036755159 -0.97030336
vn -0.23725757 -0.039153703 -0.97065741
vn -0.23880886 0.035264276 -0.97042608
vn -0.23733531 0.037188411 -0.9707157
vn 0.27745345 -0.11589313 -0.95372343
vn 0.25466177 0.097474463 -0.96210504
vn 0.26929155 0.12461097 -0.95496291
vn -0.10760594 -0.22780041 -0.96774375
vn -0.1559668 -0.22508298 -0.96177542
vn -0.10670538 0.2188639 -0.96990335
vn -0.096649051 0.22606021 -0.96930683
vn -0.21009526 -0.1606153 -0.96439761
vn -0.23683061 0.01293579 -0.97146481
vn -0.30381346 -0.073103756 -0.94992274
vn -0.30459478 -0.014649479 -0.95236939
vn -0.20713426 0.095698789 -0.97362065
vn -0.16029954 0.16158642 -0.9737525
vn -0.18734445 0.049297992 -0.98105645
vn -0.23687983 -0.016673977 -0.97139585
vn -0.024469398 -0.28822148 -0.95725107
vn 0.016368525 -0.28826952 -0.95740938
vn 0.28837147 -0.013727836 -0.95742017
vn 0.23245555 -0.05075473 -0.97128183
vn 0.2647242 -0.016090175 -0.96418995
vn 0.19079411 -0.065818369 -0.97942102
vn 0.23901272 -0.015078234 -0.97089934
vn 0.288371 0.013732022 -0.95742029
vn 0.19079691 0.065718569 -0.97942716
vn 0.26462168 0.016147999 -0.96421713
vn 0.25494024 0.0266203 -0.96659034
vn -0.061090752 -0.1988018 -0.9781338
vn -0.061090481 -0.19880235 -0.97813374
vn -0.027057983 -0.22341625 -0.97434747
vn -0.096562788 -0.22149435 -0.97036892
vn -0.026532909 0.30537343 -0.95186293
vn 0.01790932 0.30543229 -0.95204538
vn -0.049799889 0.20651998 -0.97717422
vn -0.043075509 0.22079635 -0.97436821
vn 0.085156605 0.26026022 -0.96177596
vn 0.13629411 0.21083491 -0.96797341
vn 0.13263397 -0.20684303 -0.96934217
vn 0.13790046 -0.2092493 -0.96809
vn 0.046092428 0.21220756 -0.97613698
vn 0.019534096 0.23769319 -0.97114384
vn 0.025469212 0.20670947 -0.9780708
vn 0.024625847 -0.23282547 -0.97220671
vn 0.046102695 -0.21218853 -0.97614068
vn 0.24676974 -0.10589732 -0.96327072
vn 0.19509584 -0.1597288 -0.96769023
vn 0.18707897 0.15224415 -0.97047573
vn 0.19189481 0.16297854 -0.9677884
vn 0.13419202 0.20530564 -0.96945453
vn 0.18397249 -0.15541707 -0.97056669
vn 0.19404899 -0.062603042 -0.97899228
vn 0.21672004 0.038754046 -0.97546428
vn 0.19399691 0.062625259 -0.97900116
vn -0.15164398 -0.13768098 -0.97879928
vn -0.15981598 -0.13186903 -0.97829926
vn -0.15102953 0.13582304 -0.97915381
vn -0.0038808542 -0.19917287 -0.97995669
vn -0.027890857 0.20669651 -0.9780075
vn -0.0037537932 0.20677544 -0.97838122
vn -0.18755057 0.014991338 -0.98214054
vn -0.0038814901 -0.19917202 -0.97995687
vn -0.14935181 -0.090552367 -0.98462903
vn -0.15779191 -0.079085961 -0.98430032
vn -0.15729198 0.077515364 -0.98450524
vn -0.14915286 0.088492475 -0.98484641
vn 0.080101758 0.14697713 -0.98589116
vn 0.045591302 0.18100379 -0.98242509
vn 0.045599807 -0.18099043 -0.98242718
vn 0.080117323 -0.14695653 -0.98589301
vn 0.16457532 -0.062160008 -0.98440391
vn 0.12657095 -0.10106832 -0.98679531
vn 0.16454104 0.062183511 -0.9844082
vn 0.12654117 0.10108673 -0.98679727
vn 0.19108774 0.036033787 -0.98091131
vn 0.19108813 -0.03590811 -0.98091584
vn -0.090160728 -0.13991481 -0.98605013
vn -0.085606329 0.088338472 -0.99240512
vn -0.051140063 0.13912639 -0.98895323
vn 0.11757869 0.10065353 -0.98794943
vn 0.079733476 0.13866103 -0.98712498
vn 0.11759948 -0.10063433 -0.98794895
vn 0.079748787 -0.1386475 -0.98712564
vn 0.17520207 -0.0071051763 -0.98450685
vn 0.17516127 0.0071346243 -0.98451388
vn 0.010903685 0.13934223 -0.99018425
vn 0.022950908 0.12727065 -0.99160248
vn -0.0037540905 0.20677695 -0.97838092
vn -0.0038814803 -0.19917196 -0.97995687
vn 0.02595742 -0.12654477 -0.9916212
vn 0.011938175 -0.14056788 -0.98999906
vn -0.11608601 -0.03891807 -0.9924764
vn -0.14701331 -0.019134859 -0.98894942
vn -0.14755012 0.036867104 -0.9883672
vn -0.034994632 -0.12650752 -0.99134821
vn -0.034994435 -0.12650779 -0.99134815
vn -0.024408268 -0.19911413 -0.97967231
vn -0.049695283 -0.11610832 -0.99199253
vn -0.03499461 -0.12650755 -0.99134821
vn -0.030480823 0.12724321 -0.9914031
vn -0.030480769 0.12724328 -0.9914031
vn -0.030481808 0.12724233 -0.99140316
vn -0.027891014 0.20669796 -0.9780072
vn -0.18755043 0.014991337 -0.98214054
vn -0.18754518 -0.016483696 -0.98211765
vn -0.061649591 -0.1064818 -0.9924016
vn -0.061644521 0.11014313 -0.99200225
vn -0.13222662 0.018555559 -0.99104583
vn 0.1137846 -0.021589633 -0.99327081
vn 0.11496973 -0.020387849 -0.99315977
vn 0.11381446 -0.021559414 -0.99326807
vn 0.1149231 0.020397482 -0.99316496
vn 0.11381479 0.021519445 -0.99326891
vn 0.11383936 0.02149462 -0.99326664
vn 0.0099106524 0.12729737 -0.99181509
vn 0.035869233 0.091590971 -0.99515051
vn 0.010709053 0.11670103 -0.99310935
vn 0.035880137 -0.091574684 -0.99515158
vn 0.010046051 -0.11735515 -0.99303919
vn 0.020908471 -0.12655939 -0.99173868
vn -0.050560858 -0.12642281 -0.99068707
vn -0.05318509 -0.081210427 -0.99527693
vn -0.050146468 0.12714207 -0.99061608
vn -0.053068936 0.079586811 -0.99541432
vn 0.019853804 0.12727845 -0.99166828
vn 0.020908272 -0.12655915 -0.99173868
vn 0.067407809 -0.052620225 -0.99633694
vn 0.098363854 -0.021234168 -0.99492395
vn 0.1138173 -0.020332076 -0.99329364
vn 0.11381727 0.020343667 -0.9932934
vn 0.098348826 0.021241952 -0.99492526
vn 0.067385644 0.052635174 -0.99633765
vn 0.063905589 0.052581947 -0.99656975
vn 0.035718191 0.080946743 -0.99607825
vn 0.035728473 -0.080936149 -0.99607873
vn 0.063920349 -0.052566729 -0.99656957
vn 0.020908803 -0.12656 -0.99173856
vn 0.019854376 0.12727942 -0.99166816
vn 0.11377247 -0.03459844 -0.99290419
vn 0.11377321 0.034620572 -0.99290335
vn -0.043836486 -0.068327911 -0.99669939
vn -0.00236238 -0.068393096 -0.99765563
vn -0.042312693 0.064799324 -0.99700087
vn -0.002482313 0.064856559 -0.99789149
vn -0.058459755 -0.019637387 -0.99809659
vn -0.043836515 -0.068327576 -0.99669939
vn -0.043836478 -0.068327792 -0.99669939
vn -0.042312711 0.064799637 -0.99700081
vn -0.042312812 0.064798906 -0.99700087
vn -0.060389839 0.018938653 -0.9979952
vn -0.0024824801 0.064856812 -0.99789149
vn -0.0024819199 0.064856246 -0.99789155
vn 0.011235543 0.055016425 -0.99842221
vn -0.0023624049 -0.068393134 -0.99765563
vn 0.011085155 -0.054836448 -0.99843383
vn 0.057362933 -0.0026868375 -0.99834979
vn 0.057362925 0.0026956163 -0.99834973
vn -0.061994202 -0.022391435 -0.99782532
vn -0.061994176 -0.022390619 -0.99782532
vn -0.062000796 0.020326618 -0.99786907
vn -0.062000785 0.020326288 -0.99786907
vn 0.015826182 -0.037220333 -0.99918175
vn 0.015830738 -0.037215762 -0.99918187
vn 0.031526782 -0.021431265 -0.99927312
vn 0.015825441 0.037185531 -0.99918306
vn 0.015830759 0.037180196 -0.99918318
vn 0.03150389 0.021437103 -0.99927372
vn 0.016907541 0.020363986 -0.99964964
vn 0.015859975 0.021419972 -0.99964476
vn 0.015833287 -0.021417731 -0.99964523
vn 0.011441698 -0.06838835 -0.99759316
vn 0.014801725 -0.02243183 -0.9996388
vn 0.014801427 -0.02243213 -0.9996388
vn 0.015833376 0.020365611 -0.99966723
vn -1.2435827e-14 0.097848371 0.99520135
vn -0.048194461 -0.16723627 0.98473817
vn 7.8802338e-15 -0.062003758 0.9980759
vn -0.048691284 0.088452697 0.99488956
vn 0.047099024 -0.069805726 0.9964481
vn 0.012023961 -0.0012968642 0.99992687
vn 0.012026534 -0.0013002059 0.99992681
vn 0.0034002664 0.0076588811 0.99996489
vn 0.0034057354 0.0076545198 0.99996489
vn -0.002377707 0.011182263 0.99993467
vn 0.0001289677 -0.010033037 0.99994963
vn -0.0013053353 -0.010685292 0.99994206
vn -0.0013169607 -0.010691518 0.999942
vn 0.0083670886 -0.0020707478 0.99996287
vn 0.0083744433 -0.0020634767 0.99996281
vn 0.047056343 0.081738114 0.99554235
vn 0.015002817 0.0094339466 0.99984294
vn 0.014986825 0.0094056809 0.99984348
vn -0.016634637 0.0044827326 0.99985158
vn 0.014777483 0.029201867 0.99946427
vn 0.014775598 0.029200915 0.99946433
vn -0.024548925 -0.017149722 0.99955153
vn -0.01117232 0.0058785984 0.99992031
vn -0.011166858 0.0058874786 0.99992031
vn -0.011183971 0.0058647809 0.99992025
vn 0.014811276 0.029230023 0.99946296
vn 0.014787368 0.029206218 0.99946404
vn -0.069051825 0.0057252939 0.99759662
vn -0.036894161 0.011174682 0.99925667
vn 0.011687624 -0.026881294 0.99957031
vn 0.011683097 -0.026879888 0.99957037
vn 0.01168592 -0.026880141 0.99957037
vn -0.057637531 -0.010016358 0.99828732
vn -0.010076342 -0.0054308493 0.99993449
vn -0.01007369 -0.005434521 0.99993449
vn -0.0056502623 -0.0098873284 0.99993515
vn -0.022044525 0.014948321 0.99964523
vn -0.044558242 0.079657935 0.99582589
vn -0.022021748 0.014907667 0.99964637
vn 0.51131505 -0.85936725 -0.0066977427
vn 0.8386271 -0.54414678 -0.024675988
vn 0.84813577 -0.5253036 -0.068715923
vn 0.5113309 -0.85933912 -0.0087775197
vn 0.51510924 -0.85707945 -0.0087923501
vn 0.29998958 0.95303559 0.041585483
vn 0.32238749 0.94411999 0.068583876
vn 0.68839812 0.72017175 -0.086375438
vn 0.75127667 0.65972227 -0.01870448
vn 0.69069922 0.72286659 -0.019961666
vn 0.0035329703 0.02146259 0.99976343
vn 0.74883217 0.65828866 0.076852977
vn 0.92814219 0.35495427 -0.11206931
vn 0.14503089 -0.98940855 -0.0060603926
vn 0.51498324 -0.85697603 -0.019605631
vn 0.14510259 -0.98939615 -0.0063628773
vn 0.147158 -0.98909235 -0.0063932608
vn 0.83707684 -0.54272711 -0.068917595
vn 0.84762955 -0.52493417 -0.077254884
vn 0.29959121 0.95395774 -0.014480825
vn 0.32257581 0.94563639 0.041433118
vn 0.0048450199 -0.027311848 0.99961519
vn 0.99150461 -0.1202905 0.049485352
vn 0.99674243 -0.069879539 -0.040266495
vn -0.0036593589 -0.043695308 0.99903822
vn 0.0048434795 -0.027318608 0.99961501
vn -0.016540995 -0.043689623 0.99890822
vn 0.0035399045 0.021482263 0.99976295
vn 0.95783359 0.28219101 -0.054065462
vn 0.93215889 0.35762888 -0.056404267
vn 0.045409366 0.089164168 0.99498129
vn -0.23600604 -0.97174859 -0.0024143606
vn 0.14714971 -0.98906463 -0.0099049732
vn 0.040268458 -0.096626416 0.99450582
vn -0.17915025 0.98380607 -0.0055489452
vn -0.81672245 -0.57672638 -0.01873724
vn -0.71910536 -0.68553168 -0.11372659
vn -0.85908496 -0.5116508 -0.013655012
vn -0.87017149 -0.49199829 -0.027189849
vn -0.8098163 -0.58602017 -0.027892366
vn 0.0039620302 0.047244713 0.9988755
vn 0.014075841 0.047240403 0.99878436
vn -0.66674292 -0.74414021 -0.041342471
vn -0.72300112 -0.68853927 0.056417897
vn -0.29125166 -0.95303994 -0.082989983
vn -0.6870811 0.7259571 -0.03009787
vn -0.86988765 0.49242336 -0.028543118
vn -0.87114084 0.49017781 -0.028971709
vn -0.27232316 -0.95865691 -0.082565494
vn -0.29171297 -0.9537459 -0.072610505
vn -0.024404934 0.037107963 0.99901319
vn 0.0038188461 0.047094498 0.99888313
vn 0.95654482 0.28448528 0.063953713
vn 0.9903096 -0.10264844 -0.093542211
vn -0.68708682 0.72595114 -0.030109862
vn 0.99214596 -0.11807267 -0.041294504
vn 0.99478137 -0.068814233 -0.075330429
vn -0.6844278 0.72346383 -0.09032537
vn -0.69861358 0.70975667 -0.090468407
vn 0.011077159 -0.1492662 0.98873502
vn -0.24808347 0.96738839 -0.051130611
vn -0.35115451 0.93585867 0.02930923
vn 0.045420457 0.08912199 0.99498457
vn -0.23602077 -0.97174472 -0.002520367
vn -0.23594514 -0.97176307 -0.0025222055
vn -0.86983114 0.4924401 -0.029942593
vn -0.87093973 0.48954517 -0.042538591
vn 0.05603132 -0.044082686 0.99745536
vn -0.48176858 0.87363118 0.068320155
vn -0.25785133 0.95243877 0.162398
vn -0.024413295 0.037104644 0.99901313
vn 0.99136764 -0.078662828 -0.10489234
vn 0.98922175 -0.10290875 -0.10416403
vn 0.056053046 -0.044013832 0.99745721
vn -0.47795638 0.86983329 0.122261
vn -0.62155557 0.72147608 -0.30518997
vn -0.26291391 0.96236461 0.068779439
vn -0.0042245616 -0.04297746 0.99906713
vn 0.93180132 0.35582608 0.071652345
vn 0.92359775 0.38193622 0.033043865
vn -0.85909158 -0.51164019 -0.01363703
vn 0.063031092 0.029488001 0.99757582
vn -0.6568414 -0.75396746 0.0096181044
vn -0.23594105 -0.97176385 -0.0026226414
vn -0.27474427 -0.96125764 -0.022345765
vn 0.00091222819 -0.9999184 -0.012740802
vn -0.035747476 0.0088324677 0.99932182
vn -0.10044683 0.99492556 0.0057958527
vn -0.33700243 0.91420978 -0.22505526
vn 0.063025318 0.029503616 0.99757576
vn -0.65681684 -0.75398034 0.010259673
vn -0.65717429 -0.75366867 0.010272933
vn -0.072255418 0.1087184 0.9914431
vn 0.00066296558 0.99989045 -0.014787699
vn -0.12118733 0.99244475 -0.019159753
vn 0.070452079 -0.0092753218 0.99747205
vn -0.8321988 0.55434859 0.011950211
vn -0.004726355 -0.043185949 0.99905586
vn -0.0039832708 -0.043692641 0.99903709
vn 0.93319392 0.35793376 0.032133352
vn 0.92367834 0.38312346 0.0058972812
vn -9.8181124e-05 0.050139286 0.99874222
vn 0.98490602 -0.07980974 -0.15359201
vn 0.81784576 -0.53010064 0.22387847
vn 0.07046672 -0.0092413314 0.99747133
vn -0.82594925 0.55367976 0.10604963
vn -0.88222903 0.44081324 -0.16539533
vn -0.64532804 0.7638613 0.008221399
vn -0.072627917 0.027520379 0.99697936
vn -0.084213741 0.022694074 0.99618924
vn -0.097391821 -0.14879327 0.98406065
vn -0.048170846 -0.16723828 0.98473901
vn -0.072269388 0.10872586 0.99144131
vn -0.058957767 0.070650429 0.99575722
vn 0.012619687 0.064613312 0.99783057
vn -0.87096095 0.4894999 -0.04262463
vn -6.9672169e-05 0.050155792 0.99874139
vn 0.89091253 -0.442065 0.10417968
vn 0.83149171 -0.54508734 0.10724441
vn 0.00068144844 0.99989057 -0.014777801
vn 0.041350521 -0.01520745 0.99902898
vn 0.037886921 0.083217166 0.99581099
vn -0.92360389 -0.38294342 0.017611008
vn -0.65714526 -0.75368422 0.010964476
vn -0.86963952 0.4920772 -0.039838552
vn -0.87078249 0.48923716 -0.048835326
vn -0.10207215 0.18908848 0.97664058
vn -0.047938507 0.19319093 0.97998935
vn 0.34499851 0.078687243 0.93529904
vn -0.04466353 -0.013884824 0.9989056
vn -0.084621131 0.033923183 0.99583554
vn 0.031629607 0.1711607 0.98473531
vn -0.095397189 -0.090438187 0.99132252
vn 0.014578417 -0.067969471 0.99758089
vn -0.044586219 0.088561013 0.99507236
vn 0.00091723731 -0.99991852 -0.01273366
vn 0.0054768142 -0.052287899 0.99861705
vn 0.66181266 0.74904925 0.030482622
vn 0.66011363 0.7506718 0.027236652
vn 0.00090391951 -0.99991822 -0.012754818
vn -0.030452034 0.047099471 0.9984259
vn -0.23623444 0.045851998 0.97061366
vn -0.66105938 0.035445374 0.74949592
vn -0.017237639 0.047232468 0.99873519
vn 0.039219454 0.0038310299 0.99922329
vn 0.040171903 -0.015708851 0.99906927
vn -0.92212856 -0.38344049 0.051500373
vn -0.93405777 -0.35322872 0.052588824
vn -0.86320776 -0.4911516 0.11680105
vn -0.85289752 -0.51187962 0.10268915
vn -0.016542422 -0.043687008 0.99890828
vn 0.07048741 -0.009207462 0.9974702
vn -0.80848974 0.54635793 0.21871747
vn -0.88495779 0.45210359 0.11158875
vn 0.04132133 0.027690923 0.99876213
vn 0.018112004 -0.09113773 0.9956736
vn 0.039083075 0.0014066902 0.99923497
vn 0.03906953 0.0013434276 0.99923557
vn -0.99250615 0.1003605 -0.069708906
vn -0.99002081 0.072849363 -0.12063093
vn 0.012386146 -0.061787851 0.99801242
vn 0.012378616 -0.061777785 0.99801314
vn 0.0051319217 -0.052683733 0.99859804
vn 0.66179538 0.74919271 0.027149916
vn 0.66008317 0.75079721 0.02436821
vn -0.85955524 -0.48972282 0.14606975
vn -0.84926963 -0.51077795 0.13359264
vn 0.042856708 -0.03094203 0.99860197
vn -0.99664861 0.066847257 -0.047148187
vn -0.92997223 -0.35327271 0.10173512
vn 0.0070045795 0.057746217 0.99830675
vn -0.00010232657 0.050160561 0.99874115
vn 0.83415532 -0.55094707 0.025342217
vn 0.87667626 -0.44782674 -0.17575537
vn 0.64167362 -0.76579547 0.042570625
vn -0.87079442 0.48921445 -0.048849817
vn 0.011498195 0.06337598 0.99792349
vn 0.0069631864 0.061173573 0.99810284
vn 0.48549598 -0.85946357 0.16005008
vn 0.049345948 -0.055191904 0.99725562
vn 0.073155172 -0.032881457 0.99677837
vn -0.99772882 0.066004962 -0.013437349
vn -0.9931525 0.11622962 -0.011780411
vn 0.012024715 -0.066147953 0.99773735
vn 0.012947991 -0.066435136 0.99770671
vn 0.010207408 -0.061859429 0.99803269
vn 0.0086661167 -0.059116423 0.99821347
vn 0.24403611 0.96858931 0.047761776
vn 0.24314153 0.96886897 0.046637814
vn 0.00051191571 0.99988377 -0.015239269
vn 0.00090437836 0.99984127 -0.017792048
vn 0.049251519 0.057392497 0.99713612
vn 0.05359124 0.026409661 0.99821365
vn -0.99320209 0.10075838 -0.058287054
vn -0.99482477 0.074787512 -0.068778336
vn 0.0013231256 -0.99985689 -0.016865099
vn 0.00073489692 -0.99990565 -0.01371567
vn 0.00072748424 -0.99990618 -0.013678251
vn 0.052168638 0.059123822 0.99688655
vn 0.058449019 0.050372776 0.99701869
vn -0.93363345 -0.35822943 -0.0005405331
vn -0.95327586 -0.2797012 0.11415949
vn 0.012557317 -0.066385619 0.997715
vn 0.011940809 -0.066488273 0.99771577
vn 0.24401526 0.96865046 0.046613209
vn 0.24312493 0.96894211 0.045182899
vn 0.055565372 -0.056644559 0.99684697
vn -0.85413194 0.52004534 -0.0033876924
vn -0.99036849 0.11330452 0.079576045
vn -0.84541953 -0.53253227 0.040929258
vn -0.85901684 -0.51101965 -0.030805608
vn 0.018460924 0.070685104 0.99732786
vn 0.0044991178 0.06546066 0.99784499
vn 0.61006391 -0.74712539 -0.26386684
vn 0.26006326 -0.95966995 0.10677417
vn 0.48756284 -0.86821175 0.092145666
vn 0.05458362 -0.058297899 0.99680591
vn 0.056704439 -0.057341307 0.99674296
vn -0.85420072 0.51988083 0.0080669057
vn -0.84295952 0.5379101 0.0084806653
vn 0.012521333 0.068804041 0.99755162
vn 0.014022767 0.068504706 0.99755222
vn 0.25892571 -0.94495726 0.20003316
vn 0.18061979 -0.98231936 0.049245756
vn 0.053981457 0.060219191 0.99672449
vn 0.059666283 0.050826497 0.99692357
vn -0.93168288 -0.3590014 -0.055542938
vn -0.958637 -0.28462496 -0.0019375124
vn 0.022588843 -0.06642282 0.99753582
vn -0.14886451 0.98740917 0.053501997
vn -0.14098108 0.98782015 0.065845922
vn -0.87111628 0.49005589 -0.031649165
vn -0.8721205 0.4875949 -0.040706314
vn 0.03840011 -0.070958175 0.99673986
vn -0.51040447 0.85870761 0.04591829
vn -0.84226072 0.5364849 0.052733399
vn 0.053900033 -0.057901379 0.99686623
vn 0.035123598 -0.065433957 0.99723858
vn -0.51043516 0.85879767 0.043846298
vn -0.51428944 0.85649526 0.043843787
vn 0.023002604 -0.067041092 0.99748504
vn 0.023880288 -0.066628829 0.99749202
vn -0.14860499 0.98669463 0.065956876
vn -0.14091012 0.98774552 0.067105651
vn 0.049021821 -0.054995842 0.99728245
vn -0.51446778 0.85688794 0.032650121
vn 0.05562814 0.061154667 0.99657696
vn 0.051009305 0.072214961 0.99608386
vn -0.68996751 -0.72185439 0.053582381
vn -0.7436471 -0.65238738 0.14621815
vn 0.02724606 0.068423666 0.99728423
vn -0.29899061 -0.95257318 0.056647386
vn 0.051009912 0.072212733 0.99608397
vn -0.69028157 -0.72342426 -0.0129863
vn -0.74961525 -0.65973395 0.053179838
vn 0.023825996 0.067683183 0.99742234
vn 0.026648078 0.066602588 0.99742365
vn -0.3190051 -0.94129962 0.11041173
vn -0.29735687 -0.94838697 0.11018663
vn 0.052935388 0.059580531 0.99681896
vn -0.31787479 -0.93828917 0.13626841
vn -0.98129255 0.19217357 0.011584728
vn -0.99761254 0.068509325 0.008697222
vn -0.99432617 0.1054155 0.01424815
vn -0.99759185 0.068309583 0.01201045
vn -0.99416679 0.1048402 0.025317483
vn -0.97306216 -0.23051055 -0.0038679517
vn -0.99751216 0.068780966 0.015448024
vn -0.97311103 -0.2292963 -0.021865381
vn -0.94787014 -0.3182025 -0.017009927
vn -0.86965275 -0.49271834 -0.030540293
vn -0.8696481 -0.49272811 -0.030514643
vn -0.86990219 -0.49216542 -0.032301385
vn -0.87734079 -0.47892514 -0.030064275
vn -0.90052748 -0.43394357 -0.0272616
vn 0.90227461 0.43018568 -0.02899725
vn 0.97992039 0.1989993 -0.012461431
vn -0.75751054 0.65153688 -0.040957455
vn 0.99745756 0.071096539 -0.0048708427
vn -0.86978269 0.4924131 -0.031740125
vn -0.87002343 0.49189878 -0.033088591
vn -0.7225861 0.68984932 -0.044466533
vn 0.99979746 0.020113112 -0.00073433504
vn 0.99945414 0.032968443 -0.0021291929
vn -0.04887554 0.015989266 0.9986769
vn -0.04885029 -0.035893634 0.99816096
vn 0.85684538 -0.51289201 -0.052514587
vn 0.85815036 -0.51069975 -0.052571137
vn 0.85822636 -0.50980866 -0.059520211
vn 0.6663397 -0.74481785 -0.035182495
vn 0.65908664 -0.75064164 -0.046279989
vn 0.85822761 0.51010811 -0.056877431
vn 0.85800952 0.51081783 -0.053710211
vn 0.71211338 0.70029616 -0.04979746
vn -0.082622029 -0.047392387 0.99545342
vn -0.061932757 -0.062521569 0.99612015
vn -0.049833082 -0.069542304 0.99633354
vn -0.048034545 -0.070327513 0.99636674
vn -0.0032685418 0.99863821 0.052067976
vn 0.86853921 0.49071097 0.069586739
vn 0.868541 0.49070498 0.069606863
vn 0.86854345 0.4906998 0.069613166
vn -0.049942162 0.10299624 0.99342716
vn 0.66634792 -0.74481046 -0.035182849
vn -0.86999726 0.49181136 -0.035018384
vn -0.86977834 0.4923116 -0.033389889
vn -0.86976779 0.49233043 -0.033387911
vn -0.049127903 0.072888136 0.99612939
vn -0.061654475 0.064899474 0.99598533
vn -0.082548685 0.048372548 0.99541241
vn 0.86865318 -0.49037802 0.070505373
vn -0.00322929 -0.99843866 0.055766065
vn -0.0028520026 -0.998532 0.05408952
vn -0.0028526455 -0.99853194 0.054090723
vn 0.71315032 0.69887269 -0.054713573
vn 0.71316928 0.69885325 -0.054714374
vn 0.71176285 0.70025575 -0.055095773
vn -0.077673651 -0.048190031 0.99581349
vn -0.061336361 -0.061064202 0.99624747
vn -0.082636572 -0.042258937 0.99568337
vn -0.077683218 -0.048180811 0.99581319
vn -0.077677459 -0.048186477 0.99581337
vn -0.0034001835 0.99855691 0.053595468
vn -0.0030437137 0.99862915 0.052254979
vn -0.0030452446 0.99862903 0.052257005
vn 0.028978622 -0.090388283 0.99548489
vn 0.2735309 0.96169668 -0.01789706
vn -0.049869623 0.10299699 0.99343073
vn 0.66712213 -0.74481583 -0.014051473
vn 0.66039777 -0.7507177 -0.017254783
vn 0.028959194 -0.09051121 0.99547428
vn 0.047462497 -0.090532348 0.99476188
vn 0.27547041 0.96112084 -0.019048328
vn 0.27338645 0.96168327 -0.020619169
vn 0.025655899 0.10669646 0.99396056
vn 0.26717559 -0.96234059 -0.050177582
vn -0.047214232 0.072604649 0.99624264
vn -0.047955774 0.072235435 0.99623406
vn -0.060711082 0.063039206 0.99616277
vn -0.060857024 0.062932253 0.99616063
vn 0.86864752 -0.49038842 0.070503019
vn 0.86864853 -0.49038586 0.070508257
vn 0.8686555 -0.49037486 0.070499159
vn 0.025740948 0.1067032 0.99395764
vn 0.22135456 -0.97413599 -0.045401208
vn 0.22138217 -0.97412962 -0.045402762
vn 0.27203622 -0.96129048 0.043782577
vn 0.85811144 0.50995654 -0.059908714
vn 0.85789907 0.51065999 -0.056881491
vn 0.02895462 -0.090510547 0.99547452
vn 0.2733714 0.96168756 -0.020618357
vn -0.049346603 -0.069081202 0.99638981
vn -0.047844928 -0.070222303 0.99638331
vn 0.86853725 0.49071911 0.069553867
vn 0.86854231 0.49070552 0.069586702
vn 0.04732528 0.11799379 0.99188596
vn 0.025732866 0.10689014 0.99393779
vn 0.2720955 -0.96127385 0.043778885
vn 0.086002536 0.13952537 0.98647666
vn -0.16818373 -0.98368055 -0.063928172
vn 0.2265774 -0.97260678 0.051949326
vn 0.85822743 -0.50980681 -0.059520163
vn 0.8581019 0.50990385 -0.060491264
vn 0.8577832 0.51050687 -0.059922595
vn 0.00074518385 -0.99670422 -0.081117734
vn -0.86966127 -0.49246711 -0.034138031
vn 0.081762686 -0.11985232 0.98941916
vn 0.27512592 0.96108431 -0.024953503
vn -0.16089883 0.98697007 0.0012960557
vn 0.85800171 0.51006341 -0.060567494
vn 0.8577767 0.51044887 -0.060506739
vn 0.85793757 0.5097332 -0.064149529
vn 0.85775781 0.51047206 -0.060579337
vn 0.00042608101 0.99654937 -0.083001077
vn 0.00047192039 0.99657059 -0.082745589
vn 0.019304223 -0.020484379 0.99960381
vn 0.011121637 -0.017970882 0.99977666
vn 0.009497242 0.11566939 0.99324238
vn 0.0097475117 0.11581928 0.99322248
vn -0.035175744 0.086454585 0.99563462
vn -0.035177402 0.086453401 0.99563468
vn -0.04752953 0.072875679 0.99620783
vn -0.035169128 0.086461574 0.99563426
vn -0.055905331 0.076712444 0.99548471
vn 0.86864889 -0.49039152 0.0704647
vn 0.86865884 -0.49037614 0.070449151
vn 0.019412868 -0.020660343 0.99959809
vn 0.019314872 -0.020489207 0.99960351
vn 0.11886512 -0.14592046 0.98212945
vn -0.33623338 0.94168347 -0.013393087
vn -0.27279118 0.95552886 0.11202496
vn 0.020462696 0.025652075 0.99946147
vn 0.019597795 0.024077691 0.99951798
vn 0.019100577 0.025836555 0.9994837
vn 0.025733991 0.03029542 0.99920964
vn 0.0080906777 -0.0250002 0.99965471
vn 0.027865063 -0.028834535 0.99919575
vn 0.020031542 -0.024759527 0.9994927
vn 0.039634138 -0.039202936 0.99844491
vn -0.00010039822 -0.99669039 -0.08129137
vn 5.6671361e-05 -0.99672532 -0.08086212
vn 0.00070519053 -0.99672544 -0.080857217
vn 0.01914732 0.021784283 0.99957931
vn 0.019130206 0.022914298 0.9995544
vn 0.019174581 0.022629146 0.99956006
vn 0.018449197 0.026464643 0.99947947
vn 0.0184395 0.026489371 0.999479
vn -0.041584294 -0.083073221 0.99567544
vn -0.023802565 -0.1014756 0.99455321
vn -0.023784144 -0.10149406 0.99455178
vn -0.048600994 -0.068338342 0.99647772
vn -0.041594427 -0.083056405 0.9956764
vn -0.023766181 -0.10150823 0.99455076
vn 0.0071050874 -0.12537721 0.99208373
vn -0.07282576 -0.084311485 0.99377459
vn 0.86854684 0.49071166 0.069487095
vn 0.86855012 0.49070299 0.069507033
vn 0.018899243 0.028312624 0.99942046
vn 0.85775739 -0.51019549 -0.062871262
vn 0.85777998 -0.5101577 -0.062869579
vn 0.85807663 -0.5096277 -0.063119695
vn 0.018276077 -0.02304187 0.99956745
vn -0.039047841 -0.033738405 0.9986676
vn -0.039648023 -0.033228699 0.99866104
vn -0.032837629 -0.039745737 0.9986701
vn 0.046967916 0.10192377 0.9936828
vn 0.068164714 0.028438993 0.99726868
vn -0.15965971 -0.98452026 0.072309308
vn -0.23387435 -0.96913749 0.077943981
vn -0.034448769 -0.040653158 0.99857926
vn -0.019218927 -0.054029975 0.99835432
vn -0.048283402 -0.028212178 0.99843514
vn -0.046726815 -0.029816912 0.99846262
vn -0.039904952 -0.043826777 0.99824184
vn -0.033508409 0.042995162 0.99851322
vn -0.018577257 0.055614166 0.99827951
vn -0.039429754 0.035671875 0.9985854
vn -0.037206106 0.044977266 0.99829495
vn -0.018792117 0.05575854 0.99826741
vn -0.00045858644 0.99657202 -0.082728721
vn -0.00037339231 0.99660921 -0.08227963
vn -0.038898159 0.040348258 0.99842823
vn -0.066958383 0.019500446 0.99756521
vn -0.035220172 0.04429258 0.99839759
vn 0.01897987 -0.026249068 0.99947524
vn 0.018984294 -0.029950961 0.99937105
vn 0.018364478 -0.023453059 0.99955624
vn 0.017889293 -0.022416893 0.99958867
vn 0.018277507 -0.023043768 0.99956739
vn 0.019358808 -0.027797548 0.99942613
vn -0.051887237 -0.020717651 0.998438
vn -0.045616325 -0.063851915 0.99691629
vn 0.019224619 0.032484069 0.99928737
vn 0.075965837 0.0025045138 0.99710727
vn -0.59199595 -0.80181545 -0.081441991
vn -0.2301828 -0.96555656 0.12131112
vn 0.02828452 0.031811863 0.99909359
vn 0.018969087 0.030286349 0.99936128
vn 0.018826382 0.034379177 0.99923152
vn 0.018400561 0.03653533 0.99916297
vn 0.019426975 0.03404082 0.99923164
vn 0.018969042 0.030269001 0.99936175
vn 0.018768581 -0.033140484 0.99927443
vn -0.048607871 0.031255774 0.9983288
vn -0.040982019 0.045875732 0.99810618
vn 0.01868243 0.023468245 0.99954998
vn 0.85766423 -0.51009589 -0.064917326
vn 0.85800278 -0.50953025 -0.064886101
vn -0.0389296 0.049413189 0.99801946
vn -0.042360306 -0.10462379 0.99360931
vn 0.86888468 0.49015957 0.069159001
vn 0.86899108 0.4899314 0.069438413
vn -0.058537345 -0.0088949325 0.9982456
vn 0.01415425 -0.026670264 0.99954408
vn 0.072010525 -0.011523846 0.99733728
vn 0.04708045 -0.075103641 0.99606371
vn -0.33710545 0.94096434 -0.030757209
vn -0.28240976 0.95914572 -0.016857244
vn -0.058565084 0.01178386 0.99821407
vn -0.056295656 0.022913257 0.99815118
vn -0.025939874 -0.05783711 0.997989
vn -0.032231398 -0.049930237 0.99823248
vn -0.043262266 -0.045645721 0.99802047
vn 0.024137178 -0.031060452 0.99922603
vn 0.018845404 -0.035100918 0.99920607
vn 0.85759294 -0.51001179 -0.066500276
vn -0.0003609985 -0.99676329 -0.080391504
vn -0.040505845 0.046839859 0.99808079
vn -0.026130056 0.052838136 0.99826115
vn -0.045228776 0.035407674 0.99834895
vn -0.035866462 0.10277337 0.99405795
vn 0.86865896 -0.49038419 0.070391648
vn 0.86899167 -0.48979977 0.070354082
vn 0.075963914 0.0025095912 0.99710739
vn -0.59037048 -0.80708915 -0.0083555505
vn -0.66372645 -0.74797398 -0.0014654381
vn -0.017958604 -0.058078021 0.99815053
vn 0.022188975 0.029329257 0.99932349
vn 0.0074458919 0.044031009 0.9990024
vn 0.023421686 0.034259155 0.99913847
vn 0.018618403 0.038025573 0.99910331
vn 0.018228181 0.039425049 0.99905628
vn 0.079181261 0.0058653993 0.99684298
vn -0.75549203 0.6540004 0.038925782
vn -0.72132635 0.6874783 0.084035128
vn -0.078758605 0.045111042 0.9958725
vn -0.087386109 0.040885299 0.99533516
vn -0.093080007 0.037758801 0.99494243
vn -0.087366097 0.041223239 0.99532294
vn -0.055882901 0.051272172 0.99711996
vn -0.070517108 0.047968298 0.99635655
vn -0.075592682 0.0533037 0.99571306
vn -0.082588196 0.021916019 0.99634278
vn -0.0033432448 -0.99835771 0.057190251
vn -0.0029473146 -0.99845135 0.0555536
vn -0.048520263 0.078193188 0.9957568
vn -0.012416981 0.063890919 0.99787962
vn 0.85746455 0.51010454 -0.067437947
vn 0.0085980324 -0.028764509 0.99954921
vn 0.079183072 0.0058690994 0.9968428
vn -0.75828093 0.65110934 -0.032659914
vn -0.7252683 0.68748444 0.036755517
vn 0.018860338 0.043600652 0.99887097
vn 0.017816667 0.044651017 0.99884373
vn 0.011892405 0.048018843 0.9987756
vn 0.019269248 -0.036759511 0.99913836
vn 0.019510172 -0.036301978 0.9991504
vn 0.082572825 -0.011180458 0.99652231
vn -0.8982808 -0.43606797 -0.054188091
vn -0.65047532 -0.74571311 0.14420055
vn -0.040008541 0.095415905 0.99463314
vn -0.02962625 0.09925098 0.99462128
vn 0.8689959 -0.48979396 0.07034196
vn 0.1274253 -0.095067829 0.98728156
vn 0.098703511 -0.0032322318 0.99511164
vn -0.88641781 -0.4404189 0.14245948
vn -0.93570614 -0.35048935 -0.040140022
vn -0.93572873 -0.35042948 -0.040136814
vn 0.07916835 0.0058455612 0.99684411
vn -0.75826293 0.6511302 -0.032661546
vn -0.059867505 -0.11445933 0.99162239
vn -0.025503181 -0.11010739 0.99359244
vn -0.042602003 -0.1043974 0.99362278
vn 0.8689366 0.49037027 0.066979364
vn 0.86902493 0.48998249 0.068650216
vn 0.019013852 -0.03829705 0.99908549
vn 0.015975278 -0.03010357 0.99941909
vn 0.087727316 0.018888531 0.99596542
vn -0.96201462 0.25929388 0.085408449
vn -0.94696617 0.29436153 0.12886561
vn 0.042515311 -0.049658597 0.99786097
vn 0.018771203 0.041030049 0.9989816
vn 0.042347092 -0.049524933 0.99787474
vn 0.018415781 -0.037263472 0.99913579
vn 0.018413289 -0.037232202 0.99913698
vn 0.018358983 -0.037192203 0.99913949
vn 0.012357874 0.0324747 0.99939615
vn 0.098703861 -0.00323308 0.99511158
vn -0.8864271 -0.44039965 0.14246085
vn 0.10304476 0.014744509 0.99456745
vn 0.12768367 0.070817702 0.98928344
vn -0.96505898 0.25835854 0.043726634
vn -0.95212346 0.29392153 0.084089741
vn 0.10912206 -0.027540294 0.9936468
vn -0.99906987 0.024482068 -0.035496514
vn -0.91930306 -0.35399818 0.17195106
vn 0.018430052 -0.037317358 0.99913353
vn -0.1154661 -0.029989088 0.99285859
vn -0.10163359 -0.037779223 0.99410427
vn -0.099694476 -0.042417318 0.99411356
vn -0.082567774 -0.063033558 0.99459004
vn -0.0035376525 0.99846649 0.055246226
vn -0.0031936863 0.99850845 0.054503907
vn 0.10787058 -0.027540592 0.99378341
vn 0.10865022 -0.026592087 0.99372429
vn -0.99772066 0.021990703 0.063796192
vn -0.9890061 0.13135216 0.067922935
vn -0.019169532 -0.055644829 0.99826658
vn -0.017484862 -0.059055917 0.99810153
vn 0.12789588 0.064049825 0.98971725
vn 0.11889568 0.046103731 0.99183583
vn -0.96704656 -0.23670162 0.093772724
vn -0.96821457 -0.2312074 0.095413186
vn -0.017484568 -0.059056528 0.99810153
vn 0.098120518 0.041048095 0.9943276
vn 0.10932465 0.027559973 0.99362397
vn -0.96841651 -0.23744771 0.076078989
vn -0.96836311 -0.23128189 0.093710132
vn 0.095230095 -0.043812085 0.99449068
vn -0.93958628 0.33929408 0.045356303
vn -0.97647709 0.12759526 0.17381589
vn -0.01483134 -0.064901814 0.99778146
vn -0.014740005 -0.065104261 0.99776959
vn -0.14916402 -0.018446833 0.98864037
vn -0.07263656 0.022955732 0.99709427
vn -0.14894874 0.056777805 0.98721355
vn -0.084616773 -0.037906967 0.99569225
vn 0.0005456073 0.99991596 -0.012953208
vn 0.001107415 0.99988025 -0.015435288
vn 0.00075331778 0.99980068 -0.01995191
vn -0.03016258 -0.075993314 0.99665201
vn -0.010051625 -0.07602407 0.99705529
vn 0.07119184 -0.079362825 0.99430037
vn -0.8622123 0.4998993 0.081796549
vn -0.86212867 0.50060081 0.078313604
vn -0.92905891 0.36168748 0.077663809
vn -0.025838919 -0.076020487 0.9967714
vn -0.014145523 -0.07614132 0.9969967
vn 0.089965664 0.053297903 0.99451774
vn -0.86161923 -0.50125748 0.079707474
vn -0.86118633 -0.5020594 0.079338074
vn 0.06987074 0.084448233 0.99397516
vn -0.86210537 -0.49972504 0.083959423
vn -0.86206096 -0.50050348 0.079669416
vn -0.0028727758 0.064354986 0.99792296
vn -0.00081048469 0.064437449 0.99792141
vn -0.0024276352 0.064320318 0.99792635
vn 0.0053365142 0.067118697 0.99773073
vn -0.00077321619 0.064480357 0.99791867
vn -0.013834607 0.078277901 0.99683559
vn -0.71339035 -0.67266381 -0.19646285
vn -0.43849388 -0.89871335 -0.0061219484
vn -0.36934137 -0.9264459 -0.072697699
vn -0.71932161 -0.6794374 -0.14471085
vn -0.76782519 -0.6245935 -0.14257428
vn -0.77263886 -0.63086468 -0.070985228
vn -0.72542846 -0.68824828 -0.008241212
vn 0.00096616393 -0.99991935 -0.012663762
vn 0.0014244551 -0.99989355 -0.014522281
vn -0.36462894 -0.92075616 -0.13875808
vn -0.43509164 -0.89639521 -0.084681012
vn -0.43506953 -0.89640599 -0.084680535
vn -0.95057935 -0.27010947 -0.15310067
vn -0.38959339 0.91970819 -0.048516296
vn -0.78687543 0.5988698 -0.14893636
vn -0.7711243 0.62887335 -0.09942653
vn -0.38907212 0.91935784 -0.058344211
vn -0.41560817 0.90762454 -0.059055425
vn 0.066092111 -0.99770874 -0.014460981
vn 0.082823969 -0.99603778 -0.032386634
vn -0.38671589 0.91700917 -0.097698569
vn -0.41450506 0.90653276 -0.079899579
vn -0.014145539 -0.076140963 0.9969967
vn -0.79093426 0.60394621 -0.098346055
vn -0.77308285 0.6319769 -0.054295994
vn -0.94881928 -0.26868796 -0.16597813
vn -0.94056022 -0.29532391 -0.16772093
vn -0.014105143 -0.07601852 0.99700665
vn 0.00098492857 -0.076026045 0.99710536
vn -0.013391684 -0.050081577 0.99865532
vn -0.38584292 0.91597879 -0.11003676
vn -0.41247937 0.90420026 -0.11082739
vn 0.0892483 -0.039044332 0.99524385
vn 0.051308177 -0.056331705 0.9970929
vn 0.080675118 -0.042957067 0.99581432
vn -0.0062250579 -0.082908563 0.99653774
vn 0.044441126 0.054489952 0.99752486
vn 0.063071221 0.025118606 0.99769288
vn -0.97937948 0.16503716 -0.11652738
vn -0.97565395 0.19267429 -0.10476631
vn 0.071189791 -0.079368465 0.99430007
vn -0.86215293 0.49982557 0.082865477
vn -0.86194122 0.50036484 0.08180654
vn -0.013849789 0.077948362 0.99686122
vn -0.066868022 -0.080558538 0.99450439
vn -0.073618308 0.99499577 -0.067555569
vn -0.41031888 0.90134102 -0.13864605
vn -0.013952751 0.078283139 0.9968335
vn -0.013540735 0.047448721 0.99878192
vn -0.0002708415 0.078290753 0.99693054
vn 0.080669969 -0.042958934 0.99581468
vn -0.97566605 0.1926156 -0.10476168
vn -0.0069015417 0.085204557 0.99633956
vn 0.082816184 -0.99603844 -0.032387234
vn 0.061466318 0.023384297 0.99783522
vn 0.062363025 0.025833555 0.99771917
vn -0.10936116 -0.061210439 0.99211562
vn 0.0012107627 0.99989289 -0.014585644
vn 0.10166318 0.99247068 -0.068311684
vn -0.085471392 0.99293858 -0.082265705
vn 0.085583173 -0.99399847 -0.068136722
vn 0.068107843 -0.9968642 -0.040287066
vn 0.067406006 -0.045806937 0.99667352
vn 0.067134485 -0.045864303 0.99668926
vn -0.97334486 0.16913292 0.15489945
vn -0.93094516 -0.28826678 -0.22415031
vn 0.051958628 0.058962993 0.99690706
vn 0.041979183 0.068202376 0.99678791
vn -0.98160386 0.18046686 0.062334623
vn -0.99554324 0.077903636 0.053147905
vn 0.060007691 0.027693493 0.9978137
vn 0.060512748 0.019983366 0.99796736
vn -0.10427714 -0.023220042 0.99427718
vn -0.1042813 -0.023209989 0.994277
vn -0.10780183 -0.015551264 0.99405074
vn -0.10780305 -0.015548936 0.99405068
vn -0.093355499 -0.037275191 0.99493486
vn -0.058536999 -0.0088948542 0.9982456
vn -0.099852182 -0.028522974 0.99459338
vn -0.10277348 -0.02779625 0.99431634
vn -0.098626822 -0.041951127 0.99423981
vn -0.0729101 -0.046524763 0.99625278
vn -0.098284863 -0.021944148 0.99491632
vn -0.098288074 -0.021937549 0.9949162
vn -0.066866748 -0.080558918 0.99450445
vn -0.066867366 -0.080557853 0.99450451
vn 0.0034374651 0.0071993135 0.99996817
vn -0.12176068 -0.11180041 0.98624289
vn -0.059038233 -0.12364773 0.9905684
vn -0.024384871 -0.091193371 0.9955346
vn -0.013789129 -0.088524193 0.99597859
vn -0.043297358 -0.067659825 0.99676853
vn -0.013813858 -0.088515788 0.99597901
vn -0.00061205484 -0.094962455 0.99548066
vn -0.027540613 0.1057698 0.9940092
vn -0.037640467 0.10377326 0.9938885
vn 0.86904627 -0.49002934 0.068042554
vn 0.86918801 -0.48980901 0.06781882
vn -0.059951343 -0.11444646 0.99161881
vn 0.86882073 0.49061704 0.066674113
vn 0.86907226 0.49017087 0.066677697
vn 0.1018338 0.99246943 -0.068075947
vn 0.2571148 0.96487707 -0.0538911
vn -0.0041447231 -0.07602267 0.99709749
vn -0.00079265982 -0.094348222 0.99553895
vn 0.00085685658 -0.094416156 0.99553245
vn 0.00048592818 -0.094400167 0.99553424
vn 0.0032913922 -0.095499121 0.99542409
vn -0.012643977 -0.087878399 0.99605095
vn -0.00069625594 -0.094350547 0.99553877
vn -0.012840239 -0.094094992 0.99548042
vn -0.7758832 -0.047961332 0.62905079
vn -0.10334053 0.028822167 0.99422836
vn -0.10338903 0.028662145 0.99422795
vn -0.1026158 0.031929202 0.99420851
vn -0.10203687 0.035361525 0.99415189
vn -0.10207374 0.034848694 0.99416625
vn -0.10175715 0.042135723 0.99391651
vn -0.10175724 0.042139117 0.99391639
vn -0.10301157 0.063350581 0.9926607
vn -0.10301278 0.063363135 0.99265981
vn -0.096773311 0.026829723 0.99494475
vn -0.058588412 0.011789596 0.99821258
vn -0.10917375 0.016687462 0.9938826
vn -0.092678815 0.037721798 0.99498123
vn -0.098190024 0.032391023 0.99464041
vn -0.10580233 0.022640193 0.99412942
vn -0.10536839 0.023637181 0.99415231
vn -0.10338729 0.028669858 0.99422789
vn -0.081820779 0.052612294 0.99525744
vn -0.06690795 0.052846126 0.99635869
vn -0.098199777 0.026539812 0.99481279
vn -0.066827767 0.076893561 0.99479717
vn -0.15322001 0.13128239 0.97943276
vn -0.069419503 0.14037465 0.98766184
vn -0.023268897 0.081537627 0.99639863
vn -0.046777099 0.071569778 0.99633813
vn -0.01685496 0.093992926 0.99543017
vn -0.019509561 0.093550496 0.99542338
vn -0.00027062063 0.078288332 0.99693072
vn -0.025502479 -0.11985324 0.99246401
vn 0.80707049 0.58554763 0.07596866
vn 0.6163922 0.77214998 -0.15441854
vn 0.73816204 0.61923295 0.2677075
vn -0.98383123 0.17092082 -0.053499181
vn -0.98382819 0.17093782 -0.053500656
vn -0.97933823 0.19878055 -0.03718742
vn -0.096748739 -0.040597934 0.99448049
vn 0.075335309 -0.049054693 0.99595094
vn -0.057856772 -0.0042265709 0.99831593
vn -0.86203295 0.49967134 0.085016124
vn -0.8617608 0.50013721 0.085035592
vn -0.0043591391 0.078287587 0.9969213
vn 0.060620207 -0.017166749 0.99801326
vn 0.056627072 -0.043935511 0.99742824
vn 0.02029722 -0.050013524 0.99854225
vn 0.051307417 -0.056333736 0.99709278
vn -0.95928526 -0.27637455 -0.058214065
vn -0.96338379 -0.26437783 -0.044676904
vn 0.29295817 0.95570588 -0.028316136
vn 0.32831067 0.9434278 -0.046433162
vn 0.051957682 0.058964986 0.996907
vn 0.38709521 -0.92124736 -0.038217623
vn 0.38695621 -0.92132264 -0.037808802
vn 0.017155692 -0.10193551 0.99464309
vn 0.012605484 -0.10060881 0.99484622
vn -0.014502874 0.11468611 0.99329591
vn 0.67332679 -0.73370105 0.091180012
vn 0.67656976 -0.72903615 0.10372905
vn 0.8691994 -0.48983833 0.067459866
vn 0.051971205 0.058930367 0.99690831
vn 0.051957898 0.058965765 0.99690694
vn 0.069870166 0.084452547 0.9939748
vn -0.8619895 -0.49955875 0.086111173
vn -0.86171645 -0.50002611 0.086131632
vn -0.084816217 0.091848768 0.99215424
vn 0.38684762 0.92127663 -0.039979193
vn 0.012704348 0.10261204 0.99464035
vn 0.0070110029 0.10099193 0.99486256
vn -0.0022709919 0.098336391 0.99515063
vn 0.0094612753 0.10169227 0.99477088
vn 0.012534576 0.10256062 0.9946478
vn 0.018004881 0.10415175 0.99439842
vn -0.057872608 -0.0042263833 0.99831504
vn -0.86202675 0.49967706 0.085045159
vn -0.050762195 -0.13306418 0.98980659
vn 0.080544338 -0.13284111 0.98785925
vn 0.051542643 -0.16395341 0.98512059
vn 0.077282302 -0.10707662 0.99124265
vn 0.034543391 -0.11797243 0.99241585
vn 0.020990971 -0.10739554 0.99399477
vn -0.082588397 0.021915814 0.99634272
vn -0.0030162362 -0.99857813 0.053222828
vn -0.0036331662 -0.99851775 0.054305311
vn -0.010679883 -0.12478153 0.99212676
vn 0.32299507 0.94595897 -0.028910855
vn 0.051307246 -0.056291774 0.99709517
vn -0.025577173 -0.16773517 0.98550022
vn 0.039018169 -0.14491653 0.98867428
vn 0.32520643 0.9393428 0.10897651
vn 0.27541813 0.96093088 -0.027508788
vn 0.054167293 -0.058032613 0.99684405
vn 0.051674884 -0.068261355 0.99632829
vn 0.059981402 -0.019736849 0.99800438
vn 0.062805444 -0.013649484 0.99793243
vn 0.019846719 -0.04457774 0.99880874
vn 0.072923876 -0.011016619 0.99727666
vn -0.098255523 -0.013677423 0.99506724
vn -0.098252662 -0.013670677 0.9950676
vn -0.098253049 -0.013678062 0.99506748
vn 0.072338484 0.13426256 0.98830193
vn 0.065851599 0.13432112 0.98874742
vn 0.077280223 0.108757 0.9910599
vn 0.018217402 0.10695715 0.9940967
vn 0.023802055 0.10232319 0.99446642
vn -0.96340668 -0.26429278 -0.044686742
vn 0.026557257 -0.11306462 0.99323267
vn 0.14785179 -0.1235899 0.98125702
vn -0.86158836 0.49991456 0.08803948
vn -0.86169237 0.49925154 0.090742499
vn -0.98041487 0.19172646 -0.045029495
vn -0.89870632 0.43835238 -0.013195909
vn -0.97670507 0.10028604 -0.18971002
vn -0.86179739 -0.49931011 0.089412674
vn -0.86162728 -0.49989277 0.087782092
vn 0.055625506 0.061142072 0.99657786
vn 0.052438468 0.07427907 0.99585783
vn -0.044886976 0.10118816 0.99385417
vn -0.96066922 -0.27470246 -0.040659767
vn -0.964252 -0.26311299 -0.031458125
vn -0.042392831 -0.11412712 0.99256128
vn -0.77641422 0.61843383 -0.12132832
vn -0.90068996 0.43281418 0.037807796
vn 0.061773151 -0.06255544 0.99612796
vn 0.053590652 -0.069374263 0.9961502
vn 0.0020754642 -0.11750823 0.99306977
vn -0.5525884 0.82803589 0.094882026
vn -0.55563104 0.82592511 0.095508724
vn 0.99999976 -0.00059735635 -0.00026824453
vn 0.99999923 -0.0012303705 -0.00014200626
vn 0.0021036298 -0.11731609 0.99309242
vn -0.55575186 0.82584482 0.095499396
vn 0.0055984054 -0.16580591 0.98614252
vn 0.0057588266 -0.16580576 0.98614162
vn 0.82704371 0.55843043 0.064452633
vn 0.0007735517 -0.16596703 0.98613101
vn -0.044584397 0.99254435 0.11343699
vn -0.55239892 0.82802171 0.096101522
vn -0.034489732 -0.16567026 0.98557794
vn 0.54243374 0.83481473 0.094074197
vn 0.78476042 0.61547226 0.073109314
vn 0.0011370431 -0.1659527 0.98613304
vn -0.04439947 0.9924764 0.11410198
vn -0.030771723 0.99298388 0.11417601
vn -0.0076402314 -0.16651948 0.98600858
vn 0.11130784 0.98721236 0.11411518
vn 0.10830912 0.98755121 0.11406918
vn 0.40985596 0.90599495 0.10578871
vn -0.0028679813 -0.16585749 0.98614556
vn 0.061443172 0.99169433 0.1129913
vn -0.030818835 0.99265134 0.11701947
vn 0.018229285 -0.16599461 0.98595816
vn 0.040803805 0.99256915 0.11463641
vn -0.000292004 0.99339598 0.11473604
vn -0.014509825 0.1146653 0.99329823
vn 0.67655015 -0.72905403 0.10373093
vn -0.13635848 0.061798178 0.98873019
vn 0.15261534 -0.98827332 0.0049335724
vn 0.37160543 -0.90855724 -0.19087481
vn 0.23252222 -0.97000426 0.070888236
vn 0.060885187 0.018849874 0.99796677
vn 0.035267722 0.033561882 0.99881417
vn -0.13931356 -0.050897878 0.9889394
vn 0.29677033 0.9547379 0.02007208
vn -0.0059743118 0.14917319 0.98879302
vn -0.018744344 0.17364396 0.98463011
vn 0.22598308 -0.9693864 0.096029438
vn 0.6730544 -0.73200154 0.10569543
vn 0.031566195 -0.098438822 0.99464232
vn 0.032537177 -0.097553782 0.99469823
vn 0.03416143 -0.097042091 0.99469382
vn 0.034176249 -0.097034439 0.99469405
vn 0.031576049 -0.098432198 0.99464267
vn 0.01438254 -0.097520292 0.99512959
vn 0.016749067 -0.100538 0.99479222
vn 0.0023013386 -0.082115777 0.99662012
vn 0.018237501 -0.10237417 0.99457878
vn 0.066274479 0.016281523 0.99766856
vn 0.055432864 -0.02486825 0.99815267
vn 0.066414759 -0.012977612 0.99770772
vn -0.0074677197 -0.10194767 0.99476171
vn -0.86181289 -0.49927962 0.089434102
vn -0.0517588 0.11193226 0.99236697
vn -0.711936 -0.70141721 0.034074936
vn -0.71705329 -0.69599169 0.037817121
vn -0.0013113377 0.16292137 0.98663819
vn 0.032587703 -0.99267298 0.11635457
vn 0.03295894 -0.99263555 0.11656912
vn 0.092383914 -0.98894054 0.11602496
vn 0.24972124 -0.96747607 0.04036523
vn 0.0053151194 0.16137169 0.98687941
vn -0.0024998439 0.16103534 0.98694545
vn -0.12369262 -0.98555779 0.11565438
vn -0.12204675 -0.98576218 0.11566131
vn 0.0853341 -0.98955691 0.11616893
vn 0.021019932 0.16185273 0.98659104
vn -0.2861864 -0.95166427 0.11150121
vn -0.30387363 -0.94621736 0.11105634
vn 0.01819629 0.16219254 0.98659134
vn -3.6375473e-05 -0.99321663 0.11627876
vn -2.5500516e-05 -0.99319834 0.11643486
vn 0.098399945 -0.98837942 0.11586009
vn 0.067080297 0.16255455 0.98441672
vn -0.64712614 -0.75718367 0.088885456
vn -0.64243144 -0.76113671 0.089178152
vn -0.86179852 -0.49930406 0.089435667
vn 0.057045165 0.076950811 0.99540162
vn 0.057044514 0.076952726 0.9954015
vn 0.057048731 0.076947123 0.99540174
vn 0.031230327 0.10053693 0.99444306
vn 0.033533748 0.099064864 0.99451578
vn 0.033163212 0.099253513 0.9945094
vn -0.096744396 -0.058811784 0.99357015
vn -0.082477778 -0.082006067 0.99321318
vn -0.0032552888 0.99864966 0.051848207
vn -0.0036714524 0.99870008 0.050840139
vn 0.0074600056 -0.042538811 0.99906695
vn 0.05594616 -0.03038343 0.99797136
vn 0.062174018 -0.02775369 0.99767935
vn 0.062181644 -0.027748173 0.99767905
vn 0.069711544 -0.019429529 0.99737793
vn 0.069721803 -0.019413479 0.99737757
vn 0.054050304 0.027845407 0.99814987
vn 0.078127272 0.013787546 0.99684805
vn -0.0029757174 0.10385551 0.99458796
vn -0.0013286459 0.10404289 0.99457192
vn 0.00065197964 0.10416861 0.99455947
vn -0.0040610884 0.10346021 0.99462533
vn -0.017916843 0.092650473 0.99553746
vn 0.093907699 -0.13254203 0.98671877
vn -0.86315662 0.49668065 0.090933941
vn -0.051787779 0.11198878 0.9923591
vn -0.71708637 -0.69595796 0.037811652
vn 0.067155264 0.02618134 0.99739897
vn 0.058389366 0.031236654 0.99780506
vn 0.05349303 0.031894002 0.99805874
vn -0.10867994 0.072616354 0.99142098
vn -0.12067576 0.069661632 0.99024475
vn -0.14915262 0.054437645 0.98731458
vn -0.10209976 0.071994998 0.99216551
vn -0.13100556 0.08577507 0.98766398
vn -0.082590252 0.02191662 0.99634254
vn -0.084818088 0.091850467 0.99215388
vn -0.11576813 0.055727746 0.99171174
vn -0.039550956 0.15189555 0.98760492
vn -0.065557599 0.14262362 0.98760355
vn -0.051712263 0.11182433 0.99238157
vn -0.0071248594 0.16292772 0.98661226
vn 0.0053992281 0.15940702 0.98719817
vn -0.039550919 0.15189558 0.98760492
vn -0.71675444 -0.69628853 0.038018119
vn -0.13934223 -0.050895978 0.98893547
vn 0.31974551 0.94532555 0.064206041
vn 0.28762552 0.9534741 0.090325512
vn -0.065450437 0.14263473 0.98760903
vn 0.043620024 0.20302315 0.97820187
vn -0.71705925 -0.69598639 0.037801564
vn 0.38684747 0.92127663 -0.039979886
vn 0.38698572 -0.92131037 -0.037805155
vn 0.38686681 -0.92137337 -0.037486129
vn -0.042369466 -0.11412937 0.992562
vn -0.79421467 0.60137171 0.087035537
vn -0.67506152 0.72934455 0.11112374
vn -0.0028361948 -0.9986949 0.050994892
vn -0.0034144176 -0.99863493 0.052120894
vn 0.13852288 0.12403297 0.98256159
vn -0.86140072 -0.49960071 0.091585658
vn -0.86166835 -0.4991453 0.091551021
vn 0.015771059 0.16291159 0.98651463
vn 0.018071003 0.15954757 0.98702484
vn 0.069406196 -0.13769791 0.98803949
vn -0.68582052 0.70777756 0.16941433
vn -0.6657638 0.73817056 0.10891642
vn -0.86290228 0.49697724 0.091723911
vn -0.058089234 -0.11307192 0.99188727
vn -0.54961663 0.79926509 0.24309847
vn 0.049723916 0.029156022 0.99833733
vn -0.13634689 0.061796643 0.98873186
vn 0.34613717 -0.93415123 0.086893618
vn 0.2090614 -0.95160538 0.22525661
vn -0.14899087 -0.051993188 0.98747075
vn -0.14189497 -0.059480958 0.98809302
vn 0.28761125 0.95347857 0.090323612
vn 0.072292194 0.13853851 0.98771501
vn -0.86132693 -0.49949801 0.09283115
vn -0.72865188 -0.67658025 0.10632809
vn 0.069422111 -0.13769341 0.98803902
vn -0.68581945 0.70777857 0.1694144
vn 0.039710838 -0.14808504 0.98817706
vn 0.015319698 -0.15896018 0.98716611
vn -0.00029015364 0.99342608 0.11447506
vn -0.095139973 0.9885233 0.11734587
vn -0.17081982 0.041082978 0.98444539
vn -0.1488786 0.064851947 0.98672658
vn 0.67145842 -0.73673779 -0.079755872
vn 0.63455254 -0.77283406 -0.0084007643
vn 0.043244295 -0.14660351 0.98824966
vn -0.21143088 0.9585954 0.19076656
vn -0.15897655 0.95287383 0.25837559
vn 0.052747715 -0.14300624 0.98831517
vn -0.40373841 0.9121626 0.070389308
vn -0.65917593 0.72506952 0.19940224
vn 0.052715067 -0.14301766 0.98831528
vn -0.40239593 0.90811074 0.11581191
vn -0.2148446 0.96955645 0.11748213
vn -0.11720811 -0.055285204 0.99156737
vn 0.21514438 0.97386962 0.072738163
vn -0.0034915057 0.99879169 0.049019944
vn -0.015351822 0.17216402 0.98494864
vn -0.58471441 -0.80967253 0.050392609
vn -0.71296537 -0.69910038 0.054213177
vn 0.072348207 0.13852221 0.98771316
vn -0.7328307 -0.67375273 0.094955049
vn -0.73291844 -0.67365825 0.094948024
vn -0.72905505 -0.67798036 0.093922071
vn -0.12376519 0.094495036 0.98780203
vn 0.17892669 -0.98130959 0.070828691
vn 0.048452266 0.14570116 0.98814148
vn -0.30144972 -0.94489342 0.127689
vn -0.30473039 -0.94464225 0.12161586
vn -0.02146006 0.16894425 0.98539197
vn -0.56820536 -0.82121187 0.052476354
vn -0.56885701 -0.82071865 0.053128
vn 0.048436083 0.145707 0.98814142
vn -0.30144334 -0.94489545 0.12768899
vn -0.073979288 -0.092445292 0.9929657
vn -0.30432564 -0.94341147 0.13176012
vn -0.17486303 -0.032780726 0.98404694
vn 0.69303584 0.72087103 -0.0068000648
vn 0.31054068 0.94191837 0.127884
vn -0.084022731 -0.1006301 0.99136966
vn -0.081385165 -0.10342986 0.99130154
vn -0.079976514 -0.10466655 0.9912864
vn -0.073860995 -0.09225136 0.99299258
vn -0.075582236 -0.10847227 0.99122202
vn -0.07233689 -0.11624831 0.99058253
vn -0.38906252 0.91829574 0.07323464
vn -0.51449543 0.855515 0.058211125
vn -0.65309948 0.74622905 -0.12885357
vn -0.074225202 0.094638236 0.99274075
vn 0.78474844 0.6157285 0.071051478
vn 0.83340114 0.54940671 0.059957054
vn 0.55324799 0.82726961 0.097681202
vn 0.40984753 0.90626073 0.10352068
vn 0.040805593 0.99225557 0.1173192
vn 0.073749647 0.99069583 0.11437973
vn -0.00027992512 0.99339938 0.11470662
vn -0.083344646 0.10306171 0.99117708
vn -0.079664506 0.106623 0.99110299
vn -0.087184727 -0.096653149 0.99149233
vn -0.11657501 0.065353945 0.99102932
vn -0.064915344 0.08751142 0.99404615
vn -0.08623568 0.087419793 0.99243194
vn -0.09232793 0.084035583 0.99217618
vn -0.11635461 0.06559296 0.99103945
vn -0.072731532 -0.092089556 0.99309093
vn -0.078094542 -0.092904344 0.99260771
vn -0.11156616 -0.061475117 0.99185371
vn -0.1320418 -0.038667828 0.99048966
vn -0.11346362 -0.062013332 0.99160492
vn -0.079639211 0.10664477 0.99110264
vn -0.073924333 0.094029836 0.99282104
vn -0.077338599 0.10855079 0.99107796
vn -0.051855214 0.15351869 0.98678422
vn -0.38897216 -0.91820008 0.074894823
vn -0.38881725 -0.91830444 0.074418604
vn -0.17083718 0.041071527 0.98444289
vn 0.6676293 -0.74448526 -0.003576939
vn 0.63334769 -0.77384412 0.0060019847
vn -0.14901686 -0.048099633 0.9876641
vn -0.15809219 -0.014843373 0.98731279
vn 0.68618995 0.72454667 0.064617716
vn 0.75660771 0.64939785 0.076336198
vn -0.055936314 0.091112971 0.99426836
vn -0.12559883 -0.052588321 0.99068636
vn 0.28560418 0.92203623 0.2613034
vn 0.46587321 0.8668409 0.17762052
vn -0.13175215 -0.0077925697 0.99125206
vn -0.14102654 0.058786113 0.9882589
vn 0.63332856 -0.7738598 0.005999363
vn -0.055964213 0.091098845 0.99426806
vn -0.072503768 -0.11070681 0.99120492
vn -0.13050053 -0.022180416 0.99120009
vn 0.86470193 -0.47169784 0.1726027
vn 0.90347177 -0.42086864 0.081291921
vn -0.12562826 -0.052582297 0.9906829
vn 0.46584904 0.86685413 0.17761919
vn -0.13844547 0.078833885 0.98722744
vn 0.48241302 -0.87242579 0.07842759
vn 0.21158709 -0.96378458 0.16232733
vn -0.10588872 -0.090953343 0.99020958
vn 0.38679096 -0.92140478 -0.037496306
vn -0.071830988 0.11242306 0.99106073
vn -0.13848722 0.078790508 0.98722506
vn 0.49151951 -0.87040263 -0.028422123
vn 0.22476941 -0.97270346 0.05767737
vn -0.16385458 0.0038252261 0.98647708
vn -0.16222353 0.012868217 0.98667014
vn 0.93390363 0.35752392 0.0007681803
vn 0.73805892 0.64807129 0.18781009
vn 0.38687453 0.92129743 -0.039231971
vn 0.38662893 0.92139912 -0.039265081
vn -0.16222128 0.012881073 0.98667032
vn 0.9339003 0.35753268 0.00077179325
vn 0.3867048 0.92136806 -0.039245792
vn -0.071648546 -0.092168927 0.99316233
vn -0.054392438 -0.094716303 0.99401724
vn -0.088430405 -0.080207348 0.99284786
vn -0.066640496 0.11574057 0.99104148
vn -0.055964727 0.091072008 0.9942705
vn -0.13051325 -0.022201834 0.99119794
vn 0.87896085 -0.47056729 0.077422522
vn 0.90753722 -0.41869882 0.032673221
vn -0.16222364 0.012863231 0.9866702
vn 0.96048522 0.2697818 0.068453752
vn 0.93061423 0.36088169 0.061004508
vn -0.070529588 -0.11187817 0.99121583
vn -0.059081838 0.097472481 0.99348301
vn -0.065321073 0.098928265 0.99294829
vn -0.061157472 0.098650411 0.99324107
vn -0.071503758 0.09717878 0.99269509
vn -0.076741971 0.09506806 0.99250829
vn -0.0013877866 -0.098449215 0.99514109
vn -0.12584586 -0.052619047 0.99065334
vn 0.46425337 0.8655833 0.18770808
vn 0.72259659 0.65526414 0.22018859
vn 0.33367369 0.91333902 -0.23339593
vn -0.13147932 -0.053652059 0.98986596
vn -0.12630157 -0.038914699 0.99122828
vn 0.86543041 0.49977636 -0.035409085
vn 0.71497017 0.65091544 0.25519943
vn -0.15705571 0.062390797 0.98561704
vn 0.81363487 -0.54295474 0.20784235
vn 0.594666 -0.75643808 0.27234864
vn -0.1525068 0.059306663 0.98652136
vn -0.14866562 0.069750793 0.98642451
vn 0.81369054 -0.5428766 0.20782852
vn -0.14499485 -0.032281384 0.98890567
vn 0.9810425 -0.086880252 0.17322648
vn 0.99825639 0.054368019 0.022985518
vn -0.15251467 0.059285592 0.98652142
vn 0.80844176 -0.54055154 0.23286465
vn 0.9064554 -0.38996628 -0.16206455
vn 0.60930389 -0.76691049 0.20148699
vn -0.077373698 0.10944454 0.99097687
vn -0.12630308 -0.038910031 0.99122828
vn 0.85718441 0.50041378 0.12174132
vn 0.94918287 0.28705049 -0.12904984
vn -0.14497709 -0.032272629 0.98890853
vn 0.99641043 -0.082088418 0.020682281
vn 0.99748296 0.055951044 -0.043557208
vn -0.16043106 0.037174348 0.98634678
vn 0.93870509 0.27280957 0.2107314
vn 0.99468958 -0.099646442 0.025753863
vn -0.16021261 0.043171767 0.98613799
vn -0.16376853 0.037504684 0.9857856
vn 0.99824643 -0.058202345 0.010798054
vn 0.99824238 -0.058271386 0.010799352
vn 0.99444938 -0.10075729 -0.030305538
vn -0.12627274 -0.038919725 0.9912318
vn 0.85527605 0.49985221 0.13656734
vn 0.94666463 0.2870391 0.14640571
vn -0.15663207 -0.036278442 0.98699051
vn 0.92072642 0.2797778 0.27200589
vn -0.15254515 0.059224855 0.98652035
vn 0.80574304 -0.53929353 0.24482769
vn 0.88919455 -0.38896871 0.24090749
vn -0.069951095 0.09434405 0.99307907
vn 0.87646413 -0.38432264 0.29001158
vn -0.056940261 -0.099361978 0.99342084
vn -0.086104602 -0.083665259 0.99276692
vn -0.070985943 -0.09519881 0.99292403
vn -0.064082727 -0.099555932 0.99296629
vn -0.064109296 -0.099545047 0.99296564
vn -0.064975828 0.14855869 0.9867667
vn -0.38902274 -0.91821945 0.074393354
vn -0.3888976 -0.91830069 0.074044168
vn 0.00237086 -0.11112821 0.99380326
vn 0.0017632319 -0.1135907 0.99352604
vn -0.0020605181 0.10130434 0.99485338
vn -0.17843893 -0.04132925 0.98308265
vn -0.19200978 0.055005416 0.97985029
vn -0.16954547 -0.06918551 0.98309088
vn -0.1784389 -0.041328929 0.98308265
vn -0.15649879 -0.095137008 0.98308551
vn -0.16954546 -0.069185756 0.98309088
vn -0.14414859 -0.059522454 0.9877643
vn -0.14414176 -0.059529174 0.98776489
vn -0.10588988 -0.090954244 0.9902094
vn -0.27564961 0.077340595 0.9581418
vn -0.15649869 -0.095137402 0.98308545
vn -0.072338305 -0.11625064 0.99058211
vn -0.069187239 -0.16954528 0.98309082
vn -0.089935333 -0.15912731 0.98315316
vn -0.041330043 -0.17843826 0.98308271
vn 0.037511002 -0.16569333 0.98546368
vn -0.0060490523 -0.18361254 0.98298007
vn -0.041329954 -0.17843832 0.98308271
vn -0.11395458 -0.024425006 0.99318564
vn -0.38912919 0.9183141 0.072647974
vn -0.38898477 0.91839904 0.072346516
vn 0.38673913 -0.92144412 -0.037061673
vn 0.38682538 -0.92139751 -0.037320007
vn 0.38662297 0.92141342 -0.038987633
vn 0.38674757 0.92136186 -0.038969524
vn -0.11764862 -0.021759726 0.99281687
vn -0.09588398 -0.1577235 0.98281717
vn -0.036338326 -0.19984186 0.97915411
vn -0.38898963 0.91839665 0.07235074
vn -0.082368605 -0.10912253 0.99060977
vn -0.11108232 -0.094600916 0.9892984
vn -0.11765013 -0.02175899 0.99281669
vn -0.059396937 -0.18426475 0.98108029
vn -0.38913262 0.91833758 0.072331734
vn 0.12811403 -0.026493402 0.99140549
vn 0.12795836 0.02746355 0.99139923
vn 0.11797512 -0.026536895 0.99266189
vn 0.12799144 -0.015444438 0.99165499
vn 0.012257387 -0.16579758 0.98608363
vn -0.08324863 0.14421043 0.98603904
vn -0.38911256 -0.91821194 0.074015439
vn -0.38901666 -0.91828656 0.073592454
vn 0.035179578 0.10419302 0.99393469
vn -0.12139618 -0.021133278 0.99237913
vn -0.1488757 -0.064829275 0.98672855
vn -0.1134454 -0.030131374 0.99308723
vn -0.12755349 -0.021649646 0.99159539
vn -0.12782763 -0.022425728 0.99154282
vn -0.1268297 -0.029329648 0.99149078
vn -0.12246273 -0.033499531 0.9919076
vn -0.12350192 -0.033119414 0.99179149
vn 0.51680595 -0.85595834 -0.015714902
vn 0.69585311 -0.68927509 -0.2017134
vn 0.58727407 -0.80790555 0.048967231
vn -0.096354589 -0.11348243 0.98885667
vn -0.094895221 -0.11566353 0.98874509
vn -0.1030499 -0.1056821 0.98904604
vn -0.10787744 -0.1011751 0.98900259
vn -0.10628145 -0.10227506 0.98906219
vn -0.10511301 -0.10336839 0.9890734
vn -0.10850734 -0.10086733 0.98896509
vn -0.11067414 -0.099942736 0.98881882
vn -0.14793098 0.062738568 0.98700571
vn 0.64879435 0.7609309 0.0070756595
vn 0.38664556 0.92141151 -0.038808227
vn -0.11297032 0.033020839 0.9930495
vn -0.094878122 0.10543901 0.98988926
vn -0.074317202 -0.17554733 0.98166192
vn -0.38920665 0.91833073 0.072019711
vn -0.38918495 0.91833967 0.072022825
vn -0.11228349 0.03247064 0.99314553
vn -0.1119214 -0.030573137 0.99324661
vn 0.67818034 -0.7316345 0.069154881
vn 0.55764538 -0.8061977 0.19767873
vn -0.14793134 0.062733471 0.98700601
vn 0.65573299 0.75354862 0.046677388
vn 0.64381361 0.76390725 0.044156082
vn -0.18655947 -0.066706121 0.98017645
vn 0.9044134 -0.42159855 -0.065505676
vn 0.9017725 -0.42853931 -0.056217797
vn 0.11982565 -0.10661286 0.98705393
vn 0.11986061 -0.1065339 0.98705822
vn 0.11985268 0.10828675 0.98686844
vn 0.1175975 0.016615303 0.99292231
vn -0.1056587 0.10544291 0.98879623
vn -0.14730228 0.092515908 0.98475522
vn 0.65265894 0.75471807 0.066610232
vn 0.93266129 0.35948047 0.030277044
vn -0.072440632 0.16929741 0.98289913
vn -0.10104926 0.14591883 0.98412234
vn -0.38900238 -0.91829324 0.073584706
vn -0.10000172 -0.16347504 0.98146605
vn -0.16759305 0.96706414 0.19157115
vn -0.077146702 0.99054348 0.1134548
vn -0.38922754 0.91833353 0.071870983
vn -0.18656652 -0.06669417 0.98017591
vn 0.90430617 -0.42327869 -0.055367246
vn 0.90172559 -0.42888486 -0.054302506
vn -0.098813154 0.14890312 0.98390234
vn -0.15111879 -0.98275357 0.10657627
vn -0.25488144 -0.94794655 0.19087376
vn -0.14730178 0.092502929 0.98475653
vn 0.94372946 0.32370639 0.067741647
vn 0.92969388 0.36312729 0.061708145
vn -0.16533932 -0.10442076 0.98069322
vn 0.96337789 -0.11504889 0.24221231
vn 0.99140704 -0.0085059386 0.13053639
vn -0.1108169 0.14087851 0.9838053
vn -0.1634116 -0.9596296 0.22892727
vn 0.0012701827 -0.99524063 0.097439826
vn -0.11855245 -0.15651585 0.98053461
vn 0.11457848 0.94262916 0.3135635
vn -0.096348464 0.94975823 0.2977857
vn -0.11842201 -0.15656498 0.98054254
vn 0.11443061 0.94264978 0.31355551
vn -0.14973022 0.11046318 0.98253691
vn 0.93537122 0.32969198 0.12799956
vn 0.99068666 -0.097292989 0.095257372
vn -0.16533749 -0.10442442 0.98069316
vn 0.98724574 -0.10314921 0.12126862
vn 0.99880517 0.00013108741 0.04886999
vn -0.11174992 -0.10138237 0.98855126
vn -0.11079047 0.14089331 0.98380613
vn -0.14846297 -0.98547858 0.082406029
vn 0.30199796 -0.93946737 -0.16185901
vn -0.035790335 -0.90598971 0.42178389
vn -0.14862116 0.10479826 0.98332554
vn -0.14409137 0.10991127 0.98344153
vn 0.98964071 -0.10296007 0.10005236
vn 0.99032295 -0.096782297 0.099467099
vn -0.11045327 0.10694854 0.98811036
vn -0.14407359 0.10993242 0.98344177
vn 0.98944825 -0.10281951 0.10207973
vn 0.98916817 -0.095566444 0.11141559
vn -0.15540624 -0.12712726 0.97963643
vn 0.93491864 0.28765476 0.20780239
vn 0.89401883 0.44351587 0.063434891
vn -0.11891713 -0.096896879 0.98816484
vn -0.15384635 -0.13117065 0.97934955
vn -0.15784705 -0.1283163 0.97909105
vn 0.95110095 0.30349571 0.057422288
vn 0.894328 0.44732425 -0.00885667
vn -0.11849759 -0.15654476 0.98053664
vn -0.043097366 0.9843722 -0.17074533
vn 0.40799332 0.87169725 0.27145052
vn 0.12415521 0.96211028 0.24275346
vn -0.1306982 -0.15329079 0.97949982
vn -0.13900422 -0.14417323 0.97974074
vn 0.40574756 0.8686381 0.28431815
vn 0.59587884 0.8030507 0.0061613084
vn -0.12549767 0.13506567 0.98285687
vn 0.47611123 -0.87418377 0.095503099
vn -0.13899629 -0.14418116 0.97974068
vn 0.59585428 0.80306882 0.0061769211
vn -0.12550417 0.13506368 0.98285627
vn 0.28685439 -0.95394427 0.087777466
vn 0.48258474 -0.8757602 -0.012493432
vn -0.13900945 -0.1441696 0.9797405
vn 0.58204675 0.7922883 0.1830322
vn 0.75949377 0.62179148 0.1911663
vn -0.13579515 0.12364561 0.9829911
vn 0.81961489 -0.53855062 0.19543447
vn 0.73811466 0.6026296 0.30335513
vn -0.13579614 0.12364382 0.98299116
vn 0.88601512 -0.44118917 0.14258097
vn 0.82600021 -0.54443985 0.14597584
vn -0.13578911 0.12366985 0.98298883
vn 0.80587697 -0.52681935 0.27022895
vn 0.63240415 -0.72238624 0.27968386
vn 0.88233131 -0.45329791 -0.12654054
vn -0.13316248 0.13429742 0.98195314
vn 0.62007123 -0.70939112 0.33507594
vn -0.11892501 -0.096893393 0.98816419
vn -0.11520422 0.10156656 0.98813576
vn -0.082882412 0.091765642 0.99232537
vn -0.12603651 -0.097196005 0.98725259
vn -0.11913388 0.10392029 0.98742479
vn -0.12825754 -0.10217205 0.98646384
vn -0.11029635 -0.10491357 0.98834604
vn -0.11078182 0.10680855 0.98808873
vn -0.12031587 0.10482381 0.98718596
vn -0.11916167 0.11697952 0.98595959
vn -0.12233754 0.10878198 0.98650903
vn -0.12179346 0.11257493 0.98615074
vn -0.10898484 0.11602792 0.9872486
vn -0.11815115 0.11780034 0.98598343
vn -0.11359362 0.11778358 0.98652089
vn -0.10897704 0.11602352 0.98724997
vn 0.12199882 -0.17864437 0.97632086
vn 0.12889895 -0.16284271 0.97819597
vn -0.11013835 0.10675149 0.98816681
vn 0.082881019 0.16530204 0.98275429
vn 0.1217572 0.16465992 0.97880656
vn 0.11999924 0.10857998 0.98681843
vn -0.11066975 -0.10541921 0.98825049
vn -0.11005648 -0.10490247 0.98837394
vn -0.1103511 0.10694122 0.98812258
vn 0.016283741 -0.20787442 0.97801995
vn 0.09798076 -0.20691638 0.97343999
vn 0.086763337 -0.23308535 0.96857798
vn 0.015770838 0.16290928 0.98651499
vn 0.006634925 0.16292596 0.98661602
vn 0.027824465 0.2090292 0.97751349
vn 0.085556373 0.20835334 0.97430438
vn 0.034079526 -0.16571406 0.9855848
vn -0.030430019 -0.16573359 0.98570096
vn -0.14918974 0.0025340377 0.98880535
vn -0.2325809 0.062672518 0.97055566
vn -0.24166501 0.01106985 0.97029662
vn -0.26632199 0.037216522 0.96316534
vn -0.21806835 0.1023131 0.9705556
vn -0.23258096 0.062672779 0.9705556
vn -0.19685823 0.13881199 0.97055554
vn -0.21806841 0.10231379 0.97055554
vn -0.16960166 0.17104717 0.9705556
vn -0.19685826 0.13881174 0.9705556
vn -0.137136 0.19802941 0.97055554
vn -0.16960159 0.17104742 0.97055554
vn -0.10045922 0.21892862 0.9705556
vn -0.13713622 0.19802895 0.9705556
vn -0.060696319 0.23310465 0.9705556
vn -0.10045912 0.21892877 0.9705556
vn 0.0066345665 0.16293025 0.9866153
vn -0.035424896 0.23741582 0.97076195
vn -0.06069668 0.2331043 0.97055566
vn -0.14887638 -0.064828672 0.98672849
vn 0.039526414 0.16280651 0.98586595
vn -0.26646683 0.01727779 0.96368921
vn 0.12744829 0.016559463 0.99170697
vn 0.12738369 -0.035878297 0.99120438
vn 0.12152581 -0.045229945 0.99155724
vn 0.15154135 -0.015317536 0.98833221
vn 0.12792577 0.035608642 0.9911443
vn 0.12988521 0.032333218 0.99100173
vn 0.14335521 0.016472975 0.9895342
vn 0.12792866 -0.03500722 0.99116534
vn 0.031144165 0.27514774 0.96089739
vn 0.0092294002 0.27526975 0.96132272
vn 0.15240383 -0.050660834 0.987019
vn 0.15101589 -0.10942142 0.98245668
vn 0.1530342 -0.1060121 0.9825182
vn 0.15101592 -0.10942136 0.98245668
vn 0.154893 0.086403243 0.98414564
vn 0.15489307 0.086407498 0.98414522
vn 0.14758109 0.10814742 0.98311949
vn 0.15489425 0.086403251 0.98414546
vn 0.13287757 -0.27084059 0.95340914
vn 0.15006813 -0.23140302 0.96121395
vn 0.12997483 0.18065986 0.9749198
vn 0.13201314 0.23359026 0.96333176
vn 0.10046954 0.23441736 0.96693039
vn 0.035376482 -0.22524606 0.97365946
vn -0.017525421 -0.22535251 0.97411966
vn 0.039397087 -0.28738889 0.95700341
vn -0.011032352 -0.28759471 0.95768869
vn -0.008265269 -0.28763497 0.95770442
vn 0.034482591 -0.2436547 0.96924883
vn -0.011032986 -0.28762728 0.95767885
vn -0.26646623 0.017277835 0.96368939
vn -0.26666826 0.017030912 0.96363789
vn -0.25579274 -0.059244957 0.96491456
vn -0.2557925 -0.059245095 0.96491462
vn -0.24304567 -0.099179193 0.96493125
vn -0.24304625 -0.099178948 0.96493113
vn -0.22434184 -0.13638078 0.96492022
vn -0.22434269 -0.13638057 0.96492004
vn -0.19976984 -0.17032477 0.96492565
vn -0.19976918 -0.17032482 0.96492577
vn -0.17032658 -0.19976842 0.96492559
vn -0.17032573 -0.19976835 0.96492577
vn -0.13638142 -0.22434019 0.96492052
vn -0.13638198 -0.22434033 0.9649204
vn -0.0991809 -0.24304609 0.96493095
vn -0.099181153 -0.24304621 0.96493089
vn -0.059246797 -0.25579211 0.96491462
vn -0.059246644 -0.25579199 0.96491468
vn -0.0092405472 -0.26310095 0.96472406
vn -0.0082337409 -0.28760147 0.9577148
vn 0.013809362 -0.2875838 0.95765591
vn 0.066806428 -0.27141726 0.96014041
vn 0.12596278 -0.26980227 0.95464134
vn 0.10600787 -0.31695244 0.94249856
vn 0.030906521 0.27303752 0.96150678
vn -0.0091532636 0.27526757 0.9613241
vn 0.059126534 0.20355019 0.97727752
vn 0.0092274742 0.27526739 0.96132344
vn 0.10888488 0.27146864 0.95626819
vn 0.10650815 0.31837156 0.94196367
vn 0.14099561 0.23532067 0.9616363
vn 0.15315031 -0.11006475 0.98205435
vn 0.15263885 -0.18329629 0.97113532
vn 0.16050427 -0.17767283 0.97091234
vn 0.10987763 -0.23867404 0.96486354
vn 0.15263264 -0.1833052 0.97113466
vn 0.15852378 0.15400438 0.97527069
vn 0.15852377 0.15400355 0.97527081
vn 0.13280079 0.22096395 0.96619815
vn 0.15932082 0.17989296 0.97069842
vn -0.2664988 -0.007379679 0.96380699
vn 0.16255398 0.0065525859 0.98667789
vn 0.13377714 0.032866746 0.9904663
vn 0.16254707 -0.011371901 0.98663527
vn 0.10963763 -0.043135062 0.9930352
vn 0.1791874 0.01277646 0.98373199
vn 0.17364581 0.0070079844 0.98478323
vn 0.16273879 0.036865905 0.98598021
vn 0.17363299 -0.013891752 0.98471242
vn 0.17663434 -0.012201821 0.98420089
vn 0.16392991 -0.052681811 0.98506427
vn 0.16273886 0.036870848 0.98598003
vn 0.16392988 -0.05267942 0.98506439
vn 0.15132914 -0.38129878 0.91198176
vn 0.18598042 -0.3133164 0.93125945
vn 0.15588106 -0.36943576 0.91608858
vn 0.15123896 -0.38147092 0.91192472
vn 0.16857319 0.089789905 0.98159099
vn 0.18278268 0.073668189 0.98038948
vn 0.17575093 0.315321 0.93256867
vn 0.15257224 0.2722519 0.95005298
vn 0.15643787 0.37105128 0.91534042
vn 0.15660799 0.37047657 0.91554409
vn 0.19283894 -0.057733331 0.97953051
vn 0.18131801 -0.076722942 0.98042715
vn 0.16392061 -0.11317305 0.97996014
vn 0.18603587 -0.26863718 0.94510567
vn 0.11768849 -0.30817738 0.94402122
vn 0.16294281 -0.26661503 0.94992954
vn 0.16857122 0.089793675 0.98159099
vn 0.16909778 0.23826158 0.95636678
vn 0.16909774 0.23826005 0.95636714
vn 0.15285082 0.27224082 0.95001137
vn 0.16857111 0.089789152 0.9815914
vn 0.17575608 0.16016631 0.97131693
vn 0.16392061 -0.11317296 0.97996014
vn -0.26646364 -0.0073827715 0.9638167
vn -0.32588536 0.08781518 0.94132209
vn -0.3341777 0.041596506 0.94159174
vn -0.26649985 -0.0073791635 0.96380669
vn -0.30555022 0.14335869 0.94132215
vn -0.32588524 0.087815002 0.94132215
vn -0.27583084 0.19449811 0.94132239
vn -0.30554989 0.14335781 0.94132239
vn -0.23763984 0.23966569 0.94132227
vn -0.27583089 0.19449851 0.94132227
vn -0.19215061 0.27747142 0.94132233
vn -0.23763984 0.23966548 0.94132233
vn -0.14075983 0.30675536 0.94132239
vn -0.19215064 0.27747124 0.94132239
vn -0.085046194 0.32661808 0.94132233
vn 0.0092287399 0.27526775 0.96132332
vn 0.0092267869 0.27527562 0.96132106
vn -0.039872989 0.33433712 0.94160968
vn -0.085045785 0.32661876 0.94132215
vn -0.26643217 0.017044878 0.96370292
vn -0.26646832 0.017042235 0.96369302
vn -0.31782132 -0.073611602 0.94528884
vn -0.31782016 -0.073612191 0.94528913
vn -0.32427886 -0.030176945 0.94548005
vn -0.30198553 -0.12323067 0.94531423
vn -0.30198631 -0.12323041 0.94531399
vn -0.2787427 -0.16945188 0.94529814
vn -0.27874413 -0.16945164 0.94529778
vn -0.24821334 -0.21162795 0.94530618
vn -0.24821205 -0.21162796 0.94530648
vn -0.21163094 -0.24821247 0.94530571
vn -0.21163011 -0.24821234 0.94530594
vn -0.16945359 -0.27874216 0.94529802
vn -0.16945411 -0.27874234 0.94529784
vn -0.12323245 -0.3019852 0.94531405
vn -0.12323279 -0.30198538 0.94531399
vn -0.073613539 -0.31781909 0.94528943
vn -0.073613562 -0.31781909 0.94528943
vn 0.013809022 -0.28758392 0.95765591
vn 0.013809506 -0.28758183 0.9576565
vn -0.024931615 -0.32501671 0.94537956
vn 0.18530156 -0.17723396 0.96656686
vn 0.21748036 -0.12863508 0.96755117
vn 0.17734252 -0.19329454 0.96498024
vn 0.18086398 0.17338817 0.96810371
vn 0.18656242 0.16401209 0.968656
vn 0.039775286 -0.34274039 0.93858773
vn -0.0082334392 -0.28760159 0.95771474
vn -0.0082337195 -0.2875995 0.95771539
vn 0.074867681 -0.341952 0.93673033
vn -0.0091535598 0.2752758 0.96132171
vn -0.0091546215 0.27526796 0.96132398
vn 0.041253213 0.3435618 0.93822354
vn 0.075236328 0.34278509 0.93639624
vn 0.17363548 0.012797222 0.98472685
vn 0.17363258 -0.013891754 0.98471254
vn 0.09071923 -0.35484093 0.93051487
vn 0.14521694 -0.35235268 0.92453212
vn 0.13410673 -0.36466557 0.92143065
vn 0.18221538 0.021334067 0.98302716
vn 0.18762448 0.07107082 0.97966629
vn 0.1876246 0.071083032 0.97966534
vn 0.18754217 0.073592924 0.97949582
vn 0.11675479 0.35469073 0.92766523
vn 0.091088779 0.35573444 0.93013752
vn 0.18390033 -0.023684116 0.98265952
vn 0.18184485 -0.11140487 0.97699612
vn 0.18726113 -0.032101244 0.98178548
vn 0.1872611 -0.032101598 0.98178548
vn 0.18726116 -0.032104596 0.98178542
vn 0.19458592 -0.076502509 0.97789758
vn 0.17464098 0.24087533 0.95471442
vn 0.17464106 0.24087892 0.95471346
vn 0.17975852 -0.32332516 0.92905742
vn 0.25253084 -0.22316225 0.94150239
vn 0.20781545 -0.28969201 0.93428653
vn 0.20781456 -0.28969339 0.9342863
vn 0.2188894 0.26153737 0.94004554
vn 0.18375923 0.31865299 0.92988861
vn 0.1524848 0.38058397 0.91208786
vn 0.14861667 0.38081846 0.91262829
vn 0.1956612 0.17288269 0.96531254
vn 0.19721 0.15323755 0.96831113
vn 0.18661177 0.071092874 0.9798581
vn 0.19720989 0.15323257 0.96831197
vn 0.19169796 -0.20711713 0.959351
vn 0.19488023 -0.17689672 0.96474308
vn 0.19574155 -0.11109045 0.97434294
vn -0.42651698 0.012936541 0.90438706
vn -0.42650956 -0.014214323 0.90437138
vn 0.19624038 0.3339071 0.92195213
vn 0.19275221 0.33185744 0.92342687
vn 0.13441691 -0.36784226 0.92012185
vn 0.1344144 -0.36784238 0.92012215
vn 0.18855968 -0.35410875 0.91599792
vn 0.1885604 -0.35410699 0.91599846
vn 0.19275218 0.33185643 0.92342728
vn 0.19275212 0.33185667 0.92342716
vn 0.15731677 0.37100253 0.91520959
vn 0.0081000458 0.43082705 0.90239817
vn -0.014181908 0.43079785 0.90233701
vn 0.18392417 0.017469943 0.98278517
vn 0.18731682 -0.43759835 0.87944305
vn 0.18789914 -0.43706134 0.87958586
vn 0.19118601 -0.41328701 0.89030433
vn 0.18731739 -0.43759647 0.87944388
vn 0.22281109 -0.41260216 0.883241
vn 0.19495089 -0.41509879 0.88864344
vn 0.19687587 -0.35937333 0.91219008
vn 0.19039796 0.4315401 0.88177192
vn 0.1889143 0.39426494 0.89937007
vn 0.18892203 0.39443007 0.89929605
vn 0.1897748 0.43376836 0.88081241
vn 0.20002338 0.4157218 0.88722378
vn 0.1953766 0.41611585 0.8880741
vn 0.015469162 -0.43702969 0.89931405
vn -0.029296428 -0.43689439 0.89903563
vn -0.42650855 -0.014214248 0.90437186
vn -0.40153885 -0.0056755729 0.91582441
vn -0.38944885 -0.09020178 0.91662055
vn -0.38944748 -0.090202212 0.91662109
vn -0.3700487 -0.15100564 0.91665769
vn -0.37005091 -0.15100527 0.91665679
vn -0.34156796 -0.20764261 0.91663289
vn -0.34156743 -0.20764261 0.91663313
vn -0.30415627 -0.25932667 0.91664535
vn -0.30415648 -0.2593267 0.91664523
vn -0.25932902 -0.3041555 0.91664493
vn -0.25932789 -0.30415514 0.91664535
vn -0.20764489 -0.3415643 0.91663373
vn -0.20764518 -0.34156445 0.91663361
vn -0.15100802 -0.37004969 0.91665685
vn -0.1510082 -0.3700498 0.91665679
vn -0.090204112 -0.38944766 0.91662085
vn -0.090204276 -0.38944781 0.91662073
vn -0.013626962 -0.40052813 0.91618311
vn -0.029298088 -0.43691707 0.89902455
vn 0.015463941 -0.43705243 0.89930308
vn -0.42651576 0.012936696 0.90438759
vn 0.19687583 -0.35937399 0.91218978
vn 0.19624041 0.33390611 0.92195249
vn 0.19624043 0.33390638 0.92195243
vn 0.19804592 -0.45512196 0.86812544
vn 0.21897468 -0.37324533 0.90151983
vn 0.20941545 0.25207239 0.94477761
vn 0.20941545 0.25207251 0.94477755
vn 0.20276012 0.31750339 0.92632604
vn 0.18925297 0.15347907 0.96985954
vn 0.20386788 -0.20659645 0.95695132
vn 0.20723921 -0.32163918 0.92390484
vn 0.20777756 -0.31757507 0.92518896
vn 0.2077782 -0.31761441 0.92517531
vn -0.42651755 0.012936853 0.90438676
vn -0.43113899 0.11617731 0.89477485
vn -0.44873044 0.10431203 0.88755846
vn -0.46163604 0.028353581 0.88661617
vn -0.40244865 0.18882076 0.89575768
vn -0.42890242 0.17446779 0.88634288
vn -0.42890227 0.17446817 0.88634288
vn -0.36249486 0.25560847 0.89624876
vn -0.39733982 0.24048415 0.88560063
vn -0.39733887 0.24048576 0.88560057
vn -0.31229305 0.31495503 0.89625686
vn -0.35494104 0.30029559 0.88534707
vn -0.35494167 0.30029488 0.88534707
vn -0.25305831 0.36542374 0.89578289
vn -0.30300042 0.35203531 0.88558561
vn -0.30299973 0.35203588 0.88558561
vn -0.18618774 0.40575558 0.89481646
vn -0.24313308 0.3941277 0.88631237
vn -0.24313419 0.39412707 0.88631237
vn -0.1132355 0.43488151 0.89333969
vn -0.17723665 0.42533103 0.88751376
vn -0.17723626 0.42533115 0.88751376
vn -0.10737882 0.44480118 0.8891691
vn -0.1073863 0.44479981 0.88916886
vn -0.017899882 0.45337632 0.89113945
vn -0.014182681 0.43080708 0.9023326
vn 0.20673347 0.45004544 0.86874646
vn 0.21359831 0.41213667 0.88573086
vn 0.079967804 -0.46317297 0.88265276
vn 0.079966202 -0.46317303 0.88265288
vn 0.13559183 -0.43376523 0.89076519
vn 0.01727755 -0.4407216 0.89747757
vn 0.015463823 -0.43705159 0.8993035
vn 0.10243399 -0.45163515 0.88630295
vn 0.037821416 0.4561016 0.88912368
vn 0.0081004417 0.43083629 0.90239376
vn 0.01085588 0.45047018 0.89272547
vn 0.10759466 0.45637235 0.88325965
vn 0.10759616 0.45637155 0.88325989
vn 0.1076019 0.45637125 0.88325936
vn 0.10370942 0.46025527 0.88170826
vn -0.42655209 0.0023169497 0.90446001
vn -0.0048555518 -0.43709871 0.89940041
vn 0.14360313 -0.46843225 0.87175077
vn 0.1436061 -0.46843201 0.87175041
vn 0.15652293 -0.46175039 0.87309057
vn 0.16315857 0.4637849 0.87079436
vn 0.15758395 0.46961474 0.86869401
vn 0.16316335 0.46378449 0.8707937
vn 0.036481082 0.43055522 0.90182668
vn -0.034071002 0.43059188 0.90190345
vn 0.2149839 -0.4318485 0.87595022
vn 0.2135983 0.41213802 0.88573021
vn 0.21498398 -0.43184522 0.87595183
vn 0.21359797 0.41212434 0.88573664
vn 0.21534596 -0.55441999 0.80389339
vn 0.23882324 -0.45013481 0.86043137
vn 0.19976661 -0.47489202 0.8570711
vn 0.19003133 -0.47891319 0.85704738
vn 0.18989626 -0.47890937 0.85707945
vn 0.19003163 -0.47891179 0.85704809
vn 0.19003361 -0.47891158 0.8570478
vn 0.20174836 0.47780496 0.85498542
vn 0.20172329 0.47780657 0.85499042
vn 0.20172925 0.47780672 0.85498893
vn 0.20044531 0.47940588 0.85439551
vn 0.20172824 0.4778071 0.85498893
vn -0.42654917 0.002317165 0.90446144
vn -0.49582553 -0.045741379 0.86721665
vn -0.49582592 -0.045742013 0.86721641
vn -0.49582666 -0.045736585 0.86721629
vn -0.49582073 -0.045748435 0.86721903
vn -0.45720848 -0.10589585 0.88303256
vn -0.4875637 -0.14119153 0.86159539
vn -0.48755524 -0.1411978 0.86159915
vn -0.43108612 -0.17591316 0.88499677
vn -0.48756179 -0.14119072 0.86159658
vn -0.48756245 -0.14119555 0.86159545
vn -0.435745 -0.26489377 0.86020786
vn -0.45294029 -0.23589741 0.85976595
vn -0.45295176 -0.23587476 0.85976613
vn -0.37824968 -0.32249945 0.86771035
vn -0.40300649 -0.20989183 0.89080369
vn -0.40300629 -0.20990254 0.89080125
vn -0.3904773 -0.31768703 0.86406159
vn -0.39047605 -0.31768873 0.86406153
vn -0.31299144 -0.36709377 0.87594438
vn -0.37482372 -0.30495256 0.87550622
vn -0.37482935 -0.30494592 0.8755061
vn -0.3148182 -0.37607789 0.87146711
vn -0.22773559 -0.41397288 0.88134158
vn -0.25008979 -0.41138381 0.8764807
vn -0.31481495 -0.37607932 0.87146765
vn -0.31481457 -0.3760806 0.87146723
vn -0.24611443 -0.4473798 0.85981333
vn -0.13044673 -0.41947535 0.89834517
vn -0.17912316 -0.43894669 0.88047755
vn -0.2461154 -0.44737986 0.85981303
vn -0.24611765 -0.44737816 0.85981327
vn -0.11208928 -0.48393476 0.86789584
vn -0.15095857 -0.48543936 0.86113888
vn -0.15095843 -0.48543942 0.86113888
vn -0.0081585459 -0.48174039 0.87627602
vn -0.052074131 -0.50467557 0.86173707
vn -0.052075848 -0.50467539 0.86173713
vn -0.13239798 -0.42575175 0.89510125
vn -0.052071147 -0.50467831 0.8617357
vn 0.23550148 -0.44736314 0.86278927
vn 0.23922653 -0.44697559 0.86196488
vn 0.23521519 -0.44739386 0.86285138
vn 0.24103032 0.43178013 0.86917794
vn 0.22543864 0.54924977 0.80467516
vn 0.26825061 0.4506439 0.85144681
vn 0.23852833 0.45407343 0.85844135
vn -0.0078739282 0.24218446 0.97019827
vn 0.218133 0.45944965 0.86100173
vn 0.021622496 -0.43700385 0.89919972
vn -0.045057625 -0.43666211 0.89849651
vn 0.18157728 0.017477697 0.98322135
vn 0.18151051 -0.032139726 0.98286366
vn -0.32895905 0.076470822 0.94124287
vn -0.42633283 0.031916279 0.90400314
vn 0.19082426 0.057647694 0.97993004
vn 0.18889274 0.071053281 0.97942382
vn 0.18889198 0.071065523 0.97942305
vn 0.19375122 -0.032060556 0.98052669
vn 0.19133402 -0.062341735 0.97954315
vn 0.19375122 -0.032060083 0.98052669
vn 0.18889208 0.07106144 0.97942334
vn 0.21720444 -0.1105883 0.96984148
vn 0.19070381 -0.1749835 0.96592587
vn 0.22176668 -0.47216475 0.85315883
vn 0.21813303 0.45945036 0.86100137
vn 0.20741485 0.15290281 0.96622968
vn 0.20493841 0.16376857 0.96497673
vn 0.22334507 -0.52995038 0.81808895
vn 0.25459248 -0.50437194 0.82510096
vn 0.21900156 -0.4920775 0.84255445
vn 0.22782373 -0.49080822 0.84095401
vn 0.21905813 -0.49207103 0.84254354
vn 0.22782512 -0.49080944 0.84095293
vn 0.22782259 -0.49081463 0.84095055
vn 0.2259485 0.49378735 0.839715
vn 0.22807314 0.48699141 0.84310263
vn 0.228074 0.48700696 0.8430934
vn 0.22807603 0.48698649 0.84310466
vn 0.22594544 0.49378949 0.83971459
vn 0.22594641 0.49378762 0.83971542
vn 0.20741414 0.15290792 0.96622902
vn 0.21720619 -0.11057647 0.96984243
vn 0.25107098 0.51340932 0.82059383
vn 0.24516556 0.52446824 0.81536919
vn 0.20701762 -0.2064594 0.95630449
vn 0.23977147 0.52515936 0.81652755
vn 0.21702732 0.36329976 0.90604216
vn 0.21947148 0.47920302 0.84982157
vn 0.2233153 0.44848964 0.86544055
vn 0.21704729 0.36336446 0.90601146
vn 0.21702719 0.36329839 0.90604275
vn 0.23852655 -0.65270936 0.71907967
vn 0.26903993 -0.52395886 0.80813652
vn 0.20741433 0.15290444 0.96622956
vn 0.22319281 -0.43671304 0.87147385
vn 0.20610304 -0.31769562 0.92552203
vn 0.21335745 -0.30878922 0.92689145
vn 0.21691728 -0.47541031 0.85260302
vn 0.22596511 -0.45252109 0.86264968
vn 0.20701778 -0.20645688 0.95630497
vn 0.25174245 -0.52246922 0.81464815
vn 0.25174272 -0.5224641 0.81465137
vn 0.25107062 0.51342392 0.82058483
vn 0.21101286 0.25198379 0.94444573
vn 0.27305883 0.53828388 0.79730129
vn 0.28777003 0.53954434 0.79125237
vn 0.2535291 0.61050045 0.75034142
vn 0.26309022 -0.53733808 0.80128109
vn 0.2540476 -0.61282194 0.74827069
vn 0.28856772 -0.53785604 0.7921108
vn 0.25482658 0.53888702 0.80290979
vn 0.26309657 -0.53733712 0.8012796
vn 0.027289087 -0.62981147 0.77626854
vn -0.044618987 -0.43241069 0.90057212
vn -0.0071011903 -0.63003021 0.77653813
vn -0.051110189 -0.49533278 0.86719847
vn -0.059550621 -0.43093315 0.90041673
vn -0.051111616 -0.49532965 0.8672002
vn -0.60573292 0.045346592 0.79437476
vn -0.60541022 -0.055850893 0.79395157
vn -0.45107248 -0.041613322 0.89151663
vn -0.4541308 -0.0017283605 0.89093333
vn -0.58777308 0.041244209 0.8079738
vn -0.57390302 0.13341124 0.80798316
vn -0.4962908 -0.064078234 0.86578834
vn -0.52290183 -0.048234079 0.85102713
vn -0.52289987 -0.048246976 0.85102761
vn -0.54616916 -0.15816255 0.82260793
vn -0.57390487 0.13341013 0.80798203
vn -0.57390296 0.13341084 0.80798322
vn -0.43240634 -0.098115012 0.89632481
vn -0.42547199 -0.12321448 0.89654434
vn -0.54578006 0.22201155 0.80798203
vn -0.42546761 -0.12320939 0.89654714
vn -0.54577851 0.22201033 0.8079834
vn -0.54577994 0.22200996 0.80798256
vn -0.50127751 -0.14517181 0.85302168
vn -0.49441391 -0.16411813 0.85359251
vn -0.50768471 -0.26440907 0.8199659
vn -0.50407004 0.30508381 0.80798346
vn -0.40528926 -0.1810762 0.8960759
vn -0.38886148 -0.20249973 0.89876616
vn -0.38885128 -0.20251958 0.8987661
vn -0.50407249 0.30508256 0.80798239
vn -0.50406992 0.30508304 0.80798382
vn -0.4668633 -0.24316195 0.85024166
vn -0.45543864 -0.26179841 0.85090381
vn -0.43913302 -0.35727268 0.82432908
vn -0.44981745 0.38056356 0.80798244
vn -0.3976 -0.28663436 0.87163925
vn -0.33698624 -0.27416977 0.90070593
vn -0.3369869 -0.27416894 0.90070593
vn -0.44981599 0.38056391 0.8079831
vn -0.44981745 0.38056374 0.80798239
vn -0.41297507 -0.33597973 0.84650409
vn -0.39635786 -0.35356322 0.84728593
vn -0.38436681 0.44657102 0.80798298
vn -0.38436687 0.44657105 0.80798292
vn -0.35685256 -0.42629761 0.83121997
vn -0.38436818 0.4465709 0.80798239
vn -0.30924436 -0.3398214 0.88819444
vn -0.29464394 -0.35198456 0.888421
vn -0.30934963 0.50146407 0.80798304
vn -0.30935055 0.50146455 0.80798239
vn -0.29464051 -0.35197386 0.88842636
vn -0.23577464 -0.42858607 0.87219512
vn -0.33743814 -0.45846251 0.82216036
vn -0.23577598 -0.42858523 0.87219512
vn -0.30934775 0.50146413 0.8079837
vn -0.21957438 -0.37348828 0.90127331
vn -0.20867987 -0.37932596 0.90142363
vn -0.22663361 0.5438748 0.80798358
vn -0.20867801 -0.37932891 0.9014228
vn -0.15054139 -0.48409343 0.86196917
vn -0.23434508 -0.5112626 0.82685727
vn -0.15054016 -0.4840939 0.86196911
vn -0.2266344 0.54387534 0.80798298
vn -0.22663349 0.5438754 0.80798322
vn -0.1382769 0.57275039 0.80798298
vn -0.15063266 -0.43988389 0.88533157
vn -0.13345869 -0.42916521 0.8933118
vn -0.1334594 -0.42916498 0.8933118
vn -0.051106662 -0.49533045 0.86720002
vn -0.1298265 -0.5487619 0.82583624
vn -0.13826749 0.57275307 0.80798268
vn -0.13827632 0.5727523 0.80798173
vn -0.048286002 0.61023378 0.79074854
vn -0.035982747 0.58871537 0.80753917
vn 0.0456906 0.61030835 0.79084516
vn 0.25482729 0.53888696 0.80290967
vn 0.012956165 -0.59065318 0.80682153
vn 0.09086854 -0.56036943 0.82324296
vn 0.043152947 0.55957943 0.82765251
vn 0.0017583917 0.56030756 0.82828277
vn 0.12833381 0.58619136 0.7999438
vn 0.10274978 0.57670724 0.81046361
vn 0.12327072 0.55402988 0.82331961
vn 0.090867087 -0.5603689 0.8232435
vn 0.1663412 -0.56713063 0.8066557
vn 0.10232451 -0.57289237 0.8132183
vn 0.16626258 -0.56713885 0.8066662
vn 0.25482911 0.53888524 0.80291021
vn 0.12326916 0.55403 0.82331979
vn 0.25003979 -0.54939383 0.79727441
vn 0.25000191 -0.54942977 0.79726154
vn 0.1935607 0.59411728 0.78074253
vn 0.19759034 0.58431309 0.78710628
vn 0.16626649 -0.56714159 0.80666339
vn 0.19759248 0.5843088 0.7871089
vn 0.22377904 -0.57022136 0.79042429
vn 0.19439478 -0.59918016 0.7766555
vn 0.24613661 0.57829201 0.77781433
vn 0.24613269 0.57822448 0.77786577
vn 0.22365586 -0.57023883 0.79044652
vn 0.27731338 -0.56234044 0.77901894
vn 0.24801898 -0.63191909 0.73427844
vn 0.24825329 -0.63678139 0.72998619
vn 0.24200289 0.56897146 0.78594279
vn 0.27720454 0.5666455 0.77593201
vn 0.2491094 0.62952179 0.73596656
vn 0.2420111 0.5689702 0.78594118
vn 0.24825326 -0.63678062 0.72998685
vn -0.64709121 -0.083548725 0.7578209
vn -0.65282637 -0.0096093724 0.75744665
vn -0.63631296 -0.14438237 0.75779915
vn -0.64709133 -0.083548948 0.75782079
vn -0.61928385 -0.20556806 0.75777918
vn -0.63631326 -0.1443831 0.75779873
vn -0.59577292 -0.26618099 0.75776136
vn -0.61928445 -0.20556983 0.75777823
vn -0.56573898 -0.32520199 0.75774872
vn -0.59577256 -0.26617959 0.75776213
vn -0.52934414 -0.38161018 0.75773907
vn -0.56573904 -0.32520247 0.75774848
vn -0.48697144 -0.43439329 0.7577343
vn -0.52934408 -0.3816098 0.75773925
vn -0.43920735 -0.48263466 0.75773388
vn -0.48697144 -0.43439361 0.75773412
vn -0.38681766 -0.52555233 0.75773799
vn -0.43920723 -0.48263544 0.75773346
vn -0.33071521 -0.56253493 0.75774795
vn -0.3868182 -0.52555043 0.75773901
vn -0.27189648 -0.59318727 0.75776064
vn -0.33071503 -0.56253541 0.75774765
vn -0.21139422 -0.61732239 0.75777668
vn -0.27189606 -0.59318805 0.75776017
vn -0.15022011 -0.63496339 0.75779641
vn -0.2113947 -0.61732173 0.75777715
vn -0.089315526 -0.64632446 0.75781757
vn -0.15021963 -0.63496393 0.75779605
vn -0.0071028182 -0.63002628 0.77654135
vn -0.0071008815 -0.63002336 0.77654368
vn -0.038563766 -0.65109926 0.75801229
vn -0.089315586 -0.6463244 0.75781757
vn -0.60598028 0.034699231 0.79472256
vn -0.60447133 -0.078590572 0.79274076
vn 0.22244264 -0.31656557 0.92212009
vn -0.0060669971 -0.63002765 0.77654898
vn 0.21908803 -0.31677273 0.9228518
vn 0.22123383 -0.307677 0.92541367
vn 0.21101287 0.25198394 0.94444567
vn 0.22309707 0.54952842 0.8051374
vn 0.22616358 0.47844347 0.84849387
vn 0.226164 0.4784624 0.84848309
vn 0.21511784 0.36352342 0.90640777
vn 0.2231749 0.29562378 0.92887002
vn 0.22621784 -0.57686204 0.78489214
vn 0.23700033 -0.5517996 0.79959244
vn 0.22414863 0.36269864 0.90454799
vn 0.20843634 0.41374308 0.88621157
vn 0.22993645 -0.43601292 0.8700701
vn 0.21871755 -0.47522464 0.85224652
vn 0.22993653 -0.43601593 0.87006855
vn 0.21908739 -0.31677839 0.92285001
vn 0.26807117 0.64466029 0.71592665
vn 0.26260054 0.74169338 0.6171968
vn 0.29612035 0.62414074 0.72302222
vn 0.30624834 0.60111898 0.73815173
vn 0.26730666 -0.68817919 0.67450464
vn 0.30717 -0.60330039 0.73598588
vn 0.0078714322 0.61093056 0.79164505
vn 0.0078709889 0.61092901 0.79164624
vn 0.066762738 0.69802564 0.71295363
vn 0.11630616 0.69466376 0.7098698
vn -0.0060666362 -0.63003057 0.7765466
vn 0.06116116 -0.70075792 0.71077257
vn 0.116588 -0.69709027 0.70744073
vn 0.11640654 0.69472843 0.70979005
vn 0.202186 0.6845544 0.70036143
vn 0.11664985 -0.6971302 0.70739114
vn 0.20463265 -0.71121866 0.67252773
vn 0.21787108 -0.68449384 0.69570136
vn 0.2910504 0.62176079 0.7271198
vn -0.035657465 0.61056095 0.79116613
vn 0.29210627 -0.69913203 0.65260118
vn 0.33030987 -0.61546451 0.7156108
vn 0.18130517 0.057602465 0.98173845
vn 0.18125214 -0.062312588 0.98146057
vn 0.21430376 -0.43760565 0.87325549
vn 0.21718472 -0.42424542 0.87911695
vn -0.60598642 0.034699693 0.79471779
vn -0.73005015 0.065560646 0.68024158
vn -0.71438944 0.16606866 0.67975652
vn -0.6793831 0.27635646 0.6797542
vn -0.71439135 0.16607068 0.67975402
vn -0.67938203 0.27635491 0.67975587
vn -0.62746322 0.37976551 0.67975587
vn -0.62746358 0.37976617 0.67975521
vn -0.5599286 0.47372225 0.67975521
vn -0.47845775 0.55588913 0.67975396
vn -0.55992907 0.47372374 0.67975384
vn -0.47845766 0.55588841 0.67975461
vn -0.38507694 0.62421882 0.67975479
vn -0.38507691 0.62421966 0.67975408
vn -0.2821123 0.67701346 0.67975396
vn -0.17212483 0.71295571 0.67975527
vn -0.2821126 0.67701191 0.67975539
vn -0.069619827 0.72973555 0.68017578
vn -0.03565735 0.61055946 0.79116732
vn -0.17212538 0.71295422 0.6797567
vn -0.60447723 -0.078586735 0.79273665
vn 0.25961551 0.3594076 0.89634031
vn 0.20898543 0.46235564 0.86171478
vn 0.16940236 0.16529052 0.9715873
vn 0.17361087 0.054416873 0.98330975
vn 0.16860376 -0.21027407 0.9629941
vn 0.17457712 -0.08199957 0.98122317
vn 0.15378548 -0.051983852 0.98673588
vn 0.19474173 -0.17478444 0.96515596
vn 0.15353809 0.076534338 0.98517436
vn 0.22768 -0.43625349 0.87054276
vn 0.20803459 -0.47462338 0.85525101
vn 0.21980521 0.70649433 0.67271948
vn 0.28606367 0.6935187 0.6612106
vn 0.31531468 -0.68882805 0.65275764
vn 0.28792676 -0.7435078 0.60356802
vn -0.80623591 0.029873725 0.59083945
vn -0.80653393 0.012390326 0.59105796
vn 0.21289353 0.47991812 0.85109043
vn 0.21350256 -0.43764108 0.87343401
vn 0.22659181 -0.55288041 0.80185997
vn 0.22659181 -0.55287939 0.80186063
vn 0.21919253 -0.57775652 0.78622645
vn 0.22768135 -0.43625033 0.87054402
vn -0.0028319475 0.81140071 0.58448339
vn -0.037625331 0.81082946 0.58407187
vn 0.23152396 0.59750336 0.76771504
vn 0.23538375 0.64592546 0.72620577
vn 0.23524898 0.64994586 0.72265363
vn 0.23450716 -0.67863572 0.69603157
vn 0.2477544 -0.65127373 0.71725887
vn 0.0091505488 -0.85657126 0.51594764
vn -0.02656889 -0.85630471 0.51578707
vn 0.30526671 0.69414693 0.65189898
vn 0.33204222 0.68769318 0.64562064
vn 0.30100855 -0.76970226 0.56298512
vn 0.34513634 -0.68630683 0.6402061
vn 0.1813222 0.30067566 0.93633133
vn 0.19064626 0.19765045 0.96155512
vn 0.2128951 0.47990927 0.85109502
vn 0.15347403 -0.082036763 0.98474145
vn 0.15398756 -0.0063857026 0.98805213
vn 0.1265029 0.076484606 0.9890132
vn -0.79759604 -0.10298131 0.59433615
vn -0.80515385 0.012446614 0.59293538
vn -0.78429836 -0.17796177 0.59431112
vn -0.79759556 -0.10298084 0.59433687
vn -0.76329613 -0.25337413 0.59428996
vn -0.78429705 -0.17796032 0.59431326
vn -0.73430866 -0.32807481 0.59427077
vn -0.76329565 -0.2533735 0.59429085
vn -0.69728661 -0.40081966 0.59425163
vn -0.73431021 -0.32807729 0.59426749
vn -0.65242499 -0.47034013 0.59424055
vn -0.69728661 -0.40081975 0.59425151
vn -0.60019654 -0.53539389 0.59423691
vn -0.65242428 -0.4703382 0.59424287
vn -0.54132688 -0.59485257 0.5942353
vn -0.6001969 -0.53539515 0.59423542
vn -0.47675917 -0.64774871 0.59424096
vn -0.54132688 -0.59485239 0.59423548
vn -0.40761378 -0.69333762 0.59425074
vn -0.4767592 -0.64774966 0.59423989
vn -0.33512035 -0.73112267 0.59426755
vn -0.40761384 -0.69333643 0.59425211
vn -0.2605536 -0.76087713 0.59428763
vn -0.33512041 -0.73112231 0.59426796
vn -0.18515499 -0.78263235 0.59430987
vn -0.2605533 -0.76087821 0.59428638
vn -0.11008851 -0.79664588 0.59433651
vn -0.18515542 -0.78263128 0.59431118
vn -0.026568949 -0.85630602 0.51578492
vn -0.0066942852 -0.80483812 0.59345669
vn -0.11008856 -0.79664576 0.59433663
vn 0.0091501921 -0.85657257 0.51594543
vn 0.20935532 -0.30924541 0.92765164
vn 0.17775691 -0.35140258 0.91919458
vn -0.80624473 0.029871931 0.59082747
vn -0.80653089 0.013533728 0.59103698
vn 0.22768879 -0.43620375 0.87056541
vn 0.20760201 -0.5552789 0.80533642
vn 0.33179781 0.73033607 0.59709251
vn 0.31780592 0.73410767 0.60007107
vn 0.32923096 -0.79267097 0.51310796
vn 0.36823103 -0.7215417 0.58633053
vn 0.21289417 0.47992849 0.85108441
vn 0.20659256 -0.5639509 0.79954922
vn 0.21085459 -0.55488247 0.80476445
vn -0.0028330435 0.81140012 0.58448422
vn -0.0028311368 0.81140476 0.58447778
vn -0.0028317359 0.81140262 0.58448076
vn 0.076185875 0.87174171 0.48400632
vn 0.13202675 0.8665539 0.48130369
vn 0.13951446 0.11243735 0.98381579
vn 0.13523173 0.19996709 0.97042543
vn 0.0091498317 -0.85656953 0.51595056
vn 0.022153843 -0.87558812 0.4825502
vn 0.13210571 -0.86798143 0.47870275
vn 0.1324065 -0.2118493 0.96829146
vn 0.13627453 -0.20329538 0.96958768
vn 0.14034222 -0.1267564 0.98195565
vn 0.11696142 -0.061121501 0.99125385
vn 0.11140697 -0.053829625 0.99231589
vn 0.13178077 0.8664543 0.48155043
vn 0.22824043 0.85077977 0.47337097
vn 0.13188219 -0.86789083 0.47892857
vn 0.22850603 -0.86582094 0.4451282
vn 0.2408451 -0.84951323 0.46938348
vn -0.037625309 0.81083137 0.58406919
vn 0.014849938 -0.85651094 0.51591522
vn 0.11138904 0.056869771 0.99214834
vn 0.22634675 0.59825468 0.76867318
vn 0.22634679 0.5982579 0.76867068
vn 0.20807312 0.6792565 0.70378703
vn 0.2468109 0.67333776 0.6969223
vn 0.19673677 0.60218841 0.77373362
vn 0.21593428 0.5489713 0.80746698
vn 0.21550675 -0.55430543 0.80392933
vn 0.21540013 -0.6815334 0.69936758
vn 0.21941687 -0.66866779 0.71045029
vn 0.21941684 -0.66866982 0.71044838
vn -0.82227129 0.031084487 0.56824619
vn -0.80067796 0.18612927 0.5694477
vn -0.76144189 0.30973473 0.56944764
vn -0.80067652 0.18612882 0.56944984
vn -0.76144862 0.30973801 0.56943685
vn -0.70325822 0.42564017 0.56943685
vn -0.70326602 0.42564565 0.56942308
vn -0.62757087 0.53095156 0.56942534
vn -0.53624129 0.62302345 0.56946206
vn -0.62755322 0.53093445 0.56946069
vn -0.53624791 0.62303227 0.56944621
vn -0.4315874 0.69961441 0.56944889
vn -0.4315885 0.69961649 0.56944543
vn -0.31618762 0.75878489 0.56944788
vn -0.19291647 0.79907215 0.56944436
vn -0.31618947 0.75879037 0.56943959
vn -0.19291833 0.79908311 0.56942838
vn -0.037625477 0.81083345 0.58406627
vn -0.039263695 0.8218931 0.56828701
vn -0.80620992 0.031015351 0.59081602
vn -0.80652416 0.013531828 0.59104627
vn -0.89602196 0.081536442 0.436459
vn -0.80621028 0.031016488 0.59081554
vn -0.80619997 0.031014603 0.59082973
vn -0.87658978 0.20377596 0.43596533
vn -0.83363199 0.33910039 0.43596858
vn -0.87658858 0.20377435 0.4359684
vn -0.8336336 0.33910358 0.43596303
vn -0.76992726 0.4659918 0.43596286
vn -0.76992667 0.46598977 0.43596616
vn -0.68705827 0.58127803 0.43596646
vn -0.58708853 0.68210077 0.43596515
vn -0.68705839 0.58127874 0.43596539
vn -0.58708858 0.68210018 0.43596604
vn -0.47250617 0.76594514 0.4359656
vn -0.47250611 0.76594543 0.43596506
vn -0.34616488 0.83072525 0.43596491
vn -0.21120532 0.87482929 0.43596566
vn -0.34616509 0.83072466 0.43596593
vn -0.21120527 0.87482935 0.43596554
vn -0.038380656 0.8108055 0.58405596
vn -0.084593721 0.89579195 0.43634933
vn 0.24305905 0.74536407 0.62076944
vn 0.11156692 -0.0013415474 0.993756
vn 0.090818368 0.056783244 0.99424732
vn 0.11135794 -0.061108772 0.99189973
vn -0.80651391 0.01353026 0.59106022
vn 0.29286069 -0.73781061 0.60816783
vn 0.24108662 -0.77333814 0.58636618
vn 0.25709918 -0.74523246 0.61524671
vn 0.1967359 0.60219193 0.77373111
vn 0.089507103 0.11288156 0.98956871
vn 0.31733039 0.84179068 0.4366805
vn 0.24111092 0.86174595 0.44638491
vn 0.093750544 -0.12731127 0.98742223
vn 0.089008875 -0.13750683 0.98649341
vn 0.091860794 -0.031852063 0.99526232
vn 0.34063315 -0.83578795 0.43061304
vn 0.31495106 -0.86965287 0.38014436
vn -0.80652457 0.013529823 0.59104568
vn -0.8933847 -0.045498442 0.44698283
vn -0.88728678 -0.11456125 0.44676375
vn -0.88728851 -0.11456324 0.44675991
vn -0.87248749 -0.19797109 0.44673604
vn -0.87248689 -0.19797032 0.44673747
vn -0.84911668 -0.28186151 0.44671577
vn -0.84911823 -0.28186414 0.44671115
vn -0.81686527 -0.3649615 0.44669253
vn -0.81686246 -0.3649556 0.44670251
vn -0.77567011 -0.44587678 0.44668755
vn -0.77567154 -0.44588062 0.44668123
vn -0.72576565 -0.52321064 0.44667092
vn -0.72576553 -0.52321017 0.44667161
vn -0.66766435 -0.59557831 0.44666627
vn -0.66766423 -0.59557736 0.44666779
vn -0.60217649 -0.66171873 0.44666746
vn -0.60217643 -0.66171753 0.44666928
vn -0.53035104 -0.72056228 0.44667417
vn -0.53035092 -0.72056437 0.44667089
vn -0.45343649 -0.77127904 0.44668105
vn -0.4534364 -0.77127963 0.44668016
vn -0.37279615 -0.81331837 0.44669485
vn -0.37279657 -0.81331688 0.44669721
vn -0.28984743 -0.8464241 0.44671544
vn -0.2898472 -0.84642476 0.44671443
vn -0.20597486 -0.87063271 0.44673598
vn -0.2059744 -0.87063354 0.44673458
vn -0.12246856 -0.88623261 0.4467586
vn -0.12246873 -0.88623232 0.44675905
vn 0.012917662 -0.89534789 0.44518
vn 0.21085475 -0.55488169 0.80476493
vn 0.043348063 -0.85580182 0.51548445
vn -0.018806018 -0.8564555 0.5158782
vn 0.34172761 0.75708997 0.55680966
vn 0.28918704 0.77067083 0.56783563
vn 0.32163057 -0.76443905 0.55873674
vn 0.28226191 -0.82675743 0.48662132
vn 0.12818284 0.19021975 0.97333735
vn 0.092800677 0.12127358 0.98827159
vn 0.089256309 0.1911422 0.97749579
vn 0.056442607 0.057855338 0.99672812
vn 0.056427207 -0.06281919 0.99642849
vn 0.15102923 0.26515326 0.95230454
vn 0.14240699 0.34290785 0.92851198
vn 0.20332184 0.33658391 0.91944087
vn 0.0882046 -0.2251516 0.97032297
vn 0.098471075 -0.20437191 0.97392792
vn 0.19084436 0.41696748 0.88865995
vn 0.1914638 -0.67269194 0.71472174
vn 0.21206522 0.60022885 0.77120274
vn 0.1924209 0.64330745 0.7410329
vn 0.056321133 -0.087940872 0.99453223
vn 0.034180492 0.057814483 0.99774206
vn 0.056428175 -0.06281919 0.99642843
vn 0.36743775 0.77922708 0.50773484
vn 0.33890867 0.78822684 0.51365298
vn 0.18433663 -0.67362291 0.71571791
vn 0.19456464 -0.6539886 0.73105645
vn 0.19987412 0.55377281 0.80832297
vn 0.21318504 0.49336973 0.84329027
vn 0.14288427 -0.35503638 0.92386866
vn 0.14303713 -0.35473704 0.92395997
vn 0.15201682 -0.27792838 0.94849706
vn 0.33014411 -0.84835511 0.4138822
vn 0.3766368 -0.77769196 0.50332886
vn 0.19063257 -0.42933545 0.88279688
vn 0.041472483 0.089104131 0.99515855
vn 0.040661491 0.12161339 0.99174434
vn 0.039514624 -0.039913312 0.99842149
vn 0.038981602 -0.059146732 0.9974879
vn 0.044472359 -0.13786831 0.98945165
vn 0.02358661 -0.17675245 0.98397267
vn 0.20587057 -0.56416959 0.79958111
vn 0.19235255 -0.58895117 0.78494394
vn 0.21194881 -0.50522947 0.83655298
vn 0.01255051 0.014954051 0.99980938
vn 0.012532823 -0.059183244 0.99816847
vn 0.0052612522 0.12310486 0.99237972
vn 0.0016083993 0.089177161 0.99601448
vn 0.0016086078 0.089180745 0.99601418
vn -1.23113e-06 0.014955229 0.99988818
vn -1.20071e-06 -0.12310646 0.99239349
vn -1.5319318e-14 0.12053642 0.99270892
vn 0.011396799 -0.059184048 0.998182
vn 0.096029617 0.20968841 0.97304118
vn 0.091210641 0.26784387 0.95913517
vn 0.025916513 0.089147322 0.99568123
vn 0.0072908252 0.97796422 0.20864528
vn -0.053244464 0.97660291 0.20835486
vn -0.97690552 0.047800098 0.20825648
vn -0.97792572 -0.014137565 0.20847398
vn 0.011396392 -0.059187878 0.99818182
vn 0.00045554637 -0.17680137 0.98424643
vn 0.088916264 -0.31106895 0.94621879
vn 0.10521244 -0.28029355 0.95413095
vn 0.036520153 0.21062204 0.9768852
vn 0.03831283 0.20617498 0.97776479
vn 0.038312547 0.20617995 0.97776377
vn 0.21826383 0.71712661 0.66188389
vn 0.2182638 0.71712786 0.66188258
vn 0.20218666 0.77754807 0.59543228
vn 0.25515589 0.76817018 0.58720529
vn 0.21311972 -0.66961461 0.71147472
vn 0.2131197 -0.66962928 0.71146089
vn 0.20215146 -0.78462785 0.58608353
vn 0.20365052 -0.77978462 0.59199864
vn 0.33952352 0.86070067 0.37936538
vn 0.35985863 0.85368675 0.37645814
vn 0.042145461 -0.17664461 0.98337197
vn 0.028993331 -0.226079 0.9736774
vn 0.17216687 0.72387105 0.66810876
vn -0.00071769091 0.20633033 0.97848213
vn 0.35224795 -0.88755012 0.29694468
vn 0.3886846 -0.84399402 0.36959213
vn 5.6090121e-24 2.9999999e-15 1
vn -3.0415293e-14 0.23931555 0.97094184
vn 3.0415293e-14 -0.23931555 0.97094184
vn -0.00071749772 0.20632643 0.97848296
vn -0.97792554 -0.014137556 0.20847501
vn -0.96230751 -0.002962484 0.27194762
vn -0.95424753 -0.12320874 0.27245411
vn -0.95424831 -0.12321026 0.27245066
vn -0.93832278 -0.21290872 0.27243388
vn -0.93832308 -0.2129094 0.27243236
vn -0.91318184 -0.30313 0.27241725
vn -0.91318095 -0.3031272 0.27242339
vn -0.87849003 -0.39248943 0.27241015
vn -0.87849069 -0.39249212 0.27240425
vn -0.83418566 -0.47951639 0.2723937
vn -0.83418524 -0.47951332 0.27240035
vn -0.7805109 -0.56267655 0.27239284
vn -0.7805109 -0.56267774 0.27239028
vn -0.71802676 -0.64050233 0.27238628
vn -0.71802676 -0.64050311 0.27238467
vn -0.64760005 -0.71163255 0.27238446
vn -0.64759988 -0.71163362 0.27238202
vn -0.57035691 -0.77491874 0.2723856
vn -0.57035762 -0.77491617 0.27239141
vn -0.48764125 -0.82946092 0.27239785
vn -0.48764086 -0.82946193 0.27239552
vn -0.40092129 -0.87467557 0.27240551
vn -0.4009212 -0.87467569 0.27240518
vn -0.31171587 -0.91028661 0.27241784
vn -0.31171605 -0.91028637 0.2724185
vn -0.22151646 -0.93632823 0.27243319
vn -0.22151691 -0.93632776 0.27243459
vn -0.13171087 -0.95311213 0.27245101
vn -0.063991241 -0.98554486 0.1568643
vn -0.063986622 -0.98553908 0.15690266
vn -0.018806126 -0.85645789 0.51587427
vn -0.13171022 -0.95311272 0.27244923
vn -0.015507291 -0.96216476 0.2720266
vn -0.97690529 0.047800172 0.20825751
vn 0.043347653 -0.8558042 0.51548052
vn 0.18433474 -0.67362899 0.71571273
vn 0.00045553525 -0.17680168 0.98424637
vn 0.19886917 0.4966175 0.84487993
vn 0.2034096 0.48827842 0.84865111
vn 0.24798971 0.83280683 0.49490792
vn 0.3152079 0.81653953 0.48363948
vn 0.24443418 -0.85656691 0.45447233
vn 0.2626465 -0.83133954 0.48978704
vn 0.14193176 0.34221056 0.92884195
vn 0.1007231 0.29615748 0.94981349
vn 0.094800286 0.34525657 0.93370807
vn 0.19757541 -0.50855792 0.83805299
vn 0.20247823 -0.49967244 0.84221733
vn 0.032895342 0.32040641 0.94670886
vn 0.032894958 0.32041037 0.94670749
vn 0.046998098 0.2976709 0.953511
vn 0.036171593 0.20619328 0.97784251
vn 0.0072908774 0.97796476 0.20864272
vn 0.009334391 0.98435014 0.17597641
vn -0.23115686 0.94646931 0.22530505
vn 0.13416745 0.96390802 0.22995749
vn 0.048587818 -0.98639643 0.15703915
vn -0.00038564997 -0.29194164 0.95643604
vn 0.043023963 -0.29167137 0.95555049
vn 0.046724636 -0.9856109 0.1624437
vn 0.048588477 -0.98640251 0.15700081
vn 0.1341183 -0.96516538 0.22465092
vn 0.13586375 -0.96406877 0.22828145
vn -0.45572424 -0.86634302 0.20436524
vn -4.506776e-14 0.35460502 0.93501621
vn -0.053244453 0.97660345 0.2083523
vn -0.00071749772 0.20632826 0.97848254
vn 0.005181089 0.36185226 0.93222106
vn 0.0010128955 0.32058343 0.94721973
vn 0.0010128042 0.32057974 0.94722098
vn 0.0054108487 -0.36185196 0.93221986
vn -0.00038564997 -0.29194564 0.95643485
vn -0.0003855612 -0.29194802 0.95643413
vn 0.043024607 -0.29167533 0.95554924
vn 0.2364153 0.94590378 0.22220218
vn 0.13581088 0.96455115 0.22626637
vn 0.034399945 -0.31249866 0.9492951
vn 0.043024309 -0.29167831 0.95554835
vn 0.23491469 -0.95274353 0.1926001
vn 0.24258773 -0.94479823 0.22024418
vn 0.090491854 -0.39510873 0.91416645
vn 0.11243526 -0.35692599 0.92734146
vn -0.98801875 0.048683234 0.14645435
vn -0.96348697 0.22397275 0.14672802
vn -0.96348566 0.22397469 0.14673352
vn -0.9162699 0.37271819 0.14673311
vn -0.91627026 0.37271783 0.14673193
vn -0.96348083 0.22399616 0.14673245
vn -0.84624898 0.51218301 0.14673524
vn -0.84625047 0.51218188 0.14673068
vn -0.84624898 0.51218361 0.14673319
vn -0.75516516 0.63890105 0.14673443
vn -0.75516605 0.63890052 0.14673214
vn -0.6452865 0.74971658 0.14673246
vn -0.6452871 0.74971634 0.14673099
vn -0.7551623 0.63890535 0.14673054
vn -0.51934516 0.84187287 0.14673345
vn -0.51934737 0.84187245 0.14672805
vn -0.51934278 0.84187448 0.14673254
vn -0.38047916 0.91307437 0.14673382
vn -0.38048038 0.91307425 0.14673132
vn -0.23214193 0.96155065 0.14673282
vn -0.23214337 0.96155083 0.14672929
vn -0.38047612 0.9130764 0.14672905
vn -0.053244341 0.97660208 0.20835893
vn -0.078033887 0.98609364 0.14673136
vn -0.078032009 0.98609358 0.14673266
vn -0.97541273 0.073024459 0.20793623
vn -0.97541428 0.073019698 0.20793049
vn -0.97791332 0.015035328 0.20846932
vn 0.04008754 0.97720319 0.20848718
vn 0.18150081 0.64673471 0.74080473
vn 0.20193453 0.57535994 0.79258019
vn 0.1753369 0.72346127 0.66772807
vn 0.17085831 0.7319414 0.65959781
vn 0.1843373 -0.67361391 0.71572626
vn 0.30852008 0.85357589 0.41978991
vn 0.3699539 0.83394581 0.40947348
vn 0.33962294 -0.84536719 0.41232342
vn 0.29748613 -0.89578503 0.33025932
vn 0.18372716 -0.65743953 0.73076504
vn 0.17388526 -0.67276525 0.71913201
vn 0.16618586 -0.79002792 0.5901171
vn 0.14410181 0.49824151 0.85497957
vn 0.15995687 0.41798809 0.89425933
vn 0.2412892 0.95086569 0.19399489
vn 0.32715291 0.92577147 0.18952078
vn 0.1601363 -0.4301123 0.88845921
vn 0.14306912 -0.50987864 0.84826589
vn 0.1441014 -0.50819826 0.8490991
vn 0.32189891 -0.93655646 0.13871963
vn 0.33680901 -0.92275536 0.18730251
vn 0.35764018 0.88481808 0.29864779
vn 0.38361934 0.87493372 0.29551166
vn 0.34449628 -0.91562432 0.20725434
vn 0.38744769 -0.87417674 0.29274446
vn 0.044010267 0.3202647 0.94630522
vn 0.03297269 0.38346437 0.9229669
vn 0.10559534 0.38071665 0.91864276
vn 0.17532961 0.72348082 0.66770881
vn 0.18534553 0.72213131 0.66646332
vn 0.098492555 0.42355472 0.90050018
vn -0.97791511 0.015035255 0.20846093
vn -0.99724853 -0.06864024 0.027998466
vn -0.99137777 -0.12800433 0.028018052
vn -0.97520989 -0.22127917 -0.0010768869
vn -0.9822374 -0.06760525 0.17504063
vn -0.97002929 -0.24298488 -0.0012175929
vn -0.96835226 -0.24255782 -0.058818493
vn -0.96835148 -0.24256082 -0.058818486
vn -0.94363433 -0.31323609 0.10694586
vn -0.89451772 -0.44476494 0.044969071
vn -0.91208243 -0.40750027 0.045267358
vn -0.89343339 -0.44423306 -0.066586621
vn -0.89343256 -0.4442347 -0.066586614
vn -0.86316657 -0.49617258 0.09357506
vn -0.77679765 -0.62479931 0.078811444
vn -0.80863684 -0.58295399 0.079189986
vn -0.77741373 -0.62533712 -0.067686148
vn -0.74453616 -0.66415036 -0.067603193
vn -0.66996759 -0.73621309 0.095570326
vn -0.77702725 -0.62502295 0.074665383
vn -0.77699894 -0.62505811 0.0746658
vn -0.62538046 -0.77746856 -0.066647589
vn -0.59145552 -0.80358082 -0.06662029
vn -0.62590396 -0.77812064 0.052654296
vn -0.62590683 -0.77811837 0.052654266
vn -0.50401509 -0.85731399 0.10479304
vn -0.44433865 -0.89364344 -0.062965192
vn -0.41585153 -0.90724868 -0.062986754
vn -0.445106 -0.89518857 0.022762461
vn -0.44510457 -0.89518923 0.022762472
vn -0.32185194 -0.93988562 0.11413334
vn -0.24266164 -0.96875691 -0.051238082
vn -0.22992249 -0.97185725 -0.051274739
vn -0.24294332 -0.96988696 -0.017258501
vn -0.13686991 -0.9904505 -0.016565599
vn -0.23547402 -0.94006723 0.24662833
vn -0.068638615 -0.99712443 0.032118395
vn -0.017219655 -0.9993403 0.03197556
vn 0.043863475 -0.98661846 0.15703523
vn -0.067823946 -0.98529488 0.15682456
vn -0.97541481 0.073020294 0.20792793
vn 0.16788612 -0.7426194 0.64832914
vn 0.14453556 -0.79464585 0.5896163
vn 0.15270381 -0.79177743 0.59141362
vn 0.20493282 -0.7841695 0.58573091
vn 0.14597271 0.79852933 0.58398879
vn 0.41992965 0.66690814 0.61554253
vn 0.18533918 0.72210777 0.66649067
vn 0.20156272 0.82316196 0.53082657
vn 0.2015627 0.82316214 0.53082627
vn 0.18923645 0.86536819 0.4640339
vn 0.25936401 0.85166401 0.45541051
vn 0.044196974 -0.39690799 0.9167937
vn 0.040855996 -0.40265632 0.91443896
vn 0.040856279 -0.40265441 0.9144398
vn 0.17684376 0.58164006 0.79399061
vn 0.17825216 -0.86871457 0.46212679
vn 0.20493054 -0.78416449 0.58573848
vn 0.20493071 -0.78416115 0.58574289
vn 0.17186376 -0.78924417 0.58953917
vn 0.15027051 -0.79710877 0.58483881
vn 0.11837376 -0.43422833 0.89299124
vn 0.091569528 -0.47658882 0.87434441
vn 0.00097810547 -0.4029907 0.91520357
vn 0.13099101 -0.82290542 0.55287254
vn 0.15315647 -0.79612672 0.58542746
vn 0.16788669 -0.61674845 0.76904839
vn 0.18455869 -0.5909279 0.7853294
vn 0.07716202 0.83790123 0.54034019
vn 0.12780306 0.99082327 0.043995634
vn 0.12780182 0.99082345 0.043995645
vn 0.1309448 0.99004638 0.051590942
vn 0.12780218 0.99082345 0.043994728
vn 0.13082136 -0.99023724 0.048124842
vn 0.13542981 -0.98937416 0.052891217
vn 0.13543138 -0.98937398 0.052891206
vn 0.0088133812 0.32056287 0.94718623
vn 0.12811719 0.99041563 0.051603459
vn 0.22354494 0.97253031 0.064903088
vn 0.2235494 0.9725287 0.064911924
vn 0.22354853 0.97252893 0.064911425
vn 0.23556511 0.96647668 0.10213663
vn 0.13488548 -0.99001276 0.040995292
vn 0.23075831 -0.96990585 0.077673607
vn 0.23075244 -0.96990752 0.07767038
vn 0.23430097 -0.96845955 0.084788822
vn 0.13488913 -0.99001229 0.040995274
vn -5.9063045e-14 0.46472362 0.88545579
vn 5.9063045e-14 -0.46472362 0.88545579
vn -0.00040734408 0.43034032 0.90266663
vn 0.048392646 0.42983615 0.90160912
vn 0.00097795704 -0.40299261 0.91520268
vn 0.15315464 0.73738825 0.65787709
vn 0.1821616 0.66015595 0.72870517
vn 0.24661209 0.90806603 0.33852407
vn 0.32991028 0.88495833 0.32864562
vn 0.36580127 0.92033142 0.13849002
vn 0.33241853 0.93269718 0.13990678
vn 0.36574239 -0.92058849 0.13692805
vn 0.24182582 -0.92304295 0.29918557
vn 0.25940785 -0.90595734 0.33458754
vn 0.077159554 0.83790249 0.54033858
vn 0.15106638 -0.74776924 0.64654475
vn 0.14673652 -0.75329262 0.64110732
vn 0.1718573 -0.78924817 0.58953577
vn 0.038113799 0.46640143 0.88375169
vn 0.048393838 0.42982984 0.9016121
vn 0.10910919 0.46278456 0.87973046
vn 0.29371202 0.95584935 -0.0092329904
vn 0.29371092 0.95584971 -0.0092329895
vn 0.32262221 0.94499964 0.053764883
vn 0.29371262 0.95584917 -0.0092326524
vn 0.2988545 -0.95428014 -0.0059522125
vn 0.3159419 -0.94876969 0.0040928605
vn 0.23195343 -0.96807587 0.095009089
vn 0.29884967 -0.95428163 -0.0059522106
vn 0.14315912 0.49681821 0.85596561
vn 0.10061032 0.50141567 0.85933685
vn 0.034601606 -0.50770968 0.86083311
vn 0.0345231 -0.50808567 0.86061436
vn 0.040520851 -0.47909158 0.87682915
vn 0.31279382 0.92592394 0.2117188
vn 0.37720537 0.90275985 0.20673837
vn 0.33658609 -0.91842741 0.20784828
vn 0.2996037 -0.94448751 0.13483691
vn 0.12172184 -0.51081479 0.85102999
vn 0.090712115 -0.5546717 0.82710975
vn -0.9976396 -0.068667158 2.0600147e-16
vn -0.99720967 0.074651875 -2.2395562e-16
vn -0.99718148 0.074649192 0.0075259735
vn -0.99930012 0.036642686 0.0075205187
vn -0.99763966 -0.068666428 1.6102025e-07
vn -0.99763978 -0.068665355 2.0599607e-16
vn -0.97003001 -0.24298505 7.2895518e-16
vn -0.97402871 0.22642329 0.00076541584
vn -0.9821645 0.18735687 -0.015822057
vn -0.97003168 -0.2429785 6.8379001e-07
vn -0.97003108 -0.24298078 -1.6250874e-07
vn -0.9700309 -0.24298149 7.2894448e-16
vn -0.97402316 0.22644711 0.00076541584
vn -0.92609233 0.37671325 -0.020979391
vn -0.91354477 0.40673661 -0.0011240178
vn -0.89542353 -0.44521534 1.335646e-15
vn -0.89542061 -0.44522119 -2.8664826e-07
vn -0.85547966 0.51777041 0.0082675321
vn -0.89541984 -0.44522282 1.3356685e-15
vn -0.89542049 -0.44522148 -3.9567988e-07
vn -0.85548085 0.51776844 0.0082675321
vn -0.77922136 -0.6267488 1.8802463e-15
vn -0.77920067 -0.62677449 -3.0705519e-07
vn -0.79641527 0.60451216 -0.016964866
vn -0.76342469 0.64588898 0.0031793728
vn -0.77920121 -0.62677389 -8.3553715e-08
vn -0.77920228 -0.62677252 -6.0337914e-07
vn -0.76342136 0.64589292 0.0031793728
vn -0.77917391 -0.62680775 1.8804233e-15
vn -0.65234274 0.75791389 -0.0039292444
vn -0.62677407 -0.77920103 2.3376032e-15
vn -0.62677342 -0.77920157 1.2932612e-07
vn -0.62677389 -0.77920121 -5.6418095e-08
vn -0.52501005 0.85106134 0.007681251
vn -0.63736928 0.7704469 -0.013115856
vn -0.62677628 -0.7791993 2.3375979e-15
vn -0.52501434 0.85105872 0.007681251
vn -0.44522211 -0.89542019 2.6862606e-15
vn -0.44522148 -0.89542049 -1.6385525e-07
vn -0.44522133 -0.89542055 -1.0935261e-07
vn -0.38463745 0.92305344 0.0051364154
vn -0.44456556 0.89557242 -0.017650302
vn -0.44521993 -0.89542127 2.6862638e-15
vn -0.24298081 -0.97003108 2.9100933e-15
vn -0.38463411 0.92305481 0.0051364154
vn -0.23467681 0.97204441 -0.0075117638
vn -0.24297951 -0.97003144 1.5501511e-08
vn -0.24297997 -0.97003132 -1.6893055e-07
vn -0.24297963 -0.97003138 2.9100941e-15
vn -0.078884117 0.9968617 0.0066366824
vn -0.22833765 0.97352207 -0.010801702
vn -0.080980413 -0.99671566 2.990147e-15
vn -0.06867329 -0.99762815 0.0046935254
vn -0.078887738 0.99688351 -3.9731672e-06
vn -0.07091964 0.99745995 0.0066364738
vn -0.068673685 -0.99763918 -3.3129454e-06
vn -0.012335372 -0.99977595 0.017202783
vn -0.068673953 -0.99763918 -3.4891475e-06
vn 0.039400402 0.99922353 -3.9824931e-06
vn 0.037871573 0.99928248 -0.00051828817
vn 0.04184898 -0.99912393 -3.317876e-06
vn 0.12582773 0.9920513 0.0012526602
vn 0.077161439 0.83789903 0.5403437
vn 0.17306881 0.82772541 0.53377694
vn 0.040236007 -0.99918985 0.00084890053
vn 0.13284837 -0.99113625 -0.00049520301
vn 0.13284706 -0.99113643 -0.00049513159
vn 0.12582859 0.99205118 0.0012526134
vn 0.13284883 -0.99113619 -0.0004955121
vn 0.15791458 0.66645813 0.72862649
vn 0.1791098 0.60421276 0.77643198
vn 0.12891369 0.99165565 0.00059509272
vn 0.12576436 0.99206012 -4.17548e-05
vn 0.12352873 -0.88194495 0.4548777
vn 0.087001443 -0.89684486 0.43370506
vn 0.18441422 -0.88481688 0.42789078
vn 0.12575102 0.99206185 -4.2246003e-05
vn 0.13298045 -0.9911164 0.0021161302
vn 0.12755825 -0.99182922 0.0019236618
vn 0.21858117 0.97581673 0.001986027
vn 0.22468242 -0.97443068 0.0016297192
vn 0.1598852 0.86402678 0.4773829
vn 0.10456758 0.88091207 0.46158373
vn 0.14532693 0.81099731 0.5667128
vn 0.17991489 -0.98367852 0.0026851839
vn 0.21325351 -0.97699487 0.0019751962
vn 0.22619107 -0.97389507 0.019131945
vn 0.17473029 0.98461151 0.0030758891
vn 0.20718618 0.97829884 0.0022871539
vn 0.22001661 0.97530973 0.019069737
vn -0.00070022262 -0.50838864 0.8611275
vn 0.14896955 -0.69267333 0.70569944
vn 0.16164756 -0.67595178 0.71899879
vn -0.00040726474 0.43033403 0.90266961
vn 0.27847758 0.96041852 0.0068179769
vn 0.21320277 0.97538733 -0.056250345
vn 0.22619104 -0.97389507 0.019131951
vn 1.6588937e-14 -0.13052613 -0.99144489
vn -1.6588929e-14 0.13052607 -0.99144489
vn -7.2196996e-14 0.56806499 0.82298368
vn 0.099120989 -0.88877749 0.44749257
vn 0.1665637 0.93688399 0.30741647
vn 0.1756037 0.91052991 0.37429747
vn 0.17560285 0.9105345 0.37428677
vn 0.25511456 0.91903478 0.30048573
vn 0.18440466 -0.88488412 0.42775577
vn 0.1646359 -0.93802035 0.30498016
vn 0.29281169 0.95602673 -0.016559258
vn -0.00040726474 0.43035233 0.90266091
vn 0.005478051 0.57866222 0.8155489
vn 0.00048601173 0.53405684 0.84544843
vn 0.00048607262 0.53405768 0.8454479
vn -0.00070022256 -0.50801373 0.86134869
vn -0.00070017902 -0.50838459 0.86112988
vn 0.0052722069 -0.57866287 0.81554979
vn 0.34158644 0.93839467 -0.052289244
vn 0.36876482 0.9280858 -0.051664669
vn 0.34158647 0.93839419 -0.052297384
vn 0.34159383 0.93839079 -0.052310612
vn 0.3654058 0.93072301 0.015274801
vn 0.35494328 0.93417215 0.036574218
vn 0.34363428 0.93904501 0.010483681
vn 0.36539656 0.93072659 0.015274636
vn 0.029356474 0.4301669 0.90227193
vn 0.36902148 -0.92939568 0.0068465038
vn 0.31002 -0.94560802 0.098554775
vn 0.34417146 -0.93750119 -0.051356286
vn 0.34417254 -0.93750066 -0.051359501
vn 0.344172 -0.93750089 -0.051358525
vn 0.34417096 -0.93750125 -0.051358547
vn 0.29736167 -0.95459723 -0.017894153
vn 0.24840966 -0.96790975 -0.037990998
vn 0.36465591 -0.93103307 0.0142635
vn 0.34362581 -0.93905771 0.0095858201
vn 0.36465269 -0.93103433 0.014263439
vn 0.04999518 -0.50774932 0.860053
vn 0.048277725 0.53343546 0.84446186
vn 0.14188416 0.61159545 0.77834433
vn 0.15505381 0.56951702 0.80722284
vn 0.29736644 -0.95459574 -0.01789414
vn 0.29281282 0.95602638 -0.016559254
vn 0.29736549 -0.95459604 -0.017893942
vn 0.32516104 0.9453674 -0.023468541
vn 0.28926319 0.95622414 -0.04429685
vn 0.069452815 0.92267132 0.37928084
vn 0.15547973 -0.61925423 0.76964295
vn 0.12974899 -0.65286404 0.74627995
vn 0.15394691 -0.58009022 0.79987228
vn 0.11466497 0.8195169 0.56146598
vn 0.1531138 0.74271154 0.65187091
vn 0.0450803 0.54573774 0.83674258
vn 0.11003578 0.54158688 0.83341217
vn 0.10003836 0.57666814 0.81083053
vn 0.35525811 0.93395668 0.038943954
vn 0.33322686 0.94205832 -0.038548131
vn 0.10764382 -0.82913184 0.54859203
vn 0.11095378 -0.82581687 0.55291569
vn 0.31532907 -0.94812024 -0.040442102
vn 0.34627271 -0.9373371 -0.038657855
vn 0.036653414 -0.55778867 0.82917327
vn 0.32522875 0.93585777 0.13563357
vn 0.23162344 0.96277332 0.13934891
vn 0.069447443 0.92267561 0.37927145
vn 0.22823054 -0.96641028 0.11816075
vn 0.23766525 -0.96161604 0.13714887
vn 0.35448131 -0.93494582 0.014808805
vn 0.32556528 -0.94479978 -0.03688696
vn 0.12207082 -0.58451748 0.8021459
vn 0.086923294 -0.62838125 0.77303386
vn 0.35527137 0.9339506 0.038967669
vn 0.086910374 -0.89691764 0.4335728
vn 4.8636283e-14 -0.3826831 -0.92387968
vn -4.8636263e-14 0.38268295 -0.92387974
vn 0.35448101 -0.93494594 0.014808875
vn 0.40232244 0.91505408 0.028507555
vn 0.33487427 0.93785381 -0.091046594
vn 0.2801438 0.95991266 0.0093373535
vn 0.22766104 0.97373635 0.0028259065
vn 0.17496721 0.98453444 0.0088543715
vn 0.2791833 -0.96020544 0.0078897029
vn 0.17988148 -0.98364913 0.0087777367
vn 0.21920608 -0.9756735 0.0031454198
vn 0.10541116 0.91975248 0.37807924
vn 0.052837048 0.94092155 0.33447707
vn 0.15018009 0.91441453 0.37588826
vn 0.33767933 -0.93708652 -0.088552259
vn 0.35414469 -0.93264323 -0.068979099
vn 0.33487624 0.93785334 -0.091044277
vn 0.36092296 0.93153101 -0.044548906
vn 0.36720285 0.92912406 -0.043480188
vn 0.36720505 -0.92912346 -0.043475047
vn 0.36092764 -0.93152946 -0.044543289
vn 0.1373916 -0.89178598 0.43109313
vn 0.12907736 0.74866867 0.65025711
vn 0.15870731 0.68114734 0.71473789
vn 0.35227546 0.93415642 -0.057041887
vn 0.35226968 0.93415862 -0.057041202
vn 0.29852885 0.95243144 -0.06127695
vn 0.29853085 0.95243096 -0.061274942
vn 0.35221758 0.93417805 -0.057044849
vn 0.27554879 0.95548856 -0.10542492
vn 0.12140523 -0.76532888 0.6320858
vn 0.12833074 -0.75780874 0.63973206
vn 0.3518413 -0.93438518 -0.055964623
vn 0.35184261 -0.9343847 -0.05596479
vn 0.35184109 -0.93438524 -0.055964869
vn 0.29569528 -0.95303285 -0.065518349
vn 0.28190568 -0.95614421 -0.079482593
vn 0.041433837 0.5335983 0.84472251
vn 0.094550319 0.93213123 0.34955907
vn 0.36899671 0.92254239 -0.11294679
vn 0.3338255 0.93155301 -0.1441163
vn 0.34392762 -0.93418372 -0.094945334
vn 0.0015692939 -0.60664326 0.79497266
vn 0.050944664 -0.6058566 0.79394108
vn 0.10395472 -0.93435067 0.34085515
vn 0.094722599 -0.91138685 0.40050173
vn 0.040050834 -0.9474377 0.31742349
vn 0.12691344 0.68758833 0.71492326
vn 0.14540036 0.64091855 0.75371224
vn 0.032584578 -0.96806794 0.24856128
vn 0.12701866 -0.96074128 0.24666269
vn 0.15390851 -0.98069263 0.1206407
vn 0.12842354 0.98416919 0.12214106
vn 0.13772489 0.96941477 0.20314249
vn 0.23484057 0.96463352 0.11971658
vn 0.15692061 -0.97714758 0.14338264
vn 0.13802579 -0.983109 0.12018991
vn 0.13773915 -0.69497079 0.70572203
vn 0.11372615 -0.72176087 0.68273538
vn 0.042848784 0.62970412 0.77565247
vn 0.10778699 0.61618334 0.78019232
vn 0.049834635 0.620498 0.78262299
vn 0.042849399 0.62970233 0.77565384
vn -8.4278125e-14 0.66312248 0.7485109
vn 8.4278098e-14 -0.6631223 0.74851108
vn 0.33319268 -0.93182987 -0.14379066
vn 0.35289109 -0.92432368 -0.14523636
vn 0.096281789 0.64784771 0.75566071
vn 0.33381638 0.9315564 -0.14411563
vn 0.33319375 -0.93182945 -0.14379093
vn 0.3858999 0.90912062 -0.15678303
vn 0.31896344 0.925134 -0.20588693
vn -2.8201253e-05 0.630283 0.77636546
vn 0.11481624 0.81770104 0.56407648
vn 0.042303454 0.91650188 0.39778724
vn 0.079697132 0.90958446 0.40780452
vn 0.038606655 -0.63154542 0.77437711
vn 0.050942503 -0.60586286 0.79393643
vn 0.079727761 -0.69709915 0.71252811
vn 0.11905239 -0.65441829 0.7467016
vn 0.12702867 -0.96071208 0.24677114
vn 0.11684853 -0.98262632 0.14419425
vn 0.0082696257 -0.92630005 0.37669596
vn 0.066594422 -0.88733029 0.45630053
vn 0.038407359 0.97801375 0.20497312
vn 0.038410757 0.97801137 0.20498386
vn 0.10923997 0.97288013 0.20388941
vn 0.032620572 -0.96804285 0.24865416
vn 0.032585107 -0.96806765 0.24856228
vn 0.049895104 -0.96737641 0.24838145
vn 0.21179217 0.97213346 -0.10050175
vn 0.2117715 0.97213787 -0.10050275
vn 0.21177578 0.97213691 -0.10050273
vn 0.184 0.97243738 -0.14321141
vn 0.20743865 -0.9726426 -0.10457359
vn 0.28742108 -0.95216978 -0.1037394
vn 0.1922923 -0.97567296 -0.10528999
vn 0.2073518 -0.97266096 -0.10457473
vn 0.12906861 0.75560898 0.64218098
vn 0.090423703 0.82290691 0.56093472
vn 0.38749966 0.91886139 -0.074416235
vn 0.38779807 0.91976464 -0.060379166
vn 0.42230451 0.90389818 -0.068021528
vn 0.38750583 -0.91885906 -0.074412309
vn 0.42231309 -0.90389448 -0.068017498
vn 0.38780078 -0.91976386 -0.060373876
vn 0.34761941 -0.91150165 -0.21983051
vn 0.33202595 -0.93144828 -0.14887199
vn 0.26380545 -0.92616975 -0.26947415
vn 0.38034314 0.88904697 -0.25482267
vn 0.24878415 0.92369235 -0.29137421
vn 0.33439487 0.93172663 -0.14165296
vn 0.085169554 -0.83105272 0.54963398
vn 0.084959127 -0.8312332 0.54939353
vn 0.33430767 0.93173486 -0.14180467
vn 0.33202228 -0.93144858 -0.14887834
vn 0.24249928 0.92633909 -0.28825337
vn 0.24127741 -0.92739874 -0.28586155
vn -2.8070595e-05 0.63028079 0.77636725
vn -0.0093003195 0.98014027 0.19808735
vn 0.034580357 0.97574282 0.2161717
vn 0.33003515 0.94394636 0.0064870571
vn 0.2804769 0.95981658 0.0092092548
vn 0.28047776 0.95981634 0.0092090862
vn 0.34453443 0.93871295 0.010675727
vn 0.29466844 -0.95559907 0.00096602138
vn 0.2946676 -0.95559931 0.00096618792
vn 0.34471604 -0.9386425 0.011002558
vn 0.12863655 0.71079224 0.69153959
vn 0.10362035 0.76043677 0.64109182
vn 0.080469213 -0.99527645 0.054309074
vn 0.080488667 -0.99527711 0.054268494
vn 0.031647224 -0.98794502 0.15153575
vn -0.019951906 -0.98440439 0.1747853
vn -0.078091659 -0.99145001 0.10453954
vn 0.0015690034 -0.60664976 0.79496765
vn 7.7369223e-14 -0.60876143 -0.79335332
vn -7.736925e-14 0.60876167 -0.7933532
vn 0.24127898 -0.92739815 -0.285862
vn 0.24132785 0.92536783 -0.29232723
vn 0.2443614 0.92568213 -0.2887907
vn 0.11124358 -0.7672599 0.63161469
vn 0.090334557 -0.78659135 0.61083031
vn 0.048278913 0.62961441 0.77540624
vn 0.031684838 0.7173028 0.69604075
vn 0.043916047 0.69036353 0.72212851
vn 0.10212446 0.68579394 0.72059512
vn 0.12953918 0.98965132 -0.061724503
vn 0.10659901 0.99097008 -0.081332289
vn 0.12955096 0.98964924 -0.061733179
vn 0.12955016 0.9896493 -0.061733201
vn 0.096083641 0.98516399 -0.14219651
vn 0.12955666 0.98964781 -0.061743598
vn 0.19592494 -0.96809238 -0.15623862
vn 0.12371439 -0.9904089 -0.061522257
vn 0.1237115 -0.99040943 -0.061519079
vn 0.123712 -0.99040937 -0.061519466
vn 0.10713514 -0.99122953 -0.077369936
vn 0.12371185 -0.99040937 -0.06151947
vn 0.087938733 0.71660274 0.69191569
vn -0.00094564562 -0.69638944 0.71766347
vn 0.046235573 -0.69564503 0.7168963
vn 0.99144489 -0.13052613 3.9157838e-16
vn 0.99144489 0.13052607 -3.915782e-16
vn -5.6090121e-24 -2.9999999e-15 -1
vn 0.92387968 -0.3826831 1.1480493e-15
vn 0.92387974 0.38268295 -1.1480489e-15
vn 0.7933529 -0.60876203 1.826286e-15
vn 0.79335272 0.6087622 -1.8262867e-15
vn 0.60876173 -0.79335308 2.3800592e-15
vn 0.60876203 0.7933529 -2.3800586e-15
vn 0.38268358 -0.9238795 2.7716383e-15
vn 0.38268358 0.9238795 -2.7716383e-15
vn 0.13052601 -0.99144489 2.9743346e-15
vn 0.13052601 0.99144489 -2.9743346e-15
vn -0.13052624 -0.99144483 2.9743346e-15
vn -0.13052624 0.99144483 -2.9743346e-15
vn -0.38268358 -0.9238795 2.7716383e-15
vn -0.38268358 0.9238795 -2.7716383e-15
vn -0.60876083 -0.7933538 2.3800614e-15
vn -0.60876113 0.79335356 -2.3800607e-15
vn -0.7933538 -0.60876083 1.8262824e-15
vn -0.79335362 0.60876107 -1.8262833e-15
vn -0.92387968 -0.3826831 1.1480493e-15
vn -0.92387974 0.38268295 -1.1480489e-15
vn -0.99144489 -0.13052613 3.9157838e-16
vn -0.99144489 0.13052607 -3.915782e-16
vn -0.015861038 0.99598366 0.088119075
vn -0.016501177 0.99604356 0.087320983
vn 0.36273938 0.91209084 0.19107714
vn 0.064520419 0.97669727 0.20469381
vn 0.068181105 -0.99619108 0.054356344
vn 0.068297394 -0.76125324 0.64484805
vn 0.11051527 -0.72223175 0.68276471
vn 0.04323183 -0.69969922 0.71312833
vn 0.046234094 -0.69564861 0.7168929
vn 0.046235528 -0.69564551 0.71689582
vn -9.5130386e-14 0.74851096 0.66312242
vn 0.025985781 0.99949676 -0.018193103
vn 0.025976406 0.999497 -0.018191354
vn 0.056087147 0.99825692 0.018368084
vn 0.025966287 0.99949729 -0.018191312
vn 0.038236968 0.99910551 -0.018059887
vn 0.056087866 0.99825674 0.018373672
vn 0.068176292 -0.99619353 0.054318462
vn 0.021167019 -0.99947798 -0.024408219
vn 0.056919672 -0.99808955 -0.024027959
vn 0.02116829 -0.99947786 -0.024409963
vn 0.021187222 -0.99947745 -0.024411742
vn 0.17277284 0.90080649 -0.39836818
vn 0.29354337 0.90603817 -0.30483961
vn 0.31724375 -0.90451252 -0.28497991
vn 0.17108406 -0.90058327 -0.39959988
vn 0.24052636 -0.92512763 -0.29374465
vn 0.16752975 0.94348389 -0.28595802
vn 0.16726248 0.94322354 -0.28697145
vn 0.23747481 0.92475134 -0.29738975
vn 0.067047939 0.9035207 -0.42326689
vn 0.14136288 -0.9182626 -0.36987874
vn 0.065884642 -0.90383399 -0.42278048
vn 0.16266395 -0.94259852 -0.29163069
vn 0.16728272 0.94322872 -0.28694266
vn 0.16273367 -0.94261706 -0.29153189
vn -0.11177466 0.9935661 0.018243846
vn -0.057559431 0.9983421 -3.4911095e-06
vn 0.048352558 0.99883032 -3.4928169e-06
vn 0.035376173 0.99936569 -0.0040991828
vn 0.044212654 -0.99901015 0.0048972559
vn 0.012903498 -0.99991673 -3.4971131e-06
vn 0.0048637525 0.76039708 0.64944023
vn 0.010192096 0.79493421 0.60661
vn 2.83715e-05 0.717664 0.69638956
vn 2.8341434e-05 0.71766317 0.69639039
vn -2.8070594e-05 0.63034946 0.77631152
vn -0.00094564562 -0.69638991 0.71766299
vn -0.00094549137 -0.69639301 0.71766001
vn 0.0050641955 -0.76039612 0.64943987
vn -0.11179014 0.99356449 0.018236892
vn -0.027888736 -0.99761146 0.063194737
vn -0.046836752 -0.99742013 0.054400828
vn 0.016741043 -0.9983753 0.05446595
vn 0.44223854 0.88865513 -0.12131418
vn 0.48241606 0.86615247 -0.13059348
vn 0.3889527 0.90893114 -0.15019976
vn 0.48242849 -0.86614597 -0.13059053
vn 0.38895878 -0.90892887 -0.15019779
vn 0.44224644 -0.88865173 -0.12131025
vn 0.33984551 -0.90654677 -0.25035563
vn 0.090386197 0.82342339 0.56018239
vn 0.042311575 0.88561106 0.46249622
vn 0.02486949 0.88801897 0.45913383
vn 0.040488794 -0.88718724 0.45962974
vn 0.0320771 -0.89254314 0.4498198
vn 0.083573312 0.95609194 -0.28089806
vn 0.079445727 -0.95825773 -0.2746461
vn 0.083556771 0.95609516 -0.28089204
vn 0.079447128 -0.9582575 -0.27464661
vn -0.026626471 0.99615389 0.083477065
vn 0.13294792 0.94084525 -0.31166494
vn -0.061360154 0.9012121 -0.42901248
vn 0.092342027 0.96595019 -0.24168807
vn 0.085165165 -0.96479183 -0.24884461
vn -0.062700532 -0.90144306 -0.42833284
vn 0.13449571 -0.9413271 -0.30953869
vn 0.04986015 0.71677172 0.69552302
vn 0.10398703 0.7771517 0.62066245
vn 0.07203187 0.82634181 0.55854332
vn 0.085164607 -0.96479172 -0.24884512
vn 0.092343703 0.96595043 -0.24168654
vn -0.11179091 0.99356443 0.018234879
vn 0.032133739 0.99931455 0.018380046
vn 0.37686083 0.92626661 -0.002478146
vn 0.38246071 0.92396992 -0.0018343031
vn 0.37685239 0.92627001 -0.0024764191
vn 0.38083354 -0.92462939 -0.0051280991
vn 0.37112927 -0.92857593 -0.0031340702
vn 0.076417804 -0.83243513 0.54882795
vn 0.05938245 -0.84499156 0.5314725
vn -0.046838623 -0.99742031 0.05439597
vn 0.016741665 -0.99837559 0.054460466
vn 0.091664992 0.75099522 0.65391415
vn 0.074054867 0.78112257 0.6199705
vn -0.08400394 0.99317646 -0.080893889
vn -0.018949062 0.9985292 -0.050797623
vn 0.014676471 0.79488987 0.6065762
vn 0.014677808 0.79488772 0.60657895
vn 0.074393012 0.7525813 0.65428364
vn 0.023759006 0.96642947 -0.25583109
vn -0.11508761 0.60503727 -0.78783548
vn -0.018685879 -0.96624398 -0.25695026
vn -0.022989966 -0.99766827 -0.064260706
vn -0.02356481 -0.99769753 -0.063595474
vn -0.091344848 -0.99129498 -0.094817661
vn -0.11506832 0.60506427 -0.78781754
vn -0.10528591 -0.67590767 -0.72942698
vn 0.1967684 -0.92748904 -0.31787777
vn -0.0079943575 0.97638983 -0.21586809
vn -0.44049206 0.63521266 -0.63440651
vn -0.10528799 -0.67590809 -0.72942626
vn 0.33501974 -0.8769235 -0.34462586
vn 0.29106784 -0.8973465 -0.33173606
vn 0.0098466733 0.99354893 -0.11297622
vn -0.041810028 0.96725541 -0.2503376
vn -0.041808847 0.96725613 -0.25033489
vn -0.14682239 -0.86922067 -0.47212133
vn -0.0070867799 -0.98172903 -0.19015227
vn 0.01443983 -0.99782836 -0.064265855
vn 0.051835071 -0.81970674 0.5704332
vn 0.096020281 -0.78581673 0.61096001
vn -0.037276749 0.97203147 -0.23187341
vn -0.018707089 -0.98158187 -0.19012384
vn -0.031030964 -0.97164971 -0.23437981
vn -0.19806015 -0.89762831 -0.39374566
vn -0.19808176 -0.89761364 -0.3937681
vn 0.049962953 -0.76261067 0.6449253
vn 0.035728443 -0.77587134 0.6298787
vn 0.035728958 -0.77587044 0.62987971
vn 0.17142066 0.90128165 -0.39787731
vn -0.043098543 0.98342848 0.17609914
vn 0.011172689 0.93164504 0.36319795
vn -0.082911462 0.98320007 0.16261405
vn 0.48696837 0.83865488 -0.24396673
vn 0.39584377 0.89119011 -0.2215579
vn 0.48698235 -0.83864605 -0.24396926
vn 0.46440968 -0.8528865 -0.23855449
vn 0.31588885 -0.86954266 -0.37961799
vn -0.12926738 -0.98202813 0.13751626
vn -0.065768249 -0.97678673 0.20386803
vn 0.0045686988 -0.93615794 0.3515501
vn -0.072224587 0.99100292 -0.11268034
vn -0.14001173 -0.97208542 -0.18827285
vn 0.0022295734 -0.77636391 0.63028097
vn 0.41080126 0.91166717 -0.010264203
vn 0.37106273 0.9286043 0.0025517768
vn 0.46376792 0.88569701 -0.021449672
vn 0.37113157 -0.92857683 0.0025283927
vn 0.38542497 -0.92273438 -0.0029763253
vn 0.42840737 -0.90350741 -0.011895953
vn 0.41066423 -0.91172534 -0.010571382
vn 0.053099219 0.90723157 -0.41726649
vn 0.053100217 -0.90722656 -0.41727728
vn -0.014302314 0.93380243 0.35750309
vn 0.043009564 0.88158929 0.47005367
vn -0.13688713 0.95898885 -0.24819812
vn 0.13257483 0.99099529 0.018769028
vn 0.17472184 0.98316145 0.053533912
vn 0.048351001 0.99880612 -0.006967512
vn 0.10594283 0.99434882 0.0068248622
vn 0.17951122 -0.9818145 0.061773974
vn 0.1595877 -0.9863168 0.041363582
vn 0.054932792 -0.99848992 -0.00048372749
vn 0.097096249 -0.99526834 0.0036342356
vn 0.1252622 -0.99201137 0.014926895
vn 0.14601587 -0.98883855 0.029625757
vn 0.054930661 -0.99849004 -0.00048326183
vn -1.0459536e-13 0.8229838 0.56806481
vn 1.0459538e-13 -0.82298404 0.56806451
vn -0.13688315 0.95899218 -0.24818753
vn -0.18021384 0.97490668 -0.13069035
vn -0.15557741 0.98042291 -0.12069189
vn -0.060970213 0.98063749 -0.18609868
vn -0.029010557 -0.93856722 0.34387499
vn -0.011894884 -0.93132347 0.36399871
vn -0.14001222 -0.97208512 -0.18827412
vn -0.1387306 -0.98988599 -0.029656809
vn -0.26172677 -0.94972372 -0.17182533
vn -0.089676194 -0.99065465 -0.10276952
vn 0.53851485 0.84171277 -0.039004512
vn 0.45221481 0.89119911 -0.035579152
vn 0.45221713 0.89119792 -0.035579652
vn 0.425883 0.90282142 -0.059473701
vn 0.48771733 -0.87180197 -0.045750443
vn 0.48772112 -0.87179983 -0.045751277
vn 0.42709073 -0.90243655 -0.056584012
vn 0.032504238 0.88276058 0.46869737
vn 0.071556248 0.83734846 0.54196608
vn 0.12329037 0.78629965 -0.6054191
vn 0.19485945 0.83806527 -0.50958455
vn 0.26343542 0.80401176 -0.53307307
vn 0.26344073 -0.80400038 -0.53308761
vn 0.19486299 -0.83805561 -0.50959903
vn 0.12329137 -0.786286 -0.60543662
vn -0.041908979 0.96725965 -0.25030461
vn -0.041916471 0.96725279 -0.25032976
vn -0.12293059 0.8803944 -0.45803249
vn -0.12286364 0.88044542 -0.45795235
vn -0.1229184 0.88040382 -0.45801765
vn -0.085168816 0.90513104 -0.41651422
vn -0.23354194 -0.78816664 -0.56943083
vn -0.087198764 -0.91228414 -0.40016755
vn -0.087201066 -0.91228265 -0.40017042
vn -0.082991309 -0.90479314 -0.41768628
vn -0.23353651 -0.78817284 -0.56942451
vn -0.23352244 -0.78818703 -0.56941068
vn 0.46874577 0.77702022 -0.42013925
vn 0.34844464 0.85276824 -0.38906646
vn 0.43573201 -0.80011529 -0.4122538
vn 0.21923888 -0.77150601 -0.5972544
vn 0.00042026446 0.79497331 0.60664427
vn -0.15170491 0.96252275 -0.22480135
vn 0.033868495 -0.88791245 0.45876402
vn 0.020998059 -0.8950451 0.44548103
vn -0.049087007 -0.91466212 -0.40122774
vn -0.13758029 -0.96374708 -0.22861151
vn -0.21794723 -0.94030625 -0.26138705
vn 0.054452606 0.83922988 0.54104358
vn 0.075753324 0.81083137 0.58035672
vn -0.014538839 0.76894826 -0.63914567
vn 0.045026299 0.81945729 -0.57136887
vn 0.13137703 -0.78245646 -0.60868871
vn -0.1078172 -0.67292058 -0.7318151
vn -0.014535983 -0.7689389 -0.639157
vn 0.0022294458 -0.77636504 0.63027954
vn 0.034982327 0.81380588 0.58008295
vn -0.0087525407 0.86109102 0.50837547
vn 1.0082955e-13 -0.79335344 -0.60876131
vn -1.0082951e-13 0.7933532 -0.60876155
vn 0.030036367 -0.87124157 0.48993459
vn 0.075774483 -0.8431313 0.53234178
vn 0.4544242 0.88627118 -0.089565672
vn 0.53699052 0.83935201 -0.084435225
vn 0.48702681 -0.87058699 -0.069879331
vn 0.57394451 -0.81542689 -0.075277321
vn 0.45170677 -0.88690042 -0.096791469
vn 0.018549519 -0.84557843 0.5335288
vn 0.018780023 -0.84529817 0.53396475
vn 0.01877987 -0.8452993 0.53396291
vn 0.058377292 -0.81923014 0.57048583
vn -0.22149441 -0.89302266 -0.39172786
vn -0.16186877 0.95534563 -0.24721079
vn -0.16187774 0.95533806 -0.24723439
vn -0.22149768 -0.89301795 -0.39173678
vn -0.10073444 0.88259083 -0.45922324
vn -0.17275034 0.75295544 -0.63499248
vn -0.11912435 0.80534774 -0.58071023
vn -0.1191255 -0.80534053 -0.58072001
vn -0.16988955 -0.75594527 -0.6322059
vn 0.31537828 0.71285975 -0.62639242
vn 0.24014503 0.75979334 -0.6041891
vn 0.1358953 0.66647273 -0.73303926
vn 0.33464429 -0.69957668 -0.63135225
vn 0.075793535 -0.60413754 -0.79326743
vn 0.1358996 -0.66645467 -0.73305494
vn -0.18663296 0.91833353 -0.349044
vn -0.20134299 0.86895078 -0.45209023
vn -0.27092919 0.85317326 -0.44574967
vn 0.62347335 0.7727381 -0.11898248
vn 0.5346387 0.83568811 -0.12564559
vn 0.53464377 0.83568472 -0.12564676
vn 0.46883306 0.86693877 -0.16915289
vn 0.5703423 -0.81034124 -0.13437557
vn 0.47004715 -0.8669216 -0.16583912
vn 0.57033563 -0.81034613 -0.13437404
vn -0.024700774 0.63093108 -0.77544558
vn 0.052724626 0.7123428 -0.69984841
vn 0.1384894 -0.66490471 -0.73397708
vn -0.09749262 -0.5432952 -0.83386177
vn -0.10085388 0.97386622 0.20350204
vn -0.012189655 0.9274537 0.3737393
vn -0.091213614 0.97430742 0.20592518
vn 0.28518409 0.68641227 -0.66896051
vn 0.53032058 0.72478849 -0.43982014
vn 0.50894213 0.7306419 -0.45512667
vn 0.48483521 0.74990821 -0.45008054
vn 0.46916202 0.7869823 -0.40068173
vn 0.46917719 -0.7869702 -0.40068778
vn 0.48485225 -0.7498914 -0.4500902
vn 0.50895882 -0.73062444 -0.45513603
vn 0.36799616 -0.755027 -0.54269058
vn -0.13801607 -0.97286665 0.18569349
vn -0.070080385 -0.96130162 0.26643568
vn -0.0011218337 -0.84544671 0.53405857
vn 0.50900781 0.84201181 -0.1786816
vn 0.56530058 -0.80316985 -0.18802506
vn 0.50674409 -0.8418327 -0.18581739
vn -0.26000449 0.89029944 -0.37385094
vn -0.22712205 -0.90024781 -0.37144232
vn -0.31868988 -0.85925555 -0.40014577
vn -0.23557919 -0.92294002 -0.30444068
vn -0.014111 0.92754889 0.37343538
vn 0.031642459 0.88928092 0.45626548
vn -0.19173281 0.61312222 -0.76636785
vn -0.13341752 0.68453932 -0.71666288
vn -0.28437394 -0.4788622 -0.8305555
vn -0.19173235 -0.61310929 -0.76637834
vn 0.053312834 -0.58556783 -0.80886841
vn -1.125351e-13 0.88545579 0.46472362
vn 0.60244805 0.74670559 -0.28193456
vn 0.60244584 0.74670756 -0.28193408
vn 0.48786181 0.79738146 -0.35520932
vn 0.68463546 0.68083966 -0.26025298
vn 0.62940264 -0.72179925 -0.28785092
vn 0.62940663 -0.72179544 -0.28785172
vn 0.48909172 -0.79799795 -0.3521201
vn 0.17190325 0.54040807 -0.82365549
vn 0.07835608 0.60257334 -0.79420757
vn -0.016290084 0.49299258 -0.86988097
vn -0.087537989 -0.40142521 -0.91169888
vn 0.26642129 -0.46826112 -0.84246731
vn 0.13097532 0.49552652 -0.85866112
vn 0.39537713 0.59880364 -0.69649917
vn 0.40060347 0.59869927 -0.69359648
vn 0.40062028 -0.59867972 -0.69360363
vn 0.3951017 -0.60333401 -0.69273567
vn 0.21981375 -0.5906378 -0.77642053
vn -0.20123611 0.86901802 -0.45200852
vn -0.015212638 -0.93148053 0.36347297
vn -0.024248468 -0.93488055 0.35413328
vn -0.20129955 0.86896718 -0.45207801
vn -0.026338646 -0.91545463 -0.40155831
vn -0.27662694 -0.82772797 -0.48820481
vn -0.07241337 0.87633878 -0.47622126
vn -0.30550814 0.78229195 -0.54284811
vn -0.37018993 -0.75299495 -0.54402018
vn -0.37017921 -0.75302428 -0.54398692
vn 0.02923994 0.8894617 0.45607337
vn 0.054342523 0.86400479 0.50054228
vn -0.33656174 -0.74629748 -0.57425278
vn -0.27599517 -0.82895118 -0.4864839
vn -0.36367279 -0.72977257 -0.57894224
vn -0.00036018173 0.86112398 0.5083949
vn -0.19417362 0.98017865 -0.039324936
vn -0.22051318 0.9742257 -0.047520816
vn -0.037498128 0.88648283 -0.46123976
vn -0.28605652 -0.77671492 -0.56114662
vn 0.0024340353 -0.0077936561 0.99996668
vn 0.0051571745 -0.02098413 0.99976653
vn 0.001214041 -0.0070120306 0.99997467
vn 0.0024306651 -0.0077863191 0.99996674
vn 0.0036296491 -0.0084759686 0.9999575
vn 0.01211952 -0.036426451 0.99926287
vn 0.003630053 -0.0084768133 0.9999575
vn -0.0012093683 -0.0037600324 0.99999219
vn 0.023856008 0.080536321 0.99646616
vn 0.0012667443 0.0035491849 0.99999291
vn 0.0095662251 0.023269884 0.99968344
vn -0.0011988612 -0.0037249767 0.99999237
vn 0.0096625891 0.023502497 0.99967706
vn 1.8650095e-05 0.00039219978 0.99999994
vn 0.00080515404 0.0055531212 0.99998426
vn 0.00016549071 0.00093121786 0.99999952
vn 0.00016530779 0.00093151547 0.99999952
vn 0.00017213267 0.00092173339 0.99999958
vn 0.0003453824 -0.0018201512 0.99999827
vn -0.0037772038 0.017486371 0.99983996
vn 0.00012777885 0.00054652704 0.99999982
vn 0.0002971458 0.0014540129 0.99999893
vn 1.2709285e-13 -1 2.9999999e-15
vn -1.2659059e-13 0.99604815 -0.088814571
vn 0.028760444 0.9985925 -0.044563577
vn -2.7176467e-05 -0.00094359514 0.99999958
vn 0.041282382 -0.99914747 0.00018816514
vn -0.0015138435 0.036639187 0.99932742
vn -1 3.0592499e-05 -4.9563114e-06
vn 0.071928084 0.99734741 -0.011156423
vn -5.0452953e-05 -0.00069957547 0.99999976
vn 0.07564912 -0.99701291 -0.015571299
vn -0.031358797 0.41329136 0.91005874
vn -0.0015138452 0.036640238 0.99932736
vn 0.10062321 0.9949246 -2.9847739e-15
vn -0.00015241052 -0.0035186282 0.9999938
vn -0.00079293526 -0.0078402469 0.99996895
vn 0.10952044 -0.99386257 -0.015571035
vn 0.092564389 -0.99522007 -0.0311256
vn -0.017796047 0.16149338 0.98671335
vn -0.0078904694 0.084104508 0.99642569
vn 7.2652336e-05 0.0015278331 0.99999881
vn 0.14349084 0.98965162 -2.9689549e-15
vn 0.14328408 -0.9896816 2.9690449e-15
vn -0.0066063823 0.045631129 0.99893653
vn -0.011322101 0.073149636 0.9972567
vn -0.0071579916 0.05506137 0.99845731
vn 0.18642811 -0.98246861 2.9474057e-15
vn -0.0038104632 0.017615894 0.99983758
vn -0.0038443885 0.017745668 0.99983513
vn -0.0035858196 0.018435648 0.99982363
vn 0.20002535 0.97877681 -0.044561826
vn 0.2384873 -0.97038573 -0.038410638
vn 0.28401601 0.95881951 -2.8764587e-15
vn 0.22744848 0.96973109 -0.088818774
vn 0.31569716 -0.94885999 2.84658e-15
vn 0.26375967 -0.9615398 -0.076629139
vn 0.38024083 0.92486697 0.0061625694
vn 0.38078514 0.92463601 0.0071357777
vn 0.37782058 0.92587173 0.0036211393
vn 0.35925287 0.9330759 -0.017511958
vn -0.53752613 0.45903558 -0.70735562
vn 0.37493443 0.92705131 -2.7811539e-15
vn 0.37441862 -0.92720836 -0.009764242
vn 0.39119104 -0.92030686 0.0022070706
vn 0.39365339 -0.91925001 0.0040513985
vn 0.38817042 -0.92158765 2.7647628e-15
vn 0.41277397 0.91083312 0.00080372498
vn 0.40399235 -0.91475981 0.0021539486
vn 0.43274987 -0.90151346 -0.0010215518
vn -0.28605214 -0.77671754 -0.56114531
vn -0.26276633 -0.78210318 -0.5650385
vn -0.037379224 0.88651711 -0.46118349
vn -0.43322933 0.79953659 -0.41599706
vn 0.65341026 0.64979261 -0.38836142
vn 0.47409302 0.74205554 -0.47390869
vn 0.60865968 -0.6980105 -0.3772462
vn 0.67987615 -0.63201445 -0.37192225
vn 0.47907728 -0.74570614 -0.46304137
vn 0.030252423 0.86548769 0.50001585
vn 0.034899734 0.86060685 0.50807267
vn -0.27059054 -0.96013653 -0.070132919
vn -0.16644007 -0.98383963 0.066009969
vn 0.0054182089 0.89603096 0.44395846
vn -0.00036052757 0.86112839 0.50838739
vn -0.00036018173 0.86113119 0.50838262
vn -0.0011218335 -0.84572345 0.5336203
vn -0.0011219379 -0.84544778 0.53405696
vn 0.0056503532 -0.90265238 0.43033329
vn 0.0045717047 -0.89603478 0.44396034
vn 0.0028930069 -0.91476929 0.40396631
vn 0.050060105 -0.89275199 0.44775867
vn -0.3603507 0.7115106 -0.60324126
vn -0.21970382 0.74411422 -0.63089162
vn -0.20469001 0.429322 -0.87965029
vn -0.062398817 0.52218252 -0.85054797
vn -0.062396843 -0.52216709 -0.85055757
vn 0.61293489 0.60969543 -0.50257564
vn 0.6130079 0.60961533 -0.50258386
vn 0.46541139 0.6950888 -0.54794508
vn 0.63230526 -0.58783072 -0.50462377
vn 0.63232261 -0.58781064 -0.50462538
vn 0.43710253 -0.67019016 -0.5998221
vn -0.0049012499 -0.90265596 0.43033499
vn 0.028830234 -0.87130201 0.48989967
vn 0.17189707 0.4262493 -0.88812327
vn 0.21463066 0.43236256 -0.87578326
vn 0.0008610005 0.33934858 -0.9406603
vn 0.21464172 -0.43234631 -0.87578857
vn 0.22612405 -0.42314339 -0.87739247
vn 0.17191321 -0.42623439 -0.88812727
vn 0.45074892 0.65620643 -0.60515994
vn 0.61371768 0.48939097 -0.61955392
vn 0.57672048 -0.53610468 -0.61642939
vn 0.43918276 -0.64545453 -0.62490553
vn -0.32793161 0.88741958 -0.32395577
vn -0.27687153 0.90981919 -0.30914596
vn 0.52996761 0.42258179 -0.73522717
vn 0.52996457 0.42258525 -0.73522735
vn 0.32472026 0.52218759 -0.78859168
vn 0.54314125 -0.40679264 -0.73451841
vn 0.5431425 -0.40679121 -0.73451835
vn 0.31181449 -0.50875968 -0.80245578
vn -0.21970582 0.74410349 -0.6309036
vn -0.29128528 0.65796781 -0.69442874
vn -0.27070573 -0.6494357 -0.71059948
vn -0.29455781 -0.63622445 -0.71305972
vn -0.29455054 -0.6362344 -0.71305382
vn -0.2722708 -0.94243783 -0.19411233
vn -0.38273737 -0.85668665 -0.34583241
vn 0.0026852703 0.33802247 -0.94113421
vn -0.23412411 0.27725613 -0.93183416
vn -0.13151783 -0.43071282 -0.89285469
vn 0.47917002 0.30259177 -0.82391405
vn 0.45247483 0.33904931 -0.82481033
vn 0.45784059 0.33335066 -0.8241719
vn 0.19983645 0.39446592 -0.89691806
vn 0.43948737 -0.35263374 -0.82613575
vn 0.28956991 -0.49100325 -0.82162344
vn -0.36035466 0.71149844 -0.60325325
vn -0.32662022 0.80791324 -0.49050528
vn -0.35294703 0.79347563 -0.49580726
vn -0.35015953 -0.6236127 -0.69892454
vn -0.41583097 -0.75089812 -0.51306593
vn -0.32741332 -0.84564734 -0.42152238
vn 0.34688035 0.26610488 -0.89936769
vn 0.10645614 0.31138957 -0.94430059
vn 0.18840548 -0.40356413 -0.89534318
vn 0.37077689 -0.24307054 -0.89634883
vn 0.42849895 -0.90354037 -0.0018490017
vn 0.41378278 -0.9103756 -0.00021988369
vn 0.41079283 -0.91172868 0.0003329922
vn -0.3996115 -0.61027771 -0.68401152
vn -0.3583107 -0.6569469 -0.66335076
vn -0.36035892 0.71150708 -0.60324055
vn -0.32316419 0.7218253 -0.61199111
vn -0.22168557 0.59056044 -0.77594703
vn -0.39720473 0.63764393 -0.66002923
vn -0.38759068 0.64393342 -0.6596387
vn 0.23130333 0.20956983 -0.95004171
vn 0.014934462 0.24429137 -0.96958685
vn 0.2638675 -0.18124495 -0.94737756
vn 0.08528766 -0.32764095 -0.94094497
vn -0.29046565 0.57949996 -0.76145226
vn -0.29046285 0.57950932 -0.76144618
vn -0.33559355 0.50884771 -0.79274899
vn -0.37114367 -0.467345 -0.80239707
vn -0.37114084 -0.46735013 -0.80239534
vn -0.27458942 -0.64017445 -0.71747983
vn -0.33064318 -0.50600976 -0.79663622
vn -0.3680076 -0.7178452 -0.59098953
vn -0.45181203 -0.59434891 -0.6652934
vn 0.11710452 0.16525249 -0.97927427
vn -0.10630557 0.19735773 -0.97455066
vn -0.11244188 -0.18907858 -0.97550303
vn -0.10629182 -0.19734846 -0.97455406
vn 0.11711936 -0.16523926 -0.97927475
vn 0.15736824 -0.13290422 -0.97855592
vn 0.41140181 0.91145408 0.00019189398
vn -0.11735933 0.95653737 0.26695147
vn -0.065833718 0.95884055 0.27620769
vn -0.015021536 0.9309572 0.3648192
vn -0.068152204 -0.96134835 0.26676708
vn -0.074944921 -0.96274406 0.25982147
vn -0.41739842 0.55031264 -0.72314215
vn -0.32281056 0.41810715 -0.8491053
vn -0.32281277 0.41812411 -0.84909606
vn -0.3228088 0.41811472 -0.8491022
vn -0.36420503 0.27834529 -0.88875115
vn -0.40056083 0.2022405 -0.89367211
vn -0.35845602 0.56535482 -0.74288845
vn -0.21254767 0.26181835 -0.94142163
vn -0.33889231 -0.33180159 -0.88037473
vn -0.32961613 -0.34446955 -0.87903011
vn -0.34428945 -0.31708068 -0.88369942
vn -0.33889285 -0.33179882 -0.88037562
vn -0.32840616 -0.47537133 -0.81619328
vn -0.39961183 -0.6102764 -0.68401253
vn 0.41212231 0.91112846 -0.00032392915
vn 0.41111577 0.91158307 0.00040706835
vn 0.41175497 0.91129458 -0.00024330878
vn 0.45236677 0.89142394 -0.026974304
vn -0.0011830789 0.93054396 0.3661783
vn 0.027532253 0.90938914 0.41503417
vn 0.11560977 0.1636391 -0.97972274
vn 0.21097587 0.085724816 -0.97372502
vn 0.17282668 0.14892948 -0.97362775
vn 0.20035844 -0.090315811 -0.97555089
vn 0.11342981 -0.16125655 -0.98037237
vn 0.22092226 -0.19875348 -0.95482481
vn 0.28822774 0.20602578 -0.93513536
vn 0.290259 0.14918503 -0.94524789
vn 0.29026136 0.1491829 -0.94524747
vn 0.26113361 -0.17847553 -0.94865996
vn 0.27744463 -0.16399726 -0.94664109
vn -0.019711321 0.10134663 -0.99465591
vn 0.11958878 0.048596323 -0.99163347
vn 0.11959018 0.048595224 -0.99163336
vn -0.0481118 0.068194509 -0.99651128
vn 0.11807974 -0.053221047 -0.99157685
vn 0.1305313 -0.042240832 -0.99054396
vn 0.0097607831 -0.13546477 -0.9907341
vn -0.048094731 -0.068180896 -0.99651307
vn -0.24359454 0.21236157 -0.94634259
vn -0.3175011 -0.085560396 -0.94439
vn -0.29667068 -0.1226948 -0.94706517
vn -0.12383894 -0.12428201 -0.98448867
vn -0.39084142 -0.46326908 -0.79537714
vn 0.32282346 0.19455464 -0.926247
vn 0.34241021 0.21623719 -0.91432858
vn 0.34240755 0.21623698 -0.91432959
vn 0.3424122 0.21623525 -0.91432828
vn 0.34638089 -0.20478104 -0.91546983
vn 0.42305103 -0.2968944 -0.856085
vn 0.34638086 -0.20478253 -0.91546953
vn 0.34638241 -0.20477954 -0.91546959
vn 0.029947482 0.86074221 0.5081594
vn 0.41048932 -0.91186541 -4.0654075e-05
vn 0.053158574 0.0062220376 -0.99856669
vn 0.046644107 0.013174242 -0.99882472
vn -0.11718548 0.13313295 -0.98414594
vn -0.21088195 0.0055394126 -0.97749585
vn -0.0046344539 -0.049522456 -0.99876225
vn 0.044764664 -0.014502602 -0.99889231
vn 0.046842538 -0.01097358 -0.998842
vn -0.19892551 -0.022212164 -0.97976285
vn -0.41615936 0.54538763 -0.72757387
vn -0.41261241 0.55163527 -0.72487897
vn -0.46083489 -0.44668153 -0.76688123
vn -0.40596679 -0.54681641 -0.73224503
vn 0.02522748 0.90949178 0.41495577
vn 0.017963003 0.91505635 0.40292579
vn -0.41683865 0.80061823 -0.43041378
vn -0.30619201 0.93191886 -0.1943544
vn -0.37475973 0.82473654 -0.42351484
vn 0.019469546 -0.93339318 0.35832673
vn -0.029345833 -0.94917721 0.31337106
vn 0.41270232 -0.91086459 -0.0015589076
vn 0.41077784 -0.91173542 -0.00032432092
vn 0.41044417 -0.91188574 0.0001526829
vn 0.4112685 0.91151398 0.00065716921
vn 0.41015014 -0.912018 -2.5260561e-05
vn 0.38864133 -0.92112702 -0.021976389
vn 0.41147536 0.91142005 0.0012265961
vn 0.31735331 0.20041132 -0.92688847
vn 0.35812235 -0.26823974 -0.89431304
vn 0.35811728 -0.26824498 -0.89431351
vn 0.38869411 -0.91906565 -0.065078788
vn 0.37171942 0.91421503 -0.16135544
vn 0.065256201 0.018435752 -0.99769825
vn 0.065263674 0.018430045 -0.99769783
vn 0.065262236 0.018433498 -0.99769789
vn -0.051823415 -0.0026870638 -0.99865264
vn -0.096456133 -0.0523476 -0.99395972
vn 0.0065519111 -0.06186593 -0.99806297
vn 0.061580092 -0.019936778 -0.99790299
vn 0.06159199 -0.019948814 -0.99790204
vn 0.33924112 -0.78702301 -0.51527691
vn 0.24820036 0.59771103 -0.76232415
vn 0.050772067 0.10674869 -0.99298888
vn 0.16086379 -0.35567129 -0.92066324
vn 0.050773218 0.10675145 -0.99298853
vn 0.16091937 -0.35580105 -0.92060339
vn 0.050769515 0.10674322 -0.9929896
vn 0.018808633 -0.03397293 -0.99924576
vn 0.073557355 -0.13183813 -0.98853832
vn 0.028975908 -0.055442136 -0.99804139
vn 0.0070474097 0.011351094 -0.99991071
vn 0.06056533 0.12200818 -0.9906795
vn 0.096727706 0.15085384 0.98381239
vn 0.073553145 -0.13183126 -0.98853958
vn 0.1450237 -0.20573598 0.96780205
vn 0.096725777 0.15085508 0.98381239
vn 0.09677916 0.15092623 0.98379624
vn 0.14502506 -0.20573503 0.96780205
vn 0.0078524519 -0.011464562 -0.99990344
vn 0.37631717 -0.45092106 0.80935502
vn 0.044095434 0.054848388 -0.99752057
vn 0.044105448 0.054862216 -0.99751937
vn 0.0078548016 -0.011467233 -0.99990338
vn 0.07221406 -0.082836866 -0.99394327
vn 0.072358876 -0.082995445 -0.99391949
vn 0.04404809 0.054786548 -0.99752605
vn 0.072317295 -0.082952201 -0.99392611
vn 0.15176357 -0.14105555 0.97830015
vn 0.15174691 -0.14107348 0.97830015
vn 0.010422493 -0.0097073065 -0.99989855
vn 0.28446093 -0.22144344 0.93276191
vn 0.010520191 -0.0097793015 -0.99989682
vn 0.078670911 -0.058984071 -0.99515414
vn 0.0086475015 0.0086715175 -0.99992502
vn 0.07888452 -0.059135847 -0.99512821
vn 0.070576698 0.056217264 -0.99592096
vn 0.011252942 0.007106137 -0.99991143
vn 0.011353342 0.0071880748 -0.9999097
vn 0.011311889 0.0071548182 -0.99991041
vn 5.6684286e-05 -1.8343428e-05 -1
vn 0.20247459 -0.065502472 0.97709441
vn 0.19159102 -0.084299654 -0.97784787
vn 0.40943789 0.31078032 0.85777396
vn 0.18757655 0.11845565 0.97508121
vn 0.18758661 0.11843971 0.97508121
vn 0.11742645 -0.052930903 -0.99166995
vn 0.20247242 -0.065509208 0.97709441
vn 0.043254279 0.052285425 -0.99769497
vn 0.1286255 0.12783276 0.98341966
vn 0.012700927 -0.0074709812 -0.9998914
vn 0.20253201 -0.065524578 0.977081
vn 0.17958018 0.092297144 -0.97940397
vn 0.17970352 0.09236449 -0.979375
vn 0.012617692 -0.0074343607 -0.99989277
vn 0.024279289 0.0098652877 -0.99965656
vn 0.03867529 0.017219359 -0.99910343
vn 0.12214011 0.049631312 -0.99127114
vn -0.051287971 0.016582347 -0.99854624
vn 0.014773222 -0.0047948165 -0.99987936
vn 0.10810731 -0.025739526 -0.99380594
vn 0.12209552 0.049614836 -0.99127746
vn 0.20567192 0.058090329 0.97689539
vn 0.20569909 0.058100276 0.97688907
vn 0.20570226 0.058089007 0.97688907
vn 0.20568241 0.058087979 0.97689331
vn 0.090024307 0.014982216 -0.9958269
vn 0.089748703 0.01494773 -0.99585229
vn -0.079598188 -0.013257152 -0.99673885
vn -0.11745308 -0.056379054 -0.99147677
vn -0.1088526 -0.0028878073 -0.99405372
vn -0.13545294 0.038189933 -0.99004751
vn -0.05061087 -0.0084382603 -0.9986828
vn 0.1749045 0.0094654635 0.98453993
vn -0.075132921 -0.0039626127 -0.99716568
vn 0.070590422 0.056228761 -0.99591935
vn -0.04917239 0.010091247 -0.9987393
vn 0.17756596 -0.036449261 -0.98343366
vn 0.029977113 0.0049894643 -0.99953812
vn 0.051266905 0.009779715 -0.99863708
vn -0.050617758 -0.0084332321 -0.9986825
vn 0.078855693 -0.059116121 -0.99513167
vn -0.12799926 -0.047662303 -0.99062836
vn -0.09921696 0.020350251 -0.99485773
vn 0.17731105 -0.036407828 -0.98348117
vn -0.074946165 0.0069334782 -0.99716347
vn -0.074968472 0.0069588237 -0.99716163
vn 0.25944591 -0.02402362 0.96545881
vn 0.25917262 -0.023976782 0.96553338
vn -0.074946769 0.0069343359 -0.99716341
vn 0.25917238 -0.02397953 0.96553338
vn -0.079299122 0.00091236422 -0.99685043
vn 0.99983346 -0.018204097 0.0012969928
vn 0.1452335 -0.009220805 -0.98935443
vn -0.12095892 0.05383981 -0.99119633
vn -0.16684556 -0.098051526 -0.98109555
vn -0.13238096 0.10495527 -0.98562652
vn 0.6851393 -0.32893896 0.64991027
vn 0.1583139 -0.093618996 0.98294061
vn 0.15830876 -0.093627691 0.98294061
vn 0.078748018 -0.0590446 -0.99514443
vn 0.12863567 0.12782252 0.98341966
vn 0.12861155 0.12781742 0.98342347
vn 0.070525862 0.056172013 -0.9959271
vn 0.17490472 0.0094615025 0.98453993
vn -0.075133301 -0.0039587459 -0.99716562
vn 0.99844092 0.055718213 -0.0033494297
vn 0.99929339 0.03664244 0.0083669703
vn -0.036610711 -0.00057544437 -0.99932945
vn -0.036753759 -0.031882904 -0.9988156
vn -0.080098242 0.00032923112 -0.99678689
vn 0.9998284 -0.01849265 0.0011116621
vn -0.036595065 0.031925626 -0.99882007
vn -0.13529731 0.010236058 -0.99075216
vn -0.13530357 -0.0102401 -0.99075127
vn -0.35952169 -0.88481027 -0.29640341
vn -0.47382143 -0.76050454 -0.44398883
vn -0.20323676 0.049741432 -0.97786534
vn -0.27118739 -0.076030485 -0.95951903
vn -0.1664331 -0.0016532732 -0.98605138
vn -0.42066467 0.69029146 -0.58867556
vn -0.44110972 0.67678916 -0.58938837
vn 0.0029586642 -0.90266347 0.43033701
vn 0.030423336 -0.90224957 0.43013969
vn -0.2448027 0.045542885 -0.9685027
vn -0.20657678 -0.0084387781 -0.97839397
vn -0.26634049 -0.07653746 -0.96083546
vn -0.20711589 0.0077195736 -0.97828597
vn -0.29197761 -0.069923379 -0.95386571
vn -0.25456378 0.04404673 -0.96605235
vn -0.46471405 0.39119154 -0.79436141
vn -0.035279144 -0.94663137 0.32038161
vn 0.041480452 -0.91321659 0.40535769
vn -0.4656598 0.5120585 -0.72177356
vn -0.50257492 -0.62815017 -0.59400827
vn -0.41819957 -0.74548572 -0.51899916
vn -1.1883386e-13 0.93501616 0.35460508
vn 1.1883386e-13 -0.93501616 0.35460508
vn -0.45165494 -0.5949927 -0.66482443
vn -0.52380067 -0.4642798 -0.71419686
vn -0.27992263 0.065729737 -0.95776975
vn -0.35250363 -0.062454049 -0.93372411
vn -0.24953254 -0.020304011 -0.96815354
vn -0.24747711 -0.017272521 -0.96873975
vn -0.30239487 0.023931369 -0.95288229
vn -0.46471611 0.39117134 -0.79437011
vn -0.29185489 -0.075669467 -0.95346469
vn -0.30957052 0.044285294 -0.94984466
vn -0.30099887 -0.018306851 -0.95344877
vn -0.2928558 0.016918004 -0.95600694
vn -0.28059685 0.002884225 -0.9598214
vn -0.46083471 -0.44668263 -0.76688069
vn 0.00093758712 0.91520363 0.40299064
vn -0.34419036 0.049274012 -0.93760604
vn -0.38908291 -0.14101379 -0.91034585
vn -0.39847884 0.14840503 -0.90509146
vn -0.39398488 0.13370629 -0.90933961
vn -0.39397883 0.13367797 -0.9093464
vn -0.34831172 -0.056671631 -0.93566406
vn -0.20107415 0.97743052 0.064797513
vn -0.13501574 0.97430849 0.18026015
vn -0.23575483 0.97016793 0.056513876
vn -0.29185903 0.075527176 -0.9534747
vn -0.29185769 -0.07567174 -0.95346361
vn -0.35618281 0.078485191 -0.93111432
vn -0.43308151 -0.053524259 -0.89976418
vn -0.32393104 -0.021023022 -0.94584709
vn -0.32856306 -0.029117089 -0.94403309
vn -0.37879011 0.0098794671 -0.92542988
vn -0.4409537 -0.31652513 -0.83986408
vn -0.43731049 0.18606259 -0.87985241
vn -0.35160446 0.012125107 -0.93607014
vn -0.43910486 -0.18956445 -0.87820971
vn -0.43729806 -0.18556391 -0.87996387
vn -0.3518118 -0.011990866 -0.93599397
vn -0.2199087 -0.97404742 0.053588577
vn -0.1901284 -0.97793984 0.086515322
vn -0.14087941 -0.97505397 0.17153068
vn 1.1741847e-13 -0.9238795 -0.38268358
vn -1.1741847e-13 0.9238795 -0.38268358
vn -0.60391903 -0.28107655 -0.74584031
vn -0.48204616 -0.418865 -0.76953465
vn -0.49619874 -0.36089572 -0.78964621
vn -0.47945365 0.42489207 -0.76784825
vn -0.49406469 0.35979837 -0.79148293
vn -0.43480864 0.39783052 -0.80788136
vn -0.42201614 -0.087477967 -0.902358
vn -0.42201868 -0.08747188 -0.9023574
vn -0.41320685 -0.19123231 -0.89033157
vn -0.41320163 -0.19122443 -0.89033568
vn -0.4600575 -0.24880481 -0.85231644
vn -0.4475143 0.25472647 -0.85723126
vn -0.40532514 0.13297397 -0.90444982
vn -0.37598801 0.1832355 -0.90832692
vn -0.44750744 0.25471622 -0.85723788
vn -0.38723955 0.0076587275 -0.9219473
vn -0.42734241 -0.087233648 -0.89987153
vn -0.3838765 -0.00062363502 -0.92338425
vn -0.44201171 0.25549841 -0.85985243
vn -0.33701983 0.26816553 -0.90249926
vn -0.44720617 0.0057587977 -0.89441234
vn -0.44511375 -0.0058898814 -0.89545465
vn -0.44745088 0.0057423282 -0.89429009
vn -0.44511253 0.0066764737 -0.89544976
vn -0.48187488 0.27103719 -0.83326793
vn -0.5005703 0.26048416 -0.82557702
vn -0.44102272 0.020061566 -0.89727169
vn -0.42939219 0.068541676 -0.90051341
vn -0.41398731 0.033071987 -0.90968168
vn -0.45033634 -0.0062596966 -0.89283705
vn -0.35201332 0.081685156 -0.93242383
vn -0.41401327 -0.03307344 -0.90966982
vn -0.41568398 -0.036851417 -0.90876222
vn -0.43702856 -0.017585406 -0.89927572
vn -0.47628888 0.018507008 -0.87909406
vn -0.45420116 -8.7082917e-05 -0.89089918
vn -0.5465104 -0.23004499 -0.8052364
vn -0.43106437 -0.31821728 -0.84434664
vn -0.36138472 -0.32883546 -0.87250692
vn -0.51626951 0.24395126 -0.82094675
vn -0.33702651 0.2681703 -0.90249532
vn -0.36138305 -0.32883883 -0.87250632
vn -0.49861011 -0.33344951 -0.80012459
vn -0.54369456 -0.23174831 -0.80665296
vn -0.45559263 -0.0085518472 -0.89014733
vn -0.45493564 -0.017413754 -0.89035404
vn -0.4697974 0.012935458 -0.88267946
vn -0.35306686 0.91304946 -0.20416778
vn -0.25559613 0.96645415 -0.025239961
vn -0.51628149 0.24393512 -0.82094401
vn -0.43106148 -0.31822044 -0.84434694
vn -0.44505632 -0.017511789 -0.89533132
vn -0.46598983 0.002079685 -0.88478762
vn -0.44503829 0.020022975 -0.89528769
vn -0.11862536 0.97591591 0.18307427
vn -0.066690668 0.96054351 0.27001572
vn -0.50127381 0.5658049 -0.65466738
vn -0.53038019 0.39047578 -0.75247961
vn -0.39387587 -0.89276129 -0.21872149
vn -0.31355494 -0.94129646 -0.12507707
vn -0.26221541 -0.96442616 -0.03354419
vn -0.49719274 -0.18219501 -0.84829497
vn -0.52231741 -0.47366711 -0.70910084
vn -0.58057868 -0.34960032 -0.7353285
vn -0.44654718 -0.019776089 -0.8945415
vn -0.49844697 -0.08363349 -0.86287659
vn -0.4405452 0.03504727 -0.89704603
vn -0.44166404 0.035962772 -0.89645946
vn -0.51628089 0.24394785 -0.82094061
vn -0.49700713 -0.19140658 -0.84637308
vn -0.50793058 -0.18089353 -0.84219003
vn -0.51930445 0.55267233 -0.65182525
vn -0.46712178 0.71878892 -0.51491719
vn -0.50093615 0.69560373 -0.51497424
vn -0.39760867 0.86909157 -0.29425701
vn -0.12824 -0.97765142 0.16658998
vn -0.11966297 -0.97724384 0.17514358
vn -0.57518178 -0.50468338 -0.64378619
vn -0.5016557 -0.631172 -0.59157711
vn -0.48813891 0.01951558 -0.87254775
vn -0.48813802 0.019507306 -0.8725484
vn -0.48814034 0.019514225 -0.87254697
vn -0.48031259 -0.017154062 -0.87692964
vn -0.48031226 -0.01715029 -0.87692988
vn -0.48030952 -0.0171526 -0.87693131
vn -0.52007866 0.1242386 -0.8450343
vn -0.47290301 0.20518063 -0.85689187
vn -0.44727445 -0.80623931 -0.38719994
vn -0.55621475 -0.6501413 -0.5176307
vn -0.54258865 0.17264488 -0.82206523
vn -0.53744054 0.31418619 -0.78258848
vn -0.54338741 -0.24124278 -0.8040722
vn -0.58082044 -0.1510022 -0.79990369
vn -0.48971656 -0.084124312 -0.86781383
vn -0.035759799 0.96126479 0.27329701
vn -0.0043278229 0.94583714 0.32461262
vn -0.52518213 -0.12259861 -0.84211242
vn -0.53509659 -0.081518196 -0.84084862
vn -0.52208716 0.12407634 -0.84381872
vn -0.52168161 0.12587133 -0.8438037
vn -0.53509653 -0.081514731 -0.84084904
vn -0.5220871 0.12404578 -0.84382325
vn -0.52667719 -0.016623253 -0.84990281
vn -0.52667677 0.019000981 -0.84985328
vn -0.51729029 0.034302577 -0.85512227
vn -0.53509152 -0.081498943 -0.84085369
vn -0.51729143 0.034305558 -0.85512143
vn -0.45992637 0.035594512 -0.88724333
vn -0.5740267 -0.016011937 -0.81867999
vn -0.56964433 -0.025525251 -0.82149488
vn -0.57139903 0.01834332 -0.82046735
vn -0.56728864 0.027342405 -0.82306498
vn -0.57402635 -0.016014617 -0.81868023
vn -0.57402647 -0.016011089 -0.81868017
vn -0.065973975 -0.97337639 0.21951263
vn -0.014491944 -0.96384698 0.26606193
vn -0.57139969 0.018338028 -0.820467
vn -0.57139945 0.01834468 -0.82046705
vn -0.19512366 -0.0069044768 -0.98075432
vn -0.19512787 -0.0068953154 -0.98075354
vn -0.45991576 0.035624422 -0.88724762
vn -0.51934671 -0.058452383 -0.85256219
vn -0.56417918 -0.0057827295 -0.82563215
vn -0.55080426 -0.01632216 -0.8344748
vn -0.56670892 0.00082289893 -0.82391769
vn -0.56417894 -0.0058124214 -0.8256321
vn -0.56392306 -0.00076946069 -0.82582694
vn -0.55776882 -0.0058110873 -0.82997602
vn -0.5713948 0.018333994 -0.82047051
vn 0.025162963 0.91491234 0.40286753
vn -0.005222233 0.95642358 0.2919361
vn -0.005221121 0.95642269 0.29193899
vn 0.015967211 0.9454155 0.32547593
vn -0.55270779 0.033434417 -0.83270419
vn -0.55245942 0.052198507 -0.83190376
vn -0.55080456 -0.016318219 -0.83447474
vn 0.00093781465 0.91520154 0.40299541
vn -0.59645081 -0.0057005631 -0.80262941
vn -0.59645331 0.0056624277 -0.8026278
vn -0.5663169 0.44707167 -0.69239593
vn -0.58253664 0.28556004 -0.7609905
vn -0.57827526 0.10444937 -0.80912799
vn -0.57839215 0.22586827 -0.78386605
vn -0.57911921 -0.36513999 -0.728899
vn -0.62577927 -0.2529389 -0.73784971
vn -0.58089221 -0.1665445 -0.79676044
vn -0.61167365 -0.089417785 -0.78604054
vn 0.013483031 -0.94713485 0.32055223
vn 0.0093841776 -0.94897711 0.31520534
vn 0.013486363 -0.94713306 0.32055742
vn -0.19493502 0.97638988 0.093075782
vn -0.26692927 0.96332562 -0.02743122
vn -0.0012289421 -0.9472205 0.32058039
vn -0.28658259 -0.95729607 -0.038140174
vn -0.25501722 -0.96692371 -0.0049801567
vn -0.58480829 0.43332312 -0.68573344
vn -0.54813075 0.6025331 -0.58009183
vn -0.60791934 0.039169762 -0.79303199
vn -0.61172903 0.15540321 -0.77565289
vn -0.60893446 -0.038038511 -0.79230791
vn -0.63356555 -0.39093915 -0.66765356
vn -0.57307762 -0.51479977 -0.63762307
vn -0.33539045 0.93427348 -0.12102196
vn -0.43411553 0.850142 -0.29799718
vn -1.2339976e-13 0.97094184 0.23931551
vn -0.57612687 0.58118623 -0.5747177
vn -0.48694643 0.7861082 -0.38067976
vn -0.47620127 -0.82384443 -0.30742919
vn -0.39254966 -0.89392287 -0.21634839
vn -0.53048605 -0.71120262 -0.46127582
vn -0.62674564 -0.53551787 -0.5660482
vn -0.00067974429 0.9564364 0.29194
vn -0.61776376 0.3426939 -0.70776325
vn -0.6249848 0.19999595 -0.75458306
vn -0.62473589 -0.27565205 -0.73056209
vn -0.66314751 -0.17506544 -0.72772759
vn -0.65980047 0.075983308 -0.74758935
vn -0.65584522 -0.0065750284 -0.75486678
vn -0.66023344 -0.074860185 -0.74732041
vn -0.65631425 0.0067882189 -0.75445712
vn -0.16913073 0.98080456 0.097042017
vn -0.11982492 0.97708488 0.17591791
vn -0.59644425 -0.0057005058 -0.80263424
vn -0.59644657 0.0056623705 -0.80263281
vn -0.695759 -0.013211426 -0.71815377
vn -0.6864239 -0.0028021296 -0.72719628
vn -0.68716681 0.020795213 -0.72620201
vn -0.68726742 -0.020473277 -0.72611594
vn -0.68612593 0.012437165 -0.72737646
vn -0.18174918 -0.98039204 0.076148741
vn -0.16735984 -0.9817856 0.08993198
vn -0.69581097 0.0024480857 -0.71822083
vn -0.00067974429 0.9564355 0.29194289
vn 0.0043063476 0.97735405 0.21156675
vn 0.0078203883 0.98421681 0.17679386
vn -0.00067986466 0.95643425 0.29194704
vn -0.0012289421 -0.94722027 0.32058114
vn -0.0012291394 -0.94721848 0.32058635
vn 0.0044411337 -0.97735357 0.21156621
vn -0.65936929 0.25738049 -0.70639044
vn -0.66107446 0.13285829 -0.73846412
vn -0.6378963 0.32843518 -0.69657636
vn -0.61499596 0.48776385 -0.61956954
vn -0.66289878 -0.2016886 -0.72103184
vn -0.69417006 -0.11512446 -0.71054506
vn -0.68022925 -0.29369071 -0.67159063
vn -0.6310901 -0.40903458 -0.65910244
vn -0.072122954 0.98087507 0.18078256
vn -0.040277898 0.97222275 0.23056577
vn -0.075569846 -0.98220789 0.17192115
vn -0.33657739 0.93382716 -0.12117114
vn -0.26034713 0.96551353 0.0017255413
vn 0.0024472994 0.9725889 0.23251852
vn 0.014595252 0.95633256 0.29191601
vn -0.034470186 0.98366201 0.1766942
vn -0.63981038 0.46812108 -0.60951239
vn -0.56917602 0.68862498 -0.4492597
vn -0.72386217 0.056310281 -0.68764287
vn -0.69314831 0.18821141 -0.69578868
vn -0.69358385 0.14357096 -0.70592415
vn -0.69461775 -0.14178936 -0.70526725
vn -0.72444075 -0.055351678 -0.6871112
vn -0.3227278 -0.94158685 -0.096234135
vn -0.35729474 -0.92485499 -0.1303215
vn -0.60423225 -0.60861897 -0.51428235
vn -0.68448418 -0.42664582 -0.59114695
vn -0.0095822662 -0.9784382 0.20631728
vn -0.0095808189 -0.97843778 0.20631944
vn 0.057604074 -0.97272986 0.22467384
vn -0.11498392 -0.9894138 0.088538431
vn -0.11492529 -0.9894163 0.088586278
vn -0.41710296 0.88404691 -0.21091743
vn -0.51290184 0.76988667 -0.37974492
vn -0.68119228 0.24348946 -0.69042736
vn -0.66841233 0.38525781 -0.63624007
vn -0.55458975 -0.73904806 -0.382411
vn -0.47131118 -0.82980353 -0.29881752
vn -0.71822566 -0.21639729 -0.66130483
vn -0.67791402 -0.32097703 -0.661367
vn -0.74162114 0.090193689 -0.66472793
vn -0.73875302 0.014758493 -0.67381459
vn -0.742064 -0.089231037 -0.66436344
vn -0.73921877 -0.014464066 -0.67330998
vn 0.0037565106 -0.97847629 0.20632514
vn -0.77278602 0.0011670904 -0.63466555
vn -0.77278608 -0.0011647771 -0.63466549
vn -0.17142233 0.98151833 0.085065253
vn -0.22314385 0.97476685 0.0060316962
vn -0.77280128 0.0011668311 -0.63464695
vn -0.76849502 0.0065216874 -0.63982248
vn -0.76923639 0.04508255 -0.63737196
vn -0.76934034 -0.044675939 -0.63727504
vn -0.76842046 -0.0012375882 -0.63994414
vn -0.77278453 -0.006755773 -0.63463253
vn -0.22044495 -0.97539878 -0.001132513
vn -0.23710215 -0.97134882 -0.016247716
vn -0.69172508 0.36727884 -0.62178987
vn -0.64019024 0.58587337 -0.49689925
vn -0.71761525 0.1750077 -0.67409247
vn -0.71112394 0.30124557 -0.63525885
vn -0.7493785 -0.15529501 -0.6436733
vn -0.71685266 -0.24598153 -0.65239203
vn -0.66556114 -0.51060337 -0.54434603
vn -0.73061717 -0.33248907 -0.5963636
vn -1.2616619e-13 0.99270892 0.12053644
vn 1.2616619e-13 -0.99270892 0.12053644
vn 1.2600554e-13 -0.99144489 -0.13052613
vn -1.2600554e-13 0.99144489 -0.13052613
vn -0.1079547 0.9900291 0.090488531
vn -0.078167297 0.98776174 0.13496885
vn -0.32960722 0.93984514 -0.089722924
vn -0.40701336 0.8888185 -0.21057497
vn -0.11179703 -0.99034286 0.081990801
vn -0.14863651 -0.98713571 0.058909602
vn -0.07601659 -0.98272771 0.16872385
vn -0.74814641 0.12089878 -0.6524266
vn -0.74557948 0.2311497 -0.62504482
vn -0.77477115 -0.10773683 -0.62299472
vn -0.74886101 -0.1833251 -0.63686663
vn -0.42888817 -0.87681741 -0.21736184
vn -0.39085394 -0.90216535 -0.18256749
vn -0.49769157 0.81710118 -0.29094461
vn -0.58625084 0.67649883 -0.44571215
vn -0.62582016 -0.6435889 -0.44061595
vn -0.5469026 -0.75150573 -0.36896709
vn -0.0014927122 0.9842453 0.17680214
vn -0.069252066 0.99584973 0.059054524
vn -0.025642769 0.99218726 0.12209363
vn 0.0040248637 0.99037766 0.13833253
vn -0.73388934 0.28501475 -0.61658168
vn -0.69811618 0.48932016 -0.52268499
vn -0.71532553 -0.42453679 -0.55504763
vn -0.76753074 -0.25738236 -0.58706975
vn -0.010727899 -0.9916448 0.12855142
vn -0.05720317 -0.99028856 0.12671398
vn -0.77347779 0.080218427 -0.62872654
vn -0.77305871 0.17318815 -0.61023444
vn -0.79504883 -0.07234735 -0.60221523
vn -0.77477705 -0.13262273 -0.618168
vn 0.0015241005 0.98424524 0.1768021
vn 0.0037566773 -0.97847581 0.20632745
vn -0.81325042 0.037886031 -0.5806793
vn -0.79482991 0.09292832 -0.5996747
vn -0.79445052 0.12649928 -0.59400868
vn -0.81343997 -0.037542868 -0.58043599
vn -0.79525918 -0.092156827 -0.59922451
vn -0.27978709 0.95612705 -0.086834371
vn -0.2259586 0.97410476 -0.0079110935
vn -0.8283329 0.011575322 -0.56011665
vn -0.82832909 -0.011524744 -0.56012326
vn -0.2773124 -0.95618922 -0.093808249
vn -0.29300809 -0.95008814 -0.10713898
vn -0.82099992 0.011765438 -0.5708071
vn -0.82142192 0.05818193 -0.5673455
vn -0.82833642 -0.011524554 -0.56011248
vn -0.82135934 -0.022113347 -0.56998229
vn -0.82152855 -0.057769153 -0.5672332
vn -0.76894581 0.21657681 -0.60151213
vn -0.74411982 0.40613389 -0.53041577
vn -0.82819563 0.022065058 -0.56000459
vn -0.12269641 -0.99197233 0.030601395
vn -0.065934785 -0.9958086 0.063386552
vn -0.75677991 -0.3456406 -0.55481237
vn -0.79741508 -0.19605201 -0.57069504
vn -0.0012667264 -0.99601495 0.089177079
vn -0.57393676 0.7366004 -0.35779393
vn -0.65092105 0.57769239 -0.49251726
vn -0.68696934 -0.54578131 -0.47978732
vn -0.61587882 -0.66454506 -0.4231703
vn -0.39977741 0.89954972 -0.17603488
vn -0.47659111 0.82896614 -0.2927047
vn -0.14359719 0.98963618 -0.00018895335
vn -0.11573324 0.99249333 0.039532755
vn -0.14966868 0.98872912 -0.0037468311
vn -0.45810121 -0.84953105 -0.2616109
vn -0.49955845 -0.81403434 -0.29629278
vn -0.797849 0.1604993 -0.58109975
vn -0.78135449 0.33125672 -0.52891791
vn -0.19294326 -0.98058128 -0.03511738
vn -0.153483 -0.98807883 -0.011964413
vn -0.79056895 -0.27451167 -0.54739755
vn -0.8213405 -0.14650571 -0.5513038
vn -1.2709285e-13 1 -2.9999999e-15
vn -0.00092972146 0.99824589 0.059196617
vn -0.065358035 0.99701297 0.041151468
vn -0.096080974 -0.99533767 -0.0084487889
vn -0.012788605 -0.99402267 0.10842231
vn -0.016419781 -0.99929488 0.033765711
vn -0.82130593 0.1160472 -0.55856031
vn -0.81089449 0.26433632 -0.52208859
vn -0.8174054 -0.21146643 -0.53584546
vn -0.83998686 -0.10745875 -0.5318597
vn -0.00092980254 0.99824661 0.059184931
vn 0.010703552 0.99818987 0.059181567
vn -0.00092980254 0.99824578 0.059199218
vn -3.6390824e-07 0.9989931 0.044864312
vn -0.0012654795 -0.99899226 0.044864867
vn 0.010697216 0.99818909 0.059195746
vn 0.0016053111 -0.99601877 0.089129478
vn 0.0016083897 -0.99601448 0.089177102
vn -0.0018442392 -0.99601406 0.089177065
vn -0.2824102 0.95407468 -0.099929996
vn -0.33705497 0.92466271 -0.17718029
vn -0.64230722 0.64856613 -0.40841576
vn -0.70474482 0.48418385 -0.51855642
vn -0.83357024 0.20515069 -0.51290727
vn -0.83981466 0.081234418 -0.53676093
vn -0.83803755 -0.15563419 -0.52294463
vn -0.85385275 -0.076665245 -0.51483774
vn -0.73647642 -0.45597425 -0.49968988
vn -0.67515761 -0.57760853 -0.45883608
vn -0.34128252 -0.92183334 -0.18371038
vn -0.098063275 -0.9946509 -0.032451961
vn -0.15780443 -0.98533541 -0.064899482
vn -0.85370332 0.053199552 -0.51803517
vn -0.85019654 0.152413 -0.50392079
vn -0.8531239 -0.10544142 -0.51094198
vn -0.86332417 -0.051252954 -0.50204033
vn -0.46926484 0.84558821 -0.2545017
vn -0.54355651 0.75598383 -0.36473933
vn -0.86148858 0.10431914 -0.49694562
vn -0.86317021 0.023065247 -0.50438595
vn -0.86500901 0.018956309 -0.50139815
vn -0.82816207 0.022066055 -0.56005418
vn -0.86319572 -0.018976454 -0.50451267
vn -0.82815635 -0.02191784 -0.56006849
vn -0.033229046 0.99944699 0.0012457457
vn -0.045499984 0.99896371 0.0010987403
vn -0.52324456 -0.78512591 -0.3313494
vn -0.56712627 -0.73871732 -0.36423141
vn -0.86490595 -0.024367401 -0.50134212
vn -0.018999593 -0.99970698 0.01499788
vn 0.029951476 -0.99952662 -0.0070336466
vn -0.065850414 -0.99607956 -0.059069339
vn -0.065850168 -0.99607962 -0.059069011
vn -0.21878783 0.97069424 -0.099421106
vn -0.19766106 -0.97444731 -0.10668903
vn -0.23730053 -0.96296656 -0.12799966
vn -3.4560688e-07 -0.99988747 0.015000049
vn -0.69986707 0.56182724 -0.44106269
vn -0.74824679 0.40302792 -0.526968
vn -0.77552336 -0.37957296 -0.5044679
vn -0.72436821 -0.49680147 -0.4779948
vn -0.087839156 0.99456519 -0.055896379
vn -0.11917618 0.99127662 -0.0562822
vn -0.12007169 -0.98717004 -0.10525244
vn -0.037209827 -0.99728185 -0.0635949
vn -4.9306186e-07 0.99988753 -0.014996311
vn -0.02403168 0.9995988 -0.01499198
vn -3.4503961e-07 -0.99824631 -0.059197497
vn -0.001265482 0.99899226 -0.044864222
vn 0.0016083398 0.99601465 -0.089175537
vn -1.2616619e-13 0.99270892 -0.12053644
vn 1.2600554e-13 -0.99144489 0.13052607
vn -1.2600554e-13 0.99144489 0.13052607
vn 1.2616619e-13 -0.99270892 -0.12053644
vn -9.7857861e-05 -0.99899304 -0.044864852
vn -0.33904383 0.92186654 -0.18764703
vn -0.39411494 0.88062745 -0.26299939
vn -0.00092968694 -0.99824584 -0.059197802
vn -0.42060712 -0.86798275 -0.26399931
vn -0.42423111 -0.8656823 -0.26574814
vn -0.33328432 -0.93179178 -0.14382502
vn -0.53650302 0.77962613 -0.3230288
vn -0.6053558 0.67412424 -0.42320305
vn -0.16737887 0.97842228 -0.12113688
vn -0.21042693 0.97010911 -0.12086719
vn -0.5844695 -0.71186572 -0.38941315
vn -0.62851399 -0.65589541 -0.41805664
vn -0.74642289 0.48268285 -0.45811588
vn -0.78436971 0.32915902 -0.52575517
vn -0.19257525 -0.96828198 -0.15920055
vn -0.13220955 -0.98280305 -0.12891395
vn -0.80720973 -0.31087148 -0.50176829
vn -0.76626569 -0.41826937 -0.48773724
vn 1.2587173e-13 -0.99039191 -0.13828924
vn -0.012276548 0.99594086 -0.089168936
vn -0.018401282 0.99512178 -0.09692315
vn -0.012279307 0.99594045 -0.089173131
vn -0.067492351 0.99298984 -0.097035706
vn -0.26323965 0.9455176 -0.19157602
vn 0.0019451475 -0.9982444 -0.059197504
vn 0.0019443284 -0.99824435 -0.05919854
vn -0.041201692 -0.99356997 -0.10545698
vn -0.24278766 -0.94937515 -0.19935142
vn -0.28075883 -0.93478024 -0.21762432
vn -0.31608251 -0.92834395 -0.19562541
vn -0.78517938 0.40684357 -0.46687433
vn -0.8138814 0.26252601 -0.51834083
vn -0.83242494 -0.24939926 -0.49484211
vn -0.80111295 -0.34281135 -0.49061024
vn -0.11074283 0.98199058 -0.15307027
vn -0.15345913 0.9763245 -0.15244907
vn -0.36271411 -0.89155787 -0.27122506
vn -0.37746346 -0.88337857 -0.27778351
vn -0.059662681 -0.98510313 -0.16128276
vn -0.1433723 -0.96909475 -0.20074782
vn -0.0012667325 0.99601471 -0.089179777
vn -0.00092968694 -0.99824578 -0.059198625
vn -0.0012667445 0.99601489 -0.089178048
vn 0.0044410401 0.97735345 -0.2115667
vn 0.0037569001 0.97847539 -0.20632938
vn 0.0037566226 0.97847611 -0.2063259
vn -0.00092970073 -0.99824584 -0.05919759
vn 0.0015240776 -0.98424542 -0.17680106
vn 0.0045169443 -0.97735322 -0.21156622
vn -0.59915239 0.70502502 -0.37941557
vn -0.6590898 0.59105223 -0.46503538
vn -0.48120892 0.80962324 -0.33607769
vn -0.39522535 0.87819171 -0.26939973
vn -0.43035448 0.84564924 -0.31570929
vn -0.63934243 -0.63506538 -0.43351269
vn -0.68051177 -0.57381529 -0.45567504
vn -0.47729477 -0.81134844 -0.33749583
vn -0.48493946 -0.8055442 -0.34048826
vn -0.02279054 0.99575698 -0.089154959
vn -0.88331693 0.025238961 -0.46809635
vn -0.89487898 0.056181144 -0.44275877
vn -0.89471102 -0.055830959 -0.44314232
vn -0.88332188 -0.02515181 -0.46809173
vn -0.81673795 0.33448532 -0.4701688
vn -0.83737344 0.20328446 -0.50742596
vn -0.8518849 -0.19472972 -0.48618156
vn -0.82912827 -0.27148882 -0.4887127
vn -0.20182164 0.95547086 -0.21527542
vn -0.25484982 0.94334704 -0.21248049
vn -0.011341936 -0.98418325 -0.17678988
vn -1.2339976e-13 0.97094184 -0.23931551
vn -0.16712801 -0.96018821 -0.22384566
vn -0.22622733 -0.94124877 -0.25074276
vn -0.84151828 0.26616731 -0.47010839
vn -0.85549223 0.15051019 -0.49545908
vn -0.86627239 -0.1456016 -0.47788319
vn -0.85080099 -0.20433973 -0.48413113
vn -0.035988327 0.97784919 -0.20619372
vn -0.026841486 0.9804306 -0.19502661
vn -0.089974828 0.97680587 -0.19430614
vn -0.30716172 0.90944284 -0.28029522
vn -0.011342684 -0.98418307 -0.1767908
vn -0.043565352 -0.97827017 -0.20270553
vn -0.32293558 -0.89660531 -0.30300418
vn -0.28842202 -0.91298676 -0.28856176
vn -0.8688134 0.10268244 -0.48437551
vn -0.8601048 0.2015935 -0.46859348
vn -0.87613463 -0.10035831 -0.47150433
vn -0.86666143 -0.14074254 -0.47863296
vn -0.65429735 0.62757939 -0.42194679
vn -0.70385432 0.51306897 -0.49127319
vn -0.68674576 -0.5592038 -0.46440431
vn -0.72271675 -0.49796557 -0.47928154
vn -0.87305236 0.13982666 -0.4671489
vn -0.87776554 0.057956781 -0.47557193
vn -0.88182449 -0.057169631 -0.4680995
vn -0.87717271 -0.079462871 -0.47355428
vn -0.41698018 -0.83844835 -0.35090157
vn -0.42699084 -0.83185297 -0.35454127
vn -0.13334295 0.95933598 -0.24878521
vn -0.18763146 0.95088625 -0.24619044
vn -0.88331598 0.025238957 -0.46809816
vn -0.88250536 0.029136335 -0.46939895
vn -0.8807587 0.07954514 -0.46683684
vn -0.88256276 -0.025147278 -0.46952164
vn -0.88319522 -0.030294187 -0.46802616
vn -0.53266537 0.74365115 -0.40404275
vn -0.16535501 -0.94145787 -0.29379389
vn -0.082804188 -0.96267456 -0.25768414
vn -0.53154892 -0.74565125 -0.40182084
vn -0.54265326 -0.73585618 -0.40502238
vn -0.02035287 0.97827959 -0.20628808
vn 0.0078200912 -0.98421633 -0.17679676
vn -0.23557404 0.9222008 -0.3066766
vn -0.29903287 0.90589911 -0.2998769
vn -0.20240644 -0.92688507 -0.31609452
vn -0.25833508 -0.90473473 -0.33870047
vn -0.70071185 0.55217898 -0.45177573
vn -0.74236792 0.43599987 -0.50871795
vn -0.72840548 -0.48185509 -0.48707408
vn -0.75859833 -0.42342246 -0.49521914
vn 1.1741846e-13 -0.92387938 0.38268372
vn -1.1741846e-13 0.92387938 0.38268372
vn -0.00067978917 -0.95643485 -0.29194507
vn -0.030089766 -0.956002 -0.29181293
vn -0.040284399 0.95572352 -0.29149562
vn -0.064282611 0.94526225 -0.31991717
vn -0.11216252 0.95061302 -0.28940368
vn -1.1883386e-13 0.93501616 -0.35460508
vn 1.1883386e-13 -0.93501616 -0.35460508
vn -0.41772842 0.83791727 -0.35127997
vn -0.35043192 0.86270332 -0.36460993
vn -0.3343493 -0.86545807 -0.37308565
vn -0.36387217 -0.84888476 -0.38339499
vn -0.030088136 -0.95600265 -0.29181099
vn -0.038868513 -0.95358557 -0.29860312
vn -0.53512055 0.74613291 -0.39614612
vn -0.47022253 0.77752411 -0.41754881
vn -0.46968263 -0.77523321 -0.42238811
vn -0.47485289 -0.7713027 -0.42380056
vn -0.58371633 0.67009914 -0.45852196
vn -0.001228773 0.94722068 -0.32057998
vn -0.58149517 -0.67456329 -0.45478323
vn -0.59414047 -0.66193575 -0.45698813
vn -0.15512815 0.92675698 -0.34213567
vn -0.22133726 0.91532254 -0.33644378
vn -0.74094713 0.4759393 -0.47379225
vn -0.77497637 0.36019647 -0.51929772
vn -0.106216 -0.93003982 -0.35177273
vn -0.18551759 -0.90467411 -0.38359874
vn -0.76432347 -0.4036057 -0.50290364
vn -0.78854609 -0.35044545 -0.5053544
vn -0.0012288431 0.94721985 -0.32058236
vn -0.022934895 0.94697142 -0.32049829
vn -0.00067974342 -0.95643544 -0.2919431
vn -0.26854694 0.87875348 -0.39455652
vn -0.34293941 0.85815811 -0.38204342
vn -0.28889903 -0.85912567 -0.42242214
vn -0.23798856 -0.88296056 -0.40465063
vn -0.82595837 0.27466542 -0.49229226
vn -0.7752161 0.3991088 -0.48964491
vn -0.79115099 0.33824137 -0.50958109
vn -0.80238736 -0.28490627 -0.52440721
vn -0.0012288431 0.94721901 -0.32058483
vn -0.022934768 0.94697058 -0.32050076
vn -0.46888059 0.77639139 -0.42115015
vn -0.39265719 0.80596763 -0.44298586
vn -0.00067974342 -0.95643485 -0.29194516
vn -0.039905977 -0.95567316 -0.29171267
vn 0.0047068596 0.89603424 -0.44396007
vn 0.0029586526 0.90266365 -0.43033659
vn 0.0029587026 0.90266317 -0.43033764
vn 0.00093769463 -0.91520298 -0.40299213
vn 0.003149326 -0.89603972 -0.44396278
vn 0.0058312798 0.92220163 -0.38666546
vn -0.095487416 0.89854246 -0.42837313
vn -0.095486544 0.89854306 -0.42837214
vn -0.13368572 0.91470748 -0.38136378
vn -0.37965918 -0.8076511 -0.45117465
vn -0.40348196 -0.79229331 -0.45768288
vn -0.052948009 -0.91391969 -0.40242678
vn -0.052948199 -0.91391957 -0.40242702
vn -0.033313159 -0.91924661 -0.39227024
vn -0.6282115 0.59588188 -0.50027508
vn -0.58683175 0.6740312 -0.44867632
vn -0.5168944 0.70878577 -0.48004469
vn -0.62581259 -0.60159838 -0.49642521
vn -0.63789326 -0.5882445 -0.49705192
vn -0.5179528 -0.70574981 -0.48336542
vn -0.51974434 -0.7042169 -0.48367798
vn -1.125351e-13 0.88545579 -0.46472362
vn -0.87206721 0.010320355 -0.4892773
vn -0.87206972 -0.010034177 -0.48927873
vn -0.83590388 0.2114996 -0.50649047
vn -0.8448028 -0.20676903 -0.49351269
vn -0.83365101 -0.22964126 -0.50228572
vn -0.80377078 -0.36997071 -0.46591219
vn -0.17594363 0.88436592 -0.43236643
vn -0.25462726 0.86994541 -0.4223268
vn -0.12980525 -0.88727301 -0.44260272
vn -0.20378974 -0.85910428 -0.46947798
vn 0.0089719305 -0.91516662 -0.40297586
vn -0.85161155 0.14556964 -0.50355458
vn -0.8415342 0.22770736 -0.48986682
vn -0.85786521 -0.14307424 -0.49355546
vn -0.85050052 -0.15909758 -0.50133502
vn -0.30059889 0.82549268 -0.47770506
vn -0.38608989 0.80090165 -0.45770201
vn -0.27336863 -0.8288812 -0.48808354
vn -0.31806645 -0.80486292 -0.50102836
vn -0.66791457 0.51832587 -0.53406775
vn -0.63153541 0.60081714 -0.4900834
vn -0.85617918 0.15850177 -0.49176657
vn -0.8622238 0.081789181 -0.49988061
vn -0.86592746 -0.080808967 -0.49359861
vn -0.86188173 -0.090065844 -0.49904707
vn -0.66557038 -0.52499026 -0.53047276
vn -0.6768446 -0.51136011 -0.52952075
vn -0.51637661 0.70824808 -0.48139361
vn -0.43255815 0.74131668 -0.51316959
vn -0.42202598 -0.7421326 -0.52070457
vn -0.44104162 -0.72838825 -0.52434039
vn -0.8678928 0.010294023 -0.49664485
vn -0.86532158 0.090230122 -0.49302849
vn -0.55850351 0.63681364 -0.53154701
vn -0.87206626 -0.010034154 -0.48928493
vn -0.86787671 -0.022639325 -0.4962635
vn -0.87188143 0.022899957 -0.48918131
vn -0.068173304 0.877047 -0.47554278
vn -0.15456946 0.86940449 -0.46930176
vn -0.55995935 -0.63363695 -0.5338068
vn -0.56041569 -0.63320678 -0.53383839
vn -0.078587219 -0.85846692 -0.50681221
vn -0.026018901 -0.87533087 -0.48282391
vn -0.078585841 -0.85846794 -0.50681067
vn 1.0082957e-13 -0.79335362 0.60876107
vn -1.0082954e-13 0.79335338 0.60876137
vn 1.0635239e-13 -0.83680868 -0.54749542
vn -0.00036013746 -0.86113107 -0.50838286
vn -0.1957683 0.8324064 -0.51843452
vn -0.28734872 0.81526643 -0.50276369
vn -1.0459536e-13 0.8229838 -0.56806481
vn 1.0459538e-13 -0.82298404 -0.56806451
vn -0.22038816 -0.80512935 -0.55063218
vn -0.15330216 -0.83467889 -0.52897036
vn -0.78807676 0.33054414 -0.51930302
vn -0.80576545 0.24162853 -0.54070115
vn 0.0056499308 0.9026491 -0.43034014
vn -0.098483108 0.89827543 -0.42825496
vn -0.81357694 -0.23737782 -0.53079593
vn -0.80382812 -0.2546168 -0.53761566
vn -0.78872836 -0.32849699 -0.51961261
vn -0.70292073 0.43759137 -0.56072831
vn -0.67142922 0.52421308 -0.52381617
vn -0.70076573 -0.44507012 -0.55753022
vn -0.71108347 -0.43155679 -0.55508471
vn -0.00036024701 -0.86113012 -0.50838447
vn -0.0011218309 0.84544772 -0.53405702
vn -0.040109623 0.84476793 -0.53362757
vn -0.33099347 0.76367396 -0.55429715
vn -0.42683083 0.73603177 -0.52542615
vn -0.30686358 -0.76622272 -0.56456846
vn -0.34561026 -0.74286216 -0.57333183
vn -0.5583514 0.63663 -0.53192663
vn -0.59622324 0.55962175 -0.57562262
vn -0.46871799 0.67134553 -0.57410681
vn -0.59819621 -0.556292 -0.57680202
vn -0.5973143 -0.55719644 -0.57684296
vn -0.45960143 -0.6716013 -0.58113533
vn -0.47552022 -0.65895873 -0.58279836
vn -0.823156 0.16702516 -0.54269403
vn -0.81063247 0.25347263 -0.52785093
vn -0.82897574 -0.1645993 -0.53451496
vn -0.82211727 -0.17744683 -0.54095829
vn -0.040109295 0.84476823 -0.53362709
vn -0.064406015 0.82443368 -0.56228197
vn -0.17483564 0.81513375 -0.55225849
vn -0.10591582 -0.79050082 -0.60323322
vn -0.073498733 -0.82081574 -0.56644458
vn -0.039253842 -0.86046332 -0.50799799
vn -0.82737058 0.17718104 -0.53297728
vn -0.83512771 0.093794823 -0.54200023
vn -0.83895457 -0.092743404 -0.53624058
vn -0.83475107 -0.10101288 -0.54128277
vn -0.73285788 0.35506281 -0.58038753
vn -0.70665318 0.44439596 -0.55059373
vn -0.73104137 -0.36300406 -0.57775998
vn -0.7401408 -0.35021034 -0.57405949
vn -0.84153533 0.03321752 -0.5391798
vn -0.87189561 0.022900036 -0.48915607
vn -0.83832425 0.10125755 -0.5356859
vn -0.87190032 -0.022663651 -0.48915869
vn -0.84155601 -0.033044133 -0.53915823
vn -0.21429072 0.77162498 -0.59889424
vn -0.31844079 0.75243741 -0.57657039
vn -0.0011218309 0.84544808 -0.53405648
vn -0.17564693 -0.77318454 -0.60937166
vn -0.2354656 -0.74332154 -0.62612224
vn -0.00036024701 -0.86112696 -0.50838983
vn 0.005064188 0.7603963 -0.64943957
vn 0.002229512 0.77636439 -0.63028038
vn 0.0022296596 0.77636325 -0.63028181
vn -0.0011218188 0.84544736 -0.53405762
vn 0.00042025908 -0.79497236 -0.60664546
vn 0.00042021112 -0.79497457 -0.6066426
vn 0.0050735804 -0.76039606 -0.64943981
vn -0.83745831 0.023493189 -0.54599607
vn -0.83746159 -0.023202436 -0.5460034
vn -0.085384734 0.84236038 -0.53210759
vn -0.59650409 0.5600009 -0.5749625
vn -0.63012391 0.47724664 -0.61251897
vn -0.045051366 -0.7941677 -0.60602641
vn -0.35866421 0.69500005 -0.62316525
vn -0.46341091 0.66576999 -0.58480817
vn -0.63277578 -0.4738737 -0.61240387
vn -0.63046914 -0.47642183 -0.61280578
vn -9.5130386e-14 0.74851096 -0.66312242
vn -0.33686608 -0.69680119 -0.63323718
vn -0.3708466 -0.67423648 -0.63865322
vn -0.50174922 0.59470451 -0.62815148
vn -0.4943361 -0.59428245 -0.63439745
vn -0.5068779 -0.58347976 -0.63452834
vn -0.73675478 0.36255118 -0.57074428
vn -0.75743884 0.27194089 -0.59357774
vn -0.75607657 -0.279825 -0.59164697
vn -0.76371664 -0.26839659 -0.58711171
vn -0.053349331 0.77525997 -0.62938529
vn -0.065181442 0.76281691 -0.64332086
vn -0.19394629 0.75262284 -0.62924057
vn -0.045055918 -0.79416317 -0.60603201
vn -0.085434608 -0.75875622 -0.64574754
vn -0.77648717 0.18898739 -0.60112518
vn -0.76136667 0.27967677 -0.58489466
vn -0.77563095 -0.19623874 -0.59990579
vn -0.78165376 -0.1867394 -0.59510154
vn -0.63100553 0.47853595 -0.61060244
vn -0.65983284 0.39085054 -0.64176041
vn -0.66307533 -0.3876926 -0.64033234
vn -0.65964496 -0.39173809 -0.64141238
vn 7.7369182e-14 -0.60876113 0.79335356
vn -7.7369209e-14 0.60876137 0.79335338
vn -0.23088671 0.70306647 -0.6725986
vn -0.3464931 0.68287379 -0.64313757
vn -0.1956725 -0.70392215 -0.68279272
vn -0.24877167 -0.67435181 -0.69524258
vn 8.8575069e-14 -0.69693196 -0.71713722
vn -0.78024894 0.19640011 -0.59383386
vn -0.7899034 0.10639898 -0.60393035
vn -0.7895155 -0.11247987 -0.60333538
vn -0.79386818 -0.10530522 -0.59890246
vn -0.076613918 0.77408445 -0.62842947
vn -0.38377926 0.61869997 -0.68550992
vn -0.49704391 0.58926767 -0.63695443
vn 0.01019147 -0.79492921 -0.60661656
vn -0.53175187 0.51138121 -0.6750772
vn -0.36473599 -0.61962163 -0.6950084
vn -0.39343947 -0.5988912 -0.69752038
vn -0.52641863 -0.51029187 -0.68006295
vn -0.53520435 -0.50216728 -0.67925274
vn -0.79717678 0.042480841 -0.60224962
vn -0.83746326 0.023493228 -0.54598844
vn -0.79323745 0.11283737 -0.59836614
vn -0.79720259 -0.042307384 -0.60222763
vn -0.83746666 -0.023202479 -0.54599565
vn 2.8474791e-05 -0.71766394 -0.69638962
vn -0.053773887 -0.71662557 -0.695382
vn -8.4278138e-14 0.66312265 -0.74851078
vn 8.4278111e-14 -0.66312242 -0.74851096
vn -0.66138303 0.39323869 -0.63869852
vn -0.68487597 0.30170515 -0.66326386
vn -0.68850708 -0.29904965 -0.66070217
vn -0.68441051 -0.30416277 -0.6626215
vn -0.78891861 0.027662434 -0.61387479
vn -0.78892356 -0.027339246 -0.6138829
vn -0.00094559271 0.69639111 -0.71766186
vn -0.068448715 0.69475812 -0.71597898
vn -0.069765493 0.69303244 -0.71752268
vn -0.21098396 0.68272793 -0.69954866
vn -0.053775929 -0.71662301 -0.6953845
vn -0.087365761 -0.68924779 -0.719239
vn -0.24547429 0.62648159 -0.73977238
vn -0.37226719 0.60631812 -0.7027058
vn -0.21416798 -0.62659365 -0.74934137
vn -0.25992489 -0.59848261 -0.7577979
vn -0.52798837 0.50673115 -0.68150699
vn -0.55849344 0.42221373 -0.71401727
vn -0.55538791 -0.42064053 -0.71736032
vn -0.56045783 -0.41565013 -0.71632534
vn -0.68707836 0.30519408 -0.65937841
vn -0.70480233 0.21093261 -0.67731905
vn -0.70859659 -0.20900184 -0.67395037
vn -0.70430136 -0.21462725 -0.67667919
vn -0.40645128 0.53482985 -0.74077958
vn -0.0009456405 0.69638973 -0.71766317
vn -0.071222544 0.69462156 -0.71584094
vn -0.39073569 -0.53486949 -0.74915969
vn -0.41352919 -0.51713657 -0.74937534
vn 2.8395278e-05 -0.71766144 -0.69639218
vn -0.70757109 0.21534944 -0.67302883
vn -0.71922547 0.11925818 -0.68446487
vn -0.72299165 -0.11817777 -0.68067402
vn -0.7188732 -0.12378796 -0.68403059
vn -0.0009456405 0.69638985 -0.71766305
vn -0.071222566 0.69462162 -0.71584088
vn -2.8070493e-05 -0.63027042 -0.77637565
vn -0.064183682 -0.62897092 -0.77477485
vn -2.8070492e-05 -0.63028264 -0.77636576
vn -0.064188048 -0.6289829 -0.77476478
vn 0.0052720853 0.57866329 -0.81554949
vn 0.0015692718 0.60664284 -0.79497296
vn 0.0015693194 0.60664207 -0.79497355
vn 0.005478045 -0.57866269 -0.8155486
vn -2.8027021e-05 -0.63028193 -0.77636635
vn -0.065194987 0.61561143 -0.78534847
vn -0.084174745 0.6044898 -0.79215318
vn -0.084174223 0.60449064 -0.79215258
vn -0.22636139 0.60568655 -0.76282656
vn -7.2196996e-14 0.56806499 -0.82298368
vn -0.064188488 -0.62898219 -0.77476531
vn -0.085844822 -0.61212665 -0.78608626
vn -0.7889083 0.02766232 -0.61388803
vn -0.72723031 0.047467988 -0.6847502
vn -0.72242862 0.12431139 -0.68017906
vn -0.78891325 -0.027339127 -0.61389613
vn -0.72725725 -0.047267061 -0.68473554
vn -0.5559749 0.41896573 -0.71788555
vn -0.58155513 0.32832411 -0.74430972
vn -0.58057821 -0.32658756 -0.74583477
vn -0.58238375 -0.32471055 -0.74524641
vn 4.8636334e-14 -0.38268352 0.9238795
vn -4.8636313e-14 0.38268334 0.92387956
vn -0.25814831 0.54215354 -0.79964304
vn -0.39609885 0.52311146 -0.7546258
vn -0.72024399 0.036586087 -0.6927554
vn -0.72025317 -0.036276508 -0.6927622
vn -0.23134975 -0.54159832 -0.8081761
vn -0.26910725 -0.51621926 -0.81307995
vn -0.42663571 0.44403398 -0.78791863
vn -0.41467375 -0.44333693 -0.7946685
vn -0.43128231 -0.42952541 -0.79341257
vn 6.6515729e-14 -0.52336329 -0.85210967
vn -0.58049834 0.32693061 -0.74574661
vn -0.60038167 0.23092788 -0.76564628
vn -0.60131991 -0.2293842 -0.76537395
vn -0.60047674 -0.23030293 -0.76575994
vn -0.063023269 0.5309059 -0.84508401
vn -0.10006016 0.50583637 -0.85680658
vn -0.10006221 0.50583214 -0.85680884
vn -0.24040279 0.52207726 -0.81831646
vn -0.075767748 -0.53252321 -0.84301734
vn -0.075768232 -0.53252226 -0.84301794
vn -0.0818922 -0.5279119 -0.8453418
vn 0.00048614189 -0.53405833 -0.84544748
vn -5.9062998e-14 0.46472326 -0.88545597
vn 5.9062998e-14 -0.46472326 -0.88545597
vn -0.60092044 0.23164189 -0.76500762
vn -0.61436874 0.13108198 -0.77805436
vn -0.61699301 -0.13006924 -0.77614534
vn -0.61415958 -0.1332801 -0.77784604
vn -0.444166 0.34717658 -0.8259449
vn -0.41801286 0.43398544 -0.79807389
vn -0.43618488 -0.34600914 -0.83067471
vn -0.44672757 -0.33669817 -0.82889616
vn -0.26898104 0.45076019 -0.8511548
vn -0.24723877 -0.44969448 -0.85828191
vn -0.2765789 -0.42825773 -0.86029029
vn -0.0006999998 0.50838768 -0.86112803
vn -0.72022361 0.036585793 -0.69277662
vn -0.62814361 0.044423934 -0.77682823
vn -0.61660552 0.13401698 -0.77578157
vn -0.62213725 0.052123722 -0.78117114
vn -0.7202332 -0.036276218 -0.69278288
vn -0.6281572 -0.044158019 -0.77683246
vn -0.62216508 -0.051895492 -0.78116417
vn -0.0007002913 0.50838351 -0.86113048
vn 0.00048607591 -0.53405738 -0.84544808
vn 1.6588966e-14 -0.13052635 0.99144483
vn -1.6588957e-14 0.13052629 0.99144483
vn -0.45867836 0.24530317 -0.85407287
vn -0.4378401 0.33972752 -0.8323949
vn -0.45468274 -0.24404484 -0.85656625
vn -0.45969197 -0.23937401 -0.85520953
vn -0.057986919 0.43984637 -0.89619905
vn -0.068563767 0.50718945 -0.8591029
vn -0.11578902 0.40028131 -0.90904772
vn -0.25331154 0.43271202 -0.86521304
vn -0.088061474 -0.42866823 -0.89916003
vn -0.076117806 -0.43740481 -0.89603746
vn -0.088060856 -0.42866811 -0.89916015
vn -0.088062018 -0.4286651 -0.89916146
vn -0.27802405 0.35304755 -0.89334208
vn -0.26179758 -0.35171109 -0.89875543
vn -0.28262547 -0.33525619 -0.89873588
vn -0.00040736672 -0.43034005 -0.90266675
vn -0.0007002913 0.50838572 -0.86112916
vn -0.00040736672 -0.43033692 -0.90266824
vn 0.00541085 0.36185163 -0.93221998
vn 0.00097782421 0.4029929 -0.91520256
vn 0.00097793387 0.40299171 -0.91520309
vn -0.00040741119 -0.4303399 -0.90266681
vn 0.0088126427 -0.32057002 -0.94718385
vn 0.0088126035 -0.32057047 -0.94718367
vn 0.0019791743 -0.36185634 -0.93223178
vn -4.5067736e-14 0.35460481 -0.93501627
vn -0.46963003 0.13950828 -0.87177122
vn -0.45517549 0.24119851 -0.85711056
vn -0.4695726 -0.13855721 -0.87195385
vn -0.46971369 -0.13841912 -0.87189978
vn -0.51112586 0.034517676 -0.85881251
vn -0.51113707 -0.03414863 -0.85882056
vn -0.51114541 0.0345181 -0.85880083
vn -0.47472271 0.067021802 -0.87757987
vn -0.46948221 0.13933805 -0.87187809
vn -0.51115668 -0.034149058 -0.85880888
vn -0.47473836 -0.06689392 -0.87758118
vn -0.070118807 0.4020012 -0.9129504
vn -0.10235447 0.343566 -0.93353415
vn -0.26527274 0.3383688 -0.90284932
vn -0.093895197 -0.34152734 -0.93516994
vn -0.10056929 -0.31895715 -0.94241828
vn -0.28524742 0.24982215 -0.92532307
vn -0.27489123 -0.24850002 -0.92880708
vn -0.28743672 -0.23782858 -0.92780262
vn -3.041532e-14 0.23931576 -0.97094178
vn 3.041532e-14 -0.23931576 -0.97094178
vn -0.076245949 -0.31964973 -0.94446313
vn -0.00038573294 0.29194468 -0.95643514
vn -0.072833233 0.29116935 -0.95389503
vn -0.2904624 0.14200398 -0.94629091
vn -0.27636278 0.23975769 -0.93066633
vn -0.28639528 -0.14102726 -0.94767559
vn -0.29100585 -0.13682027 -0.94688743
vn -0.37051669 0.025859229 -0.92846578
vn -0.37052059 -0.025413129 -0.92847651
vn -0.083559863 0.24251033 -0.96654356
vn -0.10169805 -0.24112181 -0.96515167
vn -0.076245651 -0.31965104 -0.94446272
vn -0.37050822 0.025859052 -0.92846918
vn -0.2911714 0.073550798 -0.95383936
vn -0.28664428 0.13780023 -0.948075
vn -0.37051228 -0.025412954 -0.92847985
vn -0.29116797 -0.07347592 -0.95384616
vn -0.00038575803 0.29194364 -0.95643544
vn -0.12305717 0.28972477 -0.94916618
vn 0.0010127927 -0.32058409 -0.94721955
vn -0.00071756891 -0.20632826 -0.97848254
vn -0.076197505 -0.20572846 -0.97563809
vn -0.00071756891 -0.20632792 -0.97848266
vn -0.076197326 -0.20572811 -0.97563821
vn -0.00038575803 0.29194719 -0.95643437
vn -0.12305892 0.28972822 -0.94916493
vn 0.0054803658 0.12310471 -0.99237853
vn 0.00045557905 0.17680091 -0.98424655
vn 0.00045553691 0.17680176 -0.98424637
vn -0.00071757927 -0.20632812 -0.9784826
vn 0.0052611795 -0.12310475 -0.99237972
vn -1.5319345e-14 0.12053664 -0.99270886
vn -0.10400347 0.13793051 -0.98496622
vn -0.076525152 0.17628248 -0.9813605
vn -0.076525033 0.17628333 -0.98136032
vn -0.076197296 -0.20572832 -0.97563815
vn -0.10533827 -0.13700183 -0.984954
vn 1.3972053e-14 -0.1099358 -0.99393868
vn -0.22534791 0.030992284 -0.97378528
vn -0.2253446 -0.03059333 -0.97379869
vn -0.22535056 0.030992322 -0.97378469
vn -0.081037775 0.063983575 -0.99465519
vn -0.081337973 0.058998972 -0.99493879
vn -0.077797689 -0.088908099 -0.99299693
vn -0.22534725 -0.030593367 -0.97379804
vn -0.077797599 -0.088909552 -0.99299681
vn -0.0920996 -0.061357852 -0.99385756
vn 0.0016084767 -0.089178264 -0.99601436
vn -5.8912258e-07 0.059195112 -0.99824643
vn -0.076590426 0.059022941 -0.99531412
vn -0.076713152 -0.014946485 -0.99694115
vn 0.0016084826 -0.089178368 -0.99601436
vn -5.367279e-07 0.059196014 -0.99824637
vn -5.3761033e-07 -0.014990659 -0.99988765

# Mesh '' with 9912 faces
usemtl DefaultMaterial
f  1//1 2//1 3//1
f  4//2 5//2 3//2
f  2//2 4//2 3//2
f  6//3 1//3 3//3
f  7//4 6//4 3//4
f  5//4 7//4 3//4
f  1//1 8//1 2//1
f  9//5 4//5 2//5
f  10//5 9//5 2//5
f  8//5 10//5 2//5
f  11//6 12//6 13//6
f  12//7 14//7 13//7
f  15//8 11//8 13//8
f  14//9 15//9 13//9
f  16//10 17//10 12//10
f  11//11 16//11 12//11
f  17//12 14//12 12//12
f  17//13 18//13 14//13
f  18//14 15//14 14//14
f  19//15 16//15 11//15
f  15//16 20//16 11//16
f  20//17 19//17 11//17
f  21//18 22//18 19//18
f  22//19 16//19 19//19
f  20//20 21//20 19//20
f  17//21 23//21 18//21
f  23//22 24//22 18//22
f  25//23 15//23 18//23
f  24//24 25//24 18//24
f  10//25 15//25 9//25
f  15//26 25//26 9//26
f  25//26 26//26 9//26
f  26//5 4//5 9//5
f  10//25 20//25 15//25
f  27//27 17//27 16//27
f  28//28 27//28 16//28
f  29//29 28//29 16//29
f  22//30 29//30 16//30
f  27//31 23//31 17//31
f  30//32 31//32 23//32
f  31//33 24//33 23//33
f  27//34 32//34 23//34
f  32//35 30//35 23//35
f  31//36 25//36 24//36
f  33//37 22//37 21//37
f  20//38 33//38 21//38
f  30//39 34//39 31//39
f  34//40 25//40 31//40
f  28//41 35//41 27//41
f  35//42 32//42 27//42
f  33//43 36//43 22//43
f  37//44 29//44 22//44
f  36//45 37//45 22//45
f  38//46 36//46 33//46
f  20//47 38//47 33//47
f  39//48 40//48 35//48
f  28//49 39//49 35//49
f  40//50 41//50 35//50
f  41//51 32//51 35//51
f  42//52 8//52 1//52
f  43//53 42//53 1//53
f  6//54 43//54 1//54
f  42//52 44//52 8//52
f  45//5 10//5 8//5
f  44//5 45//5 8//5
f  46//55 47//55 5//55
f  4//55 46//55 5//55
f  48//4 7//4 5//4
f  47//4 48//4 5//4
f  26//5 46//5 4//5
f  49//56 34//56 30//56
f  32//57 50//57 30//57
f  50//58 49//58 30//58
f  51//59 39//59 28//59
f  29//60 51//60 28//60
f  41//61 50//61 32//61
f  49//62 52//62 34//62
f  52//63 25//63 34//63
f  25//64 53//64 26//64
f  53//64 54//64 26//64
f  54//5 46//5 26//5
f  45//65 20//65 10//65
f  52//66 55//66 25//66
f  55//67 56//67 25//67
f  56//68 53//68 25//68
f  57//69 58//69 20//69
f  58//70 59//70 20//70
f  59//71 38//71 20//71
f  45//65 57//65 20//65
f  60//72 51//72 29//72
f  37//73 60//73 29//73
f  59//74 36//74 38//74
f  61//75 49//75 50//75
f  41//76 62//76 50//76
f  62//77 61//77 50//77
f  49//78 55//78 52//78
f  59//79 63//79 36//79
f  64//80 37//80 36//80
f  63//81 64//81 36//81
f  65//82 55//82 49//82
f  61//83 65//83 49//83
f  58//84 63//84 59//84
f  66//85 40//85 39//85
f  67//86 66//86 39//86
f  68//87 67//87 39//87
f  51//88 68//88 39//88
f  66//89 41//89 40//89
f  69//90 62//90 41//90
f  66//91 69//91 41//91
f  70//92 60//92 37//92
f  64//93 70//93 37//93
f  65//94 56//94 55//94
f  71//95 68//95 51//95
f  60//96 71//96 51//96
f  72//97 65//97 61//97
f  62//98 73//98 61//98
f  73//99 72//99 61//99
f  74//100 73//100 62//100
f  69//101 74//101 62//101
f  67//102 75//102 66//102
f  75//103 69//103 66//103
f  76//104 63//104 58//104
f  57//105 76//105 58//105
f  65//106 77//106 56//106
f  77//107 53//107 56//107
f  76//108 78//108 63//108
f  79//109 64//109 63//109
f  78//110 79//110 63//110
f  80//111 77//111 65//111
f  72//112 80//112 65//112
f  81//113 78//113 76//113
f  57//114 81//114 76//114
f  82//115 71//115 60//115
f  70//116 82//116 60//116
f  83//117 75//117 67//117
f  84//118 83//118 67//118
f  85//119 84//119 67//119
f  68//120 85//120 67//120
f  83//121 69//121 75//121
f  83//122 86//122 69//122
f  86//123 74//123 69//123
f  87//124 44//124 42//124
f  88//125 87//125 42//125
f  43//4 88//4 42//4
f  87//124 89//124 44//124
f  90//5 45//5 44//5
f  89//5 90//5 44//5
f  91//126 92//126 73//126
f  74//127 91//127 73//127
f  92//128 72//128 73//128
f  93//129 70//129 64//129
f  79//130 93//130 64//130
f  94//131 95//131 47//131
f  46//131 94//131 47//131
f  96//4 48//4 47//4
f  95//4 96//4 47//4
f  54//5 94//5 46//5
f  97//132 80//132 72//132
f  92//133 97//133 72//133
f  98//134 85//134 68//134
f  71//135 98//135 68//135
f  53//136 99//136 54//136
f  99//136 100//136 54//136
f  100//5 94//5 54//5
f  90//137 57//137 45//137
f  101//138 99//138 53//138
f  102//139 101//139 53//139
f  103//140 102//140 53//140
f  77//141 103//141 53//141
f  104//142 105//142 57//142
f  105//143 106//143 57//143
f  106//144 81//144 57//144
f  90//137 104//137 57//137
f  86//145 107//145 74//145
f  107//146 91//146 74//146
f  80//147 103//147 77//147
f  106//148 78//148 81//148
f  108//149 43//149 6//149
f  109//150 108//150 6//150
f  7//150 109//150 6//150
f  110//149 43//149 108//149
f  111//4 112//4 108//4
f  109//4 111//4 108//4
f  113//4 110//4 108//4
f  114//4 113//4 108//4
f  112//4 114//4 108//4
f  80//151 102//151 103//151
f  106//152 115//152 78//152
f  116//153 79//153 78//153
f  115//154 116//154 78//154
f  117//155 82//155 70//155
f  93//156 117//156 70//156
f  118//157 98//157 71//157
f  82//158 118//158 71//158
f  119//159 102//159 80//159
f  97//160 119//160 80//160
f  120//161 121//161 92//161
f  91//162 120//162 92//162
f  121//163 97//163 92//163
f  107//164 122//164 91//164
f  122//165 120//165 91//165
f  123//166 109//166 7//166
f  48//166 123//166 7//166
f  110//167 88//167 43//167
f  123//4 111//4 109//4
f  124//167 88//167 110//167
f  113//4 124//4 110//4
f  125//168 83//168 84//168
f  126//169 125//169 84//169
f  127//170 126//170 84//170
f  85//171 127//171 84//171
f  125//172 86//172 83//172
f  105//173 115//173 106//173
f  125//174 128//174 86//174
f  128//175 107//175 86//175
f  129//176 93//176 79//176
f  116//177 129//177 79//177
f  130//178 119//178 97//178
f  121//179 130//179 97//179
f  131//180 127//180 85//180
f  98//181 131//181 85//181
f  126//182 132//182 125//182
f  132//183 128//183 125//183
f  128//184 133//184 107//184
f  133//185 122//185 107//185
f  134//186 135//186 105//186
f  135//187 115//187 105//187
f  104//188 134//188 105//188
f  136//189 118//189 82//189
f  117//190 136//190 82//190
f  119//191 101//191 102//191
f  119//192 137//192 101//192
f  137//193 99//193 101//193
f  138//194 121//194 120//194
f  122//195 139//195 120//195
f  139//196 138//196 120//196
f  140//197 117//197 93//197
f  129//198 140//198 93//198
f  141//199 116//199 115//199
f  135//200 141//200 115//200
f  142//201 131//201 98//201
f  118//202 142//202 98//202
f  138//203 143//203 121//203
f  143//204 130//204 121//204
f  133//205 144//205 122//205
f  144//206 139//206 122//206
f  145//207 137//207 119//207
f  130//208 145//208 119//208
f  146//209 129//209 116//209
f  141//210 146//210 116//210
f  147//211 132//211 126//211
f  148//212 147//212 126//212
f  149//213 148//213 126//213
f  127//214 149//214 126//214
f  132//215 150//215 128//215
f  150//216 133//216 128//216
f  147//217 150//217 132//217
f  151//218 135//218 134//218
f  104//219 151//219 134//219
f  111//220 123//220 48//220
f  96//220 111//220 48//220
f  124//221 152//221 88//221
f  152//222 87//222 88//222
f  153//221 152//221 124//221
f  113//4 153//4 124//4
f  154//223 145//223 130//223
f  143//224 154//224 130//224
f  155//225 136//225 117//225
f  140//226 155//226 117//226
f  156//227 149//227 127//227
f  131//228 156//228 127//228
f  157//229 142//229 118//229
f  136//230 157//230 118//230
f  158//231 89//231 87//231
f  152//232 158//232 87//232
f  158//231 159//231 89//231
f  160//5 90//5 89//5
f  159//5 160//5 89//5
f  150//233 161//233 133//233
f  161//234 144//234 133//234
f  144//235 162//235 139//235
f  162//236 163//236 139//236
f  163//237 138//237 139//237
f  164//238 143//238 138//238
f  163//239 164//239 138//239
f  165//240 166//240 95//240
f  94//240 165//240 95//240
f  167//4 96//4 95//4
f  166//4 167//4 95//4
f  100//5 165//5 94//5
f  168//241 135//241 151//241
f  169//242 168//242 151//242
f  104//243 169//243 151//243
f  170//244 140//244 129//244
f  146//245 170//245 129//245
f  99//246 171//246 100//246
f  171//246 172//246 100//246
f  172//5 165//5 100//5
f  160//247 104//247 90//247
f  137//248 173//248 99//248
f  173//249 174//249 99//249
f  174//4 171//4 99//4
f  175//250 176//250 104//250
f  176//251 169//251 104//251
f  160//247 175//247 104//247
f  145//252 173//252 137//252
f  177//253 174//253 173//253
f  145//254 177//254 173//254
f  178//255 156//255 131//255
f  142//256 178//256 131//256
f  164//257 179//257 143//257
f  179//258 154//258 143//258
f  180//259 141//259 135//259
f  168//260 180//260 135//260
f  161//261 181//261 144//261
f  181//262 162//262 144//262
f  154//263 177//263 145//263
f  182//264 157//264 136//264
f  155//265 182//265 136//265
f  183//266 146//266 141//266
f  180//267 183//267 141//267
f  162//268 184//268 163//268
f  184//269 185//269 163//269
f  185//270 164//270 163//270
f  186//271 147//271 148//271
f  149//272 187//272 148//272
f  187//273 188//273 148//273
f  188//274 186//274 148//274
f  186//275 150//275 147//275
f  189//276 155//276 140//276
f  170//277 189//277 140//277
f  190//278 161//278 150//278
f  186//279 190//279 150//279
f  157//280 178//280 142//280
f  191//281 177//281 154//281
f  179//282 191//282 154//282
f  176//283 168//283 169//283
f  181//284 192//284 162//284
f  192//285 184//285 162//285
f  156//286 193//286 149//286
f  193//287 187//287 149//287
f  194//288 179//288 164//288
f  185//289 194//289 164//289
f  195//290 181//290 161//290
f  190//291 195//291 161//291
f  188//292 196//292 186//292
f  196//293 190//293 186//293
f  197//294 168//294 176//294
f  175//295 197//295 176//295
f  198//296 170//296 146//296
f  183//297 198//297 146//297
f  178//298 199//298 156//298
f  199//299 193//299 156//299
f  177//300 200//300 174//300
f  200//301 201//301 174//301
f  201//302 171//302 174//302
f  202//303 192//303 181//303
f  195//304 202//304 181//304
f  194//305 203//305 179//305
f  203//306 191//306 179//306
f  197//307 204//307 168//307
f  205//308 180//308 168//308
f  204//309 205//309 168//309
f  182//310 206//310 157//310
f  206//311 207//311 157//311
f  207//312 199//312 157//312
f  199//313 178//313 157//313
f  208//314 182//314 155//314
f  189//315 208//315 155//315
f  112//316 111//316 96//316
f  167//316 112//316 96//316
f  153//317 209//317 152//317
f  209//4 158//4 152//4
f  210//317 209//317 153//317
f  113//4 210//4 153//4
f  191//318 200//318 177//318
f  211//319 185//319 184//319
f  192//320 212//320 184//320
f  212//321 211//321 184//321
f  211//322 213//322 185//322
f  213//323 194//323 185//323
f  214//324 189//324 170//324
f  198//325 214//325 170//325
f  215//326 183//326 180//326
f  205//327 215//327 180//327
f  216//328 212//328 192//328
f  202//329 216//329 192//329
f  217//330 196//330 188//330
f  218//331 217//331 188//331
f  219//332 218//332 188//332
f  187//333 219//333 188//333
f  196//334 217//334 190//334
f  217//335 220//335 190//335
f  220//336 195//336 190//336
f  221//337 203//337 194//337
f  213//338 221//338 194//338
f  222//339 204//339 197//339
f  175//340 222//340 197//340
f  223//341 200//341 191//341
f  203//342 223//342 191//342
f  224//343 219//343 187//343
f  193//344 224//344 187//344
f  220//345 225//345 195//345
f  225//346 202//346 195//346
f  226//347 227//347 222//347
f  227//348 204//348 222//348
f  175//349 226//349 222//349
f  228//350 198//350 183//350
f  215//351 228//351 183//351
f  208//352 229//352 182//352
f  229//353 206//353 182//353
f  230//354 224//354 193//354
f  199//355 230//355 193//355
f  231//356 159//356 158//356
f  209//4 231//4 158//4
f  231//356 232//356 159//356
f  233//5 160//5 159//5
f  232//5 233//5 159//5
f  225//357 234//357 202//357
f  234//358 216//358 202//358
f  200//359 235//359 201//359
f  235//360 171//360 201//360
f  236//361 213//361 211//361
f  212//362 237//362 211//362
f  237//363 236//363 211//363
f  221//364 238//364 203//364
f  238//365 223//365 203//365
f  239//366 208//366 189//366
f  214//367 239//367 189//367
f  200//368 240//368 235//368
f  240//369 241//369 235//369
f  241//370 171//370 235//370
f  242//371 243//371 166//371
f  165//371 242//371 166//371
f  244//4 167//4 166//4
f  243//4 244//4 166//4
f  172//5 242//5 165//5
f  245//372 205//372 204//372
f  227//373 245//373 204//373
f  236//374 246//374 213//374
f  246//375 221//375 213//375
f  171//376 247//376 172//376
f  247//376 248//376 172//376
f  248//5 242//5 172//5
f  233//377 175//377 160//377
f  241//378 247//378 171//378
f  249//379 226//379 175//379
f  250//380 251//380 175//380
f  251//381 252//381 175//381
f  252//382 249//382 175//382
f  233//377 250//377 175//377
f  223//383 240//383 200//383
f  253//384 230//384 199//384
f  207//385 253//385 199//385
f  234//386 254//386 216//386
f  254//387 212//387 216//387
f  255//388 214//388 198//388
f  228//389 255//389 198//389
f  256//390 215//390 205//390
f  245//391 256//391 205//391
f  257//392 238//392 221//392
f  246//393 257//393 221//393
f  258//394 240//394 223//394
f  238//395 258//395 223//395
f  249//396 227//396 226//396
f  239//397 259//397 208//397
f  259//398 229//398 208//398
f  260//399 253//399 207//399
f  206//400 260//400 207//400
f  261//401 246//401 236//401
f  237//402 262//402 236//402
f  262//403 261//403 236//403
f  263//404 227//404 249//404
f  252//405 263//405 249//405
f  264//406 228//406 215//406
f  256//407 264//407 215//407
f  254//408 265//408 212//408
f  265//409 237//409 212//409
f  266//410 239//410 214//410
f  255//411 266//411 214//411
f  240//412 267//412 241//412
f  267//413 247//413 241//413
f  114//414 112//414 167//414
f  244//414 114//414 167//414
f  210//415 268//415 209//415
f  268//4 231//4 209//4
f  269//415 268//415 210//415
f  270//4 269//4 210//4
f  113//4 270//4 210//4
f  257//416 271//416 238//416
f  271//417 258//417 238//417
f  261//418 272//418 246//418
f  272//419 257//419 246//419
f  273//420 245//420 227//420
f  263//421 273//421 227//421
f  240//422 274//422 267//422
f  274//423 275//423 267//423
f  275//424 247//424 267//424
f  218//425 276//425 217//425
f  276//426 220//426 217//426
f  258//427 274//427 240//427
f  277//428 255//428 228//428
f  264//429 277//429 228//429
f  278//430 260//430 206//430
f  229//431 278//431 206//431
f  279//432 271//432 257//432
f  272//433 279//433 257//433
f  280//434 256//434 245//434
f  273//435 280//435 245//435
f  281//436 276//436 218//436
f  282//437 281//437 218//437
f  283//438 282//438 218//438
f  219//439 283//439 218//439
f  281//440 284//440 220//440
f  284//441 225//441 220//441
f  276//442 281//442 220//442
f  265//443 285//443 237//443
f  285//444 262//444 237//444
f  266//445 286//445 239//445
f  286//446 259//446 239//446
f  287//447 283//447 219//447
f  224//448 287//448 219//448
f  284//449 288//449 225//449
f  288//450 234//450 225//450
f  289//451 274//451 258//451
f  271//452 289//452 258//452
f  290//453 272//453 261//453
f  262//454 291//454 261//454
f  291//455 290//455 261//455
f  251//456 263//456 252//456
f  292//457 287//457 224//457
f  230//458 292//458 224//458
f  288//459 293//459 234//459
f  293//460 254//460 234//460
f  294//461 263//461 251//461
f  295//462 294//462 251//462
f  250//463 295//463 251//463
f  296//464 266//464 255//464
f  277//465 296//465 255//465
f  297//466 264//466 256//466
f  280//467 297//467 256//467
f  274//468 298//468 275//468
f  298//469 247//469 275//469
f  290//470 299//470 272//470
f  299//471 279//471 272//471
f  279//472 300//472 271//472
f  300//473 289//473 271//473
f  301//474 292//474 230//474
f  253//475 301//475 230//475
f  302//476 278//476 229//476
f  259//477 302//477 229//477
f  293//478 303//478 254//478
f  303//479 265//479 254//479
f  304//480 273//480 263//480
f  294//481 304//481 263//481
f  305//482 232//482 231//482
f  268//4 305//4 231//4
f  305//482 306//482 232//482
f  306//5 233//5 232//5
f  285//483 307//483 262//483
f  307//484 291//484 262//484
f  308//485 298//485 274//485
f  289//486 308//486 274//486
f  308//487 309//487 298//487
f  309//488 247//488 298//488
f  310//489 277//489 264//489
f  297//490 310//490 264//490
f  311//491 312//491 243//491
f  242//491 311//491 243//491
f  313//4 244//4 243//4
f  312//4 313//4 243//4
f  248//5 311//5 242//5
f  247//492 314//492 248//492
f  314//492 315//492 248//492
f  315//5 311//5 248//5
f  316//493 250//493 233//493
f  306//5 316//5 233//5
f  309//494 317//494 247//494
f  317//495 318//495 247//495
f  318//496 314//496 247//496
f  319//497 295//497 250//497
f  320//498 321//498 250//498
f  321//499 322//499 250//499
f  322//500 319//500 250//500
f  316//493 320//493 250//493
f  296//501 323//501 266//501
f  323//502 286//502 266//502
f  324//503 300//503 279//503
f  299//504 324//504 279//504
f  325//505 301//505 253//505
f  260//506 325//506 253//506
f  326//507 280//507 273//507
f  304//508 326//508 273//508
f  303//509 327//509 265//509
f  327//510 285//510 265//510
f  328//511 299//511 290//511
f  291//512 329//512 290//512
f  329//513 328//513 290//513
f  330//514 308//514 289//514
f  300//515 330//515 289//515
f  319//516 294//516 295//516
f  331//517 296//517 277//517
f  310//518 331//518 277//518
f  332//519 302//519 259//519
f  286//520 332//520 259//520
f  322//521 294//521 319//521
f  333//522 297//522 280//522
f  326//523 333//523 280//523
f  113//524 114//524 244//524
f  313//524 113//524 244//524
f  269//525 334//525 268//525
f  335//4 336//4 268//4
f  334//4 335//4 268//4
f  336//4 305//4 268//4
f  337//525 334//525 269//525
f  270//4 337//4 269//4
f  328//526 338//526 299//526
f  338//527 324//527 299//527
f  307//528 339//528 291//528
f  339//529 329//529 291//529
f  308//530 317//530 309//530
f  340//531 325//531 260//531
f  278//532 340//532 260//532
f  324//533 341//533 300//533
f  341//534 330//534 300//534
f  327//535 342//535 285//535
f  342//536 307//536 285//536
f  343//537 344//537 345//537
f  344//537 346//537 345//537
f  347//538 343//538 345//538
f  348//539 347//539 345//539
f  349//539 348//539 345//539
f  346//539 349//539 345//539
f  344//540 350//540 346//540
f  350//540 351//540 346//540
f  352//539 349//539 346//539
f  351//539 352//539 346//539
f  353//541 354//541 347//541
f  354//538 343//538 347//538
f  355//539 353//539 347//539
f  348//539 355//539 347//539
f  350//542 356//542 351//542
f  356//542 357//542 351//542
f  358//539 352//539 351//539
f  357//539 358//539 351//539
f  359//543 360//543 353//543
f  360//541 354//541 353//541
f  361//539 359//539 353//539
f  355//539 361//539 353//539
f  362//544 355//544 348//544
f  363//545 362//545 348//545
f  349//545 363//545 348//545
f  364//546 361//546 355//546
f  362//544 364//544 355//544
f  365//547 363//547 349//547
f  352//547 365//547 349//547
f  356//548 366//548 357//548
f  366//548 367//548 357//548
f  368//539 358//539 357//539
f  367//539 368//539 357//539
f  369//549 370//549 359//549
f  370//543 360//543 359//543
f  371//539 369//539 359//539
f  361//539 371//539 359//539
f  372//550 371//550 361//550
f  364//546 372//546 361//546
f  373//551 365//551 352//551
f  358//551 373//551 352//551
f  374//552 375//552 371//552
f  372//550 374//550 371//550
f  375//539 369//539 371//539
f  376//553 373//553 358//553
f  368//553 376//553 358//553
f  366//554 377//554 367//554
f  377//554 378//554 367//554
f  379//539 368//539 367//539
f  378//539 379//539 367//539
f  380//555 381//555 369//555
f  381//549 370//549 369//549
f  375//539 380//539 369//539
f  382//556 383//556 375//556
f  374//552 382//552 375//552
f  383//539 380//539 375//539
f  384//557 376//557 368//557
f  379//557 384//557 368//557
f  377//558 385//558 378//558
f  385//558 386//558 378//558
f  386//539 379//539 378//539
f  387//559 388//559 380//559
f  388//555 381//555 380//555
f  383//539 387//539 380//539
f  389//560 390//560 383//560
f  382//556 389//556 383//556
f  390//539 387//539 383//539
f  391//539 392//539 379//539
f  386//539 391//539 379//539
f  393//561 384//561 379//561
f  392//561 393//561 379//561
f  385//562 394//562 386//562
f  394//562 395//562 386//562
f  395//539 391//539 386//539
f  396//563 397//563 387//563
f  397//559 388//559 387//559
f  390//539 396//539 387//539
f  398//564 399//564 390//564
f  389//560 398//560 390//560
f  399//539 400//539 390//539
f  400//539 396//539 390//539
f  391//539 401//539 392//539
f  402//565 393//565 392//565
f  401//565 402//565 392//565
f  403//539 404//539 391//539
f  404//539 401//539 391//539
f  394//5 405//5 391//5
f  395//5 394//5 391//5
f  405//564 403//564 391//564
f  400//566 406//566 396//566
f  406//563 397//563 396//563
f  407//539 404//539 403//539
f  408//539 407//539 403//539
f  409//4 408//4 403//4
f  405//564 410//564 403//564
f  410//564 409//564 403//564
f  411//567 412//567 408//567
f  412//567 407//567 408//567
f  409//4 411//4 408//4
f  413//568 414//568 399//568
f  398//564 413//564 399//564
f  415//539 400//539 399//539
f  414//539 415//539 399//539
f  416//569 402//569 401//569
f  404//569 416//569 401//569
f  415//570 417//570 400//570
f  417//566 406//566 400//566
f  412//571 418//571 407//571
f  418//571 419//571 407//571
f  419//539 404//539 407//539
f  420//572 421//572 414//572
f  413//568 420//568 414//568
f  422//539 415//539 414//539
f  421//539 422//539 414//539
f  419//539 423//539 404//539
f  424//573 416//573 404//573
f  423//573 424//573 404//573
f  422//574 425//574 415//574
f  425//570 417//570 415//570
f  418//575 426//575 419//575
f  426//575 427//575 419//575
f  427//539 423//539 419//539
f  428//576 429//576 421//576
f  420//572 428//572 421//572
f  430//539 422//539 421//539
f  429//539 430//539 421//539
f  427//539 431//539 423//539
f  432//577 424//577 423//577
f  431//577 432//577 423//577
f  430//578 433//578 422//578
f  433//574 425//574 422//574
f  426//579 434//579 427//579
f  434//579 435//579 427//579
f  435//539 431//539 427//539
f  436//580 437//580 429//580
f  428//576 436//576 429//576
f  438//539 430//539 429//539
f  437//539 438//539 429//539
f  435//539 439//539 431//539
f  440//581 432//581 431//581
f  439//581 440//581 431//581
f  441//582 442//582 437//582
f  436//580 441//580 437//580
f  443//539 438//539 437//539
f  442//539 443//539 437//539
f  444//539 445//539 439//539
f  435//539 444//539 439//539
f  446//583 440//583 439//583
f  445//583 446//583 439//583
f  438//584 447//584 430//584
f  447//578 433//578 430//578
f  434//585 448//585 435//585
f  448//585 444//585 435//585
f  449//586 450//586 442//586
f  441//582 449//582 442//582
f  451//539 443//539 442//539
f  450//539 451//539 442//539
f  452//539 450//539 445//539
f  444//539 452//539 445//539
f  453//587 446//587 445//587
f  450//587 453//587 445//587
f  449//586 453//586 450//586
f  452//539 451//539 450//539
f  443//588 454//588 438//588
f  454//584 447//584 438//584
f  448//589 455//589 444//589
f  455//589 452//589 444//589
f  451//590 456//590 443//590
f  456//588 454//588 443//588
f  455//591 457//591 452//591
f  457//591 451//591 452//591
f  457//590 456//590 451//590
f  322//592 304//592 294//592
f  330//593 317//593 308//593
f  458//594 310//594 297//594
f  333//595 458//595 297//595
f  459//596 281//596 282//596
f  460//597 459//597 282//597
f  461//598 460//598 282//598
f  283//599 461//599 282//599
f  281//600 462//600 284//600
f  462//601 288//601 284//601
f  331//602 463//602 296//602
f  463//603 323//603 296//603
f  459//604 462//604 281//604
f  330//605 318//605 317//605
f  464//606 461//606 283//606
f  287//607 464//607 283//607
f  462//608 465//608 288//608
f  465//609 293//609 288//609
f  466//610 341//610 324//610
f  338//611 466//611 324//611
f  329//612 467//612 328//612
f  467//613 338//613 328//613
f  468//614 326//614 304//614
f  322//615 468//615 304//615
f  469//616 464//616 287//616
f  292//617 469//617 287//617
f  470//618 340//618 278//618
f  302//619 470//619 278//619
f  471//620 344//620 343//620
f  472//620 471//620 343//620
f  354//620 472//620 343//620
f  473//621 474//621 471//621
f  474//621 475//621 471//621
f  472//622 473//622 471//622
f  475//620 344//620 471//620
f  475//620 350//620 344//620
f  476//620 472//620 354//620
f  360//620 476//620 354//620
f  476//623 477//623 472//623
f  477//622 473//622 472//622
f  474//624 478//624 475//624
f  478//624 479//624 475//624
f  479//620 350//620 475//620
f  479//620 356//620 350//620
f  480//620 476//620 360//620
f  370//620 480//620 360//620
f  480//625 481//625 476//625
f  481//623 477//623 476//623
f  478//626 482//626 479//626
f  482//626 483//626 479//626
f  483//620 356//620 479//620
f  483//620 366//620 356//620
f  484//620 480//620 370//620
f  381//620 484//620 370//620
f  484//549 485//549 480//549
f  485//625 481//625 480//625
f  482//627 486//627 483//627
f  486//627 487//627 483//627
f  487//620 366//620 483//620
f  487//620 377//620 366//620
f  488//620 484//620 381//620
f  388//620 488//620 381//620
f  488//628 489//628 484//628
f  489//549 485//549 484//549
f  486//629 490//629 487//629
f  490//629 491//629 487//629
f  491//620 377//620 487//620
f  491//620 385//620 377//620
f  492//620 488//620 388//620
f  397//620 492//620 388//620
f  492//630 493//630 488//630
f  493//628 489//628 488//628
f  490//631 494//631 491//631
f  494//631 495//631 491//631
f  495//620 385//620 491//620
f  495//620 394//620 385//620
f  496//620 492//620 397//620
f  406//620 496//620 397//620
f  496//632 497//632 492//632
f  497//630 493//630 492//630
f  494//633 498//633 495//633
f  498//633 410//633 495//633
f  410//620 405//620 495//620
f  405//620 394//620 495//620
f  499//620 496//620 406//620
f  417//620 499//620 406//620
f  499//634 500//634 496//634
f  500//632 497//632 496//632
f  498//635 501//635 410//635
f  501//635 502//635 410//635
f  502//620 409//620 410//620
f  502//620 411//620 409//620
f  502//620 412//620 411//620
f  503//636 504//636 499//636
f  504//634 500//634 499//634
f  417//620 503//620 499//620
f  501//637 505//637 502//637
f  505//637 506//637 502//637
f  506//620 412//620 502//620
f  425//620 503//620 417//620
f  506//620 418//620 412//620
f  507//638 508//638 503//638
f  508//636 504//636 503//636
f  425//620 507//620 503//620
f  505//639 509//639 506//639
f  509//639 510//639 506//639
f  510//620 426//620 506//620
f  426//620 418//620 506//620
f  433//620 507//620 425//620
f  511//640 512//640 507//640
f  512//638 508//638 507//638
f  433//620 511//620 507//620
f  509//641 513//641 510//641
f  513//641 514//641 510//641
f  514//620 434//620 510//620
f  434//620 426//620 510//620
f  447//620 511//620 433//620
f  515//642 516//642 511//642
f  516//640 512//640 511//640
f  447//620 515//620 511//620
f  513//643 517//643 514//643
f  517//643 518//643 514//643
f  518//620 448//620 514//620
f  448//620 434//620 514//620
f  454//620 515//620 447//620
f  519//644 520//644 515//644
f  520//642 516//642 515//642
f  454//620 519//620 515//620
f  517//645 521//645 518//645
f  521//645 522//645 518//645
f  522//620 455//620 518//620
f  455//620 448//620 518//620
f  456//620 519//620 454//620
f  523//646 524//646 519//646
f  524//644 520//644 519//644
f  456//620 523//620 519//620
f  521//647 525//647 522//647
f  525//647 523//647 522//647
f  523//620 457//620 522//620
f  457//620 455//620 522//620
f  457//620 523//620 456//620
f  525//646 524//646 523//646
f  465//648 526//648 293//648
f  526//649 303//649 293//649
f  527//650 318//650 330//650
f  341//651 527//651 330//651
f  342//652 528//652 307//652
f  528//653 339//653 307//653
f  529//654 332//654 286//654
f  323//655 529//655 286//655
f  321//656 468//656 322//656
f  339//657 530//657 329//657
f  530//658 467//658 329//658
f  531//659 469//659 292//659
f  301//660 531//660 292//660
f  532//661 331//661 310//661
f  458//662 532//662 310//662
f  526//663 533//663 303//663
f  533//664 327//664 303//664
f  534//665 468//665 321//665
f  320//666 534//666 321//666
f  468//667 333//667 326//667
f  527//668 535//668 318//668
f  535//669 314//669 318//669
f  466//670 536//670 341//670
f  536//671 527//671 341//671
f  537//672 531//672 301//672
f  325//673 537//673 301//673
f  533//674 538//674 327//674
f  538//675 342//675 327//675
f  539//676 470//676 302//676
f  332//677 539//677 302//677
f  532//678 540//678 331//678
f  540//679 463//679 331//679
f  528//680 541//680 339//680
f  541//681 530//681 339//681
f  542//682 458//682 333//682
f  468//683 542//683 333//683
f  336//684 306//684 305//684
f  336//684 543//684 306//684
f  543//5 316//5 306//5
f  467//685 544//685 338//685
f  544//686 545//686 338//686
f  545//687 466//687 338//687
f  545//688 536//688 466//688
f  546//689 537//689 325//689
f  340//690 546//690 325//690
f  527//691 547//691 535//691
f  547//692 548//692 535//692
f  548//693 314//693 535//693
f  549//694 529//694 323//694
f  463//695 549//695 323//695
f  534//696 550//696 468//696
f  551//697 542//697 468//697
f  550//698 551//698 468//698
f  460//699 552//699 459//699
f  552//700 462//700 459//700
f  538//701 553//701 342//701
f  553//702 528//702 342//702
f  530//703 554//703 467//703
f  554//704 544//704 467//704
f  536//705 547//705 527//705
f  555//706 556//706 312//706
f  311//706 555//706 312//706
f  557//4 313//4 312//4
f  556//4 557//4 312//4
f  315//5 555//5 311//5
f  314//707 558//707 315//707
f  558//707 559//707 315//707
f  559//5 555//5 315//5
f  560//708 320//708 316//708
f  561//5 560//5 316//5
f  543//5 561//5 316//5
f  548//709 562//709 314//709
f  562//710 563//710 314//710
f  563//711 558//711 314//711
f  564//712 565//712 320//712
f  565//713 534//713 320//713
f  560//708 564//708 320//708
f  542//714 532//714 458//714
f  565//715 550//715 534//715
f  270//716 113//716 313//716
f  557//716 270//716 313//716
f  337//717 566//717 334//717
f  567//4 335//4 334//4
f  566//4 567//4 334//4
f  568//717 566//717 337//717
f  270//4 568//4 337//4
f  547//718 562//718 548//718
f  569//719 539//719 332//719
f  529//720 569//720 332//720
f  570//721 546//721 340//721
f  470//722 570//722 340//722
f  541//723 571//723 530//723
f  571//724 554//724 530//724
f  572//725 573//725 552//725
f  460//726 572//726 552//726
f  573//727 462//727 552//727
f  574//728 572//728 460//728
f  461//729 574//729 460//729
f  575//730 465//730 462//730
f  573//731 575//731 462//731
f  553//732 576//732 528//732
f  576//733 541//733 528//733
f  577//734 574//734 461//734
f  464//735 577//735 461//735
f  578//736 579//736 465//736
f  579//737 580//737 465//737
f  580//738 526//738 465//738
f  575//739 578//739 465//739
f  581//740 582//740 464//740
f  469//741 581//741 464//741
f  583//742 577//742 464//742
f  582//743 583//743 464//743
f  584//744 533//744 526//744
f  580//745 585//745 526//745
f  585//746 584//746 526//746
f  586//747 540//747 532//747
f  587//748 586//748 532//748
f  542//749 587//749 532//749
f  588//750 587//750 542//750
f  551//751 588//751 542//751
f  589//752 590//752 469//752
f  531//753 589//753 469//753
f  591//754 581//754 469//754
f  590//755 591//755 469//755
f  584//756 592//756 533//756
f  592//757 593//757 533//757
f  593//758 538//758 533//758
f  544//759 594//759 545//759
f  594//760 595//760 545//760
f  595//761 536//761 545//761
f  596//762 549//762 463//762
f  540//763 596//763 463//763
f  597//764 547//764 536//764
f  595//765 597//765 536//765
f  554//766 598//766 544//766
f  598//767 594//767 544//767
f  565//768 599//768 550//768
f  600//769 551//769 550//769
f  599//770 600//770 550//770
f  601//771 570//771 470//771
f  539//772 601//772 470//772
f  602//773 603//773 604//773
f  605//774 602//774 604//774
f  603//775 606//775 604//775
f  606//776 500//776 604//776
f  500//777 605//777 604//777
f  607//778 608//778 609//778
f  610//779 607//779 609//779
f  611//780 610//780 609//780
f  494//781 611//781 609//781
f  608//782 494//782 609//782
f  607//783 612//783 608//783
f  612//784 613//784 608//784
f  498//785 494//785 608//785
f  613//786 498//786 608//786
f  614//787 615//787 606//787
f  603//788 614//788 606//788
f  615//789 616//789 606//789
f  616//790 497//790 606//790
f  497//791 500//791 606//791
f  617//792 610//792 611//792
f  494//793 617//793 611//793
f  618//794 619//794 620//794
f  621//795 618//795 620//795
f  622//796 621//796 620//796
f  474//797 622//797 620//797
f  619//798 474//798 620//798
f  623//799 624//799 625//799
f  626//800 627//800 625//800
f  624//801 626//801 625//801
f  481//802 623//802 625//802
f  627//803 481//803 625//803
f  626//804 628//804 627//804
f  477//805 481//805 627//805
f  628//806 477//806 627//806
f  629//807 624//807 623//807
f  481//808 629//808 623//808
f  630//809 629//809 631//809
f  632//810 630//810 631//810
f  481//811 632//811 631//811
f  629//812 481//812 631//812
f  633//813 630//813 632//813
f  634//814 633//814 632//814
f  635//815 634//815 632//815
f  481//816 635//816 632//816
f  636//817 634//817 635//817
f  481//818 636//818 635//818
f  637//819 638//819 639//819
f  640//820 637//820 639//820
f  497//821 640//821 639//821
f  638//822 497//822 639//822
f  618//823 641//823 619//823
f  478//824 474//824 619//824
f  641//825 478//825 619//825
f  630//826 624//826 629//826
f  616//827 637//827 640//827
f  497//828 616//828 640//828
f  642//829 643//829 644//829
f  643//830 645//830 644//830
f  494//831 642//831 644//831
f  645//832 494//832 644//832
f  615//833 637//833 616//833
f  646//834 647//834 638//834
f  637//835 646//835 638//835
f  493//836 497//836 638//836
f  647//837 493//837 638//837
f  648//838 643//838 642//838
f  490//839 648//839 642//839
f  494//840 490//840 642//840
f  649//841 617//841 645//841
f  643//842 649//842 645//842
f  617//843 494//843 645//843
f  650//844 651//844 636//844
f  651//845 634//845 636//845
f  485//846 650//846 636//846
f  481//847 485//847 636//847
f  649//848 610//848 617//848
f  652//849 653//849 628//849
f  626//850 652//850 628//850
f  653//851 477//851 628//851
f  654//852 655//852 656//852
f  657//853 654//853 656//853
f  655//854 658//854 656//854
f  478//855 657//855 656//855
f  658//856 478//856 656//856
f  655//857 659//857 658//857
f  659//858 478//858 658//858
f  660//859 661//859 659//859
f  662//860 660//860 659//860
f  655//861 662//861 659//861
f  661//862 478//862 659//862
f  654//863 657//863 641//863
f  618//864 654//864 641//864
f  657//865 478//865 641//865
f  663//866 664//866 665//866
f  666//867 663//867 665//867
f  664//868 473//868 665//868
f  473//869 666//869 665//869
f  664//870 667//870 473//870
f  667//871 668//871 473//871
f  668//872 474//872 473//872
f  477//873 669//873 473//873
f  669//874 666//874 473//874
f  653//875 670//875 477//875
f  670//876 671//876 477//876
f  671//877 669//877 477//877
f  672//878 622//878 474//878
f  668//879 673//879 474//879
f  673//880 672//880 474//880
f  661//881 482//881 478//881
f  674//882 675//882 485//882
f  676//883 674//883 485//883
f  489//884 677//884 485//884
f  677//885 678//885 485//885
f  678//886 676//886 485//886
f  675//887 650//887 485//887
f  661//888 679//888 482//888
f  679//889 680//889 482//889
f  680//890 681//890 482//890
f  681//891 682//891 482//891
f  682//892 683//892 482//892
f  683//893 684//893 482//893
f  684//894 685//894 482//894
f  685//895 486//895 482//895
f  493//896 686//896 489//896
f  686//897 687//897 489//897
f  687//898 688//898 489//898
f  688//899 689//899 489//899
f  689//900 677//900 489//900
f  690//901 490//901 486//901
f  685//902 691//902 486//902
f  691//903 690//903 486//903
f  692//904 693//904 493//904
f  693//905 694//905 493//905
f  694//906 695//906 493//906
f  695//907 686//907 493//907
f  647//908 692//908 493//908
f  696//909 697//909 490//909
f  697//910 648//910 490//910
f  690//911 698//911 490//911
f  698//912 699//912 490//912
f  699//913 696//913 490//913
f  646//914 692//914 647//914
f  500//539 700//539 605//539
f  700//915 602//915 605//915
f  504//539 700//539 500//539
f  613//539 701//539 498//539
f  701//539 501//539 498//539
f  612//916 701//916 613//916
f  504//539 702//539 700//539
f  703//917 704//917 700//917
f  704//918 705//918 700//918
f  705//919 602//919 700//919
f  702//920 706//920 700//920
f  706//921 707//921 700//921
f  708//922 703//922 700//922
f  709//923 708//923 700//923
f  707//924 709//924 700//924
f  710//539 501//539 701//539
f  612//925 711//925 701//925
f  711//926 712//926 701//926
f  712//927 713//927 701//927
f  713//928 714//928 701//928
f  715//929 716//929 701//929
f  714//930 715//930 701//930
f  716//931 717//931 701//931
f  717//932 718//932 701//932
f  718//933 710//933 701//933
f  508//539 702//539 504//539
f  710//539 505//539 501//539
f  508//539 719//539 702//539
f  719//934 720//934 702//934
f  720//935 721//935 702//935
f  721//936 722//936 702//936
f  722//937 723//937 702//937
f  723//938 706//938 702//938
f  724//539 505//539 710//539
f  718//939 725//939 710//939
f  725//940 726//940 710//940
f  727//941 724//941 710//941
f  728//942 727//942 710//942
f  726//943 728//943 710//943
f  512//539 719//539 508//539
f  724//539 509//539 505//539
f  512//539 729//539 719//539
f  729//944 730//944 719//944
f  730//945 731//945 719//945
f  731//946 720//946 719//946
f  732//539 509//539 724//539
f  727//947 733//947 724//947
f  734//948 732//948 724//948
f  735//949 734//949 724//949
f  733//950 735//950 724//950
f  516//539 729//539 512//539
f  732//539 513//539 509//539
f  516//539 736//539 729//539
f  737//951 738//951 729//951
f  738//952 730//952 729//952
f  739//953 737//953 729//953
f  736//954 739//954 729//954
f  740//539 513//539 732//539
f  734//955 741//955 732//955
f  741//956 742//956 732//956
f  742//957 743//957 732//957
f  743//958 740//958 732//958
f  520//539 736//539 516//539
f  740//539 517//539 513//539
f  520//539 744//539 736//539
f  745//959 739//959 736//959
f  744//960 746//960 736//960
f  746//961 747//961 736//961
f  747//962 745//962 736//962
f  748//539 517//539 740//539
f  743//963 749//963 740//963
f  749//964 750//964 740//964
f  750//965 748//965 740//965
f  524//539 744//539 520//539
f  748//539 521//539 517//539
f  524//539 751//539 744//539
f  752//966 753//966 744//966
f  753//967 746//967 744//967
f  751//968 754//968 744//968
f  754//969 755//969 744//969
f  755//970 752//970 744//970
f  756//539 521//539 748//539
f  750//971 757//971 748//971
f  757//972 758//972 748//972
f  758//973 759//973 748//973
f  759//974 760//974 748//974
f  760//975 756//975 748//975
f  525//539 751//539 524//539
f  756//539 525//539 521//539
f  525//539 761//539 751//539
f  761//976 762//976 751//976
f  762//977 763//977 751//977
f  763//978 764//978 751//978
f  764//979 765//979 751//979
f  765//980 754//980 751//980
f  761//539 525//539 756//539
f  766//981 767//981 756//981
f  768//982 761//982 756//982
f  769//983 768//983 756//983
f  767//984 769//984 756//984
f  760//985 770//985 756//985
f  770//986 766//986 756//986
f  768//987 771//987 761//987
f  771//988 772//988 761//988
f  772//989 762//989 761//989
f  660//990 679//990 661//990
f  660//991 680//991 679//991
f  646//992 773//992 692//992
f  773//993 774//993 692//993
f  774//994 693//994 692//994
f  775//995 688//995 687//995
f  686//996 775//996 687//996
f  672//997 621//997 622//997
f  776//998 685//998 684//998
f  777//999 776//999 684//999
f  683//1000 777//1000 684//1000
f  675//1001 651//1001 650//1001
f  674//1002 651//1002 675//1002
f  676//1003 778//1003 674//1003
f  779//1004 651//1004 674//1004
f  778//1005 779//1005 674//1005
f  678//1006 778//1006 676//1006
f  780//1007 621//1007 672//1007
f  781//1008 780//1008 672//1008
f  673//1009 781//1009 672//1009
f  652//1010 670//1010 653//1010
f  774//1011 694//1011 693//1011
f  697//1012 643//1012 648//1012
f  663//1013 667//1013 664//1013
f  677//1014 778//1014 678//1014
f  782//1015 671//1015 670//1015
f  783//1016 782//1016 670//1016
f  652//1017 783//1017 670//1017
f  690//1018 784//1018 698//1018
f  785//1019 699//1019 698//1019
f  784//1020 785//1020 698//1020
f  682//1021 777//1021 683//1021
f  696//1022 786//1022 697//1022
f  786//1023 643//1023 697//1023
f  695//1024 775//1024 686//1024
f  785//1025 696//1025 699//1025
f  787//1026 681//1026 680//1026
f  660//1027 787//1027 680//1027
f  788//1028 781//1028 668//1028
f  667//1029 788//1029 668//1029
f  781//1030 673//1030 668//1030
f  663//1031 789//1031 667//1031
f  789//1032 788//1032 667//1032
f  790//1033 691//1033 685//1033
f  776//1034 790//1034 685//1034
f  691//1035 784//1035 690//1035
f  785//1036 786//1036 696//1036
f  791//1037 777//1037 682//1037
f  787//1038 791//1038 682//1038
f  681//1039 787//1039 682//1039
f  669//1040 782//1040 666//1040
f  782//1041 663//1041 666//1041
f  792//1042 689//1042 688//1042
f  775//1043 792//1043 688//1043
f  694//1044 774//1044 695//1044
f  793//1045 775//1045 695//1045
f  794//1046 793//1046 695//1046
f  774//1047 794//1047 695//1047
f  790//1048 784//1048 691//1048
f  795//1049 778//1049 677//1049
f  689//1050 795//1050 677//1050
f  671//1051 782//1051 669//1051
f  792//1052 795//1052 689//1052
f  796//1053 589//1053 531//1053
f  537//1054 796//1054 531//1054
f  547//1055 563//1055 562//1055
f  654//1056 662//1056 655//1056
f  633//1057 624//1057 630//1057
f  797//1058 563//1058 547//1058
f  597//1059 797//1059 547//1059
f  798//1060 799//1060 538//1060
f  799//1061 553//1061 538//1061
f  593//1062 800//1062 538//1062
f  800//1063 798//1063 538//1063
f  576//1064 801//1064 541//1064
f  801//1065 571//1065 541//1065
f  795//1066 802//1066 778//1066
f  802//1067 779//1067 778//1067
f  791//1068 776//1068 777//1068
f  803//1069 569//1069 529//1069
f  549//1070 803//1070 529//1070
f  804//1071 626//1071 624//1071
f  633//1072 804//1072 624//1072
f  618//1073 805//1073 654//1073
f  805//1074 662//1074 654//1074
f  782//1075 789//1075 663//1075
f  806//1076 599//1076 565//1076
f  564//1077 806//1077 565//1077
f  807//1078 802//1078 795//1078
f  792//1079 807//1079 795//1079
f  808//1080 790//1080 776//1080
f  791//1081 808//1081 776//1081
f  571//1082 809//1082 554//1082
f  809//1083 598//1083 554//1083
f  797//1084 810//1084 563//1084
f  810//1085 558//1085 563//1085
f  811//1086 652//1086 626//1086
f  804//1087 811//1087 626//1087
f  812//1088 805//1088 618//1088
f  621//1089 812//1089 618//1089
f  637//1090 813//1090 646//1090
f  813//1091 773//1091 646//1091
f  786//1092 814//1092 643//1092
f  814//1093 649//1093 643//1093
f  546//1094 815//1094 537//1094
f  815//1095 816//1095 537//1095
f  816//1096 817//1096 537//1096
f  818//1097 796//1097 537//1097
f  817//1098 818//1098 537//1098
f  819//1099 820//1099 806//1099
f  820//1100 599//1100 806//1100
f  564//1101 819//1101 806//1101
f  783//1102 821//1102 782//1102
f  821//1103 822//1103 782//1103
f  822//1104 789//1104 782//1104
f  788//1105 780//1105 781//1105
f  823//1106 824//1106 553//1106
f  824//1107 825//1107 553//1107
f  825//1108 576//1108 553//1108
f  799//1109 826//1109 553//1109
f  826//1110 823//1110 553//1110
f  793//1111 807//1111 792//1111
f  775//1112 793//1112 792//1112
f  827//1113 784//1113 790//1113
f  808//1114 827//1114 790//1114
f  446//539 453//539 362//539
f  453//539 449//539 362//539
f  449//539 441//539 362//539
f  441//539 436//539 362//539
f  436//539 428//539 362//539
f  428//539 420//539 362//539
f  420//539 413//539 362//539
f  413//539 398//539 362//539
f  398//539 364//539 362//539
f  363//539 446//539 362//539
f  398//539 372//539 364//539
f  365//539 446//539 363//539
f  398//539 374//539 372//539
f  373//539 446//539 365//539
f  398//539 382//539 374//539
f  376//539 446//539 373//539
f  398//539 389//539 382//539
f  384//539 446//539 376//539
f  393//539 402//539 384//539
f  402//539 416//539 384//539
f  416//539 424//539 384//539
f  424//539 432//539 384//539
f  432//539 440//539 384//539
f  440//539 446//539 384//539
f  828//1115 783//1115 652//1115
f  811//1116 828//1116 652//1116
f  829//1117 812//1117 621//1117
f  780//1118 829//1118 621//1118
f  830//1119 601//1119 539//1119
f  569//1120 830//1120 539//1120
f  831//1121 586//1121 587//1121
f  588//1122 831//1122 587//1122
f  832//1123 804//1123 633//1123
f  634//1124 832//1124 633//1124
f  827//1125 833//1125 784//1125
f  833//1126 785//1126 784//1126
f  822//1127 788//1127 789//1127
f  834//1128 788//1128 822//1128
f  821//1129 834//1129 822//1129
f  835//1130 788//1130 834//1130
f  821//1131 835//1131 834//1131
f  801//1132 836//1132 571//1132
f  836//1133 809//1133 571//1133
f  586//1134 596//1134 540//1134
f  837//1135 588//1135 551//1135
f  600//1136 837//1136 551//1136
f  570//1137 838//1137 546//1137
f  838//1138 839//1138 546//1138
f  839//1139 815//1139 546//1139
f  594//1140 840//1140 595//1140
f  840//1141 841//1141 595//1141
f  841//1142 597//1142 595//1142
f  842//1143 811//1143 804//1143
f  832//1144 842//1144 804//1144
f  843//1145 662//1145 805//1145
f  812//1146 843//1146 805//1146
f  844//1147 813//1147 637//1147
f  615//1148 844//1148 637//1148
f  845//1149 610//1149 649//1149
f  814//1150 845//1150 649//1150
f  846//1151 835//1151 821//1151
f  847//1152 846//1152 821//1152
f  783//1153 847//1153 821//1153
f  835//1154 848//1154 788//1154
f  848//1155 780//1155 788//1155
f  598//1156 849//1156 594//1156
f  849//1157 840//1157 594//1157
f  825//1158 850//1158 576//1158
f  850//1159 801//1159 576//1159
f  851//1160 797//1160 597//1160
f  841//1161 851//1161 597//1161
f  846//1162 848//1162 835//1162
f  852//1163 600//1163 599//1163
f  820//1164 852//1164 599//1164
f  853//1165 828//1165 811//1165
f  842//1166 853//1166 811//1166
f  854//1167 843//1167 812//1167
f  829//1168 854//1168 812//1168
f  572//1169 855//1169 573//1169
f  855//1170 575//1170 573//1170
f  856//1171 803//1171 549//1171
f  596//1172 856//1172 549//1172
f  574//1173 857//1173 572//1173
f  857//1174 855//1174 572//1174
f  828//1175 858//1175 783//1175
f  858//1176 847//1176 783//1176
f  848//1177 859//1177 780//1177
f  859//1178 860//1178 780//1178
f  860//1179 829//1179 780//1179
f  855//1180 861//1180 575//1180
f  861//1181 578//1181 575//1181
f  861//1182 862//1182 578//1182
f  862//1183 579//1183 578//1183
f  863//1184 786//1184 785//1184
f  833//1185 863//1185 785//1185
f  561//620 336//620 335//620
f  560//564 561//564 335//564
f  567//564 560//564 335//564
f  561//620 543//620 336//620
f  862//1186 580//1186 579//1186
f  797//1187 864//1187 810//1187
f  864//1188 558//1188 810//1188
f  577//1189 865//1189 574//1189
f  865//1190 857//1190 574//1190
f  866//1191 864//1191 797//1191
f  851//1192 866//1192 797//1192
f  867//1193 585//1193 580//1193
f  862//1194 867//1194 580//1194
f  583//1195 865//1195 577//1195
f  867//1196 584//1196 585//1196
f  582//1197 868//1197 583//1197
f  868//1198 865//1198 583//1198
f  809//1199 869//1199 598//1199
f  869//1200 849//1200 598//1200
f  581//1201 868//1201 582//1201
f  867//1202 870//1202 584//1202
f  870//1203 592//1203 584//1203
f  591//1204 868//1204 581//1204
f  862//1205 870//1205 867//1205
f  868//1206 857//1206 865//1206
f  870//1207 593//1207 592//1207
f  590//1208 871//1208 591//1208
f  872//1209 868//1209 591//1209
f  871//1210 872//1210 591//1210
f  873//1211 820//1211 819//1211
f  564//1212 873//1212 819//1212
f  589//1213 871//1213 590//1213
f  853//1214 874//1214 828//1214
f  874//1215 858//1215 828//1215
f  860//1216 875//1216 829//1216
f  875//1217 854//1217 829//1217
f  870//1218 800//1218 593//1218
f  870//1219 798//1219 800//1219
f  876//1220 877//1220 556//1220
f  555//1220 876//1220 556//1220
f  878//4 557//4 556//4
f  877//4 878//4 556//4
f  879//1221 270//1221 557//1221
f  878//1221 879//1221 557//1221
f  880//4 567//4 566//4
f  568//1222 880//1222 566//1222
f  559//5 876//5 555//5
f  558//1223 881//1223 559//1223
f  881//1223 882//1223 559//1223
f  882//5 876//5 559//5
f  883//1224 564//1224 560//1224
f  884//5 883//5 560//5
f  567//564 884//564 560//564
f  864//1225 885//1225 558//1225
f  885//1226 886//1226 558//1226
f  886//1227 881//1227 558//1227
f  883//1224 887//1224 564//1224
f  887//1228 888//1228 564//1228
f  888//1229 873//1229 564//1229
f  889//4 890//4 270//4
f  890//4 891//4 270//4
f  892//4 889//4 270//4
f  879//4 892//4 270//4
f  891//4 893//4 270//4
f  893//4 894//4 270//4
f  894//4 895//4 270//4
f  895//4 896//4 270//4
f  896//4 568//4 270//4
f  896//1222 880//1222 568//1222
f  897//1230 832//1230 634//1230
f  898//1231 897//1231 634//1231
f  899//1232 898//1232 634//1232
f  651//1233 899//1233 634//1233
f  900//1234 787//1234 660//1234
f  901//1235 900//1235 660//1235
f  662//1236 901//1236 660//1236
f  866//1237 885//1237 864//1237
f  902//1238 848//1238 846//1238
f  847//1239 902//1239 846//1239
f  903//1240 904//1240 570//1240
f  601//1241 903//1241 570//1241
f  904//1242 905//1242 570//1242
f  905//1243 838//1243 570//1243
f  897//1244 842//1244 832//1244
f  843//1245 901//1245 662//1245
f  857//1246 906//1246 855//1246
f  906//1247 907//1247 855//1247
f  907//1248 861//1248 855//1248
f  779//1249 908//1249 651//1249
f  908//1250 899//1250 651//1250
f  900//1251 909//1251 787//1251
f  909//1252 791//1252 787//1252
f  910//1253 844//1253 615//1253
f  614//1254 910//1254 615//1254
f  911//1255 607//1255 610//1255
f  845//1256 911//1256 610//1256
f  888//1257 912//1257 873//1257
f  912//1258 820//1258 873//1258
f  913//1259 814//1259 786//1259
f  863//1260 913//1260 786//1260
f  914//1261 830//1261 569//1261
f  803//1262 914//1262 569//1262
f  915//1263 916//1263 801//1263
f  916//1264 917//1264 801//1264
f  917//1265 836//1265 801//1265
f  850//1266 918//1266 801//1266
f  918//1267 915//1267 801//1267
f  919//1268 853//1268 842//1268
f  897//1269 919//1269 842//1269
f  920//1270 901//1270 843//1270
f  854//1271 920//1271 843//1271
f  796//1272 921//1272 589//1272
f  921//1273 871//1273 589//1273
f  922//1274 902//1274 847//1274
f  858//1275 922//1275 847//1275
f  902//1276 859//1276 848//1276
f  818//1277 921//1277 796//1277
f  909//1278 923//1278 791//1278
f  923//1279 808//1279 791//1279
f  924//1280 908//1280 779//1280
f  802//1281 924//1281 779//1281
f  925//1282 799//1282 798//1282
f  926//1283 925//1283 798//1283
f  870//1284 926//1284 798//1284
f  925//1285 826//1285 799//1285
f  836//1286 927//1286 809//1286
f  927//1287 869//1287 809//1287
f  817//1288 921//1288 818//1288
f  928//1289 859//1289 902//1289
f  922//1290 928//1290 902//1290
f  907//1291 862//1291 861//1291
f  874//1292 929//1292 858//1292
f  929//1293 922//1293 858//1293
f  859//1294 930//1294 860//1294
f  930//1295 931//1295 860//1295
f  931//1296 875//1296 860//1296
f  919//1297 932//1297 853//1297
f  932//1298 874//1298 853//1298
f  875//1299 933//1299 854//1299
f  933//1300 920//1300 854//1300
f  868//1301 906//1301 857//1301
f  934//539 884//539 567//539
f  935//539 934//539 567//539
f  880//1302 936//1302 567//1302
f  936//1303 935//1303 567//1303
f  936//1304 934//1304 935//1304
f  934//5 883//5 884//5
f  936//1304 937//1304 934//1304
f  937//5 883//5 934//5
f  925//1305 823//1305 826//1305
f  925//1306 824//1306 823//1306
f  807//1307 938//1307 802//1307
f  938//1308 924//1308 802//1308
f  939//1309 827//1309 808//1309
f  923//1310 939//1310 808//1310
f  940//1311 921//1311 817//1311
f  816//1312 940//1312 817//1312
f  941//1313 831//1313 588//1313
f  837//1314 941//1314 588//1314
f  942//1315 940//1315 816//1315
f  815//1316 942//1316 816//1316
f  831//1317 943//1317 586//1317
f  943//1318 944//1318 586//1318
f  944//1319 856//1319 586//1319
f  856//1320 596//1320 586//1320
f  945//1321 906//1321 868//1321
f  946//1322 945//1322 868//1322
f  872//1323 946//1323 868//1323
f  862//1324 947//1324 870//1324
f  947//1325 926//1325 870//1325
f  926//1326 948//1326 925//1326
f  949//1327 824//1327 925//1327
f  948//1328 949//1328 925//1328
f  950//1329 871//1329 921//1329
f  940//1330 950//1330 921//1330
f  949//1331 825//1331 824//1331
f  951//1332 837//1332 600//1332
f  852//1333 951//1333 600//1333
f  932//1334 952//1334 874//1334
f  952//1335 929//1335 874//1335
f  931//1336 953//1336 875//1336
f  953//1337 933//1337 875//1337
f  840//1338 954//1338 841//1338
f  954//1339 955//1339 841//1339
f  955//1340 851//1340 841//1340
f  839//1341 942//1341 815//1341
f  849//1342 956//1342 840//1342
f  956//1343 954//1343 840//1343
f  957//1344 938//1344 807//1344
f  793//1345 957//1345 807//1345
f  958//1346 833//1346 827//1346
f  939//1347 958//1347 827//1347
f  906//1348 959//1348 907//1348
f  959//1349 960//1349 907//1349
f  960//1350 862//1350 907//1350
f  961//1351 866//1351 851//1351
f  955//1352 961//1352 851//1352
f  962//1353 859//1353 928//1353
f  922//1354 962//1354 928//1354
f  963//1355 964//1355 601//1355
f  830//1356 963//1356 601//1356
f  965//1357 903//1357 601//1357
f  964//1358 965//1358 601//1358
f  966//1359 919//1359 897//1359
f  898//1360 966//1360 897//1360
f  967//1361 910//1361 614//1361
f  603//1362 967//1362 614//1362
f  911//1363 968//1363 607//1363
f  968//1364 969//1364 607//1364
f  969//1365 612//1365 607//1365
f  970//1366 962//1366 922//1366
f  929//1367 970//1367 922//1367
f  962//1368 930//1368 859//1368
f  866//1369 886//1369 885//1369
f  971//1370 852//1370 820//1370
f  912//1371 971//1371 820//1371
f  966//1372 972//1372 919//1372
f  972//1373 932//1373 919//1373
f  933//1374 973//1374 920//1374
f  973//1375 901//1375 920//1375
f  869//1376 974//1376 849//1376
f  974//1377 956//1377 849//1377
f  960//1378 947//1378 862//1378
f  945//1379 975//1379 906//1379
f  975//1380 959//1380 906//1380
f  917//1381 976//1381 836//1381
f  976//1382 927//1382 836//1382
f  977//1383 872//1383 871//1383
f  950//1384 977//1384 871//1384
f  838//1385 942//1385 839//1385
f  978//1386 886//1386 866//1386
f  961//1387 978//1387 866//1387
f  952//1388 979//1388 929//1388
f  979//1389 970//1389 929//1389
f  930//1390 980//1390 931//1390
f  980//1391 981//1391 931//1391
f  981//1392 953//1392 931//1392
f  982//1393 930//1393 962//1393
f  970//1394 982//1394 962//1394
f  794//1395 983//1395 793//1395
f  983//1396 957//1396 793//1396
f  958//1397 984//1397 833//1397
f  984//1398 863//1398 833//1398
f  972//1399 985//1399 932//1399
f  985//1400 952//1400 932//1400
f  953//1401 986//1401 933//1401
f  986//1402 973//1402 933//1402
f  949//1403 850//1403 825//1403
f  949//1404 918//1404 850//1404
f  905//1405 987//1405 838//1405
f  987//1406 942//1406 838//1406
f  988//1407 914//1407 803//1407
f  856//1408 988//1408 803//1408
f  989//1409 912//1409 888//1409
f  887//1410 989//1410 888//1410
f  990//1411 915//1411 918//1411
f  949//1412 990//1412 918//1412
f  991//1413 916//1413 915//1413
f  990//1414 991//1414 915//1414
f  904//1415 987//1415 905//1415
f  992//1416 948//1416 926//1416
f  993//1417 992//1417 926//1417
f  947//1418 993//1418 926//1418
f  994//1419 946//1419 872//1419
f  977//1420 994//1420 872//1420
f  927//1421 995//1421 869//1421
f  995//1422 974//1422 869//1422
f  978//1423 996//1423 886//1423
f  996//1424 881//1424 886//1424
f  985//1425 979//1425 952//1425
f  981//1426 997//1426 953//1426
f  997//1427 986//1427 953//1427
f  998//1428 999//1428 989//1428
f  999//1429 912//1429 989//1429
f  887//1430 998//1430 989//1430
f  1000//1431 930//1431 982//1431
f  970//1432 1000//1432 982//1432
f  975//1433 1001//1433 959//1433
f  1001//1434 960//1434 959//1434
f  1002//1435 990//1435 949//1435
f  948//1436 1002//1436 949//1436
f  1001//1437 1003//1437 960//1437
f  1003//1438 947//1438 960//1438
f  1004//1439 1001//1439 975//1439
f  1005//1440 1004//1440 975//1440
f  1006//1441 1005//1441 975//1441
f  945//1442 1006//1442 975//1442
f  1007//1443 983//1443 794//1443
f  774//1444 1007//1444 794//1444
f  1008//1445 913//1445 863//1445
f  984//1446 1008//1446 863//1446
f  1004//1447 1009//1447 1001//1447
f  1009//1448 1003//1448 1001//1448
f  1010//1449 1000//1449 970//1449
f  979//1450 1010//1450 970//1450
f  1000//1451 980//1451 930//1451
f  946//1452 1006//1452 945//1452
f  1003//1453 993//1453 947//1453
f  1004//1454 1003//1454 1009//1454
f  1011//1455 1012//1455 966//1455
f  1012//1456 1013//1456 966//1456
f  1013//1457 972//1457 966//1457
f  898//1458 1011//1458 966//1458
f  973//1459 1014//1459 901//1459
f  1014//1460 900//1460 901//1460
f  899//1461 1015//1461 898//1461
f  1015//1462 1011//1462 898//1462
f  1016//1463 909//1463 900//1463
f  1014//1464 1016//1464 900//1464
f  903//1465 987//1465 904//1465
f  1013//1466 1017//1466 972//1466
f  1017//1467 985//1467 972//1467
f  986//1468 1018//1468 973//1468
f  1018//1469 1014//1469 973//1469
f  985//1470 1019//1470 979//1470
f  1019//1471 1010//1471 979//1471
f  980//1472 1020//1472 981//1472
f  1020//1473 1021//1473 981//1473
f  1021//1474 997//1474 981//1474
f  1022//1475 963//1475 830//1475
f  914//1476 1023//1476 830//1476
f  1023//1477 1024//1477 830//1477
f  1024//1478 1022//1478 830//1478
f  1025//1479 977//1479 950//1479
f  1026//1480 1025//1480 950//1480
f  940//1481 1026//1481 950//1481
f  991//1482 917//1482 916//1482
f  1027//1483 1015//1483 899//1483
f  908//1484 1027//1484 899//1484
f  1016//1485 1028//1485 909//1485
f  1028//1486 923//1486 909//1486
f  1029//1487 980//1487 1000//1487
f  1010//1488 1029//1488 1000//1488
f  1017//1489 1030//1489 985//1489
f  1030//1490 1019//1490 985//1490
f  997//1491 1031//1491 986//1491
f  1031//1492 1018//1492 986//1492
f  1032//1493 1033//1493 927//1493
f  1033//1494 1034//1494 927//1494
f  1034//1495 995//1495 927//1495
f  976//1496 1035//1496 927//1496
f  1035//1497 1032//1497 927//1497
f  951//1498 1036//1498 837//1498
f  1036//1499 941//1499 837//1499
f  941//1500 1037//1500 831//1500
f  1037//1501 943//1501 831//1501
f  705//1502 603//1502 602//1502
f  924//1503 1038//1503 908//1503
f  1038//1504 1027//1504 908//1504
f  1028//1505 1039//1505 923//1505
f  1039//1506 939//1506 923//1506
f  1021//1507 1040//1507 997//1507
f  1040//1508 1031//1508 997//1508
f  1004//1509 1005//1509 1003//1509
f  1005//1510 1041//1510 1003//1510
f  1041//1511 993//1511 1003//1511
f  1042//1512 1005//1512 1006//1512
f  1043//1513 1042//1513 1006//1513
f  946//1514 1043//1514 1006//1514
f  991//1515 976//1515 917//1515
f  965//1516 987//1516 903//1516
f  1044//1517 814//1517 913//1517
f  1008//1518 1044//1518 913//1518
f  773//1519 1007//1519 774//1519
f  992//1520 1045//1520 948//1520
f  1045//1521 1002//1521 948//1521
f  1025//1522 994//1522 977//1522
f  1046//1523 951//1523 852//1523
f  971//1524 1046//1524 852//1524
f  954//1525 1047//1525 955//1525
f  1047//1526 1048//1526 955//1526
f  1048//1527 961//1527 955//1527
f  969//1528 711//1528 612//1528
f  956//1529 1049//1529 954//1529
f  1049//1530 1047//1530 954//1530
f  1050//1531 980//1531 1029//1531
f  1010//1532 1050//1532 1029//1532
f  990//1533 1051//1533 991//1533
f  1051//1534 976//1534 991//1534
f  965//1535 1052//1535 987//1535
f  1052//1536 942//1536 987//1536
f  1053//1537 1050//1537 1010//1537
f  1019//1538 1053//1538 1010//1538
f  1050//1539 1020//1539 980//1539
f  1041//1540 992//1540 993//1540
f  994//1541 1043//1541 946//1541
f  964//1542 1054//1542 965//1542
f  1054//1543 1052//1543 965//1543
f  1055//1544 978//1544 961//1544
f  1048//1545 1055//1545 961//1545
f  1052//1546 1056//1546 942//1546
f  1056//1547 940//1547 942//1547
f  974//1548 1057//1548 956//1548
f  1057//1549 1049//1549 956//1549
f  1058//1550 1038//1550 924//1550
f  938//1551 1058//1551 924//1551
f  1059//1552 958//1552 939//1552
f  1039//1553 1059//1553 939//1553
f  1030//1554 1053//1554 1019//1554
f  1060//1555 1040//1555 1021//1555
f  1020//1556 1060//1556 1021//1556
f  1061//1557 971//1557 912//1557
f  999//1558 1061//1558 912//1558
f  978//1559 1062//1559 996//1559
f  1062//1560 881//1560 996//1560
f  1031//1561 1063//1561 1018//1561
f  1063//1562 1014//1562 1018//1562
f  1064//1563 1017//1563 1013//1563
f  1065//1564 1064//1564 1013//1564
f  1012//1565 1065//1565 1013//1565
f  1002//1566 1066//1566 990//1566
f  1066//1567 1051//1567 990//1567
f  1067//1568 1026//1568 940//1568
f  1056//1569 1068//1569 940//1569
f  1068//1570 1067//1570 940//1570
f  1069//1571 988//1571 856//1571
f  944//1572 1069//1572 856//1572
f  963//1573 1054//1573 964//1573
f  1070//1574 1062//1574 978//1574
f  1055//1575 1070//1575 978//1575
f  1042//1576 1041//1576 1005//1576
f  1071//1577 1030//1577 1017//1577
f  1064//1578 1071//1578 1017//1578
f  1040//1579 1072//1579 1031//1579
f  1072//1580 1063//1580 1031//1580
f  1073//1581 1020//1581 1050//1581
f  1053//1582 1073//1582 1050//1582
f  1043//1583 1074//1583 1042//1583
f  1075//1584 1041//1584 1042//1584
f  1074//1585 1076//1585 1042//1585
f  1076//1586 1075//1586 1042//1586
f  1077//1587 1054//1587 963//1587
f  1022//1588 1077//1588 963//1588
f  1075//1589 1078//1589 1041//1589
f  1078//1590 992//1590 1041//1590
f  1079//1591 1074//1591 1043//1591
f  994//1592 1079//1592 1043//1592
f  1051//1593 1035//1593 976//1593
f  995//1594 1080//1594 974//1594
f  1080//1595 1057//1595 974//1595
f  1081//1596 1025//1596 1026//1596
f  1067//1597 1081//1597 1026//1597
f  957//1598 1082//1598 938//1598
f  1082//1599 1058//1599 938//1599
f  1083//1600 984//1600 958//1600
f  1059//1601 1083//1601 958//1601
f  705//1602 967//1602 603//1602
f  1084//1603 711//1603 969//1603
f  968//1604 1084//1604 969//1604
f  1085//1605 1073//1605 1053//1605
f  1086//1606 1085//1606 1053//1606
f  1087//1607 1086//1607 1053//1607
f  1030//1608 1087//1608 1053//1608
f  1073//1609 1088//1609 1020//1609
f  1089//1610 1060//1610 1020//1610
f  1088//1611 1089//1611 1020//1611
f  1090//1612 1007//1612 773//1612
f  1091//1613 1090//1613 773//1613
f  1092//1614 1091//1614 773//1614
f  813//1615 1092//1615 773//1615
f  1044//1616 1093//1616 814//1616
f  1093//1617 845//1617 814//1617
f  1094//1618 999//1618 998//1618
f  887//1619 1094//1619 998//1619
f  1085//1620 1088//1620 1073//1620
f  1051//1621 1032//1621 1035//1621
f  1078//1622 1045//1622 992//1622
f  1095//1623 1096//1623 994//1623
f  1025//1624 1095//1624 994//1624
f  1096//1625 1079//1625 994//1625
f  1097//1626 1088//1626 1085//1626
f  1086//1627 1097//1627 1085//1627
f  1084//1628 712//1628 711//1628
f  1070//1629 1098//1629 1062//1629
f  1098//1630 881//1630 1062//1630
f  1074//1631 1099//1631 1076//1631
f  1100//1632 1075//1632 1076//1632
f  1099//1633 1100//1633 1076//1633
f  877//4 1101//4 878//4
f  1102//1634 879//1634 878//1634
f  1101//1634 1102//1634 878//1634
f  1103//4 1104//4 880//4
f  1104//1635 936//1635 880//1635
f  896//1636 1103//1636 880//1636
f  1102//4 892//4 879//4
f  895//1636 1103//1636 896//1636
f  1105//1637 1095//1637 1025//1637
f  1081//1638 1105//1638 1025//1638
f  1106//1639 1107//1639 1002//1639
f  1107//1640 1066//1640 1002//1640
f  1045//1641 1106//1641 1002//1641
f  1108//1642 1109//1642 1094//1642
f  1109//1643 999//1643 1094//1643
f  887//1644 1108//1644 1094//1644
f  704//1645 967//1645 705//1645
f  1071//1646 1087//1646 1030//1646
f  1060//1647 1110//1647 1040//1647
f  1110//1648 1111//1648 1040//1648
f  1111//1649 1072//1649 1040//1649
f  988//1650 1112//1650 914//1650
f  1112//1651 1113//1651 914//1651
f  1113//1652 1023//1652 914//1652
f  1100//1653 1114//1653 1075//1653
f  1114//1654 1078//1654 1075//1654
f  1115//1655 1116//1655 1074//1655
f  1116//1656 1099//1656 1074//1656
f  1079//1657 1115//1657 1074//1657
f  1117//1658 1115//1658 1079//1658
f  1096//1659 1117//1659 1079//1659
f  1114//1660 1118//1660 1078//1660
f  1118//1661 1045//1661 1078//1661
f  1097//1662 1089//1662 1088//1662
f  1119//1663 1120//1663 1086//1663
f  1120//1664 1097//1664 1086//1664
f  1087//1665 1119//1665 1086//1665
f  1121//1666 1080//1666 995//1666
f  1034//1667 1122//1667 995//1667
f  1122//1668 1121//1668 995//1668
f  1123//1669 1096//1669 1095//1669
f  1105//1670 1123//1670 1095//1670
f  1124//1671 1082//1671 957//1671
f  983//1672 1124//1672 957//1672
f  1083//1673 1125//1673 984//1673
f  1125//1674 1008//1674 984//1674
f  1120//1675 1089//1675 1097//1675
f  1126//1676 1119//1676 1087//1676
f  1071//1677 1126//1677 1087//1677
f  1089//1678 1127//1678 1060//1678
f  1127//1679 1110//1679 1060//1679
f  1012//1680 1128//1680 1065//1680
f  1128//1681 1064//1681 1065//1681
f  1129//1682 1014//1682 1063//1682
f  1072//1683 1130//1683 1063//1683
f  1130//1684 1129//1684 1063//1684
f  1131//1685 1071//1685 1064//1685
f  1132//1686 1131//1686 1064//1686
f  1128//1687 1132//1687 1064//1687
f  1111//1688 1133//1688 1072//1688
f  1133//1689 1130//1689 1072//1689
f  1134//1690 1089//1690 1120//1690
f  1119//1691 1134//1691 1120//1691
f  1051//1692 1033//1692 1032//1692
f  1024//1693 1077//1693 1022//1693
f  1011//1694 1128//1694 1012//1694
f  1129//1695 1016//1695 1014//1695
f  1135//1696 1034//1696 1033//1696
f  1051//1697 1135//1697 1033//1697
f  1116//1698 1136//1698 1099//1698
f  1136//1699 1100//1699 1099//1699
f  1116//1700 1137//1700 1136//1700
f  1137//1701 1100//1701 1136//1701
f  881//1702 1138//1702 882//1702
f  1138//1702 1139//1702 882//1702
f  1139//5 1140//5 882//5
f  1140//5 876//5 882//5
f  1141//1703 887//1703 883//1703
f  937//5 1141//5 883//5
f  1098//1704 1142//1704 881//1704
f  1142//1705 1138//1705 881//1705
f  1141//1703 1143//1703 887//1703
f  1143//1706 1108//1706 887//1706
f  1137//1707 1144//1707 1100//1707
f  1144//1708 1114//1708 1100//1708
f  1145//1709 1137//1709 1116//1709
f  1146//1710 1145//1710 1116//1710
f  1115//1711 1146//1711 1116//1711
f  1145//1712 1144//1712 1137//1712
f  1140//1713 1147//1713 877//1713
f  876//1713 1140//1713 877//1713
f  1147//4 1101//4 877//4
f  1148//1714 1135//1714 1051//1714
f  1066//1715 1148//1715 1051//1715
f  1118//1716 1149//1716 1045//1716
f  1149//1717 1106//1717 1045//1717
f  1123//1718 1117//1718 1096//1718
f  1150//1719 1146//1719 1115//1719
f  1117//1720 1150//1720 1115//1720
f  1144//1721 1151//1721 1114//1721
f  1151//1722 1118//1722 1114//1722
f  1131//1723 1126//1723 1071//1723
f  1110//1724 1152//1724 1111//1724
f  1152//1725 1153//1725 1111//1725
f  1153//1726 1133//1726 1111//1726
f  1154//1727 1155//1727 1119//1727
f  1155//1728 1134//1728 1119//1728
f  1126//1729 1154//1729 1119//1729
f  1134//1730 1155//1730 1089//1730
f  1155//1731 1127//1731 1089//1731
f  1156//1732 1128//1732 1011//1732
f  1157//1733 1156//1733 1011//1733
f  1158//1734 1157//1734 1011//1734
f  1015//1735 1158//1735 1011//1735
f  1159//1736 1028//1736 1016//1736
f  1129//1737 1159//1737 1016//1737
f  1160//1738 1148//1738 1066//1738
f  1107//1739 1160//1739 1066//1739
f  844//1740 1092//1740 813//1740
f  1161//1741 911//1741 845//1741
f  1093//1742 1161//1742 845//1742
f  1162//1743 1150//1743 1117//1743
f  1123//1744 1162//1744 1117//1744
f  1151//1745 1163//1745 1118//1745
f  1163//1746 1149//1746 1118//1746
f  1127//1747 1164//1747 1110//1747
f  1164//1748 1152//1748 1110//1748
f  1165//1749 1154//1749 1126//1749
f  1131//1750 1165//1750 1126//1750
f  1145//1751 1166//1751 1144//1751
f  1166//1752 1167//1752 1144//1752
f  1167//1753 1168//1753 1144//1753
f  1168//1754 1151//1754 1144//1754
f  1166//1755 1145//1755 1146//1755
f  1169//1756 1166//1756 1146//1756
f  1164//1757 1169//1757 1146//1757
f  1150//1758 1164//1758 1146//1758
f  1170//1759 1127//1759 1155//1759
f  1154//1760 1170//1760 1155//1760
f  1023//1761 1171//1761 1024//1761
f  1171//1762 1077//1762 1024//1762
f  1169//1763 1172//1763 1166//1763
f  1172//1764 1167//1764 1166//1764
f  1173//1765 1081//1765 1067//1765
f  1068//1766 1174//1766 1067//1766
f  1174//1767 1173//1767 1067//1767
f  1036//1768 1037//1768 941//1768
f  1172//1769 1154//1769 1167//1769
f  1154//1770 1168//1770 1167//1770
f  1170//1771 1172//1771 1169//1771
f  1127//1772 1170//1772 1169//1772
f  1164//1773 1127//1773 1169//1773
f  1172//1774 1170//1774 1154//1774
f  1165//1775 1168//1775 1154//1775
f  1175//1776 1036//1776 951//1776
f  1046//1777 1175//1777 951//1777
f  1168//1778 1176//1778 1151//1778
f  1176//1779 1163//1779 1151//1779
f  1152//1780 1164//1780 1150//1780
f  1177//1781 1152//1781 1150//1781
f  1162//1782 1177//1782 1150//1782
f  1027//1783 1178//1783 1015//1783
f  1178//1784 1158//1784 1015//1784
f  1159//1785 1179//1785 1028//1785
f  1179//1786 1039//1786 1028//1786
f  1165//1787 1176//1787 1168//1787
f  1180//1788 1105//1788 1081//1788
f  1173//1789 1180//1789 1081//1789
f  1106//1790 1181//1790 1107//1790
f  1182//1791 1160//1791 1107//1791
f  1181//1792 1182//1792 1107//1792
f  1135//1793 1122//1793 1034//1793
f  1007//1794 1090//1794 983//1794
f  1090//1795 1124//1795 983//1795
f  1183//1796 1044//1796 1008//1796
f  1125//1797 1183//1797 1008//1797
f  1184//1798 1176//1798 1165//1798
f  1131//1799 1184//1799 1165//1799
f  1177//1800 1153//1800 1152//1800
f  1104//1801 937//1801 936//1801
f  1104//1801 1185//1801 937//1801
f  1185//5 1141//5 937//5
f  1132//1802 1184//1802 1131//1802
f  1177//1803 1186//1803 1153//1803
f  1186//1804 1187//1804 1153//1804
f  1187//1805 1133//1805 1153//1805
f  1188//1806 1046//1806 971//1806
f  1061//1807 1188//1807 971//1807
f  1189//1808 1048//1808 1047//1808
f  1049//1809 1190//1809 1047//1809
f  1190//1810 1189//1810 1047//1810
f  1191//1811 1181//1811 1106//1811
f  1149//1812 1191//1812 1106//1812
f  1192//1813 1123//1813 1105//1813
f  1180//1814 1192//1814 1105//1814
f  1189//1815 1193//1815 1048//1815
f  1193//1816 1055//1816 1048//1816
f  1194//1817 1184//1817 1132//1817
f  1128//1818 1194//1818 1132//1818
f  1195//1819 1196//1819 1133//1819
f  1187//1820 1195//1820 1133//1820
f  1196//1821 1130//1821 1133//1821
f  1197//1822 1163//1822 1176//1822
f  1184//1823 1197//1823 1176//1823
f  1162//1824 1198//1824 1177//1824
f  1198//1825 1186//1825 1177//1825
f  1192//1826 1162//1826 1123//1826
f  1163//1827 1191//1827 1149//1827
f  1192//1828 1198//1828 1162//1828
f  1197//1829 1191//1829 1163//1829
f  1057//1830 1199//1830 1049//1830
f  1199//1831 1190//1831 1049//1831
f  1196//1832 1129//1832 1130//1832
f  1200//1833 1070//1833 1055//1833
f  1193//1834 1200//1834 1055//1834
f  1070//1835 1142//1835 1098//1835
f  1201//1836 1069//1836 944//1836
f  943//1837 1201//1837 944//1837
f  1202//1838 1178//1838 1027//1838
f  1038//1839 1202//1839 1027//1839
f  1179//1840 1203//1840 1039//1840
f  1203//1841 1059//1841 1039//1841
f  1194//1842 1197//1842 1184//1842
f  1198//1843 1204//1843 1186//1843
f  1204//1844 1187//1844 1186//1844
f  1205//1845 1061//1845 999//1845
f  1109//1846 1205//1846 999//1846
f  1156//1847 1194//1847 1128//1847
f  1080//1848 1206//1848 1057//1848
f  1206//1849 1199//1849 1057//1849
f  1207//1850 1142//1850 1070//1850
f  1200//1851 1207//1851 1070//1851
f  1204//1852 1208//1852 1187//1852
f  1208//1853 1195//1853 1187//1853
f  1209//1854 1204//1854 1198//1854
f  1192//1855 1209//1855 1198//1855
f  1210//1856 1191//1856 1197//1856
f  1211//1857 1210//1857 1197//1857
f  1212//1858 1211//1858 1197//1858
f  1194//1859 1212//1859 1197//1859
f  1213//1860 1092//1860 844//1860
f  910//1861 1213//1861 844//1861
f  1214//1862 968//1862 911//1862
f  1161//1863 1214//1863 911//1863
f  1180//1864 1209//1864 1192//1864
f  1210//1865 1181//1865 1191//1865
f  1069//1866 1215//1866 988//1866
f  1215//1867 1216//1867 988//1867
f  1216//1868 1217//1868 988//1868
f  1217//1869 1218//1869 988//1869
f  1218//1870 1112//1870 988//1870
f  1156//1871 1212//1871 1194//1871
f  1208//1872 1219//1872 1195//1872
f  1219//1873 1196//1873 1195//1873
f  1220//1874 1093//1874 1044//1874
f  1183//1875 1220//1875 1044//1875
f  1058//1876 1202//1876 1038//1876
f  1221//1877 1083//1877 1059//1877
f  1203//1878 1221//1878 1059//1878
f  1222//1879 1109//1879 1108//1879
f  1143//1880 1222//1880 1108//1880
f  1223//1881 1182//1881 1181//1881
f  1210//1882 1223//1882 1181//1882
f  1224//1883 1209//1883 1180//1883
f  1173//1884 1225//1884 1180//1884
f  1225//1885 1224//1885 1180//1885
f  1223//1886 1226//1886 1182//1886
f  1226//1887 1227//1887 1182//1887
f  1227//1888 1160//1888 1182//1888
f  1174//1889 1228//1889 1173//1889
f  1228//1890 1225//1890 1173//1890
f  1229//1891 1228//1891 1174//1891
f  1068//1892 1229//1892 1174//1892
f  1227//1893 1230//1893 1160//1893
f  1230//1894 1148//1894 1160//1894
f  1056//1895 1231//1895 1068//1895
f  1231//1896 1229//1896 1068//1896
f  1113//1897 1171//1897 1023//1897
f  1232//1898 1208//1898 1204//1898
f  1209//1899 1232//1899 1204//1899
f  1233//1900 1231//1900 1056//1900
f  1052//1901 1233//1901 1056//1901
f  1234//1902 1206//1902 1080//1902
f  1121//1903 1235//1903 1080//1903
f  1235//1904 1236//1904 1080//1904
f  1236//1905 1237//1905 1080//1905
f  1237//1906 1234//1906 1080//1906
f  1207//1907 1238//1907 1142//1907
f  1238//1908 1138//1908 1142//1908
f  1239//1909 1129//1909 1196//1909
f  1219//1910 1239//1910 1196//1910
f  1054//1911 1240//1911 1052//1911
f  1240//1912 1233//1912 1052//1912
f  1230//1913 1241//1913 1148//1913
f  1241//1914 1135//1914 1148//1914
f  1242//1915 1243//1915 1222//1915
f  1243//1916 1109//1916 1222//1916
f  1143//1917 1242//1917 1222//1917
f  1244//1918 1240//1918 1054//1918
f  1077//1919 1244//1919 1054//1919
f  1235//1920 1121//1920 1135//1920
f  1121//1921 1122//1921 1135//1921
f  1241//1922 1236//1922 1135//1922
f  1236//1923 1235//1923 1135//1923
f  1171//1924 1245//1924 1077//1924
f  1245//1925 1244//1925 1077//1925
f  1112//1926 1171//1926 1113//1926
f  1218//1927 1245//1927 1171//1927
f  1112//1928 1218//1928 1171//1928
f  1217//1929 1245//1929 1218//1929
f  1211//1930 1223//1930 1210//1930
f  1224//1931 1232//1931 1209//1931
f  1246//1932 1212//1932 1156//1932
f  1157//1933 1246//1933 1156//1933
f  1239//1934 1159//1934 1129//1934
f  1247//1935 1211//1935 1212//1935
f  1248//1936 1247//1936 1212//1936
f  1246//1937 1248//1937 1212//1937
f  1249//1938 1219//1938 1208//1938
f  1232//1939 1249//1939 1208//1939
f  1250//1940 1202//1940 1058//1940
f  1082//1941 1250//1941 1058//1941
f  1251//1942 1125//1942 1083//1942
f  1221//1943 1251//1943 1083//1943
f  1252//1944 1226//1944 1223//1944
f  1211//1945 1252//1945 1223//1945
f  1158//1946 1246//1946 1157//1946
f  1239//1947 1179//1947 1159//1947
f  1249//1948 1239//1948 1219//1948
f  1253//1949 1227//1949 1226//1949
f  1252//1950 1253//1950 1226//1950
f  1224//1951 1249//1951 1232//1951
f  1247//1952 1254//1952 1211//1952
f  1254//1953 1252//1953 1211//1953
f  1255//1954 1213//1954 910//1954
f  967//1955 1255//1955 910//1955
f  1214//1956 1084//1956 968//1956
f  1256//1957 1037//1957 1036//1957
f  1257//1958 1256//1958 1036//1958
f  1175//1959 1257//1959 1036//1959
f  1258//1960 1175//1960 1046//1960
f  1188//1961 1258//1961 1046//1961
f  1124//1962 1250//1962 1082//1962
f  1251//1963 1183//1963 1125//1963
f  1259//1964 1230//1964 1227//1964
f  1253//1965 1259//1965 1227//1965
f  1260//1966 1188//1966 1061//1966
f  1205//1967 1260//1967 1061//1967
f  1158//1968 1261//1968 1246//1968
f  1261//1969 1248//1969 1246//1969
f  1262//1970 1261//1970 1158//1970
f  1178//1971 1262//1971 1158//1971
f  1263//1972 1203//1972 1179//1972
f  1239//1973 1263//1973 1179//1973
f  1264//1974 1193//1974 1189//1974
f  1190//1975 1265//1975 1189//1975
f  1265//1976 1264//1976 1189//1976
f  1264//1977 1266//1977 1193//1977
f  1266//1978 1200//1978 1193//1978
f  1267//1979 1249//1979 1224//1979
f  1225//1980 1268//1980 1224//1980
f  1268//1981 1267//1981 1224//1981
f  1207//1982 1269//1982 1238//1982
f  1269//1983 1138//1983 1238//1983
f  1199//1984 1270//1984 1190//1984
f  1270//1985 1265//1985 1190//1985
f  1271//1986 1201//1986 943//1986
f  1037//1987 1271//1987 943//1987
f  1272//1988 1207//1988 1200//1988
f  1266//1989 1272//1989 1200//1989
f  1273//1990 1254//1990 1247//1990
f  1248//1991 1273//1991 1247//1991
f  1267//1992 1239//1992 1249//1992
f  1274//1993 1205//1993 1109//1993
f  1243//1994 1274//1994 1109//1994
f  1275//1995 1241//1995 1230//1995
f  1259//1996 1275//1996 1230//1996
f  1206//1997 1276//1997 1199//1997
f  1276//1998 1270//1998 1199//1998
f  1277//1999 1269//1999 1207//1999
f  1272//2000 1277//2000 1207//2000
f  1201//2001 1278//2001 1069//2001
f  1278//2002 1215//2002 1069//2002
f  1254//2003 1279//2003 1252//2003
f  1279//2004 1253//2004 1252//2004
f  1228//2005 1280//2005 1225//2005
f  1280//2006 1268//2006 1225//2006
f  1202//2007 1281//2007 1178//2007
f  1281//2008 1262//2008 1178//2008
f  1263//2009 1221//2009 1203//2009
f  1282//2010 1237//2010 1236//2010
f  1241//2011 1282//2011 1236//2011
f  1283//2012 1245//2012 1217//2012
f  1216//2013 1283//2013 1217//2013
f  1284//2014 1250//2014 1124//2014
f  1090//2015 1284//2015 1124//2015
f  1285//2016 1220//2016 1183//2016
f  1251//2017 1285//2017 1183//2017
f  1234//2018 1276//2018 1206//2018
f  1286//2019 1282//2019 1241//2019
f  1275//2020 1286//2020 1241//2020
f  1287//2021 1243//2021 1242//2021
f  1143//2022 1287//2022 1242//2022
f  1215//2023 1283//2023 1216//2023
f  1261//2024 1288//2024 1248//2024
f  1288//2025 1273//2025 1248//2025
f  1267//2026 1289//2026 1239//2026
f  1289//2027 1263//2027 1239//2027
f  1290//2028 1280//2028 1228//2028
f  1229//2029 1290//2029 1228//2029
f  1277//2030 1291//2030 1269//2030
f  1291//2031 1138//2031 1269//2031
f  1147//4 1292//4 1101//4
f  1293//2032 1102//2032 1101//2032
f  1292//2032 1293//2032 1101//2032
f  1294//4 1295//4 1103//4
f  1295//4 1104//4 1103//4
f  895//2033 1294//2033 1103//2033
f  1293//4 892//4 1102//4
f  894//2033 1294//2033 895//2033
f  1282//2034 1234//2034 1237//2034
f  1296//2035 1297//2035 1287//2035
f  1297//2036 1243//2036 1287//2036
f  1143//2037 1296//2037 1287//2037
f  1286//2038 1234//2038 1282//2038
f  1250//2039 1281//2039 1202//2039
f  1298//2040 1251//2040 1221//2040
f  1263//2041 1298//2041 1221//2041
f  1231//2042 1299//2042 1229//2042
f  1299//2043 1290//2043 1229//2043
f  1279//2044 1300//2044 1253//2044
f  1300//2045 1259//2045 1253//2045
f  1301//2046 1279//2046 1254//2046
f  1273//2047 1301//2047 1254//2047
f  1302//2048 1288//2048 1261//2048
f  1262//2049 1302//2049 1261//2049
f  1303//2050 1299//2050 1231//2050
f  1233//2051 1303//2051 1231//2051
f  1268//2052 1304//2052 1267//2052
f  1304//2053 1289//2053 1267//2053
f  1091//2054 1284//2054 1090//2054
f  1285//2055 1093//2055 1220//2055
f  1300//2056 1305//2056 1259//2056
f  1305//2057 1275//2057 1259//2057
f  1240//2058 1306//2058 1233//2058
f  1306//2059 1303//2059 1233//2059
f  1138//2060 1307//2060 1139//2060
f  1307//2060 1308//2060 1139//2060
f  1308//5 1309//5 1139//5
f  1309//5 1140//5 1139//5
f  1310//2061 1143//2061 1141//2061
f  1185//5 1310//5 1141//5
f  1291//2062 1311//2062 1138//2062
f  1311//2063 1312//2063 1138//2063
f  1312//2064 1313//2064 1138//2064
f  1313//2065 1307//2065 1138//2065
f  1310//2061 1314//2061 1143//2061
f  1314//2066 1315//2066 1143//2066
f  1315//2067 1316//2067 1143//2067
f  1316//2068 1296//2068 1143//2068
f  1317//2069 1258//2069 1188//2069
f  1260//2070 1317//2070 1188//2070
f  1318//2071 1257//2071 1175//2071
f  1258//2072 1318//2072 1175//2072
f  1309//2073 1319//2073 1147//2073
f  1140//2073 1309//2073 1147//2073
f  1319//4 1292//4 1147//4
f  1281//2074 1302//2074 1262//2074
f  1289//2075 1298//2075 1263//2075
f  1320//2076 1260//2076 1205//2076
f  1274//2077 1320//2077 1205//2077
f  1321//2078 1322//2078 1256//2078
f  1257//2079 1321//2079 1256//2079
f  1322//2080 1037//2080 1256//2080
f  1323//2081 1306//2081 1240//2081
f  1244//2082 1323//2082 1240//2082
f  1264//2083 1324//2083 1266//2083
f  1324//2084 1325//2084 1266//2084
f  1325//2085 1272//2085 1266//2085
f  1277//2086 1311//2086 1291//2086
f  704//2087 1255//2087 967//2087
f  1214//2088 1326//2088 1084//2088
f  1326//2089 713//2089 1084//2089
f  713//2090 712//2090 1084//2090
f  1265//2091 1327//2091 1264//2091
f  1327//2092 1324//2092 1264//2092
f  1288//2093 1328//2093 1273//2093
f  1328//2094 1301//2094 1273//2094
f  1280//2095 1329//2095 1268//2095
f  1329//2096 1304//2096 1268//2096
f  1330//2097 1277//2097 1272//2097
f  1325//2098 1330//2098 1272//2098
f  1331//2099 1271//2099 1037//2099
f  1322//2100 1331//2100 1037//2100
f  1270//2101 1332//2101 1265//2101
f  1332//2102 1327//2102 1265//2102
f  1333//2103 1300//2103 1279//2103
f  1301//2104 1333//2104 1279//2104
f  1334//2105 1274//2105 1243//2105
f  1297//2106 1334//2106 1243//2106
f  1092//2107 1284//2107 1091//2107
f  1285//2108 1161//2108 1093//2108
f  1245//2109 1335//2109 1244//2109
f  1335//2110 1323//2110 1244//2110
f  1305//2111 1336//2111 1275//2111
f  1336//2112 1286//2112 1275//2112
f  1337//2113 1338//2113 1201//2113
f  1271//2114 1337//2114 1201//2114
f  1338//2115 1339//2115 1201//2115
f  1339//2116 1278//2116 1201//2116
f  1295//2117 1185//2117 1104//2117
f  1295//2117 1340//2117 1185//2117
f  1340//5 1310//5 1185//5
f  1341//2118 1311//2118 1277//2118
f  1330//2119 1341//2119 1277//2119
f  1276//2120 1342//2120 1270//2120
f  1342//2121 1332//2121 1270//2121
f  1278//2122 1283//2122 1215//2122
f  1343//2123 1281//2123 1250//2123
f  1284//2124 1343//2124 1250//2124
f  1344//2125 1285//2125 1251//2125
f  1298//2126 1344//2126 1251//2126
f  1234//2127 1345//2127 1276//2127
f  1345//2128 1346//2128 1276//2128
f  1346//2129 1342//2129 1276//2129
f  1286//2130 1345//2130 1234//2130
f  1347//2131 1335//2131 1245//2131
f  1283//2132 1347//2132 1245//2132
f  1316//2133 1297//2133 1296//2133
f  1339//2134 1283//2134 1278//2134
f  1290//2135 1329//2135 1280//2135
f  1341//2136 1312//2136 1311//2136
f  1304//2137 1348//2137 1289//2137
f  1348//2138 1298//2138 1289//2138
f  1315//2139 1349//2139 1316//2139
f  1349//2140 1297//2140 1316//2140
f  1302//2141 1328//2141 1288//2141
f  1336//2142 1346//2142 1286//2142
f  1346//2143 1345//2143 1286//2143
f  1337//2144 1347//2144 1283//2144
f  1338//2145 1337//2145 1283//2145
f  1339//2146 1338//2146 1283//2146
f  1350//2147 1305//2147 1300//2147
f  1333//2148 1350//2148 1300//2148
f  1213//2149 1351//2149 1092//2149
f  1352//2150 1284//2150 1092//2150
f  1353//2151 1352//2151 1092//2151
f  1351//2152 1353//2152 1092//2152
f  1354//2153 1214//2153 1161//2153
f  1285//2154 1354//2154 1161//2154
f  1328//2155 1333//2155 1301//2155
f  1299//2156 1355//2156 1290//2156
f  1355//2157 1329//2157 1290//2157
f  1356//2158 1357//2158 1281//2158
f  1343//2159 1356//2159 1281//2159
f  1357//2160 1302//2160 1281//2160
f  1348//2161 1358//2161 1298//2161
f  1358//2162 1344//2162 1298//2162
f  1357//2163 1328//2163 1302//2163
f  1329//2164 1348//2164 1304//2164
f  703//2165 1255//2165 704//2165
f  1359//2166 1317//2166 1260//2166
f  1320//2167 1359//2167 1260//2167
f  1303//2168 1355//2168 1299//2168
f  1360//2169 1320//2169 1274//2169
f  1334//2170 1360//2170 1274//2170
f  1361//2171 1318//2171 1258//2171
f  1317//2172 1361//2172 1258//2172
f  1362//2173 1336//2173 1305//2173
f  1350//2174 1362//2174 1305//2174
f  1341//2175 1313//2175 1312//2175
f  1324//2176 1363//2176 1325//2176
f  1363//2177 1364//2177 1325//2177
f  1364//2178 1330//2178 1325//2178
f  1365//2179 1341//2179 1330//2179
f  1364//2180 1365//2180 1330//2180
f  1366//2181 1321//2181 1257//2181
f  1318//2182 1366//2182 1257//2182
f  1327//2183 1367//2183 1324//2183
f  1367//2184 1363//2184 1324//2184
f  1368//2185 1334//2185 1297//2185
f  1349//2186 1368//2186 1297//2186
f  1352//2187 1343//2187 1284//2187
f  1344//2188 1369//2188 1285//2188
f  1369//2189 1354//2189 1285//2189
f  1321//2190 1370//2190 1322//2190
f  1370//2191 1331//2191 1322//2191
f  1371//2192 1313//2192 1341//2192
f  1365//2193 1371//2193 1341//2193
f  1332//2194 1372//2194 1327//2194
f  1372//2195 1367//2195 1327//2195
f  1331//2196 1373//2196 1271//2196
f  1374//2197 1337//2197 1271//2197
f  1373//2198 1374//2198 1271//2198
f  1342//2199 1375//2199 1332//2199
f  1375//2200 1372//2200 1332//2200
f  1306//2201 1376//2201 1303//2201
f  1376//2202 1355//2202 1303//2202
f  1377//2203 1350//2203 1333//2203
f  1328//2204 1377//2204 1333//2204
f  1378//2205 1349//2205 1315//2205
f  1314//2206 1378//2206 1315//2206
f  1379//2207 1375//2207 1342//2207
f  1380//2208 1379//2208 1342//2208
f  1346//2209 1381//2209 1342//2209
f  1381//2210 1380//2210 1342//2210
f  1336//2211 1381//2211 1346//2211
f  1319//4 1382//4 1292//4
f  1383//2212 1293//2212 1292//2212
f  1382//2212 1383//2212 1292//2212
f  1384//4 1385//4 1294//4
f  1385//4 1295//4 1294//4
f  894//246 1384//246 1294//246
f  1383//4 892//4 1293//4
f  893//246 1384//246 894//246
f  1371//2213 1386//2213 1313//2213
f  1386//2214 1307//2214 1313//2214
f  1387//2215 1380//2215 1381//2215
f  1336//2216 1387//2216 1381//2216
f  1374//2217 1388//2217 1337//2217
f  1388//2218 1347//2218 1337//2218
f  1362//2219 1387//2219 1336//2219
f  1389//2220 1390//2220 1378//2220
f  1390//2221 1349//2221 1378//2221
f  1314//2222 1389//2222 1378//2222
f  1323//2223 1376//2223 1306//2223
f  1352//2224 1391//2224 1343//2224
f  1391//2225 1356//2225 1343//2225
f  1358//2226 1369//2226 1344//2226
f  1392//2227 1351//2227 1213//2227
f  1255//2228 1392//2228 1213//2228
f  1393//2229 1326//2229 1214//2229
f  1354//2230 1393//2230 1214//2230
f  1357//2231 1394//2231 1328//2231
f  1394//2232 1377//2232 1328//2232
f  1355//2233 1395//2233 1329//2233
f  1395//2234 1348//2234 1329//2234
f  1335//2235 1396//2235 1323//2235
f  1396//2236 1376//2236 1323//2236
f  1397//2237 1362//2237 1350//2237
f  1377//2238 1397//2238 1350//2238
f  1398//2239 1394//2239 1357//2239
f  1356//2240 1398//2240 1357//2240
f  1395//2241 1399//2241 1348//2241
f  1399//2242 1358//2242 1348//2242
f  1400//2243 1360//2243 1334//2243
f  1368//2244 1400//2244 1334//2244
f  1401//2245 1359//2245 1320//2245
f  1360//2246 1401//2246 1320//2246
f  1371//2247 1402//2247 1386//2247
f  1402//2248 1307//2248 1386//2248
f  1403//2249 1371//2249 1365//2249
f  1364//2250 1404//2250 1365//2250
f  1404//2251 1403//2251 1365//2251
f  1363//2252 1405//2252 1364//2252
f  1405//2253 1404//2253 1364//2253
f  1406//2254 1368//2254 1349//2254
f  1390//2255 1406//2255 1349//2255
f  1407//2256 1361//2256 1317//2256
f  1359//2257 1407//2257 1317//2257
f  1408//2258 1402//2258 1371//2258
f  1403//2259 1408//2259 1371//2259
f  1367//2260 1409//2260 1363//2260
f  1409//2261 1405//2261 1363//2261
f  1307//2262 1410//2262 1308//2262
f  1410//2262 1411//2262 1308//2262
f  1411//5 1412//5 1308//5
f  1412//5 1309//5 1308//5
f  1413//2263 1314//2263 1310//2263
f  1340//5 1413//5 1310//5
f  1402//2264 1414//2264 1307//2264
f  1414//2265 1415//2265 1307//2265
f  1415//2266 1410//2266 1307//2266
f  1413//2263 1416//2263 1314//2263
f  1416//2267 1417//2267 1314//2267
f  1417//2268 1418//2268 1314//2268
f  1418//2269 1389//2269 1314//2269
f  1347//2270 1396//2270 1335//2270
f  1419//2271 1366//2271 1318//2271
f  1361//2272 1419//2272 1318//2272
f  1412//317 1420//317 1319//317
f  1309//317 1412//317 1319//317
f  1420//4 1382//4 1319//4
f  1372//2273 1421//2273 1367//2273
f  1421//2274 1409//2274 1367//2274
f  1366//2275 1422//2275 1321//2275
f  1422//2276 1370//2276 1321//2276
f  1373//2277 1388//2277 1374//2277
f  1418//2278 1390//2278 1389//2278
f  1423//2279 1424//2279 1331//2279
f  1424//2280 1373//2280 1331//2280
f  1370//2281 1423//2281 1331//2281
f  1408//2282 1414//2282 1402//2282
f  1375//2283 1425//2283 1372//2283
f  1425//2284 1421//2284 1372//2284
f  1385//2285 1340//2285 1295//2285
f  1385//2285 1426//2285 1340//2285
f  1426//5 1413//5 1340//5
f  1387//2286 1379//2286 1380//2286
f  1379//2287 1425//2287 1375//2287
f  1397//2288 1427//2288 1362//2288
f  1427//2289 1428//2289 1362//2289
f  1428//2290 1429//2290 1362//2290
f  1429//2291 1387//2291 1362//2291
f  1388//2292 1396//2292 1347//2292
f  1417//2293 1430//2293 1418//2293
f  1430//2294 1390//2294 1418//2294
f  1424//2295 1388//2295 1373//2295
f  1353//2296 1391//2296 1352//2296
f  1358//2297 1431//2297 1369//2297
f  1431//2298 1354//2298 1369//2298
f  1394//2299 1432//2299 1377//2299
f  1432//2300 1397//2300 1377//2300
f  1376//2301 1433//2301 1355//2301
f  1433//2302 1395//2302 1355//2302
f  1434//2303 1400//2303 1368//2303
f  1406//2304 1434//2304 1368//2304
f  1435//2305 1398//2305 1356//2305
f  1391//2306 1435//2306 1356//2306
f  1399//2307 1431//2307 1358//2307
f  1436//2308 1408//2308 1403//2308
f  1404//2309 1437//2309 1403//2309
f  1437//2310 1436//2310 1403//2310
f  1438//2311 1401//2311 1360//2311
f  1400//2312 1438//2312 1360//2312
f  1439//2313 1406//2313 1390//2313
f  1430//2314 1439//2314 1390//2314
f  1440//2315 1255//2315 703//2315
f  1441//2316 1440//2316 703//2316
f  708//2317 1441//2317 703//2317
f  1408//2318 1415//2318 1414//2318
f  1433//2319 1442//2319 1395//2319
f  1442//2320 1399//2320 1395//2320
f  1443//2321 1432//2321 1394//2321
f  1398//2322 1443//2322 1394//2322
f  1444//2323 1392//2323 1255//2323
f  1440//2324 1444//2324 1255//2324
f  1393//2325 1445//2325 1326//2325
f  1445//2326 1446//2326 1326//2326
f  1446//2327 713//2327 1326//2327
f  1405//2328 1447//2328 1404//2328
f  1447//2329 1437//2329 1404//2329
f  1448//2330 1415//2330 1408//2330
f  1436//2331 1448//2331 1408//2331
f  1424//2332 1449//2332 1388//2332
f  1449//2333 1450//2333 1388//2333
f  1450//2334 1451//2334 1388//2334
f  1451//2335 1396//2335 1388//2335
f  1452//2336 1379//2336 1387//2336
f  1429//2337 1453//2337 1387//2337
f  1453//2338 1452//2338 1387//2338
f  1420//4 1454//4 1382//4
f  1455//137 1383//137 1382//137
f  1454//137 1455//137 1382//137
f  1456//4 1457//4 1384//4
f  1457//4 1385//4 1384//4
f  893//2339 1456//2339 1384//2339
f  1455//4 892//4 1383//4
f  891//2339 1456//2339 893//2339
f  1458//2340 1407//2340 1359//2340
f  1401//2341 1458//2341 1359//2341
f  1409//2342 1459//2342 1405//2342
f  1459//2343 1447//2343 1405//2343
f  1460//2344 1430//2344 1417//2344
f  1416//2345 1460//2345 1417//2345
f  1461//2346 1419//2346 1361//2346
f  1407//2347 1461//2347 1361//2347
f  1448//2348 1462//2348 1415//2348
f  1462//2349 1410//2349 1415//2349
f  1446//2350 714//2350 713//2350
f  1421//2351 1463//2351 1409//2351
f  1463//2352 1459//2352 1409//2352
f  1424//2353 1423//2353 1449//2353
f  1423//2354 1464//2354 1449//2354
f  1464//2355 1450//2355 1449//2355
f  1419//2356 1465//2356 1366//2356
f  1465//2357 1422//2357 1366//2357
f  1466//2358 1467//2358 1460//2358
f  1467//2359 1430//2359 1460//2359
f  1416//2360 1466//2360 1460//2360
f  1422//2361 1468//2361 1370//2361
f  1468//2362 1469//2362 1370//2362
f  1469//2363 1464//2363 1370//2363
f  1464//2364 1423//2364 1370//2364
f  1425//2365 1470//2365 1421//2365
f  1470//2366 1463//2366 1421//2366
f  1452//2367 1425//2367 1379//2367
f  1453//2368 1425//2368 1452//2368
f  1446//2369 1471//2369 714//2369
f  1471//2370 715//2370 714//2370
f  1396//2371 1472//2371 1376//2371
f  1472//2372 1433//2372 1376//2372
f  1432//2373 1473//2373 1397//2373
f  1473//2374 1427//2374 1397//2374
f  1474//2375 1470//2375 1425//2375
f  1453//2376 1474//2376 1425//2376
f  1435//2377 1391//2377 1353//2377
f  1475//2378 1435//2378 1353//2378
f  1476//2379 1475//2379 1353//2379
f  1351//2380 1476//2380 1353//2380
f  1431//2381 1477//2381 1354//2381
f  1477//2382 1393//2382 1354//2382
f  1478//2383 1434//2383 1406//2383
f  1439//2384 1478//2384 1406//2384
f  1448//2385 1479//2385 1462//2385
f  1479//2386 1410//2386 1462//2386
f  1480//2387 1448//2387 1436//2387
f  1437//2388 1481//2388 1436//2388
f  1481//2389 1480//2389 1436//2389
f  1482//2390 1439//2390 1430//2390
f  1467//2391 1482//2391 1430//2391
f  1483//2392 1479//2392 1448//2392
f  1480//2393 1483//2393 1448//2393
f  1484//2394 1438//2394 1400//2394
f  1434//2395 1484//2395 1400//2395
f  1447//2396 1485//2396 1437//2396
f  1485//2397 1481//2397 1437//2397
f  1486//2398 1458//2398 1401//2398
f  1438//2399 1486//2399 1401//2399
f  1487//2400 1467//2400 1466//2400
f  1416//2401 1487//2401 1466//2401
f  1443//2402 1488//2402 1432//2402
f  1488//2403 1473//2403 1432//2403
f  1472//2404 1489//2404 1433//2404
f  1489//2405 1442//2405 1433//2405
f  1483//2406 1490//2406 1479//2406
f  1490//2407 1410//2407 1479//2407
f  1459//2408 1491//2408 1447//2408
f  1491//2409 1485//2409 1447//2409
f  1410//2410 1492//2410 1411//2410
f  1492//2410 1493//2410 1411//2410
f  1493//5 1494//5 1411//5
f  1494//5 1412//5 1411//5
f  1495//220 1416//220 1413//220
f  1426//5 1495//5 1413//5
f  1490//2411 1496//2411 1410//2411
f  1496//2412 1492//2412 1410//2412
f  1495//220 1497//220 1416//220
f  1497//2413 1498//2413 1416//2413
f  1498//2414 1487//2414 1416//2414
f  1499//2415 1453//2415 1429//2415
f  1500//2416 1499//2416 1429//2416
f  1428//2417 1500//2417 1429//2417
f  1494//2418 1501//2418 1420//2418
f  1412//2418 1494//2418 1420//2418
f  1501//4 1454//4 1420//4
f  1502//2419 1443//2419 1398//2419
f  1435//2420 1502//2420 1398//2420
f  1442//2421 1503//2421 1399//2421
f  1503//2422 1431//2422 1399//2422
f  1504//2423 1461//2423 1407//2423
f  1458//2424 1504//2424 1407//2424
f  1498//2425 1505//2425 1487//2425
f  1505//2426 1467//2426 1487//2426
f  1457//2427 1426//2427 1385//2427
f  1457//2427 1506//2427 1426//2427
f  1506//5 1495//5 1426//5
f  1507//2428 1450//2428 1464//2428
f  1469//2429 1507//2429 1464//2429
f  1499//2430 1474//2430 1453//2430
f  1463//2431 1508//2431 1459//2431
f  1508//2432 1491//2432 1459//2432
f  1509//2433 1444//2433 1440//2433
f  1441//2434 1509//2434 1440//2434
f  1445//2435 1510//2435 1446//2435
f  1510//2436 1511//2436 1446//2436
f  1511//2437 1471//2437 1446//2437
f  1473//2438 1512//2438 1427//2438
f  1512//2439 1428//2439 1427//2439
f  1451//2440 1513//2440 1396//2440
f  1513//2441 1472//2441 1396//2441
f  1501//4 1514//4 1454//4
f  892//2442 1455//2442 1454//2442
f  1514//2442 892//2442 1454//2442
f  1515//4 1516//4 1456//4
f  1516//4 1457//4 1456//4
f  891//2443 1515//2443 1456//2443
f  890//2443 1515//2443 891//2443
f  1461//2444 1517//2444 1419//2444
f  1517//2445 1465//2445 1419//2445
f  1518//2446 1478//2446 1439//2446
f  1482//2447 1518//2447 1439//2447
f  1470//2448 1519//2448 1463//2448
f  1519//2449 1508//2449 1463//2449
f  1468//2450 1507//2450 1469//2450
f  1465//2451 1520//2451 1422//2451
f  1520//2452 1521//2452 1422//2452
f  1521//2453 1468//2453 1422//2453
f  1522//2454 1483//2454 1480//2454
f  1481//2455 1523//2455 1480//2455
f  1523//2456 1522//2456 1480//2456
f  1524//2457 1482//2457 1467//2457
f  1505//2458 1524//2458 1467//2458
f  1525//2459 1496//2459 1483//2459
f  1496//2460 1490//2460 1483//2460
f  1522//2461 1525//2461 1483//2461
f  1511//2462 715//2462 1471//2462
f  1526//2463 1470//2463 1474//2463
f  1499//2464 1526//2464 1474//2464
f  1527//2465 1528//2465 1470//2465
f  1528//2466 1519//2466 1470//2466
f  1526//2467 1527//2467 1470//2467
f  1529//2468 1484//2468 1434//2468
f  1478//2469 1529//2469 1434//2469
f  708//2470 1509//2470 1441//2470
f  1485//2471 1530//2471 1481//2471
f  1530//2472 1523//2472 1481//2472
f  1499//2473 1527//2473 1526//2473
f  1531//2474 1505//2474 1498//2474
f  1497//2475 1531//2475 1498//2475
f  1525//2476 1532//2476 1496//2476
f  1532//2477 1492//2477 1496//2477
f  1392//2478 1533//2478 1351//2478
f  1533//2479 1476//2479 1351//2479
f  1534//2480 1445//2480 1393//2480
f  1477//2481 1534//2481 1393//2481
f  1500//2482 1528//2482 1499//2482
f  1528//2483 1527//2483 1499//2483
f  1535//2484 1486//2484 1438//2484
f  1484//2485 1535//2485 1438//2485
f  1521//2486 1507//2486 1468//2486
f  1491//2487 1536//2487 1485//2487
f  1536//2488 1530//2488 1485//2488
f  1537//2489 1538//2489 1531//2489
f  1538//2490 1505//2490 1531//2490
f  1497//2491 1537//2491 1531//2491
f  1539//2492 1512//2492 1473//2492
f  1488//2493 1539//2493 1473//2493
f  1513//2494 1540//2494 1472//2494
f  1540//2495 1489//2495 1472//2495
f  1541//2496 1500//2496 1428//2496
f  1542//2497 1541//2497 1428//2497
f  1512//2498 1543//2498 1428//2498
f  1543//2499 1542//2499 1428//2499
f  1544//2500 1513//2500 1451//2500
f  1545//2501 1544//2501 1451//2501
f  1450//2502 1545//2502 1451//2502
f  1546//2503 1504//2503 1458//2503
f  1486//2504 1546//2504 1458//2504
f  1547//2505 1518//2505 1482//2505
f  1524//2506 1547//2506 1482//2506
f  1548//2507 1524//2507 1505//2507
f  1538//2508 1548//2508 1505//2508
f  1549//2509 1525//2509 1522//2509
f  1523//2510 1550//2510 1522//2510
f  1550//2511 1549//2511 1522//2511
f  1551//2512 1552//2512 1525//2512
f  1552//2513 1532//2513 1525//2513
f  1549//2514 1551//2514 1525//2514
f  1501//4 1553//4 1514//4
f  1553//4 1554//4 1514//4
f  889//2515 892//2515 1514//2515
f  1554//2515 889//2515 1514//2515
f  1554//4 1555//4 1515//4
f  1555//4 1516//4 1515//4
f  890//2516 1554//2516 1515//2516
f  889//2516 1554//2516 890//2516
f  1508//2517 1556//2517 1491//2517
f  1556//2518 1536//2518 1491//2518
f  1552//2519 1492//2519 1532//2519
f  1557//2520 1529//2520 1478//2520
f  1518//2521 1557//2521 1478//2521
f  1530//2522 1558//2522 1523//2522
f  1558//2523 1550//2523 1523//2523
f  1503//2524 1559//2524 1431//2524
f  1559//2525 1477//2525 1431//2525
f  1560//2526 1502//2526 1435//2526
f  1475//2527 1560//2527 1435//2527
f  1561//2528 1538//2528 1537//2528
f  1497//2529 1561//2529 1537//2529
f  1504//2530 1562//2530 1461//2530
f  1562//2531 1517//2531 1461//2531
f  1489//2532 1563//2532 1442//2532
f  1563//2533 1503//2533 1442//2533
f  1502//2534 1564//2534 1443//2534
f  1564//2535 1488//2535 1443//2535
f  1551//2536 1565//2536 1552//2536
f  1565//2537 1492//2537 1552//2537
f  1519//2538 1566//2538 1508//2538
f  1566//2539 1556//2539 1508//2539
f  1553//4 1555//4 1554//4
f  1507//2540 1545//2540 1450//2540
f  1492//2541 1567//2541 1493//2541
f  1567//2541 1568//2541 1493//2541
f  1568//5 1569//5 1493//5
f  1569//5 1494//5 1493//5
f  1570//2542 1497//2542 1495//2542
f  1506//5 1570//5 1495//5
f  1565//2543 1571//2543 1492//2543
f  1571//2544 1572//2544 1492//2544
f  1572//2545 1573//2545 1492//2545
f  1573//2546 1567//2546 1492//2546
f  1570//2542 1574//2542 1497//2542
f  1575//2547 1561//2547 1497//2547
f  1574//2548 1576//2548 1497//2548
f  1576//2549 1577//2549 1497//2549
f  1577//2550 1575//2550 1497//2550
f  1578//2551 1579//2551 1465//2551
f  1517//2552 1578//2552 1465//2552
f  1579//2553 1580//2553 1465//2553
f  1580//2554 1520//2554 1465//2554
f  1581//2555 1507//2555 1521//2555
f  1520//2556 1581//2556 1521//2556
f  1582//2557 1535//2557 1484//2557
f  1529//2558 1582//2558 1484//2558
f  1528//2559 1583//2559 1519//2559
f  1583//2560 1584//2560 1519//2560
f  1584//2561 1566//2561 1519//2561
f  1536//2562 1585//2562 1530//2562
f  1585//2563 1558//2563 1530//2563
f  1569//2564 1553//2564 1501//2564
f  1494//2564 1569//2564 1501//2564
f  1575//2565 1586//2565 1561//2565
f  1586//2566 1538//2566 1561//2566
f  1500//2567 1583//2567 1528//2567
f  1516//2568 1506//2568 1457//2568
f  1516//2568 1587//2568 1506//2568
f  1587//5 1570//5 1506//5
f  1588//2569 1548//2569 1538//2569
f  1586//2570 1588//2570 1538//2570
f  1589//2571 1547//2571 1524//2571
f  1548//2572 1589//2572 1524//2572
f  1571//2573 1565//2573 1551//2573
f  1590//2574 1571//2574 1551//2574
f  1549//2575 1591//2575 1551//2575
f  1591//2576 1590//2576 1551//2576
f  1550//2577 1592//2577 1549//2577
f  1592//2578 1591//2578 1549//2578
f  1580//2579 1581//2579 1520//2579
f  1577//2580 1586//2580 1575//2580
f  1590//2581 1572//2581 1571//2581
f  1593//2582 1557//2582 1518//2582
f  1547//2583 1593//2583 1518//2583
f  1541//2584 1594//2584 1500//2584
f  1594//2585 1595//2585 1500//2585
f  1595//2586 1596//2586 1500//2586
f  1596//2587 1597//2587 1500//2587
f  1597//2588 1584//2588 1500//2588
f  1584//2589 1583//2589 1500//2589
f  1598//2590 1545//2590 1507//2590
f  1581//2591 1599//2591 1507//2591
f  1599//2592 1600//2592 1507//2592
f  1600//2593 1598//2593 1507//2593
f  1558//2594 1601//2594 1550//2594
f  1601//2595 1592//2595 1550//2595
f  1602//2596 1546//2596 1486//2596
f  1535//2597 1602//2597 1486//2597
f  1603//2598 1533//2598 1392//2598
f  1444//2599 1603//2599 1392//2599
f  1534//2600 1604//2600 1445//2600
f  1604//2601 1510//2601 1445//2601
f  1556//2602 1605//2602 1536//2602
f  1605//2603 1585//2603 1536//2603
f  1606//2604 1540//2604 1513//2604
f  1544//2605 1606//2605 1513//2605
f  1607//2606 1543//2606 1512//2606
f  1539//2607 1607//2607 1512//2607
f  1510//2608 1608//2608 1511//2608
f  1608//2609 715//2609 1511//2609
f  1577//2610 1609//2610 1586//2610
f  1610//2611 1588//2611 1586//2611
f  1609//2612 1610//2612 1586//2612
f  1611//2613 1572//2613 1590//2613
f  1591//2614 1612//2614 1590//2614
f  1612//2615 1611//2615 1590//2615
f  1576//2616 1609//2616 1577//2616
f  1613//2617 1589//2617 1548//2617
f  1588//2618 1613//2618 1548//2618
f  1592//2619 1614//2619 1591//2619
f  1614//2620 1612//2620 1591//2620
f  1611//2621 1573//2621 1572//2621
f  1615//2622 1582//2622 1529//2622
f  1557//2623 1615//2623 1529//2623
f  1546//2624 1616//2624 1504//2624
f  1616//2625 1562//2625 1504//2625
f  1585//2626 1617//2626 1558//2626
f  1617//2627 1601//2627 1558//2627
f  1618//2628 1619//2628 1576//2628
f  1619//2629 1609//2629 1576//2629
f  1574//2630 1618//2630 1576//2630
f  1611//2631 1620//2631 1573//2631
f  1620//2632 1567//2632 1573//2632
f  1580//2633 1579//2633 1581//2633
f  1579//2634 1599//2634 1581//2634
f  1566//2635 1621//2635 1556//2635
f  1621//2636 1605//2636 1556//2636
f  1622//2637 1593//2637 1547//2637
f  1589//2638 1622//2638 1547//2638
f  1567//2639 1623//2639 1568//2639
f  1623//2639 1624//2639 1568//2639
f  1624//5 1625//5 1568//5
f  1625//5 1569//5 1568//5
f  1624//2640 1574//2640 1570//2640
f  1587//5 1624//5 1570//5
f  1626//2641 1627//2641 1567//2641
f  1627//2642 1628//2642 1567//2642
f  1628//2643 1623//2643 1567//2643
f  1620//2644 1626//2644 1567//2644
f  1624//2640 1623//2640 1574//2640
f  1623//2645 1629//2645 1574//2645
f  1629//2646 1630//2646 1574//2646
f  1630//2647 1631//2647 1574//2647
f  1631//2648 1618//2648 1574//2648
f  1601//2649 1632//2649 1592//2649
f  1632//2650 1614//2650 1592//2650
f  1633//2651 1610//2651 1609//2651
f  1619//2652 1633//2652 1609//2652
f  1634//2653 1620//2653 1611//2653
f  1612//2654 1635//2654 1611//2654
f  1635//2655 1634//2655 1611//2655
f  1562//2656 1636//2656 1517//2656
f  1636//2657 1637//2657 1517//2657
f  1637//2658 1578//2658 1517//2658
f  1638//2659 1560//2659 1475//2659
f  1476//2660 1638//2660 1475//2660
f  1559//2661 1639//2661 1477//2661
f  1639//2662 1534//2662 1477//2662
f  1640//2663 1539//2663 1488//2663
f  1564//2664 1640//2664 1488//2664
f  1540//2665 1641//2665 1489//2665
f  1641//2666 1563//2666 1489//2666
f  1625//2667 1555//2667 1553//2667
f  1569//2667 1625//2667 1553//2667
f  1631//2668 1619//2668 1618//2668
f  1555//2669 1587//2669 1516//2669
f  1555//2669 1625//2669 1587//2669
f  1625//5 1624//5 1587//5
f  1634//2670 1626//2670 1620//2670
f  1642//2671 1613//2671 1588//2671
f  1610//2672 1642//2672 1588//2672
f  1596//2673 1643//2673 1566//2673
f  1643//2674 1621//2674 1566//2674
f  1584//2675 1597//2675 1566//2675
f  1597//2676 1596//2676 1566//2676
f  1614//2677 1644//2677 1612//2677
f  1644//2678 1635//2678 1612//2678
f  1645//2679 1619//2679 1631//2679
f  1630//2680 1645//2680 1631//2680
f  1578//2681 1599//2681 1579//2681
f  1634//2682 1627//2682 1626//2682
f  1560//2683 1646//2683 1502//2683
f  1646//2684 1564//2684 1502//2684
f  1563//2685 1647//2685 1503//2685
f  1647//2686 1559//2686 1503//2686
f  1648//2687 1602//2687 1535//2687
f  1582//2688 1648//2688 1535//2688
f  1605//2689 1649//2689 1585//2689
f  1649//2690 1617//2690 1585//2690
f  1628//2691 1650//2691 1623//2691
f  1650//2692 1629//2692 1623//2692
f  1651//2693 1633//2693 1619//2693
f  1645//2694 1651//2694 1619//2694
f  1652//2695 1627//2695 1634//2695
f  1635//2696 1653//2696 1634//2696
f  1653//2697 1652//2697 1634//2697
f  1629//2698 1645//2698 1630//2698
f  1652//2699 1628//2699 1627//2699
f  1650//2700 1645//2700 1629//2700
f  1652//2701 1654//2701 1628//2701
f  1654//2702 1650//2702 1628//2702
f  1655//2703 1615//2703 1557//2703
f  1593//2704 1655//2704 1557//2704
f  1617//2705 1656//2705 1601//2705
f  1656//2706 1632//2706 1601//2706
f  1654//2707 1645//2707 1650//2707
f  1657//2708 1622//2708 1589//2708
f  1613//2709 1657//2709 1589//2709
f  1632//2710 1658//2710 1614//2710
f  1658//2711 1644//2711 1614//2711
f  1659//2712 1642//2712 1610//2712
f  1633//2713 1659//2713 1610//2713
f  1644//2714 1660//2714 1635//2714
f  1660//2715 1653//2715 1635//2715
f  1661//2716 1651//2716 1645//2716
f  1654//2717 1661//2717 1645//2717
f  1662//2718 1661//2718 1652//2718
f  1661//2719 1654//2719 1652//2719
f  1653//2720 1663//2720 1652//2720
f  1663//2721 1662//2721 1652//2721
f  1664//2722 1665//2722 1541//2722
f  1665//2723 1666//2723 1541//2723
f  1666//2724 1594//2724 1541//2724
f  1542//2725 1664//2725 1541//2725
f  1667//2726 1606//2726 1544//2726
f  1545//2727 1667//2727 1544//2727
f  1668//2728 1669//2728 1543//2728
f  1607//2729 1668//2729 1543//2729
f  1669//2730 1542//2730 1543//2730
f  1595//2731 1643//2731 1596//2731
f  1637//2732 1599//2732 1578//2732
f  1662//2733 1651//2733 1661//2733
f  1602//2734 1670//2734 1546//2734
f  1670//2735 1616//2735 1546//2735
f  1671//2736 1659//2736 1633//2736
f  1651//2737 1671//2737 1633//2737
f  1660//2738 1672//2738 1653//2738
f  1672//2739 1663//2739 1653//2739
f  1509//2740 1603//2740 1444//2740
f  1604//2741 1673//2741 1510//2741
f  1673//2742 1674//2742 1510//2742
f  1674//2743 1608//2743 1510//2743
f  1621//2744 1675//2744 1605//2744
f  1675//2745 1649//2745 1605//2745
f  1676//2746 1657//2746 1613//2746
f  1642//2747 1676//2747 1613//2747
f  1658//2748 1677//2748 1644//2748
f  1677//2749 1660//2749 1644//2749
f  1594//2750 1643//2750 1595//2750
f  1662//2751 1671//2751 1651//2751
f  1672//2752 1678//2752 1663//2752
f  1678//2753 1679//2753 1663//2753
f  1679//2754 1662//2754 1663//2754
f  1680//2755 1655//2755 1593//2755
f  1622//2756 1680//2756 1593//2756
f  1681//2757 1648//2757 1582//2757
f  1615//2758 1681//2758 1582//2758
f  1656//2759 1682//2759 1632//2759
f  1682//2760 1658//2760 1632//2760
f  1649//2761 1683//2761 1617//2761
f  1683//2762 1656//2762 1617//2762
f  1679//2763 1671//2763 1662//2763
f  1684//2764 1685//2764 1562//2764
f  1616//2765 1684//2765 1562//2765
f  1685//2766 1686//2766 1562//2766
f  1686//2767 1636//2767 1562//2767
f  1666//2768 1687//2768 1594//2768
f  1688//2769 1643//2769 1594//2769
f  1687//2770 1688//2770 1594//2770
f  1643//2771 1688//2771 1621//2771
f  1688//2772 1689//2772 1621//2772
f  1689//2773 1675//2773 1621//2773
f  1690//2774 1676//2774 1642//2774
f  1659//2775 1690//2775 1642//2775
f  1677//2776 1691//2776 1660//2776
f  1691//2777 1672//2777 1660//2777
f  1637//2778 1600//2778 1599//2778
f  1636//2779 1600//2779 1637//2779
f  1692//2780 1607//2780 1539//2780
f  1640//2781 1692//2781 1539//2781
f  1693//2782 1641//2782 1540//2782
f  1606//2783 1693//2783 1540//2783
f  1694//2784 1671//2784 1679//2784
f  1678//2785 1694//2785 1679//2785
f  1695//2786 1598//2786 1600//2786
f  1636//2787 1695//2787 1600//2787
f  1533//2788 1638//2788 1476//2788
f  1639//2789 1604//2789 1534//2789
f  1671//2790 1690//2790 1659//2790
f  1691//2791 1696//2791 1672//2791
f  1696//2792 1678//2792 1672//2792
f  1697//2793 1680//2793 1622//2793
f  1657//2794 1697//2794 1622//2794
f  1682//2795 1698//2795 1658//2795
f  1698//2796 1677//2796 1658//2796
f  1648//2797 1699//2797 1602//2797
f  1699//2798 1670//2798 1602//2798
f  1694//2799 1690//2799 1671//2799
f  1696//2800 1700//2800 1678//2800
f  1700//2801 1694//2801 1678//2801
f  1675//2802 1701//2802 1649//2802
f  1701//2803 1683//2803 1649//2803
f  1702//2804 1681//2804 1615//2804
f  1655//2805 1702//2805 1615//2805
f  1683//2806 1703//2806 1656//2806
f  1703//2807 1682//2807 1656//2807
f  1665//2808 1704//2808 1666//2808
f  1704//2809 1687//2809 1666//2809
f  1638//2810 1705//2810 1560//2810
f  1705//2811 1646//2811 1560//2811
f  1647//2812 1706//2812 1559//2812
f  1706//2813 1639//2813 1559//2813
f  1700//2814 1690//2814 1694//2814
f  1707//2815 1640//2815 1564//2815
f  1646//2816 1707//2816 1564//2816
f  1641//2817 1708//2817 1563//2817
f  1708//2818 1647//2818 1563//2818
f  1709//2819 1664//2819 1542//2819
f  1669//2820 1709//2820 1542//2820
f  1710//2821 1667//2821 1545//2821
f  1598//2822 1711//2822 1545//2822
f  1711//2823 1710//2823 1545//2823
f  1664//2824 1704//2824 1665//2824
f  1695//2825 1711//2825 1598//2825
f  1712//2826 1697//2826 1657//2826
f  1676//2827 1712//2827 1657//2827
f  1698//2828 1713//2828 1677//2828
f  1713//2829 1691//2829 1677//2829
f  1674//2830 1714//2830 1608//2830
f  1715//2831 715//2831 1608//2831
f  1714//2832 1715//2832 1608//2832
f  1709//2833 1704//2833 1664//2833
f  1695//2834 1710//2834 1711//2834
f  1716//2835 1603//2835 1509//2835
f  708//2836 1716//2836 1509//2836
f  1717//2837 1684//2837 1616//2837
f  1670//2838 1717//2838 1616//2838
f  1718//2839 1712//2839 1676//2839
f  1690//2840 1718//2840 1676//2840
f  1713//2841 1696//2841 1691//2841
f  1687//2842 1689//2842 1688//2842
f  1719//2843 1701//2843 1675//2843
f  1689//2844 1720//2844 1675//2844
f  1720//2845 1719//2845 1675//2845
f  1686//2846 1721//2846 1636//2846
f  1721//2847 1695//2847 1636//2847
f  1722//2848 1702//2848 1655//2848
f  1680//2849 1722//2849 1655//2849
f  1703//2850 1723//2850 1682//2850
f  1723//2851 1698//2851 1682//2851
f  1685//2852 1721//2852 1686//2852
f  1695//2853 1667//2853 1710//2853
f  1724//2854 1606//2854 1667//2854
f  1695//2855 1724//2855 1667//2855
f  1725//2856 1704//2856 1709//2856
f  1669//2857 1725//2857 1709//2857
f  1681//2858 1726//2858 1648//2858
f  1726//2859 1699//2859 1648//2859
f  1727//2860 1718//2860 1690//2860
f  1700//2861 1727//2861 1690//2861
f  1727//2862 1700//2862 1696//2862
f  1728//2863 1729//2863 1696//2863
f  1729//2864 1727//2864 1696//2864
f  1713//2865 1728//2865 1696//2865
f  1701//2866 1730//2866 1683//2866
f  1730//2867 1703//2867 1683//2867
f  1684//2868 1721//2868 1685//2868
f  1687//2869 1720//2869 1689//2869
f  1731//2870 1724//2870 1695//2870
f  1732//2871 1731//2871 1695//2871
f  1721//2872 1732//2872 1695//2872
f  1725//2873 1687//2873 1704//2873
f  1729//2874 1718//2874 1727//2874
f  1733//2875 1722//2875 1680//2875
f  1697//2876 1733//2876 1680//2876
f  1723//2877 1734//2877 1698//2877
f  1734//2878 1713//2878 1698//2878
f  1668//2879 1725//2879 1669//2879
f  1735//2880 1668//2880 1607//2880
f  1692//2881 1736//2881 1607//2881
f  1736//2882 1737//2882 1607//2882
f  1737//2883 1735//2883 1607//2883
f  1724//2884 1738//2884 1606//2884
f  1738//2885 1739//2885 1606//2885
f  1739//2886 1693//2886 1606//2886
f  1740//2887 1705//2887 1533//2887
f  1741//2888 1740//2888 1533//2888
f  1603//2889 1741//2889 1533//2889
f  1705//2890 1638//2890 1533//2890
f  1639//2891 1742//2891 1604//2891
f  1742//2892 1673//2892 1604//2892
f  1687//2893 1719//2893 1720//2893
f  1699//2894 1743//2894 1670//2894
f  1743//2895 1744//2895 1670//2895
f  1744//2896 1745//2896 1670//2896
f  1746//2897 1717//2897 1670//2897
f  1745//2898 1746//2898 1670//2898
f  1702//2899 1747//2899 1681//2899
f  1747//2900 1726//2900 1681//2900
f  1748//2901 1733//2901 1697//2901
f  1712//2902 1748//2902 1697//2902
f  1749//2903 1728//2903 1713//2903
f  1734//2904 1750//2904 1713//2904
f  1750//2905 1749//2905 1713//2905
f  1751//2906 1752//2906 1716//2906
f  1752//2907 1603//2907 1716//2907
f  708//2908 1751//2908 1716//2908
f  1730//2909 1753//2909 1703//2909
f  1753//2910 1723//2910 1703//2910
f  1754//2911 1755//2911 1701//2911
f  1755//2912 1730//2912 1701//2912
f  1719//2913 1756//2913 1701//2913
f  1756//2914 1754//2914 1701//2914
f  1706//2915 1742//2915 1639//2915
f  1735//2916 1725//2916 1668//2916
f  1731//2917 1738//2917 1724//2917
f  1673//2918 1757//2918 1674//2918
f  1757//2919 1758//2919 1674//2919
f  1758//2920 1714//2920 1674//2920
f  1759//2921 1692//2921 1640//2921
f  1707//2922 1759//2922 1640//2922
f  1760//2923 1708//2923 1641//2923
f  1693//2924 1760//2924 1641//2924
f  1761//2925 1707//2925 1646//2925
f  1705//2926 1761//2926 1646//2926
f  1708//2927 1762//2927 1647//2927
f  1762//2928 1706//2928 1647//2928
f  1763//2929 1748//2929 1712//2929
f  1718//2930 1763//2930 1712//2930
f  1684//2931 1764//2931 1721//2931
f  1765//2932 1732//2932 1721//2932
f  1764//2933 1765//2933 1721//2933
f  1766//2934 1719//2934 1687//2934
f  1767//2935 1766//2935 1687//2935
f  1725//2936 1767//2936 1687//2936
f  1737//2937 1725//2937 1735//2937
f  1731//2938 1739//2938 1738//2938
f  1717//2939 1764//2939 1684//2939
f  1729//2940 1763//2940 1718//2940
f  1768//2941 1769//2941 1728//2941
f  1769//2942 1729//2942 1728//2942
f  1749//2943 1768//2943 1728//2943
f  1766//2944 1756//2944 1719//2944
f  1722//2945 1770//2945 1702//2945
f  1770//2946 1747//2946 1702//2946
f  1753//2947 1771//2947 1723//2947
f  1771//2948 1734//2948 1723//2948
f  1772//2949 1764//2949 1717//2949
f  1746//2950 1772//2950 1717//2950
f  1773//2951 1754//2951 1756//2951
f  1766//2952 1773//2952 1756//2952
f  1769//2953 1763//2953 1729//2953
f  1774//2954 1693//2954 1739//2954
f  1731//2955 1774//2955 1739//2955
f  1726//2956 1775//2956 1699//2956
f  1775//2957 1776//2957 1699//2957
f  1776//2958 1743//2958 1699//2958
f  1777//2959 1778//2959 1730//2959
f  1778//2960 1779//2960 1730//2960
f  1779//2961 1753//2961 1730//2961
f  1755//2962 1780//2962 1730//2962
f  1780//2963 1777//2963 1730//2963
f  1781//2964 1774//2964 1731//2964
f  1782//2965 1781//2965 1731//2965
f  1732//2966 1782//2966 1731//2966
f  1737//2967 1736//2967 1725//2967
f  1783//2968 1767//2968 1725//2968
f  1736//2969 1783//2969 1725//2969
f  1733//2970 1784//2970 1722//2970
f  1784//2971 1770//2971 1722//2971
f  1771//2972 1785//2972 1734//2972
f  1785//2973 1750//2973 1734//2973
f  1752//2974 1786//2974 1603//2974
f  1786//2975 1741//2975 1603//2975
f  1742//2976 1787//2976 1673//2976
f  1787//2977 1757//2977 1673//2977
f  1788//2978 1772//2978 1746//2978
f  1745//2979 1788//2979 1746//2979
f  1789//2980 1765//2980 1764//2980
f  1772//2981 1789//2981 1764//2981
f  1790//2982 1773//2982 1766//2982
f  1767//2983 1790//2983 1766//2983
f  1748//2984 1791//2984 1733//2984
f  1791//2985 1784//2985 1733//2985
f  1744//2986 1788//2986 1745//2986
f  1785//2987 1792//2987 1750//2987
f  1792//2988 1749//2988 1750//2988
f  1793//2989 1763//2989 1769//2989
f  1768//2990 1793//2990 1769//2990
f  1794//2991 1755//2991 1754//2991
f  1773//2992 1794//2992 1754//2992
f  1795//2993 1788//2993 1744//2993
f  1743//2994 1795//2994 1744//2994
f  1747//2995 1796//2995 1726//2995
f  1796//2996 1797//2996 1726//2996
f  1797//2997 1775//2997 1726//2997
f  1794//2998 1780//2998 1755//2998
f  1798//2999 1771//2999 1753//2999
f  1779//3000 1799//3000 1753//3000
f  1799//3001 1798//3001 1753//3001
f  1763//3002 1800//3002 1748//3002
f  1800//3003 1791//3003 1748//3003
f  1801//3004 1802//3004 1749//3004
f  1802//3005 1803//3005 1749//3005
f  1803//3006 1768//3006 1749//3006
f  1792//3007 1804//3007 1749//3007
f  1804//3008 1801//3008 1749//3008
f  1759//3009 1736//3009 1692//3009
f  1774//3010 1760//3010 1693//3010
f  1794//3011 1777//3011 1780//3011
f  1781//3012 1760//3012 1774//3012
f  1759//3013 1783//3013 1736//3013
f  1805//3014 1761//3014 1705//3014
f  1740//3015 1805//3015 1705//3015
f  1762//3016 1806//3016 1706//3016
f  1806//3017 1742//3017 1706//3017
f  1793//3018 1800//3018 1763//3018
f  1807//3019 1793//3019 1768//3019
f  1803//3020 1807//3020 1768//3020
f  1808//3021 1782//3021 1732//3021
f  1765//3022 1808//3022 1732//3022
f  1809//3023 1790//3023 1767//3023
f  1783//3024 1809//3024 1767//3024
f  1810//3025 1811//3025 1707//3025
f  1761//3026 1810//3026 1707//3026
f  1812//3027 1759//3027 1707//3027
f  1811//3028 1812//3028 1707//3028
f  1813//3029 1814//3029 1708//3029
f  1814//3030 1815//3030 1708//3030
f  1815//3031 1762//3031 1708//3031
f  1760//3032 1813//3032 1708//3032
f  1812//3033 1783//3033 1759//3033
f  1781//3034 1813//3034 1760//3034
f  1807//3035 1800//3035 1793//3035
f  1816//3036 1789//3036 1772//3036
f  1788//3037 1816//3037 1772//3037
f  1817//3038 1794//3038 1773//3038
f  1790//3039 1817//3039 1773//3039
f  1776//3040 1795//3040 1743//3040
f  1818//3041 1778//3041 1777//3041
f  1794//3042 1818//3042 1777//3042
f  1770//3043 1819//3043 1747//3043
f  1819//3044 1820//3044 1747//3044
f  1820//3045 1796//3045 1747//3045
f  1821//3046 1785//3046 1771//3046
f  1798//3047 1822//3047 1771//3047
f  1822//3048 1821//3048 1771//3048
f  1823//3049 1795//3049 1776//3049
f  1775//3050 1823//3050 1776//3050
f  1824//3051 1779//3051 1778//3051
f  1818//3052 1824//3052 1778//3052
f  1751//3053 1825//3053 1752//3053
f  1825//3054 1826//3054 1752//3054
f  1826//3055 1786//3055 1752//3055
f  1827//3056 1758//3056 1757//3056
f  1828//3057 1827//3057 1757//3057
f  1787//3058 1828//3058 1757//3058
f  1829//3059 1830//3059 1770//3059
f  1784//3060 1829//3060 1770//3060
f  1830//3061 1831//3061 1770//3061
f  1831//3062 1819//3062 1770//3062
f  1832//3063 1792//3063 1785//3063
f  1821//3064 1833//3064 1785//3064
f  1833//3065 1834//3065 1785//3065
f  1834//3066 1835//3066 1785//3066
f  1835//3067 1832//3067 1785//3067
f  1789//3068 1808//3068 1765//3068
f  1809//3069 1836//3069 1790//3069
f  1837//3070 1817//3070 1790//3070
f  1836//3071 1837//3071 1790//3071
f  1797//3072 1823//3072 1775//3072
f  1824//3073 1799//3073 1779//3073
f  1838//3074 1816//3074 1788//3074
f  1795//3075 1838//3075 1788//3075
f  1839//3076 1818//3076 1794//3076
f  1817//3077 1839//3077 1794//3077
f  1791//3078 1840//3078 1784//3078
f  1840//3079 1841//3079 1784//3079
f  1841//3080 1829//3080 1784//3080
f  1832//3081 1804//3081 1792//3081
f  1811//3082 1783//3082 1812//3082
f  1781//3083 1814//3083 1813//3083
f  1781//3084 1815//3084 1814//3084
f  1810//3085 1783//3085 1811//3085
f  1842//3086 1762//3086 1815//3086
f  1781//3087 1842//3087 1815//3087
f  1843//3088 1823//3088 1797//3088
f  1796//3089 1843//3089 1797//3089
f  1824//3090 1798//3090 1799//3090
f  1827//3091 1844//3091 1758//3091
f  1845//3092 1714//3092 1758//3092
f  1844//3093 1845//3093 1758//3093
f  1846//3094 1847//3094 1751//3094
f  1847//3095 1848//3095 1751//3095
f  1848//3096 1825//3096 1751//3096
f  708//3097 1846//3097 1751//3097
f  1849//3098 1850//3098 1791//3098
f  1800//3099 1849//3099 1791//3099
f  1850//3100 1851//3100 1791//3100
f  1851//3101 1840//3101 1791//3101
f  1824//3102 1822//3102 1798//3102
f  1761//3103 1852//3103 1810//3103
f  1853//3104 1783//3104 1810//3104
f  1852//3105 1853//3105 1810//3105
f  1820//3106 1843//3106 1796//3106
f  1854//3107 1855//3107 1742//3107
f  1855//3108 1787//3108 1742//3108
f  1806//3109 1856//3109 1742//3109
f  1856//3110 1854//3110 1742//3110
f  1857//3111 1858//3111 1740//3111
f  1858//3112 1859//3112 1740//3112
f  1860//3113 1805//3113 1740//3113
f  1859//3114 1860//3114 1740//3114
f  1741//3115 1857//3115 1740//3115
f  1824//3116 1861//3116 1822//3116
f  1861//3117 1821//3117 1822//3117
f  1807//3035 1862//3035 1800//3035
f  1862//3118 1863//3118 1800//3118
f  1864//3119 1849//3119 1800//3119
f  1863//3120 1864//3120 1800//3120
f  1865//3121 1862//3121 1807//3121
f  1803//3122 1866//3122 1807//3122
f  1866//3123 1865//3123 1807//3123
f  1867//3124 1806//3124 1762//3124
f  1868//3125 1867//3125 1762//3125
f  1842//3126 1868//3126 1762//3126
f  1805//3127 1869//3127 1761//3127
f  1869//3128 1870//3128 1761//3128
f  1870//3129 1852//3129 1761//3129
f  1871//3130 1838//3130 1795//3130
f  1823//3131 1871//3131 1795//3131
f  1872//3132 1808//3132 1789//3132
f  1873//3133 1872//3133 1789//3133
f  1816//3134 1873//3134 1789//3134
f  1874//3135 1824//3135 1818//3135
f  1839//3136 1874//3136 1818//3136
f  1837//3137 1839//3137 1817//3137
f  1875//3138 1833//3138 1821//3138
f  1861//3139 1875//3139 1821//3139
f  1819//3140 1843//3140 1820//3140
f  1875//3141 1834//3141 1833//3141
f  1876//3142 1843//3142 1819//3142
f  1831//3143 1876//3143 1819//3143
f  1830//3144 1876//3144 1831//3144
f  1877//3145 1842//3145 1781//3145
f  1878//3146 1877//3146 1781//3146
f  1782//3147 1878//3147 1781//3147
f  1853//3148 1809//3148 1783//3148
f  1870//3149 1853//3149 1852//3149
f  1877//3150 1868//3150 1842//3150
f  1829//3151 1879//3151 1830//3151
f  1879//3152 1876//3152 1830//3152
f  1841//3153 1879//3153 1829//3153
f  1875//3154 1835//3154 1834//3154
f  1880//3155 1871//3155 1823//3155
f  1843//3156 1880//3156 1823//3156
f  1881//3157 1832//3157 1835//3157
f  1875//3158 1881//3158 1835//3158
f  1881//3159 1804//3159 1832//3159
f  1882//3160 1861//3160 1824//3160
f  1874//3161 1882//3161 1824//3161
f  1877//3162 1867//3162 1868//3162
f  1883//3163 1873//3163 1816//3163
f  1838//3164 1883//3164 1816//3164
f  1837//3165 1884//3165 1839//3165
f  1884//3166 1874//3166 1839//3166
f  1877//3167 1806//3167 1867//3167
f  1869//3168 1853//3168 1870//3168
f  1805//3169 1853//3169 1869//3169
f  1885//3170 1801//3170 1804//3170
f  1881//3171 1885//3171 1804//3171
f  1840//3172 1879//3172 1841//3172
f  1886//3173 1879//3173 1840//3173
f  1851//3174 1886//3174 1840//3174
f  1850//3175 1886//3175 1851//3175
f  1887//3176 1857//3176 1741//3176
f  1888//3177 1889//3177 1741//3177
f  1889//3178 1890//3178 1741//3178
f  1890//3179 1887//3179 1741//3179
f  1786//3180 1891//3180 1741//3180
f  1891//3181 1888//3181 1741//3181
f  1892//3182 1893//3182 1787//3182
f  1855//3183 1894//3183 1787//3183
f  1894//3184 1895//3184 1787//3184
f  1895//3185 1892//3185 1787//3185
f  1896//3186 1828//3186 1787//3186
f  1893//3187 1896//3187 1787//3187
f  1897//3188 1886//3188 1850//3188
f  1849//3189 1897//3189 1850//3189
f  1885//3190 1802//3190 1801//3190
f  1898//3191 1803//3191 1802//3191
f  1885//3192 1898//3192 1802//3192
f  1876//3193 1880//3193 1843//3193
f  1882//3194 1899//3194 1861//3194
f  1899//3195 1875//3195 1861//3195
f  1898//3196 1866//3196 1803//3196
f  1898//3197 1865//3197 1866//3197
f  1864//3198 1897//3198 1849//3198
f  1863//3199 1897//3199 1864//3199
f  1862//3200 1897//3200 1863//3200
f  1900//3201 1862//3201 1865//3201
f  1898//3202 1900//3202 1865//3202
f  1900//3203 1897//3203 1862//3203
f  1877//3204 1856//3204 1806//3204
f  1901//3205 1854//3205 1856//3205
f  1877//3206 1901//3206 1856//3206
f  1860//3207 1853//3207 1805//3207
f  1902//3208 1853//3208 1860//3208
f  1859//3209 1902//3209 1860//3209
f  1903//3210 1878//3210 1782//3210
f  1808//3211 1903//3211 1782//3211
f  1904//3212 1883//3212 1838//3212
f  1871//3213 1904//3213 1838//3213
f  1853//3214 1905//3214 1809//3214
f  1905//3215 1836//3215 1809//3215
f  1884//3216 1906//3216 1874//3216
f  1906//3217 1882//3217 1874//3217
f  1907//3218 1908//3218 1872//3218
f  1873//3219 1907//3219 1872//3219
f  1908//3220 1808//3220 1872//3220
f  1909//3221 1884//3221 1837//3221
f  1836//3222 1909//3222 1837//3222
f  1855//3223 1854//3223 1901//3223
f  1910//3224 1855//3224 1901//3224
f  1877//3225 1910//3225 1901//3225
f  1858//3226 1902//3226 1859//3226
f  1911//3227 1910//3227 1877//3227
f  1878//3228 1911//3228 1877//3228
f  1902//3229 1905//3229 1853//3229
f  1910//3230 1894//3230 1855//3230
f  1857//3231 1902//3231 1858//3231
f  1912//3232 1904//3232 1871//3232
f  1880//3233 1912//3233 1871//3233
f  1906//3234 1913//3234 1882//3234
f  1913//3235 1899//3235 1882//3235
f  1910//3236 1895//3236 1894//3236
f  1914//3237 1902//3237 1857//3237
f  1887//3238 1914//3238 1857//3238
f  1890//3239 1914//3239 1887//3239
f  1915//3240 1892//3240 1895//3240
f  1910//3241 1915//3241 1895//3241
f  1916//3242 1907//3242 1873//3242
f  1883//3243 1916//3243 1873//3243
f  1909//3244 1917//3244 1884//3244
f  1917//3245 1906//3245 1884//3245
f  1918//3246 1903//3246 1808//3246
f  1908//3247 1918//3247 1808//3247
f  1905//3248 1919//3248 1836//3248
f  1919//3249 1909//3249 1836//3249
f  1920//3250 1914//3250 1890//3250
f  1889//3251 1920//3251 1890//3251
f  1915//3252 1893//3252 1892//3252
f  1921//3253 1891//3253 1786//3253
f  1826//3254 1922//3254 1786//3254
f  1922//3255 1921//3255 1786//3255
f  1896//3256 1923//3256 1828//3256
f  1923//3257 1924//3257 1828//3257
f  1924//3258 1925//3258 1828//3258
f  1925//3259 1827//3259 1828//3259
f  1888//3260 1920//3260 1889//3260
f  1926//3261 1912//3261 1880//3261
f  1876//3262 1926//3262 1880//3262
f  1927//3263 1896//3263 1893//3263
f  1915//3264 1927//3264 1893//3264
f  1913//3265 1928//3265 1899//3265
f  1928//3266 1875//3266 1899//3266
f  1891//3267 1920//3267 1888//3267
f  1927//3268 1923//3268 1896//3268
f  1921//3269 1929//3269 1891//3269
f  1929//3270 1920//3270 1891//3270
f  1930//3271 1924//3271 1923//3271
f  1927//3272 1930//3272 1923//3272
f  1931//3273 1911//3273 1878//3273
f  1903//3274 1931//3274 1878//3274
f  1922//3275 1929//3275 1921//3275
f  1826//3276 1929//3276 1922//3276
f  1930//3277 1925//3277 1924//3277
f  1825//3278 1929//3278 1826//3278
f  1930//3279 1827//3279 1925//3279
f  1902//3280 1932//3280 1905//3280
f  1932//3281 1919//3281 1905//3281
f  1933//3282 1844//3282 1827//3282
f  1930//3283 1933//3283 1827//3283
f  1934//3284 1916//3284 1883//3284
f  1904//3285 1934//3285 1883//3285
f  1935//3286 1929//3286 1825//3286
f  1848//3287 1935//3287 1825//3287
f  1933//3288 1845//3288 1844//3288
f  1847//3289 1936//3289 1848//3289
f  1937//3290 1935//3290 1848//3290
f  1936//3291 1937//3291 1848//3291
f  1938//3292 1714//3292 1845//3292
f  1933//3293 1939//3293 1845//3293
f  1939//3294 1938//3294 1845//3294
f  1846//3295 1936//3295 1847//3295
f  1938//3296 1940//3296 1714//3296
f  1940//3297 1715//3297 1714//3297
f  1941//3298 1936//3298 1846//3298
f  708//3299 1941//3299 1846//3299
f  1940//3300 715//3300 1715//3300
f  709//3301 1942//3301 708//3301
f  1942//3302 1941//3302 708//3302
f  1940//3303 716//3303 715//3303
f  707//3304 1943//3304 709//3304
f  1943//3305 1942//3305 709//3305
f  1944//3306 717//3306 716//3306
f  1945//3307 1944//3307 716//3307
f  1940//3308 1945//3308 716//3308
f  706//3309 1943//3309 707//3309
f  1944//3310 1946//3310 717//3310
f  1946//3311 718//3311 717//3311
f  723//3312 1947//3312 706//3312
f  1947//3313 1943//3313 706//3313
f  1946//3314 725//3314 718//3314
f  722//3315 1948//3315 723//3315
f  1948//3316 1947//3316 723//3316
f  1946//3317 726//3317 725//3317
f  1949//3318 1948//3318 722//3318
f  721//3319 1949//3319 722//3319
f  1950//3320 1951//3320 726//3320
f  1946//3321 1950//3321 726//3321
f  1951//3322 728//3322 726//3322
f  720//3323 1949//3323 721//3323
f  1952//3324 727//3324 728//3324
f  1951//3325 1952//3325 728//3325
f  731//3326 1953//3326 720//3326
f  1954//3327 1949//3327 720//3327
f  1953//3328 1954//3328 720//3328
f  1952//3329 733//3329 727//3329
f  730//3330 1953//3330 731//3330
f  1955//3331 735//3331 733//3331
f  1952//3332 1955//3332 733//3332
f  738//3333 1953//3333 730//3333
f  1955//3334 1956//3334 735//3334
f  1956//3335 734//3335 735//3335
f  1957//3336 1953//3336 738//3336
f  737//3337 1957//3337 738//3337
f  1958//3338 741//3338 734//3338
f  1956//3339 1958//3339 734//3339
f  739//3340 1959//3340 737//3340
f  1959//3341 1957//3341 737//3341
f  1960//3342 742//3342 741//3342
f  1958//3343 1960//3343 741//3343
f  745//3344 1961//3344 739//3344
f  1961//3345 1959//3345 739//3345
f  1960//3346 1962//3346 742//3346
f  1962//3347 743//3347 742//3347
f  747//3348 1963//3348 745//3348
f  1963//3349 1961//3349 745//3349
f  1962//3350 749//3350 743//3350
f  746//3351 1964//3351 747//3351
f  1964//3352 1963//3352 747//3352
f  1962//3353 750//3353 749//3353
f  753//3354 1964//3354 746//3354
f  1965//3355 757//3355 750//3355
f  1966//3356 1965//3356 750//3356
f  1962//3357 1966//3357 750//3357
f  752//3358 1967//3358 753//3358
f  1967//3359 1964//3359 753//3359
f  1965//3360 758//3360 757//3360
f  1968//3361 1967//3361 752//3361
f  1969//3362 1968//3362 752//3362
f  755//3363 1969//3363 752//3363
f  1970//3364 759//3364 758//3364
f  1971//3365 1970//3365 758//3365
f  1965//3366 1971//3366 758//3366
f  754//3367 1969//3367 755//3367
f  1970//3368 760//3368 759//3368
f  765//3369 1969//3369 754//3369
f  1972//3370 770//3370 760//3370
f  1970//3371 1972//3371 760//3371
f  764//3372 1973//3372 765//3372
f  1973//3373 1969//3373 765//3373
f  1972//3374 766//3374 770//3374
f  1974//3375 767//3375 766//3375
f  1972//3376 1974//3376 766//3376
f  1975//3377 1973//3377 764//3377
f  1976//3378 1975//3378 764//3378
f  763//3379 1976//3379 764//3379
f  762//3380 1976//3380 763//3380
f  1977//3381 769//3381 767//3381
f  1974//3382 1977//3382 767//3382
f  772//3383 1978//3383 762//3383
f  1978//3384 1976//3384 762//3384
f  1977//3385 768//3385 769//3385
f  771//3386 1978//3386 772//3386
f  1979//3387 771//3387 768//3387
f  1977//3388 1979//3388 768//3388
f  1979//3389 1978//3389 771//3389
f  1917//3390 1980//3390 1906//3390
f  1980//3391 1913//3391 1906//3391
f  1911//3392 1915//3392 1910//3392
f  1914//3393 1932//3393 1902//3393
f  1941//3394 1981//3394 1936//3394
f  1981//3395 1937//3395 1936//3395
f  1939//3396 1940//3396 1938//3396
f  1982//3397 1926//3397 1876//3397
f  1879//3398 1982//3398 1876//3398
f  1983//3399 1918//3399 1908//3399
f  1907//3400 1983//3400 1908//3400
f  1928//3401 1984//3401 1875//3401
f  1984//3402 1881//3402 1875//3402
f  1985//3403 1917//3403 1909//3403
f  1919//3404 1985//3404 1909//3404
f  1986//3405 1948//3405 1949//3405
f  1954//3406 1986//3406 1949//3406
f  1950//3407 1987//3407 1951//3407
f  1987//3408 1952//3408 1951//3408
f  1988//3409 1942//3409 1943//3409
f  1947//3410 1988//3410 1943//3410
f  1989//3411 1946//3411 1944//3411
f  1945//3412 1989//3412 1944//3412
f  1977//3413 1990//3413 1979//3413
f  1990//3414 1978//3414 1979//3414
f  1990//3415 1991//3415 1978//3415
f  1991//3416 1976//3416 1978//3416
f  1992//3417 1971//3417 1965//3417
f  1966//3418 1992//3418 1965//3418
f  1993//3419 1964//3419 1967//3419
f  1968//3420 1993//3420 1967//3420
f  1994//3421 1974//3421 1972//3421
f  1970//3422 1994//3422 1972//3422
f  1995//3423 1969//3423 1973//3423
f  1975//3424 1995//3424 1973//3424
f  1977//3425 1996//3425 1990//3425
f  1996//3426 1997//3426 1990//3426
f  1997//3427 1991//3427 1990//3427
f  1998//3428 1927//3428 1915//3428
f  1911//3429 1998//3429 1915//3429
f  1999//3430 1932//3430 1914//3430
f  1920//3431 1999//3431 1914//3431
f  2000//3432 1981//3432 1941//3432
f  1942//3433 2000//3433 1941//3433
f  2001//3434 1945//3434 1940//3434
f  2002//3435 2001//3435 1940//3435
f  1939//3436 2002//3436 1940//3436
f  2003//3437 1986//3437 1954//3437
f  1953//3438 2003//3438 1954//3438
f  1987//3439 2004//3439 1952//3439
f  2004//3440 1955//3440 1952//3440
f  1886//3441 1982//3441 1879//3441
f  2005//3442 1885//3442 1881//3442
f  1984//3443 2005//3443 1881//3443
f  2006//3444 1992//3444 1966//3444
f  1962//3445 2006//3445 1966//3445
f  2007//3446 1963//3446 1964//3446
f  1993//3447 2007//3447 1964//3447
f  2008//3448 1934//3448 1904//3448
f  1912//3449 2008//3449 1904//3449
f  1980//3450 2009//3450 1913//3450
f  2009//3451 1928//3451 1913//3451
f  1974//3452 1996//3452 1977//3452
f  2010//3453 1975//3453 1976//3453
f  2011//3454 2010//3454 1976//3454
f  1991//3455 2011//3455 1976//3455
f  2012//3456 1929//3456 1935//3456
f  1937//3457 2012//3457 1935//3457
f  1930//3458 2013//3458 1933//3458
f  2013//3459 1939//3459 1933//3459
f  1957//3460 2014//3460 1953//3460
f  2014//3461 2003//3461 1953//3461
f  2015//3462 1956//3462 1955//3462
f  2004//3463 2015//3463 1955//3463
f  1948//3464 2016//3464 1947//3464
f  2016//3465 1988//3465 1947//3465
f  2017//3466 1950//3466 1946//3466
f  1989//3467 2017//3467 1946//3467
f  2018//3468 2006//3468 1962//3468
f  1960//3469 2018//3469 1962//3469
f  2019//3470 1961//3470 1963//3470
f  2007//3471 2019//3471 1963//3471
f  2020//3472 1930//3472 1927//3472
f  1998//3473 2020//3473 1927//3473
f  1929//3474 2021//3474 1920//3474
f  2021//3475 1999//3475 1920//3475
f  2022//3476 1931//3476 1903//3476
f  1918//3477 2022//3477 1903//3477
f  2023//3478 1929//3478 2012//3478
f  1937//3479 2023//3479 2012//3479
f  1932//3480 2024//3480 1919//3480
f  2024//3481 1985//3481 1919//3481
f  2025//3482 1983//3482 1907//3482
f  1916//3483 2025//3483 1907//3483
f  2026//3484 1994//3484 1970//3484
f  1971//3485 2026//3485 1970//3485
f  2027//3486 1968//3486 1969//3486
f  1995//3487 2027//3487 1969//3487
f  1985//3488 2028//3488 1917//3488
f  2028//3489 2029//3489 1917//3489
f  2029//3490 1980//3490 1917//3490
f  1930//3491 2030//3491 2013//3491
f  2030//3492 1939//3492 2013//3492
f  2031//3493 2014//3493 1957//3493
f  1959//3494 2031//3494 1957//3494
f  2015//3495 2032//3495 1956//3495
f  2032//3496 1958//3496 1956//3496
f  2032//3497 2018//3497 1960//3497
f  1958//3498 2032//3498 1960//3498
f  2031//3499 1959//3499 1961//3499
f  2019//3500 2031//3500 1961//3500
f  1996//3501 2033//3501 1997//3501
f  2033//3502 2034//3502 1997//3502
f  2035//3503 1991//3503 1997//3503
f  2034//3504 2035//3504 1997//3504
f  2036//3505 1982//3505 1886//3505
f  1897//3506 2036//3506 1886//3506
f  2037//3507 1898//3507 1885//3507
f  2005//3508 2037//3508 1885//3508
f  2038//3509 2039//3509 1930//3509
f  2039//3510 2030//3510 1930//3510
f  2020//3511 2038//3511 1930//3511
f  2023//3512 2040//3512 1929//3512
f  2040//3513 2041//3513 1929//3513
f  2041//3514 2042//3514 1929//3514
f  2042//3515 2021//3515 1929//3515
f  2043//3516 1939//3516 2030//3516
f  2039//3517 2043//3517 2030//3517
f  2040//3518 2023//3518 1937//3518
f  2044//3519 2040//3519 1937//3519
f  1981//3520 2044//3520 1937//3520
f  2043//3521 2002//3521 1939//3521
f  1926//3522 2008//3522 1912//3522
f  2033//3523 2045//3523 2034//3523
f  2045//3524 2035//3524 2034//3524
f  1931//3525 1998//3525 1911//3525
f  2009//3526 2046//3526 1928//3526
f  2046//3527 1984//3527 1928//3527
f  2047//3528 1897//3528 1900//3528
f  2048//3529 2047//3529 1900//3529
f  1898//3530 2048//3530 1900//3530
f  1999//3531 2024//3531 1932//3531
f  2047//3532 2036//3532 1897//3532
f  1974//3533 2033//3533 1996//3533
f  2049//3534 2048//3534 1898//3534
f  2050//3535 2049//3535 1898//3535
f  2037//3536 2050//3536 1898//3536
f  2051//3537 2016//3537 1948//3537
f  1986//3538 2051//3538 1948//3538
f  2052//3539 1987//3539 1950//3539
f  2017//3540 2052//3540 1950//3540
f  1988//3541 2053//3541 1942//3541
f  2053//3542 2000//3542 1942//3542
f  2054//3543 1989//3543 1945//3543
f  2001//3544 2054//3544 1945//3544
f  2035//3545 2011//3545 1991//3545
f  2055//3546 2041//3546 2040//3546
f  2044//3547 2055//3547 2040//3547
f  2056//3548 2026//3548 1971//3548
f  1992//3549 2056//3549 1971//3549
f  2057//3550 1993//3550 1968//3550
f  2027//3551 2057//3551 1968//3551
f  2058//3552 2033//3552 1974//3552
f  2059//3553 2058//3553 1974//3553
f  1994//3554 2059//3554 1974//3554
f  2060//3555 1995//3555 1975//3555
f  2010//3556 2060//3556 1975//3556
f  2000//3557 2044//3557 1981//3557
f  2043//3558 2061//3558 2002//3558
f  2061//3559 2062//3559 2002//3559
f  2062//3560 2001//3560 2002//3560
f  2063//3561 2025//3561 1916//3561
f  1934//3562 2063//3562 1916//3562
f  2064//3563 2051//3563 1986//3563
f  2003//3564 2064//3564 1986//3564
f  2052//3565 2065//3565 1987//3565
f  2065//3566 2004//3566 1987//3566
f  2049//3567 2047//3567 2048//3567
f  2029//3568 2009//3568 1980//3568
f  2066//3569 2008//3569 1926//3569
f  1982//3570 2066//3570 1926//3570
f  2067//3571 2056//3571 1992//3571
f  2006//3572 2067//3572 1992//3572
f  2068//3573 2007//3573 1993//3573
f  2057//3574 2068//3574 1993//3574
f  2046//3575 2005//3575 1984//3575
f  2058//3576 2069//3576 2033//3576
f  2070//3577 2045//3577 2033//3577
f  2069//3578 2070//3578 2033//3578
f  2071//3579 2010//3579 2011//3579
f  2035//3580 2071//3580 2011//3580
f  2072//3581 2020//3581 1998//3581
f  1931//3582 2072//3582 1998//3582
f  2021//3583 2073//3583 1999//3583
f  2073//3584 2024//3584 1999//3584
f  2074//3585 2022//3585 1918//3585
f  1983//3586 2074//3586 1918//3586
f  2024//3587 2075//3587 1985//3587
f  2075//3588 2028//3588 1985//3588
f  2076//3589 2053//3589 1988//3589
f  2016//3590 2076//3590 1988//3590
f  2077//3591 2017//3591 1989//3591
f  2054//3592 2077//3592 1989//3592
f  2078//3593 2042//3593 2041//3593
f  2055//3594 2078//3594 2041//3594
f  2079//3595 2064//3595 2003//3595
f  2014//3596 2079//3596 2003//3596
f  2065//3597 2080//3597 2004//3597
f  2080//3598 2015//3598 2004//3598
f  2038//3599 2081//3599 2039//3599
f  2081//3600 2043//3600 2039//3600
f  2038//3601 2082//3601 2081//3601
f  2082//3602 2043//3602 2081//3602
f  2083//3603 2067//3603 2006//3603
f  2018//3604 2083//3604 2006//3604
f  2084//3605 2019//3605 2007//3605
f  2068//3606 2084//3606 2007//3606
f  2085//3607 2059//3607 1994//3607
f  2026//3608 2085//3608 1994//3608
f  2086//3609 2027//3609 1995//3609
f  2060//3610 2086//3610 1995//3610
f  2031//3611 2087//3611 2014//3611
f  2087//3612 2079//3612 2014//3612
f  2088//3613 2032//3613 2015//3613
f  2080//3614 2088//3614 2015//3614
f  2000//3615 2055//3615 2044//3615
f  2088//3616 2083//3616 2018//3616
f  2032//3617 2088//3617 2018//3617
f  2087//3618 2031//3618 2019//3618
f  2084//3619 2087//3619 2019//3619
f  2082//3620 2061//3620 2043//3620
f  2036//3621 2066//3621 1982//3621
f  2089//3622 2035//3622 2045//3622
f  2070//3623 2090//3623 2045//3623
f  2090//3624 2089//3624 2045//3624
f  2091//3625 2037//3625 2005//3625
f  2046//3626 2091//3626 2005//3626
f  2092//3627 2038//3627 2020//3627
f  2072//3628 2092//3628 2020//3628
f  2042//3629 2093//3629 2021//3629
f  2093//3630 2073//3630 2021//3630
f  2094//3631 2095//3631 2090//3631
f  2070//3632 2094//3632 2090//3632
f  2095//3633 2089//3633 2090//3633
f  2096//3634 2063//3634 1934//3634
f  2008//3635 2096//3635 1934//3635
f  2029//3636 2046//3636 2009//3636
f  2053//3637 2097//3637 2000//3637
f  2097//3638 2098//3638 2000//3638
f  2098//3639 2055//3639 2000//3639
f  2062//3640 2099//3640 2001//3640
f  2099//3641 2054//3641 2001//3641
f  2022//3642 2072//3642 1931//3642
f  2051//3643 2100//3643 2016//3643
f  2100//3644 2076//3644 2016//3644
f  2101//3645 2052//3645 2017//3645
f  2077//3646 2101//3646 2017//3646
f  2073//3647 2075//3647 2024//3647
f  2102//3648 2082//3648 2038//3648
f  2103//3649 2104//3649 2038//3649
f  2104//3650 2105//3650 2038//3650
f  2105//3651 2102//3651 2038//3651
f  2092//3652 2103//3652 2038//3652
f  2102//3653 2061//3653 2082//3653
f  2078//3654 2106//3654 2042//3654
f  2106//3655 2107//3655 2042//3655
f  2107//3656 2108//3656 2042//3656
f  2108//3657 2093//3657 2042//3657
f  2055//3658 2106//3658 2078//3658
f  2109//3659 2085//3659 2026//3659
f  2056//3660 2109//3660 2026//3660
f  2110//3661 2057//3661 2027//3661
f  2086//3662 2110//3662 2027//3662
f  2111//3663 2069//3663 2058//3663
f  2059//3664 2111//3664 2058//3664
f  2112//3665 2060//3665 2010//3665
f  2071//3666 2112//3666 2010//3666
f  2113//3667 2046//3667 2029//3667
f  2028//3668 2114//3668 2029//3668
f  2114//3669 2115//3669 2029//3669
f  2115//3670 2113//3670 2029//3670
f  2116//3671 2117//3671 2055//3671
f  2117//3672 2106//3672 2055//3672
f  2098//3673 2116//3673 2055//3673
f  2118//3674 2062//3674 2061//3674
f  2119//3675 2118//3675 2061//3675
f  2102//3676 2119//3676 2061//3676
f  2120//3677 2074//3677 1983//3677
f  2025//3678 2120//3678 1983//3678
f  2075//3679 2121//3679 2028//3679
f  2121//3680 2114//3680 2028//3680
f  2047//3681 2122//3681 2036//3681
f  2122//3682 2066//3682 2036//3682
f  2123//3683 2050//3683 2037//3683
f  2091//3684 2123//3684 2037//3684
f  2124//3685 2100//3685 2051//3685
f  2064//3686 2124//3686 2051//3686
f  2125//3687 2065//3687 2052//3687
f  2101//3688 2125//3688 2052//3688
f  2126//3689 2094//3689 2070//3689
f  2069//3690 2126//3690 2070//3690
f  2127//3691 2071//3691 2035//3691
f  2089//3692 2127//3692 2035//3692
f  2128//3693 2109//3693 2056//3693
f  2067//3694 2128//3694 2056//3694
f  2129//3695 2068//3695 2057//3695
f  2110//3696 2129//3696 2057//3696
f  2130//3697 2047//3697 2049//3697
f  2131//3698 2130//3698 2049//3698
f  2050//3699 2131//3699 2049//3699
f  2117//3700 2107//3700 2106//3700
f  2130//3701 2122//3701 2047//3701
f  2132//3702 2133//3702 2050//3702
f  2133//3703 2131//3703 2050//3703
f  2123//3704 2132//3704 2050//3704
f  2134//3705 2096//3705 2008//3705
f  2066//3706 2134//3706 2008//3706
f  2076//3707 2135//3707 2053//3707
f  2135//3708 2097//3708 2053//3708
f  2099//3709 2136//3709 2054//3709
f  2136//3710 2077//3710 2054//3710
f  2113//3711 2091//3711 2046//3711
f  2105//3712 2119//3712 2102//3712
f  2137//3713 2092//3713 2072//3713
f  2022//3714 2137//3714 2072//3714
f  2138//3715 2124//3715 2064//3715
f  2079//3716 2138//3716 2064//3716
f  2125//3717 2139//3717 2065//3717
f  2139//3718 2080//3718 2065//3718
f  2093//3719 2140//3719 2073//3719
f  2140//3720 2075//3720 2073//3720
f  2141//3721 2108//3721 2107//3721
f  2117//3722 2141//3722 2107//3722
f  2104//3723 2119//3723 2105//3723
f  2142//3724 2128//3724 2067//3724
f  2083//3725 2142//3725 2067//3725
f  2143//3726 2084//3726 2068//3726
f  2129//3727 2143//3727 2068//3727
f  2144//3728 2111//3728 2059//3728
f  2085//3729 2144//3729 2059//3729
f  2145//3730 2086//3730 2060//3730
f  2112//3731 2145//3731 2060//3731
f  2146//3732 2138//3732 2079//3732
f  2087//3733 2146//3733 2079//3733
f  2139//3734 2147//3734 2080//3734
f  2147//3735 2088//3735 2080//3735
f  2147//3736 2142//3736 2083//3736
f  2088//3737 2147//3737 2083//3737
f  2146//3738 2087//3738 2084//3738
f  2143//3739 2146//3739 2084//3739
f  2097//3740 2148//3740 2098//3740
f  2148//3741 2116//3741 2098//3741
f  2149//3742 2099//3742 2062//3742
f  2118//3743 2149//3743 2062//3743
f  2094//3744 2150//3744 2095//3744
f  2150//3745 2089//3745 2095//3745
f  2074//3746 2137//3746 2022//3746
f  2063//3747 2120//3747 2025//3747
f  2151//3748 2135//3748 2076//3748
f  2100//3749 2151//3749 2076//3749
f  2136//3750 2152//3750 2077//3750
f  2152//3751 2101//3751 2077//3751
f  2140//3752 2121//3752 2075//3752
f  2121//3753 2153//3753 2114//3753
f  2153//3754 2115//3754 2114//3754
f  2154//3755 2155//3755 2117//3755
f  2155//3756 2156//3756 2117//3756
f  2156//3757 2141//3757 2117//3757
f  2116//3758 2154//3758 2117//3758
f  2104//3759 2157//3759 2119//3759
f  2158//3760 2118//3760 2119//3760
f  2159//3761 2158//3761 2119//3761
f  2157//3762 2159//3762 2119//3762
f  2160//3763 2103//3763 2092//3763
f  2137//3764 2160//3764 2092//3764
f  2108//3765 2161//3765 2093//3765
f  2161//3766 2140//3766 2093//3766
f  2111//3767 2162//3767 2069//3767
f  2162//3768 2126//3768 2069//3768
f  2163//3769 2112//3769 2071//3769
f  2127//3770 2163//3770 2071//3770
f  2164//3771 2144//3771 2085//3771
f  2109//3772 2164//3772 2085//3772
f  2165//3773 2110//3773 2086//3773
f  2145//3774 2165//3774 2086//3774
f  2103//3775 2157//3775 2104//3775
f  2166//3776 2167//3776 2103//3776
f  2168//3777 2166//3777 2103//3777
f  2167//3778 2157//3778 2103//3778
f  2160//3779 2168//3779 2103//3779
f  2169//3780 2170//3780 2094//3780
f  2170//3781 2171//3781 2094//3781
f  2171//3782 2150//3782 2094//3782
f  2126//3783 2169//3783 2094//3783
f  2150//3784 2172//3784 2089//3784
f  2172//3785 2173//3785 2089//3785
f  2173//3786 2127//3786 2089//3786
f  2141//3787 2156//3787 2108//3787
f  2156//3788 2174//3788 2108//3788
f  2174//3789 2175//3789 2108//3789
f  2175//3790 2176//3790 2108//3790
f  2176//3791 2177//3791 2108//3791
f  2177//3792 2161//3792 2108//3792
f  2124//3793 2178//3793 2100//3793
f  2178//3794 2151//3794 2100//3794
f  2152//3795 2179//3795 2101//3795
f  2179//3796 2125//3796 2101//3796
f  2155//3797 2174//3797 2156//3797
f  2115//3798 2180//3798 2113//3798
f  2180//3799 2091//3799 2113//3799
f  2135//3800 2181//3800 2097//3800
f  2181//3801 2148//3801 2097//3801
f  2182//3802 2136//3802 2099//3802
f  2149//3803 2182//3803 2099//3803
f  2183//3804 2134//3804 2066//3804
f  2122//3805 2183//3805 2066//3805
f  2128//3806 2184//3806 2109//3806
f  2184//3807 2164//3807 2109//3807
f  2165//3808 2185//3808 2110//3808
f  2185//3809 2129//3809 2110//3809
f  2180//3810 2186//3810 2091//3810
f  2186//3811 2123//3811 2091//3811
f  2167//3812 2159//3812 2157//3812
f  2187//3813 2178//3813 2124//3813
f  2138//3814 2187//3814 2124//3814
f  2179//3815 2139//3815 2125//3815
f  2188//3816 2160//3816 2137//3816
f  2074//3817 2188//3817 2137//3817
f  2161//3818 2189//3818 2140//3818
f  2189//3819 2121//3819 2140//3819
f  2190//3820 2120//3820 2063//3820
f  2096//3821 2190//3821 2063//3821
f  2191//3822 2162//3822 2111//3822
f  2144//3823 2191//3823 2111//3823
f  2192//3824 2145//3824 2112//3824
f  2163//3825 2192//3825 2112//3825
f  2193//3826 2184//3826 2128//3826
f  2142//3827 2193//3827 2128//3827
f  2185//3828 2143//3828 2129//3828
f  2194//3829 2154//3829 2116//3829
f  2148//3830 2194//3830 2116//3830
f  2195//3831 2149//3831 2118//3831
f  2158//3832 2195//3832 2118//3832
f  2155//3833 2175//3833 2174//3833
f  2166//3834 2159//3834 2167//3834
f  2146//3835 2187//3835 2138//3835
f  2179//3836 2193//3836 2139//3836
f  2193//3837 2147//3837 2139//3837
f  2176//3838 2175//3838 2155//3838
f  2154//3839 2176//3839 2155//3839
f  2166//3840 2158//3840 2159//3840
f  2147//3841 2193//3841 2142//3841
f  2187//3842 2146//3842 2143//3842
f  2185//3843 2187//3843 2143//3843
f  2120//3844 2188//3844 2074//3844
f  2168//3845 2196//3845 2166//3845
f  2196//3846 2158//3846 2166//3846
f  2189//3847 2153//3847 2121//3847
f  2151//3848 2197//3848 2135//3848
f  2197//3849 2181//3849 2135//3849
f  2198//3850 2152//3850 2136//3850
f  2182//3851 2198//3851 2136//3851
f  2171//3852 2172//3852 2150//3852
f  2199//3853 2169//3853 2126//3853
f  2162//3854 2199//3854 2126//3854
f  2200//3855 2183//3855 2122//3855
f  2130//3856 2200//3856 2122//3856
f  2173//3857 2201//3857 2127//3857
f  2201//3858 2163//3858 2127//3858
f  2202//3859 2132//3859 2123//3859
f  2186//3860 2202//3860 2123//3860
f  2170//3861 2203//3861 2171//3861
f  2203//3862 2172//3862 2171//3862
f  2133//3863 2130//3863 2131//3863
f  2204//3864 2191//3864 2144//3864
f  2164//3865 2204//3865 2144//3865
f  2205//3866 2165//3866 2145//3866
f  2192//3867 2205//3867 2145//3867
f  2206//3868 2168//3868 2160//3868
f  2188//3869 2206//3869 2160//3869
f  2177//3870 2207//3870 2161//3870
f  2207//3871 2189//3871 2161//3871
f  2208//3872 2203//3872 2170//3872
f  2169//3873 2208//3873 2170//3873
f  2203//3874 2208//3874 2172//3874
f  2208//3875 2173//3875 2172//3875
f  2133//3876 2200//3876 2130//3876
f  2209//3877 2133//3877 2132//3877
f  2202//3878 2209//3878 2132//3878
f  2209//3879 2200//3879 2133//3879
f  2210//3880 2190//3880 2096//3880
f  2134//3881 2210//3881 2096//3881
f  2153//3882 2211//3882 2115//3882
f  2211//3883 2212//3883 2115//3883
f  2212//3884 2180//3884 2115//3884
f  2178//3885 2197//3885 2151//3885
f  2213//3886 2179//3886 2152//3886
f  2198//3887 2213//3887 2152//3887
f  2169//3888 2214//3888 2208//3888
f  2214//3889 2173//3889 2208//3889
f  2181//3890 2215//3890 2148//3890
f  2215//3891 2194//3891 2148//3891
f  2195//3892 2216//3892 2149//3892
f  2216//3893 2182//3893 2149//3893
f  2217//3894 2177//3894 2176//3894
f  2154//3895 2217//3895 2176//3895
f  2168//3896 2218//3896 2196//3896
f  2218//3897 2158//3897 2196//3897
f  2219//3898 2220//3898 2168//3898
f  2220//3899 2221//3899 2168//3899
f  2221//3900 2218//3900 2168//3900
f  2206//3901 2219//3901 2168//3901
f  2217//3902 2222//3902 2177//3902
f  2222//3903 2223//3903 2177//3903
f  2223//3904 2207//3904 2177//3904
f  2154//3905 2222//3905 2217//3905
f  2224//3906 2204//3906 2164//3906
f  2184//3907 2224//3907 2164//3907
f  2225//3908 2185//3908 2165//3908
f  2205//3909 2225//3909 2165//3909
f  2226//3910 2222//3910 2154//3910
f  2227//3911 2226//3911 2154//3911
f  2194//3912 2227//3912 2154//3912
f  2228//3913 2195//3913 2158//3913
f  2229//3914 2228//3914 2158//3914
f  2218//3915 2229//3915 2158//3915
f  2230//3916 2206//3916 2188//3916
f  2120//3917 2230//3917 2188//3917
f  2207//3918 2231//3918 2189//3918
f  2231//3919 2153//3919 2189//3919
f  2187//3920 2197//3920 2178//3920
f  2232//3921 2193//3921 2179//3921
f  2213//3922 2232//3922 2179//3922
f  2191//3923 2233//3923 2162//3923
f  2233//3924 2199//3924 2162//3924
f  2201//3925 2234//3925 2163//3925
f  2234//3926 2192//3926 2163//3926
f  2190//3927 2230//3927 2120//3927
f  2221//3928 2229//3928 2218//3928
f  2231//3929 2235//3929 2153//3929
f  2235//3930 2211//3930 2153//3930
f  2193//3931 2224//3931 2184//3931
f  2236//3932 2187//3932 2185//3932
f  2225//3933 2236//3933 2185//3933
f  2197//3934 2215//3934 2181//3934
f  2216//3935 2198//3935 2182//3935
f  2237//3936 2223//3936 2222//3936
f  2226//3937 2237//3937 2222//3937
f  2220//3938 2229//3938 2221//3938
f  2236//3939 2197//3939 2187//3939
f  2232//3940 2224//3940 2193//3940
f  2238//3941 2214//3941 2169//3941
f  2239//3942 2238//3942 2169//3942
f  2199//3943 2239//3943 2169//3943
f  2214//3944 2240//3944 2173//3944
f  2241//3945 2201//3945 2173//3945
f  2242//3946 2241//3946 2173//3946
f  2240//3947 2242//3947 2173//3947
f  2238//3948 2240//3948 2214//3948
f  2243//3949 2233//3949 2191//3949
f  2204//3950 2243//3950 2191//3950
f  2234//3951 2205//3951 2192//3951
f  2244//3952 2219//3952 2206//3952
f  2230//3953 2244//3953 2206//3953
f  2245//3954 2227//3954 2194//3954
f  2215//3955 2245//3955 2194//3955
f  2246//3956 2216//3956 2195//3956
f  2228//3957 2246//3957 2195//3957
f  2223//3958 2247//3958 2207//3958
f  2247//3959 2231//3959 2207//3959
f  2248//3960 2213//3960 2198//3960
f  2216//3961 2248//3961 2198//3961
f  2238//3962 2249//3962 2240//3962
f  2249//3963 2242//3963 2240//3963
f  2250//3964 2251//3964 2226//3964
f  2251//3965 2252//3965 2226//3965
f  2252//3966 2237//3966 2226//3966
f  2227//3967 2250//3967 2226//3967
f  2220//3968 2253//3968 2229//3968
f  2253//3969 2254//3969 2229//3969
f  2254//3970 2228//3970 2229//3970
f  2255//3971 2210//3971 2134//3971
f  2183//3972 2255//3972 2134//3972
f  2212//3973 2256//3973 2180//3973
f  2256//3974 2186//3974 2180//3974
f  2257//3975 2244//3975 2230//3975
f  2190//3976 2257//3976 2230//3976
f  2219//3977 2253//3977 2220//3977
f  2258//3978 2259//3978 2219//3978
f  2259//3979 2254//3979 2219//3979
f  2254//3980 2253//3980 2219//3980
f  2244//3981 2258//3981 2219//3981
f  2247//3982 2260//3982 2231//3982
f  2260//3983 2235//3983 2231//3983
f  2224//3984 2243//3984 2204//3984
f  2234//3985 2261//3985 2205//3985
f  2261//3986 2225//3986 2205//3986
f  2237//3987 2252//3987 2223//3987
f  2252//3988 2251//3988 2223//3988
f  2251//3989 2262//3989 2223//3989
f  2262//3990 2247//3990 2223//3990
f  2263//3991 2239//3991 2199//3991
f  2233//3992 2263//3992 2199//3992
f  2264//3993 2234//3993 2201//3993
f  2241//3994 2264//3994 2201//3994
f  2236//3995 2265//3995 2197//3995
f  2265//3996 2215//3996 2197//3996
f  2266//3997 2232//3997 2213//3997
f  2248//3998 2266//3998 2213//3998
f  2265//3999 2245//3999 2215//3999
f  2267//4000 2248//4000 2216//4000
f  2246//4001 2267//4001 2216//4001
f  2232//4002 2243//4002 2224//4002
f  2261//4003 2268//4003 2225//4003
f  2268//4004 2236//4004 2225//4004
f  2269//4005 2249//4005 2238//4005
f  2270//4006 2269//4006 2238//4006
f  2239//4007 2270//4007 2238//4007
f  2270//4008 2241//4008 2242//4008
f  2249//4009 2269//4009 2242//4009
f  2269//4010 2270//4010 2242//4010
f  2268//4011 2265//4011 2236//4011
f  2266//4012 2243//4012 2232//4012
f  2250//4013 2262//4013 2251//4013
f  2245//4014 2250//4014 2227//4014
f  2254//4015 2259//4015 2228//4015
f  2259//4016 2246//4016 2228//4016
f  2271//4017 2255//4017 2183//4017
f  2200//4018 2271//4018 2183//4018
f  2256//4019 2272//4019 2186//4019
f  2272//4020 2202//4020 2186//4020
f  2243//4021 2263//4021 2233//4021
f  2273//4022 2261//4022 2234//4022
f  2264//4023 2273//4023 2234//4023
f  2274//4024 2258//4024 2244//4024
f  2257//4025 2274//4025 2244//4025
f  2262//4026 2275//4026 2247//4026
f  2275//4027 2260//4027 2247//4027
f  2210//4028 2257//4028 2190//4028
f  2271//4029 2200//4029 2209//4029
f  2276//4030 2271//4030 2209//4030
f  2202//4031 2276//4031 2209//4031
f  2235//4032 2277//4032 2211//4032
f  2277//4033 2212//4033 2211//4033
f  2278//4034 2276//4034 2202//4034
f  2272//4035 2278//4035 2202//4035
f  2258//4036 2279//4036 2259//4036
f  2279//4037 2246//4037 2259//4037
f  2280//4038 2270//4038 2239//4038
f  2281//4039 2282//4039 2239//4039
f  2282//4040 2283//4040 2239//4040
f  2283//4041 2280//4041 2239//4041
f  2263//4042 2281//4042 2239//4042
f  2270//4043 2280//4043 2241//4043
f  2280//4044 2283//4044 2241//4044
f  2283//4045 2284//4045 2241//4045
f  2284//4046 2264//4046 2241//4046
f  2285//4047 2286//4047 2258//4047
f  2286//4048 2279//4048 2258//4048
f  2287//4049 2285//4049 2258//4049
f  2274//4050 2287//4050 2258//4050
f  2288//4051 2262//4051 2250//4051
f  2245//4052 2288//4052 2250//4052
f  2288//4053 2289//4053 2262//4053
f  2289//4054 2275//4054 2262//4054
f  2290//4055 2245//4055 2265//4055
f  2268//4056 2290//4056 2265//4056
f  2291//4057 2266//4057 2248//4057
f  2267//4058 2291//4058 2248//4058
f  2290//4059 2292//4059 2245//4059
f  2292//4060 2289//4060 2245//4060
f  2289//4061 2288//4061 2245//4061
f  2279//4062 2293//4062 2246//4062
f  2293//4063 2267//4063 2246//4063
f  2294//4064 2263//4064 2243//4064
f  2266//4065 2294//4065 2243//4065
f  2295//4066 2268//4066 2261//4066
f  2273//4067 2295//4067 2261//4067
f  2295//4068 2290//4068 2268//4068
f  2291//4069 2294//4069 2266//4069
f  2294//4070 2281//4070 2263//4070
f  2284//4071 2296//4071 2264//4071
f  2296//4072 2273//4072 2264//4072
f  2297//4073 2274//4073 2257//4073
f  2210//4074 2297//4074 2257//4074
f  2260//4075 2277//4075 2235//4075
f  2286//4076 2293//4076 2279//4076
f  2298//4077 2275//4077 2289//4077
f  2292//4078 2298//4078 2289//4078
f  2278//4079 2271//4079 2276//4079
f  2285//4080 2293//4080 2286//4080
f  2255//4081 2299//4081 2210//4081
f  2299//4082 2297//4082 2210//4082
f  2277//4083 2300//4083 2212//4083
f  2300//4084 2256//4084 2212//4084
f  2295//4085 2301//4085 2290//4085
f  2301//4086 2292//4086 2290//4086
f  2293//4087 2302//4087 2267//4087
f  2302//4088 2291//4088 2267//4088
f  2303//4089 2281//4089 2294//4089
f  2291//4090 2303//4090 2294//4090
f  2296//4091 2304//4091 2273//4091
f  2304//4092 2295//4092 2273//4092
f  2282//4093 2305//4093 2283//4093
f  2305//4094 2284//4094 2283//4094
f  2297//4095 2287//4095 2274//4095
f  2275//4096 2306//4096 2260//4096
f  2306//4097 2277//4097 2260//4097
f  2304//4098 2307//4098 2295//4098
f  2307//4099 2301//4099 2295//4099
f  2308//4100 2303//4100 2291//4100
f  2302//4101 2308//4101 2291//4101
f  2281//4102 2305//4102 2282//4102
f  2305//4103 2296//4103 2284//4103
f  2301//4104 2309//4104 2292//4104
f  2309//4105 2310//4105 2292//4105
f  2310//4106 2298//4106 2292//4106
f  2285//4107 2311//4107 2293//4107
f  2311//4108 2312//4108 2293//4108
f  2312//4109 2302//4109 2293//4109
f  2271//4110 2313//4110 2255//4110
f  2313//4111 2299//4111 2255//4111
f  2300//4112 2272//4112 2256//4112
f  2314//4113 2312//4113 2287//4113
f  2312//4114 2311//4114 2287//4114
f  2311//4115 2285//4115 2287//4115
f  2297//4116 2315//4116 2287//4116
f  2315//4117 2314//4117 2287//4117
f  2310//4118 2309//4118 2275//4118
f  2309//4119 2316//4119 2275//4119
f  2316//4120 2306//4120 2275//4120
f  2298//4121 2310//4121 2275//4121
f  2317//4122 2271//4122 2278//4122
f  2272//4123 2317//4123 2278//4123
f  2317//4124 2313//4124 2271//4124
f  2313//4125 2317//4125 2272//4125
f  2300//4126 2313//4126 2272//4126
f  2318//4127 2319//4127 2281//4127
f  2303//4128 2318//4128 2281//4128
f  2319//4129 2305//4129 2281//4129
f  2318//4130 2304//4130 2296//4130
f  2305//4131 2319//4131 2296//4131
f  2319//4132 2318//4132 2296//4132
f  2301//4133 2316//4133 2309//4133
f  2307//4134 2320//4134 2301//4134
f  2320//4135 2316//4135 2301//4135
f  2321//4136 2308//4136 2302//4136
f  2312//4137 2321//4137 2302//4137
f  2314//4138 2321//4138 2312//4138
f  2322//4139 2315//4139 2297//4139
f  2299//4140 2322//4140 2297//4140
f  2306//4141 2323//4141 2277//4141
f  2323//4142 2300//4142 2277//4142
f  2320//4143 2306//4143 2316//4143
f  2315//4144 2321//4144 2314//4144
f  2308//4145 2324//4145 2303//4145
f  2324//4146 2325//4146 2303//4146
f  2325//4147 2318//4147 2303//4147
f  2318//4148 2325//4148 2304//4148
f  2325//4149 2326//4149 2304//4149
f  2326//4150 2307//4150 2304//4150
f  2326//4151 2327//4151 2307//4151
f  2327//4152 2320//4152 2307//4152
f  2321//4153 2328//4153 2308//4153
f  2328//4154 2324//4154 2308//4154
f  2322//4155 2321//4155 2315//4155
f  2320//4156 2323//4156 2306//4156
f  2324//4157 2329//4157 2325//4157
f  2329//4158 2326//4158 2325//4158
f  2299//4159 2330//4159 2322//4159
f  2330//4160 2321//4160 2322//4160
f  2331//4161 2300//4161 2323//4161
f  2320//4162 2331//4162 2323//4162
f  2313//4163 2332//4163 2299//4163
f  2332//4164 2333//4164 2299//4164
f  2333//4165 2330//4165 2299//4165
f  2331//4166 2334//4166 2300//4166
f  2334//4167 2335//4167 2300//4167
f  2335//4168 2313//4168 2300//4168
f  2334//4169 2331//4169 2320//4169
f  2335//4170 2334//4170 2320//4170
f  2327//4171 2335//4171 2320//4171
f  2330//4172 2333//4172 2321//4172
f  2333//4173 2328//4173 2321//4173
f  2324//4174 2336//4174 2329//4174
f  2336//4175 2326//4175 2329//4175
f  2337//4176 2338//4176 2313//4176
f  2338//4177 2332//4177 2313//4177
f  2335//4178 2339//4178 2313//4178
f  2339//4179 2337//4179 2313//4179
f  2340//4180 2336//4180 2324//4180
f  2341//4181 2340//4181 2324//4181
f  2328//4182 2341//4182 2324//4182
f  2336//4183 2340//4183 2326//4183
f  2340//4184 2341//4184 2326//4184
f  2341//4185 2327//4185 2326//4185
f  2339//4186 2335//4186 2327//4186
f  2341//4187 2339//4187 2327//4187
f  2337//4188 2341//4188 2328//4188
f  2333//4189 2332//4189 2328//4189
f  2332//4190 2338//4190 2328//4190
f  2338//4191 2337//4191 2328//4191
f  2337//4192 2339//4192 2341//4192
f  2342//4193 2343//4193 2344//4193
f  2343//4194 2345//4194 2344//4194
f  2346//4195 2342//4195 2344//4195
f  2345//4196 2346//4196 2344//4196
f  2347//4197 2348//4197 2342//4197
f  2348//4198 2349//4198 2342//4198
f  2349//4199 2350//4199 2342//4199
f  2350//4200 2351//4200 2342//4200
f  2351//4201 2352//4201 2342//4201
f  2352//4202 2353//4202 2342//4202
f  2354//4203 2355//4203 2342//4203
f  2355//4204 2356//4204 2342//4204
f  2356//4205 2357//4205 2342//4205
f  2357//4206 2358//4206 2342//4206
f  2358//4207 2359//4207 2342//4207
f  2360//4208 2347//4208 2342//4208
f  2361//4209 2360//4209 2342//4209
f  2359//4210 2361//4210 2342//4210
f  2362//4211 2343//4211 2342//4211
f  2363//4212 2364//4212 2342//4212
f  2364//4213 2365//4213 2342//4213
f  2366//4214 2362//4214 2342//4214
f  2367//4215 2368//4215 2342//4215
f  2368//4216 2366//4216 2342//4216
f  2369//4217 2367//4217 2342//4217
f  2365//4218 2369//4218 2342//4218
f  2370//4219 2363//4219 2342//4219
f  2371//4220 2370//4220 2342//4220
f  2353//4221 2371//4221 2342//4221
f  2372//4222 2373//4222 2342//4222
f  2373//4223 2374//4223 2342//4223
f  2375//4224 2372//4224 2342//4224
f  2374//4225 2354//4225 2342//4225
f  2376//4226 2377//4226 2342//4226
f  2378//4227 2376//4227 2342//4227
f  2377//4228 2375//4228 2342//4228
f  2379//4229 2378//4229 2342//4229
f  2346//4230 2380//4230 2342//4230
f  2380//4231 2379//4231 2342//4231
f  2381//4232 2358//4232 2357//4232
f  2382//4233 2381//4233 2357//4233
f  2356//4234 2382//4234 2357//4234
f  2383//4235 2359//4235 2358//4235
f  2381//4236 2383//4236 2358//4236
f  2349//4237 2384//4237 2350//4237
f  2384//4238 2385//4238 2350//4238
f  2385//4239 2351//4239 2350//4239
f  2385//4240 2386//4240 2351//4240
f  2386//4241 2352//4241 2351//4241
f  2387//4242 2353//4242 2352//4242
f  2386//4243 2388//4243 2352//4243
f  2388//4244 2387//4244 2352//4244
f  2389//4245 2361//4245 2359//4245
f  2383//4246 2389//4246 2359//4246
f  2390//4247 2360//4247 2361//4247
f  2389//4248 2390//4248 2361//4248
f  2391//4249 2382//4249 2356//4249
f  2355//4250 2391//4250 2356//4250
f  2348//4251 2392//4251 2349//4251
f  2392//4252 2384//4252 2349//4252
f  2354//4253 2393//4253 2355//4253
f  2394//4254 2391//4254 2355//4254
f  2393//4255 2394//4255 2355//4255
f  2395//4256 2396//4256 2354//4256
f  2396//4257 2393//4257 2354//4257
f  2374//4258 2395//4258 2354//4258
f  2397//4259 2353//4259 2387//4259
f  2388//4260 2398//4260 2387//4260
f  2398//4261 2397//4261 2387//4261
f  2399//4262 2347//4262 2360//4262
f  2400//4263 2399//4263 2360//4263
f  2390//4264 2400//4264 2360//4264
f  2347//4265 2401//4265 2348//4265
f  2401//4266 2392//4266 2348//4266
f  2402//4267 2375//4267 2377//4267
f  2376//4268 2402//4268 2377//4268
f  2403//4269 2372//4269 2375//4269
f  2404//4270 2403//4270 2375//4270
f  2402//4271 2404//4271 2375//4271
f  2397//4272 2405//4272 2353//4272
f  2405//4273 2371//4273 2353//4273
f  2406//4274 2402//4274 2376//4274
f  2378//4275 2406//4275 2376//4275
f  2379//4276 2406//4276 2378//4276
f  2407//4277 2367//4277 2369//4277
f  2408//4278 2407//4278 2369//4278
f  2365//4279 2408//4279 2369//4279
f  2409//4280 2406//4280 2379//4280
f  2380//4281 2409//4281 2379//4281
f  2410//4282 2411//4282 2397//4282
f  2411//4283 2405//4283 2397//4283
f  2398//4284 2412//4284 2397//4284
f  2412//4285 2410//4285 2397//4285
f  2407//4286 2368//4286 2367//4286
f  2413//4287 2394//4287 2393//4287
f  2396//4288 2413//4288 2393//4288
f  2414//4289 2366//4289 2368//4289
f  2407//4290 2414//4290 2368//4290
f  2415//4291 2362//4291 2366//4291
f  2416//4292 2415//4292 2366//4292
f  2414//4293 2416//4293 2366//4293
f  2417//4294 2347//4294 2399//4294
f  2418//4295 2417//4295 2399//4295
f  2400//4296 2418//4296 2399//4296
f  2419//4297 2408//4297 2365//4297
f  2364//4298 2419//4298 2365//4298
f  2347//4299 2420//4299 2401//4299
f  2420//4300 2421//4300 2401//4300
f  2421//4301 2392//4301 2401//4301
f  2422//4302 2411//4302 2410//4302
f  2412//4303 2423//4303 2410//4303
f  2423//4304 2422//4304 2410//4304
f  2347//4305 2424//4305 2420//4305
f  2424//4306 2425//4306 2420//4306
f  2425//4307 2426//4307 2420//4307
f  2426//4308 2421//4308 2420//4308
f  2395//4309 2427//4309 2396//4309
f  2428//4310 2413//4310 2396//4310
f  2427//4311 2428//4311 2396//4311
f  2403//4312 2373//4312 2372//4312
f  2429//4313 2347//4313 2417//4313
f  2430//4314 2429//4314 2417//4314
f  2418//4315 2430//4315 2417//4315
f  2431//4316 2409//4316 2380//4316
f  2346//4317 2431//4317 2380//4317
f  2432//4318 2362//4318 2415//4318
f  2433//4319 2432//4319 2415//4319
f  2416//4320 2433//4320 2415//4320
f  2434//4321 2347//4321 2429//4321
f  2435//4322 2434//4322 2429//4322
f  2430//4323 2435//4323 2429//4323
f  2436//4324 2362//4324 2432//4324
f  2437//4325 2436//4325 2432//4325
f  2433//4326 2437//4326 2432//4326
f  2347//4327 2438//4327 2424//4327
f  2438//4328 2425//4328 2424//4328
f  2439//4329 2440//4329 2427//4329
f  2395//4330 2439//4330 2427//4330
f  2441//4331 2428//4331 2427//4331
f  2440//4332 2441//4332 2427//4332
f  2442//4333 2411//4333 2422//4333
f  2423//4334 2443//4334 2422//4334
f  2443//4335 2442//4335 2422//4335
f  2347//4336 2444//4336 2438//4336
f  2444//4337 2445//4337 2438//4337
f  2445//4338 2446//4338 2438//4338
f  2446//4339 2425//4339 2438//4339
f  2447//4340 2448//4340 2343//4340
f  2362//4341 2447//4341 2343//4341
f  2448//4342 2449//4342 2343//4342
f  2449//4343 2345//4343 2343//4343
f  2436//4344 2447//4344 2362//4344
f  2450//4345 2370//4345 2371//4345
f  2405//4346 2450//4346 2371//4346
f  2363//4347 2419//4347 2364//4347
f  2451//4348 2411//4348 2442//4348
f  2443//4349 2452//4349 2442//4349
f  2452//4350 2451//4350 2442//4350
f  2437//4351 2447//4351 2436//4351
f  2453//4352 2454//4352 2434//4352
f  2454//4353 2347//4353 2434//4353
f  2455//4354 2453//4354 2434//4354
f  2435//4355 2455//4355 2434//4355
f  2456//4356 2419//4356 2363//4356
f  2370//4357 2456//4357 2363//4357
f  2449//4358 2457//4358 2458//4358
f  2345//4359 2449//4359 2458//4359
f  2459//4360 2345//4360 2458//4360
f  2460//4361 2459//4361 2458//4361
f  2457//4362 2460//4362 2458//4362
f  2395//4363 2374//4363 2461//4363
f  2374//4364 2462//4364 2461//4364
f  2462//4365 2395//4365 2461//4365
f  2345//4366 2459//4366 2346//4366
f  2459//4367 2431//4367 2346//4367
f  2439//4368 2463//4368 2440//4368
f  2464//4369 2441//4369 2440//4369
f  2463//4370 2464//4370 2440//4370
f  2460//4371 2431//4371 2459//4371
f  2411//4372 2465//4372 2405//4372
f  2465//4373 2466//4373 2405//4373
f  2466//4374 2467//4374 2405//4374
f  2467//4375 2450//4375 2405//4375
f  2468//4376 2454//4376 2453//4376
f  2469//4377 2468//4377 2453//4377
f  2470//4378 2469//4378 2453//4378
f  2455//4379 2470//4379 2453//4379
f  2403//4380 2471//4380 2373//4380
f  2471//4381 2374//4381 2373//4381
f  2462//4382 2439//4382 2395//4382
f  2347//4383 2472//4383 2444//4383
f  2472//4384 2473//4384 2444//4384
f  2473//4385 2445//4385 2444//4385
f  2474//4386 2475//4386 2472//4386
f  2347//4387 2476//4387 2472//4387
f  2476//4388 2477//4388 2472//4388
f  2477//4389 2474//4389 2472//4389
f  2475//4390 2478//4390 2472//4390
f  2478//4391 2473//4391 2472//4391
f  2439//4392 2479//4392 2463//4392
f  2479//4393 2480//4393 2463//4393
f  2480//4394 2481//4394 2463//4394
f  2482//4395 2464//4395 2463//4395
f  2481//4396 2482//4396 2463//4396
f  2471//4397 2483//4397 2374//4397
f  2483//4398 2462//4398 2374//4398
f  2484//4399 2468//4399 2469//4399
f  2485//4400 2484//4400 2469//4400
f  2470//4401 2485//4401 2469//4401
f  2486//4402 2411//4402 2451//4402
f  2487//4403 2486//4403 2451//4403
f  2488//4404 2487//4404 2451//4404
f  2452//4405 2489//4405 2451//4405
f  2489//4406 2488//4406 2451//4406
f  2450//4407 2456//4407 2370//4407
f  2490//4408 2486//4408 2487//4408
f  2491//4409 2490//4409 2487//4409
f  2488//4410 2491//4410 2487//4410
f  2492//4411 2468//4411 2484//4411
f  2493//4412 2492//4412 2484//4412
f  2494//4413 2493//4413 2484//4413
f  2485//4414 2494//4414 2484//4414
f  2495//4415 2496//4415 2481//4415
f  2497//4416 2495//4416 2481//4416
f  2480//4417 2498//4417 2481//4417
f  2498//4418 2497//4418 2481//4418
f  2499//4419 2482//4419 2481//4419
f  2496//4420 2499//4420 2481//4420
f  2437//4421 2500//4421 2447//4421
f  2500//4422 2448//4422 2447//4422
f  2474//4423 2501//4423 2475//4423
f  2501//4424 2502//4424 2475//4424
f  2502//4425 2503//4425 2475//4425
f  2503//4426 2478//4426 2475//4426
f  2457//4427 2504//4427 2460//4427
f  2505//4428 2431//4428 2460//4428
f  2504//4429 2505//4429 2460//4429
f  2501//4430 2506//4430 2502//4430
f  2506//4431 2507//4431 2502//4431
f  2507//4432 2508//4432 2502//4432
f  2508//4433 2503//4433 2502//4433
f  2495//4434 2509//4434 2496//4434
f  2509//4435 2510//4435 2496//4435
f  2511//4436 2499//4436 2496//4436
f  2510//4437 2511//4437 2496//4437
f  2512//4438 2492//4438 2493//4438
f  2513//4439 2512//4439 2493//4439
f  2494//4440 2513//4440 2493//4440
f  2483//4441 2514//4441 2462//4441
f  2514//4442 2439//4442 2462//4442
f  2515//4443 2490//4443 2491//4443
f  2516//4444 2515//4444 2491//4444
f  2488//4445 2517//4445 2491//4445
f  2517//4446 2518//4446 2491//4446
f  2518//4447 2516//4447 2491//4447
f  2519//4448 2492//4448 2512//4448
f  2520//4449 2519//4449 2512//4449
f  2521//4450 2520//4450 2512//4450
f  2513//4451 2521//4451 2512//4451
f  2522//4452 2515//4452 2516//4452
f  2523//4453 2522//4453 2516//4453
f  2518//4454 2524//4454 2516//4454
f  2524//4455 2523//4455 2516//4455
f  2506//4456 2525//4456 2507//4456
f  2525//4457 2526//4457 2507//4457
f  2526//4458 2527//4458 2507//4458
f  2527//4459 2508//4459 2507//4459
f  2509//4460 2528//4460 2510//4460
f  2529//4461 2511//4461 2510//4461
f  2528//4462 2529//4462 2510//4462
f  2467//4463 2530//4463 2450//4463
f  2530//4464 2456//4464 2450//4464
f  2531//4465 2519//4465 2520//4465
f  2532//4466 2531//4466 2520//4466
f  2521//4467 2532//4467 2520//4467
f  2533//4468 2519//4468 2531//4468
f  2534//4469 2533//4469 2531//4469
f  2535//4470 2534//4470 2531//4470
f  2532//4471 2535//4471 2531//4471
f  2536//4472 2534//4472 2528//4472
f  2509//4473 2536//4473 2528//4473
f  2537//4474 2529//4474 2528//4474
f  2534//4475 2537//4475 2528//4475
f  2536//4476 2533//4476 2534//4476
f  2535//4477 2537//4477 2534//4477
f  2525//4478 2538//4478 2526//4478
f  2538//4479 2539//4479 2526//4479
f  2539//4480 2540//4480 2526//4480
f  2540//4481 2527//4481 2526//4481
f  2541//4482 2522//4482 2523//4482
f  2524//4483 2541//4483 2523//4483
f  2538//4484 2542//4484 2539//4484
f  2542//4485 2543//4485 2539//4485
f  2543//4486 2540//4486 2539//4486
f  2544//4487 2522//4487 2541//4487
f  2542//4488 2544//4488 2541//4488
f  2524//4489 2545//4489 2541//4489
f  2545//4490 2542//4490 2541//4490
f  2538//4491 2544//4491 2542//4491
f  2545//4492 2543//4492 2542//4492
f  2514//4493 2546//4493 2439//4493
f  2546//4494 2479//4494 2439//4494
f  2546//4495 2547//4495 2479//4495
f  2547//4496 2480//4496 2479//4496
f  2547//4497 2548//4497 2480//4497
f  2548//4498 2549//4498 2480//4498
f  2549//4499 2498//4499 2480//4499
f  2549//4500 2550//4500 2498//4500
f  2550//4501 2497//4501 2498//4501
f  2551//4502 2552//4502 2497//4502
f  2552//4503 2553//4503 2497//4503
f  2553//4504 2495//4504 2497//4504
f  2554//4505 2551//4505 2497//4505
f  2550//4506 2554//4506 2497//4506
f  2555//4507 2465//4507 2411//4507
f  2555//4508 2556//4508 2465//4508
f  2486//4509 2555//4509 2411//4509
f  2556//4510 2466//4510 2465//4510
f  2557//4511 2558//4511 2486//4511
f  2490//4512 2557//4512 2486//4512
f  2558//4513 2555//4513 2486//4513
f  2556//4514 2467//4514 2466//4514
f  2556//4515 2530//4515 2467//4515
f  2448//4516 2559//4516 2449//4516
f  2559//4517 2457//4517 2449//4517
f  2560//4518 2561//4518 2468//4518
f  2562//4519 2560//4519 2468//4519
f  2492//4520 2562//4520 2468//4520
f  2563//4521 2454//4521 2468//4521
f  2561//4522 2563//4522 2468//4522
f  2564//4523 2501//4523 2474//4523
f  2565//4524 2564//4524 2474//4524
f  2477//4525 2565//4525 2474//4525
f  2566//4526 2567//4526 2568//4526
f  2567//4527 2569//4527 2568//4527
f  2569//4528 2570//4528 2568//4528
f  2570//4529 2571//4529 2568//4529
f  2572//4530 2566//4530 2568//4530
f  2571//4531 2573//4531 2568//4531
f  2573//4532 2574//4532 2568//4532
f  2574//4533 2572//4533 2568//4533
f  2575//4534 2347//4534 2454//4534
f  2563//4535 2575//4535 2454//4535
f  2515//4536 2576//4536 2490//4536
f  2577//4537 2557//4537 2490//4537
f  2576//4538 2577//4538 2490//4538
f  2578//4539 2579//4539 2580//4539
f  2579//4540 2581//4540 2580//4540
f  2581//4541 2582//4541 2580//4541
f  2583//4542 2578//4542 2580//4542
f  2582//4543 2584//4543 2580//4543
f  2584//4544 2585//4544 2580//4544
f  2585//4545 2583//4545 2580//4545
f  2586//4546 2565//4546 2477//4546
f  2587//4547 2586//4547 2477//4547
f  2476//4548 2587//4548 2477//4548
f  2588//4549 2589//4549 2566//4549
f  2589//4550 2567//4550 2566//4550
f  2590//4551 2591//4551 2566//4551
f  2591//4552 2592//4552 2566//4552
f  2592//4553 2588//4553 2566//4553
f  2593//4554 2590//4554 2566//4554
f  2594//4555 2593//4555 2566//4555
f  2572//4556 2594//4556 2566//4556
f  2347//4557 2595//4557 2476//4557
f  2595//4558 2587//4558 2476//4558
f  2596//4559 2347//4559 2575//4559
f  2597//4560 2596//4560 2575//4560
f  2563//4561 2597//4561 2575//4561
f  2598//4562 2599//4562 2595//4562
f  2347//4563 2598//4563 2595//4563
f  2600//4564 2587//4564 2595//4564
f  2599//4565 2600//4565 2595//4565
f  2601//4566 2347//4566 2596//4566
f  2597//4567 2601//4567 2596//4567
f  2602//4568 2603//4568 2578//4568
f  2604//4569 2602//4569 2578//4569
f  2603//4570 2605//4570 2578//4570
f  2605//4571 2579//4571 2578//4571
f  2606//4572 2604//4572 2578//4572
f  2607//4573 2606//4573 2578//4573
f  2583//4574 2607//4574 2578//4574
f  2608//4575 2347//4575 2601//4575
f  2597//4576 2609//4576 2601//4576
f  2609//4577 2610//4577 2601//4577
f  2610//4578 2608//4578 2601//4578
f  2611//4579 2506//4579 2501//4579
f  2564//4580 2611//4580 2501//4580
f  2598//4581 2612//4581 2599//4581
f  2612//4582 2600//4582 2599//4582
f  2570//4583 2613//4583 2571//4583
f  2613//4584 2614//4584 2571//4584
f  2614//4585 2615//4585 2571//4585
f  2615//4586 2573//4586 2571//4586
f  2598//4587 2347//4587 2608//4587
f  2616//4588 2598//4588 2608//4588
f  2610//4589 2616//4589 2608//4589
f  2617//4590 2598//4590 2616//4590
f  2618//4591 2617//4591 2616//4591
f  2610//4592 2618//4592 2616//4592
f  2519//4593 2562//4593 2492//4593
f  2619//4594 2525//4594 2506//4594
f  2611//4595 2619//4595 2506//4595
f  2620//4596 2509//4596 2495//4596
f  2553//4597 2620//4597 2495//4597
f  2598//4598 2621//4598 2612//4598
f  2622//4599 2600//4599 2612//4599
f  2621//4600 2622//4600 2612//4600
f  2623//4601 2538//4601 2525//4601
f  2619//4602 2623//4602 2525//4602
f  2624//4603 2544//4603 2538//4603
f  2623//4604 2624//4604 2538//4604
f  2625//4605 2576//4605 2515//4605
f  2522//4606 2625//4606 2515//4606
f  2626//4607 2383//4607 2381//4607
f  2382//4608 2626//4608 2381//4608
f  2627//4609 2628//4609 2604//4609
f  2628//4610 2629//4610 2604//4610
f  2629//4611 2630//4611 2604//4611
f  2630//4612 2631//4612 2604//4612
f  2632//4613 2602//4613 2604//4613
f  2631//4614 2632//4614 2604//4614
f  2633//4615 2627//4615 2604//4615
f  2634//4616 2633//4616 2604//4616
f  2606//4617 2634//4617 2604//4617
f  2390//4618 2389//4618 2383//4618
f  2626//4619 2390//4619 2383//4619
f  2598//4620 2635//4620 2621//4620
f  2635//4621 2636//4621 2621//4621
f  2636//4622 2622//4622 2621//4622
f  2384//4623 2386//4623 2385//4623
f  2384//4624 2473//4624 2386//4624
f  2473//4625 2398//4625 2386//4625
f  2398//4626 2388//4626 2386//4626
f  2394//4627 2626//4627 2382//4627
f  2391//4628 2394//4628 2382//4628
f  2394//4629 2400//4629 2390//4629
f  2626//4630 2394//4630 2390//4630
f  2637//4631 2536//4631 2509//4631
f  2638//4632 2637//4632 2509//4632
f  2620//4633 2638//4633 2509//4633
f  2392//4634 2421//4634 2384//4634
f  2425//4635 2446//4635 2384//4635
f  2421//4636 2425//4636 2384//4636
f  2446//4637 2445//4637 2384//4637
f  2445//4638 2473//4638 2384//4638
f  2639//4639 2640//4639 2614//4639
f  2640//4640 2641//4640 2614//4640
f  2641//4641 2642//4641 2614//4641
f  2613//4642 2643//4642 2614//4642
f  2643//4643 2639//4643 2614//4643
f  2642//4644 2644//4644 2614//4644
f  2644//4645 2645//4645 2614//4645
f  2645//4646 2646//4646 2614//4646
f  2646//4647 2647//4647 2614//4647
f  2647//4648 2615//4648 2614//4648
f  2473//4649 2412//4649 2398//4649
f  2648//4650 2562//4650 2519//4650
f  2649//4651 2648//4651 2519//4651
f  2533//4652 2649//4652 2519//4652
f  2394//4653 2418//4653 2400//4653
f  2406//4654 2572//4654 2402//4654
f  2572//4655 2404//4655 2402//4655
f  2572//4656 2403//4656 2404//4656
f  2650//4657 2598//4657 2617//4657
f  2651//4658 2650//4658 2617//4658
f  2652//4659 2651//4659 2617//4659
f  2618//4660 2652//4660 2617//4660
f  2574//4661 2471//4661 2403//4661
f  2572//4662 2574//4662 2403//4662
f  2653//4663 2572//4663 2406//4663
f  2654//4664 2653//4664 2406//4664
f  2409//4665 2654//4665 2406//4665
f  2408//4666 2607//4666 2407//4666
f  2607//4667 2583//4667 2407//4667
f  2583//4668 2414//4668 2407//4668
f  2419//4669 2606//4669 2408//4669
f  2606//4670 2607//4670 2408//4670
f  2655//4671 2625//4671 2522//4671
f  2544//4672 2655//4672 2522//4672
f  2656//4673 2416//4673 2414//4673
f  2583//4674 2585//4674 2414//4674
f  2585//4675 2656//4675 2414//4675
f  2494//4676 2470//4676 2394//4676
f  2513//4677 2494//4677 2394//4677
f  2470//4678 2435//4678 2394//4678
f  2435//4679 2430//4679 2394//4679
f  2430//4680 2418//4680 2394//4680
f  2413//4681 2513//4681 2394//4681
f  2657//4682 2654//4682 2409//4682
f  2431//4683 2657//4683 2409//4683
f  2473//4684 2423//4684 2412//4684
f  2658//4685 2650//4685 2651//4685
f  2659//4686 2658//4686 2651//4686
f  2652//4687 2659//4687 2651//4687
f  2452//4688 2443//4688 2423//4688
f  2478//4689 2503//4689 2423//4689
f  2503//4690 2508//4690 2423//4690
f  2508//4691 2540//4691 2423//4691
f  2540//4692 2452//4692 2423//4692
f  2473//4693 2478//4693 2423//4693
f  2428//4694 2513//4694 2413//4694
f  2656//4695 2660//4695 2416//4695
f  2660//4696 2433//4696 2416//4696
f  2426//4697 2425//4697 2421//4697
f  2661//4698 2649//4698 2533//4698
f  2536//4699 2661//4699 2533//4699
f  2660//4700 2437//4700 2433//4700
f  2645//4701 2662//4701 2646//4701
f  2662//4702 2663//4702 2646//4702
f  2663//4703 2647//4703 2646//4703
f  2505//4704 2657//4704 2431//4704
f  2470//4705 2455//4705 2435//4705
f  2650//4706 2664//4706 2635//4706
f  2598//4707 2650//4707 2635//4707
f  2664//4708 2665//4708 2635//4708
f  2665//4709 2636//4709 2635//4709
f  2666//4710 2500//4710 2437//4710
f  2660//4711 2666//4711 2437//4711
f  2574//4712 2573//4712 2471//4712
f  2573//4713 2667//4713 2471//4713
f  2667//4714 2483//4714 2471//4714
f  2441//4715 2464//4715 2428//4715
f  2464//4716 2513//4716 2428//4716
f  2668//4717 2661//4717 2536//4717
f  2637//4718 2668//4718 2536//4718
f  2456//4719 2669//4719 2419//4719
f  2669//4720 2670//4720 2419//4720
f  2670//4721 2606//4721 2419//4721
f  2671//4722 2627//4722 2633//4722
f  2634//4723 2672//4723 2633//4723
f  2672//4724 2671//4724 2633//4724
f  2673//4725 2650//4725 2658//4725
f  2674//4726 2673//4726 2658//4726
f  2659//4727 2674//4727 2658//4727
f  2667//4728 2514//4728 2483//4728
f  2545//4729 2675//4729 2452//4729
f  2675//4730 2488//4730 2452//4730
f  2488//4731 2489//4731 2452//4731
f  2540//4732 2543//4732 2452//4732
f  2543//4733 2545//4733 2452//4733
f  2650//4734 2676//4734 2664//4734
f  2676//4735 2677//4735 2664//4735
f  2677//4736 2665//4736 2664//4736
f  2678//4737 2679//4737 2582//4737
f  2679//4738 2680//4738 2582//4738
f  2680//4739 2681//4739 2582//4739
f  2681//4740 2682//4740 2582//4740
f  2581//4741 2683//4741 2582//4741
f  2683//4742 2678//4742 2582//4742
f  2682//4743 2684//4743 2582//4743
f  2684//4744 2685//4744 2582//4744
f  2685//4745 2686//4745 2582//4745
f  2686//4746 2584//4746 2582//4746
f  2530//4747 2687//4747 2456//4747
f  2687//4748 2669//4748 2456//4748
f  2624//4749 2655//4749 2544//4749
f  2494//4750 2485//4750 2470//4750
f  2650//4751 2688//4751 2676//4751
f  2688//4752 2689//4752 2676//4752
f  2689//4753 2677//4753 2676//4753
f  2545//4754 2518//4754 2675//4754
f  2518//4755 2517//4755 2675//4755
f  2517//4756 2488//4756 2675//4756
f  2499//4757 2513//4757 2464//4757
f  2482//4758 2499//4758 2464//4758
f  2690//4759 2650//4759 2673//4759
f  2691//4760 2690//4760 2673//4760
f  2674//4761 2691//4761 2673//4761
f  2692//4762 2627//4762 2671//4762
f  2693//4763 2692//4763 2671//4763
f  2672//4764 2693//4764 2671//4764
f  2694//4765 2650//4765 2690//4765
f  2695//4766 2694//4766 2690//4766
f  2696//4767 2695//4767 2690//4767
f  2697//4768 2696//4768 2690//4768
f  2691//4769 2697//4769 2690//4769
f  2650//4770 2698//4770 2688//4770
f  2698//4771 2689//4771 2688//4771
f  2699//4772 2700//4772 2662//4772
f  2701//4773 2699//4773 2662//4773
f  2645//4774 2701//4774 2662//4774
f  2700//4775 2702//4775 2662//4775
f  2702//4776 2663//4776 2662//4776
f  2511//4777 2703//4777 2499//4777
f  2703//4778 2513//4778 2499//4778
f  2650//4779 2704//4779 2698//4779
f  2704//4780 2705//4780 2698//4780
f  2705//4781 2689//4781 2698//4781
f  2703//4782 2521//4782 2513//4782
f  2545//4783 2524//4783 2518//4783
f  2703//4784 2532//4784 2521//4784
f  2511//4785 2529//4785 2703//4785
f  2535//4786 2532//4786 2703//4786
f  2529//4787 2535//4787 2703//4787
f  2527//4788 2540//4788 2508//4788
f  2706//4789 2694//4789 2695//4789
f  2696//4790 2706//4790 2695//4790
f  2694//4791 2707//4791 2704//4791
f  2650//4792 2694//4792 2704//4792
f  2707//4793 2708//4793 2704//4793
f  2708//4794 2705//4794 2704//4794
f  2709//4795 2694//4795 2706//4795
f  2710//4796 2709//4796 2706//4796
f  2696//4797 2710//4797 2706//4797
f  2529//4798 2537//4798 2535//4798
f  2711//4799 2712//4799 2590//4799
f  2712//4800 2591//4800 2590//4800
f  2713//4801 2711//4801 2590//4801
f  2714//4802 2713//4802 2590//4802
f  2715//4803 2714//4803 2590//4803
f  2593//4804 2715//4804 2590//4804
f  2716//4805 2717//4805 2709//4805
f  2717//4806 2694//4806 2709//4806
f  2718//4807 2716//4807 2709//4807
f  2710//4808 2718//4808 2709//4808
f  2667//4809 2546//4809 2514//4809
f  2667//4810 2547//4810 2546//4810
f  2694//4811 2719//4811 2707//4811
f  2719//4812 2720//4812 2707//4812
f  2720//4813 2721//4813 2707//4813
f  2721//4814 2708//4814 2707//4814
f  2667//4815 2548//4815 2547//4815
f  2722//4816 2723//4816 2720//4816
f  2719//4817 2722//4817 2720//4817
f  2723//4818 2724//4818 2720//4818
f  2724//4819 2721//4819 2720//4819
f  2725//4820 2717//4820 2716//4820
f  2726//4821 2725//4821 2716//4821
f  2718//4822 2726//4822 2716//4822
f  2667//4823 2549//4823 2548//4823
f  2667//4824 2550//4824 2549//4824
f  2727//4825 2728//4825 2559//4825
f  2448//4826 2727//4826 2559//4826
f  2728//4827 2729//4827 2559//4827
f  2729//4828 2457//4828 2559//4828
f  2730//4829 2727//4829 2448//4829
f  2731//4830 2730//4830 2448//4830
f  2500//4831 2731//4831 2448//4831
f  2732//4832 2554//4832 2550//4832
f  2667//4833 2732//4833 2550//4833
f  2733//4834 2717//4834 2725//4834
f  2734//4835 2733//4835 2725//4835
f  2735//4836 2734//4836 2725//4836
f  2726//4837 2735//4837 2725//4837
f  2732//4838 2551//4838 2554//4838
f  2732//4839 2552//4839 2551//4839
f  2722//4840 2736//4840 2723//4840
f  2736//4841 2737//4841 2723//4841
f  2737//4842 2724//4842 2723//4842
f  2722//4843 2738//4843 2736//4843
f  2738//4844 2739//4844 2736//4844
f  2739//4845 2737//4845 2736//4845
f  2740//4846 2556//4846 2555//4846
f  2558//4847 2740//4847 2555//4847
f  2740//4848 2530//4848 2556//4848
f  2557//4849 2530//4849 2558//4849
f  2530//4850 2740//4850 2558//4850
f  2557//4851 2687//4851 2530//4851
f  2741//4852 2570//4852 2569//4852
f  2742//4853 2741//4853 2569//4853
f  2567//4854 2742//4854 2569//4854
f  2743//4855 2613//4855 2570//4855
f  2741//4856 2743//4856 2570//4856
f  2743//4857 2744//4857 2613//4857
f  2744//4858 2643//4858 2613//4858
f  2729//4859 2745//4859 2457//4859
f  2745//4860 2504//4860 2457//4860
f  2589//4861 2746//4861 2567//4861
f  2747//4862 2742//4862 2567//4862
f  2746//4863 2747//4863 2567//4863
f  2744//4864 2639//4864 2643//4864
f  2748//4865 2605//4865 2603//4865
f  2749//4866 2748//4866 2603//4866
f  2602//4867 2749//4867 2603//4867
f  2750//4868 2579//4868 2605//4868
f  2748//4869 2750//4869 2605//4869
f  2751//4870 2746//4870 2589//4870
f  2588//4871 2751//4871 2589//4871
f  2752//4872 2581//4872 2579//4872
f  2750//4873 2752//4873 2579//4873
f  2732//4874 2553//4874 2552//4874
f  2753//4875 2749//4875 2602//4875
f  2632//4876 2753//4876 2602//4876
f  2754//4877 2640//4877 2639//4877
f  2744//4878 2754//4878 2639//4878
f  2755//4879 2553//4879 2732//4879
f  2756//4880 2755//4880 2732//4880
f  2667//4881 2756//4881 2732//4881
f  2757//4882 2683//4882 2581//4882
f  2752//4883 2757//4883 2581//4883
f  2758//4884 2561//4884 2560//4884
f  2562//4885 2758//4885 2560//4885
f  2758//4886 2563//4886 2561//4886
f  2755//4887 2620//4887 2553//4887
f  2737//4888 2564//4888 2565//4888
f  2586//4889 2737//4889 2565//4889
f  2759//4890 2753//4890 2632//4890
f  2631//4891 2759//4891 2632//4891
f  2760//4892 2717//4892 2733//4892
f  2758//4893 2760//4893 2733//4893
f  2734//4894 2758//4894 2733//4894
f  2577//4895 2687//4895 2557//4895
f  2653//4896 2594//4896 2572//4896
f  2761//4897 2678//4897 2683//4897
f  2757//4898 2761//4898 2683//4898
f  2577//4899 2762//4899 2687//4899
f  2763//4900 2669//4900 2687//4900
f  2762//4901 2763//4901 2687//4901
f  2758//4902 2597//4902 2563//4902
f  2630//4903 2759//4903 2631//4903
f  2576//4904 2762//4904 2577//4904
f  2592//4905 2751//4905 2588//4905
f  2587//4906 2600//4906 2586//4906
f  2600//4907 2737//4907 2586//4907
f  2764//4908 2728//4908 2727//4908
f  2730//4909 2764//4909 2727//4909
f  2765//4910 2679//4910 2678//4910
f  2761//4911 2765//4911 2678//4911
f  2591//4912 2766//4912 2592//4912
f  2766//4913 2751//4913 2592//4913
f  2758//4914 2609//4914 2597//4914
f  2758//4915 2610//4915 2609//4915
f  2767//4916 2641//4916 2640//4916
f  2754//4917 2767//4917 2640//4917
f  2739//4918 2611//4918 2564//4918
f  2737//4919 2739//4919 2564//4919
f  2768//4920 2642//4920 2641//4920
f  2767//4921 2768//4921 2641//4921
f  2636//4922 2737//4922 2600//4922
f  2622//4923 2636//4923 2600//4923
f  2769//4924 2770//4924 2657//4924
f  2770//4925 2771//4925 2657//4925
f  2771//4926 2772//4926 2657//4926
f  2772//4927 2773//4927 2657//4927
f  2773//4928 2654//4928 2657//4928
f  2505//4929 2504//4929 2657//4929
f  2504//4930 2774//4930 2657//4930
f  2775//4931 2769//4931 2657//4931
f  2774//4932 2775//4932 2657//4932
f  2715//4933 2653//4933 2654//4933
f  2773//4934 2776//4934 2654//4934
f  2776//4935 2715//4935 2654//4935
f  2715//4936 2593//4936 2653//4936
f  2593//4937 2594//4937 2653//4937
f  2667//4938 2573//4938 2777//4938
f  2573//4939 2615//4939 2777//4939
f  2615//4940 2667//4940 2777//4940
f  2702//4941 2756//4941 2667//4941
f  2663//4942 2702//4942 2667//4942
f  2615//4943 2647//4943 2667//4943
f  2647//4944 2663//4944 2667//4944
f  2702//4945 2755//4945 2756//4945
f  2778//4946 2692//4946 2693//4946
f  2779//4947 2778//4947 2693//4947
f  2780//4948 2779//4948 2693//4948
f  2672//4949 2780//4949 2693//4949
f  2699//4950 2781//4950 2700//4950
f  2781//4951 2782//4951 2700//4951
f  2782//4952 2702//4952 2700//4952
f  2765//4953 2783//4953 2679//4953
f  2783//4954 2680//4954 2679//4954
f  2784//4955 2620//4955 2755//4955
f  2785//4956 2786//4956 2755//4956
f  2787//4957 2785//4957 2755//4957
f  2788//4958 2787//4958 2755//4958
f  2782//4959 2788//4959 2755//4959
f  2702//4960 2782//4960 2755//4960
f  2786//4961 2789//4961 2755//4961
f  2789//4962 2790//4962 2755//4962
f  2790//4963 2784//4963 2755//4963
f  2791//4964 2792//4964 2666//4964
f  2792//4965 2793//4965 2666//4965
f  2793//4966 2794//4966 2666//4966
f  2795//4967 2796//4967 2666//4967
f  2794//4968 2795//4968 2666//4968
f  2796//4969 2797//4969 2666//4969
f  2797//4970 2798//4970 2666//4970
f  2798//4971 2799//4971 2666//4971
f  2799//4972 2730//4972 2666//4972
f  2730//4973 2731//4973 2666//4973
f  2731//4974 2500//4974 2666//4974
f  2800//4975 2801//4975 2666//4975
f  2660//4976 2802//4976 2666//4976
f  2802//4977 2800//4977 2666//4977
f  2801//4978 2803//4978 2666//4978
f  2803//4979 2804//4979 2666//4979
f  2804//4980 2791//4980 2666//4980
f  2656//4981 2584//4981 2660//4981
f  2584//4982 2686//4982 2660//4982
f  2686//4983 2802//4983 2660//4983
f  2585//4984 2584//4984 2656//4984
f  2634//4985 2606//4985 2670//4985
f  2669//4986 2634//4986 2670//4986
f  2763//4987 2672//4987 2669//4987
f  2672//4988 2634//4988 2669//4988
f  2805//4989 2780//4989 2763//4989
f  2780//4990 2672//4990 2763//4990
f  2762//4991 2805//4991 2763//4991
f  2699//4992 2806//4992 2781//4992
f  2788//4993 2782//4993 2781//4993
f  2807//4994 2788//4994 2781//4994
f  2806//4995 2807//4995 2781//4995
f  2808//4996 2759//4996 2630//4996
f  2809//4997 2808//4997 2630//4997
f  2629//4998 2809//4998 2630//4998
f  2745//4999 2774//4999 2504//4999
f  2810//5000 2717//5000 2760//5000
f  2811//5001 2810//5001 2760//5001
f  2812//5002 2811//5002 2760//5002
f  2758//5003 2812//5003 2760//5003
f  2576//5004 2805//5004 2762//5004
f  2652//5005 2618//5005 2610//5005
f  2734//5006 2652//5006 2610//5006
f  2758//5007 2734//5007 2610//5007
f  2648//5008 2758//5008 2562//5008
f  2813//5009 2809//5009 2629//5009
f  2628//5010 2813//5010 2629//5010
f  2783//5011 2814//5011 2680//5011
f  2814//5012 2681//5012 2680//5012
f  2739//5013 2619//5013 2611//5013
f  2815//5014 2766//5014 2591//5014
f  2712//5015 2815//5015 2591//5015
f  2784//5016 2816//5016 2620//5016
f  2816//5017 2638//5017 2620//5017
f  2817//5018 2778//5018 2779//5018
f  2818//5019 2819//5019 2779//5019
f  2819//5020 2817//5020 2779//5020
f  2780//5021 2818//5021 2779//5021
f  2739//5022 2623//5022 2619//5022
f  2739//5023 2624//5023 2623//5023
f  2722//5024 2820//5024 2738//5024
f  2820//5025 2821//5025 2738//5025
f  2821//5026 2739//5026 2738//5026
f  2822//5027 2682//5027 2681//5027
f  2814//5028 2822//5028 2681//5028
f  2823//5029 2824//5029 2576//5029
f  2824//5030 2825//5030 2576//5030
f  2825//5031 2826//5031 2576//5031
f  2827//5032 2823//5032 2576//5032
f  2625//5033 2827//5033 2576//5033
f  2826//5034 2805//5034 2576//5034
f  2828//5035 2810//5035 2811//5035
f  2812//5036 2828//5036 2811//5036
f  2828//5037 2829//5037 2810//5037
f  2829//5038 2830//5038 2810//5038
f  2830//5039 2831//5039 2810//5039
f  2831//5040 2717//5040 2810//5040
f  2816//5041 2832//5041 2638//5041
f  2832//5042 2637//5042 2638//5042
f  2684//5043 2833//5043 2685//5043
f  2833//5044 2802//5044 2685//5044
f  2802//5045 2686//5045 2685//5045
f  2699//5046 2834//5046 2806//5046
f  2834//5047 2807//5047 2806//5047
f  2649//5048 2758//5048 2648//5048
f  2835//5049 2836//5049 2834//5049
f  2699//5050 2835//5050 2834//5050
f  2836//5051 2787//5051 2834//5051
f  2787//5052 2807//5052 2834//5052
f  2661//5053 2812//5053 2649//5053
f  2812//5054 2758//5054 2649//5054
f  2674//5055 2659//5055 2652//5055
f  2837//5056 2674//5056 2652//5056
f  2734//5057 2837//5057 2652//5057
f  2820//5058 2722//5058 2838//5058
f  2839//5059 2840//5059 2838//5059
f  2840//5060 2841//5060 2838//5060
f  2841//5061 2820//5061 2838//5061
f  2842//5062 2839//5062 2838//5062
f  2843//5063 2842//5063 2838//5063
f  2722//5064 2843//5064 2838//5064
f  2844//5065 2827//5065 2625//5065
f  2655//5066 2844//5066 2625//5066
f  2627//5067 2813//5067 2628//5067
f  2832//5068 2668//5068 2637//5068
f  2845//5069 2829//5069 2828//5069
f  2812//5070 2846//5070 2828//5070
f  2846//5071 2845//5071 2828//5071
f  2847//5072 2644//5072 2642//5072
f  2848//5073 2847//5073 2642//5073
f  2768//5074 2848//5074 2642//5074
f  2841//5075 2849//5075 2820//5075
f  2849//5076 2821//5076 2820//5076
f  2821//5077 2655//5077 2624//5077
f  2739//5078 2821//5078 2624//5078
f  2692//5079 2850//5079 2627//5079
f  2851//5080 2813//5080 2627//5080
f  2850//5081 2851//5081 2627//5081
f  2852//5082 2645//5082 2644//5082
f  2853//5083 2852//5083 2644//5083
f  2847//5084 2853//5084 2644//5084
f  2668//5085 2846//5085 2661//5085
f  2846//5086 2812//5086 2661//5086
f  2854//5087 2855//5087 2856//5087
f  2816//5088 2790//5088 2856//5088
f  2790//5089 2854//5089 2856//5089
f  2857//5090 2816//5090 2856//5090
f  2855//5091 2857//5091 2856//5091
f  2858//5092 2855//5092 2854//5092
f  2790//5093 2858//5093 2854//5093
f  2858//5094 2835//5094 2855//5094
f  2835//5095 2859//5095 2855//5095
f  2859//5096 2857//5096 2855//5096
f  2860//5097 2835//5097 2858//5097
f  2789//5098 2860//5098 2858//5098
f  2790//5099 2789//5099 2858//5099
f  2835//5100 2861//5100 2859//5100
f  2861//5101 2862//5101 2859//5101
f  2862//5102 2857//5102 2859//5102
f  2863//5103 2835//5103 2860//5103
f  2786//5104 2863//5104 2860//5104
f  2789//5105 2786//5105 2860//5105
f  2835//5106 2863//5106 2836//5106
f  2785//5107 2787//5107 2836//5107
f  2863//5108 2785//5108 2836//5108
f  2864//5109 2862//5109 2861//5109
f  2835//5110 2865//5110 2861//5110
f  2865//5111 2864//5111 2861//5111
f  2786//5112 2785//5112 2863//5112
f  2835//5113 2866//5113 2865//5113
f  2867//5114 2864//5114 2865//5114
f  2866//5115 2867//5115 2865//5115
f  2868//5116 2778//5116 2817//5116
f  2819//5117 2868//5117 2817//5117
f  2728//5118 2869//5118 2729//5118
f  2870//5119 2745//5119 2729//5119
f  2871//5120 2870//5120 2729//5120
f  2869//5121 2871//5121 2729//5121
f  2665//5122 2872//5122 2636//5122
f  2872//5123 2737//5123 2636//5123
f  2873//5124 2728//5124 2764//5124
f  2730//5125 2873//5125 2764//5125
f  2874//5126 2778//5126 2868//5126
f  2875//5127 2874//5127 2868//5127
f  2876//5128 2875//5128 2868//5128
f  2819//5129 2876//5129 2868//5129
f  2877//5130 2878//5130 2668//5130
f  2878//5131 2846//5131 2668//5131
f  2879//5132 2880//5132 2668//5132
f  2880//5133 2881//5133 2668//5133
f  2881//5134 2877//5134 2668//5134
f  2832//5135 2882//5135 2668//5135
f  2882//5136 2883//5136 2668//5136
f  2883//5137 2884//5137 2668//5137
f  2884//5138 2879//5138 2668//5138
f  2677//5139 2872//5139 2665//5139
f  2697//5140 2691//5140 2674//5140
f  2837//5141 2697//5141 2674//5141
f  2790//5142 2816//5142 2784//5142
f  2840//5143 2849//5143 2841//5143
f  2692//5144 2885//5144 2850//5144
f  2886//5145 2851//5145 2850//5145
f  2885//5146 2886//5146 2850//5146
f  2887//5147 2874//5147 2875//5147
f  2888//5148 2826//5148 2875//5148
f  2826//5149 2887//5149 2875//5149
f  2889//5150 2888//5150 2875//5150
f  2876//5151 2889//5151 2875//5151
f  2874//5152 2890//5152 2891//5152
f  2892//5153 2874//5153 2891//5153
f  2890//5154 2824//5154 2891//5154
f  2824//5155 2823//5155 2891//5155
f  2823//5156 2892//5156 2891//5156
f  2874//5157 2893//5157 2890//5157
f  2893//5158 2825//5158 2890//5158
f  2825//5159 2824//5159 2890//5159
f  2894//5160 2874//5160 2892//5160
f  2844//5161 2894//5161 2892//5161
f  2827//5162 2844//5162 2892//5162
f  2823//5163 2827//5163 2892//5163
f  2874//5164 2887//5164 2893//5164
f  2887//5165 2826//5165 2893//5165
f  2826//5166 2825//5166 2893//5166
f  2839//5167 2849//5167 2840//5167
f  2821//5168 2849//5168 2655//5168
f  2849//5169 2895//5169 2655//5169
f  2895//5170 2896//5170 2655//5170
f  2896//5171 2897//5171 2655//5171
f  2898//5172 2844//5172 2655//5172
f  2897//5173 2898//5173 2655//5173
f  2899//5174 2713//5174 2714//5174
f  2900//5175 2899//5175 2714//5175
f  2776//5176 2900//5176 2714//5176
f  2715//5177 2776//5177 2714//5177
f  2734//5178 2735//5178 2837//5178
f  2735//5179 2726//5179 2837//5179
f  2726//5180 2718//5180 2837//5180
f  2718//5181 2710//5181 2837//5181
f  2710//5182 2696//5182 2837//5182
f  2696//5183 2697//5183 2837//5183
f  2689//5184 2705//5184 2677//5184
f  2705//5185 2872//5185 2677//5185
f  2889//5186 2819//5186 2805//5186
f  2888//5187 2889//5187 2805//5187
f  2826//5188 2888//5188 2805//5188
f  2819//5189 2818//5189 2805//5189
f  2818//5190 2780//5190 2805//5190
f  2901//5191 2829//5191 2845//5191
f  2846//5192 2901//5192 2845//5192
f  2692//5193 2902//5193 2885//5193
f  2902//5194 2886//5194 2885//5194
f  2705//5195 2721//5195 2872//5195
f  2721//5196 2724//5196 2872//5196
f  2724//5197 2737//5197 2872//5197
f  2903//5198 2904//5198 2684//5198
f  2904//5199 2905//5199 2684//5199
f  2905//5200 2906//5200 2684//5200
f  2682//5201 2903//5201 2684//5201
f  2906//5202 2907//5202 2684//5202
f  2907//5203 2833//5203 2684//5203
f  2822//5204 2908//5204 2682//5204
f  2908//5205 2903//5205 2682//5205
f  2778//5206 2909//5206 2692//5206
f  2909//5207 2910//5207 2692//5207
f  2910//5208 2902//5208 2692//5208
f  2874//5209 2911//5209 2778//5209
f  2911//5210 2912//5210 2778//5210
f  2912//5211 2909//5211 2778//5211
f  2910//5212 2886//5212 2902//5212
f  2913//5213 2728//5213 2873//5213
f  2730//5214 2799//5214 2873//5214
f  2799//5215 2913//5215 2873//5215
f  2909//5216 2914//5216 2910//5216
f  2914//5217 2915//5217 2910//5217
f  2915//5218 2886//5218 2910//5218
f  2814//5219 2908//5219 2822//5219
f  2916//5220 2815//5220 2712//5220
f  2711//5221 2916//5221 2712//5221
f  2917//5222 2645//5222 2852//5222
f  2918//5223 2917//5223 2852//5223
f  2853//5224 2918//5224 2852//5224
f  2907//5225 2800//5225 2833//5225
f  2800//5226 2802//5226 2833//5226
f  2842//5227 2919//5227 2839//5227
f  2895//5228 2849//5228 2839//5228
f  2919//5229 2895//5229 2839//5229
f  2842//5230 2911//5230 2874//5230
f  2894//5231 2842//5231 2874//5231
f  2920//5232 2829//5232 2901//5232
f  2877//5233 2920//5233 2901//5233
f  2878//5234 2877//5234 2901//5234
f  2846//5235 2878//5235 2901//5235
f  2921//5236 2645//5236 2917//5236
f  2918//5237 2921//5237 2917//5237
f  2708//5238 2721//5238 2705//5238
f  2728//5239 2922//5239 2869//5239
f  2923//5240 2871//5240 2869//5240
f  2922//5241 2923//5241 2869//5241
f  2924//5242 2728//5242 2913//5242
f  2925//5243 2924//5243 2913//5243
f  2799//5244 2925//5244 2913//5244
f  2842//5245 2926//5245 2919//5245
f  2896//5246 2895//5246 2919//5246
f  2926//5247 2896//5247 2919//5247
f  2927//5248 2829//5248 2920//5248
f  2877//5249 2927//5249 2920//5249
f  2829//5250 2928//5250 2866//5250
f  2835//5251 2829//5251 2866//5251
f  2879//5252 2867//5252 2866//5252
f  2928//5253 2879//5253 2866//5253
f  2924//5254 2929//5254 2922//5254
f  2728//5255 2924//5255 2922//5255
f  2930//5256 2923//5256 2922//5256
f  2929//5257 2930//5257 2922//5257
f  2829//5258 2931//5258 2928//5258
f  2880//5259 2879//5259 2928//5259
f  2931//5260 2880//5260 2928//5260
f  2932//5261 2829//5261 2927//5261
f  2881//5262 2932//5262 2927//5262
f  2877//5263 2881//5263 2927//5263
f  2931//5264 2829//5264 2932//5264
f  2880//5265 2931//5265 2932//5265
f  2881//5266 2880//5266 2932//5266
f  2933//5267 2899//5267 2900//5267
f  2773//5268 2933//5268 2900//5268
f  2776//5269 2773//5269 2900//5269
f  2914//5270 2934//5270 2915//5270
f  2934//5271 2935//5271 2915//5271
f  2935//5272 2886//5272 2915//5272
f  2842//5273 2936//5273 2926//5273
f  2897//5274 2896//5274 2926//5274
f  2937//5275 2897//5275 2926//5275
f  2936//5276 2937//5276 2926//5276
f  2906//5277 2938//5277 2907//5277
f  2938//5278 2800//5278 2907//5278
f  2939//5279 2842//5279 2894//5279
f  2898//5280 2939//5280 2894//5280
f  2844//5281 2898//5281 2894//5281
f  2914//5282 2940//5282 2934//5282
f  2940//5283 2941//5283 2934//5283
f  2941//5284 2935//5284 2934//5284
f  2936//5285 2842//5285 2939//5285
f  2898//5286 2936//5286 2939//5286
f  2742//5287 2743//5287 2741//5287
f  2898//5288 2937//5288 2936//5288
f  2942//5289 2924//5289 2925//5289
f  2798//5290 2942//5290 2925//5290
f  2799//5291 2798//5291 2925//5291
f  2943//5292 2744//5292 2743//5292
f  2742//5293 2943//5293 2743//5293
f  2747//5294 2943//5294 2742//5294
f  2746//5295 2751//5295 2747//5295
f  2751//5296 2943//5296 2747//5296
f  2944//5297 2645//5297 2921//5297
f  2945//5298 2944//5298 2921//5298
f  2946//5299 2945//5299 2921//5299
f  2918//5300 2946//5300 2921//5300
f  2749//5301 2750//5301 2748//5301
f  2832//5 2816//5 2857//5
f  2862//5302 2832//5302 2857//5302
f  2947//5303 2832//5303 2862//5303
f  2883//5304 2947//5304 2862//5304
f  2864//5305 2883//5305 2862//5305
f  2867//5306 2883//5306 2864//5306
f  2884//5307 2883//5307 2867//5307
f  2879//5308 2884//5308 2867//5308
f  2749//5309 2948//5309 2750//5309
f  2948//5310 2752//5310 2750//5310
f  2943//5311 2754//5311 2744//5311
f  2949//5312 2948//5312 2749//5312
f  2753//5313 2950//5313 2749//5313
f  2950//5314 2951//5314 2749//5314
f  2951//5315 2952//5315 2749//5315
f  2952//5316 2949//5316 2749//5316
f  2768//5317 2767//5317 2754//5317
f  2953//5318 2768//5318 2754//5318
f  2954//5319 2953//5319 2754//5319
f  2955//5320 2954//5320 2754//5320
f  2943//5321 2955//5321 2754//5321
f  2948//5322 2757//5322 2752//5322
f  2765//5323 2761//5323 2757//5323
f  2948//5324 2765//5324 2757//5324
f  2914//5325 2956//5325 2940//5325
f  2951//5326 2941//5326 2940//5326
f  2956//5327 2951//5327 2940//5327
f  2924//5328 2957//5328 2929//5328
f  2958//5329 2930//5329 2929//5329
f  2957//5330 2958//5330 2929//5330
f  2959//5331 2924//5331 2942//5331
f  2960//5332 2959//5332 2942//5332
f  2797//5333 2960//5333 2942//5333
f  2798//5334 2797//5334 2942//5334
f  2759//5335 2950//5335 2753//5335
f  2961//5336 2899//5336 2933//5336
f  2773//5337 2772//5337 2933//5337
f  2772//5338 2961//5338 2933//5338
f  2962//5339 2963//5339 2957//5339
f  2924//5340 2962//5340 2957//5340
f  2963//5341 2958//5341 2957//5341
f  2808//5342 2950//5342 2759//5342
f  2766//5343 2943//5343 2751//5343
f  2962//5344 2964//5344 2963//5344
f  2965//5345 2958//5345 2963//5345
f  2964//5346 2965//5346 2963//5346
f  2966//5347 2899//5347 2961//5347
f  2772//5348 2966//5348 2961//5348
f  2906//5349 2967//5349 2938//5349
f  2967//5350 2801//5350 2938//5350
f  2801//5351 2800//5351 2938//5351
f  2713//5352 2968//5352 2711//5352
f  2968//5353 2916//5353 2711//5353
f  2948//5354 2783//5354 2765//5354
f  2906//5355 2969//5355 2967//5355
f  2969//5356 2970//5356 2967//5356
f  2970//5357 2801//5357 2967//5357
f  2971//5358 2959//5358 2960//5358
f  2972//5359 2971//5359 2960//5359
f  2796//5360 2972//5360 2960//5360
f  2797//5361 2796//5361 2960//5361
f  2814//5362 2973//5362 2908//5362
f  2973//5363 2903//5363 2908//5363
f  2974//5364 2971//5364 2972//5364
f  2796//5365 2974//5365 2972//5365
f  2973//5366 2904//5366 2903//5366
f  2847//5367 2848//5367 2768//5367
f  2975//5368 2847//5368 2768//5368
f  2953//5369 2975//5369 2768//5369
f  2948//5370 2814//5370 2783//5370
f  2809//5371 2950//5371 2808//5371
f  2962//5372 2976//5372 2964//5372
f  2977//5373 2965//5373 2964//5373
f  2976//5374 2977//5374 2964//5374
f  2978//5375 2971//5375 2974//5375
f  2796//5376 2795//5376 2974//5376
f  2795//5377 2978//5377 2974//5377
f  2815//5378 2943//5378 2766//5378
f  2813//5379 2950//5379 2809//5379
f  2886//5380 2935//5380 2950//5380
f  2813//5381 2886//5381 2950//5381
f  2935//5382 2941//5382 2950//5382
f  2941//5383 2951//5383 2950//5383
f  2807//5384 2787//5384 2788//5384
f  2979//5385 2899//5385 2966//5385
f  2770//5386 2979//5386 2966//5386
f  2771//5387 2770//5387 2966//5387
f  2772//5388 2771//5388 2966//5388
f  2980//5389 2899//5389 2979//5389
f  2981//5390 2980//5390 2979//5390
f  2769//5391 2981//5391 2979//5391
f  2770//5392 2769//5392 2979//5392
f  2906//5393 2982//5393 2969//5393
f  2982//5394 2803//5394 2969//5394
f  2803//5395 2970//5395 2969//5395
f  2983//5396 2984//5396 2982//5396
f  2906//5397 2983//5397 2982//5397
f  2984//5398 2803//5398 2982//5398
f  2962//5399 2985//5399 2976//5399
f  2986//5400 2977//5400 2976//5400
f  2985//5401 2986//5401 2976//5401
f  2983//5402 2987//5402 2984//5402
f  2987//5403 2791//5403 2984//5403
f  2791//5404 2804//5404 2984//5404
f  2804//5405 2803//5405 2984//5405
f  2948//5406 2973//5406 2814//5406
f  2988//5407 2980//5407 2981//5407
f  2775//5408 2988//5408 2981//5408
f  2769//5409 2775//5409 2981//5409
f  2962//5410 2989//5410 2985//5410
f  2990//5411 2986//5411 2985//5411
f  2989//5412 2990//5412 2985//5412
f  2991//5413 2971//5413 2978//5413
f  2795//5414 2992//5414 2978//5414
f  2992//5415 2991//5415 2978//5415
f  2983//5416 2971//5416 2991//5416
f  2993//5417 2983//5417 2991//5417
f  2992//5418 2794//5418 2991//5418
f  2794//5419 2793//5419 2991//5419
f  2793//5420 2993//5420 2991//5420
f  2989//5421 2980//5421 2988//5421
f  2994//5422 2989//5422 2988//5422
f  2775//5423 2994//5423 2988//5423
f  2962//5424 2980//5424 2989//5424
f  2994//5425 2990//5425 2989//5425
f  2983//5426 2993//5426 2987//5426
f  2993//5427 2792//5427 2987//5427
f  2792//5428 2791//5428 2987//5428
f  2851//5429 2886//5429 2813//5429
f  2793//5430 2792//5430 2993//5430
f  2975//5431 2853//5431 2847//5431
f  2953//5432 2945//5432 2975//5432
f  2945//5433 2946//5433 2975//5433
f  2946//5434 2918//5434 2975//5434
f  2918//5435 2853//5435 2975//5435
f  2914//5436 2995//5436 2956//5436
f  2952//5437 2951//5437 2956//5437
f  2995//5438 2952//5438 2956//5438
f  2947//5439 2882//5439 2832//5439
f  2883//5440 2882//5440 2947//5440
f  2889//5441 2876//5441 2819//5441
f  2996//5442 2980//5442 2962//5442
f  2924//5443 2996//5443 2962//5443
f  2997//5444 2899//5444 2980//5444
f  2996//5445 2997//5445 2980//5445
f  2998//5446 2713//5446 2899//5446
f  2997//5447 2998//5447 2899//5447
f  2999//5448 3000//5448 2713//5448
f  3000//5449 3001//5449 2713//5449
f  3001//5450 2968//5450 2713//5450
f  3002//5451 2999//5451 2713//5451
f  2998//5452 3002//5452 2713//5452
f  2944//5453 3003//5453 2645//5453
f  3004//5454 2701//5454 2645//5454
f  3003//5455 3004//5455 2645//5455
f  3005//5456 2699//5456 2701//5456
f  3004//5454 3005//5454 2701//5454
f  3006//5457 2835//5457 2699//5457
f  3007//5458 3006//5458 2699//5458
f  3005//5459 3007//5459 2699//5459
f  2870//5460 2774//5460 2745//5460
f  2945//5461 2953//5461 2944//5461
f  2953//5462 3003//5462 2944//5462
f  3001//5463 3008//5463 2968//5463
f  3008//5464 2916//5464 2968//5464
f  3009//5465 2905//5465 2904//5465
f  2973//5466 3009//5466 2904//5466
f  2871//5467 2774//5467 2870//5467
f  3010//5468 3004//5468 3003//5468
f  3011//5469 3010//5469 3003//5469
f  2953//5470 3011//5470 3003//5470
f  2916//5471 3012//5471 2815//5471
f  3012//5472 2943//5472 2815//5472
f  2923//5473 2774//5473 2871//5473
f  3013//5474 3010//5474 3011//5474
f  2953//5475 3013//5475 3011//5475
f  2717//5476 2719//5476 2694//5476
f  3014//5477 2722//5477 2719//5477
f  2717//5478 3015//5478 2719//5478
f  3015//5479 3014//5479 2719//5479
f  3006//5480 2829//5480 2835//5480
f  2914//5481 3016//5481 2995//5481
f  2949//5482 2952//5482 2995//5482
f  3016//5483 2949//5483 2995//5483
f  2937//5484 2898//5484 2897//5484
f  2930//5485 2774//5485 2923//5485
f  2959//5486 2996//5486 2924//5486
f  2958//5487 2965//5487 2930//5487
f  2965//5488 2774//5488 2930//5488
f  2965//5489 2977//5489 2774//5489
f  2977//5490 2986//5490 2774//5490
f  2994//5491 2775//5491 2774//5491
f  2986//5492 2994//5492 2774//5492
f  3017//5493 3008//5493 3001//5493
f  3018//5494 3017//5494 3001//5494
f  3000//5495 3018//5495 3001//5495
f  3008//5496 3019//5496 2916//5496
f  3019//5497 3020//5497 2916//5497
f  3020//5498 3021//5498 2916//5498
f  3022//5499 3023//5499 2916//5499
f  3024//5500 3022//5500 2916//5500
f  3021//5501 3024//5501 2916//5501
f  3023//5502 3025//5502 2916//5502
f  3025//5503 3012//5503 2916//5503
f  3026//5504 2906//5504 2905//5504
f  3027//5505 3026//5505 2905//5505
f  3009//5506 3027//5506 2905//5506
f  2970//5507 2803//5507 2801//5507
f  2948//5508 3009//5508 2973//5508
f  3028//5509 3010//5509 3013//5509
f  2954//5510 3028//5510 3013//5510
f  2953//5511 2954//5511 3013//5511
f  2794//5512 2992//5512 2795//5512
f  2990//5513 2994//5513 2986//5513
f  3029//5514 3018//5514 3000//5514
f  2999//5515 3029//5515 3000//5515
f  3030//5516 2906//5516 3026//5516
f  3027//5517 3031//5517 3026//5517
f  3031//5518 3030//5518 3026//5518
f  3002//5519 3032//5519 2999//5519
f  3033//5520 3029//5520 2999//5520
f  3032//5521 3033//5521 2999//5521
f  2831//5522 3034//5522 2717//5522
f  3034//5523 3015//5523 2717//5523
f  3035//5524 2843//5524 2722//5524
f  3014//5525 3035//5525 2722//5525
f  2948//5526 3027//5526 3009//5526
f  3036//5527 2906//5527 3030//5527
f  3031//5528 3037//5528 3030//5528
f  3037//5529 3036//5529 3030//5529
f  3038//5530 3039//5530 3016//5530
f  2914//5531 3038//5531 3016//5531
f  3039//5532 2949//5532 3016//5532
f  3040//5533 3010//5533 3028//5533
f  2943//5534 3040//5534 3028//5534
f  2955//5535 2943//5535 3028//5535
f  2954//5536 2955//5536 3028//5536
f  3002//5537 3041//5537 3032//5537
f  3042//5538 3033//5538 3032//5538
f  3041//5539 3042//5539 3032//5539
f  3038//5540 3043//5540 3039//5540
f  2948//5541 2949//5541 3039//5541
f  3043//5542 2948//5542 3039//5542
f  3044//5543 2906//5543 3036//5543
f  3037//5544 3045//5544 3036//5544
f  3045//5545 3044//5545 3036//5545
f  3002//5546 3046//5546 3041//5546
f  3020//5547 3042//5547 3041//5547
f  3046//5548 3020//5548 3041//5548
f  3038//5549 3047//5549 3043//5549
f  3048//5550 2948//5550 3043//5550
f  3047//5551 3048//5551 3043//5551
f  3049//5552 3010//5552 3040//5552
f  3012//5553 3049//5553 3040//5553
f  2943//5554 3012//5554 3040//5554
f  3050//5555 3010//5555 3049//5555
f  3012//5556 3050//5556 3049//5556
f  3051//5557 2906//5557 3044//5557
f  3045//5558 3052//5558 3044//5558
f  3052//5559 3051//5559 3044//5559
f  3002//5560 3053//5560 3046//5560
f  3021//5561 3020//5561 3046//5561
f  3053//5562 3021//5562 3046//5562
f  3017//5563 3019//5563 3008//5563
f  3038//5564 3054//5564 3047//5564
f  3055//5565 3048//5565 3047//5565
f  3056//5566 3055//5566 3047//5566
f  3054//5567 3056//5567 3047//5567
f  3057//5568 2906//5568 3051//5568
f  3058//5569 3057//5569 3051//5569
f  3052//5570 3059//5570 3051//5570
f  3059//5571 3058//5571 3051//5571
f  2948//5572 3031//5572 3027//5572
f  3060//5573 3057//5573 3058//5573
f  3059//5574 3061//5574 3058//5574
f  3061//5575 3060//5575 3058//5575
f  3002//5576 3062//5576 3053//5576
f  3024//5577 3021//5577 3053//5577
f  3062//5578 3024//5578 3053//5578
f  3018//5579 3019//5579 3017//5579
f  3002//5580 3063//5580 3062//5580
f  3063//5581 3064//5581 3062//5581
f  3065//5582 3024//5582 3062//5582
f  3064//5583 3065//5583 3062//5583
f  3066//5584 3010//5584 3050//5584
f  3012//5585 3025//5585 3050//5585
f  3025//5586 3023//5586 3050//5586
f  3023//5587 3066//5587 3050//5587
f  3063//5588 3010//5588 3066//5588
f  3067//5589 3063//5589 3066//5589
f  3023//5590 3068//5590 3066//5590
f  3068//5591 3067//5591 3066//5591
f  3038//5592 3069//5592 3054//5592
f  3069//5593 3056//5593 3054//5593
f  3070//5594 3063//5594 3067//5594
f  3068//5595 3070//5595 3067//5595
f  3038//5596 3071//5596 3069//5596
f  3072//5597 3056//5597 3069//5597
f  3071//5598 3072//5598 3069//5598
f  3064//5599 3063//5599 3070//5599
f  3022//5600 3064//5600 3070//5600
f  3068//5601 3022//5601 3070//5601
f  3073//5602 3057//5602 3060//5602
f  3061//5603 3073//5603 3060//5603
f  3022//5604 3065//5604 3064//5604
f  3074//5605 3057//5605 3073//5605
f  3061//5606 3075//5606 3073//5606
f  3075//5607 3074//5607 3073//5607
f  3071//5608 3057//5608 3074//5608
f  3076//5609 3071//5609 3074//5609
f  3077//5610 3076//5610 3074//5610
f  3075//5611 3077//5611 3074//5611
f  3038//5612 3057//5612 3071//5612
f  3076//5613 3072//5613 3071//5613
f  3029//5614 3019//5614 3018//5614
f  3078//5615 3037//5615 3031//5615
f  2948//5616 3078//5616 3031//5616
f  3033//5617 3019//5617 3029//5617
f  3078//5618 3045//5618 3037//5618
f  3033//5619 3020//5619 3019//5619
f  3042//5620 3020//5620 3033//5620
f  3059//5621 3052//5621 3045//5621
f  3078//5622 3059//5622 3045//5622
f  3076//5623 3077//5623 3078//5623
f  3075//5624 3059//5624 3078//5624
f  3077//5625 3075//5625 3078//5625
f  2948//5626 3048//5626 3078//5626
f  3056//5627 3076//5627 3078//5627
f  3055//5628 3056//5628 3078//5628
f  3048//5629 3055//5629 3078//5629
f  3079//5630 3034//5630 2831//5630
f  2830//5631 3079//5631 2831//5631
f  3075//5632 3061//5632 3059//5632
f  3080//5633 2842//5633 2843//5633
f  3081//5634 3080//5634 2843//5634
f  3035//5635 3081//5635 2843//5635
f  3022//5636 3068//5636 3023//5636
f  3065//5637 3022//5637 3024//5637
f  3072//5638 3076//5638 3056//5638
f  3006//5639 3082//5639 2829//5639
f  3082//5640 3083//5640 2829//5640
f  3083//5641 2830//5641 2829//5641
f  2842//5642 3084//5642 2911//5642
f  3084//5643 2912//5643 2911//5643
f  3085//5644 3084//5644 2842//5644
f  3080//5645 3085//5645 2842//5645
f  3086//5646 3082//5646 3006//5646
f  3007//5647 3086//5647 3006//5647
f  3087//5648 2959//5648 2971//5648
f  2983//5649 3088//5649 2971//5649
f  3088//5650 3089//5650 2971//5650
f  3089//5651 3087//5651 2971//5651
f  2906//5652 3090//5652 2983//5652
f  3090//5653 3088//5653 2983//5653
f  3057//5654 3091//5654 2906//5654
f  3091//5655 3090//5655 2906//5655
f  3038//5656 3092//5656 3057//5656
f  3092//5657 3091//5657 3057//5657
f  2914//5658 3093//5658 3038//5658
f  3093//5659 3092//5659 3038//5659
f  2909//5660 3094//5660 2914//5660
f  3094//5661 3093//5661 2914//5661
f  2912//5662 3095//5662 2909//5662
f  3095//5663 3094//5663 2909//5663
f  3084//5664 3096//5664 2912//5664
f  3096//5665 3097//5665 2912//5665
f  3097//5666 3095//5666 2912//5666
f  3087//5667 2996//5667 2959//5667
f  3085//5668 3096//5668 3084//5668
f  3089//5669 2996//5669 3087//5669
f  3098//5670 3035//5670 3014//5670
f  3099//5671 3098//5671 3014//5671
f  3100//5672 3099//5672 3014//5672
f  3015//5673 3100//5673 3014//5673
f  3101//5674 3102//5674 3098//5674
f  3102//5675 3103//5675 3098//5675
f  3103//5676 3035//5676 3098//5676
f  3099//5677 3101//5677 3098//5677
f  3085//5678 3104//5678 3096//5678
f  3104//5679 3097//5679 3096//5679
f  3105//5680 3100//5680 3015//5680
f  3106//5681 3105//5681 3015//5681
f  3034//5682 3107//5682 3015//5682
f  3107//5683 3106//5683 3015//5683
f  3103//5684 3108//5684 3035//5684
f  3108//5685 3109//5685 3035//5685
f  3110//5686 3081//5686 3035//5686
f  3109//5687 3110//5687 3035//5687
f  3111//5688 3079//5688 2830//5688
f  3083//5689 3111//5689 2830//5689
f  3081//5690 3112//5690 3080//5690
f  3112//5691 3113//5691 3080//5691
f  3113//5692 3085//5692 3080//5692
f  3114//5693 3082//5693 3086//5693
f  3007//5694 3114//5694 3086//5694
f  3115//5695 3082//5695 3114//5695
f  3007//5696 3115//5696 3114//5696
f  3116//5697 3117//5697 3115//5697
f  3117//5698 3082//5698 3115//5698
f  3007//5699 3116//5699 3115//5699
f  3089//5700 3118//5700 2996//5700
f  3118//5701 3119//5701 2996//5701
f  3119//5702 3120//5702 2996//5702
f  3120//5703 2997//5703 2996//5703
f  3120//5704 3121//5704 2997//5704
f  3121//5705 2998//5705 2997//5705
f  3121//5706 3122//5706 2998//5706
f  3122//5707 3002//5707 2998//5707
f  3122//5708 3123//5708 3002//5708
f  3123//5709 3063//5709 3002//5709
f  3123//5710 3124//5710 3063//5710
f  3124//5711 3010//5711 3063//5711
f  3124//5712 3125//5712 3010//5712
f  3125//5713 3004//5713 3010//5713
f  3125//5714 3126//5714 3004//5714
f  3126//5715 3005//5715 3004//5715
f  3126//5716 3127//5716 3005//5716
f  3127//5717 3007//5717 3005//5717
f  3127//5718 3116//5718 3007//5718
f  3128//5719 3117//5719 3116//5719
f  3127//5720 3128//5720 3116//5720
f  3117//5721 3129//5721 3082//5721
f  3129//5722 3130//5722 3082//5722
f  3130//5723 3083//5723 3082//5723
f  3085//5724 3131//5724 3104//5724
f  3132//5725 3133//5725 3104//5725
f  3131//5726 3132//5726 3104//5726
f  3133//5727 3097//5727 3104//5727
f  3134//5728 3131//5728 3085//5728
f  3113//5729 3135//5729 3085//5729
f  3135//5730 3134//5730 3085//5730
f  3136//5731 3107//5731 3034//5731
f  3137//5732 3136//5732 3034//5732
f  3079//5733 3138//5733 3034//5733
f  3138//5734 3139//5734 3034//5734
f  3139//5735 3137//5735 3034//5735
f  3110//5736 3140//5736 3081//5736
f  3140//5737 3141//5737 3081//5737
f  3141//5738 3142//5738 3081//5738
f  3142//5739 3112//5739 3081//5739
f  3088//5740 3118//5740 3089//5740
f  3143//5741 3144//5741 3101//5741
f  3144//5742 3102//5742 3101//5742
f  3145//5743 3143//5743 3101//5743
f  3099//5744 3145//5744 3101//5744
f  3146//5745 3147//5745 3144//5745
f  3143//5746 3146//5746 3144//5746
f  3147//5747 3102//5747 3144//5747
f  3148//5748 3146//5748 3143//5748
f  3145//5749 3148//5749 3143//5749
f  3099//5750 3148//5750 3145//5750
f  3147//5751 3103//5751 3102//5751
f  3100//5752 3148//5752 3099//5752
f  3149//5753 3150//5753 3083//5753
f  3130//5754 3149//5754 3083//5754
f  3151//5755 3111//5755 3083//5755
f  3150//5756 3151//5756 3083//5756
f  3152//5757 3108//5757 3103//5757
f  3147//5758 3152//5758 3103//5758
f  3153//5759 3135//5759 3113//5759
f  3112//5760 3154//5760 3113//5760
f  3154//5761 3155//5761 3113//5761
f  3155//5762 3153//5762 3113//5762
f  3105//5763 3156//5763 3100//5763
f  3156//5764 3148//5764 3100//5764
f  3106//5765 3156//5765 3105//5765
f  3111//5766 3157//5766 3079//5766
f  3157//5767 3158//5767 3079//5767
f  3158//5768 3138//5768 3079//5768
f  3152//5769 3109//5769 3108//5769
f  3142//5770 3159//5770 3112//5770
f  3159//5771 3160//5771 3112//5771
f  3160//5772 3154//5772 3112//5772
f  3152//5773 3110//5773 3109//5773
f  3152//5774 3140//5774 3110//5774
f  3107//5775 3156//5775 3106//5775
f  3161//5776 3118//5776 3088//5776
f  3090//5777 3162//5777 3088//5777
f  3162//5778 3163//5778 3088//5778
f  3163//5779 3161//5779 3088//5779
f  3091//5780 3164//5780 3090//5780
f  3164//5781 3162//5781 3090//5781
f  3092//5782 3165//5782 3091//5782
f  3165//5783 3164//5783 3091//5783
f  3093//5784 3166//5784 3092//5784
f  3166//5785 3165//5785 3092//5785
f  3094//5786 3167//5786 3093//5786
f  3167//5787 3166//5787 3093//5787
f  3095//5788 3168//5788 3094//5788
f  3168//5789 3167//5789 3094//5789
f  3097//5790 3169//5790 3095//5790
f  3169//5788 3168//5788 3095//5788
f  3170//5791 3171//5791 3097//5791
f  3133//5792 3170//5792 3097//5792
f  3171//5793 3172//5793 3097//5793
f  3172//5794 3169//5794 3097//5794
f  3118//5795 3161//5795 3119//5795
f  3161//5796 3163//5796 3119//5796
f  3173//5797 3120//5797 3119//5797
f  3174//5798 3173//5798 3119//5798
f  3163//5799 3174//5799 3119//5799
f  3175//5800 3121//5800 3120//5800
f  3173//5801 3175//5801 3120//5801
f  3176//5802 3122//5802 3121//5802
f  3175//5803 3176//5803 3121//5803
f  3177//5804 3123//5804 3122//5804
f  3176//5805 3177//5805 3122//5805
f  3178//5806 3124//5806 3123//5806
f  3177//5807 3178//5807 3123//5807
f  3179//5808 3125//5808 3124//5808
f  3178//5809 3179//5809 3124//5809
f  3180//5810 3126//5810 3125//5810
f  3179//5811 3180//5811 3125//5811
f  3181//5812 3127//5812 3126//5812
f  3180//5813 3181//5813 3126//5813
f  3182//5814 3183//5814 3127//5814
f  3183//5815 3128//5815 3127//5815
f  3181//5816 3182//5816 3127//5816
f  3184//5817 3156//5817 3107//5817
f  3136//5818 3184//5818 3107//5818
f  3137//5819 3184//5819 3136//5819
f  3152//5820 3185//5820 3140//5820
f  3185//5821 3141//5821 3140//5821
f  3182//5822 3186//5822 3117//5822
f  3183//5823 3182//5823 3117//5823
f  3128//5824 3183//5824 3117//5824
f  3186//5825 3129//5825 3117//5825
f  3132//5826 3170//5826 3133//5826
f  3171//5827 3170//5827 3132//5827
f  3187//5828 3171//5828 3132//5828
f  3131//5829 3187//5829 3132//5829
f  3188//5830 3147//5830 3146//5830
f  3148//5831 3188//5831 3146//5831
f  3186//5832 3189//5832 3129//5832
f  3189//5833 3190//5833 3129//5833
f  3190//5834 3130//5834 3129//5834
f  3188//5835 3191//5835 3147//5835
f  3191//5836 3192//5836 3147//5836
f  3192//5837 3193//5837 3147//5837
f  3193//5838 3152//5838 3147//5838
f  3134//5839 3194//5839 3131//5839
f  3194//5840 3187//5840 3131//5840
f  3195//5841 3188//5841 3148//5841
f  3196//5842 3197//5842 3148//5842
f  3197//5843 3198//5843 3148//5843
f  3198//5844 3199//5844 3148//5844
f  3199//5845 3195//5845 3148//5845
f  3156//5846 3196//5846 3148//5846
f  3185//5847 3142//5847 3141//5847
f  3185//5848 3159//5848 3142//5848
f  3200//5849 3184//5849 3137//5849
f  3139//5850 3200//5850 3137//5850
f  3138//5851 3200//5851 3139//5851
f  3158//5852 3200//5852 3138//5852
f  3201//5853 3160//5853 3159//5853
f  3185//5854 3201//5854 3159//5854
f  3135//5855 3202//5855 3134//5855
f  3202//5856 3194//5856 3134//5856
f  3203//5857 3185//5857 3152//5857
f  3204//5858 3203//5858 3152//5858
f  3193//5859 3205//5859 3152//5859
f  3205//5860 3204//5860 3152//5860
f  3206//5861 3207//5861 3156//5861
f  3184//5862 3206//5862 3156//5862
f  3207//5863 3196//5863 3156//5863
f  3162//5864 3208//5864 3163//5864
f  3208//5865 3174//5865 3163//5865
f  3201//5866 3209//5866 3160//5866
f  3209//5867 3154//5867 3160//5867
f  3151//5868 3210//5868 3111//5868
f  3210//5869 3211//5869 3111//5869
f  3211//5870 3212//5870 3111//5870
f  3212//5871 3157//5871 3111//5871
f  3209//5872 3213//5872 3154//5872
f  3213//5873 3214//5873 3154//5873
f  3214//5874 3155//5874 3154//5874
f  3187//5875 3215//5875 3171//5875
f  3215//5876 3172//5876 3171//5876
f  3195//5877 3191//5877 3188//5877
f  3216//5878 3217//5878 3130//5878
f  3218//5879 3216//5879 3130//5879
f  3219//5880 3149//5880 3130//5880
f  3217//5881 3219//5881 3130//5881
f  3220//5882 3218//5882 3130//5882
f  3190//5883 3220//5883 3130//5883
f  3157//5884 3200//5884 3158//5884
f  3221//5885 3222//5885 3135//5885
f  3153//5886 3223//5886 3135//5886
f  3223//5887 3221//5887 3135//5887
f  3222//5888 3224//5888 3135//5888
f  3224//5889 3225//5889 3135//5889
f  3225//5890 3202//5890 3135//5890
f  3226//5891 3186//5891 3182//5891
f  3181//5892 3226//5892 3182//5892
f  3208//5893 3227//5893 3174//5893
f  3227//5894 3228//5894 3174//5894
f  3228//5895 3229//5895 3174//5895
f  3229//5896 3173//5896 3174//5896
f  3229//5897 3230//5897 3173//5897
f  3230//5898 3175//5898 3173//5898
f  3230//5899 3231//5899 3175//5899
f  3231//5900 3176//5900 3175//5900
f  3231//5901 3232//5901 3176//5901
f  3232//5902 3177//5902 3176//5902
f  3232//5903 3233//5903 3177//5903
f  3233//5904 3178//5904 3177//5904
f  3233//5905 3234//5905 3178//5905
f  3234//5906 3179//5906 3178//5906
f  3234//5907 3235//5907 3179//5907
f  3235//5908 3180//5908 3179//5908
f  3235//5909 3236//5909 3180//5909
f  3236//5910 3181//5910 3180//5910
f  3236//5911 3237//5911 3181//5911
f  3237//5912 3226//5912 3181//5912
f  3237//5913 3186//5913 3226//5913
f  3162//5914 3227//5914 3208//5914
f  3212//5915 3200//5915 3157//5915
f  3201//5916 3213//5916 3209//5916
f  3201//5917 3214//5917 3213//5917
f  3238//5918 3200//5918 3212//5918
f  3211//5919 3238//5919 3212//5919
f  3239//5920 3240//5920 3185//5920
f  3240//5921 3241//5921 3185//5921
f  3241//5922 3201//5922 3185//5922
f  3203//5923 3239//5923 3185//5923
f  3242//5924 3206//5924 3184//5924
f  3200//5925 3243//5925 3184//5925
f  3243//5926 3244//5926 3184//5926
f  3244//5927 3242//5927 3184//5927
f  3245//5928 3227//5928 3162//5928
f  3164//5929 3246//5929 3162//5929
f  3246//5930 3247//5930 3162//5930
f  3247//5931 3245//5931 3162//5931
f  3165//5932 3248//5932 3164//5932
f  3248//5933 3249//5933 3164//5933
f  3249//5934 3246//5934 3164//5934
f  3166//5935 3250//5935 3165//5935
f  3250//5936 3251//5936 3165//5936
f  3251//5937 3248//5937 3165//5937
f  3167//5938 3252//5938 3166//5938
f  3252//5939 3253//5939 3166//5939
f  3253//5940 3250//5940 3166//5940
f  3168//5941 3254//5941 3167//5941
f  3254//5942 3255//5942 3167//5942
f  3255//5943 3252//5943 3167//5943
f  3169//5944 3256//5944 3168//5944
f  3256//5945 3257//5945 3168//5945
f  3257//5946 3254//5946 3168//5946
f  3172//5947 3258//5947 3169//5947
f  3258//5948 3259//5948 3169//5948
f  3259//5949 3256//5949 3169//5949
f  3260//5950 3261//5950 3172//5950
f  3261//5951 3258//5951 3172//5951
f  3262//5952 3260//5952 3172//5952
f  3215//5953 3262//5953 3172//5953
f  3201//5954 3263//5954 3214//5954
f  3263//5955 3155//5955 3214//5955
f  3264//5956 3265//5956 3186//5956
f  3265//5957 3266//5957 3186//5957
f  3266//5958 3267//5958 3186//5958
f  3268//5959 3264//5959 3186//5959
f  3237//5960 3268//5960 3186//5960
f  3267//5961 3189//5961 3186//5961
f  3269//5962 3270//5962 3187//5962
f  3262//5963 3215//5963 3187//5963
f  3270//5964 3262//5964 3187//5964
f  3271//5965 3272//5965 3187//5965
f  3272//5966 3273//5966 3187//5966
f  3273//5967 3269//5967 3187//5967
f  3194//5968 3271//5968 3187//5968
f  3245//5969 3228//5969 3227//5969
f  3236//5970 3268//5970 3237//5970
f  3267//5971 3274//5971 3189//5971
f  3274//5972 3275//5972 3189//5972
f  3275//5973 3190//5973 3189//5973
f  3276//5974 3271//5974 3194//5974
f  3202//5975 3277//5975 3194//5975
f  3277//5976 3276//5976 3194//5976
f  3270//5977 3278//5977 3262//5977
f  3278//5978 3260//5978 3262//5978
f  3210//5979 3238//5979 3211//5979
f  3263//5980 3153//5980 3155//5980
f  3151//5981 3238//5981 3210//5981
f  3263//5982 3223//5982 3153//5982
f  3279//5983 3238//5983 3151//5983
f  3150//5984 3279//5984 3151//5984
f  3280//5985 3220//5985 3190//5985
f  3275//5986 3281//5986 3190//5986
f  3281//5987 3282//5987 3190//5987
f  3282//5988 3283//5988 3190//5988
f  3283//5989 3280//5989 3190//5989
f  3284//5990 3285//5990 3202//5990
f  3285//5991 3286//5991 3202//5991
f  3286//5992 3277//5992 3202//5992
f  3225//5993 3287//5993 3202//5993
f  3287//5994 3284//5994 3202//5994
f  3245//5995 3288//5995 3228//5995
f  3288//5996 3289//5996 3228//5996
f  3289//5997 3290//5997 3228//5997
f  3290//5998 3291//5998 3228//5998
f  3291//5999 3292//5999 3228//5999
f  3292//6000 3229//6000 3228//6000
f  3293//6001 3294//6001 3229//6001
f  3294//6002 3295//6002 3229//6002
f  3295//6003 3230//6003 3229//6003
f  3292//6004 3296//6004 3229//6004
f  3296//6005 3293//6005 3229//6005
f  3297//6006 3231//6006 3230//6006
f  3295//6007 3298//6007 3230//6007
f  3298//6008 3297//6008 3230//6008
f  3299//6009 3232//6009 3231//6009
f  3297//6010 3300//6010 3231//6010
f  3300//6011 3301//6011 3231//6011
f  3301//6012 3302//6012 3231//6012
f  3302//6013 3299//6013 3231//6013
f  3303//6014 3233//6014 3232//6014
f  3299//6015 3304//6015 3232//6015
f  3304//6016 3303//6016 3232//6016
f  3305//6017 3306//6017 3233//6017
f  3306//6018 3307//6018 3233//6018
f  3307//6019 3234//6019 3233//6019
f  3303//6020 3308//6020 3233//6020
f  3308//6021 3305//6021 3233//6021
f  3309//6022 3310//6022 3234//6022
f  3310//6023 3311//6023 3234//6023
f  3311//6024 3235//6024 3234//6024
f  3307//6025 3312//6025 3234//6025
f  3312//6026 3309//6026 3234//6026
f  3313//6027 3236//6027 3235//6027
f  3311//6028 3314//6028 3235//6028
f  3314//6029 3313//6029 3235//6029
f  3315//6030 3268//6030 3236//6030
f  3316//6031 3315//6031 3236//6031
f  3317//6032 3316//6032 3236//6032
f  3313//6033 3318//6033 3236//6033
f  3318//6034 3317//6034 3236//6034
f  3149//6035 3319//6035 3150//6035
f  3319//6036 3279//6036 3150//6036
f  3219//6037 3319//6037 3149//6037
f  3320//6038 3221//6038 3223//6038
f  3263//6039 3320//6039 3223//6039
f  3321//6040 3322//6040 3221//6040
f  3320//6041 3321//6041 3221//6041
f  3322//6042 3222//6042 3221//6042
f  3321//6043 3222//6043 3322//6043
f  3323//6044 3264//6044 3268//6044
f  3315//6045 3323//6045 3268//6045
f  3324//6046 3191//6046 3195//6046
f  3199//6047 3324//6047 3195//6047
f  3247//6048 3325//6048 3245//6048
f  3325//6049 3288//6049 3245//6049
f  3324//6050 3326//6050 3191//6050
f  3326//6051 3192//6051 3191//6051
f  3326//6052 3193//6052 3192//6052
f  3198//6053 3327//6053 3199//6053
f  3327//6054 3324//6054 3199//6054
f  3197//6055 3327//6055 3198//6055
f  3326//6056 3205//6056 3193//6056
f  3196//6057 3328//6057 3197//6057
f  3328//6058 3327//6058 3197//6058
f  3217//6059 3319//6059 3219//6059
f  3321//6060 3224//6060 3222//6060
f  3329//6061 3204//6061 3205//6061
f  3326//6062 3329//6062 3205//6062
f  3330//6063 3319//6063 3217//6063
f  3216//6064 3330//6064 3217//6064
f  3280//6065 3331//6065 3220//6065
f  3332//6066 3218//6066 3220//6066
f  3331//6067 3333//6067 3220//6067
f  3333//6068 3334//6068 3220//6068
f  3334//6069 3332//6069 3220//6069
f  3335//6070 3287//6070 3225//6070
f  3224//6071 3336//6071 3225//6071
f  3336//6072 3337//6072 3225//6072
f  3337//6073 3338//6073 3225//6073
f  3338//6074 3339//6074 3225//6074
f  3339//6075 3335//6075 3225//6075
f  3329//6076 3203//6076 3204//6076
f  3207//6077 3328//6077 3196//6077
f  3340//6078 3336//6078 3224//6078
f  3321//6079 3340//6079 3224//6079
f  3206//6080 3328//6080 3207//6080
f  3320//6081 3340//6081 3321//6081
f  3341//6082 3342//6082 3201//6082
f  3342//6083 3343//6083 3201//6083
f  3343//6084 3263//6084 3201//6084
f  3241//6085 3344//6085 3201//6085
f  3344//6086 3341//6086 3201//6086
f  3345//6087 3279//6087 3319//6087
f  3330//6088 3345//6088 3319//6088
f  3329//6089 3239//6089 3203//6089
f  3346//6090 3347//6090 3200//6090
f  3347//6091 3243//6091 3200//6091
f  3348//6092 3346//6092 3200//6092
f  3349//6093 3348//6093 3200//6093
f  3238//6094 3349//6094 3200//6094
f  3242//6095 3328//6095 3206//6095
f  3218//6096 3330//6096 3216//6096
f  3332//6097 3330//6097 3218//6097
f  3340//6098 3337//6098 3336//6098
f  3329//6099 3240//6099 3239//6099
f  3350//6100 3338//6100 3337//6100
f  3351//6101 3350//6101 3337//6101
f  3340//6102 3351//6102 3337//6102
f  3334//6103 3352//6103 3332//6103
f  3353//6104 3330//6104 3332//6104
f  3352//6105 3353//6105 3332//6105
f  3350//6106 3339//6106 3338//6106
f  3333//6107 3352//6107 3334//6107
f  3354//6108 3264//6108 3323//6108
f  3315//6109 3355//6109 3323//6109
f  3355//6110 3354//6110 3323//6110
f  3316//6111 3356//6111 3315//6111
f  3356//6112 3355//6112 3315//6112
f  3317//6113 3356//6113 3316//6113
f  3325//6114 3357//6114 3288//6114
f  3357//6115 3289//6115 3288//6115
f  3358//6116 3290//6116 3289//6116
f  3357//6117 3358//6117 3289//6117
f  3359//6118 3357//6118 3325//6118
f  3247//6119 3359//6119 3325//6119
f  3358//6120 3360//6120 3290//6120
f  3360//6121 3291//6121 3290//6121
f  3360//6122 3292//6122 3291//6122
f  3360//6123 3296//6123 3292//6123
f  3246//6124 3361//6124 3247//6124
f  3361//6125 3359//6125 3247//6125
f  3360//6126 3362//6126 3296//6126
f  3362//6127 3293//6127 3296//6127
f  3249//6128 3361//6128 3246//6128
f  3362//6129 3294//6129 3293//6129
f  3248//6130 3363//6130 3249//6130
f  3363//6131 3361//6131 3249//6131
f  3364//6132 3295//6132 3294//6132
f  3362//6133 3364//6133 3294//6133
f  3364//6134 3298//6134 3295//6134
f  3251//6135 3363//6135 3248//6135
f  3364//6136 3365//6136 3298//6136
f  3365//6137 3297//6137 3298//6137
f  3365//6138 3300//6138 3297//6138
f  3250//6139 3366//6139 3251//6139
f  3366//6140 3363//6140 3251//6140
f  3367//6141 3301//6141 3300//6141
f  3365//6142 3367//6142 3300//6142
f  3367//6143 3302//6143 3301//6143
f  3253//6144 3366//6144 3250//6144
f  3367//6145 3368//6145 3302//6145
f  3368//6146 3299//6146 3302//6146
f  3368//6147 3304//6147 3299//6147
f  3252//6148 3369//6148 3253//6148
f  3369//6149 3366//6149 3253//6149
f  3370//6150 3303//6150 3304//6150
f  3368//6151 3370//6151 3304//6151
f  3255//6152 3371//6152 3252//6152
f  3371//6153 3369//6153 3252//6153
f  3370//6154 3308//6154 3303//6154
f  3254//6155 3371//6155 3255//6155
f  3370//6156 3372//6156 3308//6156
f  3372//6157 3305//6157 3308//6157
f  3257//6158 3373//6158 3254//6158
f  3373//6159 3371//6159 3254//6159
f  3372//6160 3306//6160 3305//6160
f  3374//6161 3307//6161 3306//6161
f  3372//6162 3374//6162 3306//6162
f  3374//6163 3312//6163 3307//6163
f  3256//6164 3373//6164 3257//6164
f  3374//6165 3375//6165 3312//6165
f  3375//6166 3309//6166 3312//6166
f  3259//6167 3373//6167 3256//6167
f  3375//6168 3310//6168 3309//6168
f  3376//6169 3311//6169 3310//6169
f  3375//6170 3376//6170 3310//6170
f  3376//6171 3314//6171 3311//6171
f  3258//6172 3377//6172 3259//6172
f  3377//6173 3373//6173 3259//6173
f  3261//6174 3377//6174 3258//6174
f  3376//6175 3378//6175 3314//6175
f  3378//6176 3313//6176 3314//6176
f  3378//6177 3318//6177 3313//6177
f  3356//6178 3317//6178 3318//6178
f  3378//6179 3356//6179 3318//6179
f  3260//6180 3379//6180 3261//6180
f  3379//6181 3377//6181 3261//6181
f  3278//6182 3380//6182 3260//6182
f  3380//6183 3379//6183 3260//6183
f  3270//6184 3380//6184 3278//6184
f  3350//6185 3335//6185 3339//6185
f  3354//6186 3381//6186 3264//6186
f  3381//6187 3265//6187 3264//6187
f  3269//6188 3382//6188 3270//6188
f  3382//6189 3380//6189 3270//6189
f  3273//6190 3382//6190 3269//6190
f  3383//6191 3382//6191 3273//6191
f  3272//6192 3383//6192 3273//6192
f  3381//6193 3266//6193 3265//6193
f  3384//6194 3267//6194 3266//6194
f  3381//6195 3384//6195 3266//6195
f  3384//6196 3274//6196 3267//6196
f  3350//6197 3287//6197 3335//6197
f  3271//6198 3383//6198 3272//6198
f  3331//6199 3352//6199 3333//6199
f  3280//6200 3352//6200 3331//6200
f  3385//6201 3383//6201 3271//6201
f  3276//6202 3385//6202 3271//6202
f  3384//6203 3275//6203 3274//6203
f  3277//6204 3385//6204 3276//6204
f  3386//6205 3281//6205 3275//6205
f  3384//6206 3386//6206 3275//6206
f  3350//6207 3284//6207 3287//6207
f  3350//6208 3285//6208 3284//6208
f  3386//6209 3282//6209 3281//6209
f  3386//6210 3387//6210 3282//6210
f  3387//6211 3352//6211 3282//6211
f  3352//6212 3283//6212 3282//6212
f  3385//6213 3286//6213 3285//6213
f  3388//6214 3385//6214 3285//6214
f  3350//6215 3388//6215 3285//6215
f  3385//6216 3277//6216 3286//6216
f  3352//6217 3280//6217 3283//6217
f  3389//6218 3360//6218 3358//6218
f  3357//6219 3389//6219 3358//6219
f  3390//6220 3362//6220 3360//6220
f  3389//6221 3390//6221 3360//6221
f  3391//6222 3364//6222 3362//6222
f  3390//6223 3391//6223 3362//6223
f  3392//6224 3365//6224 3364//6224
f  3391//6225 3392//6225 3364//6225
f  3393//6226 3367//6226 3365//6226
f  3392//6227 3393//6227 3365//6227
f  3394//6228 3368//6228 3367//6228
f  3393//6229 3394//6229 3367//6229
f  3395//6230 3370//6230 3368//6230
f  3394//6231 3395//6231 3368//6231
f  3396//6232 3372//6232 3370//6232
f  3395//6233 3396//6233 3370//6233
f  3397//6234 3374//6234 3372//6234
f  3396//6235 3397//6235 3372//6235
f  3398//6236 3375//6236 3374//6236
f  3397//6237 3398//6237 3374//6237
f  3399//6238 3376//6238 3375//6238
f  3398//6239 3399//6239 3375//6239
f  3400//6240 3378//6240 3376//6240
f  3399//6241 3400//6241 3376//6241
f  3401//6242 3356//6242 3378//6242
f  3400//6243 3401//6243 3378//6243
f  3402//6244 3355//6244 3356//6244
f  3401//6245 3402//6245 3356//6245
f  3403//6246 3404//6246 3355//6246
f  3404//6247 3354//6247 3355//6247
f  3405//6248 3403//6248 3355//6248
f  3402//6249 3405//6249 3355//6249
f  3359//6250 3406//6250 3357//6250
f  3406//6251 3389//6251 3357//6251
f  3244//6252 3328//6252 3242//6252
f  3404//6253 3381//6253 3354//6253
f  3243//6254 3407//6254 3244//6254
f  3407//6255 3328//6255 3244//6255
f  3329//6256 3241//6256 3240//6256
f  3408//6257 3320//6257 3263//6257
f  3343//6258 3409//6258 3263//6258
f  3409//6259 3408//6259 3263//6259
f  3410//6260 3344//6260 3241//6260
f  3329//6261 3410//6261 3241//6261
f  3411//6262 3349//6262 3238//6262
f  3279//6263 3411//6263 3238//6263
f  3412//6264 3341//6264 3344//6264
f  3410//6265 3412//6265 3344//6265
f  3413//6266 3414//6266 3348//6266
f  3349//6267 3413//6267 3348//6267
f  3414//6268 3346//6268 3348//6268
f  3347//6269 3407//6269 3243//6269
f  3320//6270 3415//6270 3340//6270
f  3415//6271 3416//6271 3340//6271
f  3416//6272 3417//6272 3340//6272
f  3417//6273 3351//6273 3340//6273
f  3418//6274 3345//6274 3330//6274
f  3353//6275 3418//6275 3330//6275
f  3419//6276 3380//6276 3382//6276
f  3420//6277 3419//6277 3382//6277
f  3421//6278 3420//6278 3382//6278
f  3383//6279 3421//6279 3382//6279
f  3404//6280 3403//6280 3381//6280
f  3403//6281 3422//6281 3381//6281
f  3422//6282 3384//6282 3381//6282
f  3423//6283 3421//6283 3383//6283
f  3385//6284 3423//6284 3383//6284
f  3422//6285 3424//6285 3384//6285
f  3425//6286 3386//6286 3384//6286
f  3424//6287 3425//6287 3384//6287
f  3351//6288 3388//6288 3350//6288
f  3419//6289 3379//6289 3380//6289
f  3426//6290 3353//6290 3352//6290
f  3387//6291 3426//6291 3352//6291
f  3427//6292 3326//6292 3324//6292
f  3327//6293 3427//6293 3324//6293
f  3346//6294 3428//6294 3347//6294
f  3428//6295 3407//6295 3347//6295
f  3429//6296 3406//6296 3359//6296
f  3430//6297 3429//6297 3359//6297
f  3361//6298 3430//6298 3359//6298
f  3363//6299 3431//6299 3361//6299
f  3431//6300 3430//6300 3361//6300
f  3432//6301 3431//6301 3363//6301
f  3366//6302 3432//6302 3363//6302
f  3433//6303 3432//6303 3366//6303
f  3369//6304 3433//6304 3366//6304
f  3371//6305 3434//6305 3369//6305
f  3434//6306 3433//6306 3369//6306
f  3435//6307 3434//6307 3371//6307
f  3373//6308 3435//6308 3371//6308
f  3436//6309 3435//6309 3373//6309
f  3377//6310 3436//6310 3373//6310
f  3379//6311 3437//6311 3377//6311
f  3437//6312 3436//6312 3377//6312
f  3420//6313 3438//6313 3379//6313
f  3419//6314 3420//6314 3379//6314
f  3438//6315 3437//6315 3379//6315
f  3429//6316 3389//6316 3406//6316
f  3439//6317 3342//6317 3341//6317
f  3412//6318 3439//6318 3341//6318
f  3440//6319 3329//6319 3326//6319
f  3427//6320 3440//6320 3326//6320
f  3441//6321 3442//6321 3327//6321
f  3442//6322 3443//6322 3327//6322
f  3443//6323 3427//6323 3327//6323
f  3328//6324 3441//6324 3327//6324
f  3443//6325 3440//6325 3427//6325
f  3414//6326 3444//6326 3346//6326
f  3444//6327 3428//6327 3346//6327
f  3445//6328 3423//6328 3385//6328
f  3388//6329 3445//6329 3385//6329
f  3425//6330 3446//6330 3386//6330
f  3446//6331 3387//6331 3386//6331
f  3430//6332 3447//6332 3429//6332
f  3447//6333 3389//6333 3429//6333
f  3439//6334 3343//6334 3342//6334
f  3448//6335 3413//6335 3349//6335
f  3449//6336 3448//6336 3349//6336
f  3450//6337 3449//6337 3349//6337
f  3411//6338 3450//6338 3349//6338
f  3413//6339 3444//6339 3414//6339
f  3421//6340 3451//6340 3420//6340
f  3451//6341 3438//6341 3420//6341
f  3408//6342 3452//6342 3320//6342
f  3452//6343 3453//6343 3320//6343
f  3453//6344 3415//6344 3320//6344
f  3454//6345 3411//6345 3279//6345
f  3345//6346 3454//6346 3279//6346
f  3455//6347 3422//6347 3403//6347
f  3405//6348 3455//6348 3403//6348
f  3417//6349 3456//6349 3351//6349
f  3456//6350 3388//6350 3351//6350
f  3457//6351 3418//6351 3353//6351
f  3426//6352 3457//6352 3353//6352
f  3458//6353 3410//6353 3329//6353
f  3440//6354 3458//6354 3329//6354
f  3439//6355 3409//6355 3343//6355
f  3442//6356 3459//6356 3443//6356
f  3459//6357 3460//6357 3443//6357
f  3460//6358 3440//6358 3443//6358
f  3461//6359 3390//6359 3389//6359
f  3447//6360 3461//6360 3389//6360
f  3462//6361 3391//6361 3390//6361
f  3461//6362 3462//6362 3390//6362
f  3463//6363 3392//6363 3391//6363
f  3462//6364 3463//6364 3391//6364
f  3464//6365 3393//6365 3392//6365
f  3463//6366 3464//6366 3392//6366
f  3465//6367 3394//6367 3393//6367
f  3464//6368 3465//6368 3393//6368
f  3466//6369 3395//6369 3394//6369
f  3465//6370 3466//6370 3394//6370
f  3467//6371 3396//6371 3395//6371
f  3466//6372 3467//6372 3395//6372
f  3468//6373 3397//6373 3396//6373
f  3467//6374 3468//6374 3396//6374
f  3469//6375 3398//6375 3397//6375
f  3468//6376 3469//6376 3397//6376
f  3470//6377 3399//6377 3398//6377
f  3469//6378 3470//6378 3398//6378
f  3471//6379 3400//6379 3399//6379
f  3470//6380 3471//6380 3399//6380
f  3472//6381 3401//6381 3400//6381
f  3471//6382 3472//6382 3400//6382
f  3473//6383 3402//6383 3401//6383
f  3472//6384 3473//6384 3401//6384
f  3474//6385 3405//6385 3402//6385
f  3473//6386 3474//6386 3402//6386
f  3475//6387 3455//6387 3405//6387
f  3476//6388 3475//6388 3405//6388
f  3474//6389 3476//6389 3405//6389
f  3475//6390 3422//6390 3455//6390
f  3407//6391 3477//6391 3328//6391
f  3477//6392 3441//6392 3328//6392
f  3430//6393 3478//6393 3447//6393
f  3478//6394 3461//6394 3447//6394
f  3448//6395 3444//6395 3413//6395
f  3449//6396 3444//6396 3448//6396
f  3456//6397 3479//6397 3388//6397
f  3479//6398 3445//6398 3388//6398
f  3480//6399 3426//6399 3387//6399
f  3446//6400 3480//6400 3387//6400
f  3439//6401 3408//6401 3409//6401
f  3481//6402 3444//6402 3449//6402
f  3450//6403 3481//6403 3449//6403
f  3482//6404 3483//6404 3421//6404
f  3483//6405 3484//6405 3421//6405
f  3484//6406 3451//6406 3421//6406
f  3485//6407 3482//6407 3421//6407
f  3423//6408 3485//6408 3421//6408
f  3460//6409 3486//6409 3440//6409
f  3486//6410 3458//6410 3440//6410
f  3475//6411 3487//6411 3422//6411
f  3487//6412 3488//6412 3422//6412
f  3488//6413 3424//6413 3422//6413
f  3441//6414 3489//6414 3442//6414
f  3489//6415 3490//6415 3442//6415
f  3490//6416 3491//6416 3442//6416
f  3491//6417 3492//6417 3442//6417
f  3492//6418 3459//6418 3442//6418
f  3493//6419 3485//6419 3423//6419
f  3445//6420 3493//6420 3423//6420
f  3488//6421 3494//6421 3424//6421
f  3495//6422 3425//6422 3424//6422
f  3494//6423 3495//6423 3424//6423
f  3484//6424 3438//6424 3451//6424
f  3476//6425 3487//6425 3475//6425
f  3492//6426 3460//6426 3459//6426
f  3452//6427 3496//6427 3453//6427
f  3496//6428 3497//6428 3453//6428
f  3497//6429 3498//6429 3453//6429
f  3498//6430 3415//6430 3453//6430
f  3499//6431 3452//6431 3408//6431
f  3439//6432 3499//6432 3408//6432
f  3500//6433 3450//6433 3411//6433
f  3454//6434 3501//6434 3411//6434
f  3501//6435 3502//6435 3411//6435
f  3502//6436 3500//6436 3411//6436
f  3503//6437 3478//6437 3430//6437
f  3431//6438 3503//6438 3430//6438
f  3432//6439 3504//6439 3431//6439
f  3504//6440 3503//6440 3431//6440
f  3505//6441 3504//6441 3432//6441
f  3433//6442 3505//6442 3432//6442
f  3506//6443 3505//6443 3433//6443
f  3434//6444 3506//6444 3433//6444
f  3435//6445 3507//6445 3434//6445
f  3507//6446 3506//6446 3434//6446
f  3508//6447 3507//6447 3435//6447
f  3436//6448 3508//6448 3435//6448
f  3509//6449 3508//6449 3436//6449
f  3437//6450 3509//6450 3436//6450
f  3438//6451 3510//6451 3437//6451
f  3510//6452 3509//6452 3437//6452
f  3511//6453 3510//6453 3438//6453
f  3484//6454 3483//6454 3438//6454
f  3483//6455 3511//6455 3438//6455
f  3503//6456 3512//6456 3478//6456
f  3512//6457 3461//6457 3478//6457
f  3513//6458 3514//6458 3503//6458
f  3514//6459 3515//6459 3503//6459
f  3515//6460 3512//6460 3503//6460
f  3504//6461 3513//6461 3503//6461
f  3505//6462 3516//6462 3504//6462
f  3516//6463 3513//6463 3504//6463
f  3517//6464 3516//6464 3505//6464
f  3506//6465 3517//6465 3505//6465
f  3518//6466 3517//6466 3506//6466
f  3507//6467 3518//6467 3506//6467
f  3508//6468 3519//6468 3507//6468
f  3519//6469 3518//6469 3507//6469
f  3520//6470 3519//6470 3508//6470
f  3509//6471 3520//6471 3508//6471
f  3521//6472 3520//6472 3509//6472
f  3510//6473 3521//6473 3509//6473
f  3511//6474 3522//6474 3510//6474
f  3522//6475 3521//6475 3510//6475
f  3523//6476 3522//6476 3511//6476
f  3483//6477 3482//6477 3511//6477
f  3482//6478 3523//6478 3511//6478
f  3498//6479 3416//6479 3415//6479
f  3524//6480 3525//6480 3492//6480
f  3525//6481 3460//6481 3492//6481
f  3491//6482 3524//6482 3492//6482
f  3515//6483 3461//6483 3512//6483
f  3418//6484 3526//6484 3345//6484
f  3527//6485 3454//6485 3345//6485
f  3526//6486 3527//6486 3345//6486
f  3499//6487 3496//6487 3452//6487
f  3525//6488 3486//6488 3460//6488
f  3479//6489 3528//6489 3445//6489
f  3528//6490 3493//6490 3445//6490
f  3490//6491 3529//6491 3491//6491
f  3529//6492 3530//6492 3491//6492
f  3530//6493 3524//6493 3491//6493
f  3495//6494 3531//6494 3425//6494
f  3531//6495 3446//6495 3425//6495
f  3515//6496 3514//6496 3461//6496
f  3514//6497 3532//6497 3461//6497
f  3532//6498 3462//6498 3461//6498
f  3532//6499 3533//6499 3462//6499
f  3533//6500 3463//6500 3462//6500
f  3533//6501 3534//6501 3463//6501
f  3534//6502 3464//6502 3463//6502
f  3534//6503 3535//6503 3464//6503
f  3535//6504 3465//6504 3464//6504
f  3535//6505 3536//6505 3465//6505
f  3536//6506 3466//6506 3465//6506
f  3536//6507 3537//6507 3466//6507
f  3537//6508 3467//6508 3466//6508
f  3537//6509 3538//6509 3467//6509
f  3538//6510 3468//6510 3467//6510
f  3538//6511 3539//6511 3468//6511
f  3539//6512 3469//6512 3468//6512
f  3539//6513 3540//6513 3469//6513
f  3540//6514 3470//6514 3469//6514
f  3540//6515 3541//6515 3470//6515
f  3541//6516 3471//6516 3470//6516
f  3541//6517 3542//6517 3471//6517
f  3542//6518 3472//6518 3471//6518
f  3542//6519 3543//6519 3472//6519
f  3543//6520 3473//6520 3472//6520
f  3543//6521 3544//6521 3473//6521
f  3544//6522 3474//6522 3473//6522
f  3544//6523 3545//6523 3474//6523
f  3545//6524 3476//6524 3474//6524
f  3545//6525 3546//6525 3476//6525
f  3546//6526 3487//6526 3476//6526
f  3500//6527 3481//6527 3450//6527
f  3547//6528 3488//6528 3487//6528
f  3546//6529 3547//6529 3487//6529
f  3548//6530 3456//6530 3417//6530
f  3416//6531 3548//6531 3417//6531
f  3457//6532 3549//6532 3418//6532
f  3549//6533 3526//6533 3418//6533
f  3550//6534 3458//6534 3486//6534
f  3525//6535 3551//6535 3486//6535
f  3551//6536 3550//6536 3486//6536
f  3552//6537 3525//6537 3524//6537
f  3530//6538 3552//6538 3524//6538
f  3550//6539 3553//6539 3458//6539
f  3553//6540 3554//6540 3458//6540
f  3554//6541 3410//6541 3458//6541
f  3555//6542 3529//6542 3490//6542
f  3489//6543 3555//6543 3490//6543
f  3554//6544 3412//6544 3410//6544
f  3502//6545 3481//6545 3500//6545
f  3556//6546 3497//6546 3496//6546
f  3499//6547 3556//6547 3496//6547
f  3557//6548 3558//6548 3552//6548
f  3558//6549 3525//6549 3552//6549
f  3530//6550 3557//6550 3552//6550
f  3559//6551 3479//6551 3456//6551
f  3548//6552 3559//6552 3456//6552
f  3501//6553 3560//6553 3502//6553
f  3560//6554 3481//6554 3502//6554
f  3561//6555 3499//6555 3439//6555
f  3412//6556 3561//6556 3439//6556
f  3477//6557 3562//6557 3441//6557
f  3562//6558 3563//6558 3441//6558
f  3563//6559 3489//6559 3441//6559
f  3564//6560 3457//6560 3426//6560
f  3480//6561 3564//6561 3426//6561
f  3428//6562 3477//6562 3407//6562
f  3558//6563 3565//6563 3525//6563
f  3565//6564 3551//6564 3525//6564
f  3566//6565 3557//6565 3530//6565
f  3567//6566 3566//6566 3530//6566
f  3529//6567 3568//6567 3530//6567
f  3568//6568 3567//6568 3530//6568
f  3481//6569 3569//6569 3444//6569
f  3569//6570 3570//6570 3444//6570
f  3570//6571 3428//6571 3444//6571
f  3571//6572 3558//6572 3557//6572
f  3566//6573 3571//6573 3557//6573
f  3572//6574 3573//6574 3574//6574
f  3573//6575 3565//6575 3574//6575
f  3565//6576 3558//6576 3574//6576
f  3558//6577 3571//6577 3574//6577
f  3571//6578 3575//6578 3574//6578
f  3576//5 3572//5 3574//5
f  3577//5 3576//5 3574//5
f  3575//5 3577//5 3574//5
f  3578//1 3579//1 3580//1
f  3581//6579 3582//6579 3580//6579
f  3579//6579 3581//6579 3580//6579
f  3582//4 3583//4 3580//4
f  3583//4 3584//4 3580//4
f  3584//4 3578//4 3580//4
f  3578//1 3585//1 3579//1
f  3586//5 3581//5 3579//5
f  3587//5 3586//5 3579//5
f  3585//5 3587//5 3579//5
f  3566//6580 3575//6580 3571//6580
f  3551//6581 3588//6581 3550//6581
f  3588//6582 3553//6582 3550//6582
f  3573//6583 3551//6583 3565//6583
f  3485//6584 3589//6584 3482//6584
f  3589//6585 3523//6585 3482//6585
f  3513//6586 3590//6586 3514//6586
f  3590//6587 3532//6587 3514//6587
f  3567//6588 3575//6588 3566//6588
f  3568//6589 3575//6589 3567//6589
f  3591//6590 3555//6590 3489//6590
f  3563//6591 3591//6591 3489//6591
f  3592//6592 3588//6592 3551//6592
f  3593//6593 3592//6593 3551//6593
f  3573//6594 3593//6594 3551//6594
f  3497//6595 3594//6595 3498//6595
f  3594//6596 3595//6596 3498//6596
f  3595//6597 3596//6597 3498//6597
f  3596//6598 3416//6598 3498//6598
f  3597//6599 3598//6599 3454//6599
f  3598//6600 3501//6600 3454//6600
f  3599//6601 3597//6601 3454//6601
f  3527//6602 3599//6602 3454//6602
f  3600//6603 3528//6603 3479//6603
f  3559//6604 3600//6604 3479//6604
f  3601//6605 3568//6605 3529//6605
f  3555//6606 3601//6606 3529//6606
f  3556//6607 3594//6607 3497//6607
f  3572//6608 3593//6608 3573//6608
f  3602//6609 3480//6609 3446//6609
f  3531//6610 3602//6610 3446//6610
f  3603//5 3572//5 3576//5
f  3577//6611 3583//6611 3576//6611
f  3583//6612 3604//6612 3576//6612
f  3604//6612 3603//6612 3576//6612
f  3575//5 3605//5 3577//5
f  3605//6613 3584//6613 3577//6613
f  3584//6611 3583//6611 3577//6611
f  3582//4 3604//4 3583//4
f  3605//6613 3606//6613 3584//6613
f  3606//4 3578//4 3584//4
f  3572//6614 3592//6614 3593//6614
f  3590//6615 3607//6615 3532//6615
f  3607//6616 3608//6616 3532//6616
f  3608//6617 3533//6617 3532//6617
f  3608//6618 3609//6618 3533//6618
f  3609//6619 3534//6619 3533//6619
f  3609//6620 3610//6620 3534//6620
f  3610//6621 3535//6621 3534//6621
f  3610//6622 3611//6622 3535//6622
f  3611//6623 3536//6623 3535//6623
f  3611//6624 3612//6624 3536//6624
f  3612//6625 3537//6625 3536//6625
f  3612//6626 3613//6626 3537//6626
f  3613//6627 3538//6627 3537//6627
f  3613//6628 3614//6628 3538//6628
f  3614//6629 3539//6629 3538//6629
f  3614//6630 3615//6630 3539//6630
f  3615//6631 3540//6631 3539//6631
f  3615//6632 3616//6632 3540//6632
f  3616//6633 3541//6633 3540//6633
f  3616//6634 3617//6634 3541//6634
f  3617//6635 3542//6635 3541//6635
f  3617//6636 3618//6636 3542//6636
f  3618//6637 3543//6637 3542//6637
f  3618//6638 3619//6638 3543//6638
f  3619//6639 3544//6639 3543//6639
f  3619//6640 3620//6640 3544//6640
f  3620//6641 3545//6641 3544//6641
f  3620//6642 3621//6642 3545//6642
f  3621//6643 3546//6643 3545//6643
f  3622//6644 3623//6644 3546//6644
f  3623//6645 3624//6645 3546//6645
f  3624//6646 3547//6646 3546//6646
f  3621//6647 3625//6647 3546//6647
f  3625//6648 3622//6648 3546//6648
f  3513//6649 3607//6649 3590//6649
f  3624//6650 3488//6650 3547//6650
f  3598//6651 3560//6651 3501//6651
f  3601//6652 3575//6652 3568//6652
f  3626//6653 3561//6653 3412//6653
f  3554//6654 3626//6654 3412//6654
f  3596//6655 3627//6655 3416//6655
f  3627//6656 3548//6656 3416//6656
f  3628//52 3585//52 3578//52
f  3606//4 3628//4 3578//4
f  3628//52 42//52 3585//52
f  3629//5 3587//5 3585//5
f  42//5 3629//5 3585//5
f  3630//6657 3527//6657 3526//6657
f  3549//6658 3630//6658 3526//6658
f  3631//6659 3554//6659 3553//6659
f  3588//6660 3632//6660 3553//6660
f  3632//6661 3631//6661 3553//6661
f  3570//6662 3633//6662 3428//6662
f  3633//6663 3477//6663 3428//6663
f  3634//6664 3635//6664 3588//6664
f  3635//6665 3636//6665 3588//6665
f  3636//6666 3632//6666 3588//6666
f  3592//6667 3634//6667 3588//6667
f  3637//6668 3589//6668 3485//6668
f  3638//6669 3637//6669 3485//6669
f  3639//6670 3638//6670 3485//6670
f  3493//6671 3639//6671 3485//6671
f  3623//6672 3488//6672 3624//6672
f  3640//6673 3575//6673 3601//6673
f  3555//6674 3640//6674 3601//6674
f  3622//6675 3641//6675 3488//6675
f  3623//6676 3622//6676 3488//6676
f  3642//6677 3494//6677 3488//6677
f  3643//6678 3642//6678 3488//6678
f  3641//6679 3643//6679 3488//6679
f  3644//6680 3645//6680 3582//6680
f  3581//6680 3644//6680 3582//6680
f  3645//4 3604//4 3582//4
f  3646//5 3644//5 3581//5
f  3586//5 3646//5 3581//5
f  3637//6681 3523//6681 3589//6681
f  3634//6682 3592//6682 3572//6682
f  3647//6683 3636//6683 3572//6683
f  3636//6684 3635//6684 3572//6684
f  3635//6685 3634//6685 3572//6685
f  3603//5 3647//5 3572//5
f  3648//6686 3649//6686 3575//6686
f  3640//6687 3650//6687 3575//6687
f  3650//6688 3648//6688 3575//6688
f  3649//5 3605//5 3575//5
f  3555//6689 3650//6689 3640//6689
f  3528//6690 3651//6690 3493//6690
f  3651//6691 3639//6691 3493//6691
f  3591//6692 3648//6692 3555//6692
f  3648//6693 3650//6693 3555//6693
f  3652//6694 3495//6694 3494//6694
f  3642//6695 3652//6695 3494//6695
f  3653//6696 3591//6696 3563//6696
f  3562//6697 3653//6697 3563//6697
f  3654//6698 3607//6698 3513//6698
f  3655//6699 3654//6699 3513//6699
f  3516//6700 3655//6700 3513//6700
f  3517//6701 3656//6701 3516//6701
f  3656//6702 3657//6702 3516//6702
f  3657//6703 3655//6703 3516//6703
f  3518//6704 3658//6704 3517//6704
f  3658//6705 3659//6705 3517//6705
f  3659//6706 3656//6706 3517//6706
f  3660//6707 3658//6707 3518//6707
f  3519//6708 3660//6708 3518//6708
f  3520//6709 3661//6709 3519//6709
f  3661//6710 3662//6710 3519//6710
f  3662//6711 3660//6711 3519//6711
f  3521//6712 3663//6712 3520//6712
f  3663//6713 3664//6713 3520//6713
f  3664//6714 3661//6714 3520//6714
f  3665//6715 3663//6715 3521//6715
f  3522//6716 3665//6716 3521//6716
f  3523//6717 3666//6717 3522//6717
f  3666//6718 3667//6718 3522//6718
f  3667//6719 3665//6719 3522//6719
f  3637//6720 3668//6720 3523//6720
f  3668//6721 3669//6721 3523//6721
f  3669//6722 3666//6722 3523//6722
f  3670//6723 3671//6723 3607//6723
f  3654//6724 3670//6724 3607//6724
f  3671//6725 3608//6725 3607//6725
f  3638//6726 3668//6726 3637//6726
f  3672//6727 3556//6727 3499//6727
f  3561//6728 3672//6728 3499//6728
f  3673//6729 3595//6729 3594//6729
f  3556//6730 3673//6730 3594//6730
f  3597//6731 3560//6731 3598//6731
f  3627//6732 3674//6732 3548//6732
f  3674//6733 3559//6733 3548//6733
f  3564//6734 3675//6734 3457//6734
f  3675//6735 3549//6735 3457//6735
f  3560//6736 3676//6736 3481//6736
f  3676//6737 3569//6737 3481//6737
f  3599//6738 3560//6738 3597//6738
f  3677//6739 3626//6739 3554//6739
f  3631//6740 3677//6740 3554//6740
f  3678//6741 3651//6741 3528//6741
f  3600//6742 3678//6742 3528//6742
f  3679//6743 3562//6743 3477//6743
f  3633//6744 3680//6744 3477//6744
f  3680//6745 3679//6745 3477//6745
f  3681//6746 3531//6746 3495//6746
f  3652//6747 3681//6747 3495//6747
f  3674//6748 3682//6748 3559//6748
f  3682//6749 3600//6749 3559//6749
f  3683//6750 3564//6750 3480//6750
f  3602//6751 3683//6751 3480//6751
f  3636//6752 3684//6752 3632//6752
f  3684//6753 3685//6753 3632//6753
f  3685//6754 3631//6754 3632//6754
f  3673//6755 3686//6755 3595//6755
f  3686//6756 3596//6756 3595//6756
f  3685//6757 3677//6757 3631//6757
f  3671//6758 3687//6758 3608//6758
f  3687//6759 3688//6759 3608//6759
f  3688//6760 3609//6760 3608//6760
f  3689//6761 3610//6761 3609//6761
f  3688//6762 3690//6762 3609//6762
f  3690//6763 3689//6763 3609//6763
f  3689//6764 3691//6764 3610//6764
f  3691//6765 3692//6765 3610//6765
f  3692//6766 3611//6766 3610//6766
f  3692//6767 3693//6767 3611//6767
f  3693//6768 3612//6768 3611//6768
f  3693//6769 3694//6769 3612//6769
f  3694//6770 3695//6770 3612//6770
f  3695//6771 3613//6771 3612//6771
f  3695//6772 3696//6772 3613//6772
f  3696//6773 3614//6773 3613//6773
f  3696//6774 3697//6774 3614//6774
f  3697//6775 3615//6775 3614//6775
f  3698//6776 3616//6776 3615//6776
f  3697//6777 3699//6777 3615//6777
f  3699//6778 3698//6778 3615//6778
f  3698//6779 3700//6779 3616//6779
f  3700//6780 3617//6780 3616//6780
f  3700//6781 3701//6781 3617//6781
f  3701//6782 3702//6782 3617//6782
f  3702//6783 3618//6783 3617//6783
f  3702//6784 3703//6784 3618//6784
f  3703//6785 3619//6785 3618//6785
f  3703//6786 3704//6786 3619//6786
f  3704//6787 3705//6787 3619//6787
f  3705//6788 3620//6788 3619//6788
f  3705//6789 3706//6789 3620//6789
f  3706//6790 3621//6790 3620//6790
f  3706//6791 3707//6791 3621//6791
f  3707//6792 3625//6792 3621//6792
f  3707//6793 3708//6793 3625//6793
f  3708//6794 3709//6794 3625//6794
f  3709//6795 3622//6795 3625//6795
f  3710//6796 3641//6796 3622//6796
f  3709//6797 3710//6797 3622//6797
f  3670//6798 3687//6798 3671//6798
f  3711//6799 3560//6799 3599//6799
f  3712//6800 3711//6800 3599//6800
f  3713//6801 3712//6801 3599//6801
f  3527//6802 3713//6802 3599//6802
f  3673//6803 3714//6803 3686//6803
f  3714//6804 3715//6804 3686//6804
f  3715//6805 3596//6805 3686//6805
f  3715//6806 3716//6806 3596//6806
f  3716//6807 3717//6807 3596//6807
f  3717//6808 3718//6808 3596//6808
f  3718//6809 3627//6809 3596//6809
f  3653//6810 3719//6810 3591//6810
f  3719//6811 3720//6811 3591//6811
f  3720//6812 3648//6812 3591//6812
f  3626//6813 3672//6813 3561//6813
f  3630//6814 3721//6814 3527//6814
f  3721//6815 3722//6815 3527//6815
f  3722//6816 3713//6816 3527//6816
f  3722//6817 3723//6817 3713//6817
f  3723//6818 3712//6818 3713//6818
f  3679//6819 3724//6819 3562//6819
f  3724//6820 3653//6820 3562//6820
f  3720//6821 3649//6821 3648//6821
f  3725//6822 3711//6822 3712//6822
f  3723//6823 3725//6823 3712//6823
f  3726//6824 3633//6824 3570//6824
f  3569//6825 3726//6825 3570//6825
f  3714//6826 3716//6826 3715//6826
f  3727//6827 3728//6827 3639//6827
f  3728//6828 3638//6828 3639//6828
f  3651//6829 3729//6829 3639//6829
f  3729//6830 3727//6830 3639//6830
f  3730//6831 3642//6831 3643//6831
f  3731//6832 3730//6832 3643//6832
f  3641//6833 3731//6833 3643//6833
f  3647//6834 3684//6834 3636//6834
f  3732//6835 3729//6835 3651//6835
f  3733//6836 3734//6836 3651//6836
f  3734//6837 3735//6837 3651//6837
f  3735//6838 3732//6838 3651//6838
f  3678//6839 3733//6839 3651//6839
f  3736//6840 3737//6840 3642//6840
f  3737//6841 3738//6841 3642//6841
f  3738//6842 3739//6842 3642//6842
f  3739//6843 3652//6843 3642//6843
f  3730//6844 3736//6844 3642//6844
f  3740//5 3647//5 3603//5
f  3604//6845 3741//6845 3603//6845
f  3741//6845 3740//6845 3603//6845
f  3649//5 3742//5 3605//5
f  3742//6846 3606//6846 3605//6846
f  3645//4 3741//4 3604//4
f  3742//6846 3743//6846 3606//6846
f  3743//4 3628//4 3606//4
f  3647//6847 3744//6847 3684//6847
f  3744//6848 3685//6848 3684//6848
f  3719//6849 3649//6849 3720//6849
f  3745//6850 3673//6850 3556//6850
f  3672//6851 3745//6851 3556//6851
f  3718//6852 3746//6852 3627//6852
f  3746//6853 3674//6853 3627//6853
f  3682//6854 3747//6854 3600//6854
f  3747//6855 3678//6855 3600//6855
f  3681//6856 3602//6856 3531//6856
f  3748//6857 3630//6857 3549//6857
f  3675//6858 3748//6858 3549//6858
f  3714//6859 3717//6859 3716//6859
f  3711//6860 3749//6860 3560//6860
f  3749//6861 3676//6861 3560//6861
f  3721//6862 3723//6862 3722//6862
f  3750//6863 3751//6863 3685//6863
f  3744//6864 3750//6864 3685//6864
f  3751//6865 3677//6865 3685//6865
f  3752//6866 3753//6866 3678//6866
f  3753//6867 3733//6867 3678//6867
f  3747//6868 3754//6868 3678//6868
f  3754//6869 3752//6869 3678//6869
f  3755//6870 3756//6870 3652//6870
f  3756//6871 3681//6871 3652//6871
f  3739//6872 3757//6872 3652//6872
f  3757//6873 3755//6873 3652//6873
f  3758//6874 3626//6874 3677//6874
f  3751//6875 3758//6875 3677//6875
f  3759//124 42//124 3628//124
f  3743//4 3759//4 3628//4
f  3759//124 3760//124 42//124
f  3761//5 3629//5 42//5
f  3760//5 3761//5 42//5
f  3762//6876 3763//6876 3653//6876
f  3763//6877 3719//6877 3653//6877
f  3724//6878 3762//6878 3653//6878
f  3746//6879 3764//6879 3674//6879
f  3764//6880 3682//6880 3674//6880
f  3683//6881 3765//6881 3564//6881
f  3765//6882 3675//6882 3564//6882
f  3680//6883 3766//6883 3679//6883
f  3766//6884 3724//6884 3679//6884
f  3767//6885 3688//6885 3687//6885
f  3670//6886 3767//6886 3687//6886
f  3654//6887 3768//6887 3670//6887
f  3768//6888 3767//6888 3670//6888
f  3767//6889 3769//6889 3688//6889
f  3769//6890 3690//6890 3688//6890
f  3769//6891 3689//6891 3690//6891
f  3655//6892 3770//6892 3654//6892
f  3770//6893 3768//6893 3654//6893
f  3769//6894 3691//6894 3689//6894
f  3769//6895 3771//6895 3691//6895
f  3771//6896 3692//6896 3691//6896
f  3657//6897 3770//6897 3655//6897
f  3656//6898 3772//6898 3657//6898
f  3772//6899 3770//6899 3657//6899
f  3771//6900 3693//6900 3692//6900
f  3771//6901 3694//6901 3693//6901
f  3659//6902 3772//6902 3656//6902
f  3773//6903 3695//6903 3694//6903
f  3771//6904 3773//6904 3694//6904
f  3658//6905 3772//6905 3659//6905
f  3773//6906 3696//6906 3695//6906
f  3773//6907 3697//6907 3696//6907
f  3774//6908 3772//6908 3658//6908
f  3660//6909 3774//6909 3658//6909
f  3773//6910 3775//6910 3697//6910
f  3775//6911 3699//6911 3697//6911
f  3662//6912 3774//6912 3660//6912
f  3775//6913 3698//6913 3699//6913
f  3661//6914 3774//6914 3662//6914
f  3775//6915 3700//6915 3698//6915
f  3776//6916 3701//6916 3700//6916
f  3775//6917 3776//6917 3700//6917
f  3664//6918 3777//6918 3661//6918
f  3777//6919 3774//6919 3661//6919
f  3776//6920 3702//6920 3701//6920
f  3663//6921 3777//6921 3664//6921
f  3776//6922 3703//6922 3702//6922
f  3776//6923 3778//6923 3703//6923
f  3778//6924 3704//6924 3703//6924
f  3665//6925 3779//6925 3663//6925
f  3779//6926 3777//6926 3663//6926
f  3778//6927 3705//6927 3704//6927
f  3778//6928 3706//6928 3705//6928
f  3667//6929 3779//6929 3665//6929
f  3666//6930 3779//6930 3667//6930
f  3780//6931 3707//6931 3706//6931
f  3778//6932 3780//6932 3706//6932
f  3780//6933 3708//6933 3707//6933
f  3669//6934 3781//6934 3666//6934
f  3781//6935 3779//6935 3666//6935
f  3780//6936 3782//6936 3708//6936
f  3782//6936 3783//6936 3708//6936
f  3783//6937 3709//6937 3708//6937
f  3668//6938 3784//6938 3669//6938
f  3784//6939 3781//6939 3669//6939
f  3785//6940 3710//6940 3709//6940
f  3783//6941 3786//6941 3709//6941
f  3786//6942 3785//6942 3709//6942
f  3787//6943 3784//6943 3668//6943
f  3638//6944 3787//6944 3668//6944
f  3785//6945 3641//6945 3710//6945
f  3728//6946 3787//6946 3638//6946
f  3714//6947 3788//6947 3717//6947
f  3788//6948 3718//6948 3717//6948
f  3785//6949 3789//6949 3641//6949
f  3789//6950 3731//6950 3641//6950
f  3789//6951 3730//6951 3731//6951
f  3727//6952 3787//6952 3728//6952
f  3789//6953 3736//6953 3730//6953
f  3790//6954 3745//6954 3672//6954
f  3626//6955 3790//6955 3672//6955
f  3791//6956 3787//6956 3727//6956
f  3729//6957 3791//6957 3727//6957
f  3792//6958 3723//6958 3721//6958
f  3793//6959 3792//6959 3721//6959
f  3630//6960 3793//6960 3721//6960
f  3732//6961 3791//6961 3729//6961
f  3794//6962 3737//6962 3736//6962
f  3789//6963 3794//6963 3736//6963
f  3735//6964 3791//6964 3732//6964
f  3794//6965 3738//6965 3737//6965
f  3795//6966 3788//6966 3714//6966
f  3796//6967 3795//6967 3714//6967
f  3673//6968 3796//6968 3714//6968
f  3794//6969 3797//6969 3738//6969
f  3797//6970 3798//6970 3738//6970
f  3798//6971 3739//6971 3738//6971
f  3799//6972 3791//6972 3735//6972
f  3800//6973 3799//6973 3735//6973
f  3734//6974 3800//6974 3735//6974
f  3763//6975 3649//6975 3719//6975
f  3801//6976 3726//6976 3569//6976
f  3676//6977 3801//6977 3569//6977
f  3647//6978 3750//6978 3744//6978
f  3802//6979 3800//6979 3734//6979
f  3733//6980 3802//6980 3734//6980
f  3798//6981 3757//6981 3739//6981
f  3803//6982 3646//6982 3804//6982
f  3646//6982 3586//6982 3804//6982
f  3586//6983 3805//6983 3804//6983
f  3806//5 3803//5 3804//5
f  3807//5 3806//5 3804//5
f  3805//5 3807//5 3804//5
f  3587//6983 3805//6983 3586//6983
f  3808//6984 3809//6984 3645//6984
f  3644//6984 3808//6984 3645//6984
f  3809//4 3741//4 3645//4
f  3810//5 3808//5 3644//5
f  3646//5 3810//5 3644//5
f  3792//6985 3725//6985 3723//6985
f  3811//6986 3812//6986 3718//6986
f  3788//6987 3813//6987 3718//6987
f  3813//6988 3811//6988 3718//6988
f  3812//6989 3746//6989 3718//6989
f  3814//6990 3793//6990 3630//6990
f  3748//6991 3814//6991 3630//6991
f  3753//6992 3802//6992 3733//6992
f  3815//6993 3750//6993 3647//6993
f  3816//6994 3817//6994 3647//6994
f  3817//6995 3818//6995 3647//6995
f  3818//6996 3815//6996 3647//6996
f  3740//5 3816//5 3647//5
f  3763//6997 3762//6997 3649//6997
f  3762//6998 3819//6998 3649//6998
f  3819//6999 3820//6999 3649//6999
f  3820//5 3742//5 3649//5
f  3821//7000 3754//7000 3747//7000
f  3682//7001 3822//7001 3747//7001
f  3822//7002 3823//7002 3747//7002
f  3823//7003 3821//7003 3747//7003
f  3824//7004 3825//7004 3682//7004
f  3825//7005 3822//7005 3682//7005
f  3764//7006 3826//7006 3682//7006
f  3826//7007 3824//7007 3682//7007
f  3815//7008 3751//7008 3750//7008
f  3827//7009 3602//7009 3681//7009
f  3756//7010 3828//7010 3681//7010
f  3828//7011 3829//7011 3681//7011
f  3829//7012 3830//7012 3681//7012
f  3830//7013 3831//7013 3681//7013
f  3831//7014 3827//7014 3681//7014
f  3832//7015 3755//7015 3757//7015
f  3798//7016 3832//7016 3757//7016
f  3827//7017 3833//7017 3602//7017
f  3834//7018 3683//7018 3602//7018
f  3833//7019 3834//7019 3602//7019
f  3724//7020 3819//7020 3762//7020
f  3818//7021 3751//7021 3815//7021
f  3835//7022 3790//7022 3626//7022
f  3758//7023 3835//7023 3626//7023
f  3832//7024 3756//7024 3755//7024
f  3752//7025 3802//7025 3753//7025
f  3832//7026 3828//7026 3756//7026
f  3836//7027 3802//7027 3752//7027
f  3754//7028 3836//7028 3752//7028
f  3795//7029 3813//7029 3788//7029
f  3726//7030 3837//7030 3633//7030
f  3837//7031 3838//7031 3633//7031
f  3838//7032 3680//7032 3633//7032
f  3839//7033 3796//7033 3673//7033
f  3745//7034 3839//7034 3673//7034
f  3818//7035 3840//7035 3751//7035
f  3840//7036 3758//7036 3751//7036
f  3840//7037 3835//7037 3758//7037
f  3821//7038 3841//7038 3754//7038
f  3841//7039 3836//7039 3754//7039
f  3725//7040 3842//7040 3711//7040
f  3842//7041 3749//7041 3711//7041
f  3832//7042 3843//7042 3828//7042
f  3843//7043 3829//7043 3828//7043
f  3766//7044 3819//7044 3724//7044
f  3844//7045 3764//7045 3746//7045
f  3812//7046 3844//7046 3746//7046
f  3795//7047 3811//7047 3813//7047
f  3845//7048 3748//7048 3675//7048
f  3765//7049 3845//7049 3675//7049
f  3846//7050 3830//7050 3829//7050
f  3843//7051 3846//7051 3829//7051
f  3838//7052 3847//7052 3680//7052
f  3847//7053 3766//7053 3680//7053
f  3823//7054 3841//7054 3821//7054
f  3814//7055 3792//7055 3793//7055
f  3848//7056 3810//7056 3803//7056
f  3810//7056 3646//7056 3803//7056
f  3849//5 3848//5 3803//5
f  3850//5 3849//5 3803//5
f  3851//5 3850//5 3803//5
f  3806//5 3851//5 3803//5
f  3587//7057 3852//7057 3805//7057
f  3852//5 3807//5 3805//5
f  3629//7057 3852//7057 3587//7057
f  3846//7058 3831//7058 3830//7058
f  3853//7059 3841//7059 3823//7059
f  3822//7060 3853//7060 3823//7060
f  3802//7061 3854//7061 3800//7061
f  3854//7062 3855//7062 3800//7062
f  3855//7063 3799//7063 3800//7063
f  3856//7064 3832//7064 3798//7064
f  3797//7065 3857//7065 3798//7065
f  3857//7066 3856//7066 3798//7066
f  3858//7067 3859//7067 3811//7067
f  3795//7068 3858//7068 3811//7068
f  3859//7069 3812//7069 3811//7069
f  3860//7070 3827//7070 3831//7070
f  3846//7071 3860//7071 3831//7071
f  3825//7072 3853//7072 3822//7072
f  3861//7073 3836//7073 3841//7073
f  3853//7074 3861//7074 3841//7074
f  3862//7075 3860//7075 3846//7075
f  3843//7076 3862//7076 3846//7076
f  3863//7055 3792//7055 3814//7055
f  3748//7077 3863//7077 3814//7077
f  3864//7078 3839//7078 3745//7078
f  3790//7079 3864//7079 3745//7079
f  3865//7080 3866//7080 3764//7080
f  3866//7081 3826//7081 3764//7081
f  3867//7082 3868//7082 3764//7082
f  3868//7083 3869//7083 3764//7083
f  3869//7084 3865//7084 3764//7084
f  3844//7085 3867//7085 3764//7085
f  3870//7086 3801//7086 3676//7086
f  3749//7087 3870//7087 3676//7087
f  3834//7088 3871//7088 3683//7088
f  3871//7089 3872//7089 3683//7089
f  3872//7090 3873//7090 3683//7090
f  3873//7091 3874//7091 3683//7091
f  3874//7092 3765//7092 3683//7092
f  3817//7093 3840//7093 3818//7093
f  3796//7094 3858//7094 3795//7094
f  3875//7095 3853//7095 3825//7095
f  3824//7096 3875//7096 3825//7096
f  3860//7097 3833//7097 3827//7097
f  3876//7098 3820//7098 3819//7098
f  3766//7099 3876//7099 3819//7099
f  3863//7100 3877//7100 3792//7100
f  3878//7101 3725//7101 3792//7101
f  3877//7102 3878//7102 3792//7102
f  3879//7103 3864//7103 3790//7103
f  3835//7104 3879//7104 3790//7104
f  3880//7105 3877//7105 3863//7105
f  3881//7106 3880//7106 3863//7106
f  3748//7107 3881//7107 3863//7107
f  3882//7108 3883//7108 3812//7108
f  3859//7109 3882//7109 3812//7109
f  3883//7110 3844//7110 3812//7110
f  3884//7111 3881//7111 3748//7111
f  3845//7112 3884//7112 3748//7112
f  3801//7113 3885//7113 3726//7113
f  3885//7114 3837//7114 3726//7114
f  3817//7115 3886//7115 3840//7115
f  3887//7116 3835//7116 3840//7116
f  3888//7117 3887//7117 3840//7117
f  3886//7118 3888//7118 3840//7118
f  3889//5 3816//5 3740//5
f  3741//7119 3890//7119 3740//7119
f  3890//7119 3889//7119 3740//7119
f  3820//5 3891//5 3742//5
f  3891//7120 3743//7120 3742//7120
f  3809//4 3890//4 3741//4
f  3891//7120 3892//7120 3743//7120
f  3892//4 3759//4 3743//4
f  3893//7121 3834//7121 3833//7121
f  3860//7122 3893//7122 3833//7122
f  3887//7123 3879//7123 3835//7123
f  3826//7124 3875//7124 3824//7124
f  3893//7125 3871//7125 3834//7125
f  3894//7126 3875//7126 3826//7126
f  3866//7127 3894//7127 3826//7127
f  3816//7128 3886//7128 3817//7128
f  3839//7129 3895//7129 3796//7129
f  3895//7130 3896//7130 3796//7130
f  3896//7131 3858//7131 3796//7131
f  3847//7132 3897//7132 3766//7132
f  3897//7133 3876//7133 3766//7133
f  3898//7134 3847//7134 3838//7134
f  3837//7135 3898//7135 3838//7135
f  3899//7136 3880//7136 3881//7136
f  3884//7137 3899//7137 3881//7137
f  3878//7138 3900//7138 3725//7138
f  3900//7139 3842//7139 3725//7139
f  3858//7140 3882//7140 3859//7140
f  3858//7141 3901//7141 3882//7141
f  3901//7142 3883//7142 3882//7142
f  3899//7143 3877//7143 3880//7143
f  3902//7144 3877//7144 3899//7144
f  3884//7145 3902//7145 3899//7145
f  3903//7146 3904//7146 3844//7146
f  3904//7147 3905//7147 3844//7147
f  3905//7148 3867//7148 3844//7148
f  3883//7149 3903//7149 3844//7149
f  3906//7150 3907//7150 3765//7150
f  3874//7151 3906//7151 3765//7151
f  3908//7152 3845//7152 3765//7152
f  3907//7153 3908//7153 3765//7153
f  3909//231 3760//231 3759//231
f  3892//4 3909//4 3759//4
f  3909//231 3910//231 3760//231
f  3910//5 3761//5 3760//5
f  3864//7154 3911//7154 3839//7154
f  3911//7155 3895//7155 3839//7155
f  3875//7156 3912//7156 3853//7156
f  3913//7157 3861//7157 3853//7157
f  3912//7158 3913//7158 3853//7158
f  3914//7159 3893//7159 3860//7159
f  3915//7160 3914//7160 3860//7160
f  3862//7161 3915//7161 3860//7161
f  3893//7162 3916//7162 3871//7162
f  3917//7163 3872//7163 3871//7163
f  3916//7164 3917//7164 3871//7164
f  3918//7165 3894//7165 3866//7165
f  3919//7166 3918//7166 3866//7166
f  3865//7167 3919//7167 3866//7167
f  3920//7168 3870//7168 3749//7168
f  3842//7169 3920//7169 3749//7169
f  3869//7170 3919//7170 3865//7170
f  3917//7171 3873//7171 3872//7171
f  3868//7172 3919//7172 3869//7172
f  3917//7173 3874//7173 3873//7173
f  3816//7174 3888//7174 3886//7174
f  3896//7175 3921//7175 3858//7175
f  3921//7176 3901//7176 3858//7176
f  3922//7177 3923//7177 3802//7177
f  3923//7178 3924//7178 3802//7178
f  3924//7179 3854//7179 3802//7179
f  3836//7180 3922//7180 3802//7180
f  3856//7181 3925//7181 3832//7181
f  3925//7182 3926//7182 3832//7182
f  3926//7183 3843//7183 3832//7183
f  3879//7184 3927//7184 3864//7184
f  3927//7185 3911//7185 3864//7185
f  3902//7186 3928//7186 3877//7186
f  3928//7187 3929//7187 3877//7187
f  3929//7188 3930//7188 3877//7188
f  3931//7189 3878//7189 3877//7189
f  3930//7190 3931//7190 3877//7190
f  3897//7191 3820//7191 3876//7191
f  3932//7192 3933//7192 3848//7192
f  3933//7192 3810//7192 3848//7192
f  3849//5 3932//5 3848//5
f  3629//7193 3807//7193 3852//7193
f  3933//5 3808//5 3810//5
f  3761//7193 3807//7193 3629//7193
f  3917//7194 3906//7194 3874//7194
f  3867//7195 3934//7195 3868//7195
f  3934//7196 3919//7196 3868//7196
f  3870//7197 3935//7197 3801//7197
f  3935//7198 3885//7198 3801//7198
f  3888//7199 3936//7199 3887//7199
f  3936//7200 3937//7200 3887//7200
f  3937//7201 3938//7201 3887//7201
f  3938//7202 3879//7202 3887//7202
f  3939//7203 3940//7203 3883//7203
f  3941//7204 3942//7204 3883//7204
f  3942//7205 3943//7205 3883//7205
f  3943//7206 3939//7206 3883//7206
f  3901//7207 3941//7207 3883//7207
f  3940//7208 3903//7208 3883//7208
f  3908//7209 3944//7209 3845//7209
f  3944//7210 3945//7210 3845//7210
f  3945//7211 3946//7211 3845//7211
f  3946//7212 3947//7212 3845//7212
f  3948//7213 3884//7213 3845//7213
f  3947//7214 3948//7214 3845//7214
f  3938//7215 3927//7215 3879//7215
f  3949//7216 3820//7216 3897//7216
f  3847//7217 3949//7217 3897//7217
f  3950//7218 3951//7218 3952//7218
f  3953//7219 3954//7219 3952//7219
f  3954//7219 3950//7219 3952//7219
f  3951//7220 3955//7220 3952//7220
f  3955//7220 3953//7220 3952//7220
f  3950//7218 3956//7218 3951//7218
f  3956//7221 3957//7221 3951//7221
f  3957//7220 3955//7220 3951//7220
f  3958//7222 3959//7222 3953//7222
f  3959//7222 3954//7222 3953//7222
f  3955//7220 3958//7220 3953//7220
f  3956//7221 3960//7221 3957//7221
f  3960//7223 3961//7223 3957//7223
f  3962//7220 3963//7220 3957//7220
f  3964//7220 3962//7220 3957//7220
f  3963//7220 3965//7220 3957//7220
f  3965//7220 3955//7220 3957//7220
f  3961//7220 3964//7220 3957//7220
f  3966//7224 3967//7224 3958//7224
f  3967//7224 3959//7224 3958//7224
f  3955//7220 3966//7220 3958//7220
f  3960//7223 3968//7223 3961//7223
f  3968//7225 3969//7225 3961//7225
f  3969//7220 3964//7220 3961//7220
f  3970//7226 3971//7226 3966//7226
f  3971//7226 3967//7226 3966//7226
f  3955//7220 3970//7220 3966//7220
f  3968//7225 3972//7225 3969//7225
f  3972//7227 3973//7227 3969//7227
f  3974//7220 3975//7220 3969//7220
f  3973//7220 3974//7220 3969//7220
f  3976//7220 3964//7220 3969//7220
f  3975//7220 3976//7220 3969//7220
f  3977//7228 3978//7228 3970//7228
f  3978//7228 3971//7228 3970//7228
f  3955//7220 3977//7220 3970//7220
f  3972//7227 3979//7227 3973//7227
f  3979//7229 3980//7229 3973//7229
f  3980//7220 3974//7220 3973//7220
f  3981//7230 3982//7230 3977//7230
f  3982//7230 3978//7230 3977//7230
f  3983//7220 3984//7220 3977//7220
f  3984//7220 3985//7220 3977//7220
f  3985//7220 3981//7220 3977//7220
f  3955//7220 3983//7220 3977//7220
f  3979//7229 3986//7229 3980//7229
f  3986//7231 3974//7231 3980//7231
f  3985//7232 3987//7232 3981//7232
f  3987//7232 3982//7232 3981//7232
f  3986//7231 3988//7231 3974//7231
f  3988//7233 3975//7233 3974//7233
f  3984//7234 3989//7234 3985//7234
f  3989//7234 3987//7234 3985//7234
f  3988//7233 3990//7233 3975//7233
f  3990//7235 3976//7235 3975//7235
f  3983//7236 3991//7236 3984//7236
f  3991//7236 3989//7236 3984//7236
f  3990//7235 3992//7235 3976//7235
f  3992//7237 3964//7237 3976//7237
f  3955//7238 3993//7238 3983//7238
f  3993//7238 3991//7238 3983//7238
f  3992//7237 3994//7237 3964//7237
f  3994//7239 3962//7239 3964//7239
f  3965//7240 3995//7240 3955//7240
f  3995//7240 3993//7240 3955//7240
f  3994//7239 3996//7239 3962//7239
f  3996//7241 3963//7241 3962//7241
f  3963//7242 3997//7242 3965//7242
f  3997//7242 3995//7242 3965//7242
f  3996//7241 3997//7241 3963//7241
f  3921//7243 3998//7243 3901//7243
f  3998//7244 3999//7244 3901//7244
f  3999//7245 4000//7245 3901//7245
f  4000//7246 3941//7246 3901//7246
f  3884//7247 3928//7247 3902//7247
f  4001//7248 3898//7248 3837//7248
f  3885//7249 4001//7249 3837//7249
f  3898//7250 4002//7250 3847//7250
f  4002//7251 4003//7251 3847//7251
f  4003//7252 3949//7252 3847//7252
f  4004//7253 4005//7253 3809//7253
f  3808//7253 4004//7253 3809//7253
f  4005//4 3890//4 3809//4
f  3933//5 4004//5 3808//5
f  4006//7254 4007//7254 3941//7254
f  4007//7255 3942//7255 3941//7255
f  4008//7256 4009//7256 3941//7256
f  4010//7257 4006//7257 3941//7257
f  4009//7258 4010//7258 3941//7258
f  4000//7259 4008//7259 3941//7259
f  3929//7260 3928//7260 3884//7260
f  3948//7261 4011//7261 3884//7261
f  4012//7262 3929//7262 3884//7262
f  4013//7263 4012//7263 3884//7263
f  4011//7264 4013//7264 3884//7264
f  3934//7265 4014//7265 3919//7265
f  4014//7266 3918//7266 3919//7266
f  3916//7267 4015//7267 3917//7267
f  4015//7268 4016//7268 3917//7268
f  4016//7269 3906//7269 3917//7269
f  3905//7270 3934//7270 3867//7270
f  3904//7271 4017//7271 3905//7271
f  4018//7272 3934//7272 3905//7272
f  4017//7273 4018//7273 3905//7273
f  4016//7274 3907//7274 3906//7274
f  4016//7275 4019//7275 3907//7275
f  4019//7276 3908//7276 3907//7276
f  3903//7277 4017//7277 3904//7277
f  4019//7278 3944//7278 3908//7278
f  3999//7279 4008//7279 4000//7279
f  4020//7280 3781//7280 3784//7280
f  4021//7281 4020//7281 3784//7281
f  3787//7282 4021//7282 3784//7282
f  4022//7283 3789//7283 3785//7283
f  3786//7284 4022//7284 3785//7284
f  4023//7285 4024//7285 3816//7285
f  4024//7286 4025//7286 3816//7286
f  4025//7287 3937//7287 3816//7287
f  3937//7288 3936//7288 3816//7288
f  3936//7289 3888//7289 3816//7289
f  3889//5 4023//5 3816//5
f  3949//7290 4003//7290 3820//7290
f  4003//7291 4002//7291 3820//7291
f  4002//7292 4026//7292 3820//7292
f  4026//5 3891//5 3820//5
f  3999//7293 4009//7293 4008//7293
f  4027//7294 3930//7294 3929//7294
f  4028//7295 4027//7295 3929//7295
f  4012//7296 4028//7296 3929//7296
f  4029//7297 3912//7297 3875//7297
f  4030//7298 4029//7298 3875//7298
f  3894//7299 4030//7299 3875//7299
f  4031//7300 4032//7300 3893//7300
f  4032//7301 4033//7301 3893//7301
f  3914//7302 4031//7302 3893//7302
f  4033//7303 3916//7303 3893//7303
f  3911//7304 4034//7304 3895//7304
f  4034//7305 4035//7305 3895//7305
f  4035//7306 3896//7306 3895//7306
f  4036//7307 3920//7307 3842//7307
f  3900//7308 4036//7308 3842//7308
f  3940//7309 4017//7309 3903//7309
f  4019//7310 3945//7310 3944//7310
f  3939//7311 4017//7311 3940//7311
f  4019//7312 3946//7312 3945//7312
f  3896//7313 3998//7313 3921//7313
f  4037//7314 4017//7314 3939//7314
f  4038//7315 4037//7315 3939//7315
f  3943//7316 4038//7316 3939//7316
f  4039//7317 3947//7317 3946//7317
f  4040//7318 4039//7318 3946//7318
f  4019//7319 4040//7319 3946//7319
f  4025//7320 3938//7320 3937//7320
f  3927//7321 4041//7321 3911//7321
f  4041//7322 4034//7322 3911//7322
f  4039//7323 3948//7323 3947//7323
f  3942//7324 4038//7324 3943//7324
f  3999//7325 4042//7325 4009//7325
f  4042//7326 4010//7326 4009//7326
f  4043//7327 4044//7327 3836//7327
f  3861//7328 4043//7328 3836//7328
f  4044//7329 3922//7329 3836//7329
f  4045//7330 3862//7330 3843//7330
f  3926//7331 4045//7331 3843//7331
f  3920//7332 4046//7332 3870//7332
f  4046//7333 3935//7333 3870//7333
f  4047//7334 4027//7334 4028//7334
f  4012//7335 4047//7335 4028//7335
f  3938//7336 4048//7336 3927//7336
f  4048//7337 4041//7337 3927//7337
f  3998//7338 4049//7338 3999//7338
f  4049//7339 4042//7339 3999//7339
f  4025//7340 4024//7340 3938//7340
f  4024//7341 4050//7341 3938//7341
f  4050//7342 4048//7342 3938//7342
f  4051//7343 4038//7343 3942//7343
f  4007//7344 4051//7344 3942//7344
f  4039//7345 4011//7345 3948//7345
f  4047//7346 4052//7346 4027//7346
f  4052//7347 4053//7347 4027//7347
f  4053//7348 3930//7348 4027//7348
f  4006//7349 4051//7349 4007//7349
f  4054//7350 4013//7350 4011//7350
f  4039//7351 4054//7351 4011//7351
f  4010//7352 4055//7352 4006//7352
f  4055//7353 4051//7353 4006//7353
f  4054//7354 4012//7354 4013//7354
f  4033//7355 4056//7355 3916//7355
f  4056//7356 4015//7356 3916//7356
f  4042//7357 4057//7357 4010//7357
f  4057//7358 4058//7358 4010//7358
f  4058//7359 4055//7359 4010//7359
f  4054//7360 4059//7360 4012//7360
f  4059//7361 4052//7361 4012//7361
f  4052//7362 4047//7362 4012//7362
f  4060//7363 4001//7363 3885//7363
f  3935//7364 4060//7364 3885//7364
f  4055//7365 4038//7365 4051//7365
f  4061//7366 4059//7366 4054//7366
f  4039//7367 4062//7367 4054//7367
f  4062//7368 4063//7368 4054//7368
f  4063//7369 4061//7369 4054//7369
f  4001//7370 4064//7370 3898//7370
f  4064//7371 4065//7371 3898//7371
f  4065//7372 4002//7372 3898//7372
f  4018//7373 4014//7373 3934//7373
f  4066//7374 3998//7374 3896//7374
f  4035//7375 4067//7375 3896//7375
f  4067//7376 4066//7376 3896//7376
f  4068//7377 4030//7377 3894//7377
f  3918//7378 4068//7378 3894//7378
f  4032//7379 4069//7379 4033//7379
f  4069//7380 4070//7380 4033//7380
f  4070//7381 4056//7381 4033//7381
f  3931//7382 4071//7382 3878//7382
f  4071//7383 4072//7383 3878//7383
f  4072//7384 3900//7384 3878//7384
f  4049//7385 4057//7385 4042//7385
f  4059//7386 4053//7386 4052//7386
f  4065//7387 4026//7387 4002//7387
f  3913//7388 4073//7388 3861//7388
f  4074//7389 4043//7389 3861//7389
f  4073//7390 4074//7390 3861//7390
f  4045//7391 4075//7391 3862//7391
f  4075//7392 4076//7392 3862//7392
f  4076//7393 4077//7393 3862//7393
f  4077//7394 3915//7394 3862//7394
f  4037//7395 4018//7395 4017//7395
f  4016//7396 4040//7396 4019//7396
f  4078//7397 4067//7397 4035//7397
f  4034//7398 4078//7398 4035//7398
f  4049//7399 4058//7399 4057//7399
f  4079//7400 4080//7400 3787//7400
f  3791//7401 4079//7401 3787//7401
f  4081//7402 4021//7402 3787//7402
f  4080//7403 4081//7403 3787//7403
f  4082//7404 3794//7404 3789//7404
f  4083//7405 4082//7405 3789//7405
f  4084//7406 4085//7406 3789//7406
f  4085//7407 4086//7407 3789//7407
f  4086//7408 4087//7408 3789//7408
f  4087//7409 4083//7409 3789//7409
f  4022//7410 4084//7410 3789//7410
f  4088//5 4023//5 3889//5
f  3890//7411 4089//7411 3889//7411
f  4089//7411 4088//7411 3889//7411
f  4026//5 4090//5 3891//5
f  4090//7412 3892//7412 3891//7412
f  4005//4 4089//4 3890//4
f  4090//7412 4091//7412 3892//7412
f  4091//4 4092//4 3892//4
f  4092//4 3909//4 3892//4
f  4049//7413 4055//7413 4058//7413
f  4066//7414 4093//7414 3998//7414
f  4093//7415 4094//7415 3998//7415
f  4094//7416 4049//7416 3998//7416
f  4072//7417 4095//7417 3900//7417
f  4095//7418 4036//7418 3900//7418
f  4061//7419 4053//7419 4059//7419
f  4096//7420 3931//7420 3930//7420
f  4097//7421 4096//7421 3930//7421
f  4053//7422 4097//7422 3930//7422
f  4098//7423 4099//7423 3913//7423
f  4099//7424 4100//7424 3913//7424
f  4100//7425 4073//7425 3913//7425
f  3912//7426 4098//7426 3913//7426
f  4077//7427 4101//7427 3915//7427
f  4101//7428 4102//7428 3915//7428
f  4102//7429 3914//7429 3915//7429
f  4103//7430 4078//7430 4034//7430
f  4041//7431 4103//7431 4034//7431
f  4018//7432 4104//7432 4014//7432
f  4104//7433 4105//7433 4014//7433
f  4105//7434 3918//7434 4014//7434
f  4056//7435 4106//7435 4015//7435
f  4106//7436 4107//7436 4015//7436
f  4107//7437 4016//7437 4015//7437
f  4055//7438 4108//7438 4038//7438
f  4108//7439 4109//7439 4038//7439
f  4109//7440 4110//7440 4038//7440
f  4110//7441 4111//7441 4038//7441
f  4111//7442 4112//7442 4038//7442
f  4112//7443 4037//7443 4038//7443
f  4113//7444 4114//7444 4039//7444
f  4114//7445 4115//7445 4039//7445
f  4115//7446 4062//7446 4039//7446
f  4040//7447 4116//7447 4039//7447
f  4116//7448 4117//7448 4039//7448
f  4117//7449 4113//7449 4039//7449
f  4118//7450 4068//7450 3918//7450
f  4105//7451 4118//7451 3918//7451
f  4070//7452 4119//7452 4056//7452
f  4119//7453 4106//7453 4056//7453
f  4023//7454 4050//7454 4024//7454
f  4094//7455 4055//7455 4049//7455
f  4092//356 3910//356 3909//356
f  4092//356 4120//356 3910//356
f  4121//5 3761//5 3910//5
f  4120//5 4121//5 3910//5
f  4036//7456 4122//7456 3920//7456
f  4122//7457 4046//7457 3920//7457
f  4061//7458 4063//7458 4053//7458
f  4063//7459 4123//7459 4053//7459
f  4123//7460 4097//7460 4053//7460
f  4124//7461 4103//7461 4041//7461
f  4048//7462 4124//7462 4041//7462
f  4037//7463 4125//7463 4018//7463
f  4125//7464 4104//7464 4018//7464
f  4107//7465 4126//7465 4016//7465
f  4126//7466 4127//7466 4016//7466
f  4127//7467 4040//7467 4016//7467
f  4064//7468 4026//7468 4065//7468
f  4128//7469 4124//7469 4048//7469
f  4050//7470 4128//7470 4048//7470
f  4129//7471 4130//7471 3932//7471
f  4130//7471 3933//7471 3932//7471
f  3849//5 4129//5 3932//5
f  3761//7472 3806//7472 3807//7472
f  4130//5 4004//5 3933//5
f  4121//7472 3806//7472 3761//7472
f  4131//7473 4060//7473 3935//7473
f  4046//7474 4131//7474 3935//7474
f  4029//7475 4132//7475 3912//7475
f  4132//7476 4098//7476 3912//7476
f  4102//7477 4133//7477 3914//7477
f  4133//7478 4134//7478 3914//7478
f  4134//7479 4031//7479 3914//7479
f  4135//7480 4136//7480 4001//7480
f  4136//7481 4064//7481 4001//7481
f  4137//7482 4135//7482 4001//7482
f  4060//7483 4137//7483 4001//7483
f  4062//7484 4123//7484 4063//7484
f  4094//7485 4108//7485 4055//7485
f  4094//7486 4109//7486 4108//7486
f  4115//7487 4123//7487 4062//7487
f  4112//7488 4138//7488 4037//7488
f  4138//7489 4139//7489 4037//7489
f  4139//7490 4125//7490 4037//7490
f  4127//7491 4140//7491 4040//7491
f  4140//7492 4116//7492 4040//7492
f  4141//7493 4118//7493 4105//7493
f  4142//7494 4141//7494 4105//7494
f  4104//7495 4142//7495 4105//7495
f  4119//7496 4143//7496 4106//7496
f  4143//7497 4144//7497 4106//7497
f  4144//7498 4107//7498 4106//7498
f  4094//7499 4145//7499 4109//7499
f  4146//7500 4110//7500 4109//7500
f  4145//7501 4146//7501 4109//7501
f  4147//7502 4148//7502 4029//7502
f  4148//7503 4149//7503 4029//7503
f  4149//7504 4132//7504 4029//7504
f  4030//7505 4147//7505 4029//7505
f  4150//7506 4151//7506 4031//7506
f  4151//7507 4032//7507 4031//7507
f  4134//7508 4150//7508 4031//7508
f  4125//7509 4152//7509 4104//7509
f  4152//7510 4142//7510 4104//7510
f  4144//7511 4153//7511 4107//7511
f  4153//7512 4126//7512 4107//7512
f  4154//7513 4155//7513 4067//7513
f  4078//7514 4154//7514 4067//7514
f  4155//7515 4066//7515 4067//7515
f  4141//7516 4156//7516 4118//7516
f  4156//7517 4157//7517 4118//7517
f  4157//7518 4158//7518 4118//7518
f  4158//7519 4159//7519 4118//7519
f  4159//7520 4068//7520 4118//7520
f  4069//7521 4160//7521 4070//7521
f  4160//7522 4161//7522 4070//7522
f  4161//7523 4162//7523 4070//7523
f  4162//7524 4119//7524 4070//7524
f  4071//7525 4163//7525 4072//7525
f  4163//7526 4095//7526 4072//7526
f  4136//7527 4026//7527 4064//7527
f  4068//7528 4147//7528 4030//7528
f  4151//7529 4164//7529 4032//7529
f  4164//7530 4069//7530 4032//7530
f  4093//7531 4145//7531 4094//7531
f  4115//7532 4165//7532 4123//7532
f  4165//7533 4166//7533 4123//7533
f  4166//7534 4097//7534 4123//7534
f  4167//7535 4154//7535 4078//7535
f  4103//7536 4167//7536 4078//7536
f  4139//7537 4168//7537 4125//7537
f  4168//7538 4152//7538 4125//7538
f  4169//7539 4170//7539 4127//7539
f  4170//7540 4140//7540 4127//7540
f  4126//7541 4169//7541 4127//7541
f  4171//7542 4172//7542 4005//7542
f  4004//7542 4171//7542 4005//7542
f  4172//4 4089//4 4005//4
f  4130//5 4171//5 4004//5
f  4173//7543 4174//7543 4068//7543
f  4174//7544 4147//7544 4068//7544
f  4159//7545 4175//7545 4068//7545
f  4175//7546 4173//7546 4068//7546
f  4164//7547 4176//7547 4069//7547
f  4176//7548 4177//7548 4069//7548
f  4177//7549 4160//7549 4069//7549
f  4178//7550 4141//7550 4142//7550
f  4179//7551 4178//7551 4142//7551
f  4152//7552 4179//7552 4142//7552
f  4180//7553 4153//7553 4144//7553
f  4143//7554 4180//7554 4144//7554
f  4178//7555 4181//7555 4141//7555
f  4181//7556 4182//7556 4141//7556
f  4182//7557 4156//7557 4141//7557
f  4183//7558 4184//7558 4119//7558
f  4162//7559 4183//7559 4119//7559
f  4184//7560 4143//7560 4119//7560
f  4146//7561 4111//7561 4110//7561
f  4095//7562 4185//7562 4036//7562
f  4185//7563 4122//7563 4036//7563
f  4146//7564 4112//7564 4111//7564
f  4114//7565 4186//7565 4115//7565
f  4186//7566 4165//7566 4115//7566
f  4187//7567 4112//7567 4146//7567
f  4145//7568 4187//7568 4146//7568
f  4113//7569 4186//7569 4114//7569
f  4117//7570 4186//7570 4113//7570
f  4188//7571 4167//7571 4103//7571
f  4124//7572 4188//7572 4103//7572
f  4117//7573 4189//7573 4186//7573
f  4190//7574 4165//7574 4186//7574
f  4189//7575 4190//7575 4186//7575
f  4023//7576 4128//7576 4050//7576
f  4191//7577 4093//7577 4066//7577
f  4155//7578 4191//7578 4066//7578
f  4187//7579 4138//7579 4112//7579
f  4116//7580 4189//7580 4117//7580
f  4192//7581 3925//7581 3856//7581
f  4193//7582 4192//7582 3856//7582
f  3857//7583 4193//7583 3856//7583
f  4192//7584 3926//7584 3925//7584
f  4194//7585 4045//7585 3926//7585
f  4192//7586 4194//7586 3926//7586
f  4194//7587 4075//7587 4045//7587
f  4195//7588 3924//7588 3923//7588
f  4196//7589 4195//7589 3923//7589
f  3922//7590 4196//7590 3923//7590
f  4044//7591 4196//7591 3922//7591
f  4195//7592 3854//7592 3924//7592
f  4043//7593 4196//7593 4044//7593
f  4197//7594 4080//7594 4079//7594
f  4198//7595 4197//7595 4079//7595
f  3791//7596 4198//7596 4079//7596
f  3799//7597 4198//7597 3791//7597
f  3855//7598 4198//7598 3799//7598
f  4199//7599 4193//7599 3857//7599
f  3797//7600 4199//7600 3857//7600
f  3854//7601 4195//7601 3855//7601
f  4195//7602 4198//7602 3855//7602
f  3783//5 3782//5 4200//5
f  3782//5 4201//5 4200//5
f  4201//7603 4202//7603 4200//7603
f  4202//7220 4022//7220 4200//7220
f  4022//7220 3786//7220 4200//7220
f  3786//7220 3783//7220 4200//7220
f  4203//7604 3781//7604 4020//7604
f  4204//7605 4203//7605 4020//7605
f  4021//7606 4204//7606 4020//7606
f  4205//7607 4206//7607 4022//7607
f  4206//7608 4084//7608 4022//7608
f  4202//7609 4205//7609 4022//7609
f  4207//4 4205//4 4202//4
f  4201//7603 4207//7603 4202//7603
f  4208//7610 4203//7610 4204//7610
f  4021//7611 4208//7611 4204//7611
f  4205//7612 4209//7612 4206//7612
f  4209//7613 4085//7613 4206//7613
f  4085//7614 4084//7614 4206//7614
f  4197//7615 4203//7615 4208//7615
f  4021//7616 4081//7616 4208//7616
f  4081//7617 4197//7617 4208//7617
f  4210//7618 4211//7618 4209//7618
f  4205//7619 4210//7619 4209//7619
f  4211//7620 4086//7620 4209//7620
f  4086//7621 4085//7621 4209//7621
f  4197//7622 4081//7622 4080//7622
f  4198//7623 4203//7623 4197//7623
f  4210//7624 4199//7624 4211//7624
f  4199//7625 4083//7625 4211//7625
f  4083//7626 4087//7626 4211//7626
f  4087//7627 4086//7627 4211//7627
f  4210//7628 4193//7628 4199//7628
f  3797//7629 3794//7629 4199//7629
f  3794//7630 4082//7630 4199//7630
f  4082//7631 4083//7631 4199//7631
f  4195//7632 4203//7632 4198//7632
f  4210//7633 4192//7633 4193//7633
f  4196//7634 4212//7634 4195//7634
f  4212//7635 4203//7635 4195//7635
f  4213//7636 4194//7636 4192//7636
f  4210//7637 4213//7637 4192//7637
f  4043//7638 4214//7638 4196//7638
f  4214//7639 4215//7639 4196//7639
f  4215//7640 4216//7640 4196//7640
f  4216//7641 4217//7641 4196//7641
f  4217//7642 4218//7642 4196//7642
f  4218//7643 4212//7643 4196//7643
f  4219//7644 4220//7644 4194//7644
f  4220//7645 4221//7645 4194//7645
f  4221//7646 4075//7646 4194//7646
f  4213//7647 4219//7647 4194//7647
f  4074//7648 4214//7648 4043//7648
f  4221//7649 4222//7649 4075//7649
f  4222//7650 4076//7650 4075//7650
f  4223//7651 4189//7651 4116//7651
f  4140//7652 4223//7652 4116//7652
f  4187//7653 4224//7653 4138//7653
f  4224//7654 4139//7654 4138//7654
f  4225//7655 4175//7655 4159//7655
f  4158//7656 4225//7656 4159//7656
f  4177//7657 4226//7657 4160//7657
f  4226//7658 4227//7658 4160//7658
f  4227//7659 4161//7659 4160//7659
f  4228//7660 4188//7660 4124//7660
f  4128//7661 4228//7661 4124//7661
f  4096//7662 4229//7662 3931//7662
f  4229//7663 4071//7663 3931//7663
f  4230//7664 4231//7664 4023//7664
f  4231//7665 4228//7665 4023//7665
f  4228//7666 4128//7666 4023//7666
f  4088//5 4230//5 4023//5
f  4136//7667 4135//7667 4026//7667
f  4135//7668 4137//7668 4026//7668
f  4137//7669 4232//7669 4026//7669
f  4232//7670 4233//7670 4026//7670
f  4233//5 4090//5 4026//5
f  4234//7671 4131//7671 4046//7671
f  4122//7672 4234//7672 4046//7672
f  4187//7673 4235//7673 4224//7673
f  4235//7674 4139//7674 4224//7674
f  4168//7675 4236//7675 4152//7675
f  4236//7676 4179//7676 4152//7676
f  4153//7677 4169//7677 4126//7677
f  4237//7678 4225//7678 4158//7678
f  4238//7679 4237//7679 4158//7679
f  4157//7680 4238//7680 4158//7680
f  4227//7681 4239//7681 4161//7681
f  4239//7682 4240//7682 4161//7682
f  4240//7683 4162//7683 4161//7683
f  4232//7684 4137//7684 4060//7684
f  4131//7685 4232//7685 4060//7685
f  4241//7686 4242//7686 4178//7686
f  4242//7687 4181//7687 4178//7687
f  4179//7688 4241//7688 4178//7688
f  4243//7689 4244//7689 4143//7689
f  4184//7690 4243//7690 4143//7690
f  4244//7691 4180//7691 4143//7691
f  4156//7692 4245//7692 4157//7692
f  4245//7693 4238//7693 4157//7693
f  4240//7694 4246//7694 4162//7694
f  4246//7695 4183//7695 4162//7695
f  4191//7696 4247//7696 4093//7696
f  4247//7697 4145//7697 4093//7697
f  4248//7698 4245//7698 4156//7698
f  4249//7699 4248//7699 4156//7699
f  4182//7700 4249//7700 4156//7700
f  4246//7701 4250//7701 4183//7701
f  4250//7702 4251//7702 4183//7702
f  4251//7703 4184//7703 4183//7703
f  4235//7704 4252//7704 4139//7704
f  4252//7705 4168//7705 4139//7705
f  4170//7706 4253//7706 4140//7706
f  4253//7707 4254//7707 4140//7707
f  4254//7708 4223//7708 4140//7708
f  4255//7709 4096//7709 4097//7709
f  4166//7710 4255//7710 4097//7710
f  4256//7711 4241//7711 4179//7711
f  4236//7712 4256//7712 4179//7712
f  4180//7713 4169//7713 4153//7713
f  4257//7714 4249//7714 4182//7714
f  4258//7715 4257//7715 4182//7715
f  4259//7716 4258//7716 4182//7716
f  4181//7717 4259//7717 4182//7717
f  4251//7718 4260//7718 4184//7718
f  4260//7719 4243//7719 4184//7719
f  4187//7720 4252//7720 4235//7720
f  4261//7721 4187//7721 4145//7721
f  4247//7722 4261//7722 4145//7722
f  4254//7723 4189//7723 4223//7723
f  4190//7724 4262//7724 4165//7724
f  4262//7725 4166//7725 4165//7725
f  4263//7726 4259//7726 4181//7726
f  4242//7727 4263//7727 4181//7727
f  4264//7728 4244//7728 4243//7728
f  4260//7729 4264//7729 4243//7729
f  4265//7730 4076//7730 4222//7730
f  4266//7731 4265//7731 4222//7731
f  4221//7732 4266//7732 4222//7732
f  4253//7733 4267//7733 4254//7733
f  4267//7734 4189//7734 4254//7734
f  4187//7735 4268//7735 4252//7735
f  4268//7736 4168//7736 4252//7736
f  4269//7737 4268//7737 4187//7737
f  4270//7738 4269//7738 4187//7738
f  4261//7739 4270//7739 4187//7739
f  4271//7740 4263//7740 4242//7740
f  4241//7741 4271//7741 4242//7741
f  4264//7742 4272//7742 4244//7742
f  4272//7743 4180//7743 4244//7743
f  4269//7744 4273//7744 4168//7744
f  4268//7745 4269//7745 4168//7745
f  4273//7746 4236//7746 4168//7746
f  4274//7747 4275//7747 4170//7747
f  4275//7748 4276//7748 4170//7748
f  4276//7749 4253//7749 4170//7749
f  4169//7750 4274//7750 4170//7750
f  4277//7751 4190//7751 4189//7751
f  4267//7752 4277//7752 4189//7752
f  4278//7753 4271//7753 4241//7753
f  4256//7754 4278//7754 4241//7754
f  4279//7755 4169//7755 4180//7755
f  4280//7756 4279//7756 4180//7756
f  4281//7757 4280//7757 4180//7757
f  4272//7758 4281//7758 4180//7758
f  4074//7759 4215//7759 4214//7759
f  4282//7760 4155//7760 4154//7760
f  4283//7761 4282//7761 4154//7761
f  4167//7762 4283//7762 4154//7762
f  4163//7763 4284//7763 4095//7763
f  4284//7764 4185//7764 4095//7764
f  4270//7765 4273//7765 4269//7765
f  4285//7766 4286//7766 4236//7766
f  4287//7767 4285//7767 4236//7767
f  4286//7768 4288//7768 4236//7768
f  4288//7769 4289//7769 4236//7769
f  4289//7770 4290//7770 4236//7770
f  4273//7771 4287//7771 4236//7771
f  4290//7772 4256//7772 4236//7772
f  4291//7773 4292//7773 4169//7773
f  4279//7774 4293//7774 4169//7774
f  4293//7775 4294//7775 4169//7775
f  4294//7776 4291//7776 4169//7776
f  4292//7777 4274//7777 4169//7777
f  4276//7778 4267//7778 4253//7778
f  4295//7779 4296//7779 4074//7779
f  4296//7780 4216//7780 4074//7780
f  4216//7781 4215//7781 4074//7781
f  4073//7782 4295//7782 4074//7782
f  4297//7783 4283//7783 4167//7783
f  4188//7784 4297//7784 4167//7784
f  4278//7785 4298//7785 4271//7785
f  4298//7786 4299//7786 4271//7786
f  4299//7787 4263//7787 4271//7787
f  4300//7788 4301//7788 4281//7788
f  4301//7789 4280//7789 4281//7789
f  4272//7790 4300//7790 4281//7790
f  4302//7791 4259//7791 4263//7791
f  4299//7792 4303//7792 4263//7792
f  4303//7793 4302//7793 4263//7793
f  4264//7794 4304//7794 4272//7794
f  4304//7795 4300//7795 4272//7795
f  4305//7796 4306//7796 4278//7796
f  4306//7797 4307//7797 4278//7797
f  4307//7798 4298//7798 4278//7798
f  4256//7799 4305//7799 4278//7799
f  4301//7800 4308//7800 4280//7800
f  4308//7801 4309//7801 4280//7801
f  4309//7802 4310//7802 4280//7802
f  4310//7803 4279//7803 4280//7803
f  4290//7804 4305//7804 4256//7804
f  4311//7805 4312//7805 4279//7805
f  4312//7806 4293//7806 4279//7806
f  4310//7807 4311//7807 4279//7807
f  4275//7808 4267//7808 4276//7808
f  4313//7809 4258//7809 4259//7809
f  4314//7810 4313//7810 4259//7810
f  4302//7811 4315//7811 4259//7811
f  4315//7812 4314//7812 4259//7812
f  4316//7813 4317//7813 4264//7813
f  4260//7814 4318//7814 4264//7814
f  4318//7815 4316//7815 4264//7815
f  4317//7816 4304//7816 4264//7816
f  4231//7817 4188//7817 4228//7817
f  4220//7818 4266//7818 4221//7818
f  4319//7819 4320//7819 4305//7819
f  4320//7820 4306//7820 4305//7820
f  4321//7821 4319//7821 4305//7821
f  4290//7822 4321//7822 4305//7822
f  4322//7823 4323//7823 4310//7823
f  4309//7824 4324//7824 4310//7824
f  4324//7825 4322//7825 4310//7825
f  4323//7826 4311//7826 4310//7826
f  4270//7827 4325//7827 4273//7827
f  4325//7828 4287//7828 4273//7828
f  4274//7829 4326//7829 4275//7829
f  4326//7830 4267//7830 4275//7830
f  4327//7831 4297//7831 4188//7831
f  4231//7832 4327//7832 4188//7832
f  4328//7833 4329//7833 4247//7833
f  4191//7834 4328//7834 4247//7834
f  4329//7835 4261//7835 4247//7835
f  4185//7836 4330//7836 4122//7836
f  4330//7837 4234//7837 4122//7837
f  4331//7838 4265//7838 4266//7838
f  4332//7839 4331//7839 4266//7839
f  4220//7840 4332//7840 4266//7840
f  4296//7841 4217//7841 4216//7841
f  4219//7842 4332//7842 4220//7842
f  4213//7843 4332//7843 4219//7843
f  4296//7844 4218//7844 4217//7844
f  4313//7845 4257//7845 4258//7845
f  4251//7846 4333//7846 4260//7846
f  4333//7847 4318//7847 4260//7847
f  4213//7848 4331//7848 4332//7848
f  4296//7849 4212//7849 4218//7849
f  4334//7850 4335//7850 4319//7850
f  4335//7851 4336//7851 4319//7851
f  4336//7852 4320//7852 4319//7852
f  4337//7853 4334//7853 4319//7853
f  4321//7854 4337//7854 4319//7854
f  4338//7855 4323//7855 4322//7855
f  4324//7856 4339//7856 4322//7856
f  4339//7857 4338//7857 4322//7857
f  4213//7858 4265//7858 4331//7858
f  4295//7859 4212//7859 4296//7859
f  4073//7860 4212//7860 4295//7860
f  4213//7861 4076//7861 4265//7861
f  4100//7862 4212//7862 4073//7862
f  4213//7863 4077//7863 4076//7863
f  4099//7864 4212//7864 4100//7864
f  4213//7865 4101//7865 4077//7865
f  4340//7866 4102//7866 4101//7866
f  4213//7867 4340//7867 4101//7867
f  4098//7868 4212//7868 4099//7868
f  4341//7869 4212//7869 4098//7869
f  4132//7870 4341//7870 4098//7870
f  4340//7871 4133//7871 4102//7871
f  4340//7872 4134//7872 4133//7872
f  4149//7873 4341//7873 4132//7873
f  4148//7874 4341//7874 4149//7874
f  4340//7875 4150//7875 4134//7875
f  4342//7876 4151//7876 4150//7876
f  4340//7877 4342//7877 4150//7877
f  4147//7878 4341//7878 4148//7878
f  4174//7879 4341//7879 4147//7879
f  4342//7880 4164//7880 4151//7880
f  4342//7881 4176//7881 4164//7881
f  4342//7882 4177//7882 4176//7882
f  4173//7883 4341//7883 4174//7883
f  4342//7884 4226//7884 4177//7884
f  4342//7885 4227//7885 4226//7885
f  4342//7886 4239//7886 4227//7886
f  4343//7887 4240//7887 4239//7887
f  4342//7888 4343//7888 4239//7888
f  4343//7889 4246//7889 4240//7889
f  4343//7890 4250//7890 4246//7890
f  4175//7891 4341//7891 4173//7891
f  4343//7892 4251//7892 4250//7892
f  4344//7893 4248//7893 4249//7893
f  4257//7894 4344//7894 4249//7894
f  4313//7895 4344//7895 4257//7895
f  4314//7896 4344//7896 4313//7896
f  4301//7897 4309//7897 4308//7897
f  4345//7898 4324//7898 4309//7898
f  4301//7899 4345//7899 4309//7899
f  4346//7900 4344//7900 4314//7900
f  4315//7901 4346//7901 4314//7901
f  4302//7902 4346//7902 4315//7902
f  4300//7903 4345//7903 4301//7903
f  4345//7904 4339//7904 4324//7904
f  4344//7905 4341//7905 4175//7905
f  4225//7906 4344//7906 4175//7906
f  4304//7907 4345//7907 4300//7907
f  4345//7908 4338//7908 4339//7908
f  4303//7909 4346//7909 4302//7909
f  4299//7910 4346//7910 4303//7910
f  4317//7911 4345//7911 4304//7911
f  4298//7912 4346//7912 4299//7912
f  4347//7913 4346//7913 4298//7913
f  4307//7914 4347//7914 4298//7914
f  4348//7915 4323//7915 4338//7915
f  4349//7916 4348//7916 4338//7916
f  4345//7917 4349//7917 4338//7917
f  4306//7918 4347//7918 4307//7918
f  4320//7919 4347//7919 4306//7919
f  4336//7920 4347//7920 4320//7920
f  4335//7921 4347//7921 4336//7921
f  4334//7922 4347//7922 4335//7922
f  4350//7923 4351//7923 4352//7923
f  4353//7924 4350//7924 4352//7924
f  4354//7925 4353//7925 4352//7925
f  4355//7926 4354//7926 4352//7926
f  4356//7927 4355//7927 4352//7927
f  4337//7928 4356//7928 4352//7928
f  4351//7929 4337//7929 4352//7929
f  4357//7930 4350//7930 4353//7930
f  4354//7931 4357//7931 4353//7931
f  4344//7932 4245//7932 4248//7932
f  4358//7933 4323//7933 4348//7933
f  4349//7934 4358//7934 4348//7934
f  4347//7935 4334//7935 4351//7935
f  4350//7936 4347//7936 4351//7936
f  4334//7937 4337//7937 4351//7937
f  4343//7938 4333//7938 4251//7938
f  4359//7939 4323//7939 4358//7939
f  4360//7940 4359//7940 4358//7940
f  4349//7941 4360//7941 4358//7941
f  4361//7942 4362//7942 4363//7942
f  4362//7943 4360//7943 4363//7943
f  4360//7944 4349//7944 4363//7944
f  4349//7945 4361//7945 4363//7945
f  4364//7946 4362//7946 4361//7946
f  4349//7947 4364//7947 4361//7947
f  4365//7948 4362//7948 4364//7948
f  4366//7949 4365//7949 4364//7949
f  4349//7950 4366//7950 4364//7950
f  4362//7951 4367//7951 4360//7951
f  4368//7952 4359//7952 4360//7952
f  4367//7953 4368//7953 4360//7953
f  4343//7954 4345//7954 4317//7954
f  4316//7955 4343//7955 4317//7955
f  4318//7956 4343//7956 4316//7956
f  4343//7957 4318//7957 4333//7957
f  4237//7958 4344//7958 4225//7958
f  4238//7959 4344//7959 4237//7959
f  4344//7960 4238//7960 4245//7960
f  4369//7961 4350//7961 4357//7961
f  4354//7962 4369//7962 4357//7962
f  4370//7963 4366//7963 4369//7963
f  4366//7964 4350//7964 4369//7964
f  4371//7965 4370//7965 4369//7965
f  4354//7966 4371//7966 4369//7966
f  4370//7967 4362//7967 4365//7967
f  4366//7968 4370//7968 4365//7968
f  4371//7969 4362//7969 4370//7969
f  3950//7220 3769//7220 3767//7220
f  3768//7220 3950//7220 3767//7220
f  3956//7220 3950//7220 3768//7220
f  3770//7220 3956//7220 3768//7220
f  3950//7220 3954//7220 3769//7220
f  3954//7220 3771//7220 3769//7220
f  3960//7220 3956//7220 3770//7220
f  3772//7220 3960//7220 3770//7220
f  3954//7220 3773//7220 3771//7220
f  3968//7220 3960//7220 3772//7220
f  3774//7220 3968//7220 3772//7220
f  3959//7220 3775//7220 3773//7220
f  3954//7220 3959//7220 3773//7220
f  3972//7220 3968//7220 3774//7220
f  3777//7220 3972//7220 3774//7220
f  3967//7220 3776//7220 3775//7220
f  3959//7220 3967//7220 3775//7220
f  3979//7220 3972//7220 3777//7220
f  3779//7220 3979//7220 3777//7220
f  3780//7220 3778//7220 3967//7220
f  4201//7220 3780//7220 3967//7220
f  4207//7220 4201//7220 3967//7220
f  3971//7220 4207//7220 3967//7220
f  3778//7220 3776//7220 3967//7220
f  3978//7220 4207//7220 3971//7220
f  3781//7220 3979//7220 3779//7220
f  3781//7220 3986//7220 3979//7220
f  3982//7220 4207//7220 3978//7220
f  4201//7220 3782//7220 3780//7220
f  4203//7220 3986//7220 3781//7220
f  4203//7220 3988//7220 3986//7220
f  3987//7220 4207//7220 3982//7220
f  4210//7220 4205//7220 4207//7220
f  3987//7220 4342//7220 4207//7220
f  4342//7220 4210//7220 4207//7220
f  4212//7220 3988//7220 4203//7220
f  4342//7220 4340//7220 4210//7220
f  4340//7220 4213//7220 4210//7220
f  4212//7220 3990//7220 3988//7220
f  3989//7220 4342//7220 3987//7220
f  4341//7220 3990//7220 4212//7220
f  4341//7220 3992//7220 3990//7220
f  3991//7220 4342//7220 3989//7220
f  4341//7220 4344//7220 3992//7220
f  4344//7220 3994//7220 3992//7220
f  3993//7220 4343//7220 3991//7220
f  4343//7220 4342//7220 3991//7220
f  4344//7220 4346//7220 3994//7220
f  4346//7220 3996//7220 3994//7220
f  3995//7220 4345//7220 3993//7220
f  4345//7220 4343//7220 3993//7220
f  4350//7220 3997//7220 3996//7220
f  4346//7220 4347//7220 3996//7220
f  4347//7220 4350//7220 3996//7220
f  3997//7220 4349//7220 3995//7220
f  4349//7220 4345//7220 3995//7220
f  4350//7220 4366//7220 3997//7220
f  4366//7220 4349//7220 3997//7220
f  4354//7970 4372//7970 4371//7970
f  4372//7971 4362//7971 4371//7971
f  4373//7972 4255//7972 4166//7972
f  4262//7973 4373//7973 4166//7973
f  4359//7974 4374//7974 4323//7974
f  4374//7975 4311//7975 4323//7975
f  4321//7976 4356//7976 4337//7976
f  4375//7977 4270//7977 4261//7977
f  4329//7978 4375//7978 4261//7978
f  4376//7979 4233//7979 4232//7979
f  4131//7980 4376//7980 4232//7980
f  4372//7981 4377//7981 4362//7981
f  4377//7982 4367//7982 4362//7982
f  4378//7983 4379//7983 4354//7983
f  4379//7984 4380//7984 4354//7984
f  4380//7985 4372//7985 4354//7985
f  4355//7986 4378//7986 4354//7986
f  4325//7987 4285//7987 4287//7987
f  4381//7988 4376//7988 4131//7988
f  4234//7989 4381//7989 4131//7989
f  4375//7990 4325//7990 4270//7990
f  4277//7991 4382//7991 4190//7991
f  4382//7992 4262//7992 4190//7992
f  4383//5 4230//5 4088//5
f  4089//7993 4384//7993 4088//7993
f  4384//7993 4383//7993 4088//7993
f  4233//5 4385//5 4090//5
f  4385//7994 4091//7994 4090//7994
f  4172//4 4384//4 4089//4
f  4385//7994 4386//7994 4091//7994
f  4386//4 4387//4 4091//4
f  4387//4 4092//4 4091//4
f  4388//7995 4277//7995 4267//7995
f  4326//7996 4388//7996 4267//7996
f  4368//7997 4389//7997 4359//7997
f  4389//7998 4374//7998 4359//7998
f  4390//7999 4355//7999 4356//7999
f  4391//8000 4390//8000 4356//8000
f  4321//8001 4391//8001 4356//8001
f  4325//8002 4286//8002 4285//8002
f  4380//8003 4377//8003 4372//8003
f  4377//8004 4392//8004 4367//8004
f  4393//8005 4368//8005 4367//8005
f  4392//8006 4393//8006 4367//8006
f  4390//8007 4378//8007 4355//8007
f  4292//8008 4326//8008 4274//8008
f  4230//8009 4327//8009 4231//8009
f  4374//8010 4394//8010 4311//8010
f  4394//8011 4312//8011 4311//8011
f  4290//8012 4395//8012 4321//8012
f  4395//8013 4396//8013 4321//8013
f  4396//8014 4397//8014 4321//8014
f  4397//8015 4391//8015 4321//8015
f  4387//482 4120//482 4092//482
f  4387//482 4398//482 4120//482
f  4399//5 4121//5 4120//5
f  4398//5 4399//5 4120//5
f  4400//8016 4401//8016 4155//8016
f  4282//8017 4400//8017 4155//8017
f  4401//8018 4191//8018 4155//8018
f  4379//8019 4402//8019 4380//8019
f  4402//8020 4377//8020 4380//8020
f  4393//8021 4403//8021 4368//8021
f  4403//8022 4389//8022 4368//8022
f  4404//8023 4378//8023 4390//8023
f  4405//8024 4404//8024 4390//8024
f  4391//8025 4405//8025 4390//8025
f  4291//8026 4326//8026 4292//8026
f  4402//8027 4406//8027 4377//8027
f  4406//8028 4392//8028 4377//8028
f  4407//8029 4406//8029 4379//8029
f  4406//8030 4402//8030 4379//8030
f  4378//8031 4407//8031 4379//8031
f  4229//8032 4408//8032 4071//8032
f  4408//8033 4409//8033 4071//8033
f  4409//8034 4163//8034 4071//8034
f  4410//8035 4411//8035 4129//8035
f  4411//8035 4130//8035 4129//8035
f  3849//5 4410//5 4129//5
f  4121//8036 3851//8036 3806//8036
f  4411//5 4171//5 4130//5
f  4399//8036 3851//8036 4121//8036
f  4294//8037 4412//8037 4291//8037
f  4413//8038 4326//8038 4291//8038
f  4412//8039 4413//8039 4291//8039
f  4325//8040 4414//8040 4286//8040
f  4414//8041 4415//8041 4286//8041
f  4415//8042 4288//8042 4286//8042
f  4394//8043 4416//8043 4312//8043
f  4416//8044 4417//8044 4312//8044
f  4417//8045 4418//8045 4312//8045
f  4418//8046 4419//8046 4312//8046
f  4419//8047 4293//8047 4312//8047
f  4420//8048 4421//8048 4290//8048
f  4421//8049 4395//8049 4290//8049
f  4289//8050 4422//8050 4290//8050
f  4422//8051 4420//8051 4290//8051
f  4389//8052 4423//8052 4374//8052
f  4423//8053 4394//8053 4374//8053
f  4397//8054 4405//8054 4391//8054
f  4415//8055 4424//8055 4288//8055
f  4424//8056 4289//8056 4288//8056
f  4407//8057 4392//8057 4406//8057
f  4378//8058 4425//8058 4407//8058
f  4426//8059 4392//8059 4407//8059
f  4425//8060 4426//8060 4407//8060
f  4427//8061 4424//8061 4415//8061
f  4414//8062 4427//8062 4415//8062
f  4428//8063 4429//8063 4393//8063
f  4426//8064 4428//8064 4393//8064
f  4392//8065 4426//8065 4393//8065
f  4429//8066 4430//8066 4393//8066
f  4430//8067 4403//8067 4393//8067
f  4431//8068 4378//8068 4404//8068
f  4432//8069 4431//8069 4404//8069
f  4433//8070 4432//8070 4404//8070
f  4434//8071 4433//8071 4404//8071
f  4405//8072 4434//8072 4404//8072
f  4435//8073 4412//8073 4294//8073
f  4436//8074 4435//8074 4294//8074
f  4293//8075 4436//8075 4294//8075
f  4427//8076 4422//8076 4424//8076
f  4422//8077 4289//8077 4424//8077
f  4419//8078 4436//8078 4293//8078
f  4437//8079 4413//8079 4412//8079
f  4435//8080 4437//8080 4412//8080
f  4438//8081 4425//8081 4378//8081
f  4439//8082 4438//8082 4378//8082
f  4431//8083 4439//8083 4378//8083
f  4440//8084 4328//8084 4191//8084
f  4401//8085 4440//8085 4191//8085
f  4427//8086 4420//8086 4422//8086
f  4419//8087 4435//8087 4436//8087
f  4438//8088 4441//8088 4425//8088
f  4442//8089 4426//8089 4425//8089
f  4441//8090 4442//8090 4425//8090
f  4443//8091 4400//8091 4282//8091
f  4283//8092 4443//8092 4282//8092
f  4375//8093 4444//8093 4325//8093
f  4444//8094 4414//8094 4325//8094
f  4255//8095 4445//8095 4096//8095
f  4445//8096 4446//8096 4096//8096
f  4446//8097 4229//8097 4096//8097
f  4418//8098 4435//8098 4419//8098
f  4447//8099 4388//8099 4326//8099
f  4413//8100 4447//8100 4326//8100
f  4403//8101 4448//8101 4389//8101
f  4448//8102 4423//8102 4389//8102
f  4449//8103 4434//8103 4405//8103
f  4397//8104 4449//8104 4405//8104
f  4427//8105 4421//8105 4420//8105
f  4450//8106 4435//8106 4418//8106
f  4417//8107 4450//8107 4418//8107
f  4451//8108 4444//8108 4375//8108
f  4329//8109 4451//8109 4375//8109
f  4452//8110 4451//8110 4329//8110
f  4328//8111 4452//8111 4329//8111
f  4453//8112 4284//8112 4163//8112
f  4409//8113 4453//8113 4163//8113
f  4388//8114 4454//8114 4277//8114
f  4454//8115 4382//8115 4277//8115
f  4455//8116 4428//8116 4426//8116
f  4456//8117 4455//8117 4426//8117
f  4442//8118 4456//8118 4426//8118
f  4457//8119 4439//8119 4431//8119
f  4458//8120 4457//8120 4431//8120
f  4432//8121 4458//8121 4431//8121
f  4459//8122 4395//8122 4421//8122
f  4427//8123 4459//8123 4421//8123
f  4460//8124 4373//8124 4262//8124
f  4382//8125 4460//8125 4262//8125
f  4461//8126 4459//8126 4427//8126
f  4414//8127 4461//8127 4427//8127
f  4462//8128 4437//8128 4435//8128
f  4450//8129 4462//8129 4435//8129
f  4416//8130 4450//8130 4417//8130
f  4463//8131 4443//8131 4283//8131
f  4297//8132 4463//8132 4283//8132
f  4464//8133 4450//8133 4416//8133
f  4394//8134 4464//8134 4416//8134
f  4465//8135 4396//8135 4395//8135
f  4459//8136 4465//8136 4395//8136
f  4423//8137 4464//8137 4394//8137
f  4465//8138 4397//8138 4396//8138
f  4438//8139 4466//8139 4441//8139
f  4466//8140 4442//8140 4441//8140
f  4465//8141 4449//8141 4397//8141
f  4448//8142 4464//8142 4423//8142
f  4465//8143 4467//8143 4449//8143
f  4467//8144 4434//8144 4449//8144
f  4439//8145 4468//8145 4438//8145
f  4468//8146 4466//8146 4438//8146
f  4469//8147 4456//8147 4442//8147
f  4466//8148 4469//8148 4442//8148
f  4457//8149 4468//8149 4439//8149
f  4458//8150 4468//8150 4457//8150
f  4470//8151 4330//8151 4185//8151
f  4284//8152 4470//8152 4185//8152
f  4469//8153 4455//8153 4456//8153
f  4469//8154 4428//8154 4455//8154
f  4430//8155 4471//8155 4403//8155
f  4471//8156 4448//8156 4403//8156
f  4467//8157 4433//8157 4434//8157
f  4472//8158 4464//8158 4448//8158
f  4471//8159 4472//8159 4448//8159
f  4432//8160 4473//8160 4458//8160
f  4473//8161 4468//8161 4458//8161
f  4430//8162 4472//8162 4471//8162
f  4469//8163 4472//8163 4430//8163
f  4429//8164 4469//8164 4430//8164
f  4469//8165 4429//8165 4428//8165
f  4327//8166 4474//8166 4297//8166
f  4474//8167 4475//8167 4297//8167
f  4475//8168 4476//8168 4297//8168
f  4476//8169 4463//8169 4297//8169
f  4473//8170 4433//8170 4467//8170
f  4465//8171 4473//8171 4467//8171
f  4433//8172 4473//8172 4432//8172
f  4230//8173 4474//8173 4327//8173
f  4468//8174 4477//8174 4466//8174
f  4477//8175 4469//8175 4466//8175
f  4444//8176 4478//8176 4414//8176
f  4478//8177 4461//8177 4414//8177
f  4479//8178 4465//8178 4459//8178
f  4461//8179 4479//8179 4459//8179
f  4480//8180 4447//8180 4413//8180
f  4437//8181 4480//8181 4413//8181
f  4481//8182 4462//8182 4450//8182
f  4464//8183 4481//8183 4450//8183
f  4482//8184 4381//8184 4234//8184
f  4330//8185 4483//8185 4234//8185
f  4483//8186 4482//8186 4234//8186
f  4400//8187 4484//8187 4401//8187
f  4484//8188 4440//8188 4401//8188
f  4381//8189 4233//8189 4376//8189
f  4446//8190 4485//8190 4229//8190
f  4485//8191 4408//8191 4229//8191
f  4486//8192 4478//8192 4444//8192
f  4451//8193 4486//8193 4444//8193
f  4487//8194 4473//8194 4465//8194
f  4479//8195 4487//8195 4465//8195
f  4472//8196 4481//8196 4464//8196
f  4447//8197 4488//8197 4388//8197
f  4488//8198 4454//8198 4388//8198
f  4440//8199 4489//8199 4328//8199
f  4489//8200 4452//8200 4328//8200
f  4490//8201 4491//8201 4172//8201
f  4171//8201 4490//8201 4172//8201
f  4491//4 4384//4 4172//4
f  4411//5 4490//5 4171//5
f  4492//8202 4486//8202 4451//8202
f  4452//8203 4492//8203 4451//8203
f  4373//8204 4493//8204 4255//8204
f  4493//8205 4445//8205 4255//8205
f  4494//8206 4460//8206 4382//8206
f  4454//8207 4494//8207 4382//8207
f  4230//8208 4475//8208 4474//8208
f  4478//8209 4495//8209 4461//8209
f  4495//8210 4479//8210 4461//8210
f  4496//8211 4480//8211 4437//8211
f  4462//8212 4496//8212 4437//8212
f  4487//8213 4497//8213 4473//8213
f  4497//8214 4468//8214 4473//8214
f  4498//8215 4481//8215 4472//8215
f  4469//8216 4498//8216 4472//8216
f  4499//8217 4484//8217 4400//8217
f  4443//8218 4499//8218 4400//8218
f  4468//8219 4500//8219 4477//8219
f  4500//8220 4469//8220 4477//8220
f  4501//8221 4500//8221 4468//8221
f  4502//8222 4501//8222 4468//8222
f  4497//8223 4502//8223 4468//8223
f  4503//8224 4498//8224 4469//8224
f  4500//8225 4503//8225 4469//8225
f  4504//8226 4453//8226 4409//8226
f  4408//8227 4504//8227 4409//8227
f  4501//8228 4503//8228 4500//8228
f  4476//8229 4475//8229 4230//8229
f  4505//8230 4506//8230 4230//8230
f  4506//8231 4507//8231 4230//8231
f  4507//8232 4476//8232 4230//8232
f  4383//5 4505//5 4230//5
f  4381//8233 4482//8233 4233//8233
f  4482//8234 4483//8234 4233//8234
f  4483//8235 4508//8235 4233//8235
f  4508//5 4385//5 4233//5
f  4495//8236 4509//8236 4479//8236
f  4509//8237 4487//8237 4479//8237
f  4510//8238 4495//8238 4478//8238
f  4486//8239 4510//8239 4478//8239
f  4511//8240 4496//8240 4462//8240
f  4481//8241 4511//8241 4462//8241
f  4480//8242 4512//8242 4447//8242
f  4512//8243 4488//8243 4447//8243
f  4513//8244 4499//8244 4443//8244
f  4463//8245 4513//8245 4443//8245
f  4453//8246 4470//8246 4284//8246
f  4514//8247 4489//8247 4440//8247
f  4484//8248 4514//8248 4440//8248
f  4506//8249 4513//8249 4463//8249
f  4476//8250 4507//8250 4463//8250
f  4507//8251 4506//8251 4463//8251
f  4515//8252 4510//8252 4486//8252
f  4492//8253 4515//8253 4486//8253
f  4516//8254 4497//8254 4487//8254
f  4509//8255 4517//8255 4487//8255
f  4517//8256 4516//8256 4487//8256
f  4518//8257 4511//8257 4481//8257
f  4498//8258 4518//8258 4481//8258
f  4519//8259 4485//8259 4446//8259
f  4445//8260 4519//8260 4446//8260
f  4520//8261 4494//8261 4454//8261
f  4488//8262 4520//8262 4454//8262
f  4521//8263 4483//8263 4330//8263
f  4522//8264 4521//8264 4330//8264
f  4470//8265 4523//8265 4330//8265
f  4523//8266 4524//8266 4330//8266
f  4524//8267 4522//8267 4330//8267
f  4489//8268 4525//8268 4452//8268
f  4525//8269 4492//8269 4452//8269
f  4526//8270 4509//8270 4495//8270
f  4510//8271 4526//8271 4495//8271
f  4460//8272 4527//8272 4373//8272
f  4527//8273 4493//8273 4373//8273
f  4496//8274 4528//8274 4480//8274
f  4528//8275 4512//8275 4480//8275
f  4516//8276 4529//8276 4497//8276
f  4529//8277 4502//8277 4497//8277
f  4530//8278 4518//8278 4498//8278
f  4503//8279 4530//8279 4498//8279
f  4521//8280 4508//8280 4483//8280
f  4502//8281 4531//8281 4501//8281
f  4531//8282 4503//8282 4501//8282
f  4499//8283 4532//8283 4484//8283
f  4532//8284 4514//8284 4484//8284
f  4533//8285 4531//8285 4502//8285
f  4534//8286 4533//8286 4502//8286
f  4529//8287 4534//8287 4502//8287
f  4535//8288 4530//8288 4503//8288
f  4531//8289 4535//8289 4503//8289
f  4533//8290 4535//8290 4531//8290
f  4485//8291 4536//8291 4408//8291
f  4536//8292 4504//8292 4408//8292
f  4537//8293 4526//8293 4510//8293
f  4515//8294 4537//8294 4510//8294
f  4538//8295 4517//8295 4509//8295
f  4526//8296 4538//8296 4509//8296
f  4539//684 4398//684 4387//684
f  4386//4 4539//4 4387//4
f  4539//684 4540//684 4398//684
f  4541//5 4399//5 4398//5
f  4540//5 4541//5 4398//5
f  4511//8297 4542//8297 4496//8297
f  4542//8298 4528//8298 4496//8298
f  4543//8299 4520//8299 4488//8299
f  4512//8300 4543//8300 4488//8300
f  4544//5 4505//5 4383//5
f  4384//8301 4545//8301 4383//8301
f  4545//8301 4544//8301 4383//8301
f  4508//5 4546//5 4385//5
f  4546//8302 4386//8302 4385//8302
f  4491//4 4545//4 4384//4
f  4546//8302 4547//8302 4386//8302
f  4547//4 4548//4 4386//4
f  4548//4 4539//4 4386//4
f  4549//8303 4550//8303 4410//8303
f  4550//8303 4411//8303 4410//8303
f  3849//5 4549//5 4410//5
f  4399//8304 3850//8304 3851//8304
f  4550//5 4490//5 4411//5
f  4551//8304 3850//8304 4399//8304
f  4541//5 4551//5 4399//5
f  4552//8305 4532//8305 4499//8305
f  4513//8306 4552//8306 4499//8306
f  4514//8307 4553//8307 4489//8307
f  4553//8308 4525//8308 4489//8308
f  4504//8309 4554//8309 4453//8309
f  4554//8310 4555//8310 4453//8310
f  4555//8311 4470//8311 4453//8311
f  4556//8312 4516//8312 4517//8312
f  4538//8313 4556//8313 4517//8313
f  4518//8314 4557//8314 4511//8314
f  4557//8315 4542//8315 4511//8315
f  4493//8316 4558//8316 4445//8316
f  4558//8317 4519//8317 4445//8317
f  4525//8318 4559//8318 4492//8318
f  4559//8319 4515//8319 4492//8319
f  4494//8320 4560//8320 4460//8320
f  4560//8321 4527//8321 4460//8321
f  4506//8322 4561//8322 4513//8322
f  4561//8323 4562//8323 4513//8323
f  4562//8324 4563//8324 4513//8324
f  4563//8325 4552//8325 4513//8325
f  4564//8326 4538//8326 4526//8326
f  4537//8327 4564//8327 4526//8327
f  4565//8328 4543//8328 4512//8328
f  4528//8329 4565//8329 4512//8329
f  4566//8330 4523//8330 4470//8330
f  4555//8331 4566//8331 4470//8331
f  4567//8332 4529//8332 4516//8332
f  4556//8333 4567//8333 4516//8333
f  4530//8334 4568//8334 4518//8334
f  4568//8335 4557//8335 4518//8335
f  4505//8336 4561//8336 4506//8336
f  4522//8337 4508//8337 4521//8337
f  4569//8338 4534//8338 4529//8338
f  4570//8339 4569//8339 4529//8339
f  4567//8340 4570//8340 4529//8340
f  4535//8341 4571//8341 4530//8341
f  4571//8342 4568//8342 4530//8342
f  4572//8343 4553//8343 4514//8343
f  4532//8344 4572//8344 4514//8344
f  4534//8345 4573//8345 4533//8345
f  4573//8346 4535//8346 4533//8346
f  4519//8347 4574//8347 4485//8347
f  4574//8348 4536//8348 4485//8348
f  4575//8349 4573//8349 4534//8349
f  4569//8350 4575//8350 4534//8350
f  4573//8351 4576//8351 4535//8351
f  4576//8352 4577//8352 4535//8352
f  4577//8353 4571//8353 4535//8353
f  4578//8354 4556//8354 4538//8354
f  4564//8355 4578//8355 4538//8355
f  4575//8356 4576//8356 4573//8356
f  4579//8357 4566//8357 4555//8357
f  4554//8358 4579//8358 4555//8358
f  4580//8359 4565//8359 4528//8359
f  4542//8360 4580//8360 4528//8360
f  4524//8361 4508//8361 4522//8361
f  4559//8362 4581//8362 4515//8362
f  4581//8363 4537//8363 4515//8363
f  4520//8364 4582//8364 4494//8364
f  4582//8365 4560//8365 4494//8365
f  4553//8366 4583//8366 4525//8366
f  4583//8367 4559//8367 4525//8367
f  4584//8368 4585//8368 4532//8368
f  4552//8369 4584//8369 4532//8369
f  4585//8370 4572//8370 4532//8370
f  4586//8371 4558//8371 4493//8371
f  4527//8372 4586//8372 4493//8372
f  4587//8373 4567//8373 4556//8373
f  4578//8374 4587//8374 4556//8374
f  4588//8375 4554//8375 4504//8375
f  4536//8376 4588//8376 4504//8376
f  4589//8377 4580//8377 4542//8377
f  4557//8378 4589//8378 4542//8378
f  4590//8379 4591//8379 4491//8379
f  4490//8379 4590//8379 4491//8379
f  4591//4 4545//4 4491//4
f  4550//5 4590//5 4490//5
f  4505//8380 4562//8380 4561//8380
f  4563//8381 4584//8381 4552//8381
f  4592//8382 4593//8382 4566//8382
f  4593//8383 4523//8383 4566//8383
f  4579//8384 4592//8384 4566//8384
f  4594//8385 4570//8385 4567//8385
f  4587//8386 4594//8386 4567//8386
f  4595//8387 4589//8387 4557//8387
f  4568//8388 4595//8388 4557//8388
f  4505//8389 4596//8389 4562//8389
f  4596//8390 4563//8390 4562//8390
f  4597//8391 4596//8391 4505//8391
f  4598//8392 4597//8392 4505//8392
f  4544//5 4598//5 4505//5
f  4524//8393 4599//8393 4508//8393
f  4599//5 4546//5 4508//5
f  4597//8394 4563//8394 4596//8394
f  4523//8395 4599//8395 4524//8395
f  4600//8396 4599//8396 4523//8396
f  4593//8397 4600//8397 4523//8397
f  4572//8398 4601//8398 4553//8398
f  4601//8399 4583//8399 4553//8399
f  4581//8400 4602//8400 4537//8400
f  4602//8401 4564//8401 4537//8401
f  4594//8402 4603//8402 4570//8402
f  4603//8403 4569//8403 4570//8403
f  4604//8404 4595//8404 4568//8404
f  4571//8405 4604//8405 4568//8405
f  4543//8406 4605//8406 4520//8406
f  4605//8407 4582//8407 4520//8407
f  4558//8408 4574//8408 4519//8408
f  4588//8409 4606//8409 4554//8409
f  4606//8410 4579//8410 4554//8410
f  4607//8411 4575//8411 4569//8411
f  4603//8412 4607//8412 4569//8412
f  4608//8413 4604//8413 4571//8413
f  4577//8414 4608//8414 4571//8414
f  4583//8415 4609//8415 4559//8415
f  4609//8416 4581//8416 4559//8416
f  4607//8417 4610//8417 4575//8417
f  4610//8418 4611//8418 4575//8418
f  4611//8419 4612//8419 4575//8419
f  4612//8420 4576//8420 4575//8420
f  4612//8421 4608//8421 4577//8421
f  4576//8422 4612//8422 4577//8422
f  4597//8423 4613//8423 4563//8423
f  4613//8424 4584//8424 4563//8424
f  4614//8425 4586//8425 4527//8425
f  4560//8426 4614//8426 4527//8426
f  4611//8427 4608//8427 4612//8427
f  4615//8428 4600//8428 4593//8428
f  4592//8429 4616//8429 4593//8429
f  4616//8430 4617//8430 4593//8430
f  4617//8431 4615//8431 4593//8431
f  4585//8432 4601//8432 4572//8432
f  4574//8433 4618//8433 4536//8433
f  4618//8434 4588//8434 4536//8434
f  4615//8435 4599//8435 4600//8435
f  4547//7603 4541//7603 4548//7603
f  4541//7220 4539//7220 4548//7220
f  4541//7220 4540//7220 4539//7220
f  4619//5 4551//5 4541//5
f  4547//7603 4619//7603 4541//7603
f  4602//8436 4620//8436 4564//8436
f  4620//8437 4578//8437 4564//8437
f  4565//8438 4621//8438 4543//8438
f  4621//8439 4605//8439 4543//8439
f  4613//8440 4622//8440 4584//8440
f  4622//8441 4585//8441 4584//8441
f  4623//8442 4592//8442 4579//8442
f  4606//8443 4623//8443 4579//8443
f  4598//8444 4624//8444 4597//8444
f  4624//8445 4613//8445 4597//8445
f  4617//8446 4599//8446 4615//8446
f  4625//8447 4626//8447 4598//8447
f  4626//8448 4624//8448 4598//8448
f  4544//5 4625//5 4598//5
f  4545//8449 4627//8449 4544//8449
f  4627//8449 4628//8449 4544//8449
f  4628//5 4625//5 4544//5
f  4629//8450 4630//8450 4549//8450
f  4630//8450 4550//8450 4549//8450
f  3849//5 4629//5 4549//5
f  4551//8451 3849//8451 3850//8451
f  4631//8452 4547//8452 4546//8452
f  4599//5 4632//5 4546//5
f  4632//5 4631//5 4546//5
f  4617//8453 4632//8453 4599//8453
f  4591//4 4627//4 4545//4
f  4631//8452 4633//8452 4547//8452
f  4633//4 4634//4 4547//4
f  4634//7603 4619//7603 4547//7603
f  4630//5 4635//5 4550//5
f  4635//5 4590//5 4550//5
f  4619//5 4636//5 4551//5
f  4636//5 4637//5 4551//5
f  4637//8451 3849//8451 4551//8451
f  4601//8454 4638//8454 4583//8454
f  4638//8455 4609//8455 4583//8455
f  4616//8456 4632//8456 4617//8456
f  4639//8457 4640//8457 4558//8457
f  4586//8458 4639//8458 4558//8458
f  4640//8459 4574//8459 4558//8459
f  4609//8460 4641//8460 4581//8460
f  4641//8461 4602//8461 4581//8461
f  4622//8462 4642//8462 4585//8462
f  4642//8463 4601//8463 4585//8463
f  4643//8464 4614//8464 4560//8464
f  4582//8465 4643//8465 4560//8465
f  4620//8466 4644//8466 4578//8466
f  4644//8467 4587//8467 4578//8467
f  4645//8468 4606//8468 4588//8468
f  4618//8469 4645//8469 4588//8469
f  4580//8470 4646//8470 4565//8470
f  4646//8471 4621//8471 4565//8471
f  4647//4 4648//4 4634//4
f  4633//4 4647//4 4634//4
f  4649//6611 4619//6611 4634//6611
f  4648//6611 4649//6611 4634//6611
f  4647//8472 4649//8472 4648//8472
f  4649//5 4636//5 4619//5
f  4647//8472 4636//8472 4649//8472
f  4626//8473 4613//8473 4624//8473
f  4650//8474 4651//8474 4613//8474
f  4626//8475 4650//8475 4613//8475
f  4651//8476 4622//8476 4613//8476
f  4642//8477 4638//8477 4601//8477
f  4652//8478 4653//8478 4592//8478
f  4653//8479 4616//8479 4592//8479
f  4623//8480 4652//8480 4592//8480
f  4654//8481 4655//8481 4574//8481
f  4655//8482 4618//8482 4574//8482
f  4640//8483 4654//8483 4574//8483
f  4644//8484 4656//8484 4587//8484
f  4656//8485 4594//8485 4587//8485
f  4589//8486 4657//8486 4580//8486
f  4657//8487 4646//8487 4580//8487
f  4651//8488 4658//8488 4622//8488
f  4658//8489 4642//8489 4622//8489
f  4639//8490 4659//8490 4640//8490
f  4659//8491 4654//8491 4640//8491
f  4645//8492 4660//8492 4606//8492
f  4660//8493 4623//8493 4606//8493
f  4625//8494 4650//8494 4626//8494
f  4653//8495 4632//8495 4616//8495
f  4661//8496 4650//8496 4625//8496
f  4662//8497 4663//8497 4625//8497
f  4663//8498 4664//8498 4625//8498
f  4664//8499 4661//8499 4625//8499
f  4628//5 4662//5 4625//5
f  4653//8500 4652//8500 4632//8500
f  4652//8501 4665//8501 4632//8501
f  4665//8502 4666//8502 4632//8502
f  4666//5 4631//5 4632//5
f  4641//8503 4667//8503 4602//8503
f  4667//8504 4620//8504 4602//8504
f  4668//8505 4641//8505 4609//8505
f  4638//8506 4669//8506 4609//8506
f  4669//8507 4668//8507 4609//8507
f  4670//8508 4643//8508 4582//8508
f  4605//8509 4670//8509 4582//8509
f  4671//8510 4639//8510 4586//8510
f  4614//8511 4671//8511 4586//8511
f  4661//8512 4651//8512 4650//8512
f  4672//8513 4673//8513 4611//8513
f  4610//8514 4672//8514 4611//8514
f  4674//8515 4608//8515 4611//8515
f  4673//8516 4674//8516 4611//8516
f  4656//8517 4675//8517 4594//8517
f  4675//8518 4603//8518 4594//8518
f  4595//8519 4676//8519 4589//8519
f  4676//8520 4657//8520 4589//8520
f  4658//8521 4677//8521 4642//8521
f  4677//8522 4638//8522 4642//8522
f  4623//8523 4665//8523 4652//8523
f  4635//8524 4678//8524 4591//8524
f  4590//8524 4635//8524 4591//8524
f  4678//4 4627//4 4591//4
f  4655//8525 4679//8525 4618//8525
f  4679//8526 4645//8526 4618//8526
f  4675//8527 4680//8527 4603//8527
f  4680//8528 4607//8528 4603//8528
f  4604//8529 4681//8529 4595//8529
f  4681//8530 4676//8530 4595//8530
f  4661//8531 4664//8531 4651//8531
f  4664//8532 4682//8532 4651//8532
f  4682//8533 4658//8533 4651//8533
f  4677//8534 4669//8534 4638//8534
f  4683//8535 4665//8535 4623//8535
f  4660//8536 4683//8536 4623//8536
f  4684//8537 4655//8537 4654//8537
f  4659//8538 4684//8538 4654//8538
f  4685//8539 4610//8539 4607//8539
f  4680//8540 4685//8540 4607//8540
f  4608//8541 4686//8541 4604//8541
f  4686//8542 4681//8542 4604//8542
f  4667//8543 4687//8543 4620//8543
f  4687//8544 4644//8544 4620//8544
f  4688//8545 4670//8545 4605//8545
f  4621//8546 4688//8546 4605//8546
f  4685//8547 4689//8547 4610//8547
f  4689//8548 4672//8548 4610//8548
f  4674//8549 4690//8549 4608//8549
f  4690//8550 4686//8550 4608//8550
f  4671//8551 4691//8551 4639//8551
f  4691//8552 4659//8552 4639//8552
f  4682//8553 4692//8553 4658//8553
f  4692//8554 4677//8554 4658//8554
f  4693//8555 4673//8555 4672//8555
f  4694//8556 4693//8556 4672//8556
f  4689//8557 4694//8557 4672//8557
f  4673//8558 4690//8558 4674//8558
f  4693//8559 4690//8559 4673//8559
f  4668//8560 4667//8560 4641//8560
f  4695//8561 4660//8561 4645//8561
f  4679//8562 4695//8562 4645//8562
f  4696//8563 4671//8563 4614//8563
f  4643//8564 4696//8564 4614//8564
f  4663//8565 4682//8565 4664//8565
f  4683//8566 4666//8566 4665//8566
f  4692//8567 4697//8567 4677//8567
f  4697//8568 4669//8568 4677//8568
f  4684//8569 4698//8569 4655//8569
f  4698//8570 4679//8570 4655//8570
f  4687//8571 4699//8571 4644//8571
f  4699//8572 4656//8572 4644//8572
f  4700//8573 4688//8573 4621//8573
f  4646//8574 4700//8574 4621//8574
f  4701//8575 4702//8575 4629//8575
f  4702//8575 4630//8575 4629//8575
f  3849//5 4701//5 4629//5
f  4637//8576 4703//8576 3849//8576
f  4703//5 4701//5 3849//5
f  4702//5 4704//5 4630//5
f  4704//5 4635//5 4630//5
f  4636//5 4705//5 4637//5
f  4705//8576 4703//8576 4637//8576
f  4706//8577 4666//8577 4683//8577
f  4660//8578 4706//8578 4683//8578
f  4707//8579 4708//8579 4682//8579
f  4663//8580 4707//8580 4682//8580
f  4708//8581 4692//8581 4682//8581
f  4627//8582 4709//8582 4628//8582
f  4709//8582 4710//8582 4628//8582
f  4710//5 4662//5 4628//5
f  4711//8583 4633//8583 4631//8583
f  4666//5 4711//5 4631//5
f  4678//4 4709//4 4627//4
f  4711//8583 4712//8583 4633//8583
f  4713//4 4647//4 4633//4
f  4712//4 4713//4 4633//4
f  4714//8584 4668//8584 4669//8584
f  4697//8585 4714//8585 4669//8585
f  4691//8586 4715//8586 4659//8586
f  4715//8587 4684//8587 4659//8587
f  4716//8588 4706//8588 4660//8588
f  4695//8589 4716//8589 4660//8589
f  4713//1801 4636//1801 4647//1801
f  4713//1801 4717//1801 4636//1801
f  4717//5 4705//5 4636//5
f  4718//8590 4667//8590 4668//8590
f  4714//8591 4718//8591 4668//8591
f  4696//8592 4719//8592 4671//8592
f  4719//8593 4691//8593 4671//8593
f  4718//8594 4687//8594 4667//8594
f  4662//8595 4707//8595 4663//8595
f  4720//8596 4696//8596 4643//8596
f  4670//8597 4720//8597 4643//8597
f  4708//8598 4721//8598 4692//8598
f  4721//8599 4697//8599 4692//8599
f  4699//8600 4722//8600 4656//8600
f  4722//8601 4675//8601 4656//8601
f  4698//8602 4723//8602 4679//8602
f  4723//8603 4695//8603 4679//8603
f  4724//8604 4700//8604 4646//8604
f  4657//8605 4724//8605 4646//8605
f  4662//8606 4725//8606 4707//8606
f  4725//8607 4708//8607 4707//8607
f  4716//8608 4666//8608 4706//8608
f  4721//8609 4726//8609 4697//8609
f  4726//8610 4714//8610 4697//8610
f  4727//8611 4698//8611 4684//8611
f  4715//8612 4727//8612 4684//8612
f  4728//8613 4680//8613 4675//8613
f  4722//8614 4729//8614 4675//8614
f  4729//8615 4728//8615 4675//8615
f  4676//8616 4724//8616 4657//8616
f  4662//8617 4730//8617 4725//8617
f  4730//8618 4708//8618 4725//8618
f  4731//8619 4718//8619 4714//8619
f  4726//8620 4731//8620 4714//8620
f  4732//8621 4666//8621 4716//8621
f  4695//8622 4732//8622 4716//8622
f  4733//8623 4734//8623 4662//8623
f  4734//8624 4735//8624 4662//8624
f  4735//8625 4730//8625 4662//8625
f  4710//5 4733//5 4662//5
f  4732//8626 4736//8626 4666//8626
f  4736//8627 4737//8627 4666//8627
f  4737//5 4711//5 4666//5
f  4734//8628 4738//8628 4708//8628
f  4730//8629 4735//8629 4708//8629
f  4735//8630 4734//8630 4708//8630
f  4738//8631 4721//8631 4708//8631
f  4719//8632 4739//8632 4691//8632
f  4739//8633 4715//8633 4691//8633
f  4740//8634 4736//8634 4695//8634
f  4736//8635 4732//8635 4695//8635
f  4723//8636 4740//8636 4695//8636
f  4741//8637 4699//8637 4687//8637
f  4718//8638 4741//8638 4687//8638
f  4731//8639 4741//8639 4718//8639
f  4742//8640 4720//8640 4670//8640
f  4688//8641 4742//8641 4670//8641
f  4720//8642 4743//8642 4696//8642
f  4743//8643 4719//8643 4696//8643
f  4704//8644 4744//8644 4678//8644
f  4635//8644 4704//8644 4678//8644
f  4744//4 4709//4 4678//4
f  4694//8645 4745//8645 4693//8645
f  4745//8646 4690//8646 4693//8646
f  4728//8647 4685//8647 4680//8647
f  4681//8648 4746//8648 4676//8648
f  4746//8649 4747//8649 4676//8649
f  4747//8650 4724//8650 4676//8650
f  4738//8651 4748//8651 4721//8651
f  4748//8652 4726//8652 4721//8652
f  4727//8653 4749//8653 4698//8653
f  4749//8654 4723//8654 4698//8654
f  4740//8655 4737//8655 4736//8655
f  4750//8656 4689//8656 4685//8656
f  4728//8657 4750//8657 4685//8657
f  4686//8658 4751//8658 4681//8658
f  4751//8659 4746//8659 4681//8659
f  4748//8660 4752//8660 4726//8660
f  4752//8661 4731//8661 4726//8661
f  4739//8662 4753//8662 4715//8662
f  4753//8663 4727//8663 4715//8663
f  4754//8664 4722//8664 4699//8664
f  4741//8665 4754//8665 4699//8665
f  4750//8666 4755//8666 4689//8666
f  4755//8667 4694//8667 4689//8667
f  4690//8668 4756//8668 4686//8668
f  4756//8669 4751//8669 4686//8669
f  4757//8670 4742//8670 4688//8670
f  4700//8671 4757//8671 4688//8671
f  4758//8672 4741//8672 4731//8672
f  4752//8673 4758//8673 4731//8673
f  4743//8674 4759//8674 4719//8674
f  4759//8675 4739//8675 4719//8675
f  4760//8676 4745//8676 4694//8676
f  4755//8677 4760//8677 4694//8677
f  4758//8678 4754//8678 4741//8678
f  4745//8679 4761//8679 4690//8679
f  4761//8680 4756//8680 4690//8680
f  4760//8681 4761//8681 4745//8681
f  4734//8682 4762//8682 4738//8682
f  4762//8683 4748//8683 4738//8683
f  4742//8684 4763//8684 4720//8684
f  4763//8685 4743//8685 4720//8685
f  4764//8686 4765//8686 4723//8686
f  4749//8687 4764//8687 4723//8687
f  4765//8688 4740//8688 4723//8688
f  4766//8689 4767//8689 4701//8689
f  4767//8689 4702//8689 4701//8689
f  4703//5 4768//5 4701//5
f  4768//5 4769//5 4701//5
f  4769//5 4770//5 4701//5
f  4770//5 4771//5 4701//5
f  4771//5 4772//5 4701//5
f  4772//5 4773//5 4701//5
f  4773//5 4766//5 4701//5
f  4705//8690 4768//8690 4703//8690
f  4767//5 4774//5 4702//5
f  4774//5 4704//5 4702//5
f  4717//5 4775//5 4705//5
f  4775//8690 4768//8690 4705//8690
f  4712//4 4776//4 4713//4
f  4776//8691 4717//8691 4713//8691
f  4776//8691 4777//8691 4717//8691
f  4777//5 4775//5 4717//5
f  4765//8692 4737//8692 4740//8692
f  4762//8693 4778//8693 4748//8693
f  4778//8694 4752//8694 4748//8694
f  4709//8695 4779//8695 4710//8695
f  4779//8695 4780//8695 4710//8695
f  4780//5 4733//5 4710//5
f  4781//8696 4712//8696 4711//8696
f  4737//5 4781//5 4711//5
f  4744//4 4779//4 4709//4
f  4781//8696 4782//8696 4712//8696
f  4782//4 4776//4 4712//4
f  4783//8697 4749//8697 4727//8697
f  4753//8698 4783//8698 4727//8698
f  4729//8699 4784//8699 4728//8699
f  4784//8700 4750//8700 4728//8700
f  4733//8701 4785//8701 4734//8701
f  4785//8702 4762//8702 4734//8702
f  4746//8703 4786//8703 4747//8703
f  4786//8704 4787//8704 4747//8704
f  4787//8705 4724//8705 4747//8705
f  4788//8706 4729//8706 4722//8706
f  4754//8707 4788//8707 4722//8707
f  4789//8708 4757//8708 4700//8708
f  4724//8709 4789//8709 4700//8709
f  4764//8710 4737//8710 4765//8710
f  4733//8711 4790//8711 4785//8711
f  4790//8712 4762//8712 4785//8712
f  4778//8713 4791//8713 4752//8713
f  4791//8714 4758//8714 4752//8714
f  4759//8715 4792//8715 4739//8715
f  4792//8716 4753//8716 4739//8716
f  4758//8717 4793//8717 4754//8717
f  4793//8718 4788//8718 4754//8718
f  4791//8719 4793//8719 4758//8719
f  4757//8720 4794//8720 4742//8720
f  4794//8721 4763//8721 4742//8721
f  4763//8722 4795//8722 4743//8722
f  4795//8723 4759//8723 4743//8723
f  4796//8724 4755//8724 4750//8724
f  4784//8725 4796//8725 4750//8725
f  4751//8726 4797//8726 4746//8726
f  4797//8727 4786//8727 4746//8727
f  4790//8728 4798//8728 4762//8728
f  4798//8729 4799//8729 4762//8729
f  4799//8730 4778//8730 4762//8730
f  4800//8731 4801//8731 4749//8731
f  4783//8732 4800//8732 4749//8732
f  4801//8733 4764//8733 4749//8733
f  4796//8734 4802//8734 4755//8734
f  4802//8735 4760//8735 4755//8735
f  4756//8736 4803//8736 4751//8736
f  4803//8737 4797//8737 4751//8737
f  4804//8738 4784//8738 4729//8738
f  4788//8739 4804//8739 4729//8739
f  4805//8740 4789//8740 4724//8740
f  4787//8741 4805//8741 4724//8741
f  4806//8742 4807//8742 4760//8742
f  4807//8743 4761//8743 4760//8743
f  4802//8744 4806//8744 4760//8744
f  4761//8745 4807//8745 4756//8745
f  4807//8746 4803//8746 4756//8746
f  4799//8747 4808//8747 4778//8747
f  4808//8748 4791//8748 4778//8748
f  4733//8749 4798//8749 4790//8749
f  4792//8750 4809//8750 4753//8750
f  4809//8751 4783//8751 4753//8751
f  4801//8752 4737//8752 4764//8752
f  4810//8753 4811//8753 4733//8753
f  4811//8754 4812//8754 4733//8754
f  4812//8755 4813//8755 4733//8755
f  4813//8756 4798//8756 4733//8756
f  4780//5 4810//5 4733//5
f  4801//8757 4800//8757 4737//8757
f  4800//8758 4814//8758 4737//8758
f  4814//8759 4815//8759 4737//8759
f  4815//5 4781//5 4737//5
f  4806//8760 4816//8760 4807//8760
f  4816//8761 4803//8761 4807//8761
f  4813//8762 4799//8762 4798//8762
f  4793//8763 4817//8763 4788//8763
f  4817//8764 4804//8764 4788//8764
f  4783//8765 4814//8765 4800//8765
f  4808//8766 4818//8766 4791//8766
f  4818//8767 4793//8767 4791//8767
f  4789//8768 4819//8768 4757//8768
f  4819//8769 4794//8769 4757//8769
f  4774//8770 4820//8770 4744//8770
f  4704//8770 4774//8770 4744//8770
f  4820//4 4779//4 4744//4
f  4795//8771 4821//8771 4759//8771
f  4821//8772 4792//8772 4759//8772
f  4818//8773 4817//8773 4793//8773
f  4794//8774 4822//8774 4763//8774
f  4822//8775 4795//8775 4763//8775
f  4804//8776 4823//8776 4784//8776
f  4823//8777 4796//8777 4784//8777
f  4824//8778 4805//8778 4787//8778
f  4786//8779 4824//8779 4787//8779
f  4812//8780 4799//8780 4813//8780
f  4812//8781 4825//8781 4799//8781
f  4825//8782 4808//8782 4799//8782
f  4826//8783 4814//8783 4783//8783
f  4809//8784 4826//8784 4783//8784
f  4827//8785 4802//8785 4796//8785
f  4823//8786 4827//8786 4796//8786
f  4828//8787 4824//8787 4786//8787
f  4797//8788 4828//8788 4786//8788
f  4817//8789 4829//8789 4804//8789
f  4829//8790 4823//8790 4804//8790
f  4805//8791 4830//8791 4789//8791
f  4830//8792 4819//8792 4789//8792
f  4773//8793 4831//8793 4766//8793
f  4831//8793 4767//8793 4766//8793
f  4775//8794 4769//8794 4768//8794
f  4831//5 4832//5 4767//5
f  4832//5 4774//5 4767//5
f  4777//5 4833//5 4775//5
f  4833//5 4834//5 4775//5
f  4834//8794 4769//8794 4775//8794
f  4825//8795 4835//8795 4808//8795
f  4835//8796 4818//8796 4808//8796
f  4821//8797 4836//8797 4792//8797
f  4836//8798 4809//8798 4792//8798
f  4782//4 4837//4 4776//4
f  4837//8799 4777//8799 4776//8799
f  4837//8799 4833//8799 4777//8799
f  4827//8800 4838//8800 4802//8800
f  4838//8801 4806//8801 4802//8801
f  4839//8802 4828//8802 4797//8802
f  4803//8803 4839//8803 4797//8803
f  4811//8804 4825//8804 4812//8804
f  4835//8805 4840//8805 4818//8805
f  4840//8806 4817//8806 4818//8806
f  4826//8807 4815//8807 4814//8807
f  4840//8808 4829//8808 4817//8808
f  4822//8809 4841//8809 4795//8809
f  4841//8810 4821//8810 4795//8810
f  4819//8811 4842//8811 4794//8811
f  4842//8812 4822//8812 4794//8812
f  4843//8813 4844//8813 4806//8813
f  4844//8814 4816//8814 4806//8814
f  4838//8815 4843//8815 4806//8815
f  4844//8816 4839//8816 4803//8816
f  4816//8817 4844//8817 4803//8817
f  4845//8818 4815//8818 4826//8818
f  4809//8819 4845//8819 4826//8819
f  4779//8820 4846//8820 4780//8820
f  4846//8820 4847//8820 4780//8820
f  4847//5 4810//5 4780//5
f  4848//8821 4782//8821 4781//8821
f  4815//5 4848//5 4781//5
f  4820//4 4846//4 4779//4
f  4848//8821 4849//8821 4782//8821
f  4849//4 4837//4 4782//4
f  4829//8822 4850//8822 4823//8822
f  4850//8823 4827//8823 4823//8823
f  4824//8824 4851//8824 4805//8824
f  4851//8825 4830//8825 4805//8825
f  4843//8826 4852//8826 4844//8826
f  4852//8827 4839//8827 4844//8827
f  4810//8828 4853//8828 4811//8828
f  4853//8829 4825//8829 4811//8829
f  4853//8830 4854//8830 4825//8830
f  4854//8831 4835//8831 4825//8831
f  4855//8832 4845//8832 4809//8832
f  4836//8833 4855//8833 4809//8833
f  4854//8834 4856//8834 4835//8834
f  4856//8835 4840//8835 4835//8835
f  4841//8836 4857//8836 4821//8836
f  4857//8837 4836//8837 4821//8837
f  4840//8838 4858//8838 4829//8838
f  4858//8839 4850//8839 4829//8839
f  4830//8840 4859//8840 4819//8840
f  4859//8841 4842//8841 4819//8841
f  4850//8842 4860//8842 4827//8842
f  4860//8843 4838//8843 4827//8843
f  4828//8844 4861//8844 4824//8844
f  4861//8845 4851//8845 4824//8845
f  4856//8846 4858//8846 4840//8846
f  4810//8847 4862//8847 4853//8847
f  4862//8848 4854//8848 4853//8848
f  4842//8849 4863//8849 4822//8849
f  4863//8850 4841//8850 4822//8850
f  4855//8851 4815//8851 4845//8851
f  4860//8852 4864//8852 4838//8852
f  4864//8853 4843//8853 4838//8853
f  4839//8854 4865//8854 4828//8854
f  4865//8855 4861//8855 4828//8855
f  4810//8856 4866//8856 4862//8856
f  4866//8857 4854//8857 4862//8857
f  4867//8858 4815//8858 4855//8858
f  4836//8859 4867//8859 4855//8859
f  4868//8860 4815//8860 4867//8860
f  4836//8861 4868//8861 4867//8861
f  4869//8862 4870//8862 4810//8862
f  4870//8863 4871//8863 4810//8863
f  4871//8864 4866//8864 4810//8864
f  4847//5 4869//5 4810//5
f  4872//8865 4873//8865 4815//8865
f  4868//8866 4872//8866 4815//8866
f  4873//5 4848//5 4815//5
f  4870//8867 4874//8867 4854//8867
f  4866//8868 4871//8868 4854//8868
f  4871//8869 4870//8869 4854//8869
f  4874//8870 4856//8870 4854//8870
f  4832//8871 4875//8871 4820//8871
f  4774//8871 4832//8871 4820//8871
f  4875//4 4846//4 4820//4
f  4872//8872 4868//8872 4836//8872
f  4857//8873 4872//8873 4836//8873
f  4876//8874 4852//8874 4843//8874
f  4877//8875 4876//8875 4843//8875
f  4864//8876 4877//8876 4843//8876
f  4852//8877 4876//8877 4839//8877
f  4876//8878 4865//8878 4839//8878
f  4858//8879 4878//8879 4850//8879
f  4878//8880 4860//8880 4850//8880
f  4851//8881 4879//8881 4830//8881
f  4879//8882 4859//8882 4830//8882
f  4772//8883 4880//8883 4773//8883
f  4880//8883 4831//8883 4773//8883
f  4834//8884 4770//8884 4769//8884
f  4880//5 4881//5 4831//5
f  4881//5 4832//5 4831//5
f  4833//5 4882//5 4834//5
f  4882//5 4883//5 4834//5
f  4883//8884 4770//8884 4834//8884
f  4874//8885 4884//8885 4856//8885
f  4884//8886 4858//8886 4856//8886
f  4877//8887 4885//8887 4876//8887
f  4885//8888 4865//8888 4876//8888
f  4863//8889 4886//8889 4841//8889
f  4886//8890 4857//8890 4841//8890
f  4884//8891 4878//8891 4858//8891
f  4859//8892 4887//8892 4842//8892
f  4887//8893 4863//8893 4842//8893
f  4849//4 4888//4 4837//4
f  4888//8894 4833//8894 4837//8894
f  4888//8894 4882//8894 4833//8894
f  4878//8895 4889//8895 4860//8895
f  4889//8896 4864//8896 4860//8896
f  4861//8897 4890//8897 4851//8897
f  4890//8898 4879//8898 4851//8898
f  4891//8899 4892//8899 4874//8899
f  4870//8900 4893//8900 4874//8900
f  4893//8901 4891//8901 4874//8901
f  4892//8902 4884//8902 4874//8902
f  4894//8903 4872//8903 4857//8903
f  4895//8904 4894//8904 4857//8904
f  4886//8905 4895//8905 4857//8905
f  4894//8906 4873//8906 4872//8906
f  4846//8907 4896//8907 4847//8907
f  4896//8907 4897//8907 4847//8907
f  4897//5 4869//5 4847//5
f  4898//8908 4849//8908 4848//8908
f  4873//5 4898//5 4848//5
f  4875//4 4896//4 4846//4
f  4898//8908 4899//8908 4849//8908
f  4899//4 4888//4 4849//4
f  4889//8909 4900//8909 4864//8909
f  4900//8910 4877//8910 4864//8910
f  4865//8911 4901//8911 4861//8911
f  4901//8912 4890//8912 4861//8912
f  4902//8913 4889//8913 4878//8913
f  4884//8914 4902//8914 4878//8914
f  4879//8915 4903//8915 4859//8915
f  4903//8916 4887//8916 4859//8916
f  4892//8917 4902//8917 4884//8917
f  4887//8918 4904//8918 4863//8918
f  4904//8919 4886//8919 4863//8919
f  4869//8920 4893//8920 4870//8920
f  4905//8921 4885//8921 4877//8921
f  4906//8922 4905//8922 4877//8922
f  4900//8923 4907//8923 4877//8923
f  4907//8924 4906//8924 4877//8924
f  4885//8925 4905//8925 4865//8925
f  4905//8926 4906//8926 4865//8926
f  4906//8927 4901//8927 4865//8927
f  4869//8928 4891//8928 4893//8928
f  4895//8929 4873//8929 4894//8929
f  4771//8930 4908//8930 4772//8930
f  4908//8930 4880//8930 4772//8930
f  4883//8931 4771//8931 4770//8931
f  4908//5 4909//5 4880//5
f  4909//5 4881//5 4880//5
f  4882//5 4910//5 4883//5
f  4910//5 4908//5 4883//5
f  4908//8931 4771//8931 4883//8931
f  4911//8932 4900//8932 4889//8932
f  4902//8933 4911//8933 4889//8933
f  4890//8934 4912//8934 4879//8934
f  4912//8935 4903//8935 4879//8935
f  4913//8936 4914//8936 4892//8936
f  4891//8937 4915//8937 4892//8937
f  4915//8938 4913//8938 4892//8938
f  4914//8939 4902//8939 4892//8939
f  4916//8940 4895//8940 4886//8940
f  4904//8941 4917//8941 4886//8941
f  4917//8942 4918//8942 4886//8942
f  4918//8943 4916//8943 4886//8943
f  4914//8944 4911//8944 4902//8944
f  4903//8945 4919//8945 4887//8945
f  4919//8946 4904//8946 4887//8946
f  4916//8947 4873//8947 4895//8947
f  4869//8948 4915//8948 4891//8948
f  4918//8949 4873//8949 4916//8949
f  4920//8950 4921//8950 4869//8950
f  4921//8951 4913//8951 4869//8951
f  4913//8952 4915//8952 4869//8952
f  4897//5 4920//5 4869//5
f  4918//8953 4917//8953 4873//8953
f  4917//8954 4922//8954 4873//8954
f  4922//8955 4923//8955 4873//8955
f  4923//8956 4924//8956 4873//8956
f  4924//5 4898//5 4873//5
f  4881//8957 4925//8957 4875//8957
f  4832//8957 4881//8957 4875//8957
f  4925//4 4896//4 4875//4
f  4910//5 4909//5 4908//5
f  4926//8958 4907//8958 4900//8958
f  4911//8959 4926//8959 4900//8959
f  4901//8960 4927//8960 4890//8960
f  4927//8961 4912//8961 4890//8961
f  4907//8962 4928//8962 4906//8962
f  4928//8963 4901//8963 4906//8963
f  4929//8964 4928//8964 4907//8964
f  4930//8965 4929//8965 4907//8965
f  4926//8966 4930//8966 4907//8966
f  4928//8967 4929//8967 4901//8967
f  4929//8968 4927//8968 4901//8968
f  4899//4 4931//4 4888//4
f  4931//2568 4882//2568 4888//2568
f  4931//2568 4910//2568 4882//2568
f  4913//8969 4921//8969 4914//8969
f  4921//8970 4932//8970 4914//8970
f  4932//8971 4911//8971 4914//8971
f  4919//8972 4922//8972 4904//8972
f  4922//8973 4917//8973 4904//8973
f  4932//8974 4926//8974 4911//8974
f  4912//8975 4933//8975 4903//8975
f  4933//8976 4919//8976 4903//8976
f  4896//8977 4934//8977 4897//8977
f  4934//8977 4935//8977 4897//8977
f  4935//5 4920//5 4897//5
f  4936//8978 4899//8978 4898//8978
f  4924//5 4936//5 4898//5
f  4925//4 4934//4 4896//4
f  4936//8978 4937//8978 4899//8978
f  4937//4 4931//4 4899//4
f  4919//8979 4923//8979 4922//8979
f  4920//8980 4938//8980 4921//8980
f  4938//8981 4932//8981 4921//8981
f  4939//8982 4930//8982 4926//8982
f  4932//8983 4939//8983 4926//8983
f  4927//8984 4940//8984 4912//8984
f  4940//8985 4933//8985 4912//8985
f  4930//8986 4941//8986 4929//8986
f  4941//8987 4927//8987 4929//8987
f  4938//8988 4939//8988 4932//8988
f  4933//8989 4942//8989 4919//8989
f  4942//8990 4923//8990 4919//8990
f  4943//8991 4941//8991 4930//8991
f  4944//8992 4943//8992 4930//8992
f  4939//8993 4944//8993 4930//8993
f  4941//8994 4943//8994 4927//8994
f  4943//8995 4940//8995 4927//8995
f  4920//8996 4945//8996 4938//8996
f  4945//8997 4939//8997 4938//8997
f  4942//8998 4924//8998 4923//8998
f  4946//8999 4924//8999 4942//8999
f  4933//9000 4946//9000 4942//9000
f  4947//9001 4924//9001 4946//9001
f  4933//9002 4947//9002 4946//9002
f  4920//9003 4948//9003 4945//9003
f  4948//9004 4939//9004 4945//9004
f  4949//9005 4950//9005 4920//9005
f  4950//9006 4951//9006 4920//9006
f  4951//9007 4948//9007 4920//9007
f  4935//5 4949//5 4920//5
f  4947//9008 4952//9008 4924//9008
f  4952//9009 4949//9009 4924//9009
f  4949//5 4936//5 4924//5
f  4909//9010 4953//9010 4925//9010
f  4881//9010 4909//9010 4925//9010
f  4953//4 4934//4 4925//4
f  4950//9011 4944//9011 4939//9011
f  4951//9012 4950//9012 4939//9012
f  4948//9013 4951//9013 4939//9013
f  4952//9014 4947//9014 4933//9014
f  4940//9015 4952//9015 4933//9015
f  4937//4 4953//4 4931//4
f  4953//9016 4910//9016 4931//9016
f  4953//9016 4909//9016 4910//9016
f  4944//9017 4954//9017 4943//9017
f  4954//9018 4940//9018 4943//9018
f  4934//7220 4937//7220 4935//7220
f  4937//7220 4936//7220 4935//7220
f  4936//5 4949//5 4935//5
f  4953//4 4937//4 4934//4
f  4955//9019 4954//9019 4944//9019
f  4956//9020 4955//9020 4944//9020
f  4950//9021 4956//9021 4944//9021
f  4957//9022 4952//9022 4940//9022
f  4954//9023 4955//9023 4940//9023
f  4958//9024 4957//9024 4940//9024
f  4955//9025 4958//9025 4940//9025
f  4957//9026 4949//9026 4952//9026
f  4949//9027 4956//9027 4950//9027
f  4956//9028 4959//9028 4955//9028
f  4959//9029 4958//9029 4955//9029
f  4958//9030 4949//9030 4957//9030
f  4949//9031 4959//9031 4956//9031
f  4959//9032 4949//9032 4958//9032

