# File produced by Open Asset Import Library (http://www.assimp.sf.net)
# (assimp v5.0.0)

mtllib link3.mtl

# 2690 vertex positions
v  0.0010356293 0.0033957849 0.044809021
v  0.0007557408 0.0036287496 0.044844069
v  -1.0946309e-05 -1.0996042e-08 0.044999994
v  0.00035057077 0.0036911855 0.044843175
v  0.0016056881 0.00030745956 0.044969387
v  0.0014680536 0.00045578572 0.044972427
v  0.0013336674 0.000600625 0.044975407
v  0.0017436133 0.00015880557 0.044966348
v  0.0012478442 0.00069313141 0.044977285
v  0.0011981861 0.00074662658 0.044978388
v  0.0011419118 0.00094475242 0.04497505
v  0.0010934756 0.0011222551 0.044971921
v  0.0010434003 0.001305748 0.044968702
v  0.0011950568 0.00075002405 0.044978477
v  0.0010354579 0.0031309316 0.044829883
v  0.0010347874 0.0020596276 0.044914283
v  0.0010343702 0.0014060924 0.044965751
v  0.0010427223 0.0013082216 0.044968672
v  0.00097747007 -1.0996042e-08 0.044990338
v  -1.1162376e-05 0.00068988296 0.044994183
v  0.0011436031 -0.0037060191 0.044893898
v  0.0012232498 -0.0033929457 0.044907458
v  -9.9106783e-06 -0.0075886361 0.044527091
v  0.0010960014 -0.0045318417 0.044851102
v  0.0010399208 -0.0041135661 0.044876225
v  0.0014469163 -0.0031452884 0.044910468
v  0.0017127157 -0.0028509905 0.044914044
v  -0.0013667135 0.0011506567 0.044957526
v  -0.001464644 0.0008405337 0.044961311
v  -0.0015731393 0.000554342 0.044963576
v  -0.0018334626 0.00029583665 0.044954665
v  -0.0012838482 0.003628392 0.044824012
v  -0.0012846827 0.0025479684 0.044887461
v  -0.0012854352 0.0015780816 0.044944413
v  -0.0012855693 0.0014075825 0.044954397
v  -0.00070878258 0.0039382167 0.044816144
v  -0.0011146455 -1.0996042e-08 0.044982888
v  -0.0015467494 0.00058056804 0.04496447
v  -0.0015234887 0.00065420958 0.044963576
v  -0.0022043153 -0.0027534475 0.044886835
v  -0.0017510443 -0.0030318608 0.044898726
v  -0.0016829832 -0.0031437983 0.044896372
v  -0.0013618036 -0.0036720743 0.044885196
v  -0.0013564243 -0.0037086715 0.044883467
v  -1.1773323e-05 0.0037065039 0.044805504
v  0.0019865618 -1.0996042e-08 0.044957139
v  0.0018857927 5.6911438e-05 0.04496143
v  0.0017851503 0.00011404249 0.044965424
v  0.0019591437 -0.002749752 0.044906773
v  -0.0022438779 -1.0996042e-08 0.044936337
v  -0.0028329133 -0.0026207676 0.044853963
v  -0.0023727133 -0.0026500036 0.044882394
v  -0.0019600554 0.00017013046 0.044950344
v  -0.0020378395 0.00011642668 0.044946767
v  -0.0021344586 6.1709616e-05 0.044941999
v  -0.002140814 5.8133333e-05 0.044941701
v  -0.0022400259 2.1645735e-06 0.044936545
v  0.0012287037 0.00067808124 0.044678636
v  0.0011146576 0.00097091886 0.044675268
v  0.0013740868 0.00052728149 0.044675179
v  0.0017732442 0.00011323783 0.044665672
v  0.0010582567 0.0011157582 0.044673599
v  0.0010277019 0.0013962577 0.044666
v  -0.0015010252 0.0006481001 0.044664867
v  -0.0016077994 0.00053920242 0.044661231
v  -0.0014920174 0.00065727922 0.044665165
v  0.0019733296 -1.0996042e-08 0.044657446
v  -0.0013497188 0.0011451135 0.044658281
v  -0.0012760176 0.0013977776 0.044654705
v  0.0023098798 -0.0026055982 0.044896431
v  0.0026059211 -0.000351589 0.044924833
v  0.0025766254 -0.00034327415 0.044626124
v  -0.0020231022 0.00011562202 0.044647135
v  -0.0021191328 6.138179e-05 0.044642277
v  -0.0012750193 0.0024570117 0.04459817
v  -0.0022239774 2.1645735e-06 0.044637002
v  -0.0039926707 -0.00099478266 0.044758476
v  -0.0031196526 -0.0026025285 0.04483626
v  -0.002227807 -1.0996042e-08 0.044636793
v  0.0025904835 -0.0026241054 0.044879325
v  0.0039588199 -0.0011239757 0.044779874
v  0.0017038644 -0.0028379073 0.044614471
v  0.0014374317 -0.0031328013 0.044610895
v  0.0012161047 -0.0033777466 0.044607915
v  0.0011363761 -0.0036913564 0.044594325
v  0.0019482062 -0.0027477851 0.044606574
v  -0.0017309203 -0.0030272116 0.044599243
v  -0.0021868735 -0.0027388444 0.044587798
v  0.0024033771 -0.0025798788 0.044591881
v  -0.0016695424 -0.0031303277 0.044597007
v  0.0010331632 -0.0040973239 0.044576742
v  -0.0012742444 0.0032782445 0.04455436
v  -0.0023308112 -0.0026477983 0.044584163
v  -0.0013475805 -0.0036710908 0.044585176
v  -0.0012959107 -0.0041205697 0.044864304
v  -0.0013443842 -0.0036937108 0.044584133
v  -0.0028134747 -0.0025933494 0.04455594
v  0.0025729821 -0.0025997569 0.044580944
v  0.0030565248 -0.0026548018 0.044850893
v  0.0010923431 -0.0045134835 0.044551589
v  -0.0012862547 -0.0041042976 0.04456491
v  -0.0013973429 -0.004524868 0.044837035
v  -0.0029751784 -0.0025751104 0.044546463
v  0.0010979907 -0.0045466535 0.044850208
v  0.0010979311 -0.004552763 0.044549234
v  0.0030799718 -0.0026592126 0.04454831
v  0.0032185526 -0.0027554741 0.044835337
v  0.0014218227 -0.0051038675 0.044805594
v  0.0014132098 -0.0050833039 0.044506408
v  0.0010369406 0.0054755695 0.044645198
v  0.0010361881 0.004285831 0.044738896
v  -1.1832928e-05 0.003997732 0.044787295
v  0.0010371418 0.0057847686 0.044620819
v  0.00073665241 0.0076262839 0.044370748
v  -1.2019193e-05 0.0048948415 0.044731177
v  -0.0013873517 -0.0045070164 0.044537731
v  -0.0014763116 -0.0048396103 0.044815816
v  -0.0034629977 -0.0027442088 0.044804521
v  -0.0034371144 -0.0027436127 0.044505186
v  0.0032013194 -0.0027378311 0.044536479
v  0.0036710338 -0.0030366292 0.044791974
v  0.0010285736 0.0026993642 0.044561096
v  -0.0012837215 0.0037892947 0.044814564
v  -0.0012747436 0.0074970014 0.044358738
v  -0.0012837066 0.0038100372 0.044813342
v  -0.001466596 -0.0048226826 0.044516452
v  -0.0016984805 -0.0050925128 0.044789799
v  -0.0012700721 0.0054637678 0.044295467
v  0.0014772178 -0.0051992051 0.044797964
v  0.001473783 -0.0051852278 0.044498183
v  -0.0037026717 -0.0028430929 0.044782378
v  -0.0036759092 -0.0028307249 0.044483818
v  0.0019424544 -0.0054880492 0.044759639
v  0.0019237385 -0.0054774992 0.044460513
v  0.0036531524 -0.0030305197 0.044492461
v  0.0037369044 -0.003146868 0.044781722
v  -0.0016862839 -0.0050726645 0.044490702
v  -0.0019514724 -0.0053805225 0.044760175
v  -0.0039605326 -0.0031303277 0.044747956
v  0.003714046 -0.0031337549 0.044482894
v  0.0039227442 -0.0034578254 0.044752784
v  0.0065248818 -0.0025889685 0.044504948
v  0.0054358155 -0.0019788255 0.044320144
v  -0.0019396334 -0.0053610019 0.044461019
v  -0.0022043227 -0.0054848902 0.044739343
v  0.0021003918 -0.0055861287 0.044746615
v  0.0020233677 -0.0055422001 0.044452168
v  -0.0061787679 -0.0022382846 0.044536151
v  -0.0039706207 -0.003141593 0.044746615
v  -0.005703242 -0.0019807329 0.044285871
v  0.0040315525 -0.0036719551 0.044433124
v  0.0040553422 -0.0036797037 0.044732161
v  0.0047528357 0.0020446668 0.044684477
v  0.0041604475 0.0025851319 0.044737764
v  0.0041602165 0.0023848007 0.044749774
v  0.004134065 0.0023694823 0.044451334
v  -0.0039440743 -0.003129374 0.044448055
v  -0.0041917055 -0.0033878495 0.044717111
v  -0.0041634529 -0.0033736636 0.04441876
v  0.0025728256 -0.005621206 0.044718988
v  0.0025572912 -0.0056071989 0.044419862
v  -0.0021905168 -0.0054569654 0.044440694
v  -0.0025706007 -0.0056360774 0.044709213
v  -0.0035659424 -0.0075990967 0.044431515
v  0.0010303543 0.0053809769 0.044345297
v  0.006320639 0.0039112158 0.044415899
v  0.0063013197 0.0039468594 0.044415601
v  0.0041611404 0.0032025168 0.044700749
v  0.0065559209 0.0034772942 0.044419326
v  0.004133834 0.0034341703 0.044366308
v  0.0040598796 -0.0037121286 0.044730134
v  -1.2086248e-05 0.0076556094 0.044321455
v  0.004035084 -0.0036976447 0.044431515
v  0.0041175024 -0.0041240565 0.044704325
v  0.0065200538 -0.0041425638 0.044439562
v  0.0033137263 -0.0075999908 0.044458903
v  0.0028346465 -0.0056406371 0.04470367
v  0.002742386 -0.0056297295 0.044408657
v  -0.0042703762 -0.0037026217 0.044694401
v  -0.0042421012 -0.0036883464 0.04439608
v  -0.0044077761 0.002540488 0.044695266
v  -0.0045840195 0.0022898803 0.044697531
v  -0.0044082194 0.0023897181 0.044709809
v  -0.0043794378 0.0023744295 0.044411607
v  -0.00453609 0.0022855292 0.044400699
v  -0.0026318966 -0.0056258552 0.044404961
v  -0.0028332337 -0.0056169145 0.04469306
v  0.0040915073 -0.0041081719 0.044405885
v  0.0065122754 -0.0056890957 0.044345684
v  0.0040141181 -0.0045285933 0.044689752
v  0.0032027424 -0.0054891519 0.044689722
v  0.0031808526 -0.005461704 0.04439155
v  0.0062090964 0.0041169412 0.044414259
v  0.0041607232 0.0034325311 0.044674434
v  -0.00669538 0.0036028216 0.044364996
v  -0.0068402193 0.0034835825 0.0443523
v  -0.0054934672 0.0017682503 0.044584699
v  -0.0051644198 0.0019255171 0.044322886
v  -0.0044035292 0.00397994 0.044556297
v  -0.0065629273 0.0039014707 0.044359393
v  -0.0066218986 0.0037685225 0.044361897
v  -0.0067765913 -0.0025803556 0.044444241
v  -0.0043721325 -0.004109811 0.044665046
v  -0.004343485 -0.004093986 0.044366814
v  -0.0028128601 -0.0056034736 0.044394203
v  -0.0033050678 -0.005582463 0.044664063
v  -0.003873372 -0.007414978 0.044417478
v  0.0058872909 -0.006065052 0.044396199
v  0.0039332421 -0.0048450641 0.044678338
v  0.0039885328 -0.0045111589 0.044391342
v  0.0038469941 -0.0072819404 0.04444591
v  0.0034570382 -0.0053844862 0.044680126
v  0.0034337402 -0.0053647868 0.044381656
v  0.0066088871 0.0034409354 0.044414468
v  0.0055867047 0.0015660415 0.044592567
v  0.0069576711 0.0031897316 0.044384368
v  0.0069390596 0.0032143185 0.044384219
v  0.0049450682 0.0019044171 0.044361807
v  0.0037109316 -0.0050968938 0.044679172
v  0.0036874698 -0.0050773732 0.044380732
v  0.0038955347 -0.0048877709 0.044678487
v  0.0041557164 -0.0070978217 0.044438399
v  0.0039075525 -0.0048280768 0.044379927
v  0.0041337744 0.0037069509 0.044344522
v  0.005409217 0.005417902 0.04438097
v  0.0041588009 0.0044942684 0.04455293
v  0.0059522972 0.0048138388 0.044382162
v  0.0034361915 0.0043120869 0.044367231
v  0.0050447271 -1.0996042e-08 0.044423498
v  -0.0043775863 0.0033920596 0.044330634
v  -0.0042823977 -0.0045100562 0.04434941
v  -0.0043129339 -0.0045277588 0.044647373
v  -0.006773436 -0.0041316561 0.044379063
v  -0.0033517568 -0.0055368952 0.044362195
v  -0.0034642494 -0.0054846816 0.044658013
v  -0.0036394536 0.0043514259 0.04433424
v  -0.0043509728 0.0036418627 0.044332661
v  -0.0034473329 -0.0054748468 0.044358738
v  -0.0039203702 -0.0052044801 0.044640727
v  -0.0028210818 0.0049199946 0.044336028
v  -0.0042763478 -0.004551243 0.044347681
v  -0.0043094098 -0.0045526437 0.04464633
v  -0.0067678518 -0.0056814663 0.044285186
v  -0.0039593442 -0.0050801449 0.044343211
v  -0.0039848476 -0.0050993375 0.044641502
v  0.0010307194 0.0059215315 0.044301786
v  -0.0038982569 -0.0051820688 0.044342346
v  -0.0039235889 -0.0052025132 0.044640578
v  -0.0056508272 -0.0063504688 0.044336237
v  -0.0044128424 -0.007091891 0.044392802
v  -0.0053045503 -1.0996042e-08 0.044374056
v  0.0010351823 0.0075881667 0.044365264
v  0.0025344254 -0.0038973799 0.044528343
v  0.0064733387 0.001057137 0.044494875
v  0.0072767423 0.0023719857 0.044385083
v  0.0051149786 0.0018069933 0.044343062
v  -0.0072537004 0.0031432102 0.044316091
v  -0.0072721927 0.0031279812 0.044314481
v  -0.0077717728 0.0030233751 0.044243105
v  -0.0079872478 0.0029782245 0.044212319
v  -0.008310141 0.0030714462 0.044152237
v  -0.0086876359 0.0031804035 0.044081993
v  -0.009130815 0.0032521377 0.043998368
v  -0.0095584821 0.0016097019 0.043997414
v  -0.0069909929 0.00090934726 0.044398911
v  -0.0070341877 0.00085421297 0.044091351
v  -0.005542954 0.0017086158 0.044276036
v  -0.0024208068 -0.0049910955 0.044461258
v  0.0016248585 0.0052721985 0.044363268
v  0.0025771023 0.0048761256 0.044365354
v  -0.0064676977 0.0043876953 0.044330545
v  -0.0064526773 0.0041500814 0.044354774
v  -0.0043987534 0.0055989213 0.044399984
v  -0.006755007 0.0056916662 0.044143833
v  -0.0065127588 0.0051004179 0.044257827
v  -0.0043768189 0.0038147459 0.044297017
v  -0.0018404066 0.0053627677 0.044338174
v  0.0048052431 0.0059610792 0.044379659
v  0.0041567222 0.0056483634 0.044420846
v  0.0041334541 0.0051608868 0.044228412
v  -0.0060761771 -0.0021932831 0.044248231
v  -0.0024534478 -0.0082653873 0.044482388
v  -0.0020570843 -0.0085016601 0.044477619
v  0.0011269809 -0.0094464831 0.044408865
v  0.0011615665 -0.0092289262 0.044434316
v  -9.6275562e-06 -0.0096267872 0.044400074
v  0.0013674335 -0.0089439265 0.044460781
v  0.0015540631 -0.0086855404 0.044484742
v  0.0017964006 -0.0085049681 0.044495888
v  0.0027137385 -0.0079578571 0.044473536
v  -0.0016016304 -0.0090355687 0.044436194
v  -0.0014298125 -0.0092369728 0.044420578
v  -0.0038408837 -0.0032163074 0.044454493
v  0.0064854012 -0.0025791933 0.044207789
v  0.0064808861 -0.0041244142 0.044142731
v  0.0017851875 -0.0084729008 0.044197865
v  0.00269693 -0.007928025 0.044175662
v  0.0015631751 -0.008637052 0.044187851
v  0.0073887319 0.00053172203 0.044393964
v  0.0074955062 0.0015461335 0.04438556
v  0.0066154585 0.00094657036 0.04417745
v  0.0013633952 -0.0089133494 0.044162251
v  -0.0024279221 -0.0082396679 0.044184543
v  -0.001588346 -0.0089998357 0.044138737
v  -0.0020430773 -0.0084696226 0.044179685
v  0.0011476786 -0.0092117004 0.044134595
v  0.0041303174 -0.0070714168 0.044140704
v  -0.0067345886 -0.0025706699 0.044147409
v  0.0064735324 -0.0056681447 0.044049032
v  0.0011186139 -0.0094103925 0.044111259
v  -0.0043848134 -0.0070656054 0.044095464
v  0.0054194839 0.0009963701 0.044371583
v  0.0054860623 -1.0996042e-08 0.044363357
v  0.0041557685 0.0061742254 0.044360645
v  0.0041334019 0.0051900633 0.044224538
v  -0.0013813614 -0.0094515197 0.044396408
v  -0.0014251857 -0.0091900639 0.044124044
v  0.0065234513 0.003448982 0.044122286
v  0.0065684603 0.0034188519 0.044118084
v  0.0062629194 0.0039227493 0.044119097
v  0.0070609585 0.003089119 0.044072218
v  0.0062003643 0.0044767447 0.044382639
v  0.0061753229 0.0040820129 0.044118024
v  0.0061721788 0.0041870959 0.044108875
v  0.0010439889 -0.009968441 0.044347771
v  -7.5413941e-06 -0.015199136 0.043446697
v  0.0012821541 -0.010666531 0.044252343
v  0.001241459 -0.010547262 0.044268645
v  0.0010570125 -0.010006618 0.044342555
v  -0.0012956499 -0.0098311119 0.044353701
v  -0.0014477088 -0.010421377 0.044273682
v  -0.001304613 -0.009865921 0.044348963
v  -0.0043947189 0.0069665499 0.04426796
v  -0.0062617376 0.0073951669 0.044004656
v  -0.0043743639 0.0051659532 0.04418952
v  -0.009693196 -1.0996042e-08 0.043997116
v  -0.0085764509 -1.0996042e-08 0.044202216
v  -0.0085250605 -1.0996042e-08 0.043906726
v  -0.0013721078 -0.009416502 0.044098653
v  0.0053264932 -0.0063565783 0.044111557
v  0.0064116628 -0.0057054274 0.044054039
v  0.0058614076 -0.0060369186 0.044098504
v  0.0075416476 0.0004439542 0.044377126
v  0.0076183141 0.00072943064 0.044385828
v  0.0080606248 0.00011785719 0.044017918
v  -0.0055844053 -0.0063459091 0.044040836
v  0.011723256 0.0011218379 0.043604352
v  0.011534391 0.002377827 0.043603934
v  0.011197953 0.0036479423 0.043603219
v  0.0082484018 0.0031121264 0.044193663
v  0.0078849401 0.0029788802 0.04426042
v  0.0076869638 0.0030036757 0.044288523
v  0.0071474002 0.0030712972 0.044365115
v  0.007100469 0.0031035135 0.044369407
v  0.0084445532 0.0031840096 0.044157632
v  0.0069714696 0.0031920562 0.044381239
v  0.0061992989 0.0045204349 0.044378825
v  0.006163022 0.004493434 0.044082232
v  0.0062666074 0.0050679035 0.044318415
v  0.0061920271 0.0048200972 0.044352509
v  0.0062739835 0.0050924309 0.044315048
v  0.0072089867 0.0073607452 0.043884732
v  0.0041541965 0.0070455857 0.044260927
v  0.0073969723 0.0091676898 0.043594874
v  -0.0067317314 -0.0041163974 0.04408247
v  0.0080957916 0.00012590381 0.044316061
v  -0.0056748218 -1.0996042e-08 0.044320323
v  0.0055085928 -1.0996042e-08 0.044360287
v  0.0010347352 0.0079962201 0.044307448
v  0.0011397884 0.011728633 0.043581165
v  -1.2138402e-05 0.0096368678 0.044027425
v  0.0071281404 0.0030441175 0.04406596
v  0.0041288645 0.0078291781 0.043872602
v  0.0010291399 0.0079484172 0.044011362
v  0.0076414109 0.0029879103 0.043992408
v  -0.0066156252 0.0036354254 0.044069923
v  0.0031688348 0.0093422122 0.043684073
v  0.0029045702 0.0093927868 0.04368905
v  0.0025756941 0.0094557293 0.043695249
v  0.0019892142 0.0093223043 0.04374487
v  0.0017708004 0.009257514 0.043765701
v  0.0015032426 0.0090035982 0.043819316
v  0.0013309554 0.0088400729 0.043853827
v  0.0041286782 0.007938195 0.043858059
v  0.0040963502 0.0082280822 0.043813832
v  0.0039743022 0.0084987171 0.043777145
v  0.0036538974 0.0089890845 0.043715663
v  0.003217435 0.0093329139 0.043683149
v  -0.0065147257 0.0038739035 0.044064678
v  0.008264346 -1.0996042e-08 0.043984808
v  -0.0064159944 0.0041072555 0.044059582
v  -0.0012735217 0.0079980381 0.044296958
v  -0.0012653186 0.0079502352 0.044000931
v  -0.0064257733 0.0042713769 0.044042923
v  -0.0012869402 -0.0097798221 0.044057943
v  0.0061542676 0.0047861524 0.044056781
v  -0.0068037561 0.0034664462 0.044054754
v  -0.0014357879 -0.010383617 0.043976404
v  -0.0012989133 -0.0098283999 0.044051386
v  0.0010395483 -0.009950947 0.044047721
v  0.0010465519 -0.009970706 0.044045009
v  -0.0012954338 0.0082363375 0.043953188
v  -0.0014165803 0.0085089095 0.043902524
v  -0.001731032 0.008997906 0.043806262
v  -0.0021656989 0.0093397088 0.043727078
v  -0.0028039976 0.0094573684 0.043671854
v  -0.0032098047 0.0093773194 0.043660976
v  -0.0022121607 0.0093482919 0.043723054
v  -0.0033916025 0.0093223043 0.043659069
v  -0.0036151013 0.0092547126 0.043656774
v  -0.0038812063 0.0090019591 0.043681271
v  -0.0040563135 0.0088356622 0.043697424
v  -0.0043636723 0.0079433508 0.043820091
v  -0.0066394112 -0.0057129376 0.043992795
v  -0.0056157499 -0.0063271038 0.044039406
v  -0.0043646633 0.0076855905 0.043854363
v  -0.0064311302 0.0043612309 0.044033833
v  -0.0056057959 0.00089045259 0.044329919
v  -0.0057524717 -1.0996042e-08 0.044309057
v  -0.0013258024 0.0083944686 0.044230111
v  0.0062370808 0.0050620027 0.044018872
v  -0.0072083748 0.0031281898 0.044019856
v  -0.0071666217 0.003140528 0.044025488
v  0.008313207 -1.0996041e-08 0.044280715
v  0.010450674 -1.0996041e-08 0.04388804
v  -0.007720185 0.0029770324 0.043950625
v  0.0013443665 0.0089006312 0.044147529
v  0.0078584086 0.002964128 0.043961294
v  -0.0067265755 -0.0056606345 0.043988831
v  0.0086358394 -0.00018713978 0.044226326
v  -0.0014835238 -0.010560405 0.044254817
v  0.0012367503 -0.010506969 0.043971397
v  0.0012852163 -0.010643642 0.043952651
v  -0.0043919845 0.0075626858 0.044179
v  -0.0048746965 0.0083732195 0.044007696
v  0.0062396959 0.0099922903 0.043592341
v  0.0041524977 0.0079851337 0.0441534
v  0.0081996452 0.003094394 0.043898202
v  -0.0064733676 0.0050700493 0.043961979
v  -0.0015683039 -0.01065461 0.044238903
v  -0.001466596 -0.010508638 0.043959536
v  0.0013570921 -0.010737222 0.044240452
v  0.001346393 -0.010700058 0.043943085
v  -0.007763078 0.0029643367 0.043944813
v  0.0017736168 -0.011129986 0.044174291
v  -0.0019452511 -0.011073451 0.044168122
v  -0.0019330992 -0.011032384 0.043871261
v  -0.0015599965 -0.010613482 0.043941863
v  -0.001416774 0.0085601695 0.044198401
v  0.008958457 -0.00037361291 0.044169672
v  0.0085853767 -0.00018645433 0.043930657
v  0.0092428382 -0.00075853971 0.043810017
v  0.0095667075 -0.0015249362 0.043740459
v  0.0094715934 -0.0010827591 0.043765135
v  0.0094540101 -0.0010010113 0.043769695
v  0.0095547568 -0.004116606 0.043653525
v  0.0095670652 -0.0015301814 0.04374028
v  -0.0088902507 -0.00018180517 0.044146575
v  -0.0088372622 -0.00018108991 0.043851353
v  -0.001584345 0.0088654049 0.044139959
v  -0.0015817224 0.0088804848 0.043833472
v  0.0043990226 -0.010500383 0.043793835
v  0.0084113535 0.0031751881 0.043859042
v  -0.004390025 0.0079902597 0.044115193
v  0.0018293248 -0.011182528 0.04416547
v  0.0017653839 -0.011086475 0.043877579
v  0.0018340335 -0.011149805 0.04386685
v  0.0092977863 -0.00076047686 0.044104941
v  0.0089063626 -0.00037224201 0.043874301
v  -0.0019660085 -0.011096518 0.044164218
v  0.0021970258 -0.011289489 0.044135071
v  0.0021837787 -0.011248093 0.0438383
v  -0.0024683638 -0.011283975 0.044113107
v  -0.0019554435 -0.011057477 0.043867029
v  0.0090770181 0.0038987289 0.043999232
v  0.0090250131 0.0038761387 0.043704696
v  0.004118538 0.0082842596 0.044107772
v  -0.0082660932 0.0030497799 0.04385636
v  0.0015111552 0.0090566464 0.044114478
v  -0.0095446017 -0.00072328356 0.043717004
v  -0.0096475016 -0.0010307541 0.043692775
v  -0.0098107252 -0.0015184393 0.04365436
v  -0.0091495346 -0.00036157278 0.043793865
v  -0.0091521535 -0.00036336092 0.043793388
v  -0.0094839018 -0.00066761283 0.043728836
v  -0.0092040505 -0.00036291388 0.044088818
v  -0.0070938258 0.0065185912 0.043984361
v  0.0095467474 -0.005710613 0.04355181
v  0.005217372 -0.010019999 0.043741234
v  -1.2130951e-05 0.0096840151 0.044016548
v  -0.0016994639 0.0095357187 0.04401464
v  -0.0016756221 0.009031672 0.04410813
v  0.0024123625 -0.011352133 0.04411725
v  0.0024114312 -0.011312049 0.043819733
v  0.01031821 0.0070276447 0.043119855
v  0.0036598877 -0.015224438 0.043430574
v  0.0026696459 -0.011299532 0.044109799
v  0.0026543126 -0.011261296 0.043812819
v  -0.0041255928 0.0087617822 0.044009097
v  0.0017908202 0.0093182214 0.044059046
v  -0.0026600971 -0.01135553 0.044093616
v  -0.0036850362 -0.01522265 0.043414094
v  -0.0024525984 -0.011242937 0.043816455
v  0.0061037601 -0.0094996803 0.043684252
v  0.0033571185 -0.011158954 0.044089831
v  0.010071313 0.0088898428 0.042889632
v  0.0095799398 0.009219218 0.042923994
v  0.010413652 0.007260222 0.043076701
v  0.010481937 0.0078230686 0.042980082
v  0.01037745 0.0083880015 0.042912818
v  0.010113543 0.0088615306 0.042886682
v  0.0095149782 0.009262789 0.042928524
v  0.009002341 0.009321589 0.043007381
v  -0.0017279028 0.0090664215 0.044099636
v  0.0040046857 0.0085398741 0.044073053
v  0.011774717 -1.0996042e-08 0.043595172
v  0.0095045026 -0.00099615357 0.044065513
v  -0.0022319197 0.0094013996 0.04401762
v  0.007508947 -0.0086748116 0.043593921
v  0.0088668149 -0.0078777187 0.04350663
v  -0.0030252389 -0.011314016 0.044076182
v  -0.0026427596 -0.011313867 0.043797113
v  0.0074846209 -0.015238177 0.043046273
v  0.0061390535 -0.0095335357 0.04397998
v  0.0044329152 -0.010533612 0.044089861
v  0.0037656636 -0.01092146 0.044089831
v  0.0033374489 -0.011118542 0.043793298
v  -0.0092231426 -0.00037587789 0.044085212
v  -0.0095389765 -0.00067104009 0.04402364
v  -0.0098008756 -0.0041039102 0.043567844
v  0.0087894928 0.0093460269 0.043040104
v  0.0084485915 0.0092179663 0.043118395
v  0.0062053339 0.0047749467 0.044051535
v  -0.0088346172 0.0033225308 0.044046082
v  -0.0084888171 0.0030876289 0.0438172
v  -0.0033432334 -0.011277866 0.044061013
v  -0.0030055544 -0.01126961 0.043780155
v  0.0050089941 0.010663439 0.043589629
v  0.004000111 0.0085501261 0.044071652
v  0.0038436563 0.0089013763 0.044023968
v  0.0038078562 0.0088677891 0.043727137
v  -0.010553913 0.0070457049 0.043027081
v  0.012209518 -1.0996041e-08 0.043499
v  0.009525096 -0.0010872295 0.044060268
v  -0.0036189607 -0.011154037 0.044057913
v  -0.0033459268 -0.011228096 0.043764211
v  0.009620605 -0.001509737 0.044035919
v  0.0024271966 0.011530329 0.043583967
v  0.00197327 0.0093707629 0.044041909
v  -0.0037906221 -0.011053395 0.044049986
v  -0.0035966351 -0.011113744 0.043761559
v  0.0092323776 -0.0075539462 0.043472476
v  0.0092438739 -0.0075437538 0.043471403
v  0.0093873348 -0.0071607642 0.043478049
v  0.0095154922 -0.0068186633 0.04348401
v  0.0095393863 -0.0067106597 0.043488272
v  0.0095417704 -0.0066996627 0.043488719
v  -0.0075185536 -0.015236448 0.043010868
v  -0.0048442609 -0.010435801 0.044001289
v  -0.0090317149 0.0035131166 0.043997951
v  -0.0087843891 0.0033080468 0.043750592
v  0.0019995035 0.0093783326 0.044039436
v  -0.0063608973 -0.0094908588 0.043633796
v  -0.0054700463 -0.01001386 0.043674983
v  -0.0048150211 -0.010398429 0.043705262
v  0.0025166483 0.0095273443 0.043990798
v  -0.0078761 -0.0086012594 0.043563731
v  0.0096223932 -0.0015357246 0.044035085
v  0.0095958617 -0.0067230277 0.043782867
v  0.011800257 -0.0076139681 0.043261357
v  -0.010645209 0.0072695203 0.042984851
v  0.0036728219 0.0090402253 0.044010557
v  -0.0096061323 -0.00073380378 0.044010557
v  0.0076341243 0.0084481426 0.043376394
v  -0.0022578253 0.0094186254 0.044013388
v  -1.1832928e-05 0.01177435 0.043534048
v  -0.0026481613 0.0149027 0.042708196
v  -0.0022869795 0.0094379969 0.04400865
v  0.0037255795 0.011177618 0.043586828
v  0.0032536821 0.009380836 0.043977685
v  -0.012243969 -1.0996042e-08 0.043380804
v  -0.009705795 -0.0010339727 0.043987043
v  -0.0040849573 0.0088803358 0.043992795
v  -0.0076105162 0.01308595 0.042697318
v  -0.0028215214 0.0094946809 0.043968983
v  -0.0097782332 0.011557419 0.04269255
v  -0.0079081301 0.0085059591 0.043601073
v  -0.0081006531 0.008844126 0.0435142
v  -0.0063987724 -0.009524595 0.043929435
v  0.0092341211 0.0042819865 0.043928154
v  -0.014262116 0.0050825365 0.042682715
v  -0.014930481 0.0025156925 0.042681254
v  -0.0091924835 0.0036685655 0.043958701
v  -0.0090261791 0.0034883509 0.043696083
v  -0.0039090677 0.0090608187 0.043974407
v  -0.0097946506 -0.0057181232 0.043464996
v  -0.0097909179 -0.0066859834 0.043403365
v  -0.0096852686 -0.0071650855 0.043384172
v  -0.0094351564 -0.0074993186 0.0434011
v  0.0025903345 0.0095126815 0.043989487
v  0.0024926425 0.0094716437 0.043696828
v  0.0031331168 0.0094047971 0.043979831
v  -0.0098684784 -0.0015239229 0.043948688
v  -0.0078627486 0.0084577985 0.043308534
v  0.0075519145 -0.0087053888 0.043888994
v  0.00318615 0.0093942769 0.043978877
v  -0.0037169731 0.0092579015 0.04395438
v  0.0019475506 -0.010884237 0.043898739
v  -0.0030321456 0.0095170327 0.043953367
v  -0.0028917058 0.0094735213 0.043664254
v  -0.0093961749 0.0087222643 0.043004759
v  -0.010605412 0.0084082372 0.042820163
v  -0.010699051 0.0081973858 0.042835273
v  -0.0093191061 0.0039074309 0.043917574
v  -0.0092020947 0.0037609825 0.043644406
v  -0.0091816168 0.0037225375 0.043651022
v  -0.0052092462 0.014212567 0.042702563
v  -0.0034367829 0.0093639083 0.043953963
v  -0.0034083626 0.009374667 0.043953903
v  -0.0098474752 -0.0067092292 0.043697067
v  -0.0078363251 -0.0086819343 0.043862976
v  0.010707242 0.0049055405 0.043602146
v  0.0099779721 0.0060967095 0.043591566
v  -0.010131603 0.0059015341 0.043541528
v  -0.013155902 0.007493306 0.042685159
v  -0.0092646759 0.003884841 0.043623485
v  0.0078020082 -0.0085587911 0.0438729
v  0.0076770843 0.0084963329 0.043669321
v  0.0089170691 -0.0079051964 0.043801077
v  -0.0079117883 -0.0086377077 0.043859489
v  -0.011318421 -0.01525436 0.042350836
v  -0.0091708358 -0.0078925304 0.043721087
v  0.0089346971 -0.0078930669 0.043799199
v  0.011276981 -0.015256058 0.042406507
v  0.0092367511 -0.0076077692 0.043772377
v  0.0094408002 -0.0071872286 0.04377196
v  0.009275822 -0.0075708739 0.04376889
v  0.0093296301 -0.0075200312 0.043764122
v  -0.0094198938 -0.0076072924 0.043700524
v  -0.011846619 -0.0076131336 0.043202318
v  -0.0091180969 -0.0078652017 0.043427058
v  -0.00949076 -0.0075261109 0.043694682
v  -0.0098459665 -0.0067290477 0.043695785
v  -0.0097394343 -0.0071893744 0.043678232
v  -0.009723084 -0.0072600059 0.04367552
v  -0.0096717756 -0.0072262697 0.043381728
v  0.0078941714 0.0087422319 0.043594308
v  0.012613853 -1.0996041e-08 0.043409564
v  0.01562546 0.00322013 0.042503096
v  0.015881231 0.001519222 0.042503662
v  0.015169842 0.0049401708 0.042502083
v  0.014505303 0.0066432543 0.042500623
v  0.010081319 0.0063488074 0.043544807
v  -0.0079928096 0.0087025948 0.043247379
v  0.0082954001 0.0091966875 0.043455668
v  0.0084552076 0.013531882 0.042487361
v  0.010022422 0.012415159 0.042490818
v  0.0067885504 0.014440794 0.042483725
v  0.0050505088 0.015137095 0.04247991
v  0.0032921941 0.015614737 0.042476036
v  0.0015487508 0.015883286 0.042472221
v  -1.14753e-05 0.014249761 0.042962678
v  0.013571789 0.0083876736 0.042498596
v  0.010471655 0.007301081 0.043368198
v  -0.010705618 0.0073103793 0.043275841
v  -0.008243883 0.0089578517 0.043470927
v  -0.0082050096 0.0089030154 0.043178268
v  -0.008660635 0.0092887469 0.043345012
v  -0.0084977206 0.0091794915 0.04308299
v  0.0084952619 0.0092701502 0.04341004
v  0.0082411524 0.0091400333 0.043166019
v  -6.051278e-06 -0.019161295 0.042768784
v  0.0034529478 -0.022739094 0.041860797
v  -0.0034706867 -0.022736382 0.041845776
v  -0.0070946193 -0.022755813 0.041539319
v  0.0088493954 0.009400297 0.043329187
v  0.015906936 -1.0996042e-08 0.042357422
v  0.015700435 -0.0076242797 0.04224921
v  -0.01514102 -1.0996042e-08 0.042680807
v  0.010554126 0.0075855739 0.043311067
v  0.01049233 0.007527668 0.043022849
v  -0.0087104645 0.0092978962 0.043334641
v  -0.0086680148 0.0092255361 0.04304529
v  -0.0092882346 0.0094040819 0.043214418
v  -0.0091945473 0.0093679912 0.042928703
v  0.0090521257 0.0093754418 0.043298252
v  0.010543769 0.0078669079 0.043270446
v  0.011280326 0.011283893 0.042493559
v  0.0093389284 0.0093402453 0.043254502
v  -0.010760942 0.0082347877 0.043126531
v  0.010529285 0.0082603879 0.043213584
v  0.010467766 0.0082259364 0.042921759
v  0.0095773991 0.0093109794 0.043218113
v  0.0096339267 0.0092725046 0.043214269
v  -0.0093638916 0.0094179995 0.043198682
v  -0.0092307907 0.0093598254 0.042923428
v  0.010125777 0.0089377947 0.043180622
v  0.010435065 0.0084321983 0.043203838
v  0.012411399 0.010025788 0.042496033
v  0.010433761 0.0084345825 0.043203689
v  0.010176903 0.0089030154 0.043177135
v  -0.015752362 -0.0076234452 0.042167582
v  -0.015078155 -0.015272509 0.041413344
v  -0.0098534133 0.0092662759 0.043133654
v  -0.0098041762 0.0092307813 0.042839862
v  -0.010058159 0.009202797 0.043106444
v  -0.0098930355 0.009210784 0.042826928
v  -0.011645814 0.0096739121 0.042688467
v  -0.010672105 0.008459378 0.043108441
v  -0.010573989 0.0087074228 0.043088444
v  -0.010337872 0.0089341886 0.043096699
v  -0.010283908 0.0088848658 0.042805828
v  -0.010532254 0.0087475069 0.043089904
v  -0.010458304 0.0087394603 0.042796411
v  0.0070681707 -0.022758435 0.041571982
v  -0.010697613 -0.022780012 0.040997453
v  -1.1192178e-05 0.015126545 0.042686678
v  -4.0694235e-06 -0.022708129 0.041865118
v  -1.0931408e-05 0.015946496 0.04242862
v  -1.0126745e-05 0.018469024 0.041634627
v  -0.003488855 0.019664753 0.041057952
v  -0.0068683117 0.018754113 0.041050531
v  -0.010036891 0.017267454 0.041043587
v  -0.012897285 0.015250493 0.041037329
v  -0.015361635 0.012765128 0.041031934
v  -0.017354259 0.0098877139 0.041027553
v  -0.018813958 0.0067066438 0.041024365
v  -0.019695899 0.0033195803 0.041022427
v  -0.016248127 -1.0996042e-08 0.042300738
v  0.016160732 -1.0996041e-08 0.04227633
v  0.019950038 0.0019079933 0.041080661
v  0.019628813 0.0040442236 0.041079946
v  0.019056594 0.0062044449 0.041078694
v  0.018221987 0.0083433576 0.041076876
v  0.017049571 0.010534246 0.041074283
v  0.015592216 0.012591559 0.041071095
v  0.01417168 0.014171619 0.041067995
v  0.012591859 0.015592445 0.041064538
v  0.010623565 0.016994942 0.041060217
v  0.0085303765 0.018136431 0.041055627
v  0.0063475431 0.01901095 0.041050829
v  0.0041392432 0.019610811 0.041046001
v  0.0019496218 0.019948114 0.041041203
v  0.010663582 -0.022782546 0.04104916
v  0.015030956 -0.015274178 0.04149086
v  -0.014269305 -0.022802692 0.040172465
v  -0.019973712 -1.0996042e-08 0.041021802
v  0.020028217 -1.0996041e-08 0.041040666
v  0.020061886 -1.0996041e-08 0.041029908
v  0.019499203 -0.0076315217 0.040949382
v  -0.019554419 -0.0076306276 0.040843643
v  -0.018747227 -0.015282761 0.04016275
v  -4.0694235e-06 -0.022710841 0.041864403
v  6.0442211e-09 -0.030000012 0.040007241
v  0.0016147182 -0.029960226 0.040004469
v  -0.0035974882 -0.02979229 0.039997168
v  0.00427164 -0.029675316 0.039985903
v  0.0050285072 -0.029594164 0.039980628
v  -0.0066879964 -0.02923445 0.03994403
v  -0.0042719818 -0.029670548 0.039985575
v  -9.3667859e-06 0.019955773 0.041027255
v  0.008828653 -0.028661858 0.03985212
v  0.008311538 -0.028845023 0.039887108
v  0.0066678883 -0.029220056 0.039933927
v  -0.0070722378 -0.029165071 0.039937414
v  -0.010199567 -0.028202664 0.039776273
v  -0.0088321548 -0.028623473 0.039846726
v  0.014229445 -0.022805195 0.040245064
v  0.018696656 -0.015284579 0.040264018
v  -0.017750835 -0.022812795 0.039007701
v  0.02056337 -1.0996041e-08 0.040869661
v  0.023388607 0.0048179813 0.039331175
v  0.023771292 0.002273042 0.03933201
v  0.022706909 0.0073915012 0.039329685
v  0.021712622 0.0099396594 0.03932751
v  0.020315884 0.012549717 0.03932444
v  0.018579705 0.01500066 0.039320625
v  0.016887387 0.016883034 0.03931693
v  0.015005304 0.018575687 0.039312787
v  0.012660412 0.020246524 0.039307661
v  0.010166747 0.021606404 0.039302178
v  -9.329533e-06 0.020027477 0.04099796
v  -8.2342976e-06 0.022157717 0.040127732
v  -0.0041940412 0.023665238 0.039188154
v  -0.008260997 0.022569347 0.039179243
v  0.0075662793 0.022648264 0.039296485
v  0.0049354793 0.023362894 0.039290704
v  -0.012074178 0.020780254 0.039170869
v  0.010165913 -0.02818821 0.03976167
v  0.011499999 -0.027715664 0.039671429
v  0.013548544 -0.026714724 0.039420761
v  0.0023269192 0.023764689 0.039284982
v  -0.015516473 0.018352974 0.039163329
v  -0.018482162 0.015362013 0.039156832
v  -0.020880153 0.011899222 0.039151557
v  0.023519067 -0.0037447026 0.03942237
v  0.023165075 -0.0076285414 0.039306499
v  -0.022636807 0.0080709942 0.039147712
v  -0.02369816 0.0039948709 0.039145388
v  -0.020126751 -1.0996042e-08 0.040951021
v  -0.013818508 -0.026611935 0.039399602
v  -0.013546122 -0.026769143 0.039443381
v  -0.013532067 -0.026777249 0.039445646
v  -0.010399116 -0.028141271 0.039765991
v  -0.023827745 -1.0996042e-08 0.039239354
v  0.023719734 -1.0996041e-08 0.03927321
v  -0.023220642 -0.0076274388 0.039174326
v  -0.022278821 -0.015272032 0.03852848
v  0.01944807 -0.02280302 0.03828118
v  0.02032843 -0.022085022 0.038061477
v  0.020986466 -0.021401118 0.037861772
v  0.022228276 -0.015274297 0.038656123
v  0.0177078 -0.022815537 0.039103426
v  0.015184833 -0.025843542 0.039189823
v  0.014704911 -0.026149701 0.03927929
v  0.013765929 -0.026608508 0.039394177
v  -0.015149282 -0.025843929 0.03918574
v  -0.01754366 -0.024288636 0.0387365
v  -0.016459843 -0.025087547 0.038975127
v  -0.02140324 -0.021000635 0.037749775
v  -0.020991294 -0.021381687 0.037864394
v  -6.9602488e-06 0.023858178 0.0392415
v  6.0442211e-09 -0.038477968 0.037457861
v  0.0038855881 -0.038494658 0.037418164
v  -0.0038857996 -0.038494986 0.037418075
v  0.0079565477 -0.038523089 0.037146546
v  -0.007956991 -0.038523387 0.037146397
v  -0.011990758 -0.038549911 0.036460169
v  0.011990098 -0.038549613 0.036460437
v  -0.015859475 -0.038552444 0.035176344
v  0.02602016 -1.0996041e-08 0.038109668
v  0.023823349 -1.0996041e-08 0.039220788
v  0.026979601 -0.0037354638 0.037358887
v  -0.018104298 -0.025844466 0.038130142
v  0.015858656 -0.038552146 0.035176821
v  0.027181415 0.0025987218 0.037254222
v  0.026743902 0.0055082627 0.037253268
v  0.025964534 0.0084504969 0.037251569
v  0.024827791 0.011363763 0.037249066
v  0.023230946 0.014347751 0.037245579
v  0.021246014 0.017149854 0.037241228
v  0.019311232 0.01930191 0.037236966
v  0.017159497 0.021237064 0.037232257
v  0.014478652 0.023147304 0.037226386
v  0.011627709 0.024702031 0.037220128
v  0.025502613 -0.01523165 0.036589272
v  0.026101118 -0.011438292 0.036982484
v  0.02659802 -0.0076084547 0.037245043
v  0.0086546596 0.025893141 0.037213601
v  0.0056469426 0.026710171 0.037207015
v  0.0026646466 0.027169544 0.037200488
v  -3.7788507e-06 0.027282257 0.037168987
v  -5.8948158e-06 0.025277335 0.038501896
v  -6.8410395e-06 0.02401479 0.039159872
v  -0.02403249 -1.0996042e-08 0.039144643
v  0.0181033 -0.025844287 0.038130619
v  0.017464457 -0.024389189 0.038764961
v  -0.0047594919 0.02687927 0.037184782
v  -0.0093787853 0.025634516 0.03717465
v  -0.013709841 0.023602474 0.037165172
v  -0.027031073 -0.0037347486 0.037195928
v  -0.026648531 -0.0076069646 0.037083693
v  -0.026149189 -0.011436056 0.036823191
v  -0.017619638 0.020845521 0.037156589
v  -0.020988097 0.017448355 0.037149198
v  -0.023711765 0.013515282 0.037143238
v  -0.02570699 0.0091671236 0.037138857
v  -0.02691249 0.0045374222 0.037136205
v  -0.027273258 -1.0996042e-08 0.037147082
v  -0.027292227 -1.0996042e-08 0.03713537
v  0.017642325 -0.024275701 0.038731821
v  0.018447643 -0.023618918 0.038530834
v  -0.019439692 -0.022816997 0.0382962
v  -0.019046148 -0.023181062 0.038405724
v  -0.01845012 -0.023620408 0.038536943
v  0.022771401 -0.019546013 0.037320055
v  0.022876231 -0.019408327 0.037285514
v  0.023612207 -0.018441629 0.037042953
v  0.024946323 -0.016689282 0.036603279
v  0.021298235 -0.021077108 0.03776715
v  -0.020219022 -0.025828224 0.037086107
v  -0.025547018 -0.01522867 0.036432542
v  -0.025474163 -0.015799087 0.036389984
v  -0.023829712 -0.018227797 0.03696809
v  -0.023603594 -0.018490683 0.03704185
v  -0.022813456 -0.01940937 0.037299551
v  -0.021606853 -0.020812284 0.037693091
v  0.020217953 -0.025828075 0.037086733
v  -0.017671606 -0.038534652 0.034250356
v  0.02714829 -1.0996041e-08 0.037217654
v  -0.022200385 -0.025791984 0.0358238
v  0.022199294 -0.025791835 0.035824634
v  -0.023445049 -0.019398402 0.036917426
v  6.0442211e-09 -0.040452015 0.036864258
v  0.0050102682 -0.051000696 0.033544518
v  0.0047829286 -0.051000666 0.033568628
v  0.0033158869 -0.051000457 0.033606775
v  -0.0033157445 -0.051000517 0.033598162
v  6.0442211e-09 -0.05100001 0.033692993
v  -0.0054904758 -0.051000845 0.033504881
v  -0.0051209047 -0.051000785 0.033546545
v  0.029764099 -0.003715079 0.034982927
v  0.029800532 -0.0035060158 0.034973063
v  0.02722702 -1.0996041e-08 0.037155397
v  0.029714359 -0.0040004961 0.034996398
v  0.023443853 -0.019398343 0.03691826
v  0.029973304 0.0012690315 0.034928478
v  0.029816082 0.0028498659 0.034928478
v  0.02963615 0.0046590753 0.034928478
v  0.028910538 0.008011777 0.034928478
v  0.029337144 0.0060406215 0.034928478
v  0.029628886 0.0046926327 0.034928478
v  0.02848742 0.0092554279 0.034928508
v  0.02848324 0.0092677064 0.034928508
v  0.027798099 0.011281509 0.034928508
v  0.02630589 0.014422435 0.034928508
v  0.02669516 0.01360308 0.034928508
v  0.027236735 0.012463111 0.034928508
v  0.024446426 0.017389018 0.034928538
v  0.025482966 0.015735317 0.034928508
v  0.029221704 -0.0068274252 0.035129823
v  0.029306656 -0.0063399188 0.035106815
v  0.028286261 -0.01000635 0.035420217
v  0.0290023 -0.0075730197 0.035197921
v  0.024257971 0.017623473 0.034928538
v  0.023305228 0.018808711 0.034928538
v  0.022237709 0.020136762 0.034928538
v  0.021177432 0.021176744 0.034928538
v  0.020069374 0.022312332 0.034969695
v  0.021184972 0.021169353 0.034928538
v  0.016871376 0.024806459 0.034928568
v  0.018829664 0.023296345 0.034928538
v  0.017608514 0.024238039 0.034928568
v  0.013778863 0.02664857 0.034928568
v  0.015888615 0.025391866 0.034928568
v  0.010684138 0.028033037 0.034928568
v  0.012763372 0.027102847 0.034928568
v  0.01361583 0.026721496 0.034928568
v  0.0094993543 0.028403569 0.034928598
v  0.0092544015 0.028480191 0.034928598
v  0.007192275 0.029125113 0.034928598
v  0.0035656155 0.02978738 0.034928598
v  0.00468435 0.029583085 0.034928598
v  0.0062015639 0.029306043 0.034928598
v  -3.1902548e-06 0.027841438 0.036797233
v  0.0029307739 0.029825229 0.034928598
v  -0.029732576 -0.0036817004 0.034989931
v  -0.02972726 -0.0037222316 0.034991242
v  -0.029309453 -0.006339293 0.035101302
v  -0.029462593 -0.0057391338 0.035056032
v  -0.029919839 -0.0022546758 0.034944065
v  -0.0046926192 0.029628742 0.034928627
v  -0.005220951 0.029514421 0.034928627
v  -0.0080117267 0.028910417 0.034928598
v  -0.004659032 0.029636014 0.034928627
v  -0.010290092 0.028135289 0.034928598
v  -0.011281462 0.027798016 0.034928598
v  -0.0092554074 0.028487314 0.034928598
v  -0.0012689992 0.029973138 0.034928627
v  -0.014422378 0.026305813 0.034928598
v  -0.015047589 0.025913943 0.034928598
v  -0.017388964 0.024446357 0.034928598
v  -0.013603026 0.026695061 0.034928598
v  -0.019336382 0.02288099 0.034928598
v  -0.020136716 0.022237677 0.034928598
v  -0.021176694 0.0211774 0.034928598
v  -0.017623423 0.024257917 0.034928598
v  0.030019311 -1.0996041e-08 0.034947552
v  -0.023041924 0.019159544 0.034928598
v  -0.024238 0.017608482 0.034928598
v  -0.024806431 0.016871352 0.034928598
v  -0.022622751 0.019703109 0.034928598
v  0.0067633749 -0.051000934 0.033358641
v  0.0076686875 -0.051001053 0.033262648
v  0.008259533 -0.051001143 0.033199973
v  -0.008115733 -0.051001262 0.033208974
v  -0.0067637987 -0.051001053 0.033361353
v  -0.010150282 -0.05100159 0.03278894
v  -0.0084074754 -0.051001322 0.033176072
v  -0.026648546 0.013778854 0.034928598
v  -0.026721483 0.013615806 0.034928598
v  -0.028033039 0.010684121 0.034928598
v  -0.026020436 0.01483332 0.034928598
v  -0.029125134 0.0071922727 0.034928568
v  -0.028480193 0.0092544146 0.034928568
v  -0.028226102 0.010066826 0.034928598
v  -0.029787393 0.0035656283 0.034928568
v  -0.029583102 0.0046843477 0.034928568
v  -0.029529275 0.0049791224 0.034928568
v  -0.029980714 -1.0996042e-08 0.034909315
v  0.017670741 -0.038534354 0.034250982
v  -0.019338986 -0.038499396 0.033113129
v  -0.028991496 -0.0075853877 0.035195328
v  -0.028601671 -0.0091131441 0.035310574
v  -0.025409387 -0.019352715 0.03541223
v  0.025837502 -0.015216451 0.036270566
v  0.026176265 -0.014656585 0.036144085
v  0.026370211 -0.014264565 0.036079802
v  0.027045971 -0.012898546 0.035855807
v  0.027681647 -0.011613559 0.035645105
v  0.027759342 -0.011407059 0.035616197
v  0.025408184 -0.019352626 0.035413302
v  -0.023994343 -0.025736284 0.034332402
v  -0.027719149 -0.011418115 0.035604335
v  -0.027420038 -0.012199353 0.035703905
v  -0.027057966 -0.012895804 0.035831638
v  -0.02637505 -0.014209371 0.03607256
v  6.0442207e-09 0.02999999 0.034928627
v  0.025339691 -0.016039174 0.036456414
v  0.010196446 -0.051001411 0.032778509
v  0.011275409 -0.05100156 0.032543756
v  0.012566825 -0.051001769 0.032087661
v  0.010149812 -0.051001411 0.032788672
v  -0.012932176 -0.051002037 0.031959452
v  -0.011350108 -0.051001769 0.032522418
v  -0.010604685 -0.051001649 0.032687999
v  -0.025794709 -0.015325677 0.036277302
v  -0.025843332 -0.015232127 0.036260165
v  0.028512014 -0.012865316 0.034476854
v  0.027162163 -0.019296419 0.033662625
v  -0.028513284 -0.012865346 0.034475483
v  0.023993282 -0.025736134 0.034333475
v  0.019338122 -0.038499098 0.033113934
v  -0.020810088 -0.038447749 0.031765856
v  -0.027163295 -0.019296478 0.033661284
v  -0.025558049 -0.025669318 0.032608755
v  0.029488852 -0.0063390248 0.034943171
v  -0.029490201 -0.006338995 0.03494183
v  0.013391344 -0.051001888 0.031796463
v  0.013924098 -0.051001977 0.031608291
v  0.014755232 -0.051002096 0.031178752
v  -0.01462304 -0.044910681 0.033487864
v  -0.016287239 -0.044898909 0.032664068
v  0.03120984 -0.0063161068 0.032925971
v  -0.031671125 1.8806281e-08 0.032957949
v  -0.031211039 -0.0063160472 0.032924302
v  0.03018119 -1.0996041e-08 0.034753837
v  0.031638421 1.8806281e-08 0.033010043
v  0.01970314 0.022622783 0.034928538
v  -0.031437524 1.8806281e-08 0.0332276
v  -0.030134382 -0.012821566 0.032459803
v  6.0442207e-09 0.030164618 0.034739591
v  6.0442207e-09 0.031462509 0.033249237
v  -0.0049218177 0.031075139 0.033249237
v  0.0047205673 0.029804487 0.034749515
v  0.0093248989 0.028699089 0.034749515
v  -0.0097224433 0.029922623 0.033249237
v  -0.014283674 0.028033275 0.033249237
v  -0.018493189 0.025453705 0.033249237
v  -0.022247342 0.022247333 0.033249237
v  -0.025453692 0.018493194 0.033249237
v  -0.028033288 0.014283676 0.033249237
v  -0.02992261 0.0097224601 0.033249237
v  0.013699619 0.026887018 0.034749515
v  0.017737014 0.024412889 0.034749515
v  -0.03107514 0.0049218126 0.033249237
v  0.021337664 0.021337647 0.034749515
v  0.024412906 0.01773702 0.034749515
v  0.02688702 0.01369961 0.034749515
v  0.028699091 0.0093248971 0.034749515
v  0.029804489 0.0047205575 0.034749515
v  0.0050149322 0.031662989 0.032393135
v  0.0099063721 0.030488659 0.032393135
v  0.014553888 0.028563607 0.032393135
v  0.018843038 0.025935221 0.032393135
v  0.022668203 0.022668201 0.032393135
v  0.025935216 0.018843044 0.032393135
v  0.028563609 0.014553893 0.032393135
v  0.030488668 0.0099063702 0.032393135
v  0.031663001 0.005014915 0.032393135
v  0.030133283 -0.012821566 0.032461472
v  -0.02861358 -0.019237023 0.03167323
v  0.025557077 -0.025669169 0.032610096
v  0.020809283 -0.038447451 0.031766899
v  0.022052338 -0.038387369 0.030228326
v  0.023814542 -0.03202052 0.031428821
v  -0.023815358 -0.032020729 0.03142751
v  0.01491983 -0.051002126 0.031093696
v  0.016215524 -0.051002365 0.030424068
v  0.017825721 -0.04487608 0.031658716
v  -0.017826492 -0.044876438 0.031657971
v  6.0442211e-09 -0.051287632 0.033616193
v  0.028612634 -0.019236963 0.031674869
v  -0.026812093 -0.0256011 0.030681292
v  -0.0055091283 -0.051291298 0.033430584
v  -1.4063596e-09 -0.055469524 0.032499619
v  0.0023538754 -0.055462968 0.032428391
v  0.0052108676 -0.055460524 0.032249995
v  -0.013946434 -0.051002216 0.031598546
v  -0.013391891 -0.051002126 0.031795897
v  -0.015073875 -0.051002424 0.031014035
v  -0.0081426445 -0.051295798 0.033124603
v  -1.4063596e-09 -0.055476498 0.032497771
v  -0.0084410403 -0.055461299 0.031791218
v  -0.0057110018 -0.055466663 0.03219787
v  0.0079767685 -0.055455219 0.031880029
v  6.0442207e-09 0.032000262 0.032358475
v  -0.010160243 0.031270016 0.030902544
v  -0.0051434464 0.032474447 0.030902544
v  -0.014926864 0.029295612 0.030902544
v  -0.019325936 0.026599873 0.030902544
v  -0.02324914 0.023249138 0.030902544
v  -0.026599871 0.019325931 0.030902544
v  -0.029295625 0.014926869 0.030902544
v  -0.03127002 0.010160256 0.030902544
v  -0.032474447 0.0051434524 0.030902544
v  -0.031696744 1.8806281e-08 0.032928355
v  0.010615481 -0.055451285 0.031274088
v  -0.010647217 -0.051309895 0.032608815
v  -0.011039777 -0.055457842 0.031147012
v  -0.019201012 -0.044844132 0.030471036
v  0.031665169 1.8806281e-08 0.032958128
v  0.031977661 1.8806281e-08 0.032351889
v  -0.032524418 -0.0062908046 0.030619392
v  -0.032815505 4.8608602e-08 0.031037012
v  0.032768309 1.8806281e-08 0.030818025
v  0.032856271 -0.0030046215 0.030703375
v  0.032523528 -0.0062908642 0.030621449
v  -0.031343438 -0.01277725 0.030177006
v  0.010238176 -0.051298808 0.03271348
v  0.012626005 -0.051322173 0.032003887
v  -0.016234098 -0.051002633 0.030412534
v  0.026811322 -0.025600951 0.030682901
v  -0.012993352 -0.05133475 0.031865396
v  -0.013477935 -0.055457722 0.030258784
v  -0.024893379 -0.031952482 0.029600779
v  -1.4063596e-09 -0.057731282 0.031895734
v  0.031342648 -0.01277725 0.030179033
v  -0.02965357 -0.019181263 0.029457608
v  0.0024488256 -0.063689835 0.030541578
v  0.0051450566 0.03248458 0.03088049
v  0.010163417 0.031279761 0.03088049
v  0.01493152 0.029304761 0.03088049
v  0.019331967 0.026608158 0.03088049
v  0.023256389 0.02325638 0.03088049
v  0.026608167 0.019331951 0.03088049
v  0.029304763 0.014931519 0.03088049
v  0.031279773 0.010163415 0.03088049
v  0.032484576 0.0051450618 0.03088049
v  6.0442207e-09 0.032879252 0.030902544
v  0.0054195733 -0.063683338 0.030257771
v  -0.0029564924 -0.059627306 0.03136573
v  6.0442211e-09 -0.059642266 0.031522401
v  -0.0086514857 -0.059607875 0.0305926
v  -0.0058531552 -0.059620749 0.031094739
v  0.01483248 -0.051355582 0.031061361
v  0.013096286 -0.05545057 0.030420611
v  0.0082965847 -0.06366808 0.02971659
v  0.010882339 -0.059587967 0.029980162
v  -0.01515664 -0.05136947 0.030891577
v  -0.015731385 -0.055461597 0.029135326
v  -0.011317616 -0.05959047 0.029833654
v  0.019200271 -0.044843744 0.03047193
v  -0.020388918 -0.044806968 0.029117147
v  -0.022053046 -0.038387638 0.030227104
v  0.029652936 -0.019181173 0.029459545
v  -0.02766888 -0.025541466 0.028574446
v  0.016389696 -0.051002394 0.030297885
v  0.016739642 -0.051002454 0.030044356
v  -0.016390724 -0.051002663 0.030297795
v  -0.01700809 -0.051002812 0.029845456
v  6.0442211e-09 -0.063714929 0.03072674
v  0.024892753 -0.031952273 0.029602299
v  -0.023020891 -0.03832991 0.028548369
v  -0.0030002384 -0.06369371 0.030506769
v  -0.0059394031 -0.063685782 0.030179957
v  -0.013822665 -0.059570443 0.02881969
v  -0.0087794978 -0.063668974 0.029595504
v  0.016836604 -0.051400643 0.029881814
v  0.015393784 -0.055453788 0.02932767
v  -0.032866962 4.8608602e-08 0.030898014
v  -0.017117126 -0.051416408 0.029682228
v  6.0442207e-09 0.033738393 0.028322915
v  -0.010425741 0.032087136 0.028322915
v  -0.0052778474 0.033323038 0.028322915
v  -0.015316917 0.030061144 0.028322915
v  -0.019830937 0.027294952 0.028322915
v  -0.023856657 0.023856658 0.028322915
v  -0.027294943 0.019830931 0.028322915
v  -0.030061139 0.015316922 0.028322915
v  -0.032087129 0.010425735 0.028322915
v  -0.033323027 0.0052778609 0.028322915
v  -0.033591483 7.8410928e-08 0.028940806
v  -0.032951731 7.8410928e-08 0.030669013
v  -0.032857176 -0.0030045619 0.030701319
v  -0.017780671 -0.055472385 0.027778486
v  0.0052780346 0.033324171 0.028317342
v  0.010426102 0.032088239 0.028317342
v  0.015317446 0.030062187 0.028317342
v  0.019831626 0.027295876 0.028317342
v  0.02385748 0.023857493 0.028317342
v  0.027295893 0.019831616 0.028317342
v  0.030062182 0.015317459 0.028317342
v  0.032088242 0.010426093 0.028317342
v  0.032868169 1.8806281e-08 0.03062428
v  0.033393957 1.8806281e-08 0.029604236
v  0.033324189 0.0052780397 0.028317342
v  6.0442211e-09 -0.063719399 0.030725876
v  0.0024587275 -0.067734189 0.02987037
v  6.0442211e-09 -0.067736752 0.029941002
v  0.033659458 -0.0029925515 0.028152565
v  -0.03365992 -0.0029924621 0.02815021
v  0.027668407 -0.025541347 0.028576294
v  -0.025603449 -0.031896662 0.027640769
v  0.033309542 -0.0062683634 0.028065899
v  -0.033309985 -0.0062683038 0.028063515
v  -0.032029018 -0.012742143 0.027671764
v  -0.011487348 -0.063643523 0.028745631
v  -0.005965793 -0.067729659 0.029458025
v  -0.0030125245 -0.067736991 0.029831717
v  0.020388236 -0.044806611 0.029118219
v  0.01773618 -0.051002633 0.029322425
v  0.018500073 -0.051002782 0.028676638
v  0.01817221 -0.051002722 0.02900652
v  -0.018281622 -0.05100308 0.028912345
v  -0.017731922 -0.051002961 0.029315094
v  -0.018725982 -0.051003199 0.028457055
v  0.013430549 -0.059568118 0.029001513
v  -0.016142959 -0.059550297 0.02756525
v  0.0054433555 -0.067728229 0.029546211
v  0.023020355 -0.038329642 0.02854974
v  -0.021358093 -0.0447721 0.027640769
v  -0.0088222194 -0.067712493 0.028806785
v  0.032028675 -0.012742143 0.027674088
v  -0.030193085 -0.019142579 0.027068565
v  0.011045253 -0.063643821 0.02890707
v  6.0442211e-09 -0.06774009 0.029940346
v  6.0442211e-09 -0.067861982 0.029916564
v  6.0442211e-09 -0.071864434 0.029560963
v  0.0024400786 -0.071851619 0.029367546
v  0.018621629 -0.051462751 0.028456727
v  0.017487464 -0.055463325 0.027999172
v  -0.014034571 -0.063611932 0.027635703
v  -0.0029902174 -0.071853645 0.029325942
v  -0.0059279776 -0.071848042 0.028915474
v  0.0083363857 -0.067712851 0.028939227
v  -0.018858982 -0.051480841 0.028229872
v  -0.019610493 -0.05549432 0.02618275
v  0.033598103 1.8806281e-08 0.028295258
v  0.025603106 -0.031896453 0.027642468
v  -0.02367135 -0.038285535 0.026769826
v  -0.011549333 -0.067685612 0.027891437
v  6.0442211e-09 -0.071866699 0.029560754
v  0.0023939074 -0.076059707 0.02903221
v  6.0442211e-09 -0.07606823 0.02918745
v  0.0054078014 -0.071847387 0.029011736
v  0.03019288 -0.01914249 0.02707077
v  -0.0087767225 -0.071833916 0.02821503
v  -0.028065966 -0.025506031 0.026349613
v  0.015795311 -0.059547734 0.027777174
v  -0.0058284639 -0.07605768 0.028556773
v  -0.002934528 -0.07606072 0.028988102
v  -1.4063596e-09 -0.077876158 0.029026845
v  -0.018259851 -0.05953319 0.026079157
v  0.018965339 -0.051002901 0.028208444
v  0.021357527 -0.044771712 0.027642021
v  -0.018967504 -0.051003259 0.028209576
v  -0.020056581 -0.051003527 0.027093718
v  0.0036920221 -0.079999812 0.028767506
v  0.0053151087 -0.076057442 0.028657148
v  0.0023286776 -0.079999872 0.028853307
v  -0.0028567775 -0.079999872 0.028821835
v  -0.0003926768 -0.079999991 0.028995344
v  6.0442211e-09 -0.078949399 0.029003212
v  0.0082916599 -0.071834691 0.028355399
v  6.0442211e-09 -0.079999931 0.028999815
v  0.01363582 -0.063612826 0.027832815
v  -1.4063595e-09 -0.11949999 0.028999994
v  -0.0037690564 -0.079999812 0.028757581
v  -0.0070858723 -0.11949999 0.028121004
v  0.0070858733 -0.11949999 0.028121004
v  0.0034594 -0.11949999 0.028490731
v  -0.0034594028 -0.11949999 0.028490731
v  -0.0063137277 -0.12550004 0.028304348
v  -1.4063595e-09 -0.1285 0.028999994
v  -1.4063595e-09 -0.12550004 0.028999994
v  0.0069401548 -0.1285 0.028157303
v  0.0069401548 -0.12550004 0.028157303
v  0.0034594 -0.12550004 0.028490731
v  -0.0034594028 -0.12550004 0.028490731
v  -0.0063137277 -0.1285 0.028304348
v  -0.0029886118 -0.1285 0.020786265
v  0.0029886127 -0.1285 0.020786265
v  -0.0056807823 -0.079999931 0.028385112
v  -0.033704583 1.0821325e-07 0.028316775
v  0.011103904 -0.06768734 0.028063068
v  -0.0086481031 -0.076049395 0.027832488
v  -0.016398055 -0.063577659 0.026278475
v  -0.011504924 -0.071811683 0.027257601
v  0.0051771612 -0.079999931 0.028480897
v  -0.014119362 -0.067651398 0.026716659
v  0.0070843012 -0.08000005 0.028112838
v  0.0081669372 -0.076050051 0.027976582
v  0.028065888 -0.025505852 0.02635167
v  -0.025911456 -0.031868976 0.025610605
v  -0.0070840581 -0.08000005 0.028111676
v  0.023671037 -0.038285237 0.026771376
v  -0.022086659 -0.044746798 0.026074866
v  0.010177163 -0.11949999 0.026834974
v  0.010177163 -0.12550004 0.026834974
v  -0.01017716 -0.11949999 0.026834974
v  -0.01017716 -0.12550004 0.026834974
v  0.020175194 -0.051541876 0.026799479
v  0.019970452 -0.051003139 0.027197072
v  0.019361122 -0.05548365 0.026429037
v  0.011058724 -0.07181365 0.027435312
v  6.0442207e-09 0.033738989 0.028317282
v  -0.0032686195 0.033742744 0.025735924
v  -0.0053187697 0.033581395 0.025735924
v  -0.0065515949 0.033285428 0.025735924
v  -0.01297112 0.031315077 0.025735924
v  -0.010506576 0.032335926 0.025735924
v  -0.0098193791 0.032500912 0.025735924
v  -0.015435671 0.030294228 0.025735924
v  -0.016038241 0.029924948 0.025735924
v  -0.021548452 0.026170988 0.025735924
v  -0.01998469 0.027506579 0.025735924
v  -0.018903656 0.028169025 0.025735924
v  -0.024041617 0.024041642 0.025735924
v  -0.024362663 0.02371623 0.025735924
v  -0.026715485 0.021030504 0.025735924
v  -0.027468363 0.019957889 0.025735924
v  -0.028198062 0.018918294 0.025735894
v  -0.028858425 0.017977465 0.025735894
v  -0.02622314 0.021592516 0.025735924
v  -0.030262789 0.015418429 0.025735894
v  -0.030663902 0.014687527 0.025735894
v  -0.031363409 0.012991238 0.025735894
v  -0.029922063 0.016039301 0.025735894
v  -0.032304261 0.010497499 0.025735864
v  -0.032499734 0.009816844 0.025735864
v  -0.032103479 0.011196632 0.025735864
v  -0.033735581 1.0821325e-07 0.02814577
v  -0.033318397 0.0065624304 0.025735864
v  -0.033530124 0.005310107 0.025735864
v  -0.033789884 0.0037737081 0.025735835
v  -0.033817384 0.0032750557 0.025735835
v  -0.033998009 1.3801557e-07 0.025735835
v  -0.033935431 1.0821325e-07 0.027043113
v  -0.033152405 0.0075442381 0.025735864
v  0.0053187744 0.033581395 0.025735924
v  0.0032686205 0.033742744 0.025735924
v  0.0098193865 0.032500912 0.025735924
v  0.0065515996 0.033285428 0.025735924
v  0.010506583 0.032335926 0.025735924
v  0.015435679 0.030294228 0.025735924
v  0.012971124 0.031315077 0.025735924
v  0.016038245 0.029924948 0.025735924
v  0.018903663 0.028169025 0.025735924
v  0.019984698 0.027506579 0.025735924
v  0.024041621 0.024041642 0.025735924
v  0.021548456 0.026170988 0.025735924
v  0.02622853 0.021596897 0.025735894
v  0.028200014 0.018919338 0.025735835
v  0.027464209 0.019954581 0.025735864
v  0.0265614 0.021224786 0.025735864
v  0.029922349 0.016039241 0.025735775
v  0.028776808 0.01810785 0.025735805
v  0.030265419 0.01541974 0.025735775
v  0.03136348 0.012991089 0.025735715
v  0.030617742 0.01478352 0.025735745
v  0.032301493 0.010496546 0.025735686
v  0.032068253 0.011297125 0.025735686
v  0.033117943 0.0076941438 0.025735626
v  0.032499589 0.0098166056 0.025735686
v  0.033761472 0.0040200241 0.025735566
v  0.033535406 0.0053107031 0.025735596
v  0.033623621 1.8806281e-08 0.028131673
v  0.033996888 0.00045724603 0.025735507
v  0.033810742 0.0032743702 0.025735566
v  0.033316277 0.0065618046 0.025735626
v  6.0442207e-09 0.033999998 0.025735924
v  -0.012324551 -0.12550004 0.026250819
v  -0.012324551 -0.1285 0.026250819
v  -0.0087237153 -0.1285 0.019102285
v  -0.020370713 -0.051561218 0.026552567
v  -0.021209417 -0.055527519 0.024370352
v  -0.011363568 -0.076036759 0.026855657
v  0.013476973 -0.1285 0.025678227
v  0.013476973 -0.12550004 0.025678227
v  0.033860534 -0.0029842665 0.02570642
v  0.033847101 -0.0032772829 0.025703559
v  0.033839591 -0.0034411361 0.025701949
v  0.033468902 -0.0062496178 0.025616238
v  0.033828005 -0.0036939492 0.025699506
v  -0.033883803 -0.0029853394 0.025713483
v  -0.033880852 -0.0030623784 0.025712917
v  -0.033823967 -0.0035276522 0.02570031
v  -0.033697121 -0.0045651011 0.025672177
v  0.033997327 1.8806281e-08 0.025735477
v  0.0079811197 -0.08000011 0.027840117
v  0.0072050081 -0.08000005 0.028089533
v  0.013742192 -0.11949999 0.025537262
v  0.010711698 -0.08000017 0.026930491
v  0.010475351 -0.08000017 0.027038524
v  -0.013742192 -0.11949999 0.025537262
v  -0.0072270683 -0.08000005 0.028083811
v  -0.0084527303 -0.08000011 0.027687857
v  0.033220328 -0.0080186538 0.02555863
v  0.033366695 -0.0069770031 0.025592545
v  0.032150656 -0.012726676 0.025298933
v  0.032974005 -0.0091028623 0.025498817
v  -0.033490714 -0.0062532835 0.02562643
v  -0.033396754 -0.0070217662 0.025605598
v  -0.033365488 -0.0071734898 0.025598029
v  0.013716815 -0.067653902 0.026924083
v  0.017956873 -0.059529852 0.026317785
v  0.01091831 -0.07603801 0.02703605
v  -0.014085548 -0.071782954 0.026045123
v  0.016043862 -0.063578553 0.026505956
v  -0.010538565 -0.08000017 0.027014026
v  -0.020159045 -0.059522521 0.024362961
v  0.031687953 -0.014307063 0.025188843
v  0.032108299 -0.012913119 0.025288651
v  0.030303521 -0.018898141 0.024860064
v  0.03153038 -0.014829617 0.025151411
v  -0.031509571 -0.014941435 0.025145987
v  -0.032588191 -0.010945391 0.025409887
v  -0.032498419 -0.011381011 0.025388161
v  -0.032295462 -0.012111764 0.02533845
v  -0.032126684 -0.012719464 0.025297115
v  0.025911441 -0.031868737 0.025612483
v  0.02003823 -0.051003139 0.027101586
v  0.020104064 -0.051003169 0.027008871
v  0.021490945 -0.048016261 0.02583007
v  0.022086238 -0.04474641 0.026076237
v  -0.023993345 -0.038267892 0.024947206
v  -0.020112658 -0.051003557 0.02701349
v  -0.016509747 -0.067613192 0.025286892
v  -0.01856011 -0.06354434 0.024689117
v  0.013680702 -0.071785636 0.026258508
v  -0.013948506 -0.076020129 0.025627265
v  0.030222839 -0.019132596 0.024841139
v  0.029056786 -0.022520881 0.024567405
v  0.029786421 -0.020400714 0.024738679
v  -0.030099543 -0.019370001 0.024811456
v  -0.031134686 -0.016291242 0.025054196
v  -0.030319048 -0.018717151 0.024862925
v  -0.030183913 -0.019119065 0.024831245
v  0.013329042 -0.079999931 0.025734106
v  0.013541816 -0.076021917 0.025842944
v  -0.011147687 -0.08000011 0.026734987
v  -0.021491492 -0.048016679 0.025828788
v  -0.020217961 -0.051003587 0.026862839
v  0.021062901 -0.051003408 0.025658289
v  0.01615124 -0.067615874 0.025525639
v  -0.021061523 -0.051003825 0.025655994
v  -0.021644419 -0.051654022 0.024674067
v  0.016303455 -0.11949999 0.023619631
v  0.016303455 -0.12550004 0.023619631
v  -0.016303459 -0.11949999 0.023619631
v  -0.016303459 -0.12550004 0.023619631
v  0.021488858 -0.051633578 0.024936715
v  0.021002566 -0.055515718 0.024634281
v  0.023993289 -0.038267564 0.024948874
v  -0.022575421 -0.044739228 0.02445511
v  -0.013660735 -0.079999931 0.025583664
v  -0.016496303 -0.071749695 0.024571428
v  -0.022569029 -0.055570375 0.022367993
v  0.018250508 -0.063544698 0.024941841
v  0.019900059 -0.059517991 0.024624923
v  0.027957035 -0.025716495 0.024309227
v  0.028029045 -0.025507253 0.024326125
v  0.026262661 -0.030639958 0.023911456
v  0.02747192 -0.027126115 0.024195353
v  -0.028498689 -0.024131339 0.024436096
v  -0.028272962 -0.024802696 0.024383167
v  -0.028204611 -0.025005024 0.024366567
v  -0.028033888 -0.025510471 0.024325052
v  -0.01870341 -0.067574628 0.023622641
v  0.016134081 -0.071752734 0.024817118
v  -0.017744103 -0.12550004 0.022937903
v  -0.017744103 -0.1285 0.022937903
v  -0.013752075 -0.1285 0.015870729
v  -0.021829249 -0.0595196 0.02243785
v  -0.020507591 -0.063514657 0.022882143
v  0.022728903 -0.045838695 0.022948483
v  0.022756724 -0.045333724 0.022960255
v  0.022648333 -0.047301095 0.022914479
v  0.022575153 -0.04473884 0.02445657
v  -0.022742221 -0.045782667 0.022958348
v  -0.016380029 -0.075999685 0.024136523
v  0.013741111 -0.079999931 0.025535503
v  0.016013576 -0.07600195 0.024384806
v  0.013676262 -0.079999931 0.025575409
v  0.022544099 -0.049193095 0.022870461
v  0.022608547 -0.048023265 0.02289767
v  0.021307146 -0.051003497 0.025314251
v  0.021440504 -0.051003527 0.025126407
v  0.022562316 -0.050824475 0.02284343
v  -0.02261799 -0.047730606 0.022905001
v  -0.022613434 -0.048021954 0.022899041
v  -0.021487253 -0.051003974 0.025046924
v  -0.022438129 -0.051004123 0.023101429
v  -0.022633879 -0.046715211 0.022925684
v  0.0030400739 0.033707011 0.013235936
v  6.0442207e-09 0.033999998 0.013235936
v  -0.0014266237 0.033970047 0.013235936
v  -0.0030409 0.033755857 0.013235936
v  0.0061840103 0.033404011 0.013235936
v  -0.0061744875 0.033340026 0.013235936
v  0.0064932392 0.033374209 0.013235936
v  -0.0074820532 0.033166546 0.013235936
v  0.0093174856 0.032556672 0.013235936
v  -0.0093174409 0.032570709 0.013235936
v  0.012338897 0.031682033 0.013235936
v  -0.012491668 0.031540263 0.013235936
v  0.012507005 0.03159662 0.013235936
v  -0.013425423 0.031237114 0.013235936
v  0.015541485 0.030054945 0.013235936
v  -0.015548171 0.030077476 0.013235936
v  0.018311692 0.028647561 0.013235936
v  0.018586842 0.028434265 0.013235936
v  -0.018583925 0.028419036 0.013235936
v  0.021349853 0.026292432 0.013235936
v  -0.019031221 0.028174687 0.013235936
v  0.023178017 0.024875272 0.013235936
v  -0.021331875 0.026276875 0.013235936
v  0.024041636 0.024041642 0.013235936
v  -0.024041628 0.024041642 0.013235936
v  -0.026282253 0.021335948 0.013235936
v  -0.028101632 0.019138921 0.013235936
v  0.026552035 0.021237213 0.013235936
v  0.026386751 0.021421839 0.013235936
v  -0.028407758 0.018577803 0.013235936
v  -0.030064469 0.015541185 0.013235936
v  -0.031303138 0.013270754 0.013235936
v  -0.031552464 0.012495805 0.013235936
v  0.028438156 0.018591095 0.013235936
v  -0.032574523 0.009319026 0.013235936
v  -0.033168886 0.0074716099 0.013235936
v  -0.03333256 0.0061741658 0.013235936
v  0.028731367 0.018179733 0.013235936
v  -0.033728175 0.0030380974 0.013235936
v  -0.033985276 0.001000006 0.014235953
v  -0.034004647 2.8702718e-07 0.014235953
v  -0.033996802 2.5722485e-07 0.017916122
v  -0.0339959 2.5722485e-07 0.018338719
v  -0.03399241 2.5722485e-07 0.019976327
v  -0.033993609 2.2742253e-07 0.021207968
v  -0.033996616 1.6781789e-07 0.02430425
v  0.030173665 0.015600372 0.013235936
v  0.030534236 0.014955539 0.013235936
v  0.03157445 0.012498993 0.013235936
v  0.031985357 0.0115286 0.013235936
v  0.032642953 0.0093419738 0.013235936
v  0.033037528 0.0080299564 0.013235936
v  0.033383206 0.0061775632 0.013235936
v  0.033708699 0.0044333525 0.013235936
v  0.033816971 0.0030514786 0.013235936
v  0.033998363 1.0821325e-07 0.025440762
v  0.033998355 1.3801557e-07 0.024375746
v  -0.033942342 -0.0021511128 0.023390064
v  0.033854678 -0.0034003367 0.025638321
v  0.033946835 -0.0020049622 0.023226181
v  0.033532158 -0.0059875064 0.024071733
v  0.019230558 -0.1285 0.021706799
v  0.019230558 -0.12550004 0.021706799
v  0.0087237116 -0.1285 0.019102285
v  -0.033639662 -0.0049383156 0.022110114
v  -0.03346315 -0.0065484457 0.024733046
v  0.033671089 -0.0046042316 0.02170662
v  -0.013740553 -0.079999931 0.025534609
v  0.025884351 -0.031887125 0.023813078
v  0.026119387 -0.031112295 0.023874203
v  0.024743622 -0.035647791 0.023516396
v  0.025747707 -0.032337617 0.023777524
v  -0.02638186 -0.030401241 0.023923496
v  -0.025879903 -0.031887274 0.023801485
v  -0.02547363 -0.033090036 0.02370272
v  -0.026419153 -0.030290823 0.023932556
v  -0.03290255 -0.0092382543 0.023250887
v  0.032057144 -0.012586188 0.023042897
v  0.0325827 -0.0095923655 0.018452266
v  0.019565446 -0.11949999 0.021405438
v  0.016641004 -0.079999991 0.023751864
v  0.015803372 -0.079999991 0.024267087
v  -0.016644748 -0.079999991 0.023749242
v  -0.019565446 -0.11949999 0.021405438
v  -0.016181855 -0.079999991 0.024033794
v  0.01838894 -0.067576893 0.023885379
v  -0.03215804 -0.011838716 0.021617064
v  -0.031765044 -0.013940942 0.024147132
v  -0.018719716 -0.071715064 0.022860358
v  0.029783545 -0.019208919 0.021593461
v  0.030115789 -0.017259847 0.019332239
v  0.022313377 -0.051003676 0.023350904
v  -0.030831916 -0.016459238 0.022286693
v  0.023713632 -0.039772522 0.023240456
v  0.024057833 -0.038291287 0.023333797
v  0.024437925 -0.036655586 0.023436883
v  0.023016853 -0.043624114 0.023039261
v  0.023392877 -0.041152876 0.023153463
v  -0.024033485 -0.03828628 0.023325482
v  -0.023936337 -0.038636815 0.023300031
v  -0.023730783 -0.039669167 0.023242334
v  -0.024879297 -0.035234462 0.023547033
v  0.020241795 -0.06351418 0.023155371
v  0.022556556 -0.051739346 0.02287955
v  0.022402888 -0.05555756 0.022645423
v  -0.030229116 -0.019089412 0.024710158
v  0.029340258 -0.021511625 0.023881653
v  0.018400325 -0.071717866 0.023129174
v  -0.02917107 -0.021483731 0.022601107
v  -0.020687731 -0.067538567 0.021755734
v  -0.02267441 -0.051760953 0.02260525
v  -0.023682812 -0.055624079 0.020183424
v  0.021613037 -0.059514057 0.022715935
v  -0.018638553 -0.075977452 0.022406498
v  0.028217984 -0.023710798 0.021809081
v  0.022844879 -0.044754367 0.022987017
v  0.022988183 -0.043812554 0.023030559
v  -0.023062589 -0.043025147 0.023054847
v  -0.022973159 -0.043794882 0.023027906
v  -0.022861479 -0.044756155 0.022994259
v  -0.02331659 -0.041749429 0.023126135
v  0.018313145 -0.075979657 0.022677848
v  -0.027883092 -0.023698162 0.020369122
v  0.033998296 3.4663182e-07 0.018709907
v  -0.023261229 -0.059524667 0.02032862
v  -0.027280999 -0.026786607 0.022382746
v  -0.022229416 -0.063490696 0.020872125
v  0.027674926 -0.026400428 0.023934612
v  0.026535152 -0.028425585 0.021689931
v  -0.018461263 -0.08000011 0.022302577
v  0.026844284 -0.025723141 0.019739786
v  -0.025282534 -0.032074463 0.021360377
v  0.025945565 -0.031462651 0.023468712
v  0.020416519 -0.067540117 0.022035876
v  0.02854613 -0.02139036 0.019629428
v  0.024309119 -0.036449384 0.022152582
v  0.024801118 -0.033166718 0.020961056
v  0.018127551 -0.08000011 0.022570292
v  -0.020742154 -0.07168252 0.020960102
v  0.021482257 -0.11949999 0.019031623
v  0.021482257 -0.12550004 0.019031623
v  -0.021482257 -0.11949999 0.019031623
v  -0.021482257 -0.12550004 0.019031623
v  -0.024508459 -0.03584848 0.022387931
v  0.025043217 -0.030151736 0.019459287
v  -0.033977147 -0.00092885998 0.020796606
v  0.022564312 -0.051003736 0.02284045
v  0.023629 -0.039953392 0.022913823
v  -0.033124369 -0.0076246075 0.020687232
v  -0.023263341 -0.041893791 0.022694388
v  -0.023645299 -0.039847773 0.022784987
v  6.0442207e-09 0.020228047 0.013235936
v  0.005698903 0.019408692 0.023235956
v  6.0442207e-09 0.020228047 0.023235956
v  -0.0056989021 0.019408692 0.023235956
v  -0.0056989021 0.019408692 0.013235936
v  -0.0056989021 -0.019408684 0.023235956
v  0.005698903 0.019408692 0.013235936
v  0.010936117 0.017016936 0.023235956
v  6.0442207e-09 -0.020228069 0.023235956
v  0.005698903 -0.019408684 0.023235956
v  -0.010936113 0.017016936 0.023235956
v  -0.010936113 0.017016936 0.013235936
v  -0.010936113 -0.017016929 0.023235956
v  0.010936117 0.017016936 0.013235936
v  0.015287353 0.013246555 0.023235956
v  0.010936117 -0.017016929 0.023235956
v  -0.015287345 0.013246555 0.023235956
v  -0.015287345 0.013246555 0.013235936
v  -0.01840009 -0.0084030442 0.023235956
v  -0.020022167 -0.0028787663 0.023235956
v  -0.015287345 -0.013246577 0.023235956
v  -0.020022167 0.0028787444 0.023235956
v  -0.01840009 0.0084030516 0.023235956
v  0.015287353 0.013246555 0.013235936
v  0.018400094 0.0084030516 0.023235956
v  -0.01840009 0.0084030516 0.013235936
v  0.018400094 0.0084030516 0.013235936
v  0.020022174 0.0028787444 0.023235956
v  -0.020022167 0.0028787444 0.013235936
v  0.020022174 0.0028787444 0.013235936
v  0.020022174 -0.0028787663 0.023235956
v  -0.020022167 -0.0028787663 0.013235936
v  0.020022174 -0.0028787663 0.013235936
v  0.018400094 -0.0084030442 0.023235956
v  0.015287353 -0.013246577 0.023235956
v  -0.01840009 -0.0084030442 0.013235936
v  0.018400094 -0.0084030442 0.013235936
v  -0.015287345 -0.013246577 0.013235936
v  0.015287353 -0.013246577 0.013235936
v  -0.010936113 -0.017016929 0.013235936
v  0.010936117 -0.017016929 0.013235936
v  -0.0056989021 -0.019408684 0.013235936
v  0.005698903 -0.019408684 0.013235936
v  6.0442207e-09 -0.020228069 0.013235936
v  0.022006309 -0.063489147 0.021161178
v  0.020465104 -0.071684666 0.021243611
v  -0.022588184 -0.04963563 0.022866139
v  -0.022566775 -0.051004153 0.022838214
v  -0.022602281 -0.048734736 0.022884497
v  -0.022976989 -0.043947529 0.02239416
v  0.022979481 -0.044153344 0.021267006
v  -0.022841891 -0.045985084 0.021892438
v  0.022624535 -0.04735012 0.0227635
v  0.022958359 -0.047776889 0.020686844
v  -0.022312382 -0.12550004 0.018524507
v  -0.022312382 -0.1285 0.018524507
v  0.022838181 -0.050955217 0.021940032
v  0.023089169 -0.037644546 0.019299993
v  0.022921367 -0.04102869 0.019622454
v  -0.022906395 -0.047978651 0.021210233
v  -0.022641016 -0.049685787 0.022571871
v  -0.023191335 -0.049899649 0.020373026
v  -0.022451455 -0.067507096 0.019690285
v  0.023374377 -0.051859897 0.020648221
v  0.022913201 -0.051002633 0.021691898
v  0.022841303 -0.051002871 0.021928588
v  0.023555232 -0.055610191 0.020470956
v  -0.022799341 -0.050997447 0.022209922
v  -0.020707155 -0.07595665 0.020489911
v  -0.02310078 -0.04229952 0.020872036
v  -0.023352554 -0.040324789 0.02105985
v  0.023086106 -0.05951805 0.020618567
v  -0.02294332 -0.044274163 0.02047191
v  0.020422956 -0.075958319 0.020775208
v  -0.022854285 -0.050997328 0.022002617
v  -0.02345716 -0.051882338 0.02036787
v  -0.024546096 -0.05568881 0.017835597
v  -0.029709751 -0.018866282 0.020296106
v  -0.02312432 -0.050996851 0.020983735
v  0.019333748 -0.08000017 0.021611551
v  -0.02371552 -0.063473769 0.018676648
v  -0.019372219 -0.08000017 0.021577099
v  -0.019553794 -0.08000017 0.021393904
v  -0.022930441 -0.046223741 0.019866416
v  -0.02396624 -0.036447328 0.020848552
v  -0.025847813 -0.028640103 0.019874731
v  -0.024447868 -0.059538137 0.018045226
v  -0.031242764 -0.014352243 0.019844005
v  0.023148304 -0.034447145 0.018513808
v  -0.033742376 -0.0037269106 0.019560525
v  0.022222532 -0.067507751 0.019986877
v  -0.023104033 -0.048119646 0.019074986
v  0.027046336 -0.023396444 0.017707089
v  -0.022551099 -0.071653433 0.018865148
v  0.023866532 -0.1285 0.016473869
v  0.023866532 -0.12550004 0.016473869
v  0.013752079 -0.1285 0.015870729
v  0.033144735 -0.0074239187 0.014140019
v  0.033884384 -0.0023573448 0.017204205
v  0.023051215 -0.051002216 0.021237532
v  0.025112702 -0.027460735 0.017746249
v  -0.032434031 -0.010218512 0.019122401
v  0.019551827 -0.08000017 0.021391938
v  0.028851954 -0.01943795 0.017462024
v  0.024202621 -0.11949999 0.015976021
v  0.021797916 -0.079999931 0.019130001
v  0.02027644 -0.08000005 0.020662198
v  -0.021798955 -0.079999931 0.019128809
v  -0.024202624 -0.11949999 0.015976021
v  -0.020566223 -0.08000005 0.020372489
v  -0.023605561 -0.0333458 0.018687377
v  0.0228293 -0.044532221 0.019378671
v  0.022315687 -0.071654923 0.019165942
v  0.023383347 -0.051001202 0.020144114
v  -0.023478242 -0.049933653 0.018122027
v  0.023533558 -0.063471146 0.018976728
v  -0.022872252 -0.040660601 0.019363115
v  -0.022740038 -0.042558532 0.019069323
v  -0.023437629 -0.050996255 0.019801566
v  0.023054419 -0.031491291 0.017369905
v  -0.022570277 -0.075937577 0.018380621
v  -0.023983551 -0.067481644 0.017432878
v  -0.02269653 -0.044448566 0.018561671
v  -0.023250481 -0.036915701 0.019356498
v  -0.033991899 -1.4882355e-05 0.018295685
v  0.0087237116 -0.1185 0.019102285
v  0.0029886127 -0.1185 0.020786265
v  -0.0029886118 -0.1185 0.020786265
v  0.013752079 -0.1185 0.015870729
v  0.017666323 -0.1185 0.011353442
v  -0.0087237153 -0.1185 0.019102285
v  0.022327064 -0.075938947 0.018683175
v  -0.03329492 -0.0064169578 0.018190214
v  0.023551656 -0.051004302 0.01900957
v  0.023091352 -0.048032176 0.018555799
v  0.023443891 -0.051002305 0.019736001
v  0.023941224 -0.051992368 0.018276641
v  0.024454562 -0.055674147 0.018127868
v  0.024311742 -0.059530567 0.018343577
v  -0.022785002 -0.04630525 0.017846296
v  -0.023595968 -0.050997328 0.018758813
v  -0.023499573 -0.050996166 0.019567827
v  -0.028344056 -0.021114629 0.018217037
v  -0.026247593 -0.025636774 0.018087188
v  -0.023991955 -0.052015018 0.01799635
v  -0.025156556 -0.055762421 0.015357981
v  -0.024958445 -0.063463934 0.016314367
v  -0.030139724 -0.016765814 0.017960021
v  -0.025384067 -0.059559714 0.015605072
v  0.023795566 -0.067481287 0.017740259
v  -0.023856627 -0.030070167 0.017518142
v  -0.023039667 -0.048100423 0.01694111
v  -0.031586006 -0.012728047 0.0174296
v  0.02517066 -0.025141936 0.015910307
v  -0.024134105 -0.071628518 0.016571233
v  0.027308507 -0.021447878 0.0156611
v  0.022323644 -0.041365694 0.017993459
v  -0.033832725 -0.0028285792 0.01709641
v  0.022887116 -0.028839599 0.015960732
v  0.022488831 -0.044761401 0.017487923
v  -0.02216666 -0.042682987 0.017326811
v  -0.022192245 -0.040865373 0.017733643
v  -0.022353431 -0.03726105 0.017947504
v  0.030465065 -0.015636455 0.017130593
v  0.029237112 -0.017824303 0.015341768
v  0.021245217 -0.038365584 0.016615877
v  0.020907341 -0.035300445 0.016319046
v  0.023939265 -0.071629174 0.016882846
v  0.022237031 -0.079999931 0.018563787
v  -0.022478016 -0.079999991 0.018252918
v  -0.032685969 -0.0090114586 0.016686568
v  -0.013752075 -0.1185 0.015870729
v  -0.023467915 -0.0498075 0.015869537
v  -0.022220282 -0.044485789 0.01670582
v  0.025412587 -0.11949999 0.013337562
v  0.025412587 -0.12550004 0.013337562
v  -0.025412587 -0.11949999 0.013337562
v  -0.025412587 -0.12550004 0.013337562
v  -0.025810221 -0.12550004 0.013222435
v  0.023786677 -0.051008653 0.017425368
v  0.024815558 -0.063460417 0.016621033
v  -0.024213085 -0.075920172 0.016071925
v  -0.023752766 -0.050999265 0.017442862
v  0.033998296 3.4663182e-07 0.018618265
v  -0.022516409 -0.033806514 0.017481009
v  0.023934668 -0.08000011 0.016374806
v  0.024010209 -0.075921185 0.016385088
v  -0.025275847 -0.067462511 0.015015582
v  0.033964515 -0.00060815719 0.013236145
v  0.033998244 5.5524811e-07 0.013236174
v  0.033986993 0.00088145229 0.013235936
v  -0.022388445 -0.046248835 0.01587663
v  0.023812762 -0.05100916 0.017249504
v  0.022988325 -0.048123073 0.016402343
v  -0.025810221 -0.1285 0.013222435
v  -0.017666323 -0.1285 0.011353442
v  0.02050939 -0.032443296 0.015604118
v  0.032133214 -0.011106025 0.013235936
v  0.031221455 -0.01331852 0.013235936
v  0.030879488 -0.01429398 0.014996478
v  -0.023939123 -0.08000011 0.016368279
v  0.025284497 -0.059551369 0.015906969
v  0.024259387 -0.052132141 0.015801588
v  0.023817128 -0.051008593 0.016694108
v  0.025098203 -0.055747401 0.015649
v  -0.028781509 -0.0190369 0.016013155
v  -0.026610842 -0.023114454 0.016129294
v  -0.033467103 -0.0055309646 0.015769431
v  -0.023847228 -0.051000427 0.01665009
v  -0.024053892 -0.027187239 0.016001442
v  -0.025953097 -0.063460357 0.01380367
v  -0.024281455 -0.052154403 0.015526304
v  -0.025514724 -0.055841755 0.012785444
v  0.021543128 -0.041574907 0.016408632
v  -0.030556494 -0.015145432 0.015639612
v  -0.021272546 -0.037493479 0.016649315
v  -0.021304751 -0.04095177 0.016203174
v  -0.03398741 -0.00099999807 0.014235953
v  -0.022697298 -0.047945511 0.014856229
v  -0.026066331 -0.059588086 0.013037154
v  0.022786966 -0.026545685 0.014374295
v  0.025126835 -0.06746126 0.015327701
v  -0.02137061 -0.042687666 0.015678326
v  0.02535755 -0.023203801 0.014022628
v  -0.022620672 -0.030622225 0.016488114
v  0.021934604 -0.044850241 0.015622387
v  -0.021260338 -0.034161102 0.016397098
v  0.027706971 -0.019849282 0.013639519
v  -0.0254812 -0.071608908 0.014123837
v  -0.031934742 -0.011522423 0.015063593
v  0.020128993 -0.029861968 0.01455442
v  -0.02150332 -0.044403534 0.01494051
v  0.033788063 -0.0037925651 0.013235936
v  0.02972549 -0.016503137 0.01327751
v  -0.033940077 -0.0019607951 0.013235936
v  -0.03394651 -0.0018179228 0.013235936
v  -0.023148069 -0.049552154 0.013667712
v  0.025325274 -0.071608789 0.014438519
v  -0.021730209 -0.046076041 0.013996163
v  0.023830464 -0.051006954 0.014999041
v  -0.032504972 -0.0098660104 0.013235936
v  -0.032955639 -0.0081369691 0.014315406
v  -0.02384424 -0.0510001 0.016448865
v  -0.020201446 -0.040931057 0.014793554
v  -0.020005515 -0.037622433 0.015479902
v  0.025846897 -0.063456126 0.01411272
v  0.020072764 -0.038565528 0.015388081
v  -0.025622504 -0.075906105 0.013613412
v  -0.02122877 -0.031074565 0.015589902
v  -0.021232987 -0.02833591 0.01437507
v  0.02711547 -0.1285 0.010283539
v  0.02711547 -0.12550004 0.010283539
v  0.017666323 -0.1285 0.011353442
v  -0.023822254 -0.050997835 0.014968494
v  0.020566581 -0.041670334 0.014889697
v  0.022620915 -0.048067074 0.014260152
v  -0.019840738 -0.034418087 0.015450368
v  0.024181342 -0.08000011 0.015963266
v  0.025458803 -0.075906523 0.01392884
v  -0.024181398 -0.08000011 0.015963325
v  0.018074436 -0.035788428 0.014511744
v  0.017438253 -0.033063721 0.014276067
v  -0.026322747 -0.067448743 0.012460688
v  -0.025819065 -0.022125941 0.013235936
v  -0.024300387 -0.024753373 0.014269242
v  -0.02596554 -0.021934878 0.013235936
v  -0.027023824 -0.021078628 0.014088163
v  -0.024186002 -0.08000011 0.015955606
v  -0.028104121 -0.019145172 0.013235936
v  -0.028754262 -0.018065047 0.013235936
v  -0.02925962 -0.017431688 0.013804207
v  -0.022231577 -0.025660645 0.013235936
v  0.025474368 -0.08000017 0.013805995
v  0.027372619 -0.11949999 0.0095780883
v  0.026699064 -0.079999991 0.011205325
v  0.025710559 -0.08000017 0.013411948
v  -0.025656966 -0.08000017 0.013496885
v  -0.02572917 -0.08000017 0.013376215
v  -0.027372615 -0.11949999 0.0095780883
v  0.019882245 -0.027614664 0.013257364
v  0.022793507 -0.025158893 0.013235936
v  0.024035601 -0.024026733 0.013235936
v  0.026000639 -0.059579264 0.013337204
v  -0.022069814 -0.047681075 0.012862364
v  -0.017666323 -0.1185 0.011353442
v  -0.023809159 -0.050996464 0.014086792
v  0.024334563 -0.052275967 0.013251612
v  0.023835806 -0.051006269 0.014320413
v  0.025486333 -0.055826794 0.013070473
v  -0.033543952 -0.0055374317 0.013235936
v  0.025458207 -0.022470038 0.013235936
v  0.026565885 -0.021224063 0.013235936
v  -0.030031534 -0.015943032 0.013235936
v  -0.03090238 -0.014056694 0.013235936
v  -0.031008115 -0.013945501 0.013352761
v  0.021146758 -0.044817816 0.013808647
v  -0.026695235 -0.063462086 0.011166105
v  0.016896626 -0.030580681 0.013622383
v  -0.019689361 -0.031435352 0.014835576
v  -0.02433156 -0.052297574 0.012984732
v  -0.025623994 -0.055924427 0.010142723
v  -0.018869033 -0.040810656 0.013515273
v  -0.018545868 -0.037653994 0.014446387
v  -0.018258443 -0.034583073 0.014644722
v  0.018726645 -0.038682502 0.014258573
v  -0.026492512 -0.059621643 0.010374526
v  0.027771546 -0.019534629 0.013235936
v  0.028736299 -0.018182736 0.013235936
v  0.026210425 -0.067446776 0.012773911
v  -0.031585749 -0.012576472 0.013235936
v  -0.032184493 -0.010811012 0.013235936
v  -0.026584746 -0.071594067 0.011550853
v  0.029694049 -0.016454112 0.013235936
v  0.030612221 -0.014796894 0.013235936
v  -0.020534264 -0.044216763 0.013291815
v  0.019382333 -0.04167695 0.013457516
v  -0.022518361 -0.049198758 0.011562595
v  -0.018010112 -0.031710606 0.014226208
v  -0.019296745 -0.04393385 0.011773208
v  -0.016523713 -0.03467549 0.0139891
v  -0.016895106 -0.037614089 0.01356394
v  0.016699335 -0.029562604 0.013235936
v  0.018398015 -0.028600257 0.013235936
v  0.017205467 -0.038746189 0.013247112
v  0.014690017 -0.036072444 0.01319612
v  0.013928896 -0.033487123 0.013456712
v  -0.017300723 -0.040623765 0.012390265
v  0.026465742 -0.071593352 0.011865238
v  -0.021296734 -0.026452672 0.013235936
v  -0.020473002 -0.027150553 0.013235936
v  -0.017861037 -0.029136252 0.013329068
v  0.019859334 -0.027540218 0.013235936
v  0.021434402 -0.026397686 0.013235936
v  0.023837028 -0.05100612 0.014164308
v  -0.033037547 -0.007818561 0.013235936
v  -0.032730926 -0.0091997497 0.013235936
v  0.013783751 -0.031029802 0.013235936
v  -0.024458857 -0.023550849 0.013235936
v  -0.0233465 -0.02471609 0.013235936
v  0.023643112 -0.051003288 0.012488404
v  0.02196992 -0.04789133 0.012162605
v  -0.033697668 -0.00099999807 0.013235936
v  -0.033697668 -0.00099999807 0.014235953
v  -0.033697668 0.001000006 0.014235953
v  -0.033697668 0.001000006 0.013235936
v  -0.033985287 0.001000006 0.013235936
v  -0.03398335 -0.00099999807 0.013235936
v  -0.01737175 -0.029234808 0.013235936
v  -0.014313141 -0.032070737 0.013456205
v  -0.017399671 -0.029216032 0.013235936
v  0.033164479 -0.0074983947 0.013235936
v  0.033244289 -0.0070240907 0.013235936
v  0.032801189 -0.0087692849 0.013235936
v  -0.026787287 -0.075895257 0.011036823
v  0.026623225 -0.063457318 0.011473099
v  -0.02718156 -0.02034862 0.013235936
v  -0.023803407 -0.050995868 0.013699451
v  0.024239523 -0.023840886 0.013235936
v  -0.014662033 -0.034726661 0.01349462
v  -0.01507297 -0.037544589 0.012852976
v  0.026661208 -0.075895317 0.011350939
v  0.020110546 -0.044694584 0.012072602
v  -0.029351084 -0.017073493 0.013235936
v  -0.027118912 -0.067439146 0.0097805951
v  -0.023621796 -0.050996702 0.012384245
v  -0.023580642 -0.050996911 0.012086222
v  0.027218802 -0.020309161 0.013235936
v  0.015144197 -0.03044362 0.013235936
v  -0.015510844 -0.040423494 0.011449406
v  -0.017778909 -0.043594252 0.010412881
v  -0.010637989 -0.032269191 0.013235936
v  -0.010663485 -0.034780156 0.012955913
v  -0.013105432 -0.037472945 0.012316743
v  0.017981505 -0.041629445 0.012136707
v  0.010112686 -0.033861827 0.013106355
v  0.0097539779 -0.032525789 0.013235936
v  0.011757342 -0.03190295 0.013235936
v  0.013334988 -0.031223159 0.013235936
v  -0.013899321 -0.031031054 0.013235936
v  -0.01418343 -0.030884098 0.013235936
v  -0.026838524 -0.079999991 0.010893324
v  -0.030983469 -0.013881069 0.013235936
v  0.027866026 -0.11949999 0.0068683717
v  0.027866026 -0.12550004 0.0068683717
v  -0.02786603 -0.11949999 0.0068683717
v  -0.02786603 -0.12550004 0.0068683717
v  -0.028069815 -0.12550004 0.0072859917
v  0.026457829 -0.059612524 0.0106679
v  -0.01784532 -0.028916519 0.013235936
v  -0.0199314 -0.046887647 0.0092533622
v  -0.021151612 -0.047326457 0.010989914
v  0.029649412 -0.016534667 0.013235936
v  0.019747404 -0.0276214 0.013235936
v  0.024174428 -0.05242328 0.010652581
v  0.023578195 -0.051002335 0.011927346
v  0.025622135 -0.055909764 0.010418722
v  0.015515139 -0.038787883 0.012368539
v  -0.0022381186 -0.033900153 0.013235936
v  -0.0028568557 -0.033882868 0.013235936
v  -0.0063596643 -0.033393543 0.013235936
v  -0.0065737716 -0.033363622 0.013235936
v  -0.010202816 -0.032434385 0.013235936
v  -0.010356838 -0.032375913 0.013235936
v  0.0083297919 -0.032968562 0.013235936
v  0.0046556951 -0.033683937 0.013235936
v  0.00090747932 -0.03398801 0.013235936
v  0.0018875361 -0.033908498 0.013235936
v  -0.0064624487 -0.034806889 0.012855807
v  -0.0022193282 -0.034771126 0.012942055
v  0.0060998783 -0.034248333 0.013030836
v  0.001974097 -0.034593623 0.013013879
v  -0.028069815 -0.1285 0.0072859917
v  -0.020149352 -0.1285 0.0059163962
v  0.013667544 -0.038835179 0.011627773
v  0.010855032 -0.03633685 0.012385288
v  -0.027180025 -0.063468643 0.0084305201
v  0.0066927955 -0.036673348 0.011951545
v  0.0023322613 -0.037029248 0.011722902
v  -0.024149885 -0.052444261 0.010398159
v  -0.025489567 -0.056010019 0.0074527357
v  -0.0066305525 -0.037331562 0.011597285
v  -0.01102197 -0.037412953 0.011944124
v  -0.0021275147 -0.037240069 0.011588732
v  -0.013525831 -0.040243577 0.010705063
v  -0.026661897 -0.059659015 0.0076453779
v  0.027041001 -0.067436703 0.010091851
v  -0.027437335 -0.071582265 0.0088569317
v  -0.015991626 -0.043261748 0.0092519317
v  0.011679409 -0.038909446 0.011021474
v  0.016364692 -0.041564625 0.010949383
v  -0.011380276 -0.040099692 0.010153541
v  0.021026498 -0.047631364 0.010141144
v  0.023118934 -0.050789487 0.010064224
v  0.023544123 -0.051001828 0.011632869
v  0.018813891 -0.044519197 0.010443339
v  -0.023031002 -0.050627302 0.010121236
v  -0.023528105 -0.050997149 0.011705736
v  0.0073656649 -0.039177518 0.01016889
v  -0.006766153 -0.039915394 0.0095582698
v  -0.0091134999 -0.039993357 0.0097791646
v  0.027353218 -0.071581192 0.0091693196
v  -0.018397035 -0.046405654 0.0076840911
v  0.0027608857 -0.039538514 0.0096890721
v  -0.023390515 -0.050997775 0.010709325
v  0.023516623 -0.051001441 0.011395255
v  0.014542898 -0.041516703 0.0099102948
v  -0.0019784658 -0.039777052 0.0094675217
v  -0.027697174 -0.075886197 0.0083466563
v  0.027139736 -0.063463397 0.0087305997
v  -0.013963187 -0.042975616 0.0083113704
v  0.023179164 -0.051018547 0.0098759625
v  0.020149356 -0.1185 0.0059163962
v  0.020149356 -0.1285 0.0059163962
v  -0.020149352 -0.1185 0.0059163962
v  0.021000003 -0.1185 9.2586667e-09
v  0.027136182 -0.079999931 0.010229567
v  0.027606895 -0.075886078 0.0086580608
v  -0.027657112 -0.067433722 0.0069972072
v  -0.027142121 -0.079999931 0.010213831
v  0.010368889 -0.041571837 0.0083002243
v  0.01253563 -0.041513335 0.0090269838
v  -0.020740705 -0.049565714 0.0061289463
v  -0.022045339 -0.050129931 0.008049706
v  0.017255081 -0.044333261 0.0089495573
v  -0.023127841 -0.051007878 0.0097005162
v  -0.011734186 -0.042752635 0.0075942967
v  0.026655165 -0.059649836 0.0079285
v  0.023786059 -0.052573632 0.0080554578
v  0.022878556 -0.051033806 0.0085225794
v  0.025510801 -0.055995595 0.0077159498
v  0.019783063 -0.047325622 0.0082268808
v  -0.016557569 -0.045953166 0.0063313637
v  -0.023743277 -0.052593749 0.007819334
v  -0.025116494 -0.05609883 0.0047678445
v  -0.027402243 -0.063480027 0.0056330655
v  0.028788557 -0.1285 0.0034955535
v  0.028788557 -0.12550004 0.0034955535
v  0.027341118 -0.079999931 0.0095683429
v  -0.027341818 -0.079999931 0.0095685516
v  0.0080732014 -0.04169504 0.0077240262
v  -0.0093527753 -0.042591821 0.00709025
v  -0.026575962 -0.059699487 0.0048753712
v  0.022183059 -0.050410878 0.0077886079
v  -0.02257687 -0.051029038 0.0075845215
v  0.027611492 -0.067430742 0.0073016975
v  0.015446169 -0.044177186 0.0076151881
v  -0.028029831 -0.071573205 0.0060556028
v  -0.0068698688 -0.042479377 0.0067792032
v  0.0032279254 -0.04205231 0.0069677327
v  0.028883254 -0.11949999 0.0025995467
v  0.028167015 -0.079999991 0.0069035385
v  0.027670985 -0.079999931 0.0085040126
v  -0.027767411 -0.079999991 0.008193383
v  -0.028168583 -0.079999991 0.0068971012
v  -0.028883254 -0.11949999 0.0025995467
v  -0.0017885729 -0.042308312 0.0066338871
v  -0.019108543 -0.048969548 0.0043873582
v  -0.01444353 -0.045573812 0.0052230451
v  0.027978672 -0.071571715 0.0063616429
v  0.013410388 -0.044084888 0.0064581726
v  0.018240174 -0.047016811 0.0064523015
v  -0.028342137 -0.075877972 0.0055522714
v  0.027391082 -0.063474365 0.0059213433
v  0.028285651 -0.075877614 0.0058572683
v  0.022423698 -0.051033508 0.007215539
v  -0.027928436 -0.067433424 0.0041550193
v  -0.012100963 -0.045284551 0.0043677483
v  0.011179557 -0.044078421 0.0054890011
v  0.020921586 -0.049997877 0.0056291316
v  0.023177801 -0.052723538 0.0055072699
v  0.025157509 -0.056084763 0.0050121937
v  -0.021550858 -0.051033508 0.0049503837
v  -0.022325469 -0.05103014 0.0069390927
v  -0.022362119 -0.051029991 0.0070331786
v  0.02659387 -0.059690308 0.0051447842
v  -0.023120275 -0.052742403 0.0052911732
v  -0.024511492 -0.056188118 0.0021322761
v  0.022421403 -0.051033478 0.0072089527
v  0.0062871636 -0.044319373 0.0041109715
v  0.0087914374 -0.044162553 0.0047094021
v  -0.01715604 -0.048422109 0.0028797481
v  -0.027359357 -0.063495047 0.0028086696
v  0.016412815 -0.046749543 0.0048483703
v  -0.0095855314 -0.045081507 0.0037590358
v  -0.026239505 -0.059741747 0.0021046791
v  0.027912891 -0.067429908 0.0044462476
v  -0.028982753 -0.12550004 0.00099999644
v  -0.028982753 -0.1285 0.00099999644
v  -0.0287 -0.1285 0.00099999644
v  0.021916142 -0.05103315 0.0057570729
v  -0.006956601 -0.044945847 0.0033796523
v  -0.028351704 -0.071568318 0.0031951461
v  0.0037085922 -0.044502985 0.0036739502
v  0.02838294 -0.08000011 0.0057182405
v  -0.028438026 -0.08000011 0.0054144058
v  0.0287 -0.11949999 9.2586667e-09
v  0.0287 -0.12550004 9.2586667e-09
v  -0.0287 -0.11949999 9.2586667e-09
v  -0.0287 -0.12550004 9.2586667e-09
v  -0.0287 -0.12550004 0.00099999644
v  -0.0015786826 -0.044761401 0.0032118652
v  0.014327867 -0.046563219 0.0034414623
v  0.019341653 -0.049587499 0.0036164615
v  0.02833139 -0.071566232 0.0034872685
v  -0.01491447 -0.047971051 0.001638839
v  -0.020399692 -0.051005971 0.0027529094
v  -0.021133145 -0.051023524 0.0041529927
v  -0.028712725 -0.075871356 0.0026969705
v  0.027374147 -0.063489266 0.0030817185
v  0.021000003 -0.1285 9.2586667e-09
v  -0.021 -0.1185 9.2586667e-09
v  -0.021 -0.1285 9.2586667e-09
v  0.028789273 -0.080000289 0.0034876857
v  0.028687714 -0.07587076 0.0029884372
v  0.021330958 -0.051023226 0.0045561586
v  -0.027927095 -0.067437477 0.0013017748
v  -0.028791478 -0.080000289 0.0034693871
v  -0.028844832 -0.08000017 0.0025816951
v  -0.0288439 -0.08000017 0.0025971625
v  0.021352744 -0.053006303 0.00064061017
v  0.02059873 -0.051010828 0.0030535255
v  0.024568779 -0.056174826 0.0023560617
v  0.012021465 -0.04648478 0.0022505615
v  -0.021276204 -0.053022068 0.00046733947
v  -0.023685185 -0.056274127 -0.00043683319
v  -0.012432804 -0.04763351 0.00067705842
v  0.026278486 -0.059732806 0.0023558233
v  -0.027056912 -0.063509472 -2.3176948e-05
v  0.017461834 -0.04922412 0.0017839763
v  -0.025659161 -0.059783887 -0.00062768726
v  0.009536406 -0.046521585 0.0012841616
v  0.027938565 -0.067433722 0.0015761945
v  -0.019153597 -0.05098803 0.00082925888
v  -0.019550288 -0.050992858 0.0014078114
v  -0.020163676 -0.051000338 0.0023023877
v  -0.0097710136 -0.04740287 -9.2890659e-06
v  -0.028395621 -0.071567364 0.00033406349
v  0.0069194944 -0.046654027 0.00053737493
v  -0.0069933175 -0.047255706 -0.00043561129
v  0.0042189122 -0.046828579 -1.1017601e-05
v  0.019898204 -0.051006805 0.0019733403
v  0.020493759 -0.051010232 0.002891669
v  0.028788557 -0.1285 -0.0034955647
v  0.028788557 -0.12550004 -0.0034955647
v  0.028826443 -0.080000229 0.002872536
v  0.028403206 -0.071565159 0.00060821505
v  0.015310673 -0.048950534 0.00016335578
v  -0.0041614934 -0.04715861 -0.00062452821
v  -0.0013281419 -0.047075104 -0.00060164003
v  -0.028802449 -0.075867124 -0.0001611617
v  0.027093714 -0.063504048 0.00023306342
v  0.028843081 -0.08000017 0.0025971029
v  0.028805977 -0.075866349 0.00011233422
v  -0.018321605 -0.05097897 -0.00032391219
v  -0.018493941 -0.050979983 -0.00013278989
v  -0.01757226 -0.050770324 -0.00086440711
v  -0.027658829 -0.06743861 -0.0015638974
v  -0.029000001 -0.079999931 9.2586667e-09
v  0.028999997 -0.11949999 9.2586667e-09
v  -0.029000001 -0.11949999 9.2586667e-09
v  0.029000005 -0.079999931 9.2586667e-09
v  0.025715677 -0.059775304 -0.00039707689
v  0.023755101 -0.056261849 -0.0002342072
v  0.012924952 -0.048798632 -0.0012200084
v  -0.024843285 -0.05982418 -0.0032951739
v  -0.026502727 -0.063521571 -0.0028346684
v  0.019235244 -0.05100302 0.00095109077
v  0.020165628 -0.053134095 -0.0016167071
v  0.018784514 -0.051000427 0.00025607081
v  0.018155379 -0.050996255 -0.00048567919
v  -0.014677064 -0.050980341 -0.0038591232
v  -0.015225707 -0.050977182 -0.0033933725
v  -0.016285492 -0.050971072 -0.0024936702
v  0.027693136 -0.067435391 -0.0013047066
v  -0.020084416 -0.053148311 -0.001766583
v  -0.028165551 -0.071562774 -0.0025398936
v  0.01034808 -0.048780363 -0.0023514237
v  -0.0287 -0.1285 -0.0010000076
v  -0.020149352 -0.1285 -0.0059163775
v  -0.012266411 -0.0510091 -0.005414566
v  -0.012586342 -0.051005166 -0.0052119102
v  -0.012964157 -0.051000517 -0.0049726274
v  -0.014544396 -0.050981116 -0.0039717462
v  0.022729946 -0.05634309 -0.0027359333
v  0.028196936 -0.071561225 -0.0022801366
v  0.0076283203 -0.048878353 -0.0032315757
v  -0.02142361 -0.056427967 -0.0052690413
v  -0.022650974 -0.056354415 -0.0029160883
v  -0.028611714 -0.075860627 -0.0030262973
v  0.026557973 -0.063516386 -0.002598485
v  0.015037304 -0.050982278 -0.0036093201
v  0.017114369 -0.050989311 -0.001713058
v  0.016361488 -0.050986778 -0.0024003889
v  0.016070141 -0.050985765 -0.0026663747
v  0.017865365 -0.050994318 -0.00082760124
v  0.028844064 -0.079999931 -0.0025971737
v  0.028640127 -0.07586021 -0.0027680602
v  -0.028982772 -0.079999931 -0.00027342705
v  0.020149356 -0.1185 -0.0059163775
v  0.020149356 -0.1285 -0.0059163775
v  0.0087237116 -0.1185 -0.019102266
v  0.013752079 -0.1185 -0.015870741
v  0.017666323 -0.1185 -0.011353454
v  0.0029886127 -0.1185 -0.020786246
v  -0.020149352 -0.1185 -0.0059163775
v  0.028883254 -0.11949999 -0.0025995281
v  0.027866026 -0.12550004 -0.0068683531
v  0.027866026 -0.11949999 -0.0068683531
v  -0.02786603 -0.11949999 -0.0068683531
v  -0.028883254 -0.11949999 -0.0025995281
v  -0.02786603 -0.12550004 -0.0068683531
v  -0.0287 -0.12550004 -0.0010000076
v  0.02711547 -0.1285 -0.010283535
v  -0.009372836 -0.051022481 -0.006597003
v  -0.0097270068 -0.051022153 -0.0064952578
v  -0.0099946093 -0.051021915 -0.0064183977
v  -0.011199104 -0.05101512 -0.005886158
v  -0.00064551225 -0.050986212 -0.0076881554
v  0.004817164 -0.049036872 -0.0038807895
v  -0.027132222 -0.067435093 -0.0044271257
v  -0.028836368 -0.079999991 -0.0025965776
v  0.024913741 -0.059816074 -0.0030865576
v  -0.01777832 -0.050975811 -0.00092651515
v  -0.018732136 -0.053263526 -0.003830513
v  -0.0074373237 -0.05102424 -0.0071530547
v  -0.0074878684 -0.05102418 -0.0071385112
v  -0.0067360862 -0.051014882 -0.0072500315
v  -0.0046248971 -0.050986778 -0.0075420346
v  -0.023803135 -0.059861552 -0.005869111
v  0.018815203 -0.053250831 -0.0037043896
v  -0.0035968027 -0.050986629 -0.0075797942
v  -0.0036939434 -0.050986629 -0.0075762179
v  -0.025703007 -0.063533194 -0.0055822935
v  -0.016625935 -0.050969135 -0.0022046473
v  -0.017570069 -0.050974619 -0.0011574831
v  -0.028069815 -0.12550004 -0.0072859731
v  -0.028982753 -0.12550004 -0.0010000076
v  -0.028982753 -0.1285 -0.0010000076
v  -0.017666323 -0.1285 -0.011353454
v  -0.013752075 -0.1285 -0.015870741
v  -0.028069815 -0.1285 -0.0072859731
v  0.013709268 -0.050986033 -0.0045159366
v  0.014772875 -0.050983023 -0.0037898328
v  0.027185766 -0.067432113 -0.0041873958
v  -0.027668683 -0.071552821 -0.0054201689
v  0.021508275 -0.056417715 -0.0051127579
v  -0.020018073 -0.056494545 -0.0074576046
v  -0.017233176 -0.053366404 -0.005696943
v  0.027720263 -0.07155139 -0.0051795747
v  0.010511553 -0.050997954 -0.0062321629
v  0.011103867 -0.05099554 -0.0059474017
v  0.01307272 -0.050987851 -0.0049504843
v  0.012823662 -0.050988536 -0.0051205065
v  0.011282457 -0.050994795 -0.0058615115
v  0.017315542 -0.053355169 -0.0055934396
v  -0.028144108 -0.075850673 -0.0058897343
v  -0.028802855 -0.079999991 -0.0031283405
v  0.028827546 -0.079999931 -0.0028722789
v  0.025773203 -0.063528068 -0.0053691175
v  0.028791873 -0.079999931 -0.0034664776
v  0.027372619 -0.11949999 -0.0095780995
v  0.028169518 -0.080000527 -0.0068918373
v  0.028383119 -0.080000348 -0.0057161953
v  -0.028770776 -0.079999991 -0.0036373939
v  -0.028336404 -0.080000348 -0.0059519019
v  -0.027372615 -0.11949999 -0.0095780995
v  0.023883877 -0.059853982 -0.00568383
v  0.0281938 -0.075850375 -0.0056510177
v  -0.026351923 -0.067432173 -0.007226577
v  -0.022552678 -0.059895348 -0.0083166566
v  0.009431785 -0.05100305 -0.0065561142
v  0.0082974564 -0.051008414 -0.0068963971
v  0.0076991753 -0.051011246 -0.0070758965
v  0.0075404332 -0.051011663 -0.007100394
v  -0.024666501 -0.063545175 -0.008227786
v  -0.015602125 -0.053455573 -0.0073520448
v  0.02711547 -0.12550004 -0.010283535
v  0.020105345 -0.056485187 -0.0073254909
v  0.015681392 -0.053445648 -0.0072692838
v  -0.018449174 -0.056553137 -0.0094557311
v  0.0046613724 -0.051019084 -0.0075447764
v  0.0036213011 -0.051009994 -0.0075940397
v  0.0007422925 -0.050984841 -0.0077304747
v  3.0160788e-06 -0.050986122 -0.0077119675
v  0.0053686486 -0.051017266 -0.0074356105
v  -0.013855955 -0.053530585 -0.0087802317
v  0.026421269 -0.067428954 -0.0070107784
v  -0.026908984 -0.07154388 -0.0082358327
v  0.013929939 -0.053521823 -0.0087163653
v  0.022640137 -0.059888314 -0.0081556346
v  0.026977254 -0.071542151 -0.0080196764
v  -0.021107549 -0.059924733 -0.010606771
v  0.024748003 -0.063540168 -0.0080390479
v  -0.012009261 -0.053590845 -0.0099683311
v  -0.027403759 -0.075841494 -0.0086885598
v  -0.02532482 -0.067432173 -0.0099147316
v  0.018536231 -0.056544732 -0.0093466546
v  0.027471034 -0.075840957 -0.0084738638
v  -0.016732207 -0.056602668 -0.011250189
v  0.012076249 -0.053583127 -0.0099208113
v  -0.023405986 -0.063556142 -0.010744384
v  -0.028130127 -0.080000527 -0.0070510413
v  0.017666323 -0.1285 -0.011353454
v  -0.017666323 -0.1185 -0.011353454
v  0.023866532 -0.1285 -0.01647388
v  -0.01007502 -0.053636204 -0.010916224
v  0.010133496 -0.05362929 -0.010882026
v  0.025412587 -0.12550004 -0.013337558
v  0.025412587 -0.11949999 -0.013337558
v  -0.025412587 -0.11949999 -0.013337558
v  -0.025412587 -0.12550004 -0.013337558
v  -0.025810221 -0.12550004 -0.013222417
v  0.027671484 -0.080000348 -0.0085024741
v  0.0081165042 -0.053661656 -0.01160725
v  0.025406336 -0.067428835 -0.0097242501
v  -0.027605021 -0.080000289 -0.0087153222
v  -0.0080678556 -0.053668033 -0.011631196
v  -0.0258929 -0.071538873 -0.010936057
v  -0.0060029193 -0.053688716 -0.012126913
v  0.016816435 -0.056595039 -0.011162391
v  -0.025810221 -0.1285 -0.013222417
v  0.021198353 -0.059918236 -0.010469994
v  -0.01488409 -0.056643676 -0.012821352
v  0.0060407207 -0.053682726 -0.012110224
v  -0.019483874 -0.059948813 -0.012716403
v  -0.0038932501 -0.053700697 -0.012426024
v  0.0039194659 -0.053694885 -0.01241379
v  2.9490236e-06 -0.053724688 -0.012568241
v  0.025974145 -0.071536846 -0.010745471
v  0.023495084 -0.063551314 -0.010580158
v  -0.024062598 -0.067432888 -0.012472263
v  -0.026397897 -0.075834699 -0.01137883
v  -0.021937387 -0.063563831 -0.013112253
v  0.027142702 -0.08000011 -0.010212546
v  0.026478892 -0.075833984 -0.011189004
v  0.027341826 -0.080000229 -0.0095685627
v  -0.027336413 -0.08000017 -0.0095666852
v  -0.02708328 -0.08000005 -0.010368964
v  0.014963118 -0.056636762 -0.012753343
v  -0.012920322 -0.056676161 -0.014152458
v  0.019574931 -0.059942793 -0.012602871
v  -0.017697664 -0.059967231 -0.014628282
v  0.024202621 -0.11949999 -0.015976017
v  0.025728805 -0.079999574 -0.013378417
v  0.026699273 -0.079999931 -0.01120544
v  -0.026617831 -0.079999931 -0.011394462
v  -0.025643533 -0.079999574 -0.013541063
v  -0.024202624 -0.11949999 -0.015976017
v  0.024152486 -0.06742961 -0.012306279
v  -0.024631584 -0.071534999 -0.013507923
v  0.012992186 -0.056669783 -0.014101734
v  -0.010855326 -0.056699466 -0.015241211
v  0.023866532 -0.12550004 -0.01647388
v  0.022030493 -0.063559361 -0.012972033
v  -0.020277804 -0.063567288 -0.015310606
v  -0.022581005 -0.067430682 -0.014890721
v  0.024721926 -0.071532972 -0.013341507
v  0.010918295 -0.056693565 -0.015204852
v  -0.0087046642 -0.056714963 -0.016090563
v  -0.025137467 -0.07582856 -0.013948416
v  0.017786181 -0.059961628 -0.01453664
v  0.025228245 -0.075827785 -0.013782313
v  -0.015765214 -0.059981477 -0.016319012
v  0.013752079 -0.1285 -0.015870741
v  -0.013752075 -0.1185 -0.015870741
v  0.019230558 -0.1285 -0.02170681
v  0.0087572392 -0.05670942 -0.016065588
v  -0.0064843907 -0.056725096 -0.016706681
v  0.0065253736 -0.056719672 -0.016690141
v  -0.0042093745 -0.056731712 -0.017102515
v  0.02267552 -0.067427643 -0.014748311
v  2.9490236e-06 -0.053730231 -0.012578061
v  2.9341224e-06 -0.054244649 -0.01349031
v  0.0042378665 -0.056726407 -0.017091474
v  -0.02314009 -0.071528502 -0.015949285
v  0.020371614 -0.063563056 -0.015193751
v  -0.018443635 -0.063567527 -0.017313575
v  0.015848657 -0.059976172 -0.016247844
v  -0.013702864 -0.059991669 -0.017771026
v  -0.020897394 -0.067424782 -0.017149216
v  -0.022312382 -0.12550004 -0.018524518
v  -0.022312382 -0.1285 -0.018524518
v  0.021482257 -0.12550004 -0.01903162
v  0.021482257 -0.11949999 -0.01903162
v  -0.021482257 -0.11949999 -0.01903162
v  -0.021482257 -0.12550004 -0.01903162
v  0.023235707 -0.071526714 -0.015806025
v  0.025473131 -0.079999633 -0.013805559
v  2.2412185e-06 -0.05673958 -0.017339116
v  -0.023636332 -0.07582099 -0.016391283
v  -0.025382372 -0.079999633 -0.013971483
v  0.024181513 -0.08000005 -0.015963381
v  0.023733033 -0.075820334 -0.016248262
v  -0.024175929 -0.08000005 -0.01595982
v  0.01377902 -0.059986603 -0.017717933
v  -0.011526799 -0.059997391 -0.018979406
v  0.018535217 -0.063563414 -0.017219266
v  -0.016450381 -0.063565977 -0.01909635
v  0.020993082 -0.067421861 -0.017030289
v  -0.021435192 -0.07151968 -0.018236017
v  0.011593727 -0.059992503 -0.018941557
v  -0.0092534479 -0.059999775 -0.019942677
v  -0.018750535 -0.065461107 -0.018363094
v  0.021532519 -0.071517892 -0.018116405
v  0.0087237116 -0.1285 -0.019102266
v  -0.0087237153 -0.1185 -0.019102266
v  -0.0029886118 -0.1185 -0.020786246
v  0.013476973 -0.1285 -0.025678223
v  -0.017744103 -0.1285 -0.022937885
v  -0.0087237153 -0.1285 -0.019102266
v  -0.02191007 -0.075813062 -0.018678954
v  -0.023846807 -0.08000017 -0.016502237
v  0.023941336 -0.08000017 -0.01636464
v  0.019565446 -0.11949999 -0.021405449
v  0.02223794 -0.080000468 -0.018562263
v  -0.022138158 -0.080000408 -0.018680966
v  -0.019565446 -0.11949999 -0.021405449
v  0.0093094911 -0.059995007 -0.019917181
v  -0.0068994663 -0.060001206 -0.020661017
v  0.016537083 -0.063561983 -0.019022962
v  0.022009028 -0.075812288 -0.01855967
v  -0.014314855 -0.063562758 -0.020643732
v  0.019230558 -0.12550004 -0.02170681
v  0.0069432692 -0.059996437 -0.020644953
v  -0.0044815368 -0.060003173 -0.021140104
v  0.019122129 -0.067414828 -0.019115141
v  1.2577418e-06 -0.05921657 -0.02056252
v  2.2263173e-06 -0.05680747 -0.017443856
v  2.2412185e-06 -0.056744527 -0.01734679
v  0.004512033 -0.059998464 -0.021130433
v  -0.01902833 -0.067417808 -0.019210896
v  -0.019533573 -0.071511991 -0.020322612
v  -0.016733265 -0.065455504 -0.020180037
v  0.014394244 -0.063558824 -0.020588955
v  -0.012054624 -0.06355799 -0.021946719
v  0.019629365 -0.071510024 -0.020226514
v  -0.019975545 -0.07580734 -0.020766487
v  -0.016989199 -0.067410059 -0.021053692
v  -0.017744103 -0.12550004 -0.022937885
v  0.021804361 -0.080000527 -0.019121638
v  0.020073323 -0.075806446 -0.020670613
v  -0.021698253 -0.080000468 -0.01924189
v  0.012124589 -0.063554056 -0.021907916
v  0.0095412713 -0.061737191 -0.021553567
v  -0.0096867476 -0.063552864 -0.022998815
v  0.014648935 -0.065445192 -0.02170906
v  0.017078323 -0.067407139 -0.020978978
v  0.016303455 -0.12550004 -0.023619642
v  0.016303455 -0.11949999 -0.023619642
v  -0.016303459 -0.11949999 -0.023619642
v  -0.016303459 -0.12550004 -0.023619642
v  -0.014568252 -0.065448649 -0.021764433
v  0.0029886127 -0.1285 -0.020786246
v  0.0069401548 -0.1285 -0.028157314
v  -0.012324551 -0.1285 -0.026250815
v  -0.0029886118 -0.1285 -0.020786246
v  0.020277856 -0.079999931 -0.020663684
v  -0.017451907 -0.071503945 -0.022193795
v  -0.020178339 -0.079999931 -0.020759067
v  -0.0072282902 -0.06354899 -0.023796311
v  -0.014797257 -0.067401238 -0.022667712
v  0.017543187 -0.071502037 -0.022118514
v  -0.017851563 -0.075801857 -0.022645211
v  9.0756447e-07 -0.06003679 -0.021427801
v  -0.012273544 -0.065441258 -0.023104539
v  0.0071191625 -0.061735462 -0.022324329
v  0.019554397 -0.079999633 -0.021394512
v  0.019369503 -0.079999574 -0.021581283
v  0.017944945 -0.075800903 -0.022569796
v  -0.019548142 -0.079999693 -0.021388119
v  -0.019230539 -0.079999574 -0.021705141
v  -1.4063596e-09 -0.1285 -0.029000005
v  -0.0063137277 -0.1285 -0.028304359
v  0.014879106 -0.067398317 -0.022611862
v  -0.015208269 -0.071494646 -0.023845499
v  9.0756447e-07 -0.060041618 -0.021432897
v  2.7426512e-07 -0.061543297 -0.023017203
v  0.0046276138 -0.061735641 -0.022845199
v  -0.0045962683 -0.061740112 -0.02285417
v  0.013742192 -0.11949999 -0.025537273
v  0.016646987 -0.080000289 -0.023746794
v  0.018127097 -0.079999872 -0.022569498
v  -0.018033227 -0.079999872 -0.022645837
v  -0.013742192 -0.11949999 -0.025537273
v  0.0097454842 -0.06354887 -0.022973185
v  0.013476973 -0.12550004 -0.025678223
v  0.012344738 -0.065437801 -0.023065438
v  -0.012470922 -0.067392595 -0.024037993
v  -0.0098665413 -0.065434404 -0.024191102
v  0.015292307 -0.071492679 -0.023789069
v  -0.0155576 -0.075795479 -0.024311697
v  0.0072743134 -0.063544996 -0.023780858
v  0.015643736 -0.075794525 -0.024255028
v  0.012543237 -0.067389555 -0.023998654
v  -0.016512116 -0.080000348 -0.02384094
v  -0.012821672 -0.0714866 -0.025256118
v  0.0047295899 -0.063543744 -0.02433241
v  0.0020852373 -0.061738204 -0.02312926
v  -0.0021142601 -0.063549884 -0.024642101
v  -0.0046974993 -0.063547798 -0.024340754
v  -0.0020683645 -0.061742675 -0.023134461
v  -0.012324551 -0.12550004 -0.026250815
v  0.0099263918 -0.065430827 -0.024165487
v  -0.0073646693 -0.065429218 -0.025019204
v  1.9975931e-07 -0.061752807 -0.023191949
v  -0.010028051 -0.067385145 -0.02515248
v  0.0021315427 -0.063545771 -0.024637779
v  1.9975931e-07 -0.061757397 -0.023195809
v  -4.484412e-07 -0.063563891 -0.024702555
v  0.010177163 -0.12550004 -0.02683497
v  0.010177163 -0.11949999 -0.02683497
v  -0.01017716 -0.11949999 -0.02683497
v  -0.01017716 -0.12550004 -0.02683497
v  0.015803983 -0.080000348 -0.02426525
v  0.0074116052 -0.065425582 -0.025004065
v  0.012896067 -0.071484514 -0.025216481
v  -0.0047869361 -0.065426953 -0.025589487
v  -0.015717721 -0.080000408 -0.024323469
v  -0.013113724 -0.075790413 -0.025739869
v  0.010237334 -0.069399543 -0.025861671
v  0.010088896 -0.067382045 -0.025126895
v  -0.0074866503 -0.067379422 -0.026005497
v  0.013190059 -0.075789399 -0.025700083
v  0.013740404 -0.080000468 -0.025534367
v  -0.01373606 -0.080000468 -0.02552717
v  0.0048196823 -0.065423258 -0.025581693
v  -0.0021546423 -0.065428622 -0.025908953
v  -4.484412e-07 -0.063567825 -0.024705848
v  -5.5274933e-07 -0.063850649 -0.024941778
v  0.002172275 -0.065424927 -0.025905406
v  -9.103772e-07 -0.065457113 -0.025946384
v  0.0075344057 -0.067376204 -0.025990626
v  -0.0048665605 -0.067376442 -0.026597297
v  -0.01017555 -0.069402166 -0.025887227
v  -0.0075971573 -0.069396503 -0.026759928
v  0.010374157 -0.071478195 -0.02638281
v  -0.010311482 -0.071480401 -0.02640835
v  -0.010541653 -0.075787015 -0.026910564
v  -0.013538329 -0.080000468 -0.025647288
v  0.013672641 -0.080000468 -0.025576046
v  0.013329839 -0.080000348 -0.025733462
v  0.0070858733 -0.11949999 -0.028121
v  0.01053342 -0.079999514 -0.027017703
v  0.010713695 -0.079999574 -0.026934898
v  -0.013253653 -0.080000348 -0.02577596
v  -0.010645816 -0.079999574 -0.026954701
v  -0.010350486 -0.079999514 -0.027088186
v  -0.0070858723 -0.11949999 -0.028121
v  0.0048998953 -0.067373164 -0.02658998
v  -0.0021903156 -0.067377694 -0.026932051
v  0.0069401548 -0.12550004 -0.028157314
v  0.010605967 -0.075785942 -0.026884964
v  0.0076456652 -0.069393761 -0.02674525
v  -0.0076978295 -0.071475215 -0.027296102
v  -9.103772e-07 -0.065460809 -0.025948679
v  -1.1189934e-06 -0.066418953 -0.026547855
v  0.0022082613 -0.067374356 -0.026929161
v  -0.0049381196 -0.069393165 -0.027369296
v  -0.0063137277 -0.12550004 -0.028304359
v  0.0077470453 -0.07147301 -0.027281573
v  -0.0078646522 -0.075783975 -0.027817851
v  -1.1711475e-06 -0.067397423 -0.026973179
v  0.0049719797 -0.069390364 -0.027362337
v  -0.0022219806 -0.069393881 -0.027716568
v  -0.0050025708 -0.071471758 -0.027919477
v  0.0034594 -0.12550004 -0.028490743
v  0.0034594 -0.11949999 -0.028490743
v  -0.0034594028 -0.11949999 -0.028490743
v  -0.0034594028 -0.12550004 -0.028490743
v  0.0079151075 -0.075782843 -0.027803367
v  -1.1711475e-06 -0.067400701 -0.026974624
v  -1.2456533e-06 -0.069018193 -0.027677706
v  0.0022402094 -0.069391079 -0.027714198
v  0.0079815295 -0.079999812 -0.027840843
v  -0.0079296697 -0.079999812 -0.027852362
v  0.0050369189 -0.071469434 -0.027912771
v  -0.0051070391 -0.075781353 -0.028460016
v  -0.0022500693 -0.071471997 -0.028276598
v  -1.2009498e-06 -0.06939996 -0.02778112
v  -1.2009498e-06 -0.069402821 -0.027781894
v  0.0022685514 -0.071469672 -0.028274601
v  -9.4017952e-07 -0.071476944 -0.028343653
v  0.0070841969 -0.079999931 -0.028112402
v  0.0051422105 -0.07578022 -0.028453534
v  0.0072239325 -0.079999872 -0.028085222
v  -0.0070852167 -0.079999931 -0.028118929
v  -0.0070572286 -0.079999931 -0.028127765
v  -0.0022944673 -0.075780757 -0.028828671
v  0.0051781894 -0.080000348 -0.028483143
v  -1.4063597e-09 -0.11949999 -0.029000005
v  0.0023287521 -0.080000229 -0.028859695
v  0.0037872628 -0.080000646 -0.028753689
v  -0.0051425337 -0.080000289 -0.028487301
v  -0.0023100092 -0.080000408 -0.028857818
v  -0.003588838 -0.080000587 -0.02877905
v  -1.4063596e-09 -0.12550004 -0.029000005
v  -9.4017952e-07 -0.071479209 -0.028344279
v  -8.8802545e-07 -0.07184083 -0.028442224
v  0.0023133517 -0.075779565 -0.028827077
v  -2.1002262e-07 -0.074781246 -0.028847298
v  -1.1316507e-07 -0.075780042 -0.028881585
v  2.0720989e-07 -0.079194315 -0.028998753
v  -1.4063597e-09 -0.079999991 -0.029000094
v  0.00045797834 -0.079999752 -0.028995639

# 0 UV coordinates

# 4922 vertex normals
vn 0.13563006 0.013912155 0.99066186
vn 0.0042718234 0.042028509 0.9991073
vn 0.01940191 -0.0024869621 0.99980867
vn 0.019421928 -0.0025519507 0.99980813
vn 0.019394897 -0.0024500648 0.99980891
vn 0.019445673 -0.0025579552 0.99980766
vn 0.0058748098 0.019228812 0.99979782
vn 0.0059449095 0.01915985 0.99979877
vn 0.0058940868 0.019205298 0.99979818
vn -0.072831288 0.078361824 0.99426103
vn -0.072873808 0.078375801 0.99425685
vn -0.072820187 0.07834883 0.99426287
vn -0.0066197901 0.029263303 0.99954981
vn 0.011016242 0.015065607 0.99982584
vn 0.021743953 -0.0062817223 0.99974382
vn 0.0193341 -0.0023552433 0.99981028
vn 0.0097163152 0.10337157 0.99459535
vn 0.32753175 0.0080613298 0.9448058
vn -0.025921097 -0.036674611 0.99899101
vn -0.11958867 -0.061766636 0.99090034
vn -0.2387656 -0.090087987 0.96688944
vn -0.026011055 -0.03670254 0.99898767
vn 0.011930162 -0.022924444 0.99966604
vn 0.011931409 -0.022923866 0.99966604
vn 0.0097657796 -0.024232954 0.99965864
vn -0.016529806 0.017420748 0.99971157
vn -0.02617687 -0.0080969315 0.99962455
vn 0.029019384 0.058578145 0.99786097
vn 0.029007893 0.058572426 0.99786162
vn -0.016545957 0.017401719 0.99971169
vn 0.028805142 0.058409229 0.99787706
vn -0.2114052 0.0081668049 0.97736436
vn -0.010459216 0.044780854 0.99894208
vn -0.015471648 0.057635121 0.99821782
vn -0.026083037 -0.0078322086 0.99962908
vn -0.016558671 0.017367626 0.99971205
vn -0.016553141 0.017380403 0.99971193
vn -0.01549101 -0.028735584 0.99946702
vn -0.034541216 -0.013553922 0.99931139
vn -0.01045982 -0.02738383 0.99957025
vn -0.01035298 -0.027440639 0.99956983
vn 0.030972265 -0.042613167 0.99861145
vn 0.084662639 -0.061961915 0.99448127
vn -0.10060845 0.062087294 0.99298698
vn 0.035966031 0.062391192 0.9974035
vn 0.032878041 -0.017137231 0.99931246
vn 0.032586996 -0.012452872 0.99939132
vn 0.029836319 0.0070565538 0.9995299
vn 0.036592484 -0.017301757 0.9991805
vn 0.032877162 -0.018631347 0.9992857
vn -0.0411787 -0.02214163 0.99890643
vn -0.062187672 -0.0083242226 0.99802977
vn -0.038415119 -0.019649494 0.99906868
vn -0.037733316 0.0036476825 0.99928117
vn -0.040149968 -0.0083837975 0.9991585
vn -0.040949397 -0.014755133 0.99905229
vn -0.040718395 -0.010899283 0.99911124
vn -0.041173924 -0.019038299 0.99897057
vn -0.041178018 -0.022876306 0.99888992
vn 0.93161792 0.36302051 0.017440125
vn 0.96298385 0.26167729 -0.064707831
vn 0.73212707 0.67643666 -0.080145776
vn 0.72966254 0.67899525 -0.080981776
vn 0.71663505 0.69274753 -0.080839872
vn 0.73073226 0.67931163 -0.067572989
vn 0.73069471 0.67935055 -0.067587562
vn 0.9629944 0.26163733 -0.064712279
vn 0.71793628 0.69350523 -0.060149811
vn 0.73236471 0.68020892 -0.030947329
vn 0.95841682 0.25946885 -0.11879853
vn 0.92588407 0.35919267 -0.11712962
vn 0.7324003 0.68017256 -0.030904438
vn 0.96392953 0.26456037 0.029114896
vn 0.99398988 0.10775167 -0.01933074
vn 0.99613166 0.0842641 -0.024924599
vn 0.73235953 0.68021601 -0.030915039
vn 0.99975157 -0.002383634 -0.02216224
vn 0.49289241 0.86981428 -0.021912459
vn -0.95095438 0.29942968 -0.077637926
vn -0.71400332 0.69846261 0.048468776
vn -0.70494759 0.70780677 0.04537094
vn -0.94941097 0.29866216 -0.097055405
vn -0.71099508 0.69992238 -0.067783758
vn -0.7046814 0.70807457 0.045327011
vn 0.4910188 0.87087917 -0.021679828
vn 0.49179688 0.87044758 -0.021374948
vn -0.95209748 0.299925 -0.059627488
vn -0.95695281 0.27795902 -0.083547227
vn -0.95294183 0.30047572 -0.040202305
vn -0.95851231 0.27875078 -0.059599571
vn 0.037133254 -0.018671041 0.99913591
vn 0.041841026 -0.018082786 0.99896061
vn 0.49356124 0.86943799 -0.021792082
vn 0.49256435 0.86994249 -0.024092268
vn -0.70481712 0.70913261 0.019071851
vn -0.7142235 0.69924557 0.030666193
vn -0.999493 -0.0010770884 -0.031820122
vn -0.5669654 0.82319158 -0.030096535
vn -0.49163926 0.870408 -0.026091278
vn -0.49060902 0.8709777 -0.026469322
vn -0.99945402 -0.001163483 -0.033019677
vn -0.99948716 -0.00076659082 -0.032013174
vn -0.48931596 0.87171972 -0.025973912
vn -0.49013653 0.87125003 -0.026259927
vn -0.49062586 0.87098008 -0.026076788
vn -0.4905304 0.87102771 -0.026281029
vn -0.098250531 -0.0052046929 0.99514812
vn -0.062705405 -0.017271155 0.9978826
vn -0.49268967 0.86980355 -0.026433479
vn -0.49223438 0.87006199 -0.026409052
vn 0.059497785 -0.020389974 0.99802017
vn 0.094893523 -0.020575445 0.99527478
vn 0.49369705 0.86929661 -0.024221335
vn 0.99975097 -0.0023738283 -0.022188423
vn 0.37819886 -0.92428845 -0.051540758
vn 0.74134421 -0.66917455 -0.051128816
vn 0.74145609 -0.66903269 -0.051362228
vn 0.74130434 -0.66920066 -0.051364426
vn 0.74146062 -0.66900688 -0.051632542
vn 0.96892506 -0.24478891 -0.035532996
vn 0.968889 -0.24495625 -0.035363514
vn 0.37957096 -0.92494881 -0.019889722
vn 0.3454549 -0.93824834 -0.018733878
vn -0.85323447 -0.51741493 -0.065366037
vn -0.53300107 -0.84469873 -0.048928447
vn -0.52065903 -0.85073072 -0.07191287
vn -0.071864359 -0.99178517 -0.10581926
vn 0.34673563 -0.9375664 0.027270434
vn -0.85342616 -0.51756018 -0.061606012
vn -0.85825592 -0.50952846 -0.061461452
vn 0.96892667 -0.244808 -0.03535717
vn 0.96889383 -0.2449681 -0.035148203
vn -0.99942094 -0.0012250368 -0.034004249
vn -0.99945086 -0.00082413596 -0.033126265
vn -0.53187239 -0.84373885 -0.072225466
vn -0.52024335 -0.85032064 -0.079383016
vn -0.98857957 -0.14307263 -0.047334958
vn -0.85887271 -0.51043195 -0.042390112
vn 0.22087589 -0.012920599 0.97521633
vn -0.98860192 -0.14305694 -0.046914551
vn -0.98938036 -0.13765137 -0.046675693
vn -0.11074594 -0.99358469 -0.022907373
vn -0.057256673 -0.99381346 -0.095165409
vn -0.07020738 -0.99455309 -0.077039607
vn -0.12077615 -0.98994035 -0.073697113
vn 0.061547793 0.010024942 0.99805379
vn 0.98980957 0.14164145 -0.014652675
vn 0.99109232 0.13311823 -0.0039458461
vn -0.96949649 0.24444458 -0.017982295
vn 0.047705527 -0.079128094 0.99572229
vn -0.98961079 -0.13825962 -0.039430983
vn -0.10587325 -0.98954427 -0.097943656
vn -0.055540394 -0.99104214 -0.12145256
vn -0.091362193 -0.072221905 0.9931953
vn 0.98999727 0.14104459 -0.0034466363
vn 0.99107391 0.13328217 -0.0029017716
vn -0.52952147 -0.84781176 -0.028673779
vn -0.11612402 -0.99321961 0.0054797526
vn 0.090993226 -0.0074341567 0.99582374
vn -0.0275268 -0.095666163 0.99503279
vn 0.85924041 0.51146322 -0.010552375
vn 0.86488837 0.50187254 0.0095965052
vn 0.013978217 0.10494928 0.99437934
vn 0.18684059 0.077012405 0.97936696
vn 0.18676643 0.077045895 0.97937852
vn -0.10060944 0.062066574 0.99298817
vn 0.083063126 0.078274131 0.99346548
vn -0.059668761 0.12475525 0.99039173
vn 0.06704513 0.11244335 0.99139369
vn -0.10058591 0.062094521 0.99298877
vn -0.96949983 0.24444599 -0.017783696
vn -0.96946841 0.24457116 -0.017775182
vn 0.04774718 -0.079109177 0.99572182
vn -0.09144491 -0.0014772149 0.99580902
vn 0.33544108 -0.93879253 0.078408621
vn 0.37882119 -0.9249534 0.03091469
vn -0.52902746 -0.84837884 -0.019578192
vn -0.54488772 -0.83831429 -0.018069478
vn 0.090853773 -0.0073704328 0.99583697
vn 0.99975932 -0.0023647279 -0.0218096
vn 0.99976104 -0.0024176927 -0.021724604
vn -0.017925583 0.058618277 0.99811953
vn -0.99942034 -0.0012108955 -0.034022588
vn -0.032119922 0.12238757 0.99196249
vn -0.017975073 0.05880947 0.99810737
vn -0.044379041 0.12040835 0.991732
vn 0.035956752 0.062399019 0.99740338
vn 0.03595924 0.062370691 0.99740505
vn -0.75187492 0.6591801 0.012872379
vn -0.96947283 0.24456374 -0.017634241
vn 0.0015165047 -0.10365328 0.99461234
vn -0.99942476 -0.0012784234 -0.033890124
vn -0.99946904 -0.0019446379 -0.03252374
vn -0.99953055 -0.001344053 -0.030607512
vn 0.99975842 -0.0023493967 -0.02185264
vn -0.027565248 -0.095644131 0.99503386
vn 0.85996735 0.51024479 0.01031361
vn 0.86502981 0.50153953 0.013473243
vn -0.091398142 -0.0014629414 0.99581337
vn 0.34039995 -0.93987668 0.027562706
vn 0.3817105 -0.92427295 -0.0040723956
vn 0.0085927416 -0.11791595 0.99298638
vn 0.54636174 0.83690834 0.032760892
vn 0.52728158 0.84968519 -0.0030232419
vn -0.85605377 -0.51529008 0.040596794
vn -0.54256719 -0.83987379 0.015260316
vn 0.1316206 -0.013533671 0.99120778
vn -0.75190628 0.65914023 0.013079886
vn -0.75175893 0.65930796 0.013097026
vn 0.0015289524 -0.10364495 0.99461317
vn -0.12490281 -0.0067672324 0.9921459
vn 0.7412653 -0.67009634 0.038686987
vn -0.85583711 -0.5154677 0.042846441
vn -0.85875702 -0.51055139 0.043285534
vn 0.13168706 -0.01354097 0.99119884
vn 0.099133946 -0.013081761 0.99498808
vn 0.4940151 0.86897987 -0.028688846
vn 0.4928121 0.8694905 -0.033503242
vn -0.38431701 0.92210579 0.044960085
vn -0.75182444 0.65922993 0.013262936
vn -0.028229555 -0.1294492 0.99118412
vn 0.0086329523 -0.1179528 0.99298167
vn 0.54437524 0.83882987 -0.0044756285
vn 0.52686578 0.84987694 -0.011028955
vn -0.097515315 -0.0065002269 0.99521279
vn -0.12435634 -0.0067593469 0.99221462
vn -0.49117929 0.87024218 -0.037702259
vn -0.49244928 0.86974978 -0.032078307
vn -0.8548677 -0.51596105 0.054639053
vn -0.85817295 -0.51090729 0.050128613
vn 0.1046471 -0.029857514 0.99406111
vn 0.14276262 0.059067942 0.98799282
vn -0.48862377 -0.86810851 0.087375186
vn -0.99619091 0.0063624172 0.086966969
vn 0.7421146 -0.66916066 0.038598794
vn 0.74120873 -0.67016703 0.038545877
vn -0.1049416 -0.024897598 0.99416667
vn 0.74127972 -0.67010069 0.038334355
vn 0.74117494 -0.67020857 0.038472358
vn 0.046058375 -0.15669031 0.98657322
vn 0.12684435 0.98536998 0.11382654
vn 0.076458544 0.99615902 0.042676173
vn -0.38544226 0.92020631 0.068224452
vn -0.36133564 0.92978686 0.070234664
vn -0.02627377 -0.12744081 0.99149811
vn -0.029935356 -0.12511072 0.99169105
vn 0.99977195 -0.0023043209 -0.02122982
vn 0.99976653 -0.0023919274 -0.021473495
vn 0.1070883 0.06633807 0.99203396
vn 0.11152737 0.059348118 0.99198765
vn 0.10728959 0.066010192 0.99203408
vn 0.11954291 0.033195395 0.99227393
vn -0.99621117 0.0067084185 0.086708337
vn -0.9963032 0.0062549012 0.085678324
vn -0.98692262 -0.14278157 0.074814409
vn 0.11181999 -0.046392705 0.99264497
vn -0.059267543 0.14654151 0.98742741
vn 0.010766305 0.14679272 0.98910868
vn -0.98691058 -0.14275514 0.075023018
vn -0.98723423 -0.14042465 0.075162925
vn 0.10991722 -0.042136047 0.99304724
vn 0.1090598 -0.046954598 0.99292558
vn 0.049768999 -0.11181392 0.99248207
vn 0.019936197 -0.12294859 0.99221277
vn 0.12312385 0.99158329 0.040038444
vn 0.074789219 0.99710828 0.013477412
vn -0.11515111 -0.042819303 0.99242467
vn 0.96570432 -0.24710786 0.079705022
vn 0.96570629 -0.24710199 0.079699233
vn -0.12330408 0.095642574 0.98774928
vn 0.99538559 0.0063093067 0.095748246
vn 0.48666352 -0.86878306 0.091513194
vn 0.48692983 -0.86865008 0.091358215
vn 0.071590357 0.99725157 0.019082557
vn -0.36277348 0.9260335 0.10419863
vn -0.068711825 -0.10549899 0.99204266
vn -0.98695797 -0.14054856 0.078486286
vn 0.10887294 -0.060775701 0.99219602
vn 0.10731182 -0.063169196 0.99221665
vn -0.96512455 0.2431546 0.097007319
vn 0.08043091 -0.10416938 0.99130195
vn -0.34925026 0.92598259 0.14345905
vn -0.37452671 0.9203999 0.11222171
vn 0.10888902 0.066863187 0.99180263
vn 0.087817602 0.11338449 0.98966259
vn -0.99617708 0.0081437752 0.086976372
vn -0.1047228 0.082604989 0.99106485
vn -0.12627551 0.047888458 0.99083865
vn -0.13775031 0.025993947 0.99012583
vn 0.48653236 -0.8688792 0.091297388
vn 0.48704904 -0.86869234 0.0903152
vn -0.093846209 0.095945872 0.99095273
vn -0.11149102 0.068122119 0.99142784
vn -0.11155158 0.068013117 0.99142849
vn 0.99538547 0.0063071917 0.095749475
vn -0.11787 -0.042070046 0.99213749
vn -0.12239109 -0.052398171 0.99109781
vn 0.96571702 -0.24707454 0.079654135
vn 0.96570277 -0.24711409 0.079704575
vn 0.06970267 0.99633592 0.049561027
vn 0.11948539 0.99143445 0.05273436
vn -0.069098115 -0.11196206 0.9913072
vn -0.1011121 -0.093317293 0.99048889
vn 0.11206266 -0.052963659 0.99228865
vn 0.10431962 -0.062459342 0.99258059
vn -0.96513844 0.24312092 0.096953668
vn -0.96513146 0.2431483 0.096954666
vn 0.086066999 -0.10382523 0.99086469
vn 0.080910437 -0.10571025 0.99109983
vn -0.35183191 0.92941254 0.11138526
vn -0.37614638 0.92215693 0.090224482
vn 0.11648477 0.037086137 0.99249983
vn 0.12284268 0.023496507 0.99214798
vn 0.094725601 0.077719353 0.99246502
vn 0.11643254 0.037156247 0.99250335
vn -0.48839444 -0.86832929 0.086458981
vn -0.48879904 -0.86813396 0.08613304
vn 0.11512204 -0.098354653 0.9884702
vn -0.74562389 0.65856564 0.10166784
vn -0.74560905 0.65857863 0.1016926
vn 0.11509147 -0.09835691 0.98847353
vn -0.74563861 0.65854508 0.10169274
vn 0.070171259 0.044805471 0.99652821
vn 0.093979456 -0.027690371 0.99518895
vn 0.05818544 0.03413431 0.99772203
vn 0.11085474 -0.094425865 0.98934066
vn 0.08258196 -0.098016329 0.99175251
vn -0.74555928 0.65863729 0.10167736
vn -0.74561906 0.65857202 0.1016619
vn 0.082328439 -0.097507492 0.99182373
vn -0.96513981 0.24312609 0.096927233
vn 0.037027486 0.079559989 0.99614215
vn 0.037023786 0.079564489 0.99614191
vn 0.073002756 0.039910197 0.99653286
vn 0.070182145 0.04477736 0.99652869
vn 0.052503191 0.11363383 0.99213445
vn 0.094658762 0.087059587 0.9916957
vn 0.098569021 0.081998594 0.99174613
vn -0.99606246 0.0082976054 0.088265024
vn -0.99618822 0.0067281281 0.086969808
vn 0.076820619 0.035364091 0.99641758
vn 0.026513595 0.080197714 0.99642628
vn 0.07050243 0.043875009 0.99654621
vn 0.0758055 0.061647311 0.99521512
vn 0.075021736 0.036206663 0.99652439
vn -0.067452617 0.033818383 0.99714917
vn -0.040290214 0.079327814 0.99603403
vn -0.080031916 0.037401751 0.99609035
vn 0.98483276 0.14032416 0.10204683
vn 0.98485327 0.13488902 0.10894473
vn -0.11753088 -0.05856571 0.99134076
vn -0.11777917 -0.041924801 0.99215442
vn -0.068505846 0.033879623 0.99707526
vn -0.078303434 0.015675867 0.99680632
vn 0.52148652 0.8519116 0.047941457
vn 0.11388601 0.98481315 0.13104577
vn -0.10031193 -0.10206663 0.98970699
vn -0.077901684 0.043232281 0.99602324
vn -0.10610557 -0.029640442 0.99391299
vn -0.086018495 0.039182175 0.99552274
vn -0.10527248 0.003147997 0.99443841
vn -0.059951443 0.057898384 0.99652076
vn 0.52099043 0.85162795 0.057435215
vn 0.54211515 0.83828694 0.058190878
vn -0.1002201 -0.10208699 0.98971421
vn 0.075881459 0.042461202 0.99621236
vn -0.083981723 0.053188261 0.99504679
vn -0.049672697 0.068362869 0.99642318
vn 0.98411834 0.139974 0.10917151
vn 0.98477805 0.13486488 0.10965241
vn -0.11782037 -0.060464449 0.9911924
vn -0.11880486 -0.05837208 0.99120033
vn -0.076337002 0.045947909 0.99602282
vn 0.85405523 0.51106876 0.096945189
vn 0.8554678 0.50694174 0.10575853
vn -0.11123388 -0.074789062 0.9909761
vn 0.99977428 -0.0023155375 -0.021118857
vn 0.99977231 -0.0023821222 -0.021205289
vn -0.076195233 0.046179544 0.99602294
vn 0.85332245 0.51053488 0.10580628
vn 0.85531014 0.5068633 0.107397
vn -0.12078384 -0.080572702 0.98940349
vn -0.10557898 -0.10079141 0.9892897
vn 0.51527911 0.85091889 0.10210029
vn 0.53905487 0.83598101 0.10274035
vn -0.10642025 -0.10215273 0.98905993
vn -0.10795598 -0.10173581 0.98893648
vn -0.10637547 -0.10216178 0.9890638
vn -0.085024461 0.032652047 0.99584371
vn -0.084960096 0.054150548 0.99491179
vn -0.085053399 -0.027223727 0.9960044
vn 0.086591676 -0.034888607 0.99563277
vn 0.036083013 0.14025275 0.98945802
vn 0.99977911 -0.0018799296 -0.020932218
vn 0.054995637 -0.061773609 0.99657387
vn 0.043078966 -0.045948412 0.99801451
vn 0.04088724 -0.04908685 0.99795729
vn 0.039250329 -0.05321737 0.99781126
vn 0.048195638 -0.043331284 0.99789757
vn -0.061432071 -0.057588711 0.99644852
vn -0.068604358 -0.049797304 0.99640036
vn -0.058872838 -0.056646787 0.99665695
vn -0.084025033 0.053160843 0.99504459
vn -0.058716852 -0.056765314 0.99665946
vn 0.039253335 -0.05319728 0.99781221
vn 0.11625525 0.0118946 0.99314815
vn 0.10252684 0.040873624 0.99389011
vn -0.48853818 -0.86838919 0.085033424
vn -0.48883456 -0.86814392 0.085830659
vn 0.059371375 -0.042192958 0.9973439
vn -0.065407954 -0.063637689 0.99582732
vn -0.063643083 -0.055910364 0.99640536
vn -0.060639538 -0.054528344 0.99666923
vn -0.11996615 0.040205732 0.99196351
vn -0.11971106 0.0405357 0.99198091
vn -0.14331643 0.0091900919 0.98963428
vn -0.14331834 0.009186551 0.98963398
vn -0.22966866 -0.17892471 0.95668083
vn -0.22965401 -0.17888972 0.95669091
vn -0.2012942 -0.10876802 0.97347325
vn -0.14430396 0.037000544 0.98884141
vn -0.14432873 0.037754431 0.98880929
vn 0.48745573 -0.86877453 0.087279722
vn 0.48676515 -0.86890143 0.089832798
vn 0.48672324 -0.86892378 0.089843832
vn -0.04917882 -0.053655554 0.99734777
vn -0.09031485 -0.019371834 0.99572486
vn 0.059249129 -0.042189628 0.99735129
vn 0.039449763 -0.054693591 0.99772358
vn -0.047903296 -0.055284295 0.99732089
vn -0.01545002 0.080214746 0.99665785
vn 0.027094277 0.070392542 0.99715132
vn 0.038649529 0.062187038 0.99731588
vn -0.089575373 0.095429622 0.99139774
vn -0.092794754 0.059618428 0.99389875
vn -0.10384548 0.095887341 0.98996049
vn -0.04917388 0.16962378 0.9842813
vn -0.089563489 0.095487334 0.99139321
vn 0.99510241 0.0060402504 0.098664381
vn 0.99510247 0.0060402891 0.098664284
vn 0.99513155 0.0065589231 0.098336846
vn -0.065592252 -0.064110741 0.99578488
vn -0.068102732 -0.05383997 0.99622452
vn -0.043435074 0.091380768 0.99486828
vn 0.053470399 0.11736659 0.99164814
vn 0.0082607325 0.11371658 0.99347889
vn 0.074053377 0.084740825 0.9936474
vn -0.99525911 0.0092876051 0.096814491
vn -0.99568766 0.0071668862 0.092491619
vn 0.039248545 -0.05422134 0.99775726
vn 0.040316571 -0.056567792 0.9975844
vn 0.067495503 -0.045812014 0.99666727
vn -0.05652947 -0.053015549 0.99699235
vn -0.046455793 -0.058357704 0.99721426
vn 0.067440994 -0.0457807 0.99667239
vn -0.49170533 0.86987698 -0.039242305
vn -0.4917855 0.86983001 -0.039278209
vn 0.043589756 -0.059656501 0.99726677
vn 0.051146805 -0.062554128 0.99673015
vn 0.052726179 -0.062527888 0.9966495
vn 0.062369868 -0.061336841 0.99616653
vn 0.066495806 -0.059617665 0.99600405
vn 0.068714134 -0.057447124 0.99598104
vn 0.071037017 -0.054024544 0.99600959
vn 0.071270972 -0.052601065 0.99606907
vn 0.071357287 -0.05326977 0.99602735
vn 0.070930593 -0.050279599 0.99621326
vn 0.071022518 -0.050422423 0.99619949
vn -0.026946293 0.031294994 0.99914688
vn -0.0086692134 -0.034711897 0.99935979
vn -0.068656333 -0.10514576 0.99208403
vn 0.0021467935 -0.062198855 0.99806148
vn -0.0251898 -0.074375525 0.99691212
vn -0.025119439 -0.074304365 0.99691921
vn -0.008341562 -0.050450783 0.99869174
vn 0.020533292 0.0064544389 0.99976832
vn 0.020529119 0.0064236186 0.99976861
vn 0.0075419946 -0.070957087 0.99745083
vn 0.0075158584 -0.070928469 0.99745309
vn -0.0026630431 -0.062199444 0.99806017
vn 0.050848175 -0.050276186 0.9974401
vn -0.073666483 -0.052573677 0.99589622
vn -0.050562229 -0.063699365 0.99668741
vn -0.072889999 -0.044590317 0.99634266
vn 0.49319497 0.86913431 -0.036935512
vn 0.99129713 0.0026449582 -0.13161702
vn 0.99142253 0.0024186906 -0.13067311
vn 0.50782776 -0.85427392 -0.1110269
vn 0.50682491 -0.85445482 -0.11417294
vn 0.59418333 -0.79703009 -0.10811658
vn 0.59706593 -0.79441673 -0.1114197
vn 0.10780875 -0.0031111329 0.99416679
vn 0.094218835 0.025532709 0.99522406
vn -0.48873895 -0.86840904 0.083665721
vn -0.48913649 -0.868209 0.083418071
vn -0.046798483 -0.061517965 0.99700826
vn 0.8114388 -0.58024687 -0.069861896
vn 0.81172985 -0.57977879 -0.070364624
vn -0.092491932 -0.036105812 0.9950586
vn -0.50953859 -0.85241818 -0.11727604
vn -0.50632375 -0.85434663 -0.11716704
vn -0.76033288 -0.64000672 -0.11083924
vn -0.75887609 -0.64274824 -0.10479405
vn -0.51056802 -0.85202771 -0.11562437
vn 0.5068509 -0.85443938 -0.11417286
vn -0.057363044 -0.072307654 0.99573141
vn -0.067277417 -0.065940782 0.9955529
vn -0.0727681 -0.056609675 0.99574101
vn -0.053720728 -0.070521794 0.99606264
vn 0.81144512 -0.58017284 -0.070401132
vn 0.81170642 -0.57974267 -0.070930339
vn 0.055005323 -0.043953151 0.99751818
vn 0.50683326 -0.85445786 -0.11411303
vn -0.096566044 -0.040984478 0.9944824
vn -0.08556655 -0.050404742 0.99505663
vn -0.08033216 -0.053430025 0.9953351
vn -0.073527075 -0.053396493 0.99586272
vn 0.50728697 -0.8536706 -0.11792587
vn 0.50644052 -0.85402966 -0.11895928
vn -0.99014634 0.0038674248 -0.139983
vn -0.49209601 0.86956263 -0.041259032
vn -0.06451223 -0.042347323 0.99701798
vn 0.99142659 0.003205701 -0.13062552
vn 0.99160117 0.0028615168 -0.12930177
vn 0.50646448 -0.85401535 -0.11896005
vn -0.76031363 -0.64002925 -0.11084108
vn 0.98892325 -0.13834448 -0.053773627
vn 0.98736954 -0.15156698 -0.046139758
vn 0.066790611 -0.053024735 0.99635708
vn -0.50667769 -0.85366285 -0.12057135
vn -0.50574559 -0.85384911 -0.12313838
vn 0.045928892 0.034743056 0.99834037
vn 0.13502283 0.00084253843 0.9908421
vn 0.13498048 -0.0250587 0.99053133
vn 0.0082453424 0.11374804 0.99347544
vn -0.99527794 0.0092564775 0.096623488
vn -0.99556708 0.010629723 0.09345185
vn -0.017452365 -0.11582039 0.99311686
vn -0.97543168 -0.21474028 -0.049189646
vn -0.75846165 -0.64178324 -0.11335859
vn 0.87088066 0.47110397 -0.14009966
vn 0.54199845 0.82892895 -0.13825522
vn 0.55209321 0.82251805 -0.13659129
vn -0.5057357 -0.85385221 -0.12315747
vn 0.86963075 0.47009164 -0.15085168
vn 0.86674947 0.47562847 -0.1500762
vn 0.86952269 0.47029078 -0.15085387
vn 0.54242361 0.82906324 -0.13576002
vn 0.55511087 0.82396078 -0.11375651
vn 0.12013182 0.089803398 0.98868787
vn 0.86609232 0.47531617 -0.15478568
vn 0.99310827 0.01965454 -0.11554075
vn 0.99305069 0.013829429 -0.11687197
vn 0.011034911 -0.11797915 0.99295473
vn 0.9873656 -0.15159152 -0.046142623
vn -0.023014147 -0.16860385 0.98541516
vn 0.0059400615 -0.13343027 0.99104041
vn 0.0059152031 -0.13346344 0.99103606
vn 0.005953352 -0.13335842 0.99105
vn -0.01743331 -0.11567089 0.99313462
vn 0.0065476974 -0.16863415 0.98565698
vn -0.015031265 -0.13048308 0.99133658
vn -0.014914266 -0.13109966 0.99125701
vn -0.1174151 0.095767021 0.98845452
vn -0.10310697 0.11061684 0.9885003
vn 0.99473792 0.0063278577 0.1022568
vn 0.99484038 0.0068367044 0.10122187
vn -0.15116696 0.01246789 0.98842961
vn -0.17970118 0.10166655 0.97845358
vn 0.48779938 -0.86882371 0.084836014
vn 0.4870778 -0.86897749 0.087369181
vn -0.97526336 -0.21397218 -0.055473585
vn -0.97344881 -0.22186184 -0.056345064
vn 0.50673729 -0.8530339 -0.12470149
vn 0.50386637 -0.85454649 -0.12597194
vn 0.50459725 -0.8543151 -0.12460869
vn 0.50672811 -0.85304344 -0.12467378
vn 0.079884484 -0.051798351 0.99545741
vn 0.031109644 0.0050062253 0.99950343
vn -0.48892379 -0.86844426 0.082207806
vn -0.48941895 -0.86826688 0.081127882
vn -0.50641555 -0.85344517 -0.12318557
vn -0.50537926 -0.85352838 -0.12681133
vn 0.057112031 -0.047213063 0.9972508
vn 0.19393595 -0.081882946 0.97759092
vn 0.1843541 0.028047942 0.9824596
vn 0.1843556 0.028044282 0.98245943
vn 0.18018574 0.04828231 0.98244691
vn 0.18017836 0.048295565 0.98244762
vn 0.16874751 0.033240553 0.98509866
vn 0.14712869 0.05541224 0.98756397
vn 0.14713079 0.05541084 0.98756373
vn 0.12600803 0.051593222 0.99068671
vn 0.13626039 0.0540318 0.98919851
vn 0.19936286 -0.012253648 0.9798491
vn 0.16879168 0.033181123 0.98509306
vn 0.19395736 0.15309843 0.96898991
vn 0.19402641 0.15274504 0.96903181
vn 0.55541146 0.82378417 -0.11356822
vn 0.11937714 0.089248233 0.98882955
vn 0.99231172 0.019024992 -0.12229291
vn 0.99236357 0.013494785 -0.1226066
vn 0.11510509 0.10543396 0.98774213
vn 0.11995611 0.089736931 0.98871523
vn 0.11957532 0.099914446 0.9877848
vn 0.55512124 0.82396013 -0.11371086
vn 0.11356176 0.1015486 0.98832768
vn 0.125618 0.13468221 0.98289412
vn 0.1220017 0.13802992 0.98288518
vn 0.0082323346 0.11370882 0.99348003
vn 0.11763429 0.14534567 0.98236287
vn 0.094290704 0.16410609 0.9819259
vn -0.99028105 0.0048513403 -0.13899624
vn -0.99027878 0.0040107849 -0.13903917
vn 0.99236798 0.013315771 -0.12259083
vn 0.16521148 0.099456586 0.98123062
vn -0.48940101 -0.86827397 0.081160255
vn -0.14351818 0.036726158 0.98896599
vn -0.14359857 -0.015150703 0.98952001
vn 0.1633147 0.095895171 0.98190248
vn 0.16337577 0.095917672 0.98189008
vn 0.16337493 0.095884524 0.98189348
vn 0.1329346 0.00065319426 0.99112457
vn 0.13499618 0.00084072741 0.99084574
vn -0.029617211 0.19172473 0.98100173
vn 0.03608077 0.1402348 0.98946065
vn 0.0452898 0.18451454 0.98178571
vn -0.059267703 0.14653821 0.98742789
vn 0.54570466 0.83035511 -0.1127687
vn 0.55557436 0.8240729 -0.11063901
vn 0.078964539 0.1235639 0.98918986
vn 0.1010069 0.079220533 0.99172664
vn 0.03701188 0.13160792 0.99061066
vn 0.036309913 0.13215768 0.99056345
vn 0.054559272 0.13638213 0.98915279
vn 0.99981648 -0.0019514528 -0.019057008
vn 0.999825 -0.001546425 -0.018644858
vn 0.094731629 0.99085134 -0.096122406
vn 0.11421044 0.99096406 -0.070329174
vn -0.62887269 0.7728945 -0.084576838
vn -0.89724356 0.39416802 -0.19896132
vn 0.13495384 -0.025058102 0.99053496
vn -0.015446217 0.080235273 0.99665624
vn 0.046766188 0.147136 0.98801011
vn 0.046781648 0.14713119 0.98801005
vn 0.050300349 0.14632303 0.98795724
vn 0.050837256 0.14627169 0.98793733
vn 0.059427332 0.1458936 0.98751378
vn 0.059339292 0.14589156 0.98751938
vn 0.079392828 0.14731203 0.98589855
vn 0.052550159 0.14168118 0.98851651
vn 0.058992382 0.13210346 0.98947895
vn 0.034710471 0.15451074 0.98738122
vn 0.038616821 0.1513097 0.98773181
vn 0.040239789 0.15014833 0.98784423
vn 0.043358393 0.14846717 0.98796636
vn 0.046921067 0.14707747 0.98801148
vn -0.90531135 0.37880895 -0.19213319
vn -0.89975441 0.3956331 -0.18416432
vn -0.99678147 0.0073374207 0.079830162
vn -0.9959231 0.010239282 0.089623056
vn 0.13486902 -0.044951942 0.98984325
vn 0.1349631 -0.025058417 0.99053371
vn -0.90670347 0.37961239 -0.18380231
vn -0.90205348 0.39687541 -0.16967441
vn 0.013935774 0.12233261 0.99239129
vn -0.99960321 -0.0014212877 -0.028130891
vn -0.99962008 -0.00095866283 -0.027545327
vn -0.068276621 -0.049370434 0.99644411
vn -0.99109733 -0.070516154 -0.11293137
vn -0.99065834 -0.074283913 -0.11435898
vn -0.96878248 0.24749422 0.014390455
vn -0.97306573 -0.22060344 -0.066912226
vn 0.99150938 0.018461674 -0.12871815
vn 0.95055592 -0.29807249 -0.08715608
vn -0.65759337 0.74320012 -0.12338797
vn -0.62454605 0.7715621 -0.12097159
vn -0.073768184 -0.052631192 0.99588567
vn -0.96812743 0.25035957 -0.0070220949
vn -0.97122478 0.23789199 0.011393017
vn -0.97123611 0.237846 0.011387001
vn 0.98959386 -0.14205046 -0.022927403
vn 0.94663209 0.32228073 0.0047805533
vn 0.50449306 -0.85414147 -0.12621081
vn 0.94282496 0.33321336 0.0070703672
vn 0.94665647 0.3221958 0.0056059225
vn -0.080681853 0.14737183 0.98578495
vn -0.10957692 0.15237541 0.98222941
vn -0.064713627 0.14638583 0.98710859
vn -0.07404694 0.1465667 0.98642552
vn -0.055587839 0.14761277 0.98748189
vn -0.058338635 0.14695553 0.98742121
vn -0.058357343 0.14695367 0.98742038
vn 0.053470835 0.11736423 0.99164838
vn -0.055082649 0.1477855 0.98748434
vn -0.054859478 0.14787282 0.98748368
vn -0.051149141 0.14955521 0.9874295
vn -0.051015448 0.1496294 0.98742515
vn -0.047256827 0.15199545 0.9872508
vn -0.063668564 0.1362251 0.98862988
vn -0.50506836 -0.85322833 -0.13002847
vn -0.50603634 -0.85311794 -0.12695274
vn -0.50605714 -0.85310543 -0.1269542
vn -0.076548159 0.10706229 0.99130118
vn -0.072478451 0.1317305 0.98863238
vn -0.07238172 0.13178448 0.98863226
vn -0.17527071 0.17359656 0.96909463
vn -0.10755742 0.079039782 0.99105203
vn -0.64057136 0.062035762 0.76538873
vn -0.9907487 -0.070780344 -0.11578905
vn -0.99052423 -0.074402764 -0.11543828
vn -0.16615377 0.077518806 0.9830482
vn -0.14360629 0.00046962514 0.98963481
vn -0.14357463 0.00046430263 0.9896394
vn 0.050293501 -0.014660594 0.99862689
vn -0.16607565 0.0774986 0.98306298
vn -0.16615359 0.077503696 0.98304939
vn 0.013782959 0.1467842 0.9890725
vn 0.026925663 0.16966543 0.98513383
vn -0.14355816 -0.015151384 0.98952591
vn 0.11151884 0.0089931963 0.9937216
vn 0.95067865 -0.29747668 -0.087850414
vn 0.9505434 -0.29791507 -0.087828442
vn -0.62294543 0.77063525 -0.13438857
vn -0.27104396 0.95834428 -0.090063326
vn -0.64568704 0.73686904 -0.20028049
vn 0.18057053 0.035876654 0.98290747
vn 0.18090013 0.043256916 0.98254973
vn -0.48959398 -0.86816329 0.081180029
vn 0.91697949 -0.39201492 -0.073978938
vn -0.17614163 0.96696168 -0.18428028
vn -0.27540532 0.95951748 -0.058975261
vn -0.092533901 -0.013954446 0.99561173
vn -0.14360349 -0.0062507829 0.98961556
vn -0.055400491 0.19221425 0.97978795
vn 0.94736052 -0.31841099 0.033504207
vn -0.99427056 -0.10638818 -0.010372126
vn -0.99024659 -0.13582546 -0.031034376
vn 0.099039175 0.99275118 -0.068090454
vn 0.1157822 0.99151075 -0.059168369
vn -0.50576943 -0.85275817 -0.13038702
vn -0.99047518 0.0050367606 -0.1375993
vn 0.18062741 0.025649933 0.98321706
vn -0.48928803 -0.8683719 0.080792397
vn -0.48984012 -0.86805212 0.080883563
vn 0.065985814 -0.15083824 0.98635375
vn -0.96812928 0.25035262 -0.0070230523
vn 0.94334066 0.33048022 0.029853765
vn 0.94335771 0.33043212 0.029846974
vn 0.94728881 0.31857067 0.03400917
vn -0.10183584 0.1472829 0.98383802
vn -0.10518207 0.14610837 0.98366106
vn 0.99630916 0.007537961 0.08550556
vn 0.99617064 0.0084171258 0.087023929
vn 0.10424409 0.14932087 0.98327839
vn 0.15552874 0.11259697 0.98139328
vn -0.99682903 0.007266372 0.07924027
vn -0.99639976 0.009535918 0.084241569
vn -0.35889676 0.93326932 -0.014193531
vn -0.34413114 0.93892151 0.00043779059
vn -0.98964405 -0.07158383 -0.12442008
vn -0.91659838 -0.39133674 -0.081871837
vn 0.0042690877 -0.17030637 0.9853819
vn -0.74742675 0.66033053 0.072916411
vn -0.97044557 0.24094824 -0.013391804
vn -0.0069819698 -0.1730713 0.98488456
vn 0.68186718 0.72879016 0.062626556
vn 0.69019061 0.72068119 0.065234616
vn -0.14619736 -0.0092097037 0.98921257
vn -0.1741913 0.96499407 -0.19607089
vn -0.25399989 0.94736218 -0.19490749
vn -0.006808708 -0.17312288 0.98487669
vn 0.69005609 0.72080809 0.065255314
vn 0.0042237076 -0.17032152 0.98537952
vn -0.74702305 0.66199356 0.061000749
vn -0.75074601 0.65687668 0.069952786
vn -0.75068158 0.6569491 0.06996461
vn -0.017285835 0.17876515 0.98373991
vn -0.91532356 -0.38465255 0.11926945
vn -0.88015527 -0.46781516 0.080471501
vn 0.18166931 0.015579911 0.98323625
vn -0.48802924 -0.86903465 0.081278875
vn -0.49020109 -0.86777633 0.08165247
vn 0.24682078 0.95622706 0.15719175
vn 0.15437573 -0.02107963 0.98778731
vn 0.15907837 -0.025304828 0.98694164
vn 0.15704405 -0.021320293 0.98736143
vn 0.15703267 -0.021296894 0.98736376
vn 0.15919127 -0.025480788 0.98691887
vn 0.15713686 -0.042001501 0.98668325
vn 0.16115865 -0.033851277 0.98634779
vn 0.15757069 -0.022912517 0.98724186
vn -0.18062666 0.010771293 0.98349273
vn 0.48858747 -0.86836737 0.084973074
vn 0.48805645 -0.86861467 0.08549542
vn -0.017338665 0.17883199 0.98372686
vn -0.91632634 -0.39465538 0.067773074
vn -0.87361252 -0.48561013 -0.031368788
vn 0.080398023 -0.09409532 0.99231154
vn 0.051824741 -0.1304902 0.99009418
vn -0.35611296 0.93443906 0.0026840395
vn -0.34240088 0.93949735 0.01031474
vn 0.052399728 -0.12963253 0.99017656
vn -0.22420241 -0.30342796 0.92610192
vn -0.067975573 -0.134645 0.9885596
vn -0.10183293 0.14728464 0.98383802
vn 0.99617046 0.0084215207 0.087025583
vn 0.08042331 -0.094078518 0.99231112
vn -0.0071742721 -0.17296728 0.98490143
vn 0.68271041 0.72543848 0.087438866
vn 0.6828056 0.72535074 0.087423362
vn 0.69083971 0.71744561 0.089511767
vn 0.18580575 -0.0014321997 0.98258543
vn -0.73407871 -0.66603333 0.13239343
vn -0.73739463 -0.66342032 0.12697493
vn -0.48841372 -0.86874056 0.08210928
vn 0.0040371823 -0.1704067 0.98536557
vn -0.74706894 0.6619426 0.060991824
vn 0.026531281 -0.18783402 0.9818424
vn 0.27717093 0.9546203 0.10897865
vn 0.28641996 0.95058388 0.11980792
vn -0.030407995 -0.1862662 0.98202866
vn -0.35724825 0.92760891 0.10915796
vn -0.75048441 0.65817857 0.059784114
vn 0.052383848 -0.12966222 0.99017352
vn 0.18903191 0.050068866 0.98069364
vn -0.74398041 0.66521835 0.06306912
vn -0.73781592 0.67038 0.078856699
vn 0.1079979 0.16188057 0.98088282
vn -0.99082392 -0.095977396 0.095164523
vn -0.9907583 -0.098210067 0.09355627
vn 0.28204811 0.95898473 -0.028234771
vn 0.175134 0.98347199 -0.045944411
vn 0.0099405376 0.19705211 0.98034263
vn 0.69066942 -0.71386272 0.11565376
vn 0.94815528 -0.31703982 0.022075597
vn -0.16564654 -0.022257272 0.98593402
vn -0.16563131 -0.022227518 0.98593724
vn -0.17200467 -0.04166688 0.98421454
vn -0.1627699 -0.021012073 0.9864403
vn -0.16706569 -0.02489231 0.98563147
vn -0.16451401 -0.022023235 0.98612887
vn -0.16797525 -0.025923006 0.98545033
vn -0.16811307 -0.02612848 0.98542136
vn -0.18243691 0.0025468771 0.98321426
vn 0.48676512 -0.86936194 0.085261829
vn 0.48611468 -0.8696636 0.085893743
vn -0.15573986 0.12514962 0.97983807
vn -0.91659755 -0.39134437 -0.081844449
vn 0.15860622 -0.060570519 0.98548228
vn 0.15701029 -0.06367743 0.98554194
vn 0.11691707 -0.090881243 0.98897475
vn 0.085538127 -0.10272748 0.99102485
vn -0.040538944 0.22463579 0.9735992
vn -0.011668616 0.18182218 0.98326218
vn -0.017012358 0.18092096 0.98335052
vn -0.87361717 -0.48560178 -0.03136842
vn -0.055469636 -0.12409629 0.99071854
vn -0.12528513 -0.15922628 0.97926027
vn 0.026603891 -0.18787329 0.98183292
vn 0.27759355 0.95310473 0.12055355
vn 0.28674987 0.94954562 0.12703376
vn 0.054553937 -0.12433667 0.99073923
vn 0.16656719 0.09820161 0.98112786
vn 0.16121931 0.10395656 0.98142821
vn 0.16655579 0.098216638 0.98112828
vn 0.16109066 0.10409211 0.981435
vn 0.17195813 0.090552516 0.98093355
vn 0.060327254 -0.15541287 0.98600578
vn 0.0031316103 -0.17362671 0.98480654
vn -0.19918314 0.97110474 0.13145952
vn -0.19470946 0.97150743 0.13513517
vn -0.087459654 0.16507067 0.9823963
vn 0.94306886 -0.30498058 0.13269521
vn 0.99611539 0.0078325355 0.087708205
vn 0.0099998312 0.19705991 0.98034042
vn 0.69048804 -0.71493381 0.10998158
vn 0.6957193 -0.71000242 0.10895506
vn -0.039471556 -0.16277426 0.98587346
vn -0.007629985 -0.17245314 0.98498815
vn -0.35728702 0.92757374 0.10932934
vn -0.35716453 0.9276194 0.10934217
vn 0.12417047 -0.10345647 0.98685282
vn 0.091079123 -0.11200302 0.98952508
vn 0.054522488 -0.12442846 0.99072945
vn 0.060413402 -0.15539083 0.98600399
vn -0.19473237 0.97150278 0.13513575
vn 0.15351766 0.12678663 0.97997832
vn 0.12782969 0.15271457 0.97996831
vn 0.15207446 0.11963318 0.98110205
vn 0.13692541 0.14204979 0.98034346
vn 0.14438482 0.13457805 0.98032737
vn 0.15348643 0.12681292 0.97997981
vn 0.15342045 0.126854 0.97998482
vn 0.16432217 0.11947872 0.97914404
vn 0.21351321 0.090980724 0.97269452
vn -0.039755784 0.18040578 0.9827885
vn -0.6279484 -0.7522738 0.19941151
vn -0.56469768 -0.80231744 0.19339913
vn 0.096348479 0.17598082 0.97966713
vn -0.91120046 -0.38647929 0.14264445
vn 0.21571356 -0.048870392 0.97523296
vn 0.19856432 0.010205593 0.98003471
vn -0.73408377 -0.66602761 0.13239442
vn -0.040012363 0.180419 0.98277569
vn -0.62807709 -0.75625014 0.18331645
vn -0.55833644 -0.82819027 0.048592709
vn -0.11323891 -0.13681351 0.98410314
vn -0.18462697 -0.23530759 0.95422387
vn 0.1273721 -0.10902269 0.98584503
vn 0.12737322 -0.10902198 0.98584497
vn 0.13647437 -0.094260581 0.98614889
vn -0.064798936 -0.15601809 0.9856264
vn 0.10497364 0.98393589 0.14439751
vn -0.35713223 0.92761761 0.10946304
vn 0.13834086 -0.12810849 0.98206419
vn 0.098227218 -0.15436302 0.98311925
vn 0.088875838 -0.15297738 0.98422509
vn -0.49218467 0.8566553 0.15458305
vn -0.49299681 0.85654509 0.15259321
vn -0.49663994 0.85440624 0.15277024
vn 0.088928849 -0.15297793 0.98422021
vn -0.49751884 0.85426462 0.15068817
vn -0.49692568 0.85482568 0.14945875
vn -0.19840072 0.96929741 0.14525746
vn -0.1849594 -0.00097151945 0.98274571
vn 0.54899287 -0.83009785 0.097695336
vn 0.54645777 -0.83182079 0.097252615
vn -0.18750241 -0.004266799 0.98225486
vn 0.65672612 -0.74320805 0.12787727
vn 0.66604382 -0.73685926 0.11586232
vn -0.16540851 -0.033612464 0.98565221
vn -0.16530697 -0.06024364 0.98440051
vn 0.16441616 0.12123764 0.97891206
vn 0.18268576 0.110916 0.97689486
vn 0.2733413 0.063575275 0.95981389
vn 0.12119729 0.089579254 0.98857814
vn -0.17437378 0.067881398 0.98233694
vn 0.64664066 0.7270413 0.23079593
vn 0.19676474 0.96200025 -0.18931232
vn -0.064755 -0.1560258 0.98562807
vn 0.10433074 0.98249751 0.1543171
vn 0.1125031 0.98153251 0.15471578
vn 0.096985333 0.17709084 0.97940427
vn 0.094945192 0.17806114 0.97942823
vn -0.90895432 -0.38990712 0.14756176
vn -0.91058767 -0.38620958 0.14721517
vn 0.16113065 0.10405831 0.98143202
vn 0.09799514 0.17660581 0.97939134
vn -0.90893251 -0.38990015 0.14771436
vn -0.91024959 -0.38463384 0.15330519
vn -0.17090392 0.10230186 0.97996235
vn -0.17619655 0.096095271 0.97965324
vn 0.15285933 0.11082051 0.98201466
vn 0.2158618 -0.031155063 0.97592676
vn 0.20823388 -0.0092423484 0.97803539
vn -0.95947915 -0.22659647 0.16749272
vn -0.73569566 -0.66342157 0.13646887
vn -0.1782079 0.093497097 0.97954082
vn -0.16218707 0.090081342 0.98263967
vn -0.080461092 -0.15451415 0.98470879
vn 0.40380287 0.90283936 0.1477305
vn 0.11190148 0.98020107 0.16335201
vn 0.20825103 -0.0092868079 0.97803134
vn -0.95896477 -0.22659723 0.17041218
vn -0.96124029 -0.21629305 0.17098078
vn 0.028971236 0.20191318 0.97897482
vn 0.034243405 0.20042558 0.9791103
vn 0.28761247 -0.94158024 0.17523064
vn 0.69538623 -0.71166956 0.099821717
vn -0.09245076 -0.11077053 0.98953664
vn -0.13475849 -0.15273474 0.97903639
vn 0.40875015 0.89970994 0.15311874
vn 0.4944827 0.85551363 0.15356836
vn 0.12309534 0.098747872 0.98746967
vn -0.15881236 0.08851745 0.98333275
vn -0.17045112 0.10278442 0.97999072
vn 0.15587714 -0.07207787 0.98514318
vn 0.15586202 -0.072101161 0.9851439
vn 0.15411022 -0.074823081 0.9852165
vn 0.1540792 -0.074886523 0.98521656
vn 0.15472342 -0.073107101 0.98524922
vn 0.15457511 -0.07356257 0.98523861
vn 0.15775596 -0.063654102 0.9854244
vn 0.1566615 -0.12846787 0.97926158
vn 0.23627084 0.08402127 0.9680478
vn -0.092501126 -0.11083254 0.98952496
vn -0.10284023 -0.15252103 0.98293501
vn -0.12389023 -0.13383438 0.98322916
vn 0.49440181 0.8555724 0.15350166
vn 0.055923071 -0.11628558 0.99164021
vn -0.1743505 0.067775704 0.98234838
vn 0.6826582 0.72629702 0.080439202
vn 0.58793497 0.8066501 0.060399286
vn 0.055922996 -0.11628602 0.99164015
vn -0.18170108 0.088242821 0.97938651
vn 0.034503855 0.20037125 0.97911227
vn 0.28794143 -0.94257742 0.16922639
vn 0.29509079 -0.94035971 0.16924837
vn -0.10621328 -0.10179413 0.98911917
vn -0.10558813 -0.101955 0.98916954
vn -0.10558364 -0.10195491 0.98917001
vn -0.10556101 -0.10195084 0.98917282
vn -0.045867354 -0.077460185 0.99593979
vn -0.056653239 -0.082351789 0.99499178
vn -0.061200228 -0.084708594 0.99452448
vn -0.068594329 -0.089396432 0.99363124
vn -0.078643598 -0.097172573 0.99215555
vn -0.078647584 -0.097176321 0.9921549
vn -0.092410371 -0.1107396 0.98954386
vn 0.034340415 0.20040356 0.97911143
vn 0.28754875 -0.94269091 0.16926171
vn -0.10597693 -0.10156623 0.98916793
vn -0.10559497 -0.10194623 0.98916966
vn 0.21240199 -0.016757986 0.97703868
vn -0.98044479 -0.073325858 0.18262361
vn -0.958399 -0.21653385 0.18596901
vn 0.21132854 -0.048546109 0.97620875
vn 0.22688173 -0.042563818 0.97299176
vn -0.97812998 -0.0051072156 0.2079318
vn -0.98284471 -0.0015089717 0.18442889
vn -0.98046112 -0.073075846 0.18263587
vn -0.18275307 0.0883701 0.97917926
vn -0.1618531 0.11881848 0.97963554
vn -0.030745178 0.22471285 0.9739399
vn 0.07755845 0.18995714 0.97872418
vn -0.61812419 -0.76929104 0.16159765
vn -0.62942678 -0.75782669 0.17181572
vn -0.18740048 -0.0042426004 0.98227441
vn 0.65925413 -0.74314803 0.11452078
vn 0.66654277 -0.7368055 0.11330646
vn -0.16451055 0.10797349 0.98044789
vn 0.91721052 -0.39195979 -0.071360707
vn 0.21880333 0.094005771 0.97123015
vn -0.040163063 0.18101384 0.98266011
vn -0.19278479 -0.96784884 0.16156316
vn -0.56274086 -0.81928682 0.10996276
vn -0.030922364 0.22480686 0.97391254
vn -0.021564724 0.2328608 0.97227097
vn -0.038312405 0.2247503 0.97366291
vn -0.047879223 0.22824688 0.97242528
vn -0.039996278 0.18021688 0.98281342
vn -0.56240863 -0.81950092 0.11006688
vn 0.074841246 0.1921383 0.9785099
vn 0.079282686 0.19196601 0.97819388
vn -0.61742443 -0.76743579 0.17271191
vn -0.62734318 -0.75270939 0.19967246
vn -0.23199433 0.00082848547 0.97271681
vn -0.23484762 -0.010060715 0.97198015
vn 0.92788994 -0.32494199 0.18284672
vn 0.92914617 -0.32263899 0.18053117
vn -0.14051823 0.18198639 0.9732089
vn -0.1091679 0.20695826 0.97224003
vn 0.94221795 -0.30572006 0.13696915
vn 0.94264257 -0.30420381 0.13742295
vn -0.047957636 0.2282411 0.97242278
vn -0.19624598 -0.94902027 0.24667385
vn -0.11332148 -0.98662013 0.11721318
vn -0.13674413 0.19089401 0.97203934
vn -0.13674042 0.19089948 0.97203881
vn -0.15574764 0.12515706 0.97983587
vn -0.052843768 0.25935173 0.96433616
vn -0.11378827 0.18593673 0.97595072
vn -0.12389518 -0.13383158 0.98322892
vn 0.49463505 0.8548432 0.15677764
vn 0.49463597 0.85484266 0.15677765
vn 0.49384078 0.85498685 0.15848906
vn 0.19416796 0.1013631 0.97571737
vn -0.90872848 0.39661634 0.13003096
vn -0.21900867 0.084717035 0.97203821
vn -0.22818027 0.058861632 0.971838
vn -0.22817907 0.058850307 0.97183895
vn -0.24685572 -0.010640006 0.96899384
vn 0.70012295 0.7125634 -0.045620728
vn 0.60472798 0.7945925 -0.054099929
vn -0.23482001 0.019480221 0.97184366
vn -0.23481499 0.019471312 0.97184503
vn -0.11054748 0.20677629 0.97212285
vn 0.71419877 -0.67851067 0.17188193
vn -0.16147804 -0.195805 0.96725655
vn -0.16455248 -0.063314855 0.98433417
vn -0.16093166 -0.074911363 0.98411852
vn -0.1624497 -0.071722351 0.98410672
vn -0.15815811 -0.078499049 0.98428851
vn 0.15036955 0.08322335 0.98512071
vn 0.14348227 0.11718 0.98269105
vn 0.057434984 0.2011825 0.9778685
vn -0.18792845 -0.96209204 0.19764055
vn 0.29450908 -0.94305444 0.15463723
vn 0.052405141 0.20084645 0.97822005
vn 0.056755953 0.19796324 0.97856492
vn -0.18783131 -0.96251798 0.19564913
vn -0.18097417 -0.96384776 0.19556534
vn -0.16681089 -0.063334748 0.98395264
vn -0.2319759 0.00087629678 0.97272116
vn 0.92914373 -0.32264635 0.18053061
vn -0.91715854 -0.39082739 -0.077936649
vn -0.91671503 -0.39142099 -0.080144458
vn 0.13833523 -0.12810992 0.98206478
vn -0.49189857 0.85642582 0.15675004
vn -0.49245951 0.85609806 0.15677945
vn 0.056860298 0.19792858 0.97856587
vn -0.18788312 -0.96412975 0.18749338
vn -0.18149538 -0.96629727 0.18256231
vn 0.056678362 0.19798349 0.97856534
vn -0.18887384 -0.96507639 0.18153298
vn -0.18155418 -0.96651322 0.1813568
vn -0.1815618 -0.96683037 0.17965069
vn -0.11067612 0.20666111 0.97213268
vn 0.7114588 -0.67285126 0.20272532
vn 0.68382657 -0.7000879 0.20556791
vn 0.035943847 -0.12327498 0.99172139
vn 0.056032743 -0.086003117 0.99471796
vn -0.047878049 0.22823955 0.97242707
vn -0.18931662 -0.97558266 0.11134516
vn -0.1119813 -0.9892087 0.09447962
vn -0.17344674 0.11747141 0.97781217
vn -0.17860676 0.11322959 0.97738361
vn -0.15716349 0.13985315 0.97761995
vn -0.150452 0.14882493 0.97735119
vn -0.232233 0.044190276 0.97165585
vn 0.8693909 0.48061913 0.11473747
vn 0.86834842 0.48236975 0.11528412
vn 0.81480485 0.5654363 0.12796429
vn -0.10274201 0.214462 0.9713136
vn -0.082096346 0.22081669 0.97185397
vn 0.35102206 -0.92728609 0.13009222
vn 0.68005389 -0.6926955 0.24020755
vn -0.081619218 0.22099124 0.97185451
vn 0.34838939 -0.91929835 0.18307213
vn 0.28327793 -0.94267625 0.17639469
vn -0.08573927 0.23022807 0.96935225
vn -0.06349209 0.2276891 0.97166169
vn 0.34507379 -0.91104531 0.22565582
vn 0.28297588 -0.94145107 0.18328799
vn 0.27592736 -0.92166895 0.27274609
vn 0.032361556 -0.13288607 0.99060285
vn -0.15406124 0.11544324 0.98129404
vn -0.15849967 0.085221007 0.98367435
vn -0.26116991 -0.047841892 0.96410656
vn 0.92918491 -0.3248744 0.17627251
vn 0.97588843 -0.0066339732 0.21816918
vn 0.98129332 -0.0027031491 0.19249964
vn 0.032384023 -0.13281485 0.99061167
vn 0.15777503 -0.026838254 0.98711032
vn -0.12390343 -0.13382982 0.98322809
vn 0.49415213 0.85437483 0.1608022
vn 0.49358034 0.85471183 0.16076741
vn 0.16917227 0.11226934 0.97917128
vn 0.18580209 0.073335201 0.97984672
vn -0.90872985 0.39660731 0.13004865
vn -0.22701907 0.090363957 0.96968895
vn -0.21885398 0.099440105 0.97067738
vn 0.90792638 0.39588851 0.13762978
vn 0.8765918 0.46429011 0.12657616
vn -0.054691903 0.15888618 0.98578089
vn 0.049906183 -0.13204293 0.9899869
vn 0.042310968 -0.13692264 0.98967773
vn 0.032334957 -0.13277143 0.99061912
vn 0.054243449 -0.12409534 0.99078655
vn 0.058316406 -0.10100939 0.99317485
vn 0.14931504 0.086178117 0.98502707
vn 0.09455321 0.14400142 0.9850499
vn 0.13828973 -0.12811027 0.98207116
vn -0.49146309 0.85602403 0.16027144
vn -0.49200654 0.85570318 0.16031733
vn 0.21597123 0.0019179602 0.97639787
vn 0.09353622 0.14819942 0.98452419
vn 0.91749758 -0.3915062 -0.070150301
vn 0.13834989 -0.12811205 0.9820624
vn -0.49099976 0.85565066 0.16364962
vn -0.49192804 0.85563487 0.16092166
vn -0.057633404 -0.11590812 0.99158645
vn -0.13522658 -0.15356202 0.97884244
vn -0.16894861 -0.13511555 0.97631973
vn 0.49372789 0.85390019 0.16458185
vn 0.49304199 0.85426015 0.16477005
vn -0.18294375 -0.12806073 0.97474718
vn 0.4889299 0.85665888 0.16456947
vn -0.15281075 0.11618169 0.9814024
vn 0.050749633 -0.10760099 0.99289805
vn -0.12314411 0.13209046 0.98355865
vn -0.059813101 -0.11017948 0.99211031
vn 0.19876382 -0.13869087 0.97018439
vn -0.54628813 0.82021004 0.16977854
vn 0.19998038 -0.12030753 0.9723857
vn 0.16427068 -0.13262686 0.9774586
vn -0.64132899 0.74392056 0.18782787
vn -0.67327726 0.72599334 0.14011204
vn 0.19541694 -0.088228203 0.97674358
vn -0.98358059 -0.006555099 0.18035051
vn -0.98358727 -0.0065638078 0.18031377
vn -0.93836272 0.30985057 0.15319297
vn -0.95969111 0.20471705 0.1925718
vn -0.96059656 0.20043156 0.19256546
vn 0.049312137 0.15591255 0.98653919
vn 0.19397491 -0.11332125 0.97443932
vn 0.19374965 -0.12215369 0.97341645
vn -0.67316097 0.72609788 0.1401291
vn 0.19540736 -0.08827807 0.97674096
vn -0.93127888 0.30644679 0.19700254
vn -0.91905761 0.34084868 0.197877
vn 0.1939531 -0.11388146 0.97437835
vn -0.64982122 0.74746776 0.13792868
vn -0.67366022 0.72594237 0.13852648
vn -0.91057056 0.33692783 0.2394596
vn -0.15464565 0.088079095 0.98403597
vn -0.15745112 0.085442036 0.98382354
vn -0.15961324 0.083329804 0.98365635
vn -0.07346832 0.15589483 0.98503768
vn 0.048359849 0.15442954 0.98681957
vn -0.19976994 -0.10419173 0.97428745
vn -0.20118819 -0.12220842 0.97189939
vn 0.73233569 0.65329248 0.1920767
vn 0.48896182 0.85611641 0.16727526
vn -0.90914875 0.39663225 0.12700939
vn -0.19976783 -0.10428208 0.97427821
vn 0.73396319 0.64999759 0.19698022
vn 0.73131698 0.65264386 0.19806938
vn -0.205796 -0.078739204 0.97542202
vn -0.22532524 -0.034587596 0.97366947
vn 0.98204654 -0.0082132583 0.18845992
vn 0.98205096 -0.0082189161 0.18843676
vn 0.97914511 0.062030684 0.19346084
vn -0.20336723 -0.084262162 0.97546995
vn 0.95652062 0.20251901 0.20989127
vn 0.957335 0.21415448 0.19402982
vn -0.19976969 -0.10424927 0.97428137
vn 0.73126817 0.65269983 0.19806524
vn -0.20331316 -0.08451876 0.97545904
vn 0.95965594 0.20390071 0.1936104
vn 0.95772934 0.21433496 0.19187239
vn 0.73289382 0.6494844 0.20257503
vn -0.056962404 0.1547401 0.98631173
vn 0.14559104 0.16884349 0.97483081
vn 0.7495057 -0.66199714 -0.0010136456
vn 0.90830082 0.39594179 0.13498057
vn 0.21596624 0.0019177224 0.97639894
vn 0.21597363 0.001921084 0.97639728
vn 0.25229755 0.038259517 0.96689302
vn 0.25229698 0.038260594 0.96689314
vn 0.25283265 0.032822005 0.96695316
vn 0.24661754 0.065870531 0.96687168
vn 0.24660324 0.06589178 0.96687388
vn 0.2376105 0.093539558 0.96684623
vn 0.23760752 0.093542986 0.96684659
vn 0.16917074 0.11226841 0.97917163
vn 0.21923678 0.13347781 0.96649826
vn -0.87570441 -0.47948194 -0.056910772
vn -0.85779291 -0.50817245 -0.077149533
vn 0.14559487 0.16884799 0.97482949
vn 0.14723486 0.20960467 0.96663737
vn 0.1472241 0.20960754 0.96663839
vn 0.14288129 0.21308184 0.96653044
vn 0.74949384 -0.66201061 -0.00098124205
vn 0.12108599 0.22594431 0.9665854
vn 0.12110825 0.22594106 0.96658337
vn -0.90949208 0.39619741 0.12590361
vn 0.093595572 0.23888464 0.96652675
vn 0.093581773 0.23888507 0.966528
vn 0.065329567 0.24832799 0.96647054
vn 0.065328114 0.24832787 0.96647066
vn 0.037068356 0.25430283 0.96641397
vn 0.037056286 0.25430065 0.96641505
vn -0.030922623 0.2248016 0.97391379
vn 0.037596412 0.25424919 0.96640772
vn -0.13826986 -0.049643159 0.98914963
vn 0.24327345 0.079564504 0.96668893
vn 0.22056042 0.11915591 0.96806765
vn -0.90959018 0.39610973 0.12547015
vn -0.90919179 0.39661863 0.12674388
vn -0.22701286 0.090375952 0.96968931
vn 0.90874791 0.39542764 0.13347006
vn -0.038319003 0.22474499 0.97366387
vn -0.11731082 0.22068268 0.96826512
vn -0.69951653 -0.70852625 0.093097642
vn -0.63188708 -0.77266854 0.06084444
vn 0.21578304 -0.042046648 0.97553563
vn -0.11734053 0.22066526 0.96826547
vn -0.69334167 -0.71934342 0.042689856
vn -0.61151737 -0.78958678 -0.050982103
vn 0.14219929 0.21345337 0.96654904
vn 0.36530778 -0.92408454 0.11232979
vn 0.7499795 -0.66136795 -0.011100903
vn 0.084036626 -0.16801903 0.9821952
vn 0.0028920318 -0.20455708 0.97885036
vn -0.0076601831 -0.16864413 0.98564726
vn 0.097095698 -0.20607679 0.97370672
vn -0.048451766 -0.20540777 0.97747636
vn -0.08136303 -0.20586966 0.97519112
vn -0.10186595 -0.19658716 0.97518039
vn 0.1422378 0.21343423 0.96654761
vn 0.36443356 -0.92503881 0.10719804
vn 0.37090001 -0.92263412 0.10573298
vn 0.30321068 -0.086221173 0.94901484
vn 0.25081763 -0.045623347 0.96695864
vn 0.304272 -0.021757724 0.95233667
vn -0.16866904 -0.07644745 0.98270369
vn -0.23482074 0.019479387 0.97184348
vn -0.2347212 -0.03502553 0.97143149
vn 0.16767396 0.14919214 0.97448814
vn 0.22584966 0.12844974 0.96565658
vn -0.94104964 0.30591187 0.14437303
vn -0.94282955 0.30173355 0.14152505
vn -0.16505046 0.19664936 0.96648198
vn -0.29735711 -0.93271172 0.2040285
vn -0.21811865 -0.95381868 0.20652889
vn -0.16495751 0.19669515 0.96648854
vn -0.29550228 -0.93610585 0.19074662
vn -0.19260195 -0.97940642 0.060560431
vn 0.17183001 0.20130637 0.96433926
vn -0.088839635 -0.97544485 0.20153122
vn 0.3694371 -0.92418492 0.096945584
vn 0.2204408 0.14733262 0.96420896
vn -0.97760874 -0.0039371937 0.21039413
vn -0.9778744 -0.0058041373 0.20911247
vn -0.17527628 0.1499555 0.97303218
vn -0.16570041 0.15746093 0.97352421
vn 0.17724454 0.19942167 0.96375066
vn 0.17215502 0.20523804 0.9634521
vn -0.0899048 -0.97643983 0.19616933
vn -0.082230121 -0.97734541 0.19502342
vn -0.22189283 0.14252128 0.96459901
vn 0.97763532 0.08926665 0.19042219
vn 0.90866345 0.39575693 0.13306822
vn 0.22041701 0.14745201 0.96419615
vn -0.97793311 -0.0041600387 0.20887674
vn -0.9783299 -0.0061035063 0.20696212
vn 0.2489299 -0.12448586 0.96048796
vn 0.17219727 0.20519637 0.96345347
vn -0.092235319 -0.97882026 0.18276621
vn -0.083416611 -0.97871542 0.18750399
vn 0.19292714 0.18720618 0.96318895
vn -0.53323084 -0.80835432 0.24945569
vn -0.16483018 0.19672777 0.96650362
vn 0.19043614 -0.9642548 0.18424661
vn -0.20159329 -0.97346824 0.10825781
vn 0.1931562 0.1870155 0.96318007
vn -0.52776814 -0.81258285 0.24732548
vn -0.52750885 -0.81275618 0.24730907
vn -0.5359903 -0.81114972 0.23398834
vn 0.21835692 0.17420965 0.96019334
vn -0.85784882 -0.4571217 0.23480873
vn 0.20571983 0.1727062 0.9632507
vn 0.21876961 0.15647672 0.96314842
vn -0.85369825 -0.46255141 0.23926021
vn -0.85817325 -0.45438188 0.23890544
vn 0.20868145 0.16903186 0.96326542
vn -0.85367179 -0.46255732 0.23934323
vn -0.85462272 -0.45437387 0.25132528
vn -0.25572869 -0.04450703 0.96572357
vn -0.23951641 -0.1238616 0.96295911
vn -0.25404274 -0.11706105 0.96008283
vn -0.18737568 0.19163065 0.96341479
vn 0.17128661 -0.94390535 0.28231817
vn 0.27272719 -0.94864017 0.1603175
vn 0.19641982 0.19234474 0.96146905
vn 0.20122416 0.1827984 0.96233755
vn -0.53588861 -0.8112191 0.23398075
vn -0.16597207 0.15963569 0.97312367
vn -0.5304063 -0.81533599 0.23215592
vn -0.18744323 0.19163035 0.96340173
vn 0.19624496 -0.96901977 0.14996183
vn 0.27679288 -0.95120901 0.13633454
vn -0.22510323 0.1544264 0.96201926
vn -0.21343887 0.1620269 0.96342677
vn 0.90976512 -0.34076256 0.23708296
vn 0.97658372 0.088294789 0.19618441
vn -0.21337937 0.16207628 0.96343166
vn 0.90297216 -0.33553928 0.26843008
vn 0.8866592 -0.37430614 0.27153331
vn -0.21977787 0.19417852 0.95602947
vn 0.59397846 -0.73371547 0.32992604
vn 0.6674307 -0.70384705 0.24317798
vn -0.20178489 0.17503217 0.9636631
vn -0.19326535 0.18954444 0.96266371
vn 0.61373198 -0.75172532 0.24133407
vn 0.67659819 -0.71142143 0.18998553
vn -0.20180589 0.175007 0.96366328
vn 0.6766203 -0.71139902 0.18999051
vn 0.877666 -0.36776376 0.30733076
vn -0.16974252 0.1673789 0.97117031
vn 0.1674796 0.14702576 0.97485077
vn 0.16212898 -0.19847371 0.96660352
vn 0.077049844 -0.19591589 0.97758901
vn -0.17519808 0.14892547 0.97320443
vn -0.17016535 0.16800533 0.97098815
vn -0.14448014 -0.19788188 0.96951962
vn -0.16722998 -0.18785061 0.96785653
vn -0.1795093 0.17016625 0.96892715
vn -0.18861356 0.15638582 0.96951967
vn -0.18741953 0.16204971 0.96882081
vn -0.17935891 0.17028897 0.96893346
vn 0.16730662 0.1470186 0.97488153
vn -0.014525391 0.30023333 0.9537552
vn -0.017702678 0.30021891 0.95370603
vn -0.17587323 0.14790384 0.97323847
vn -0.0010001173 -0.24689406 0.96904194
vn -0.0033944971 -0.24689403 0.96903652
vn -0.017697973 0.30016512 0.95372307
vn -0.017711774 0.30019721 0.9537127
vn -0.047006976 0.31965581 0.94636703
vn -0.086305529 0.31257808 0.94596314
vn -0.086309455 0.31257418 0.9459641
vn -0.13957863 0.29307193 0.94584703
vn -0.1395724 0.29308078 0.94584525
vn -0.18862864 0.26457283 0.94573802
vn -0.18863307 0.26456338 0.94573981
vn -0.23195018 0.22793655 0.9456448
vn -0.23194964 0.22793855 0.94564444
vn -0.26821619 0.18430145 0.94556493
vn -0.26821569 0.18430708 0.94556397
vn -0.014496971 0.30017966 0.95377249
vn -0.29630274 0.13501675 0.94550258
vn -0.29630154 0.13500346 0.94550484
vn -0.31535077 0.081571825 0.94546282
vn -0.31535152 0.081574641 0.94546235
vn -0.32456544 0.026987616 0.94547814
vn -0.32457992 0.026995992 0.94547296
vn -0.32446852 -0.037609454 0.94514853
vn 0.30322427 -0.086220533 0.94901055
vn 0.33579355 -0.078677371 0.93864399
vn 0.32552856 0.049265787 0.94424784
vn 0.32552895 0.049265176 0.94424778
vn 0.31819752 0.084834225 0.94422108
vn 0.31819183 0.084841385 0.94422239
vn 0.30660033 0.12043835 0.94418794
vn 0.30659592 0.12044268 0.94418883
vn 0.29013345 0.15637724 0.94412327
vn 0.29014748 0.15636709 0.94412065
vn 0.26838884 0.19158407 0.94406724
vn 0.2683796 0.19158907 0.94406885
vn 0.24428008 0.22146921 0.94407552
vn 0.24427879 0.22146983 0.9440757
vn 0.21944946 0.24630356 0.94402146
vn 0.21944962 0.2463035 0.9440214
vn 0.19023179 0.26988369 0.94391453
vn 0.19022501 0.26988488 0.94391555
vn 0.15658069 0.29092252 0.9438467
vn 0.15659499 0.29092163 0.94384462
vn 0.12115888 0.30759534 0.94377202
vn 0.1211587 0.30759534 0.94377208
vn 0.084792264 0.31974554 0.9437018
vn 0.0847781 0.31974331 0.94370383
vn 0.048372351 0.32743543 0.94363457
vn 0.0483713 0.32743517 0.94363469
vn 0.037831299 0.32851231 0.94374174
vn -0.014495386 0.30021182 0.95376241
vn 0.23173851 -0.19090827 0.95386124
vn 0.14014125 -0.18677843 0.97235501
vn 0.23483135 -0.11621989 0.96506327
vn 0.30428562 -0.021758031 0.95233232
vn -0.21979888 -0.19020301 0.95682353
vn -0.23704001 -0.18269618 0.95416671
vn -0.32456806 0.02698455 0.94547737
vn -0.3244566 -0.03760875 0.94515264
vn 0.30433568 -0.0074967025 0.95253533
vn 0.30427217 -0.021757236 0.95233661
vn 0.30430579 -0.021778096 0.9523254
vn 0.32350034 -0.033830155 0.9456231
vn 0.32114935 -0.121214 0.9392392
vn -0.32851753 -0.040083718 0.94364691
vn -0.31995437 -0.12086007 0.93969256
vn -0.32635802 -0.11787844 0.93786734
vn -0.0010754991 -0.25501615 0.96693617
vn -0.0033165677 -0.2550149 0.96693146
vn 0.0077464632 -0.24688455 0.96901393
vn -0.0010224136 -0.24872939 0.9685725
vn -0.01696741 -0.2468694 0.9689002
vn -0.0033308943 -0.25338307 0.96736026
vn 0.034309175 -0.25701061 0.96579939
vn 0.034288257 -0.25701308 0.96579945
vn 0.075841382 -0.24749467 0.9659164
vn -0.080442533 -0.24307884 0.96666521
vn -0.062067367 -0.25190794 0.9657588
vn -0.062076524 -0.25190681 0.9657585
vn -0.0051122732 0.37817994 0.92571801
vn -0.023458233 0.37808886 0.92547208
vn 0.1381678 -0.23882103 0.96118373
vn 0.1484191 -0.23555355 0.9604615
vn 0.084475763 -0.24976778 0.96461385
vn 0.084466644 -0.24976744 0.96461475
vn -0.060411751 -0.24223292 0.96833551
vn -0.14322561 -0.22993402 0.96260935
vn -0.12376763 -0.24102147 0.96259558
vn -0.12377398 -0.24101949 0.96259522
vn 0.31128663 -0.18725097 0.93168539
vn 0.21521801 -0.1816321 0.95952642
vn 0.3148852 -0.11736706 0.94184518
vn -0.3111876 -0.18697077 0.93177474
vn -0.31661421 -0.18461367 0.93041563
vn 0.30436945 -0.0074950932 0.9525246
vn 0.30437484 -0.0074947309 0.95252287
vn 0.41040352 0.062016871 0.90979278
vn 0.41040736 0.062011529 0.90979141
vn 0.4133482 0.032237206 0.91000223
vn 0.40117151 0.10679318 0.90975636
vn 0.40117174 0.10679293 0.9097563
vn 0.38657516 0.15161534 0.90971011
vn 0.38657323 0.15161698 0.90971065
vn 0.36584058 0.19684978 0.90962124
vn 0.36584514 0.19684701 0.90962005
vn 0.33845982 0.24116729 0.90955114
vn 0.33845657 0.24116874 0.90955198
vn 0.308126 0.2788015 0.90957576
vn 0.30812618 0.27880144 0.90957576
vn 0.27687252 0.31006849 0.90950489
vn 0.27686116 0.31007159 0.90950727
vn 0.24008326 0.33973983 0.90936071
vn 0.24009101 0.33973905 0.90935892
vn 0.19772518 0.36623165 0.90927398
vn 0.19771898 0.36623156 0.90927535
vn -0.023460921 0.37811968 0.92545938
vn -0.023456469 0.37807968 0.92547584
vn -0.054440644 0.41490561 0.9082343
vn -0.11103398 0.40467697 0.9076938
vn -0.11103751 0.40467224 0.90769547
vn 0.1531308 0.38720873 0.90918666
vn 0.15314291 0.38721025 0.90918398
vn 0.10735073 0.40251267 0.90909809
vn 0.10733984 0.40251014 0.90910053
vn -0.1800119 0.37942007 0.90754402
vn -0.18000998 0.37942389 0.90754282
vn 0.15060616 -0.24215037 0.95847845
vn 0.22644828 -0.22619571 0.94739467
vn 0.21228297 -0.23686674 0.94806647
vn 0.15059783 -0.24214993 0.95847988
vn 0.061506957 0.41220704 0.90901166
vn 0.061497524 0.41220382 0.90901381
vn -0.24351119 0.34252146 0.90740365
vn -0.24351054 0.3425236 0.90740299
vn -0.0051140427 0.3781707 0.92572176
vn -0.0051120636 0.37821066 0.92570543
vn 0.043153033 0.41410974 0.90920347
vn -0.29959983 0.29509756 0.90728021
vn -0.29959983 0.29509747 0.90728021
vn -0.34655049 0.23860514 0.90717715
vn -0.34655058 0.23860687 0.90717661
vn 0.30192387 -0.1268677 0.94485265
vn 0.36572295 -0.061041437 0.92871988
vn 0.40866852 -0.039753016 0.91181672
vn -0.38291231 0.17479545 0.90709686
vn -0.38291293 0.17479812 0.90709609
vn -0.40757945 0.10560955 0.90704221
vn -0.40757906 0.10560866 0.9070425
vn -0.41951811 0.034937859 0.90707439
vn -0.4195219 0.034938388 0.9070726
vn -0.41936767 -0.044214103 0.90673912
vn -0.21828225 -0.21879092 0.95104331
vn -0.25887838 -0.18451001 0.94812346
vn -0.25909707 -0.1843432 0.94809616
vn -0.19752954 -0.22988924 0.95296013
vn -0.12010624 -0.22859325 0.96608466
vn -0.41951242 0.034944016 0.90707678
vn -0.41935831 -0.044213459 0.90674353
vn 0.40590975 -0.12365836 0.90550864
vn 0.45109037 -0.03330256 0.89185673
vn 0.45131162 0.011357954 0.89229411
vn -0.41407558 -0.040710866 0.90933162
vn -0.41703331 -0.12410757 0.90037799
vn -0.41113028 -0.1269152 0.9026984
vn 0.38686183 -0.19881184 0.90045089
vn 0.448852 -0.17604814 0.87609297
vn 0.40663084 -0.1980496 0.89186752
vn 0.42038924 -0.19186763 0.88682562
vn 0.30601886 -0.1841279 0.93404996
vn 0.41130328 -0.12717213 0.90258342
vn 0.30315647 -0.22618042 0.92570978
vn 0.31371716 -0.22198881 0.92320234
vn 0.23217711 -0.23922068 0.94279754
vn 0.23224314 -0.23922485 0.94278026
vn -0.27856499 -0.22252439 0.93428284
vn -0.30938321 -0.21370523 0.92661327
vn -0.32993725 -0.17025812 0.92852223
vn -0.27857077 -0.22252233 0.93428159
vn -0.41323063 -0.1843798 0.89176488
vn -0.40036759 -0.19046935 0.89634103
vn -0.41651669 -0.18238136 0.89064634
vn 0.0019919658 0.46216816 0.88679004
vn -0.032578509 0.46194413 0.88631046
vn -0.019305401 -0.28791523 0.9574613
vn 0.0087389136 -0.28795791 0.95760322
vn 0.0085466933 -0.28792495 0.95761484
vn 0.036817014 -0.2808373 0.95904899
vn -0.067252472 -0.28144857 0.95721668
vn -0.0085740937 -0.28386909 0.95882469
vn 0.03679559 -0.28083664 0.95905
vn -0.067262039 -0.28144878 0.95721596
vn 0.089892775 -0.27440581 0.95740312
vn 0.061871298 -0.28346226 0.95698541
vn -0.066931903 -0.27934235 0.95785594
vn -0.061974049 -0.28005728 0.95798075
vn -0.1327381 -0.27172542 0.95317674
vn 0.089883313 -0.27440727 0.9574036
vn 0.16132271 -0.27436411 0.94799751
vn 0.16129883 -0.27436319 0.94800186
vn -0.13273115 -0.27172509 0.95317781
vn -0.15942457 -0.27615458 0.94779873
vn -0.13541944 -0.28104508 0.9500922
vn -0.2120512 -0.26621667 0.94029939
vn 0.16110323 -0.27374589 0.94821352
vn 0.15951848 -0.27407956 0.94838506
vn 0.24383187 -0.26543143 0.9327873
vn -0.30368188 -0.27136901 0.91331053
vn -0.30335766 -0.27123058 0.91345942
vn -0.30298236 -0.27133784 0.91355211
vn 0.45131141 0.011361538 0.89229417
vn 0.4514142 0.011350394 0.89224237
vn 0.51180083 -0.041017786 0.85812438
vn 0.51095921 -0.072126545 0.8565737
vn 0.24375993 -0.26542696 0.93280739
vn -0.32029527 -0.30527583 0.8967818
vn -0.31738526 -0.26753041 0.90977693
vn 0.30310091 -0.26963535 0.91401672
vn 0.25143403 -0.28279248 0.92563999
vn 0.45119286 -0.033303544 0.89180487
vn 0.4510901 -0.033308432 0.89185667
vn 0.51610643 0.050827835 0.85501504
vn 0.51335329 0.077474006 0.85467315
vn 0.51335365 0.077473551 0.85467297
vn 0.50181383 0.13341881 0.85462409
vn 0.50181282 0.13341977 0.85462451
vn 0.4835695 0.18942083 0.85456437
vn 0.48357227 0.18941878 0.8545633
vn 0.45766482 0.24591237 0.85444134
vn 0.4576593 0.24591526 0.85444349
vn 0.42344499 0.30128318 0.85435522
vn 0.42344213 0.30128422 0.85435623
vn 0.38556194 0.34832719 0.8544063
vn 0.38557562 0.34832275 0.85440195
vn 0.34652194 0.38738322 0.85431653
vn 0.34651431 0.38738483 0.85431892
vn 0.30055737 0.4244298 0.8541221
vn 0.30055758 0.42442977 0.85412204
vn 0.24763294 0.45752844 0.85401738
vn 0.24762756 0.45752802 0.85401917
vn 0.47230026 -0.16428517 0.86599243
vn 0.51132774 -0.12463534 0.85029989
vn 0.51365334 -0.075729087 0.85464925
vn 0.53007793 -0.13614188 0.83694845
vn 0.19192883 0.48373997 0.85390806
vn 0.19193859 0.48374182 0.85390478
vn 0.13473059 0.50286353 0.85380089
vn 0.13472052 0.50286049 0.85380423
vn 0.07745409 0.51496905 0.85370237
vn 0.077447288 0.51496625 0.85370469
vn 0.07914532 0.55183959 0.83018619
vn 0.0019871867 0.46215326 0.88679785
vn 0.0019935768 0.46220052 0.88677317
vn 0.01194291 0.52123427 0.85333008
vn 0.33851439 -0.26696956 0.90229446
vn -0.032579798 0.46197677 0.88629341
vn -0.41958281 0.034945533 0.90704417
vn -0.41948414 -0.041120041 0.90683085
vn 0.33012006 -0.25167421 0.90976965
vn 0.32856894 -0.2685115 0.90550762
vn 0.32744166 -0.24680433 0.91206884
vn -0.032575663 0.46192923 0.88631833
vn -0.060689565 0.52028722 0.85183215
vn -0.13828723 0.50625598 0.85122353
vn -0.13828363 0.50626224 0.85122043
vn -0.32029694 -0.30526036 0.89678645
vn -0.2245688 0.4746727 0.85103154
vn -0.22457325 0.47466034 0.85103726
vn -0.51951551 -0.07599207 0.85107511
vn -0.49985754 -0.049838897 0.86467248
vn -0.50811034 -0.1344727 0.8507297
vn -0.51714778 -0.12504371 0.84671259
vn -0.30401599 0.42849392 0.85086262
vn -0.30401471 0.4285014 0.85085934
vn -0.37418336 0.36917058 0.8507055
vn -0.37418339 0.36917379 0.85070413
vn -0.43291509 0.29850638 0.85057539
vn -0.43291357 0.298498 0.85057908
vn -0.47840399 0.21866669 0.85047901
vn -0.47840568 0.21867123 0.85047686
vn -0.50926346 0.13211685 0.85040927
vn -0.50926471 0.13211897 0.8504082
vn -0.52421331 0.043712568 0.85046434
vn -0.52421921 0.043715458 0.85046059
vn -0.52484453 0.044492457 0.85003448
vn -0.52457744 -0.022886232 0.85105509
vn 0.41595912 -0.24175783 0.8766591
vn 0.32740855 -0.24680191 0.91208136
vn 0.41594583 -0.24177183 0.87666154
vn -0.38408557 -0.14067882 0.91251725
vn -0.38408619 -0.14066799 0.91251868
vn -0.35990429 -0.2172595 0.90734076
vn -0.35990781 -0.2172561 0.90734017
vn -0.36287087 -0.22195657 0.90501934
vn 0.3300958 -0.25168714 0.9097749
vn -0.36286458 -0.22195953 0.90502113
vn 0.4026863 -0.22201085 0.88800615
vn 0.52567011 -0.19234408 0.82865834
vn 0.52571881 -0.19232748 0.82863134
vn 0.52571225 -0.19233195 0.82863444
vn 0.47487041 -0.20714356 0.85533011
vn 0.47487456 -0.20714386 0.85532779
vn 0.52557749 -0.19261833 0.8286534
vn -0.39036492 -0.26636496 0.88128597
vn -0.43254504 -0.22686478 0.87260365
vn 0.40266222 -0.22200917 0.88801748
vn -0.53643382 -0.1307202 0.83375716
vn -0.53357255 -0.17005351 0.82848185
vn -0.53044367 -0.16104932 0.83228159
vn -0.4951995 -0.18794847 0.84820563
vn -0.4951812 -0.18795978 0.84821385
vn -0.49518684 -0.18795818 0.84821087
vn -0.41852856 -0.18484025 0.88919508
vn -0.044107534 0.55312771 0.83192801
vn -0.45209229 -0.22938699 0.86197108
vn -0.45208296 -0.22939093 0.86197495
vn 0.41525295 -0.24071291 0.87728119
vn 0.43179545 -0.23405239 0.87107527
vn 0.4272016 -0.27561688 0.86112374
vn -0.42699397 -0.27766198 0.86056954
vn -0.43946508 -0.27629608 0.854711
vn 0.62012595 -0.018940283 0.78427356
vn 0.6202364 0.0016486337 0.78441322
vn 0.4956502 -0.23254687 0.83681113
vn -0.52538657 -0.234414 0.81793582
vn -0.47403643 -0.25936612 0.84143847
vn 0.49565056 -0.23254688 0.83681089
vn 0.50523293 -0.24443848 0.82764089
vn 0.52508765 -0.23647945 0.81753314
vn -0.47413066 -0.25933319 0.8413955
vn -0.50939482 -0.20357339 0.8361069
vn -0.52935332 -0.24213511 0.81311482
vn -0.0085437167 -0.2879554 0.95760572
vn 0.0085464688 -0.2879554 0.95760566
vn 0.061688941 -0.29024422 0.95496219
vn 0.10101759 -0.28605998 0.95287204
vn 0.024815669 -0.2924754 0.95595098
vn 0.0107409 -0.29196182 0.95636964
vn -0.027287615 -0.29316181 0.95567334
vn -0.0085184975 -0.28790933 0.95761979
vn -0.061685201 -0.29084402 0.95477992
vn -0.10735646 -0.28433174 0.9526962
vn -0.02728343 -0.29316166 0.95567352
vn 0.64749247 -0.07706441 0.75816524
vn 0.62026662 0.0016463645 0.78438932
vn 0.64582175 -0.0011849361 0.76348728
vn 0.64651799 -0.085979566 0.75803828
vn 0.64749283 -0.077056974 0.75816572
vn 0.57340956 -0.24006842 0.78330624
vn -0.50939417 -0.20358048 0.83610559
vn 0.5300464 -0.24218498 0.8126483
vn 0.53461623 -0.20105903 0.82082933
vn 0.65686667 0.065328784 0.75117129
vn 0.65686679 0.065327443 0.75117129
vn 0.64064407 0.096584499 0.76173919
vn 0.63480186 -0.018234968 0.77245975
vn 0.62015617 -0.018940331 0.78424966
vn 0.62573123 0.16618988 0.76212949
vn 0.64494103 0.13958071 0.75137758
vn 0.64494294 0.13961352 0.75136989
vn 0.6449405 0.13958311 0.75137758
vn 0.6243391 0.21253291 0.75168508
vn 0.62437445 0.21242611 0.75168592
vn 0.60234594 0.23568784 0.76264709
vn 0.6243794 0.21241012 0.75168633
vn 0.56838197 0.3050558 0.76412231
vn 0.59535336 0.28284863 0.75203127
vn 0.59535682 0.2828463 0.75202942
vn 0.59535861 0.28284243 0.75202948
vn 0.52494818 0.37304646 0.76502663
vn 0.55832165 0.34994242 0.75220823
vn 0.55831373 0.34995523 0.75220817
vn 0.63934195 -0.075295813 0.76522702
vn 0.63934392 -0.07530418 0.76522458
vn 0.63309366 -0.13440213 0.76231784
vn 0.64457917 -0.12070765 0.75494862
vn 0.64457786 -0.12072623 0.75494671
vn 0.51311129 0.41245982 0.75272417
vn 0.51311553 0.41245455 0.75272417
vn 0.47919619 0.4323287 0.76384741
vn 0.51311731 0.41244403 0.75272876
vn 0.48429 0.44525361 0.75313509
vn 0.42461559 0.47401518 0.7713697
vn 0.46041629 0.46939924 0.75344622
vn 0.46026748 0.46954709 0.75344503
vn 0.37196282 0.52436978 0.76595038
vn 0.39239785 0.5259245 0.7546041
vn 0.40060106 0.51945925 0.75477207
vn 0.400572 0.51946986 0.75478017
vn 0.30607668 0.56434667 0.76670069
vn 0.33526921 0.56283855 0.7555179
vn 0.33526474 0.5628413 0.75551784
vn 0.2368122 0.59529859 0.76781482
vn 0.26680896 0.59639221 0.75705302
vn 0.26677969 0.59641129 0.75704837
vn 0.26680022 0.59639627 0.7570529
vn 0.19503197 0.62349921 0.75710714
vn 0.19499967 0.6235078 0.75710839
vn 0.16627932 0.61831266 0.76814103
vn 0.19501545 0.62350464 0.75710696
vn 0.095883273 0.63339365 0.76786643
vn 0.11703359 0.64088482 0.75866318
vn 0.1170416 0.64088041 0.75866568
vn 0.117025 0.64088374 0.75866544
vn 0.013552567 0.55357379 0.83268982
vn 0.047749821 0.64655477 0.76137173
vn 0.038594287 0.64734322 0.76122087
vn -0.63211572 -0.057907745 0.77270716
vn -0.62072498 -0.083916843 0.77952451
vn -0.61141032 -0.096769698 0.78537446
vn -0.63210833 -0.058126263 0.77269685
vn -0.52522665 -0.022933582 0.85065329
vn -0.6321106 -0.05811432 0.7726959
vn -0.62433469 -0.031000633 0.7805416
vn -0.13640696 0.63039768 0.76419365
vn -0.13644278 0.63039076 0.76419294
vn -0.16434246 0.60352516 0.78022367
vn -0.13648242 0.63039213 0.76418471
vn -0.051128462 0.63363165 0.77194351
vn -0.20774375 0.61063623 0.76417667
vn -0.2689819 0.56968111 0.77660292
vn -0.20773953 0.61063451 0.76417917
vn -0.20775238 0.61063313 0.76417673
vn -0.061785601 0.62130046 0.7811327
vn -0.28418022 0.53101611 0.79828787
vn -0.34110638 0.54421955 0.76646692
vn -0.34111598 0.54421383 0.76646668
vn -0.35959277 0.50752181 0.78301638
vn -0.27090928 0.57022601 0.77553236
vn -0.27089724 0.57022768 0.77553535
vn -0.40210214 0.50024796 0.76685452
vn -0.44726458 0.43870166 0.77941984
vn -0.44649845 0.44103158 0.77854371
vn -0.40206525 0.50025266 0.7668708
vn -0.40210924 0.50024205 0.76685464
vn 0.61986935 0.034255221 0.783957
vn 0.61989599 -0.032977682 0.78399068
vn -0.50621372 0.39035818 0.76900464
vn -0.50621295 0.39036101 0.76900375
vn -0.50974923 0.35181355 0.78510058
vn -0.44891742 0.44032025 0.77755463
vn -0.50620782 0.39036551 0.76900482
vn 0.10061921 -0.29780388 0.94930953
vn 0.10065306 -0.29780355 0.94930607
vn 0.15838681 -0.29425287 0.94251198
vn 0.10061228 -0.29780346 0.94931042
vn -0.10686992 -0.29796565 0.94857538
vn -0.10687383 -0.29796588 0.9485749
vn -0.1580295 -0.30066693 0.94054562
vn -0.20749815 -0.28979912 0.93432379
vn -0.10691588 -0.29796362 0.94857085
vn -0.56772214 0.25396255 0.78306741
vn -0.56771874 0.25398186 0.78306365
vn -0.57014561 0.26083583 0.779037
vn -0.54995197 0.32759276 0.76826805
vn -0.54995406 0.32758924 0.76826811
vn -0.59811628 0.15528949 0.78622013
vn -0.60822254 0.19022337 0.77063638
vn -0.6082179 0.19022408 0.7706399
vn -0.60822564 0.19020121 0.77063942
vn -0.61916286 0.051673591 0.78356057
vn -0.62915355 0.11489075 0.7687431
vn -0.62915415 0.11488535 0.7687434
vn -0.62915343 0.11488928 0.7687434
vn -0.63745999 0.030404612 0.76988333
vn -0.63774574 -0.0053478871 0.77022839
vn 0.51882595 -0.2839649 0.80633962
vn 0.43912685 -0.27865124 0.85412008
vn -0.54417318 -0.28518525 0.78901511
vn -0.51822209 -0.2884385 0.80513918
vn -0.62487918 -0.10103063 0.77415687
vn -0.60824394 -0.13256176 0.78260249
vn -0.62487823 -0.10104719 0.7741555
vn 0.53460413 -0.20105796 0.82083744
vn -0.5696857 -0.27244708 0.77539074
vn -0.59768808 -0.21043675 0.77361834
vn 0.60114545 -0.18828663 0.77664173
vn 0.62301064 -0.18353863 0.76037574
vn 0.62303483 -0.18353061 0.76035786
vn 0.62303263 -0.18353298 0.76035911
vn 0.63190168 -0.13080604 0.76393062
vn 0.63190043 -0.13082384 0.76392865
vn 0.68229228 -0.18107115 0.70830113
vn -0.59907204 -0.22254482 0.76914656
vn 0.59300452 -0.24655066 0.76652354
vn 0.59389472 -0.24009819 0.76788145
vn -0.5910874 -0.2601769 0.76349437
vn -0.62382168 -0.2482086 0.74110663
vn 0.024854029 -0.28783083 0.95735872
vn -0.60871363 -0.13338681 0.78209698
vn -0.60871428 -0.13337803 0.78209794
vn -0.5943836 -0.16464233 0.7871474
vn -0.59438145 -0.16464444 0.78714859
vn -0.56373662 -0.17270195 0.80769736
vn 0.039003801 0.65397137 0.75551319
vn -0.013848058 0.65445137 0.75597727
vn 0.63792235 -0.21921934 0.73823977
vn 0.67339033 -0.25030795 0.69562298
vn 0.67337942 -0.2503075 0.69563377
vn 0.20247023 -0.30439189 0.93077999
vn 0.31752199 -0.30105904 0.89919031
vn 0.20248267 -0.30439156 0.93077737
vn 0.20282277 -0.30441749 0.93069488
vn 0.29987139 -0.3036887 0.90435076
vn -0.31969765 -0.3006103 0.89856935
vn -0.29985791 -0.30414596 0.90420157
vn -0.20649041 -0.30466434 0.92980713
vn -0.20650515 -0.30466494 0.92980367
vn 0.63791329 -0.21922177 0.73824692
vn -0.49058589 -0.12697834 0.8620916
vn -0.49934304 -0.10177676 0.86040574
vn -0.49933422 -0.10192339 0.86039346
vn -0.59905976 -0.22254705 0.7691555
vn -0.66805494 -0.216832 0.71181911
vn 0.63792926 -0.21922064 0.73823345
vn -0.66816998 -0.21682249 0.71171409
vn 0.67739785 -0.22002822 0.70194
vn 0.67156023 -0.21599518 0.70876861
vn 0.67506295 -0.23042539 0.70085245
vn 0.69252634 -0.22089753 0.6867398
vn -0.6679948 -0.21681115 0.71188194
vn -0.66796738 -0.21669482 0.71194309
vn 0.67155975 -0.2159986 0.70876801
vn -0.66796798 -0.21669029 0.71194386
vn 0.62158775 -0.26261601 0.73801184
vn 0.61624676 -0.29456097 0.73039287
vn 0.54331285 -0.29036745 0.78771687
vn -0.61510569 -0.30120444 0.72864318
vn -0.6508075 -0.29571384 0.69928741
vn -0.68722129 -0.17319842 0.70549929
vn 0.7077893 -0.17032643 0.6855824
vn 0.70778477 -0.17033142 0.6855858
vn -0.68721533 -0.17320494 0.70550346
vn 0.73917341 -0.15769273 0.65479434
vn 0.68515074 -0.26653376 0.67788512
vn -0.69098842 -0.23173539 0.68471432
vn -0.68212432 -0.28316653 0.67418331
vn -0.71872634 -0.26785588 0.64162737
vn -0.78022921 -0.15334094 0.60640657
vn 0.7451008 -0.16012555 0.64744467
vn 0.74124932 -0.15756883 0.65247333
vn -0.73002672 -0.15680775 0.66518593
vn -0.65756971 -0.11156555 0.74508739
vn 0.31694642 -0.30651566 0.89754838
vn 0.31696549 -0.30651745 0.89754105
vn 0.43648019 -0.3099277 0.84464777
vn 0.43497297 -0.31003147 0.84538692
vn -0.16638996 -0.28318197 0.94452232
vn -0.43561363 -0.30577216 0.84660745
vn -0.42373869 -0.30855304 0.85161054
vn 0.66623336 -0.081110135 0.7413193
vn 0.66623288 -0.081118584 0.74131876
vn -0.65756816 -0.11158651 0.7450856
vn -0.77950639 -0.082342893 0.62095851
vn 0.75021362 -0.099893145 0.65360606
vn 0.75830579 -0.087826721 0.64595568
vn -0.78134614 -0.082465507 0.61862564
vn -0.7930941 -0.084687844 0.60318303
vn -0.77409214 -0.059745502 0.63024747
vn -0.7587927 -0.080909103 0.64628738
vn 0.75020969 -0.099898294 0.65360975
vn 0.76662922 -0.043177098 0.64063668
vn 0.76662499 -0.043176312 0.64064181
vn 0.78087163 -0.061260961 0.62168044
vn 0.53462344 0.54506886 -0.64581555
vn 0.53743613 0.69694769 0.47479087
vn 0.76680714 0.037430394 0.64078534
vn -0.755799 -0.010315483 0.65472245
vn -0.75578237 -0.01028942 0.654742
vn 0.75205028 -0.15828124 0.63981831
vn -0.75073373 -0.16982812 0.63840216
vn -0.77097028 -0.15946363 0.61658424
vn 0.044928849 0.75335234 0.65608048
vn -0.015954865 0.75401789 0.65666008
vn -0.015957344 0.75402558 0.6566512
vn -0.076981939 0.77411103 0.62835175
vn -0.15959078 0.73712629 0.6566397
vn -0.059295803 0.75339609 0.65488797
vn -0.15950471 0.73714274 0.65664208
vn -0.15954553 0.73714143 0.65663362
vn 0.053670343 0.90021437 0.43212682
vn 0.063199893 0.8431322 0.53397924
vn 0.11208294 0.61377466 0.78148454
vn 0.11207514 0.61377597 0.7814846
vn 0.11210337 0.61384022 0.78143013
vn 0.21153235 0.88109916 0.42298734
vn 0.18339674 0.58640766 0.78898144
vn -0.23955058 0.70414066 0.66843206
vn -0.18017054 0.75047261 0.63586909
vn -0.23956436 0.70413607 0.66843194
vn 0.18342666 0.58639812 0.78898156
vn 0.18340984 0.58639294 0.78898931
vn -0.23955326 0.70413619 0.66843581
vn -0.34423065 0.72455722 0.59709471
vn -0.31995592 0.67349422 0.66635853
vn -0.28568143 0.68968707 0.66537046
vn -0.40911591 0.65272564 0.63763112
vn -0.40913096 0.65272439 0.63762271
vn -0.47042003 0.58530021 0.66040033
vn -0.39712727 0.64805883 0.64985359
vn -0.470458 0.585271 0.6603992
vn -0.47044507 0.58527213 0.66040742
vn -0.53030896 0.52015615 0.66948491
vn -0.50205052 0.58782166 0.6343587
vn -0.53031051 0.5201546 0.66948491
vn -0.63407493 0.48897102 0.59904623
vn -0.59008843 0.45503676 0.66688615
vn -0.58386976 0.4986738 0.64064074
vn -0.59008652 0.45503929 0.66688615
vn -0.66259128 0.3946892 0.63654792
vn -0.64935583 0.39792573 0.64806795
vn -0.65065777 0.38757509 0.65301615
vn -0.68682563 0.3072418 0.65869039
vn -0.68681574 0.3072626 0.65869099
vn -0.7083689 0.22154696 0.67017198
vn -0.71427101 0.29586145 0.63425773
vn -0.70837015 0.22152624 0.67017746
vn 0.28374949 0.63425905 0.71916735
vn 0.33789828 0.81575763 0.46942967
vn 0.28375116 0.63428783 0.7191413
vn 0.28372729 0.63429922 0.71914065
vn 0.37705979 0.63300675 0.67611271
vn 0.42160451 0.68799317 0.59069031
vn 0.44159004 0.74132633 0.50540429
vn 0.38871357 0.50409156 0.77122855
vn 0.38873705 0.50407398 0.77122819
vn -0.70836478 0.22154315 0.67017758
vn -0.79159451 0.14455253 0.59370255
vn -0.73141426 0.13355833 0.66872668
vn -0.72739571 0.17463177 0.66362584
vn -0.73141319 0.13356455 0.66872662
vn -0.77758634 0.03877027 0.62757981
vn 0.38865313 0.50400579 0.77131504
vn 0.58754879 0.68793195 0.42607045
vn 0.43353173 0.44200206 0.78529257
vn 0.43339729 0.44213516 0.78529185
vn 0.43354163 0.44200024 0.78528816
vn 0.53165609 0.42735785 0.7312367
vn 0.67088634 0.57299405 0.47073275
vn 0.53167498 0.42738208 0.73120874
vn 0.53168511 0.42736885 0.73120916
vn 0.6380769 0.39993468 0.6579591
vn 0.68346584 0.41882607 0.59787887
vn 0.72457361 0.45416814 0.51838636
vn 0.57835674 0.2747736 0.76811647
vn 0.57836008 0.27476677 0.76811641
vn 0.5783453 0.27476433 0.76812845
vn 0.8370024 0.34669876 0.42335206
vn 0.59297448 0.20174313 0.77953893
vn 0.59294432 0.20184572 0.77953535
vn 0.59298354 0.20172788 0.77953601
vn 0.69385713 0.15016735 0.70428121
vn 0.84695101 0.20333381 0.49125287
vn 0.69386661 0.15017208 0.7042709
vn 0.69386077 0.15020299 0.70427001
vn 0.7142629 0.071035668 0.69626319
vn 0.78813499 0.063453615 0.61222291
vn 0.90218353 0.089726813 0.42191705
vn -0.75478834 0.052699696 0.65384805
vn 0.76587754 0.061702915 0.640019
vn 0.18263811 0.76074553 0.62282383
vn 0.075287893 0.77835089 0.62329894
vn 0.056062896 0.75293553 0.65570194
vn 0.29939753 0.72280866 0.62282318
vn 0.18263893 0.76074606 0.622823
vn 0.40878338 0.6670711 0.6228261
vn 0.29939467 0.72280747 0.62282598
vn 0.50810057 0.59490991 0.62282902
vn 0.4087798 0.66707021 0.62282938
vn 0.59491074 0.50810438 0.62282515
vn 0.5081045 0.59491026 0.6228255
vn 0.66707325 0.40878075 0.62282544
vn 0.59491038 0.50810444 0.62282544
vn 0.72280556 0.29939672 0.62282723
vn 0.66707081 0.40878132 0.62282771
vn 0.76074517 0.18263772 0.62282443
vn 0.72280818 0.29939565 0.62282467
vn 0.77864146 0.072849847 0.62322581
vn 0.76074463 0.18263803 0.62282497
vn 0.759633 -0.23616177 0.60595816
vn 0.76947522 -0.17126887 0.61528438
vn -0.75652719 -0.25325975 0.60293126
vn -0.78816122 -0.23734005 0.56786579
vn 0.71523404 -0.28550166 0.63790995
vn 0.64923918 -0.30344498 0.69743073
vn 0.7462855 -0.30626076 0.59098417
vn 0.7028721 -0.31481078 0.6378597
vn 0.70956016 -0.31216571 0.63172537
vn -0.70962346 -0.3121801 0.63164711
vn -0.7243256 -0.30617332 0.61774617
vn 0.43639162 -0.31017041 0.84460443
vn 0.43643224 -0.31017375 0.84458226
vn 0.54062617 -0.3069573 0.78326273
vn 0.55765295 -0.30236465 0.77304518
vn -0.52307892 -0.31151444 0.7933141
vn -0.54068297 -0.30695936 0.78322273
vn -0.027582131 -0.25788227 0.96578258
vn 0.025078753 -0.25789925 0.9658463
vn 0.77762163 -0.28815153 0.55881417
vn 0.78466094 -0.25525662 0.56493473
vn -0.7735799 -0.30551317 0.55518991
vn -0.80722821 -0.28838679 0.51499093
vn -0.031831622 -0.30789277 0.9508884
vn -0.032362204 -0.25783002 0.96564817
vn 0.029940624 -0.2578496 0.96572107
vn 0.025286743 -0.26032233 0.96519059
vn 0.025060963 -0.26027834 0.96520835
vn -0.026835324 -0.33944517 0.94024295
vn 0.060105942 -0.27771297 0.95878196
vn 0.10141696 -0.27311036 0.95662183
vn -0.10871892 -0.23979042 0.96471798
vn 0.10139108 -0.27311218 0.95662409
vn -0.10870315 -0.2397918 0.96471941
vn -0.31840074 -0.31290039 0.89482641
vn -0.31830838 -0.31289169 0.89486229
vn -0.42299378 -0.31388867 0.85002953
vn -0.43749127 -0.31035411 0.84396785
vn -0.11127111 -0.25168648 0.96139097
vn -0.030881818 -0.25599748 0.96618402
vn -0.10974418 -0.29588312 0.94889903
vn -0.14222011 -0.2739431 0.95117223
vn -0.050816648 -0.28052583 0.95850033
vn -0.10796943 -0.26463705 0.95828485
vn 0.10091902 -0.28856936 0.95212555
vn 0.12776858 -0.28094196 0.95118177
vn 0.10095325 -0.28856617 0.95212287
vn 0.053924918 0.85484654 0.5160712
vn -0.067226037 0.85415548 0.51565397
vn -0.20001192 0.8331188 0.51566297
vn -0.20001411 0.8331154 0.51566762
vn -0.067222089 0.85414761 0.51566762
vn -0.32788232 0.79156768 0.51566827
vn -0.32788056 0.79157174 0.51566327
vn -0.44766834 0.73053521 0.51566595
vn -0.44766882 0.73053342 0.51566809
vn -0.55644083 0.65150404 0.51567054
vn -0.55644047 0.65150768 0.51566637
vn -0.65150666 0.55644137 0.51566666
vn -0.65150648 0.55643833 0.51567018
vn -0.73053205 0.44767055 0.51566851
vn -0.73053229 0.44767177 0.51566708
vn -0.79156935 0.32787955 0.5156675
vn -0.79156905 0.32787871 0.51566851
vn -0.83311528 0.20001273 0.51566833
vn -0.83311558 0.20001324 0.51566768
vn -0.75500405 0.052742559 0.65359551
vn -0.75477219 0.052698422 0.65386683
vn -0.85343504 0.074151427 0.51589745
vn -0.10801776 -0.26463151 0.95828092
vn 0.20301911 -0.29639643 0.93323755
vn 0.21460192 -0.29001096 0.93265194
vn -0.18853711 -0.33114937 0.92455065
vn -0.21171071 -0.21568093 0.95323676
vn -0.19007595 -0.31027025 0.93145233
vn -0.23122996 -0.28153825 0.93127275
vn 0.64749151 -0.31220317 0.69518626
vn -0.64912444 -0.30441135 0.69711632
vn -0.62522453 -0.31156981 0.71555471
vn 0.88699836 -0.066270053 0.45699257
vn 0.88775384 0.051913735 0.45738178
vn 0.88690901 -0.066264503 0.45716667
vn 0.88766319 0.051933259 0.45755544
vn -0.75476331 -0.058460779 0.65338713
vn -0.867208 -0.06700515 0.4934172
vn -0.85837495 -0.073424771 0.50774127
vn -0.85857326 0.070209175 0.50786084
vn 0.88690889 -0.066264451 0.457167
vn 0.80299956 0.00076693518 0.59597909
vn 0.86488944 -0.099836908 0.49193379
vn 0.8559736 -0.17635292 0.48601323
vn -0.87118715 -0.17688081 0.45798045
vn -0.85414529 -0.18856671 0.48464254
vn -0.21172255 -0.21566272 0.95323825
vn 0.2094219 -0.18074028 0.9609763
vn -0.39035395 -0.33299685 0.85833377
vn 0.2090712 -0.18080358 0.96104074
vn 0.27765736 -0.19468695 0.94074619
vn 0.28253421 -0.52897054 0.80022782
vn 0.26968169 -0.29341495 0.91715837
vn -0.21170993 -0.21566504 0.95324051
vn -0.43683475 -0.31466195 0.84271187
vn -0.52522242 -0.29852638 0.79688358
vn 0.80065215 -0.31450722 0.50994247
vn 0.80261391 -0.30690491 0.51148832
vn -0.27558386 -0.38122141 0.88245326
vn -0.28319767 -0.3191382 0.90440583
vn -0.32798716 -0.28623119 0.90027559
vn -0.79733258 -0.32715225 0.50718063
vn -0.8227818 -0.3138766 0.4738265
vn -0.32840842 -0.20054199 0.92300099
vn 0.029950323 -0.25600475 0.96621144
vn -0.051112801 -0.25762987 0.96489084
vn 0.029946465 -0.25785136 0.96572042
vn 0.86914992 -0.18939321 0.45684642
vn 0.8558107 -0.2578389 0.44844964
vn -0.87715948 -0.25761852 0.40524551
vn -0.85186261 -0.27487075 0.44584316
vn -0.0050878171 -0.22359678 0.97466844
vn 0.060948662 -0.22245996 0.97303486
vn 0.20470197 0.85264522 0.48072156
vn 0.055553339 0.87537724 0.48023799
vn 0.33556449 0.81012976 0.48071435
vn 0.2047056 0.85264844 0.48071435
vn 0.45816606 0.74766147 0.4807142
vn 0.56949008 0.66678309 0.48070917
vn 0.45816952 0.74766302 0.4807086
vn 0.66678083 0.56948793 0.48071492
vn 0.56948662 0.66678226 0.4807145
vn 0.74766338 0.45816848 0.48070902
vn 0.66678554 0.56948841 0.48070785
vn 0.81013012 0.33556539 0.4807131
vn 0.74766111 0.45816863 0.48071238
vn 0.85264927 0.20470232 0.48071426
vn 0.81012928 0.33556557 0.48071432
vn 0.88766307 0.051933248 0.45755574
vn 0.87641728 0.042507987 0.47967264
vn 0.8526473 0.20470311 0.48071742
vn 0.067728713 0.85411537 0.51565468
vn -0.067223713 0.85414463 0.51567233
vn 0.093004607 -0.23221685 0.96820736
vn 0.12944663 -0.23038206 0.96445203
vn -0.052665174 -0.22925723 0.9719401
vn -0.024101185 -0.19168167 0.98116118
vn -0.14244801 -0.26818299 0.95277828
vn -0.17223707 -0.24731268 0.9535045
vn -0.090690508 -0.25270042 0.96328485
vn 0.32743323 -0.18194883 0.92719042
vn 0.35566092 -0.39586169 0.84663975
vn 0.32745239 -0.18200622 0.92717242
vn 0.30941761 -0.30957544 0.89912391
vn 0.37152979 -0.29525128 0.88022286
vn -0.32834765 -0.20055826 0.92301905
vn 0.07596229 -0.191183 0.97861063
vn 0.18052658 -0.24396624 0.95283294
vn 0.27551705 -0.2348251 0.93217355
vn 0.21532738 -0.2788476 0.93588358
vn -0.32843253 -0.2006714 0.92296427
vn -0.37235299 -0.39221072 0.84114444
vn -0.38495654 -0.31781071 0.86648995
vn -0.42738575 -0.28420082 0.85823733
vn -0.23130156 -0.28050354 0.93156713
vn -0.2662622 -0.25517356 0.92951107
vn 0.62686771 -0.30301192 0.7177887
vn 0.7460506 -0.30727401 0.59075475
vn -0.71952266 -0.30709329 0.62288111
vn -0.74384499 -0.31684139 0.58847785
vn -0.74853915 -0.29659435 0.59306061
vn 0.87277395 -0.27555344 0.40290937
vn 0.8644737 -0.30675969 0.39822575
vn -0.8850897 -0.30529842 0.35129631
vn -0.85975766 -0.32319379 0.39542699
vn 0.55916446 -0.30252865 0.77188832
vn 0.62734878 -0.30052519 0.71841359
vn 0.55916172 -0.30252847 0.77189034
vn -0.56319821 -0.30270463 0.76888078
vn -0.628124 -0.29672223 0.71931648
vn -0.5632509 -0.30270809 0.76884085
vn 0.45063823 -0.19111305 0.87200975
vn -0.4519453 -0.18895216 0.87180418
vn -0.052904848 -0.19147301 0.98007101
vn 0.075954497 -0.19118765 0.97861034
vn 0.82194531 -0.31675145 0.47336498
vn 0.81895322 -0.32755277 0.47119513
vn -0.8213442 -0.31917486 0.47278017
vn -0.82645428 -0.31653848 0.46559286
vn -0.07300742 -0.20536977 0.97595757
vn -0.091418035 -0.21678038 0.97193056
vn -0.10872401 -0.20432824 0.97284585
vn 0.31376037 -0.26495963 0.91178441
vn 0.4505865 -0.19113187 0.87203234
vn -0.32786545 -0.28741932 0.89994133
vn -0.3641018 -0.25976372 0.89440078
vn -0.19821583 -0.21118537 0.95713699
vn -0.17292239 -0.22970556 0.95777512
vn 0.45062849 -0.19114012 0.87200886
vn 0.46507436 -0.36983255 0.80431944
vn 0.40839639 -0.30762482 0.85940641
vn 0.48147073 -0.28472218 0.82892656
vn -0.93573689 -0.066294551 0.34641224
vn -0.93542784 0.071081512 0.34629783
vn -0.51499641 -0.16454163 0.84125191
vn -0.39721051 -0.50491154 0.76634729
vn 0.073930413 0.94616801 0.31511971
vn -0.074463263 0.94613039 0.31510717
vn -0.22155283 0.92283022 0.31511691
vn -0.22155248 0.92283058 0.31511617
vn -0.074458085 0.94612777 0.31511623
vn -0.3631874 0.87680978 0.31511828
vn -0.36318687 0.87681049 0.31511688
vn -0.49587709 0.80920261 0.31511438
vn -0.49587816 0.80920053 0.31511804
vn -0.61636144 0.7216661 0.31511372
vn -0.61636156 0.72166574 0.31511423
vn -0.72166705 0.61636102 0.31511238
vn -0.72166717 0.61636025 0.31511354
vn -0.8092013 0.49588028 0.31511274
vn -0.8092013 0.49588054 0.31511235
vn -0.87681228 0.36318764 0.31511107
vn -0.8768121 0.36318672 0.31511256
vn -0.92283171 0.22155216 0.31511316
vn -0.92283195 0.22155294 0.31511188
vn -0.93543398 0.07108184 0.34628108
vn -0.93543518 0.071082093 0.34627792
vn -0.94516349 0.084994577 0.31534413
vn -0.9375 -0.025771661 0.34702966
vn -0.38148293 -0.061621726 0.92231965
vn -0.49536273 -0.30136979 0.81473434
vn -0.53052437 -0.27029717 0.80341977
vn 0.22164817 0.92321831 0.31391084
vn 0.074614465 0.94651508 0.31391376
vn 0.36333659 0.87717801 0.31391925
vn 0.22164297 0.92321664 0.3139194
vn 0.49608716 0.80953878 0.31391791
vn 0.36333737 0.87717813 0.31391802
vn 0.61661977 0.72196794 0.3139146
vn 0.49608925 0.80953878 0.3139146
vn 0.7219671 0.61661786 0.31392032
vn 0.61661565 0.72196859 0.31392109
vn 0.80953866 0.49608737 0.31391799
vn 0.72196841 0.61661744 0.31391814
vn 0.87717801 0.36333796 0.31391764
vn 0.80953842 0.49608746 0.31391838
vn 0.92321706 0.22164546 0.31391644
vn 0.87717885 0.36333734 0.31391597
vn 0.88803899 0.043415494 0.45771369
vn 0.88802648 0.043413337 0.45773825
vn 0.94515598 0.089109175 0.3142288
vn 0.92321634 0.2216462 0.31391811
vn 0.88884473 0.0085400874 0.45812896
vn -0.073130846 -0.18931012 0.97919023
vn 0.031655367 -0.18972325 0.98132718
vn 0.076049641 -0.16306697 0.98367965
vn -0.07312008 -0.19123247 0.97881746
vn 0.028382326 -0.1916685 0.98104924
vn 0.94884926 -0.10351029 0.29827949
vn 0.95214933 -0.060820088 0.29952061
vn 0.88883203 0.0085407831 0.45815349
vn -0.9374947 -0.02577134 0.34704393
vn -0.94890618 -0.10351579 0.29809645
vn -0.95239961 -0.057321355 0.29941481
vn 0.87979031 -0.32295606 0.34880993
vn 0.87919909 -0.3248789 0.34851497
vn -0.89267683 -0.32312411 0.31419566
vn -0.8758862 -0.33559698 0.34669593
vn 0.93877989 -0.19048944 0.28706467
vn 0.95036286 -0.1092239 0.29134277
vn -0.95041901 -0.10923203 0.29115638
vn -0.9365409 -0.20262256 0.28606868
vn -0.94763303 -0.19003947 0.25666437
vn -0.29404798 -0.21914852 0.93032777
vn -0.26727054 -0.23937823 0.93341553
vn 0.094185524 -0.16277008 0.9821583
vn -0.10928892 -0.17400201 0.97866195
vn -0.1242526 -0.16303374 0.97876519
vn -0.035746336 -0.16446629 0.98573476
vn 0.72208768 -0.29537475 0.62557429
vn 0.56333071 -0.27906212 0.77767783
vn 0.72798425 -0.26684633 0.63153148
vn 0.68188608 -0.27508137 0.67776221
vn 0.56335706 -0.27906466 0.77765787
vn -0.56722724 -0.28062579 0.77427542
vn -0.56725174 -0.28062811 0.77425665
vn -0.72879672 -0.26294568 0.6322301
vn -0.68845719 -0.27283931 0.67200106
vn 0.57659525 -0.184498 0.79592615
vn 0.34603429 -0.28047657 0.89531738
vn 0.41374639 -0.26643735 0.8705315
vn -0.58326906 -0.16061193 0.79624182
vn 0.57659853 -0.18449301 0.7959249
vn -0.58334541 -0.16044478 0.79621959
vn -0.42709678 -0.28635445 0.85766512
vn -0.46117035 -0.2583721 0.84886146
vn 0.18306191 -0.16928354 0.96841699
vn 0.10671093 -0.17165755 0.97936022
vn 0.83163142 -0.29676187 0.46938428
vn 0.82566899 -0.31919184 0.46517447
vn -0.83531517 -0.28208494 0.47188625
vn -0.80133218 -0.29747677 0.51901281
vn -0.19911492 -0.18558873 0.96224219
vn -0.22002116 -0.17004764 0.96055949
vn 0.92875928 -0.2732054 0.2505295
vn 0.94521892 -0.20251136 0.25602809
vn -0.92450166 -0.28865105 0.24895239
vn -0.93977803 -0.27133289 0.20783566
vn 0.57657641 -0.18450393 0.79593843
vn 0.27648735 -0.23541191 0.93173814
vn 0.35075402 -0.22633463 0.9087047
vn -0.035558861 -0.19262341 0.98062825
vn 0.028377747 -0.19266768 0.98085362
vn -0.03556636 -0.19137792 0.9808718
vn 0.028381696 -0.19142194 0.9810974
vn -0.031710085 -0.088452771 0.99557549
vn 0.024947319 -0.12129408 0.99230307
vn 0.079171404 -0.088219479 0.99294972
vn 0.59312886 -0.27929968 0.75510919
vn 0.51138717 -0.29251522 0.80803341
vn 0.5976072 -0.25631249 0.75971675
vn 0.10742033 -0.12099843 0.98682332
vn -0.58336157 -0.1604365 0.79620939
vn -0.39171118 -0.22321093 0.8926025
vn -0.36553445 -0.24398394 0.89825183
vn -0.07820709 -0.1219878 0.98944563
vn -0.13757886 -0.12151863 0.98300827
vn -0.12477613 -0.13071576 0.98353666
vn 0.27942526 -0.17856558 0.94341713
vn 0.20280597 -0.1828887 0.96198827
vn -0.61466926 -0.24956593 0.74826372
vn -0.6115765 -0.26561624 0.74526656
vn -0.63641435 -0.23996435 0.73307151
vn 0.98797363 0.012908985 0.15408267
vn 0.98679191 0.05056756 0.15389837
vn 0.88890111 -0.33481899 0.31265166
vn 0.89516032 -0.3148894 0.31548798
vn -0.89383245 -0.31508717 0.31903547
vn -0.89552969 -0.31383151 0.31549385
vn -0.29546404 -0.19318829 0.93561703
vn -0.31467104 -0.17852001 0.93226218
vn -0.0783545 -0.091435067 0.99272364
vn 0.059107818 -0.091556691 0.99404407
vn 0.079183273 -0.080050431 0.99364072
vn -0.078363225 -0.088228695 0.99301302
vn 0.064772584 -0.088314995 0.9939844
vn 0.20430732 -0.12769467 0.97054243
vn 0.1182306 -0.12877581 0.9846006
vn 0.92607749 -0.31731454 0.20418613
vn 0.93514282 -0.28770995 0.2067146
vn -0.23737428 -0.12901944 0.96281224
vn -0.22087191 -0.1410013 0.9650566
vn -0.92159849 -0.33097243 0.2027645
vn -0.93538541 -0.31437182 0.16193974
vn 0.11877027 -0.080169156 0.98967999
vn 0.44340011 -0.27909938 0.85176283
vn 0.51673019 -0.25844213 0.81620926
vn -0.13801174 -0.087327845 0.98657316
vn -0.14701504 -0.08110863 0.98580319
vn -0.067759819 -0.080752142 0.99442834
vn 0.54567415 -0.36717194 0.75327581
vn -0.54126441 -0.40136784 0.73887527
vn -0.067735717 -0.088281624 0.99378985
vn 0.064772621 -0.088299572 0.99398577
vn -0.5300349 -0.2733638 0.80270493
vn -0.55796885 -0.24794775 0.79195493
vn 0.68538737 -0.25740308 0.68116653
vn 0.80932987 -0.26296487 0.52519959
vn 0.80517167 -0.28138813 0.52203375
vn -0.69150549 -0.25748566 0.67492318
vn -0.81828487 -0.21761535 0.53202766
vn -0.69148195 -0.2574839 0.67494798
vn 0.12732786 -0.024664916 0.99155396
vn 0.062744498 -0.046305511 0.9969548
vn 0.032569714 -0.045872319 0.99841624
vn 0.12694135 -0.086022839 0.98817307
vn -0.039732765 -0.042920858 0.99828809
vn -0.070240833 -0.0018086872 0.99752843
vn 0.038838394 -0.021998221 0.99900335
vn 0.054346945 -0.021982187 0.99828011
vn 0.22033869 -0.13913938 0.96544862
vn 0.22144246 -0.08668346 0.97131312
vn 0.70145482 -0.14795209 0.69718814
vn -0.011382831 -0.003233816 0.99992996
vn 0.062790543 -0.0032276441 0.99802148
vn 0.37431863 -0.23982559 0.89575064
vn 0.44932747 -0.22686803 0.86408085
vn 0.062790789 4.506152e-06 0.99802673
vn -0.011383383 4.5287825e-06 0.99993521
vn -0.070240878 -0.00058086554 0.99752986
vn -0.070258178 -0.00058212178 0.99752867
vn -0.1231027 -0.0056560882 0.99237782
vn 0.062809855 3.377334e-06 0.99802554
vn 0.12310264 -0.0056653409 0.99237776
vn 2e-15 -1 -2.0001687e-29
vn -0.10951717 -2.1903434e-16 0.99398488
vn 0.12053709 2.4107418e-16 0.9927088
vn -2e-15 1 2.0001687e-29
vn -0.14729352 -0.048534971 0.98790127
vn -0.19120979 -0.016923707 0.98140329
vn -0.070194624 -0.043450288 0.99658656
vn -0.98367208 -0.024603782 0.17828029
vn -0.98150337 0.070750907 0.17789178
vn 0.30012485 -0.13696924 0.94401509
vn 0.29786998 -0.19090872 0.93532205
vn -0.2381313 -0.094979823 0.96657765
vn -0.24807088 -0.088068381 0.96473044
vn -0.70938492 -0.13179493 0.69238943
vn 0.37839609 -0.18387036 0.90719795
vn -0.48800153 -0.22173062 0.84420973
vn -0.46295717 -0.24302846 0.85241294
vn -0.32898054 -0.13776909 0.93423307
vn -0.31603217 -0.14737648 0.93723202
vn 0.18924296 -0.050461274 0.98063284
vn 0.18948828 0.00021027593 0.98188299
vn -0.19123821 0.00023982763 0.9815436
vn -0.39375415 -0.19605887 0.89806378
vn -0.41076082 -0.18247673 0.893296
vn 0.70149928 -0.14792199 0.69714981
vn 0.23209243 -0.030075828 0.97222865
vn 0.18924882 -0.050461426 0.98063171
vn 0.23132899 -0.093865007 0.96833682
vn 0.93139237 -0.32637459 0.16120757
vn 0.93043596 -0.32919687 0.16099167
vn -0.92908108 -0.3332319 0.16051416
vn -0.93587476 -0.32436836 0.13756298
vn -0.24876522 -0.030070623 0.96809691
vn -0.19101681 -0.049842805 0.98032051
vn 0.89413679 -0.3139388 0.31931463
vn 0.90405339 -0.27898163 0.32381588
vn -0.8717342 -0.2815043 0.40104222
vn -0.90939629 -0.25811857 0.32614896
vn 0.23931257 4.7862513e-16 0.97094256
vn 2e-15 -6.4107278e-24 1
vn -0.23931283 -4.7862565e-16 0.9709425
vn 0.18949328 0.00021052653 0.98188198
vn -0.70941037 -0.13177706 0.69236678
vn 0.70492411 -0.22782049 0.67169923
vn 0.70148051 -0.14789461 0.69717449
vn 0.6185202 -0.26015255 0.74145359
vn 0.70833546 -0.20963296 0.67402881
vn -0.19125862 0.0002405804 0.98153967
vn 0.31313875 -0.14619033 0.93838823
vn 0.31476992 -0.094190173 0.94448298
vn 0.077918276 0.99142426 0.10491262
vn -0.078059539 0.99189091 0.1002954
vn -0.08168976 0.99112397 0.10488085
vn -0.078063242 0.99189091 0.10029253
vn -0.23226218 0.96746868 0.10029273
vn -0.23226871 0.96746677 0.10029598
vn -0.38075379 0.91922081 0.10029803
vn -0.38075408 0.91922063 0.10029839
vn -0.23226559 0.96746701 0.10030076
vn -0.23227391 0.96746528 0.10029853
vn -0.51989001 0.84832466 0.10029812
vn -0.51986384 0.84834164 0.10028994
vn -0.3807531 0.91922098 0.10029875
vn -0.64617401 0.75657165 0.10029177
vn -0.64617693 0.75656879 0.10029494
vn -0.51986295 0.84834194 0.10029157
vn -0.51985669 0.8483454 0.10029498
vn -0.70825469 0.69875211 0.10060204
vn -0.75555754 0.64530534 0.11275554
vn -0.64616996 0.75657433 0.10029779
vn -0.81568849 0.57253838 0.082777545
vn -0.81568998 0.57253623 0.082777537
vn -0.81569332 0.5725311 0.082780503
vn -0.84429353 0.51738518 0.13957444
vn -0.74521726 0.65284681 0.13580227
vn -0.74522072 0.65284365 0.13579868
vn -0.87334782 0.47928634 0.086880386
vn -0.91760308 0.37839761 0.12173682
vn -0.91718507 0.37990969 0.12016708
vn -0.87335002 0.47928229 0.086880244
vn -0.87334973 0.4792828 0.086880401
vn -0.95742244 0.27495658 0.0879841
vn -0.96753085 0.23228423 0.099639706
vn -0.91795146 0.37854803 0.11860234
vn -0.95742166 0.27495927 0.087984107
vn -0.98149902 0.070750557 0.17791593
vn -0.98278791 0.16615726 0.080744356
vn -0.98278755 0.16615945 0.080744356
vn -0.98769975 0.054470472 0.14656784
vn -0.98770005 0.054475494 0.14656401
vn -0.99346632 0.10374454 0.047558066
vn -0.98150319 0.070751682 0.17789231
vn -0.94620436 0.27174091 0.1756534
vn -0.98278797 0.16615722 0.080744334
vn 0.078064851 0.9919132 0.10007063
vn 0.23227175 0.967489 0.10007426
vn 0.2322707 0.96748948 0.10007229
vn 0.23226739 0.96749043 0.10007065
vn 0.077956758 0.9919132 0.10015477
vn 0.23227921 0.96748739 0.10007225
vn 0.38076103 0.91924274 0.10006925
vn 0.38076141 0.91924244 0.10007019
vn 0.38076329 0.91924143 0.10007235
vn 0.51990438 0.84834284 0.10006914
vn 0.51987469 0.84836215 0.10005981
vn 0.51987845 0.84835899 0.10006738
vn 0.51986837 0.84836447 0.10007286
vn 0.64618599 0.7565912 0.10006694
vn 0.64618522 0.75659221 0.10006443
vn 0.64619237 0.75658506 0.10007229
vn 0.75409019 0.64405197 0.12862742
vn 0.74156427 0.66335398 0.10021941
vn 0.81244957 0.57745034 0.08047878
vn 0.81244701 0.57745385 0.080478787
vn 0.73731542 0.65954781 0.14615995
vn 0.84841609 0.51991183 0.099407502
vn 0.86122698 0.47692248 0.17559336
vn 0.81243855 0.5774672 0.08046896
vn 0.87144184 0.48259023 0.087725513
vn 0.91720706 0.37991747 0.1199746
vn 0.91678566 0.38142425 0.1184044
vn 0.87144661 0.48258168 0.08772555
vn 0.95647657 0.27865928 0.086611629
vn 0.91643459 0.38127995 0.12154516
vn 0.96287322 0.23116705 0.13941659
vn 0.95647746 0.27865565 0.08661364
vn 0.95647556 0.27866286 0.086611636
vn 0.98164868 0.17193621 0.082485445
vn 0.98678654 0.050567143 0.15393259
vn 0.98533928 0.050163779 0.16306485
vn 0.98860598 0.065320611 0.1356152
vn 0.9886061 0.065324262 0.1356124
vn 0.98164928 0.1719328 0.082485452
vn 0.98164767 0.17194013 0.082489096
vn 0.078065947 0.99189061 0.100293
vn -0.078065686 0.99189067 0.100293
vn -0.9836669 -0.024605297 0.1783089
vn -0.32329232 -6.4658461e-16 0.94629914
vn 0.98796833 0.012907242 0.15411693
vn -0.73240262 -0.13809144 0.66672122
vn -0.72110969 -0.21065176 0.66002017
vn -0.73378068 -0.19460982 0.65091693
vn -0.33019561 -0.10033562 0.93856466
vn -0.33734602 -0.095281728 0.93654633
vn -0.69004714 -0.26488897 0.67354935
vn 0.69438124 -0.20384289 0.69013238
vn 0.35460338 7.0920676e-16 0.93501681
vn 0.99655712 0.012506367 0.081960641
vn 0.99557602 -0.046439912 0.08168035
vn 0.99557638 -0.046434332 0.081679724
vn 0.99214321 -0.10766477 0.063719071
vn 0.98397225 -0.14178392 0.10814763
vn 0.99557763 -0.046413798 0.081676058
vn -0.99506694 -0.038780097 0.09131176
vn -0.98799109 -0.12331587 0.093095355
vn -0.99415642 -0.057797983 0.091172509
vn -0.98367113 -0.02460544 0.17828524
vn -0.98799002 -0.12332354 0.093096957
vn -0.9906404 -0.10803118 0.083431721
vn 0.98697615 -0.046739429 0.15392694
vn 0.98805553 0.00093988556 0.15409528
vn 0.30595472 -0.00016424757 0.95204604
vn 0.18957339 0.00021052652 0.98186654
vn 0.36185431 -0.0051189936 0.93222058
vn 0.41570053 -0.010748383 0.90943807
vn 0.30596629 -0.00016453564 0.95204234
vn -0.36185902 0.00023677193 0.9322328
vn 0.18954238 -0.018086571 0.98170596
vn -0.19124697 -0.006350751 0.98152143
vn -0.1911546 -0.031718764 0.98104733
vn 0.30561 -0.04723059 0.95098466
vn -0.30702356 -0.049975622 0.95038885
vn -0.307392 -0.01064316 0.95152342
vn 0.98800671 -0.1408865 0.06319584
vn 0.98800677 -0.14088622 0.063195758
vn 0.97923559 -0.19671237 0.049009591
vn 0.96617109 -0.22633824 0.12363039
vn 0.96617532 -0.22632712 0.12361757
vn -0.98974705 -0.12298072 0.07263945
vn -0.98974699 -0.12298145 0.072639443
vn -0.97379321 -0.20553246 0.097381853
vn -0.97544116 -0.19875331 0.09493003
vn 0.39705631 -0.14228791 0.90669751
vn 0.39407814 -0.19411556 0.8983438
vn 0.5407089 -0.26736441 0.79759026
vn 0.62255466 -0.23657028 0.74596262
vn 0.32328051 -0.047858272 0.9450922
vn 0.32224303 -0.099686056 0.94139373
vn -0.42222321 -0.14207621 0.89528871
vn -0.41271004 -0.14942212 0.89852291
vn 0.30579287 -0.033592839 0.95150524
vn 0.47125021 -0.23871933 0.84907967
vn 0.47638232 -0.18380119 0.8598122
vn -0.30702251 -0.049975585 0.95038921
vn -0.33844602 -0.032872286 0.94041145
vn -0.63568139 -0.24425513 0.73228997
vn -0.65394849 -0.22508611 0.72227949
vn 0.54698968 -0.2209239 0.80746204
vn -0.30739024 -0.010643426 0.95152402
vn 0.95503014 -0.29177132 0.052790958
vn 0.97342122 -0.22382022 0.048534457
vn 0.96065772 -0.27718681 0.01744142
vn 0.9550311 -0.29176852 0.052789986
vn 0.95503259 -0.29176432 0.052786216
vn -0.95905548 -0.27944371 0.046084777
vn -0.97562677 -0.20496227 0.078376606
vn -0.97562647 -0.20496449 0.078374758
vn -0.9622165 -0.26976043 0.036996972
vn -0.96221763 -0.26975605 0.036998283
vn -0.96221787 -0.26975527 0.036998298
vn 0.9424845 -0.30397508 0.13900386
vn 0.93326586 -0.33194131 0.1372218
vn 0.79593045 -0.21750954 0.56496406
vn 0.79580724 -0.21749887 0.56514168
vn 0.86185664 -0.21980157 0.45704526
vn 0.87735766 -0.25867873 0.40413964
vn 0.89074355 -0.19313858 0.41142848
vn -0.94449723 -0.29755354 0.13923682
vn -0.93805701 -0.30587178 0.16276214
vn -0.80019867 -0.21624032 0.55939454
vn -0.88615364 -0.21825746 0.40877309
vn -0.49053723 -0.19510686 0.8492977
vn -0.50695968 -0.18109369 0.84273183
vn -0.58069319 -0.21417437 0.78544557
vn -0.55994129 -0.23356311 0.79493022
vn 0.40623668 -0.14878391 0.90157366
vn 0.40832946 -0.099335887 0.9074136
vn -0.4239381 -0.10245477 0.89987749
vn -0.42759433 -0.099777751 0.89844728
vn 0.80990386 -0.11647227 0.57488257
vn 0.80978143 -0.11658704 0.57503176
vn -0.81599498 -0.09384653 0.57039022
vn 0.94523716 -0.32619029 0.011253301
vn 0.94851995 -0.31670254 -0.003061112
vn 0.94523317 -0.32620186 0.011250237
vn 0.9452315 -0.32620671 0.011253152
vn -0.94864255 -0.31626227 -0.0074489601
vn -0.96033496 -0.27114436 0.065096341
vn -0.94800675 -0.31816819 -0.0072286101
vn -0.94800413 -0.31817591 -0.0072302464
vn -0.94800562 -0.31817138 -0.007230205
vn -0.99811423 -0.038539484 0.047777314
vn 0.41528711 -0.045860849 0.90853363
vn 0.4137578 -0.047005713 0.90917265
vn 0.4152925 -0.045861062 0.90853119
vn 0.41232368 -0.10232197 0.90527308
vn -0.41595656 -0.050301876 0.90799224
vn -0.41647971 -0.00021133351 0.909145
vn -0.81040734 -0.14941753 0.56649303
vn -0.84441352 -0.19135024 0.50035071
vn -0.81599629 -0.09384466 0.57038867
vn 0.80635506 -0.14846882 0.57249326
vn 0.80983746 -0.11655173 0.57495999
vn 0.41572648 -0.0001840672 0.90948969
vn 0.49470344 -0.142427 0.85731155
vn 0.49099198 -0.19320451 0.84946978
vn -0.81040895 -0.14941919 0.56649029
vn -0.82250005 -0.087400846 0.56200951
vn -0.8127262 -0.1293509 0.568106
vn -0.42892465 -0.05082304 0.90190947
vn 0.46472505 9.294501e-16 0.88545501
vn -0.46472463 -9.2944925e-16 0.88545525
vn 0.80937594 -0.11285328 0.57634604
vn 0.7194643 -0.21077952 0.66177267
vn 0.80511671 -0.14564343 0.5749566
vn 0.95342922 -0.25173223 0.16614316
vn 0.94023365 -0.29879132 0.16335361
vn -0.96028841 -0.22314359 0.16749048
vn -0.92556077 -0.25691366 0.2780875
vn -0.41617647 -0.040044867 0.90840167
vn -0.4165082 -0.00020906665 0.90913194
vn -0.51774764 -0.14138241 0.84377033
vn -0.50938725 -0.14827125 0.84766752
vn -0.81668335 -0.13724655 0.5605281
vn -0.81847894 -0.13427593 0.55862528
vn 0.56510091 -0.23018803 0.79225904
vn 0.57073158 -0.179388 0.80130231
vn 0.63824916 -0.24160393 0.73093468
vn 0.72119504 -0.20021836 0.66316688
vn 0.94585621 -0.32414147 -0.016980257
vn 0.94585717 -0.32413876 -0.016980276
vn 0.9478209 -0.31705612 -0.033331666
vn 0.94585776 -0.3241367 -0.016983744
vn 0.94585645 -0.32414076 -0.016980344
vn -0.94809753 -0.31767911 -0.013821632
vn -0.94809616 -0.31768304 -0.013824767
vn -0.94765735 -0.31896746 -0.014330352
vn -0.94767487 -0.31891587 -0.014316092
vn -0.94758213 -0.31919143 -0.014314018
vn 0.6435501 -0.20560557 0.73727173
vn -0.58358604 -0.18827602 0.78992373
vn -0.59695286 -0.175816 0.78277457
vn 0.50245416 -0.14797981 0.8518461
vn 0.50498742 -0.10064793 0.85723841
vn -0.52156085 -1.0431217e-15 0.85321409
vn -0.73276407 -0.20094742 0.65013611
vn -0.74178678 -0.18959367 0.64327806
vn -0.66826534 -0.19843733 0.71696866
vn -0.65594423 -0.21149893 0.72457254
vn 0.97359735 -0.058780689 0.22057426
vn 0.9735989 -0.058769017 0.2205705
vn 0.92729199 -0.19296727 0.32076964
vn 0.88002151 -0.39493346 0.26379856
vn 0.93290526 -0.22578298 0.28055266
vn -0.92694998 -0.25136301 0.27853262
vn -0.94560868 -0.19188373 0.26268777
vn -0.51991343 -0.10102364 0.84822416
vn -0.5206477 -0.10045101 0.84784174
vn 0.50791478 -0.041052051 0.86042857
vn 0.52366585 -0.039534707 0.85100591
vn 0.41523081 -0.047066033 0.90849775
vn 0.50608164 -0.10149133 0.85649335
vn 0.93272328 -0.059656553 0.35562387
vn 0.80635816 -0.14846766 0.5724892
vn 0.94274408 0.0050015775 0.33347955
vn 0.89497113 -0.11654861 0.43063098
vn 0.80635238 -0.14846866 0.57249707
vn 0.93272293 -0.059663128 0.35562372
vn -0.93362874 -0.021915171 0.3575711
vn -0.8104049 -0.14941895 0.56649619
vn -0.89242184 -0.11542961 0.43618718
vn -0.93341029 -0.030607596 0.35750309
vn -0.9409855 -0.12040225 0.31630608
vn -0.9336285 -0.021892415 0.35757321
vn 0.095930554 0.99538803 -1.918611e-16
vn 0.078460835 0.99690801 -0.0042843604
vn -0.078459598 0.99689567 0.0065659615
vn -0.020989845 0.9997797 4.1979687e-17
vn 0.078457974 0.99690819 -0.0042843083
vn -0.078458823 0.99691731 -0.00038352117
vn -0.13153152 0.99131107 -0.0013562584
vn 0.095928885 0.99536008 -0.0074847476
vn 0.23343854 0.97236872 0.0023597877
vn -0.23343827 0.97236758 -0.0027953722
vn -0.13154155 0.99125886 -0.010135747
vn 0.095929652 0.9953661 0.006621704
vn 0.2334386 0.97235417 0.0058162552
vn -0.23343509 0.97233844 0.0081286961
vn -0.131521 0.99131334 0.00036208308
vn 0.27804902 0.96054226 -0.0068794535
vn 0.23344815 0.9723562 -0.0050359336
vn -0.23344928 0.97236097 -0.0039447388
vn -0.30876753 0.95111114 -0.0070878044
vn 0.27805126 0.96051937 -0.0094879689
vn 0.38267276 0.92385131 0.0077661616
vn -0.38268307 0.9238776 0.0019653088
vn -0.30874619 0.95107484 -0.01150761
vn 0.45297074 0.89151943 0.0032614679
vn 0.38267401 0.92385989 0.006599972
vn -0.38267013 0.92384911 0.008145784
vn -0.3087858 0.95111692 0.0052904426
vn 0.45290777 0.89145917 -0.013231266
vn 0.5224902 0.85256225 -0.011897698
vn -0.52249831 0.85258073 -0.010081429
vn -0.47938919 0.87753469 -0.010902119
vn 0.45292372 0.89150655 -0.0087280534
vn 0.52248055 0.85261464 0.0078970762
vn -0.52247083 0.85259759 -0.010080146
vn 0.6126681 0.79033929 0.0012419194
vn 0.52248508 0.85263461 0.0048495336
vn -0.5224877 0.85263884 0.0036891585
vn -0.47941875 0.87757033 0.005289448
vn 0.61263126 0.7903074 -0.0098570017
vn 0.64944971 0.76039886 -0.0029309001
vn -0.64942592 0.76037282 -0.0088957073
vn -0.47938561 0.87754351 0.010337185
vn 0.61266035 0.79034364 -0.0020554513
vn 0.64943373 0.76039577 0.0058428375
vn -0.64943731 0.76039994 -0.0048109125
vn -0.6363312 0.7714029 -0.004490627
vn 0.74531603 0.66671133 8.884868e-07
vn 0.69450456 0.71948832 8.2791473e-07
vn -0.63632989 0.77141702 5.6892384e-07
vn -0.7118662 0.70231509 6.3645859e-07
vn -0.75218379 0.65894985 -0.0021637569
vn -0.77015996 0.63778079 -0.0094486382
vn -0.75215125 0.6589151 -0.0099675944
vn -0.77014869 0.63776767 -0.011108111
vn -0.81849152 0.57450587 0.0038259204
vn -0.818492 0.57450521 0.0038259849
vn 0.74531353 0.66671413 0.00010443993
vn 0.74505568 0.66700226 8.9477646e-05
vn 0.74508858 0.66696554 9.0407484e-05
vn -0.87785399 0.47892535 0.0016810427
vn -0.81850106 0.57450181 -0.001918097
vn -0.87781733 0.47891751 -0.0086473012
vn -0.87662798 0.48108116 -0.0091837561
vn -0.87662768 0.48108166 -0.0091837794
vn -0.87662572 0.48108524 -0.0091837132
vn -0.92447132 0.38122991 0.0040672622
vn -0.87781566 0.4789066 -0.0093895607
vn -0.92447525 0.38124034 -0.0011282357
vn -0.95194191 0.30627027 0.0022586074
vn 0.81509095 0.57933307 -3.4715013e-05
vn 0.81430984 0.58043045 0.0001348896
vn 0.81509233 0.57933104 0.00031578116
vn -0.96113586 0.27602595 -0.0052424567
vn -0.95189655 0.30625203 -0.01013087
vn -0.96113664 0.27602327 -0.0052421875
vn -0.96113503 0.27602887 -0.0052424204
vn -0.95194578 0.30626613 -0.00052439159
vn -0.98600733 0.16670151 0.00033142875
vn -0.99213284 0.12515892 -0.0027634285
vn -0.98599929 0.16670018 -0.0040607061
vn -0.98599863 0.166704 -0.0040604323
vn 0.81431299 0.58042592 0.0002721831
vn 0.81508029 0.57934791 0.00036858331
vn -0.99206221 0.12514852 -0.012262515
vn -0.99844944 0.055063304 -0.0081695784
vn -0.99265414 0.12062319 -0.0093710255
vn -0.99975443 0.019372197 0.010763366
vn -0.99876517 0.049634535 0.0021295901
vn -0.99876529 0.049632005 0.0021306523
vn -0.99876511 0.049635977 0.0021288898
vn -0.99848187 0.055072956 -0.00097112835
vn -0.99848205 0.055069204 -0.00096840761
vn -0.99848199 0.055070162 -0.00097060465
vn -0.99926895 -0.03821867 -0.00097331253
vn 0.87281507 0.48805094 -0.00036632418
vn 0.87481803 0.48445135 0.00057958084
vn 0.87481439 0.48445788 0.00057927967
vn 0.87281471 0.48805133 0.00064588641
vn 0.87481725 0.48445237 0.00082260679
vn 0.92084521 0.38992757 -0.00078571145
vn 0.9232797 0.38412803 0.00046057286
vn 0.92084599 0.38992643 0.00019122376
vn 0.92327869 0.38412955 0.00099049311
vn 0.96008372 0.2797102 -0.0011872618
vn 0.95763218 0.28799379 -0.00044131518
vn 0.96008331 0.27971396 0.0003904335
vn 0.95763117 0.28799739 4.7775851e-05
vn 0.96008396 0.27970877 0.0013380666
vn 0.98302913 0.18344416 -0.0013957599
vn 0.9850046 0.17252812 -2.9399805e-05
vn 0.98500556 0.17252262 -2.9225897e-05
vn 0.98500377 0.17252573 0.0015463429
vn 0.98302937 0.18344669 0.00075242872
vn 0.99782377 0.065933339 -0.00067848846
vn 0.9969433 0.078111947 -0.0016260691
vn 0.99313694 0.065624923 -0.096810959
vn 0.99836224 0.057208262 -5.3834315e-06
vn 0.99834973 0.057423964 -0.00052648847
vn 0.99999338 0.00096117769 0.0035142738
vn 0.99894345 -0.045823276 0.0034963915
vn 0.41569149 -0.00018451289 0.90950567
vn -0.99941647 -0.03115999 0.013992552
vn -0.99919921 -0.038351033 0.011405125
vn -0.99245644 -0.12076758 -0.021105753
vn 0.97827762 -0.046821102 0.20194218
vn 0.99945092 -0.01855959 0.027447844
vn 0.99885762 -0.044604491 0.017143559
vn 0.97827697 -0.046822634 0.20194499
vn 0.97582871 -0.18855023 0.11048618
vn 0.99204159 -0.044323038 -0.11785166
vn -0.99245572 -0.12077255 -0.021108747
vn 0.99005562 -0.13966396 0.016846089
vn 0.56806624 1.1361325e-15 0.82298285
vn -0.994385 -0.10570654 -0.0049648285
vn -0.9933213 -0.11531369 -0.0039410843
vn -0.99253172 -0.12161177 0.0095564974
vn 0.81035274 -0.11102656 0.57532734
vn -0.81272137 -0.12936191 0.56811047
vn 0.99301857 -0.1174999 -0.01039004
vn 0.99527901 -0.095513552 -0.017227858
vn -0.52301824 -0.047141694 0.85101676
vn -0.52238506 -0.047117691 0.85140693
vn -0.99253172 -0.1216119 0.0095565422
vn 0.99005562 -0.13966437 0.016846018
vn 0.95713031 -0.28943112 -0.011452059
vn 0.95713216 -0.28942528 -0.01144929
vn 0.95826185 -0.28521428 -0.019672982
vn 0.9571318 -0.28942648 -0.011449144
vn 0.95713508 -0.2894153 -0.011452293
vn -0.94765782 -0.31901059 -0.013301598
vn -0.94765782 -0.31901053 -0.013301599
vn -0.95827019 -0.28324205 -0.038629051
vn -0.94765711 -0.31901255 -0.013305469
vn -0.94766593 -0.31898746 -0.013279215
vn -0.97918689 -0.20008765 -0.034028485
vn -0.98143399 -0.18996625 -0.026460961
vn -0.97944969 -0.20102559 -0.016340761
vn 0.9900555 -0.13966526 0.016845427
vn -0.5236004 7.8936668e-05 0.851964
vn 0.52407557 5.2245563e-05 0.85167176
vn 0.97436619 -0.21838886 -0.054007851
vn 0.97308564 -0.22746384 -0.036939327
vn 0.98158151 -0.18515427 -0.047071122
vn 0.57866263 -0.0056039826 0.81554776
vn 0.52391821 5.07613e-05 0.85176861
vn 0.52389753 5.224557e-05 0.85178131
vn -0.57866263 -0.0056046816 0.81554776
vn -0.52369034 8.0738631e-05 0.85190868
vn -0.5237115 7.893669e-05 0.85189569
vn 0.5231725 -0.052552003 0.85060495
vn -0.52311283 -0.047766775 0.85092378
vn 0.58702773 -0.1390295 0.79753947
vn 0.58286667 -0.18716301 0.79071897
vn 0.97436422 -0.21840261 -0.0539876
vn 0.99967015 -0.025681961 -7.7120967e-06
vn -0.97944909 -0.20102835 -0.016343033
vn -0.96882802 -0.24079578 -0.0582208
vn -0.96303099 -0.26373434 -0.054913472
vn -0.96786827 -0.24564268 -0.053764664
vn -0.96368587 -0.2662712 -0.020228948
vn 0.81035697 -0.11102226 0.57532221
vn 0.97436893 -0.21838179 -0.053986497
vn -0.96368599 -0.26627067 -0.020229587
vn 0.95674676 -0.28398848 -0.063135944
vn -0.60542625 -0.13755807 0.78392398
vn -0.59982169 -0.14259011 0.78732586
vn 0.95675009 -0.28397903 -0.063127816
vn 0.95233428 -0.27821493 -0.12512319
vn 0.95073742 -0.28978944 -0.11009267
vn 0.9442662 -0.31414858 -0.098346591
vn -0.96368551 -0.26627237 -0.02023142
vn 0.89741188 0.0027312064 0.44118533
vn 0.89558309 -0.063827358 0.44029188
vn -0.95334041 -0.28916717 -0.086743645
vn -0.94645542 -0.31154373 -0.084632091
vn -0.89789081 -0.034630619 0.43885401
vn 0.97258866 -0.22866619 0.042226896
vn 0.97258914 -0.22866397 0.042226885
vn 0.95718884 -0.28830436 -0.025886292
vn 0.96683663 -0.2215423 0.12706684
vn 0.98473901 -0.14541911 -0.095616058
vn 0.97258949 -0.22866312 0.042224046
vn -0.96282345 -0.26879087 0.026878985
vn -0.9805932 -0.19580239 0.0099165114
vn -0.97603291 -0.21592194 0.027155569
vn -0.96282119 -0.26879933 0.026875094
vn -0.96282154 -0.26879764 0.026879014
vn 0.65454465 -0.21099797 0.7259829
vn 0.65959328 -0.16922896 0.73232388
vn 0.88753486 -0.0018210417 0.46073693
vn 0.80749202 -0.14567998 0.57160652
vn 0.88441032 -0.063942157 0.46230918
vn -0.90902615 -0.32609385 0.25948855
vn -0.97283894 -0.23130588 -0.0090560596
vn 0.94168544 -0.31437469 -0.11998793
vn 0.94458294 -0.31872341 -0.078602813
vn 0.94559735 -0.30207875 -0.12080604
vn -0.90902489 -0.32609844 0.25948697
vn 0.59260368 -0.14312547 0.79267645
vn 0.59543151 -0.098013632 0.79740494
vn -0.90976816 -0.41486084 0.014571812
vn -0.9454087 -0.30992201 -0.100751
vn 0.94458389 -0.31871933 -0.07860861
vn -0.9826113 -0.18025625 -0.044527881
vn -0.94150007 -0.31816638 -0.11112037
vn -0.67146868 -0.17172955 0.72085977
vn -0.67736608 -0.16558363 0.71676862
vn -0.89484167 -0.013155541 0.44618976
vn -0.89322019 -0.047155976 0.44713986
vn -0.88882577 -0.057829797 0.45458159
vn 0.72909129 -0.20237167 0.65381306
vn 0.80680215 -0.15088467 0.57123029
vn 0.73245686 -0.17892402 0.65688139
vn -0.60802549 -0.095500402 0.78815269
vn -0.60581106 -0.097377367 0.7896269
vn 0.92762268 -0.34970784 -0.13122737
vn 0.93838143 -0.31071213 -0.15132152
vn 0.97121978 -0.15609193 0.17990972
vn 0.97121906 -0.15609628 0.17990965
vn 0.97121996 -0.15607333 0.17992482
vn -0.97402155 -0.11988806 0.19211671
vn -0.97402155 -0.11988607 0.19211802
vn -0.97402221 -0.11988079 0.19211808
vn -0.97527272 -0.19949505 0.095104657
vn -0.97527272 -0.19949573 0.09510313
vn -0.94540703 -0.30992532 -0.1007564
vn 0.59590757 -0.033504881 0.8023538
vn 0.52319419 -0.052552748 0.8505916
vn 0.59384197 -0.096735254 0.79874527
vn -0.91903806 -0.34804034 -0.18503228
vn -0.93715775 -0.30230343 -0.17420688
vn 0.99967021 -0.025679812 -1.1462065e-05
vn 0.99823964 0.059309155 -8.317721e-06
vn -0.8171584 -0.14471246 0.55795199
vn -0.81878728 -0.14213018 0.55622512
vn -0.93971527 -0.29545179 -0.17217262
vn -0.93854123 -0.30350423 -0.16439447
vn -0.74916142 -0.17187801 0.63969928
vn -0.74324638 -0.17924027 0.6445601
vn 0.93994957 -0.31237224 -0.1375443
vn 0.93987137 -0.30739039 -0.14883889
vn -0.93853664 -0.30352786 -0.16437717
vn 0.93994981 -0.31236768 -0.13755284
vn -0.99969178 -0.024808126 -0.00097111979
vn 0.92886734 -0.32421121 -0.17914395
vn 0.93292719 -0.3056863 -0.19027013
vn -0.95374018 -0.28679618 -0.090153515
vn -0.60771072 -0.047263384 0.79275084
vn -0.62260234 -0.034485664 0.78177816
vn -0.52309257 -0.047766093 0.85093629
vn 0.9820174 -0.18233271 -0.048954803
vn 0.93460131 -0.2721673 -0.22900961
vn 0.89851779 -0.36912155 -0.23751852
vn -0.92959094 -0.31400275 -0.19303621
vn -0.93222505 -0.29801798 -0.2052846
vn -0.93222231 -0.298035 -0.20527232
vn 0.94676745 -0.27383575 -0.16924946
vn 0.94689506 -0.27822533 -0.16118428
vn 0.66935247 -0.13168457 0.73118156
vn 0.66546518 -0.17302564 0.72609794
vn 0.91648513 -0.35661587 -0.18132891
vn 0.93477458 -0.30432659 -0.18325338
vn 0.94676697 -0.27383953 -0.16924597
vn 0.94677639 -0.27382162 -0.16922222
vn -0.93222284 -0.29803315 -0.20527259
vn 0.95055002 -0.27730063 -0.13985379
vn 0.92962098 -0.29032463 -0.22697236
vn 0.94075668 -0.2310735 -0.24815707
vn 0.62146217 -0.049605142 0.78187215
vn 0.62223053 -0.00043505736 0.78283393
vn -0.62297422 -0.00035196141 0.7822423
vn -0.95027155 -0.24987602 -0.18586551
vn -0.68003643 -0.13016111 0.72153205
vn -0.68070835 -0.12949461 0.72101825
vn 0.66312182 1.3262436e-15 0.74851149
vn -0.66312212 -1.3262443e-15 0.74851125
vn -0.95253056 -0.25154418 -0.17149645
vn -0.95375937 -0.24357226 -0.17611258
vn 0.95055032 -0.27729884 -0.13985495
vn 0.88049167 -0.35496563 -0.3142193
vn 0.93537945 -0.21497785 -0.28080201
vn 0.96735269 -0.21648106 -0.13177544
vn -0.99510425 -0.093879603 -0.030889118
vn -0.99979967 -0.019571854 0.0041938843
vn 0.89742172 0.0026617937 0.44116569
vn 0.89733768 0.013986196 0.44112301
vn 0.96740967 -0.21635406 -0.13156527
vn 0.96747094 -0.21657702 -0.13074541
vn -0.95253575 -0.25153774 -0.17147709
vn -0.98046249 -0.19609089 0.015544016
vn -0.96941203 -0.2366537 -0.065079637
vn -0.98417145 -0.17541036 -0.025254069
vn -0.9797743 -0.1919135 -0.056670308
vn -0.97756869 -0.17747384 -0.1134128
vn -0.97097772 -0.21908857 -0.095929258
vn 0.96747154 -0.21657278 -0.13074791
vn -0.14231102 -0.98982197 2.8462205e-16
vn 0.14231075 -0.98982203 -2.8462149e-16
vn -2e-15 6.4107278e-24 -1
vn -0.41541502 -0.90963203 8.3083e-16
vn 0.41541526 -0.90963191 -8.3083053e-16
vn -0.65486211 -0.75574839 1.3097242e-15
vn 0.6548624 -0.75574809 -1.3097248e-15
vn -0.84125274 -0.54064208 1.6825055e-15
vn 0.84125245 -0.54064256 -1.6825048e-15
vn -0.9594931 -0.2817322 1.9189862e-15
vn 0.95949328 -0.28173161 -1.9189866e-15
vn -1 -2e-15 2e-15
vn 1 2e-15 -2e-15
vn -0.95949268 0.2817336 1.9189853e-15
vn 0.95949286 0.28173301 -1.9189858e-15
vn -0.84125423 0.5406397 1.6825084e-15
vn 0.84125394 0.54064018 -1.6825079e-15
vn -0.65485913 0.75575095 1.3097183e-15
vn 0.65485948 0.75575066 -1.309719e-15
vn -0.41541502 0.90963203 8.3083e-16
vn 0.41541526 0.90963191 -8.3083053e-16
vn -0.14231609 0.98982126 2.8463219e-16
vn 0.14231582 0.98982131 -2.8463163e-16
vn 0.99562085 -0.089120045 -0.028226236
vn 0.73762125 -0.18140757 0.65038925
vn 0.74140882 -0.14971986 0.65413833
vn 0.97184157 -0.15603508 0.17657018
vn 0.66959989 -0.13187212 0.73092115
vn 0.67230427 -0.091546468 0.73459256
vn -0.97977477 -0.19191095 -0.056671213
vn -0.89819533 -0.023009112 0.43899405
vn -0.89817679 -0.023000482 0.43903241
vn -0.8982175 -0.023011448 0.43894851
vn -0.89840931 -0.0073916139 0.43909687
vn -0.99260467 -0.11651506 0.034062535
vn -0.98551738 -0.14919336 0.080602735
vn 0.94411731 -0.31492314 -0.097293131
vn 0.98816109 -0.15146828 0.024393693
vn 0.98614568 -0.16349657 0.028028073
vn 0.98815858 -0.15148421 0.024396785
vn -0.99260491 -0.11651275 0.034061983
vn -0.98628968 -0.11859923 0.1147472
vn -0.99342227 -0.084812082 0.076935552
vn 0.98815835 -0.15148561 0.02439628
vn 0.99421215 -0.05689881 0.0911301
vn -0.98628873 -0.11860579 0.11474836
vn 0.98035073 -0.089227609 0.17592877
vn 0.98893255 -0.051247459 -0.13923422
vn 0.99215472 -0.025382752 0.12241217
vn -0.69480991 -1.3896198e-15 0.7191934
vn -0.9826811 -0.019130819 0.18431447
vn 0.97725952 0.10055707 -0.18668735
vn 0.91374785 -0.059694182 0.40187252
vn 0.92451018 -0.24320394 -0.29348376
vn 0.97973877 -0.066578619 -0.18888935
vn 0.97959501 -0.079037502 -0.18478809
vn -0.98519069 -0.018892664 0.17041835
vn -0.98481596 -0.026828881 0.17151612
vn -0.98519063 -0.018893329 0.17041832
vn 0.91375709 -0.059686929 0.40185252
vn -0.98351407 -0.019053701 0.17982499
vn -0.96828234 -0.041551583 0.24637932
vn -0.97753274 0.056494143 0.20307174
vn -0.7520169 -0.14746563 0.64243639
vn -0.75344229 -0.14574863 0.64115679
vn 0.93653738 0.091972962 0.33828798
vn 0.95681387 0.0053629507 0.29065177
vn 0.95681435 0.005360866 0.29065031
vn 0.88112777 -0.064189747 0.46850136
vn 0.93903112 0.029090583 0.3425993
vn 0.95662278 0.0058559212 0.2912707
vn -0.93766803 -0.021746447 0.3468512
vn -0.98370624 0.07345847 0.16409101
vn -0.68297827 -0.085396163 0.72542965
vn -0.67733306 -0.090635695 0.73007202
vn 0.95606023 -0.0077490662 0.29306787
vn 0.95681173 0.0058256676 0.29064995
vn -0.93739504 0.026421791 0.34726423
vn -0.9822942 -0.18128519 -0.04726287
vn -0.98430586 -0.11257114 -0.13590333
vn -0.97002894 -0.2196718 -0.10386632
vn 0.98782659 0.033501759 0.15190867
vn 0.95664239 -0.0097998409 0.29110011
vn 0.80985725 -0.14245415 0.56906772
vn 0.80877072 -0.15132949 0.56832153
vn -0.99027383 -0.13899048 0.0062724599
vn -0.9951508 -0.064266063 -0.074462883
vn 0.66912615 -0.050723128 0.74141574
vn 0.66761839 -0.087616667 0.73933005
vn 0.87929392 -0.087874807 0.46810281
vn -0.96631402 -0.025514135 0.25609812
vn -0.94388527 0.036692824 0.32822895
vn -0.94349438 0.052204985 0.32725063
vn -0.9384253 0.0291462 0.34425056
vn -0.93703121 -0.31867719 -0.14288953
vn -0.91870761 -0.35007375 -0.18282419
vn -0.96559864 0.04592463 0.25594962
vn -0.96560198 0.045931157 0.25593582
vn -0.96919221 0.071924075 0.23557031
vn 0.62222147 -0.0056959945 0.78282052
vn 0.62223166 -0.00043499001 0.78283304
vn -0.8209182 -0.13595401 0.55462581
vn -0.81921053 -0.13855506 0.55650389
vn -0.62226397 -0.047610477 0.7813583
vn -0.71015465 -0.015605051 0.70387274
vn -0.67949754 -0.029928846 0.7330671
vn -0.9954738 -0.079008855 0.052815516
vn -0.9998495 -0.0012305563 -0.017303769
vn -0.94863969 -0.16485514 -0.27001014
vn -0.93874162 -0.25550666 -0.23125853
vn -0.90776485 -0.28325555 -0.30940139
vn -0.90172255 -0.34534717 -0.26006103
vn -0.88765711 -0.07472872 0.4544012
vn -0.8841123 -0.082445674 0.45994368
vn -0.62297231 -0.00035205053 0.78224385
vn -0.93517047 -0.33038175 -0.12768728
vn -0.95419133 -0.28640404 -0.086554118
vn 0.85689634 -0.28446943 -0.42989045
vn 0.92948014 -0.10419608 -0.35385001
vn -0.98501676 -0.16775036 -0.040021695
vn -0.99648565 -0.083763249 0.00034575141
vn 0.74598414 -0.11659335 0.65567803
vn 0.74280453 -0.15065646 0.65233743
vn -0.95046169 0.18200341 0.25198686
vn 0.9568069 -0.007116396 0.29063708
vn -0.99574763 0.00069434033 0.09212026
vn -0.99644685 0.076833822 0.034500416
vn 0.87808007 -0.38766888 -0.28051418
vn 0.90236646 -0.32531664 -0.28267273
vn -0.7526831 -0.11459401 0.64833355
vn -0.75667447 -0.11006581 0.64446044
vn 0.74851054 1.497021e-15 0.66312289
vn 0.97479975 -0.22256801 0.015129996
vn 0.99093527 -0.13293301 -0.019394835
vn 0.99807507 -0.059466049 0.017606365
vn 0.95397574 0.076952063 0.28984252
vn 0.94466937 0.15867786 0.28709075
vn 0.88370717 -0.26736546 -0.38415799
vn 0.83629405 -0.38051653 -0.39473972
vn -0.95371753 -0.28921565 -0.0823237
vn -0.97165209 -0.2323913 -0.043433949
vn 0.70885122 -0.045372054 0.70389724
vn 0.70958191 0.00048549566 0.70462281
vn 0.91059661 -0.36966106 -0.18483636
vn 0.91720682 -0.3516252 -0.18732673
vn -0.71024108 0.00041507368 0.70395845
vn 0.7603932 -0.005564468 0.64943916
vn 0.70958495 0.00048584925 0.70461977
vn 0.70959449 0.00048549569 0.70461011
vn -0.76039296 -0.0055648442 0.64943945
vn -0.710226 0.00041495598 0.70397365
vn -0.71022373 0.00041507368 0.70397592
vn -0.7095021 -0.04515215 0.70325536
vn 0.70886737 -0.045378078 0.70388061
vn -0.8644712 -0.31258503 -0.39367518
vn -0.87006092 -0.2096837 -0.44612417
vn 0.99695683 -0.020974046 -0.075080834
vn 0.9967134 0.0071101468 -0.0806963
vn 0.74268335 -0.11394088 0.65987796
vn 0.74491507 -0.079942055 0.6623525
vn 0.95397443 0.076952733 0.28984666
vn 0.94466853 0.15867414 0.28709567
vn -0.9879173 0.092267156 0.12452374
vn -0.9837243 0.16067131 0.08044377
vn -0.99985015 -0.017284529 -0.00097421184
vn 0.81165367 -0.14332309 0.56628335
vn 0.81389165 -0.1221933 0.56802213
vn -0.96319532 -0.025679283 -0.26757315
vn -0.95714056 -0.16447738 -0.23838872
vn -0.97773463 -0.10751966 -0.18020691
vn -0.96325928 0.08328642 0.25533292
vn -0.95046121 0.18200047 0.25199082
vn 0.7803176 -0.32790905 -0.53252238
vn 0.85509795 -0.16327524 -0.49208602
vn -0.75549322 -0.070287012 0.65137523
vn -0.74751741 -0.078679077 0.65956599
vn -0.82280171 -0.11753185 0.55604279
vn -0.82223076 -0.11835915 0.55671155
vn -0.99092191 -0.054076873 -0.12308288
vn -0.97920465 0.031297956 -0.20044625
vn -0.9085654 -0.16250254 -0.38483995
vn -0.9087714 -0.092503302 -0.40691236
vn -0.99701208 -0.074263237 -0.021258911
vn -0.99986285 -0.016561 -0.00015444582
vn -0.28173304 -5.6346606e-16 -0.9594928
vn 0.28173286 5.6346575e-16 -0.95949286
vn 0.73898381 -0.045583427 0.67217934
vn 0.73787361 -0.073645346 0.67090899
vn -0.97183824 -0.23122448 -0.045450207
vn -0.9871825 -0.15930536 -0.0096194278
vn 0.98632544 0.15924123 0.04247779
vn 0.98373252 0.10514648 0.14565226
vn 0.98373318 0.10514827 0.14564653
vn 0.99658722 0.061733622 0.054799039
vn 0.70950657 -0.014929017 0.70454067
vn 0.95238912 0.21557742 0.21559542
vn 0.98638332 0.075475603 0.14612123
vn 0.98638231 0.075480238 0.14612553
vn 0.9334808 0.028117511 0.35752335
vn 0.96645427 0.12569885 0.22397766
vn 0.87598646 -0.097076051 0.47246584
vn 0.87679815 -0.087395884 0.47284988
vn -0.70950389 -0.045152161 0.70325351
vn -0.74942338 -0.020410214 0.66177642
vn -0.99724597 0.015910339 -0.072438918
vn -0.98563796 0.099530026 -0.13642439
vn 0.93336266 -0.014505878 0.35864145
vn -0.97595644 0.18085241 0.12166104
vn -0.97511333 0.18899131 0.11591517
vn -0.96326429 0.083299585 0.25530979
vn -0.9108665 -0.34770617 -0.2223119
vn -0.8718012 -0.39588204 -0.28851357
vn -0.87742418 -0.3261655 -0.35177112
vn -0.96711731 0.14336739 0.21007109
vn -0.9504739 0.18197972 0.25195792
vn -0.96584386 0.15283431 0.20925426
vn -0.964742 0.12023199 0.23413052
vn -0.88134676 -0.092435054 0.46333963
vn -0.88369554 -0.087773852 0.45975855
vn -0.90559089 -0.38450906 -0.17904711
vn -0.93562132 -0.3302379 -0.12472241
vn -0.93859416 0.0043901429 0.3449952
vn -0.93352181 -0.013251789 0.35827568
vn 0.81601644 -0.094550423 0.5702433
vn 0.81371272 -0.1220641 0.56830621
vn -0.96534669 -0.26096269 0.0020576576
vn -0.80915046 -0.25156802 -0.53102636
vn -0.80753094 -0.37731898 -0.45334771
vn -0.99423969 0.10316478 -0.029060597
vn -0.98087877 0.17838575 -0.07781624
vn -0.93232477 -0.34722105 -0.10103521
vn -0.95673907 -0.28549874 -0.056043074
vn 0.80030292 -0.43239847 -0.4153876
vn 0.83657253 -0.35278213 -0.4191553
vn -0.81997204 -0.092701308 0.56484717
vn -0.82480097 -0.086167648 0.55881888
vn 0.86459017 -0.4278807 -0.26344243
vn 0.8769567 -0.39909244 -0.2677165
vn 0.94104707 -0.078025356 -0.32915413
vn 0.9388445 -0.00071129686 -0.34434059
vn -0.95165223 0.28564543 0.11298088
vn -0.98784691 -0.15414122 -0.019974085
vn -0.99795741 -0.062361591 0.013856309
vn 0.77688575 -0.25655451 -0.57500291
vn 0.71105313 -0.39056295 -0.58469135
vn 0.97974676 0.075284272 -0.18554936
vn 0.97475797 0.11760211 -0.18978041
vn -0.95012319 -0.017991336 -0.3113555
vn -0.92292619 -0.093873627 -0.37335634
vn -0.91689748 0.07484331 -0.39204273
vn -0.84419328 -0.0059486977 -0.53600585
vn -0.84927797 -0.17765751 -0.49715665
vn 0.94604236 -0.31369823 -0.081223555
vn 0.90864736 -0.3917014 -0.14467192
vn 0.90425783 -0.40262681 -0.14215995
vn 0.81933713 0.034900021 -0.57224876
vn 0.72227317 -0.17770331 -0.66838831
vn 0.8197664 0.032119159 -0.57179666
vn 0.81204945 -0.09102498 0.57644618
vn 0.81366622 -0.062964253 0.57791239
vn 0.78971463 -0.035513304 0.61244553
vn 0.79021287 -0.00082609861 0.61283195
vn -0.78975987 -0.037183475 0.61228812
vn -0.79030734 -0.00081284752 0.61271006
vn -0.9553467 -0.29190958 -0.045841686
vn -0.97474039 -0.22312801 -0.0097517623
vn -0.54064316 -1.0812864e-15 -0.84125203
vn 0.54064375 1.0812875e-15 -0.84125167
vn -0.98004079 0.19868584 0.0066346442
vn -0.96549833 0.25902751 -0.026789602
vn -0.93790275 0.13758819 -0.31844619
vn -0.9674328 0.044652745 -0.24915837
vn 0.82298362 1.6459672e-15 0.56806511
vn -0.82298362 -1.6459672e-15 0.56806511
vn 0.97434586 0.17289688 0.14407225
vn 0.95221126 0.27119792 0.14051852
vn 0.87445599 -0.096294098 0.4754515
vn 0.8749975 -0.089529954 0.475777
vn -0.82224011 -0.050819807 0.56686729
vn -0.81344122 -0.061769534 0.57835793
vn -0.97720248 0.17770509 0.11617347
vn -0.95165122 0.28565308 0.1129701
vn 0.99883485 -0.048258733 -1.9976698e-15
vn 0.9982388 0.059324026 -1.9964776e-15
vn -0.76377225 -0.26812759 -0.58716226
vn -0.75944072 -0.12212011 -0.6390121
vn 0.80671108 -0.01642927 0.59071767
vn 0.78970939 -0.035513386 0.61245239
vn 0.80573797 -0.05507176 0.58970624
vn -0.88223362 -0.080635078 0.46385536
vn -0.87884307 -0.08681713 0.46914569
vn 0.9984684 -0.055325169 -1.1819926e-05
vn 0.99885958 -0.047736801 -0.00087221799
vn 0.99688768 0.078106463 0.010692897
vn 0.99991846 0.012770456 -9.1945094e-06
vn 0.79020894 -0.00082662294 0.61283696
vn -0.9738344 0.12061556 -0.19260956
vn -0.94673014 0.20651284 -0.2470921
vn 0.96426994 0.25870544 -0.057052959
vn 0.97434992 0.17291778 0.14401969
vn 0.98501086 0.16380888 -0.054039687
vn -0.83472002 -1.66944e-15 0.55067462
vn 0.61482453 -0.26757786 -0.74188465
vn 0.71222258 -0.075428806 -0.69788933
vn 0.96467376 -0.26336202 -0.006703353
vn 0.92412978 -0.38082901 0.030876525
vn 0.94121486 -0.33778074 -0.0043323985
vn 0.94500357 -0.32633463 -0.021772208
vn -0.78976345 -0.037183411 0.61228353
vn -0.81475735 -0.012604595 0.57966506
vn 0.92771465 -0.043568332 0.37073898
vn 0.92859799 -0.013647306 0.3708362
vn -0.96534544 -0.2609672 0.0020593582
vn -0.9980877 -0.060921978 0.010461452
vn 0.95107079 0.29027033 0.10586552
vn 0.99044383 0.13768879 0.0079263849
vn 0.95223463 0.27114791 0.14045651
vn 0.96130913 0.12409412 0.24593782
vn 0.96901119 0.22009809 0.11213454
vn -0.7903108 -0.00081243564 0.61270559
vn -0.84815419 -0.45904219 -0.26441398
vn -0.90486896 -0.38443387 -0.1828189
vn -0.85682654 -0.38745609 -0.34018523
vn -0.97498572 -0.22194953 -0.011884543
vn -0.98958725 -0.14278825 0.018126614
vn 0.96636707 0.064214066 0.24902065
vn -0.95040697 0.31073523 0.013045954
vn -0.97720242 0.17770259 0.11617739
vn -0.76034188 -0.46305466 -0.4554784
vn -0.76305616 -0.34105274 -0.54902488
vn -0.92892337 -0.041413367 0.3679488
vn -0.93315452 -0.029330287 0.35827696
vn -0.95585304 0.27759448 0.096365236
vn -0.96350688 0.24874724 0.098890156
vn -0.96906847 0.21074669 0.1284219
vn 0.88562548 0.11132459 -0.45085955
vn 0.88579792 0.11020278 -0.45079637
vn -0.89677739 -0.42185664 -0.13351893
vn -0.93587261 -0.34476465 -0.072662324
vn -0.77339679 -0.12052964 -0.62235838
vn -0.7573157 0.090487123 -0.64674962
vn -0.86525923 -0.0089533087 -0.50124478
vn -0.99984932 -0.017229408 0.0021313599
vn -0.99797159 -0.062031347 0.014313139
vn -0.96726322 0.20946111 -0.14327574
vn -0.94240469 0.28082207 -0.18169306
vn -0.96787214 0.087068141 0.23588707
vn -0.96480656 0.061543509 0.25565746
vn 0.65708858 -0.47795653 -0.58291692
vn 0.71049488 -0.37902501 -0.59290564
vn 0.87368649 -0.06926997 0.48153257
vn 0.87249404 -0.087518126 0.48072311
vn -0.84585011 0.18352512 -0.50085539
vn -0.89719588 0.084398411 -0.43349332
vn 0.77450866 -0.50466013 -0.38138497
vn 0.79921925 -0.45713463 -0.39022627
vn -0.6823349 -0.23788172 -0.69125348
vn -0.68659854 -0.37474689 -0.62301463
vn 0.94027418 0.18151523 -0.28798729
vn 0.92963892 0.23086843 -0.28717801
vn -0.67216718 -0.24036832 -0.70029587
vn -0.66108471 -0.054218423 -0.74834979
vn 0.85610336 -0.47423235 -0.20540375
vn 0.85647386 -0.47347957 -0.20559572
vn -0.96134686 0.25054917 0.11418133
vn -0.87425548 -0.068132468 0.48066136
vn -0.88061559 -0.05753744 0.47032502
vn -0.93110931 -0.36169118 -0.047063388
vn -0.95868087 -0.2844604 -0.003645767
vn 0.61025238 -0.21959731 -0.76116294
vn 0.52741867 -0.37251201 -0.76358652
vn -0.91802377 0.15327515 -0.36570361
vn -0.87191254 0.24878693 -0.42175063
vn 0.96089864 0.27678943 0.0078359442
vn 0.9984594 -0.055325631 -0.0042255833
vn 0.98553008 -0.16563675 0.03598493
vn 0.90812087 -0.41061041 -0.081948563
vn 0.89373356 -0.44279078 -0.071948633
vn -0.99111962 -0.13295296 -0.0023251241
vn -0.99883181 -0.044977643 0.017665036
vn -0.99780613 -0.065035529 0.012383729
vn -0.94771361 0.30217016 -0.10262592
vn -0.92699778 0.35327724 -0.12597761
vn 0.86833704 -0.063899383 0.49184114
vn 0.8692438 -0.042752396 0.49253166
vn -0.88449532 0.31454435 -0.34457207
vn -0.92484075 0.23050734 -0.30254912
vn 0.96089894 0.27678868 0.0078278678
vn 0.93254584 0.36096978 0.0076861931
vn -0.95328385 -0.30107594 0.024558833
vn -0.96543932 -0.26026151 0.013813517
vn -0.97703069 -0.21044855 0.033502918
vn -0.95545 0.2948347 -0.013705669
vn -0.9315325 0.36341703 -0.013238825
vn -0.78514105 0.086425491 -0.61325705
vn -0.68018335 -0.052845504 -0.73113465
vn -0.65528268 0.19044146 -0.73098338
vn 0.92410171 -0.041463193 0.37989059
vn 0.9237048 -0.050880216 0.3797113
vn 0.72213328 0.012623198 -0.69163877
vn 0.70969015 0.11080682 -0.69574547
vn -0.8758027 -0.028433397 0.48183107
vn -0.86689359 -0.041838493 0.49673432
vn -0.57645702 -0.20121996 -0.79196453
vn -0.58520746 -0.3295531 -0.74089605
vn -0.5701521 -0.34361732 -0.74622631
vn 0.88545591 1.7709118e-15 0.46472338
vn -0.95545417 0.29481962 -0.013739456
vn -0.93152106 0.36344483 -0.013279002
vn 0.81508428 0.2159337 -0.53759676
vn 0.81286895 0.22601643 -0.53680593
vn 0.92702067 0.34369996 -0.15001015
vn 0.95046985 0.26883915 -0.15598889
vn -0.56845051 -0.20271112 -0.79735327
vn -0.55211765 0.020709181 -0.83350897
vn 0.8612873 -0.016384196 0.50785404
vn 0.85759646 -0.017178372 0.51403618
vn 0.86096567 -0.033443205 0.50756252
vn 0.85772288 0.00062807946 0.51411194
vn -0.85796762 -0.020326549 0.51330149
vn -0.85814476 0.00062617147 0.51340747
vn 0.52138966 0.10807471 -0.84644711
vn 0.419359 -0.16496736 -0.89270586
vn 0.53091049 0.050793011 -0.84590435
vn -0.92905438 -0.037810009 0.36800587
vn -0.92428547 -0.049563032 0.37847048
vn -0.7712701 0.21084495 -0.60057211
vn -0.72101945 -0.57108462 -0.39241984
vn -0.73038214 -0.55993402 -0.39117238
vn -0.74792749 -0.53947479 -0.38674462
vn -0.84270537 -0.45672897 -0.28503743
vn -0.73151022 -0.44298089 -0.51832491
vn -0.8586297 -0.020302217 0.51219416
vn -0.86742681 -0.019932143 0.49716535
vn -0.82291192 -0.53900194 -0.1797021
vn -0.84188503 -0.5067414 -0.18558753
vn -0.84244007 -0.50592136 -0.18530601
vn -0.90009701 -0.42123681 -0.11128744
vn -0.57645983 -0.49273306 -0.65184981
vn -0.55312383 -0.51952803 -0.65126389
vn 0.85772711 0.00062807946 0.51410484
vn 0.89604002 -0.0030101468 0.44396302
vn 0.91258156 -0.0083012227 0.40881041
vn 0.8577202 0.00062893884 0.51411641
vn -0.85814935 0.00062646309 0.51339978
vn -0.85811388 0.00063148246 0.51345897
vn -0.89603144 -0.0054083588 0.44395772
vn -0.85880655 0.00062617107 0.51229966
vn 0.85766369 -0.012165623 0.51406711
vn 0.46408081 -0.49005106 -0.73788816
vn 0.52809697 -0.38024992 -0.75929153
vn -0.85812598 -0.0073887631 0.51338601
vn 0.65716076 -0.4800863 -0.58108252
vn 0.6524561 -0.5601024 -0.51047659
vn 0.57914931 -0.63538504 -0.51075625
vn 0.96322161 0.015464509 0.26826283
vn 0.96142614 0.065206461 0.26722252
vn -0.91644239 0.31514132 -0.24661571
vn -0.88318014 0.38055047 -0.27417901
vn -0.75575018 -1.5115003e-15 -0.65486008
vn 0.75574982 1.5114997e-15 -0.65486044
vn -0.95545596 0.29481402 -0.013731351
vn -0.9151482 0.39355165 -0.087297797
vn 0.93278104 0.36037213 0.0071734772
vn 0.93254107 0.3609817 0.0077054398
vn 0.96598297 0.21827497 0.13868304
vn 0.95131648 0.30803099 0.010672115
vn -0.97751552 -0.20869185 0.030183885
vn -0.9934628 -0.1100295 0.030415768
vn -0.8115862 0.28263447 -0.51131749
vn 0.77412671 -0.50928664 -0.37597203
vn 0.77657652 -0.55959892 -0.28944415
vn 0.71775931 -0.63809127 -0.27867737
vn 0.97914666 0.1443603 0.14294033
vn -0.88144433 -0.47089455 -0.036252026
vn -0.90633047 -0.41841626 -0.059100736
vn -0.79171205 -0.5912022 -0.1538571
vn -0.93453795 -0.35585684 -0.0021632169
vn 0.87927437 0.29146904 -0.37672585
vn 0.86448485 0.34087539 -0.36941838
vn -0.96250957 0.015344606 0.27081335
vn -0.96603292 0.033039413 0.25629824
vn 0.41726458 -0.14515656 -0.8971175
vn 0.32687512 -0.31427073 -0.89128363
vn -0.46390015 -0.15619241 -0.87200952
vn -0.47716403 -0.35695896 -0.80305344
vn -0.92981678 0.36801496 -0.0024001771
vn -0.94189 0.33592126 -0.00035427834
vn -0.95446396 0.29679582 0.030180214
vn -0.68890578 0.18611915 -0.70054871
vn -0.57740635 0.022169543 -0.81615585
vn -0.54929328 0.28765383 -0.78455859
vn -0.44328481 0.099027634 -0.890894
vn -0.46105474 -0.1566314 -0.87343866
vn 0.61847961 0.20572418 -0.75839341
vn 0.61585826 0.21941541 -0.75668716
vn -0.97685266 0.16927589 0.13078457
vn -0.97815919 0.13869581 0.15481627
vn 0.85864884 -0.46171126 -0.22258678
vn 0.85688585 -0.50172806 -0.11838742
vn 0.81035882 -0.57829756 -0.094289422
vn 0.91991854 -0.039619938 0.39010271
vn 0.9196372 -0.047045611 0.38994125
vn -0.92176998 -0.38499615 0.046022672
vn -0.94701415 -0.32116172 0.0043988544
vn -0.94701064 -0.32117215 0.0043943091
vn -0.91841257 -0.039181627 0.39367896
vn -0.92509335 -0.024701247 0.37893552
vn 0.92408156 0.38211852 0.0076601971
vn 0.81289756 0.028018439 -0.58173233
vn 0.87470388 -0.48462483 0.0056488416
vn 0.92411089 -0.38082361 -0.031503331
vn -0.92402017 0.38211831 -0.013128744
vn -0.82129359 0.36089614 -0.44184935
vn -0.83802146 0.29475203 -0.4591746
vn 0.72906536 0.32131058 -0.60433698
vn 0.72407478 0.33964917 -0.60029507
vn -0.89458978 0.39935613 -0.20055877
vn -0.87081742 0.44188127 -0.21544832
vn -0.35436702 -0.10475018 -0.92922086
vn -0.36891496 -0.31372446 -0.87491643
vn -0.64250499 0.43850592 -0.62841064
vn -0.76056671 0.33204281 -0.55792999
vn -0.33973014 0.17659244 -0.9237957
vn -0.35646269 -0.10445698 -0.92845196
vn -0.47093308 0.10067962 -0.87640494
vn 0.32299778 -0.28050411 -0.90387493
vn 0.31049353 -0.44936901 -0.83765221
vn 0.275998 -0.48717606 -0.82854366
vn 0.32565358 0.2892063 -0.90017194
vn 0.53767079 0.19297022 -0.82077563
vn 0.23071828 -0.030252241 -0.97255021
vn 0.34136176 0.19321585 -0.91985857
vn -0.58095318 0.28442511 -0.76262426
vn -0.4437452 0.37686905 -0.81305593
vn 0.91382551 -0.032442261 0.40480909
vn 0.91410214 -0.019630129 0.40500855
vn -0.40874076 -0.48244396 -0.77471209
vn -0.40873605 -0.48244494 -0.77471399
vn -0.36308065 -0.51404065 -0.77713233
vn -0.3457725 -0.29086521 -0.89209801
vn 0.39930585 -0.13799667 -0.90637285
vn 0.45785645 -0.6311903 -0.62607211
vn 0.50158769 -0.55030203 -0.66751593
vn 0.92408246 0.3821176 0.0075979321
vn 0.9329111 0.36002553 0.0076459497
vn -0.97618312 -0.21671076 0.010148244
vn -0.97618324 -0.21671014 0.010148435
vn -0.9403795 -0.31891763 0.11822817
vn 0.23511818 -0.073189937 -0.96920723
vn 0.15144815 -0.22062288 -0.96352947
vn -0.59462142 -0.56763464 -0.56939989
vn -0.59463108 -0.56763065 -0.56939375
vn -0.54833388 -0.64723653 -0.52954209
vn 0.86666125 0.44168806 -0.23196977
vn 0.91764128 0.38314164 -0.1055316
vn 0.89496863 0.37177014 -0.24661337
vn 0.51417774 0.32492831 -0.79375237
vn -0.99213642 0.12516135 1.1087801e-05
vn -0.99897903 -0.044994093 -0.0040563522
vn -0.22275887 -0.31198707 -0.923603
vn -0.20618573 -0.025140332 -0.97818989
vn -0.23905928 -0.3071658 -0.92114049
vn -0.21203057 -0.31531134 -0.92499828
vn 0.89865905 0.42632005 -0.10326225
vn 0.98552597 -0.1658334 0.035183564
vn 0.96057403 -0.27458486 0.043597307
vn 0.96057326 -0.27458689 0.043600596
vn 0.98552561 -0.16583574 0.035182491
vn -0.9190377 -0.0038276464 0.394151
vn -0.91108268 -0.018953484 0.41178769
vn 0.95920855 0.018391704 0.28210056
vn 0.95934236 -0.0072666481 0.28215149
vn -0.74328327 -0.5697996 -0.35051155
vn -0.74328399 -0.56979907 -0.35051095
vn -0.91061008 0.41306558 -0.012886546
vn -0.92401874 0.38212159 -0.013133275
vn 0.634027 -0.69569111 -0.33767381
vn 0.66196764 -0.58848965 -0.46419698
vn -0.84491003 0.41616401 -0.33605742
vn -0.24223782 0.24885374 -0.9377594
vn -0.25615394 0.019670846 -0.96643585
vn -0.36356431 0.17823933 -0.91435868
vn 0.90625966 0.0023592105 0.42271489
vn 0.8576569 -0.012165988 0.51407844
vn 0.90624201 -0.0093519632 0.42265579
vn 0.79955661 0.3989751 -0.44891885
vn 0.78320152 0.44327021 -0.43601254
vn -0.84214193 -0.50690418 -0.18397042
vn -0.84214944 -0.50689441 -0.18396305
vn -0.96258938 0.0081907306 0.2708405
vn -0.95857996 -0.0070348443 0.2847366
vn -0.90445256 0.40780243 -0.12515101
vn -0.89399415 0.43065932 -0.12372135
vn -0.86887133 0.46010336 -0.18266764
vn -0.90444016 0.40782177 -0.12517735
vn 0.77465397 -0.5528295 -0.30706793
vn 0.77465385 -0.55283022 -0.30706695
vn 0.16880657 -0.39177644 -0.90444213
vn 0.18033578 -0.31832203 -0.93067187
vn -0.85809064 -0.0073907413 0.51344508
vn -0.91121662 -0.00012500703 0.41192749
vn -0.33893251 0.45344052 -0.82432789
vn -0.46381813 0.37543684 -0.80244619
vn -0.65294141 0.43518898 -0.61990166
vn -0.5362736 0.52583224 -0.66023564
vn -0.13123016 0.11119039 -0.98509663
vn -0.060177498 -0.0065323049 -0.99816632
vn -0.26304579 0.250507 -0.93169373
vn -0.12156682 0.33225417 -0.93532276
vn 0.62980121 0.42092732 -0.65281749
vn 0.62210768 0.44557893 -0.64377123
vn 0.079362527 0.11731857 -0.98991817
vn 0.03022252 -0.097210899 -0.9948048
vn 0.078756437 0.12290288 -0.98928881
vn 0.037581243 -0.087217815 -0.99548012
vn 0.037579503 -0.08721827 -0.99548018
vn -0.068557248 -0.18058407 -0.98116732
vn -0.089155421 -0.17235048 -0.98099267
vn -0.089148559 -0.17235132 -0.98099315
vn 0.91259605 -0.00608622 0.40881708
vn -0.91300815 -0.0028642567 0.40793127
vn -0.91301113 -0.0012378906 0.40793273
vn -0.83626956 -0.3860738 -0.38935879
vn -0.83624804 -0.38610664 -0.38937238
vn 0.93501627 1.8700325e-15 0.35460472
vn -0.9350161 -1.8700323e-15 0.3546052
vn 0.98285532 0.077333435 0.16737676
vn 0.97546643 0.14544259 0.16526257
vn -0.24432506 -0.36354515 -0.89896619
vn -0.24433194 -0.36354405 -0.89896476
vn -0.77412975 0.4686707 -0.42552429
vn -0.84508628 0.41618407 -0.33558902
vn -0.69611531 0.54662234 -0.46543255
vn 0.55095851 -0.30525893 -0.77669924
vn 0.55096334 -0.3052924 -0.77668267
vn 0.16388242 -0.22591774 -0.9602623
vn 0.16388288 -0.22595564 -0.9602533
vn 0.89143217 0.4460001 -0.080203496
vn 0.89865798 0.4263244 -0.10325398
vn 0.95106691 0.30649903 0.039116196
vn 0.9188168 0.38679191 -0.078534842
vn 0.4194324 0.37886778 -0.82494587
vn 0.40994254 0.42179504 -0.80872494
vn -3.8780665e-05 -0.00027114959 -0.99999994
vn 2.6835436e-05 4.7472655e-05 -1
vn 1.4962788e-05 2.9931986e-20 -1
vn 4.3328268e-06 6.5271699e-05 -1
vn 0.041874673 0.11031567 -0.9930141
vn 0.04187943 0.11031505 -0.99301398
vn -0.022859668 0.12292588 -0.99215251
vn 0.066296138 0.25891322 -0.96362275
vn -0.027708821 0.089125812 -0.99563485
vn -0.020226108 0.10387935 -0.99438423
vn 0.035932723 0.25712118 -0.96571088
vn 0.017453663 0.2585032 -0.96585274
vn 0.04815628 0.3447248 -0.93746775
vn -0.02337032 0.28808612 -0.95731926
vn -0.012326964 0.31350487 -0.94950658
vn 0.0089359898 0.319868 -0.94742
vn 0.002693383 0.31975871 -0.94749516
vn 0.010048999 0.35978943 -0.9329794
vn -0.024776695 0.30539274 -0.95190412
vn -0.021677813 0.30576956 -0.95185876
vn -0.93458766 -1.8691753e-15 0.35573286
vn 0.15605898 0.4433192 -0.88267416
vn 0.33808562 0.36686426 -0.8666653
vn 0.17436376 0.32327187 -0.93010354
vn -0.0086294748 0.27731171 -0.96074122
vn 0.97394192 0.22270143 0.042909585
vn -0.98188233 0.075445026 0.17382488
vn -0.98298556 0.096782744 0.15611701
vn 0.060637929 0.41820157 -0.90632802
vn -0.029741542 0.400354 -0.91587776
vn -0.0046625901 0.46778038 -0.88383245
vn 0.0080047976 0.46922451 -0.88304263
vn -0.89399612 0.43064666 -0.12375115
vn -0.88778412 0.45177376 -0.087976433
vn -0.90673804 0.41260403 -0.087086357
vn -0.92509967 0.37524244 -0.058169905
vn -0.018466055 0.44703993 -0.89432335
vn -0.17370975 0.3737905 -0.91110128
vn -0.079999126 0.36704689 -0.92675602
vn 0.013764166 0.48101315 -0.87660533
vn 0.003652622 0.48076636 -0.87684113
vn -0.81144291 0.49956998 -0.30329895
vn -0.010774984 0.44668013 -0.89462882
vn -0.24279928 0.51503557 -0.82206261
vn -0.34871835 0.45304149 -0.8204565
vn -0.96834379 0.24752231 0.032295525
vn -0.97481549 0.21545888 0.057551738
vn 0.95523334 -0.0060029719 0.29579252
vn 0.955244 -0.0023892582 0.29580939
vn 0.88062686 0.46289742 -0.10110553
vn -0.95338231 -0.0059626093 0.30170611
vn -0.95853722 0.010179344 0.28478554
vn -0.52962559 0.52746111 -0.66429025
vn -0.42427906 0.59820235 -0.67980969
vn 0.2328594 0.51270926 -0.82638109
vn 0.052342471 0.48078388 -0.87527543
vn 0.52254516 0.50933415 -0.6837582
vn 0.30975699 0.50614595 -0.80490178
vn -0.16126236 0.5621199 -0.81118166
vn -0.24564032 0.51499146 -0.82124579
vn 0.82192338 0.46896648 -0.32328373
vn 0.79156601 0.53178966 -0.3010366
vn 0.86691654 0.46797138 -0.17163488
vn 0.88062829 0.46289727 -0.10109392
vn 0.70338494 0.49915385 -0.50605834
vn 0.51241219 0.53923285 -0.66832757
vn -0.79494321 0.59660238 -0.11014008
vn -0.86968243 0.46860388 -0.15512209
vn -0.8681187 0.48158962 -0.12017212
vn 0.68756634 0.53635538 -0.4894644
vn 0.11970166 0.59691286 -0.79332626
vn -0.0045209713 0.57912451 -0.81522655
vn -0.073181398 0.6201877 -0.78103244
vn -0.094764508 0.59778571 -0.79603511
vn -0.16037168 0.56211913 -0.81135875
vn 0.88172126 0.46078339 -0.10122401
vn 0.94985223 0.0019521499 0.312693
vn 0.9498331 0.0057733706 0.31270394
vn -0.59452873 0.62350905 -0.50771254
vn -0.67224401 0.55875874 -0.48567134
vn -0.0063470481 0.62900203 -0.77737778
vn 0.031048845 0.63256115 -0.77388781
vn -0.79495251 0.59658897 -0.11014612
vn -0.86811632 0.48159277 -0.12017675
vn 0.65069419 0.75571811 -0.074075468
vn 0.88169539 0.46081817 -0.10129108
vn 0.4140738 0.58293068 -0.69909561
vn 0.21870621 0.57591319 -0.78771287
vn -0.032776847 0.62021148 -0.78374958
vn -0.014479198 0.6408751 -0.76750857
vn 0.0035671932 0.6415624 -0.76706254
vn -0.81814688 0.52659899 -0.23093097
vn -0.95313841 0.021767709 0.30175039
vn -0.94725806 0.0063139768 0.32040966
vn 0.9795475 0.080736376 0.18430515
vn 0.98199379 0.038930211 0.18485855
vn -0.31704497 0.65320587 -0.68760782
vn -0.40427107 0.60176963 -0.68879473
vn 0.89306909 0.40157774 -0.20288649
vn 0.84784949 0.49352071 -0.19387773
vn -0.90963095 -1.8192618e-15 -0.41541734
vn 0.90963119 1.8192622e-15 -0.41541684
vn 0.94332659 0.018637134 0.33134216
vn 0.91259396 -0.006086404 0.4088217
vn 0.94336861 0.016238829 0.33134872
vn 0.91260999 -0.0012802264 0.40882921
vn -0.98317027 0.055362299 0.17410125
vn -0.98107594 0.038400576 0.18977718
vn -0.91300857 -0.0028642202 0.40793037
vn -0.94711804 0.01763426 0.32040042
vn 0.09961164 0.6868372 -0.71995288
vn 0.31029683 0.64026892 -0.70268881
vn 0.22925623 0.63827628 -0.73487753
vn -0.70980519 0.61505914 -0.34333485
vn -0.74087965 0.58403194 -0.33166859
vn -0.80883765 0.52841818 -0.25798416
vn 0.59536439 0.5874154 -0.54816455
vn 0.40186232 0.61758596 -0.67608744
vn -0.91301155 -0.001237856 0.40793183
vn -0.85392201 0.46826568 -0.22703408
vn -0.84218901 0.49035895 -0.22420031
vn -0.22289553 0.69205523 -0.68656909
vn -0.28971881 0.65655267 -0.69642055
vn 0.98771769 0.14006829 0.069243647
vn 0.97229552 0.22395034 0.066990167
vn 0.82978392 0.53609371 -0.15511988
vn 0.84785002 0.49351671 -0.19388556
vn 0.92118448 0.38587448 -0.050199948
vn 0.87549609 0.45688218 -0.15736988
vn 0.73332274 0.55894309 -0.38706633
vn 0.58087033 0.61852366 -0.52916735
vn 0.95397258 0.29591432 -0.04869375
vn -0.55098993 0.64044082 -0.53501928
vn -0.48042944 0.68936676 -0.54218173
vn -0.83952808 0.51846981 -0.1624244
vn -0.86177427 0.48014987 -0.16371068
vn -0.88440031 0.44597179 -0.1376417
vn -0.98748773 0.13712104 0.077883586
vn -0.98537564 0.15986736 0.058968406
vn 0.97094184 1.9418836e-15 0.23931557
vn 0.95516837 0.0037962077 0.2960389
vn 0.95517486 0.00083478465 0.29604092
vn -0.95528573 0.0052923625 0.29563692
vn -0.95529878 0.00081619539 0.29564098
vn 0.13547182 0.70958811 -0.69147098
vn 0.019620826 0.69937712 -0.7144835
vn -0.14609738 0.71784687 -0.68069923
vn -0.19358386 0.69440401 -0.69305724
vn -0.94611341 0.31870398 -0.057421044
vn -0.95685101 0.28859454 -0.033901311
vn 0.70927054 0.60349017 -0.36432794
vn 0.8061896 0.54003358 -0.24170651
vn -0.78016216 0.58108962 -0.2316936
vn -0.85392469 0.46826252 -0.22703059
vn 0.97930056 0.0291893 0.20029585
vn 0.97875106 0.044272147 0.20021573
vn 0.85002166 0.44937649 -0.27481619
vn 0.48182318 0.66041893 -0.57592815
vn 0.29644647 0.67955226 -0.67106497
vn 0.75265104 0.63492036 -0.17433459
vn -0.977925 0.029026387 0.20693031
vn -0.98079634 0.045151763 0.18973626
vn -0.11833318 0.71928662 -0.68456119
vn -0.087769203 0.73376995 -0.67370486
vn -0.79834443 0.5630818 -0.21350658
vn -0.0052067121 0.73410702 -0.67901385
vn 0.050630521 0.73793644 -0.67296833
vn 0.97734928 -0.0053306315 0.21156542
vn 0.95517677 0.00083472364 0.29603487
vn 0.95517612 0.00083478465 0.29603693
vn -0.95529646 0.00081619539 0.29564852
vn -0.95529747 0.00081606506 0.29564509
vn -0.97734916 -0.0053350143 0.21156591
vn -0.9552834 0.0052947467 0.29564428
vn 0.95516956 0.0037952431 0.2960349
vn -0.034148235 0.74420393 -0.66707903
vn -0.044094972 0.73508072 -0.67654413
vn 0.0062502837 0.74597037 -0.66594976
vn -0.65239251 0.65062004 -0.38868695
vn -0.61781722 0.67973655 -0.39529753
vn -0.4242698 0.70538545 -0.56782615
vn -0.36628008 0.73931992 -0.56501764
vn 0.97537488 0.03713252 0.21740533
vn 0.97556245 0.031665366 0.21742867
vn 0.36886531 0.71669501 -0.59185022
vn 0.20110324 0.72568643 -0.65797925
vn 0.63178742 0.6395241 -0.43801093
vn 0.46836087 0.68790114 -0.5544638
vn -0.97725761 0.046713594 0.20684636
vn -0.97385925 0.032133874 0.22486798
vn 0.98573589 0.14368433 0.08763326
vn 0.99234873 0.086143404 0.088449553
vn 0.95517027 0.0037953346 0.29603273
vn 0.97135395 0.031815957 0.23549798
vn 0.97099596 0.041646305 0.23544092
vn 0.7855913 0.55513346 -0.2732639
vn 0.78961945 0.54868853 -0.2746672
vn -0.99162269 0.10269075 0.078352168
vn -0.99186128 0.08511208 0.094695076
vn -0.97385198 0.032360859 0.22486697
vn -0.95528442 0.0052948846 0.29564103
vn -0.26295868 0.77330607 -0.57693189
vn -0.30619523 0.75138873 -0.58451641
vn 0.26239666 0.75658864 -0.5989337
vn 0.1202433 0.75794727 -0.64113766
vn 0.61488056 0.66856766 -0.4182573
vn 0.72892106 0.61091197 -0.30896705
vn 0.78722006 0.57541829 -0.22176202
vn 0.88015467 0.45652094 -0.13006298
vn 0.82410616 0.51885575 -0.22723934
vn -0.74906462 0.59429598 -0.2927703
vn -0.74909931 0.59426785 -0.29273874
vn -0.74904978 0.59430599 -0.29278794
vn -0.71365756 0.63366514 -0.29859897
vn 0.97922868 0.20127487 -0.02448836
vn 0.95441329 0.29741076 -0.02533963
vn -0.79657573 0.55940992 -0.22918925
vn -0.80991185 0.53903025 -0.2312773
vn -0.83501065 0.50902653 -0.20892382
vn 0.78685695 0.55413389 -0.27164638
vn 0.74393576 0.58519435 -0.32265648
vn 0.034382109 0.80045569 -0.598405
vn 0.16832726 0.78206789 -0.60002977
vn 0.098313533 0.78143525 -0.6161927
vn 0.9224714 0.36261749 -0.13249549
vn -0.50688112 0.74028718 -0.44164053
vn -0.54097885 0.71647823 -0.44045523
vn -0.98001659 0.19827639 -0.015934993
vn -0.97504681 0.21946405 -0.033455767
vn 0.52147174 0.70807701 -0.47612417
vn 0.35575309 0.74318892 -0.56666565
vn -0.17667209 0.79428548 -0.58128953
vn -0.20571558 0.7810955 -0.58955145
vn -0.73338914 0.61638337 -0.28672621
vn -0.91295803 0.38345236 -0.13954185
vn -0.92720813 0.35546759 -0.11801659
vn 0.99242115 0.064213522 0.10477076
vn 0.99028748 0.091647156 0.10455357
vn -0.98961753 -1.979235e-15 0.14372581
vn 0.75581539 0.60068303 -0.26062036
vn 0.71371883 0.65497136 -0.24822968
vn 0.75433046 0.60178488 -0.26237473
vn -0.10939278 0.80587417 -0.5818935
vn -0.12610619 0.79881632 -0.58820891
vn -0.73343748 0.61635059 -0.28667295
vn -0.99168658 0.063883483 0.11169857
vn -0.99231589 0.079585768 0.094737895
vn -0.0012053376 0.80220813 -0.59704328
vn 0.043098047 0.80454934 -0.59231991
vn -0.73340654 0.61637074 -0.2867088
vn 0.98366427 0.017171081 0.17919202
vn 0.98380756 -0.0016891122 0.17922002
vn -0.98374569 0.016904859 0.17876981
vn -0.98388469 -0.0016515006 0.17879656
vn 0.9927088 1.9854177e-15 0.12053712
vn -0.99270886 -1.9854177e-15 0.12053659
vn -0.04602823 0.80910718 -0.58585578
vn -0.043988753 0.8106789 -0.5838362
vn 0.011139484 0.81301814 -0.58213174
vn 0.40729785 0.76256305 -0.5025993
vn 0.24920492 0.78411412 -0.56838542
vn 0.51028413 0.72644162 -0.46031797
vn 0.64004397 0.67636353 -0.36452168
vn 0.98996478 0.071965151 0.12161706
vn 0.99096251 0.05639175 0.12170979
vn -0.42011008 0.77098036 -0.47864053
vn -0.39080298 0.78802067 -0.47570628
vn -0.67587662 0.65079814 -0.34590831
vn -0.63224465 0.68752873 -0.35717076
vn -0.67587566 0.65079874 -0.34590897
vn -0.99126095 0.070238642 0.11166152
vn -0.99006516 0.05678796 0.12863168
vn 0.978782 0.20478778 -0.0069119744
vn 0.99106652 0.13320474 -0.0066096
vn -0.98982143 -1.9796428e-15 -0.14231479
vn 0.98982143 1.9796428e-15 -0.14231479
vn 0.98947078 0.041111443 0.13877133
vn 0.98366475 0.017171182 0.17918937
vn 0.98815817 0.065731578 0.1386462
vn 0.69967556 0.63066733 -0.3357273
vn 0.72566289 0.59314531 -0.34870052
vn 0.9838081 -0.0016888665 0.179217
vn -0.98879606 0.14843406 -0.015803233
vn -0.99122608 0.13217567 -0.00065366324
vn 0.65255404 0.65650034 -0.37839204
vn -0.98374629 0.016904991 0.17876635
vn -0.99128169 0.028123306 0.12872314
vn -0.99513733 0.078175664 0.059919152
vn -0.99513769 0.078246586 0.059820279
vn 0.71034759 0.63515329 -0.30329296
vn 0.72566265 0.59313458 -0.34871924
vn 0.83066046 0.51895618 -0.20171185
vn 0.74603742 0.58727998 -0.31389552
vn 0.29534632 0.80201972 -0.51916754
vn 0.15515846 0.81182957 -0.56290197
vn -0.98388529 -0.0016512615 0.17879331
vn -0.71989101 0.58739614 -0.36976025
vn -0.71734178 0.62376148 -0.31039074
vn -0.72019362 0.62002867 -0.31126454
vn -0.78110558 0.56296825 -0.27007547
vn -0.30452389 0.80974633 -0.50157362
vn -0.28270841 0.82052326 -0.49680728
vn 0.95954078 0.25814441 -0.112441
vn 0.92473173 0.36434069 -0.11012293
vn 0.88129193 0.42349902 -0.20969757
vn -0.96132773 0.25502786 -0.10397015
vn -0.95399046 0.27476016 -0.12003791
vn 0.39945564 0.77525753 -0.48929644
vn 0.54058653 0.73532367 -0.4087362
vn -0.87053078 0.44274521 -0.21483208
vn -0.88804245 0.4163422 -0.19503801
vn 0.19297664 0.8271969 -0.52773607
vn 0.080346286 0.82898748 -0.55346566
vn 0.64833903 0.6952945 -0.31019682
vn 0.99508399 0.098645777 0.0087706316
vn 0.99033868 0.13839796 0.0086753462
vn -0.58440149 0.70895648 -0.39478552
vn -0.58440554 0.70895427 -0.39478344
vn -0.65220255 0.68090951 -0.33315769
vn -0.52767605 0.74168861 -0.41407248
vn -0.19074056 0.83995008 -0.50803733
vn -0.20440364 0.83403599 -0.51244813
vn -0.99503875 0.098303668 0.015306553
vn -0.99360961 0.1128697 -0.00062735885
vn -0.66082913 0.67023003 -0.33778185
vn 0.10872598 0.84091312 -0.53013557
vn 0.032202348 0.83934176 -0.54264951
vn -0.1179584 0.84996879 -0.51345778
vn -0.1240997 0.84755135 -0.51599997
vn 0.052376959 0.84776765 -0.52777523
vn 0.0052497769 0.8459869 -0.53317785
vn 0.55511087 0.71319538 -0.4280237
vn 0.60744202 0.69126886 -0.39135852
vn 0.60741967 0.69126868 -0.3913936
vn 0.99767357 0.031824809 0.060288358
vn 0.99817884 0.0010187813 0.060315903
vn 0.99405831 0.10597753 0.024835642
vn 0.99651563 0.079606399 0.024887111
vn -0.99819827 0.00099813356 0.059993669
vn 0.28869686 0.81305623 -0.50556272
vn 0.43303064 0.78546113 -0.44219372
vn -0.045341879 0.86061305 -0.5072369
vn -0.063730784 0.85397106 -0.51640278
vn 0.017121229 0.85532361 -0.51781112
vn -0.020976584 0.85415059 -0.51960242
vn -0.99560082 0.092436463 0.015313225
vn -0.99630398 0.079954475 0.031394757
vn 0.96040225 0.26159146 -0.095903069
vn 0.97933525 0.17728347 -0.097329423
vn 0.60263014 0.69719929 -0.38826552
vn 0.99858689 0.033675171 0.041112743
vn 0.99767464 0.03182536 0.060270019
vn 0.995233 0.088461705 0.041058853
vn 0.60266519 0.69718397 -0.38823858
vn -0.48340619 0.7614606 -0.43185201
vn -0.50962961 0.75326705 -0.41577202
vn -0.40951663 0.79267734 -0.45161793
vn -0.55977744 0.73757964 -0.37765795
vn 0.99818015 0.0010189355 0.060293887
vn -0.97598088 0.19076851 -0.10520782
vn -0.9800576 0.17622973 -0.091816269
vn -0.66080868 0.67024124 -0.33779958
vn -0.99830741 0.048945043 0.031411733
vn -0.9977417 0.030249542 0.059971012
vn 0.99899256 0.0010188072 0.044863958
vn -0.99899256 0.00099801179 0.044865388
vn -0.99819219 -7.0457072e-06 0.060103092
vn 0.99716049 0.045168784 0.060255554
vn 0.9981795 -1.8827863e-07 0.060312979
vn -0.99819863 -1.9963974e-15 0.059995681
vn 0.88533533 0.42544052 -0.18756783
vn 0.83332616 0.47789094 -0.27782694
vn 0.74420166 0.6175614 -0.25452274
vn 0.93024731 0.31084168 -0.19498059
vn -0.59640592 0.69410473 -0.40313596
vn 0.18628378 0.83916408 -0.51098144
vn 0.32243171 0.82419318 -0.4655571
vn -0.8224178 0.49459732 -0.28107381
vn -0.84129107 0.47148865 -0.26443866
vn -0.93343776 0.30716759 -0.18531594
vn -0.92331171 0.32715854 -0.20115361
vn 0.56796378 0.73739082 -0.3656117
vn 0.58872455 0.71389008 -0.37916273
vn 0.61990452 0.69444901 -0.3653203
vn 0.56797582 0.73739254 -0.36558953
vn 0.50913012 0.7469396 -0.42763039
vn 0.44576621 0.76653594 -0.46229339
vn -0.38268593 0.80336404 -0.45624298
vn -0.38269347 0.80336159 -0.45624104
vn -0.42636847 0.79336357 -0.43449306
vn -0.29485816 0.8327781 -0.46855021
vn 0.98782027 0.13082965 -0.084230125
vn 0.97972769 0.18207055 -0.083570383
vn -0.57740784 0.71732998 -0.38992038
vn -0.61691988 0.69546556 -0.36842582
vn -0.98828894 0.13060859 -0.078907371
vn -0.98542064 0.14291942 -0.092305154
vn 0.10183454 0.85502541 -0.50848919
vn 0.21670462 0.85017705 -0.47983128
vn 0.58874613 0.7138806 -0.37914705
vn -0.57741088 0.71732867 -0.38991824
vn -0.28759113 0.83437932 -0.47021541
vn -0.28754079 0.83439183 -0.4702239
vn -0.28757799 0.83438373 -0.47021556
vn -0.36126068 0.82674932 -0.43124968
vn -0.19767225 0.85512561 -0.47925553
vn 0.72105861 0.61687094 -0.31550705
vn 0.6531477 0.65465993 -0.38055021
vn 0.98802871 0.13728449 -0.070372298
vn 0.99236071 0.1010809 -0.070730977
vn 0.045947772 0.86405373 -0.50129825
vn 0.12627988 0.86452436 -0.48646793
vn -0.64093441 0.66714233 -0.37963688
vn -0.66643 0.64847624 -0.36789897
vn -0.71693438 0.61980337 -0.31913781
vn -0.9905774 0.11178692 -0.079120629
vn -0.99265307 0.10150573 -0.065851711
vn 0.52527893 0.72747201 -0.44143689
vn 0.9324398 0.31455669 -0.17779237
vn 0.95886385 0.21753517 -0.18236916
vn 0.32307413 0.82325625 -0.46676791
vn 0.41727272 0.78715706 -0.45416656
vn 0.41733605 0.7871443 -0.45413047
vn 0.41728488 0.78715789 -0.45415395
vn 0.47414154 0.78550375 -0.39771047
vn 0.47414562 0.78550518 -0.39770284
vn 0.99726003 0.046762336 -0.057321459
vn 0.99703115 0.048426811 -0.059863973
vn 0.99243635 0.10877141 -0.05691155
vn 0.99820232 -1.8828294e-07 -0.059934292
vn -0.99802071 -1.9960414e-15 -0.062886178
vn -0.99700034 0.045207646 -0.062821887
vn -0.98982143 -1.9796428e-15 0.14231479
vn 0.98982143 1.9796428e-15 0.14231479
vn 0.99899262 0.00099382643 -0.044863962
vn 0.9927088 1.9854177e-15 -0.12053712
vn -0.99270886 -1.9854177e-15 -0.12053659
vn -0.99899304 0.00012517162 -0.044865411
vn -0.13805036 0.86448312 -0.48333329
vn -0.13805167 0.86448294 -0.4833332
vn -0.20540732 0.85524929 -0.47576937
vn -0.12016085 0.86698663 -0.48362753
vn -0.2053971 0.85525006 -0.47577232
vn 0.012417922 0.87594748 -0.48224664
vn 0.032117829 0.87021482 -0.49162441
vn 0.063406214 0.870974 -0.48722059
vn -0.95451373 0.23049836 -0.18914035
vn -0.9602775 0.21625933 -0.17634931
vn -0.51433384 0.72382087 -0.45993915
vn -0.99668574 0.047215719 -0.066243276
vn -0.99699974 0.045207884 -0.062831633
vn 0.78125679 0.52529341 -0.33720115
vn 0.83870327 0.47994253 -0.25735572
vn -0.99801946 0.0011893471 -0.062894769
vn -0.54057658 0.68830007 -0.4837561
vn -0.55813211 0.72359359 -0.40607989
vn -0.48772052 0.75647503 -0.43574557
vn 0.89229298 0.36067495 -0.27152684
vn -0.1364623 0.86779433 -0.477819
vn -0.078539453 0.87164348 -0.48380694
vn -0.062029928 0.87502545 -0.48008621
vn -0.078519523 0.87164521 -0.48380712
vn -0.13648371 0.86779249 -0.47781634
vn -0.77111715 0.5388661 -0.33911893
vn -0.78913915 0.52027744 -0.32645184
vn 0.55332249 0.73128992 -0.39880979
vn 0.50445104 0.75238746 -0.42360622
vn -0.017910823 0.87463808 -0.48444548
vn -0.02188674 0.87511486 -0.4834201
vn -0.017882807 0.87532282 -0.48320818
vn -0.017789386 0.87532693 -0.48320419
vn -0.89638722 0.35725307 -0.26241222
vn -0.88471866 0.37542981 -0.27627042
vn 0.50445986 0.75238454 -0.423601
vn -0.54059523 0.68825316 -0.48380202
vn -0.54053938 0.68828279 -0.48382229
vn -0.27178794 0.90538293 -0.32621008
vn -0.48765227 0.75649643 -0.43578482
vn -0.98961747 -1.979235e-15 -0.14372647
vn -0.48769966 0.75648391 -0.43575352
vn 0.22581321 0.83558083 -0.50081241
vn 0.31873703 0.82293278 -0.47030663
vn 0.31873909 0.82293284 -0.4703052
vn 0.97234023 0.15914889 -0.1709564
vn 0.96023357 0.22242682 -0.16875361
vn -0.97297859 0.15913749 -0.1672958
vn -0.96935481 0.16923369 -0.17807658
vn 0.66290504 0.65574902 -0.36131719
vn 0.59036714 0.68900216 -0.42040771
vn 0.4422152 0.75664186 -0.48160028
vn -0.57882905 0.69997412 -0.41832194
vn -0.60447472 0.68361408 -0.40900144
vn -0.39609322 0.78770268 -0.47184181
vn -0.48887387 0.7565484 -0.43432343
vn 0.97336644 0.1647083 -0.15946464
vn 0.97977817 0.11924312 -0.16067296
vn 0.12684499 0.86351979 -0.48810232
vn 0.22546975 0.84994471 -0.47619054
vn 0.28837785 0.85752362 -0.42601818
vn 0.28843158 0.85753059 -0.42596775
vn 0.22549514 0.84994251 -0.47618243
vn 0.22547048 0.84994459 -0.47619033
vn 0.41955301 0.78455102 -0.45656869
vn 0.48163515 0.76659 -0.4246968
vn -0.39604637 0.78771317 -0.47186354
vn -0.97759902 0.12651873 -0.16820557
vn -0.97988713 0.11978546 -0.15960144
vn -0.99801934 0.0011893471 -0.062897086
vn -0.99688959 0.04758155 -0.062825888
vn 0.99820185 0.00099394016 -0.059934285
vn 0.99711555 0.046650056 -0.059869062
vn 0.89562511 0.36430672 -0.25521806
vn 0.92971319 0.25635204 -0.26441815
vn 0.9982022 0.00099398277 -0.059928179
vn 0.97734952 -0.0053299759 -0.21156456
vn 0.98389107 -0.0016471444 -0.1787615
vn 0.98389059 -0.0016473394 -0.1787639
vn -0.9980197 0.0011894276 -0.062891133
vn -0.98283923 -0.0020478449 -0.18445289
vn -0.97735369 -0.0044249049 -0.21156599
vn 0.4195058 0.78456026 -0.45659623
vn 0.72553688 0.56651872 -0.390708
vn 0.78720033 0.52727741 -0.31983459
vn 0.98636508 0.061883677 -0.15249369
vn 0.99711597 0.046649918 -0.059862964
vn 0.9805885 0.12461408 -0.15138538
vn -0.92475611 0.26789692 -0.27029124
vn -0.93141466 0.25535178 -0.25934955
vn -0.71628535 0.57750934 -0.39168647
vn -0.73299652 0.56266689 -0.38225907
vn -0.98508859 0.061571114 -0.16065322
vn -0.99689001 0.047581423 -0.062819943
vn 0.84730369 0.40642217 -0.3419027
vn 0.13942711 0.86697727 -0.47844595
vn 0.13944201 0.86697656 -0.47844285
vn 0.072223067 0.87271202 -0.4828639
vn 0.062298354 0.87339348 -0.4830142
vn 0.13944812 0.86697942 -0.47843593
vn -0.85108584 0.40402511 -0.33528581
vn -0.84007961 0.4181605 -0.34555465
vn -0.38788351 0.79737192 -0.46232495
vn -0.41709137 0.78765714 -0.45346555
vn 0.9827733 0.047638062 -0.17857003
vn 0.97094172 1.9418834e-15 -0.23931606
vn 0.35400212 0.77616739 -0.52177262
vn -0.98169506 0.048251949 -0.18424593
vn 0.6013515 0.69029981 -0.40232143
vn 0.52412355 0.71939039 -0.45582011
vn 0.32982573 0.80903953 -0.48648748
vn 0.41753882 0.78953212 -0.44977817
vn -0.51319361 0.72938651 -0.45235783
vn -0.54001021 0.71442443 -0.44495699
vn -0.38783124 0.79738426 -0.46234754
vn 0.030253055 0.87859643 -0.47660583
vn 0.030262316 0.87859488 -0.47660801
vn -0.012591341 0.8975082 -0.44081792
vn 0.071359478 0.87602216 -0.47696227
vn 0.071365833 0.87602216 -0.47696128
vn -0.016176187 0.89922518 -0.4371869
vn -0.29402989 0.82638317 -0.48024705
vn -0.35564792 0.80370539 -0.47704524
vn 0.94864768 0.184912 -0.25666156
vn 0.93188787 0.26088613 -0.25203845
vn -0.9489156 0.18522811 -0.25544018
vn -0.9452796 0.19269247 -0.26327953
vn 0.32303444 0.81760877 -0.47661796
vn 0.35303605 0.80905968 -0.46988079
vn 0.32310209 0.81759602 -0.476594
vn -0.29399481 0.82638878 -0.48025897
vn 0.66532671 0.60294849 -0.44021979
vn 0.7317636 0.56839526 -0.37609693
vn 0.24103145 0.82676148 -0.50830036
vn 0.9501102 0.18924427 -0.24794611
vn 0.95894051 0.13309212 -0.2504389
vn -0.29403925 0.82638407 -0.48023984
vn -0.65642774 0.61263371 -0.44020736
vn -0.67337632 0.59950864 -0.43261266
vn 0.85106313 0.40949082 -0.32864696
vn 0.89214534 0.29294014 -0.34389353
vn -0.28497058 0.82685423 -0.48487505
vn -0.21218686 0.84491944 -0.491007
vn -0.95644718 0.13725273 -0.25762463
vn -0.95818603 0.13363801 -0.25302246
vn -0.88722843 0.30172247 -0.34898323
vn -0.89325303 0.29259914 -0.34129858
vn 0.53692049 0.72097647 -0.43807453
vn 0.45641038 0.74575788 -0.48531923
vn 0.96654439 0.068267576 -0.24724777
vn 0.98277402 0.047638033 -0.17856604
vn 0.95983559 0.13616832 -0.24530351
vn 0.79664695 0.4468323 -0.40705591
vn -0.44612578 0.75515413 -0.48032698
vn -0.47476795 0.74110323 -0.47472242
vn 0.2322666 0.8400721 -0.49023575
vn 0.28177997 0.83304095 -0.47607017
vn -0.79982585 0.44522566 -0.40255767
vn -0.78998196 0.45597225 -0.4098998
vn -0.21219756 0.84491837 -0.49100423
vn -0.96456093 0.068088941 -0.25492373
vn -0.98169547 0.048251938 -0.18424377
vn -0.90963179 -1.8192635e-15 0.41541547
vn 0.90963203 1.8192641e-15 0.41541493
vn 0.23226292 0.84007245 -0.49023688
vn -0.98281747 -0.0070479857 -0.18444535
vn 0.15291016 0.83859169 -0.52285987
vn -0.14936483 0.83936483 -0.5226441
vn -0.14157034 0.8569575 -0.49556196
vn -0.2173453 0.84760761 -0.48406857
vn 0.21754505 0.84958851 -0.48049295
vn 0.14480761 0.85604149 -0.49620932
vn -0.14159028 0.85695648 -0.49555805
vn 0.93501657 1.8700332e-15 -0.35460401
vn -0.93501639 -1.8700328e-15 -0.35460448
vn 0.9553687 0.00081593974 -0.29541487
vn 0.95426846 0.048017971 -0.2950694
vn 0.14290103 0.86000842 -0.48986202
vn 0.16205879 0.85711539 -0.48896849
vn 0.91616583 0.20788987 -0.34266883
vn 0.89453274 0.29643181 -0.33457342
vn -0.95365739 0.00096122525 -0.30089316
vn -0.95255899 0.048032578 -0.30053985
vn 0.074635521 0.86376089 -0.49834397
vn 0.074690267 0.86376035 -0.49833667
vn -0.13961805 0.86117429 -0.48875934
vn -0.15925482 0.85969239 -0.48535231
vn -0.080434591 0.86325383 -0.49832025
vn -0.9154883 0.20849641 -0.34410813
vn -0.9127025 0.21298254 -0.34872994
vn -0.10907716 0.86462092 -0.49044147
vn -0.079115137 0.86904651 -0.48836353
vn 0.47160506 0.74774539 -0.46740291
vn 0.38713929 0.76876867 -0.50903618
vn -0.93458766 -1.8691753e-15 -0.35573286
vn 0.60068119 0.63553238 -0.48505744
vn 0.67235595 0.60488135 -0.42668021
vn -0.37783286 0.77745962 -0.50279105
vn -0.40745321 0.7646873 -0.49923465
vn 0.072789878 0.87086558 -0.48610166
vn 0.10765029 0.87023538 -0.48073044
vn -0.59189367 0.64478034 -0.48365292
vn -0.61061668 0.63202202 -0.47717446
vn -0.018624665 0.86381644 -0.50346226
vn 0.031105176 0.86738479 -0.49666497
vn -0.06386251 0.87198073 -0.48535678
vn -0.017955372 0.87281948 -0.48771277
vn -0.018030377 0.87282026 -0.48770863
vn 0.030618507 0.87399316 -0.48497263
vn 0.064059399 0.8734839 -0.48262018
vn -0.012542471 0.87129617 -0.49059728
vn -0.018152604 0.87090188 -0.49112153
vn -0.013805494 0.87096238 -0.49115568
vn 0.01287679 0.86922479 -0.4942494
vn 0.91754228 0.21066067 -0.3372511
vn 0.92894274 0.1427917 -0.3415786
vn 0.8004626 0.44936702 -0.3966471
vn 0.84758091 0.32521543 -0.41933465
vn 0.74066508 0.48240775 -0.46765158
vn -0.84294444 0.33159781 -0.42365974
vn -0.84793597 0.32526985 -0.41857389
vn -0.92615873 0.14476821 -0.34824154
vn -0.92713362 0.14321755 -0.34628311
vn -0.74446148 0.48076895 -0.46329078
vn -0.73405546 0.49063912 -0.469506
vn 0.93706954 0.069094084 -0.34223783
vn 0.95427203 0.048013434 -0.29505873
vn 0.95426667 0.048017927 -0.29507518
vn 0.92955863 0.14420831 -0.33930036
vn 0.95536691 0.00081611139 -0.29542068
vn -0.95256203 0.04803266 -0.30053031
vn -0.9525581 0.048035253 -0.30054229
vn -0.93448943 0.069097802 -0.34922057
vn -0.95366043 0.00096099527 -0.30088344
vn 0.40456995 0.77119291 -0.49151257
vn 0.31657827 0.78846216 -0.52735716
vn -0.30860826 0.79642069 -0.52007216
vn -0.3385748 0.78508812 -0.51865572
vn 0.53321326 0.66459137 -0.52345198
vn 0.60935092 0.63774121 -0.47114503
vn -0.52478653 0.67339295 -0.52071208
vn -0.54503089 0.6611535 -0.51557481
vn -0.95365649 0.00096099527 -0.30089584
vn 0.95537108 0.00081611139 -0.2954073
vn 0.89603049 -0.0054247249 -0.44395936
vn 0.91307622 -0.0012352392 -0.407787
vn 0.91307807 -0.0012350406 -0.40778291
vn -0.9105947 -0.0016049234 -0.41329733
vn -0.91059369 -0.0016050506 -0.41329965
vn -0.89603144 -0.0053184344 -0.44395876
vn 0.87606508 0.22686356 -0.4254913
vn 0.84981591 0.32776508 -0.41277477
vn -0.87442517 0.22752629 -0.42850024
vn -0.87270987 0.22980732 -0.43077385
vn 0.24789438 0.8045522 -0.53967041
vn 0.33608532 0.79139119 -0.51063353
vn -0.24142765 0.81192219 -0.53150266
vn -0.27154016 0.8019011 -0.53218466
vn 0.91194701 0.049849261 -0.40726858
vn 0.88545638 1.7709127e-15 -0.46472248
vn -0.9094786 0.049571633 -0.41278481
vn 0.67937887 0.5146696 -0.52302921
vn 0.74511433 0.48492411 -0.45787904
vn 0.79739106 0.35300252 -0.48944527
vn -0.68485355 0.51268071 -0.5178166
vn -0.67256677 0.52296007 -0.52360934
vn -0.79276717 0.35862911 -0.49285433
vn -0.79798967 0.35290176 -0.48854151
vn 0.8770287 0.22835124 -0.42270121
vn 0.89073223 0.14895049 -0.42942971
vn 0.26939604 0.80806065 -0.52389282
vn 0.183256 0.81739706 -0.54614955
vn -0.17843078 0.82410401 -0.53760123
vn -0.20746434 0.81555879 -0.54020596
vn -0.88786924 0.14926209 -0.43521148
vn -0.88789403 0.14922996 -0.43517196
vn 0.46202165 0.690678 -0.5563271
vn 0.54362524 0.66710496 -0.50935507
vn 0.89883155 0.065896399 -0.43331227
vn 0.91194493 0.049849167 -0.40727332
vn 0.89080244 0.14907344 -0.42924136
vn -0.45420629 0.69887614 -0.55251133
vn -0.47524968 0.68756807 -0.54898804
vn -0.75575018 -1.5115003e-15 0.65486008
vn 0.75574982 1.5114997e-15 0.65486044
vn -0.90947855 0.04957163 -0.41278499
vn -0.8959229 0.065797389 -0.4393096
vn 0.12431973 0.82736731 -0.54772979
vn 0.20583782 0.82139069 -0.53192866
vn -0.12119994 0.83313537 -0.53962588
vn -0.14707936 0.82634932 -0.54361242
vn 0.073316306 0.83473235 -0.54575324
vn 0.14614871 0.8315239 -0.53591847
vn -0.071664952 0.839203 -0.53907561
vn -0.092135563 0.83434719 -0.54348487
vn 0.83034945 0.24188174 -0.50200897
vn 0.79993075 0.35541424 -0.48351997
vn 0.012758171 0.87076259 -0.4915382
vn 0.012739819 0.87098294 -0.49114808
vn 0.031130584 0.83973736 -0.54209965
vn 0.091772594 0.83847642 -0.53715467
vn -0.01258013 0.87076449 -0.4915393
vn -0.012563222 0.87098503 -0.49114886
vn -0.030864365 0.83970773 -0.54216081
vn -0.82817805 0.24244902 -0.50531137
vn -0.82710385 0.24368052 -0.506477
vn 0.61305898 0.54454619 -0.57238811
vn 0.68520588 0.51754916 -0.51248002
vn -0.6194458 0.5426327 -0.56730652
vn -0.60651094 0.55226874 -0.5719648
vn 0.47400385 0.69348288 -0.54258811
vn 0.38739756 0.71356982 -0.5837304
vn -0.38034603 0.72139657 -0.57872605
vn -0.40261382 0.71074706 -0.57683682
vn 0.74147862 0.37815297 -0.55426508
vn -0.73672789 0.38371056 -0.5567748
vn -0.74278295 0.377846 -0.55272585
vn -0.83472145 -1.6694429e-15 -0.55067247
vn 0.82298362 1.6459672e-15 -0.56806511
vn -0.82298362 -1.6459672e-15 -0.56806511
vn 0.83100474 0.24271919 -0.50051832
vn 0.84653974 0.15215607 -0.51011664
vn 0.85803366 0.00062257028 -0.51359302
vn 0.85681772 0.053152587 -0.51287252
vn -0.028977945 0.83876967 -0.54371476
vn 0.029180858 0.83875996 -0.54371887
vn -0.84379864 0.15058894 -0.51509887
vn -0.84226805 0.15229043 -0.51709974
vn -0.85493255 0.00079049496 -0.51873863
vn -0.85372841 0.052991353 -0.51801521
vn 0.85380781 0.05633913 -0.5175308
vn 0.85681456 0.053152431 -0.51287776
vn 0.84552741 0.15069512 -0.51222491
vn 0.85803181 0.00062280596 -0.51359624
vn -0.85372663 0.052991264 -0.51801813
vn -0.85074097 0.055891167 -0.52260506
vn -0.85493243 0.00079050992 -0.51873881
vn 0.31293067 0.73288161 -0.60411829
vn 0.40136933 0.71682334 -0.57014644
vn -0.3069517 0.74036443 -0.5980311
vn -0.33009216 0.73045421 -0.59789282
vn 0.54060006 0.57193792 -0.61695915
vn 0.61986899 0.54755598 -0.5620898
vn -0.54795206 0.5701071 -0.61214906
vn -0.53437096 0.57915866 -0.61564833
vn 0.77871674 0.25440055 -0.57348114
vn 0.7447114 0.38079202 -0.54808974
vn -0.77567935 0.25496808 -0.5773325
vn -0.77553505 0.25511432 -0.57746178
vn 0.6783216 0.40197283 -0.61505908
vn 0.32888165 0.73665744 -0.59090835
vn 0.24049774 0.7488094 -0.6176126
vn -0.23580869 0.75578547 -0.61088669
vn -0.25874159 0.74693495 -0.61248749
vn -0.66123128 0.44280007 -0.60555869
vn -0.6989668 0.39608106 -0.5954538
vn 0.77886832 0.25456679 -0.57320148
vn 0.7957809 0.15253781 -0.5860588
vn -0.54063964 -1.0812793e-15 0.84125429
vn 0.54064023 1.0812804e-15 0.84125394
vn -0.79307139 0.14866111 -0.59070939
vn -0.78915441 0.15249528 -0.5949626
vn -0.85492891 0.00079050992 -0.51874459
vn -0.85354656 0.056737322 -0.51791811
vn 0.85803765 0.00062280596 -0.51358646
vn 0.856637 0.056967538 -0.51276481
vn 0.76039743 -0.0047007035 -0.649441
vn 0.79037333 -0.00079918047 -0.61262494
vn -0.78688061 -0.001132829 -0.61710423
vn -0.76039708 -0.0047314549 -0.64944118
vn 0.17141134 0.76153445 -0.62504673
vn 0.25775135 0.75302446 -0.60540766
vn -0.16809431 0.76769316 -0.61837816
vn -0.18916325 0.76031786 -0.62139684
vn 0.54839867 0.57509774 -0.60705972
vn 0.46282822 0.59640241 -0.65581572
vn 0.80087948 0.044143051 -0.59719634
vn 0.7891137 0.056355905 -0.61165637
vn 0.79289138 0.14896941 -0.59087342
vn -0.47239777 0.59448308 -0.65071517
vn -0.45691651 0.60377038 -0.65321404
vn -0.79707253 0.056106105 -0.60127157
vn 0.74851054 1.497021e-15 -0.66312289
vn -0.78614694 0.043118298 -0.6165337
vn 0.10782319 0.77110755 -0.62750876
vn 0.18858871 0.76590979 -0.61466783
vn -0.10591022 0.77607852 -0.62167931
vn -0.12329066 0.77049839 -0.62540519
vn 0.71805084 0.2651943 -0.64348656
vn 0.68142766 0.40419176 -0.61015195
vn 0.03569128 0.79087073 -0.61094159
vn 0.029194236 0.83867788 -0.54384476
vn 0.029052744 0.84013367 -0.54160076
vn 0.055958699 0.77765393 -0.62619728
vn 0.12308535 0.77517867 -0.6196354
vn -0.028856801 0.84013844 -0.5416038
vn -0.028991012 0.83868694 -0.54384166
vn -0.035288617 0.79089272 -0.61093652
vn -0.055751748 0.77759492 -0.62628901
vn -0.68945056 0.36815932 -0.62379211
vn -0.71300083 0.26583862 -0.64881402
vn -0.71502578 0.26401085 -0.64733022
vn 0.60718668 0.42347357 -0.67230535
vn -0.58992177 0.46636367 -0.65916401
vn -0.59446967 0.46137258 -0.65859032
vn 0.38286856 0.61788636 -0.68675184
vn 0.47255543 0.60010952 -0.64541453
vn -0.39437237 0.6160832 -0.68184447
vn -0.37764156 0.62519431 -0.6830219
vn 0.71673971 0.26394388 -0.64545935
vn 0.73448062 0.14981796 -0.6618858
vn -0.73165488 0.14413475 -0.66626292
vn -0.72543198 0.14955083 -0.67185044
vn -0.61772066 0.38690671 -0.68463451
vn -0.61976606 0.38443118 -0.68418032
vn -0.69480747 -1.3896149e-15 -0.71919578
vn 0.73601383 0.054571148 -0.67476344
vn 0.7896198 0.043536831 -0.61204994
vn 0.72950226 0.14448486 -0.66854364
vn 0.7903372 -0.0093781929 -0.61260033
vn -0.78614396 0.043118138 -0.61653751
vn -0.7324729 0.054181382 -0.67863673
vn -0.78684878 -0.0086861085 -0.61708474
vn 0.34790957 0.63007486 -0.6942367
vn 0.39435872 0.62210858 -0.67635942
vn 0.28897429 0.67556453 -0.67831147
vn -0.31490582 0.63474602 -0.70564282
vn -0.29820311 0.64307141 -0.70536095
vn 0.51551491 0.48788309 -0.70442492
vn 0.56321275 0.43626031 -0.70176089
vn 0.6106075 0.42566121 -0.66781062
vn 0.66312307 1.3262461e-15 -0.74851042
vn -0.66312331 -1.3262466e-15 -0.74851018
vn -0.51245087 0.48852631 -0.70621252
vn -0.51825583 0.4825463 -0.70608777
vn -0.28173304 -5.6346606e-16 0.9594928
vn 0.28173286 5.6346575e-16 0.95949286
vn 0.6487686 0.27311781 -0.71028584
vn 0.71067911 0.00039364479 -0.70351619
vn 0.71028709 0.033481814 -0.70311534
vn -0.64359897 0.27352199 -0.71481889
vn -0.64583325 0.2716963 -0.71349877
vn -0.706469 0.0006198443 -0.70774376
vn -0.70609236 0.03290135 -0.70735502
vn 0.21414711 0.68373126 -0.69760484
vn -0.2353815 0.65011579 -0.72245765
vn -0.21957505 0.65738982 -0.72085047
vn -0.54091531 0.40456009 -0.73738843
vn -0.54430014 0.40070143 -0.73700458
vn 0.64709258 0.27169585 -0.71235704
vn 0.66504985 0.14445582 -0.73269445
vn -0.6623227 0.13891545 -0.73622763
vn -0.65583533 0.14405969 -0.74103093
vn -0.038682643 0.72521627 -0.68743366
vn 0.039153926 0.72518724 -0.68743759
vn 0.43522546 0.50239182 -0.74711531
vn -0.43086815 0.50844264 -0.74554592
vn -0.43732285 0.50211912 -0.74607313
vn 0.14021894 0.69510156 -0.70510459
vn 0.22020774 0.68904406 -0.69045407
vn -0.1450327 0.6627146 -0.73469371
vn 0.71068048 0.00039359438 -0.70351481
vn 0.71028882 0.0334819 -0.70311362
vn 0.7102766 0.033485506 -0.70312577
vn 0.6650238 0.050204374 -0.7451328
vn 0.6595121 0.13918185 -0.73869628
vn -0.70646429 0.00061999424 -0.70774841
vn -0.70608807 0.032901138 -0.70735931
vn -0.66178513 0.049880266 -0.74803233
vn -0.70608264 0.032902475 -0.70736462
vn 0.57310539 0.27943945 -0.77036601
vn 0.54646581 0.40359479 -0.73381627
vn -0.5699572 0.27959156 -0.77264309
vn -0.5700298 0.27953684 -0.77260935
vn 0.039137658 0.72539645 -0.68721771
vn 0.039152171 0.72521508 -0.68740833
vn 0.055577863 0.70328581 -0.70873135
vn 0.14611398 0.69986862 -0.69916707
vn -0.22983778 0.69124985 -0.68508995
vn -0.040337294 0.70318156 -0.70986515
vn -0.038668141 0.72540975 -0.68723029
vn -0.70645893 0.00061999424 -0.70775378
vn 0.71066982 0.00039359438 -0.7035256
vn 0.57866269 -0.0055867592 -0.81554788
vn 0.6225028 -0.00039565525 -0.78261745
vn 0.62249935 -0.00039586259 -0.78262025
vn -0.61780131 -0.00072788924 -0.78633392
vn -0.57866877 -0.0031634995 -0.81555653
vn -0.055391204 0.72467619 -0.68685973
vn 0.23940769 0.61542743 -0.75095475
vn 0.32632002 0.60554039 -0.72583473
vn 0.62226945 0.026938602 -0.78233945
vn -0.61757463 0.026841948 -0.78605413
vn 0.56806481 1.1361295e-15 -0.82298386
vn 0.43840978 0.50718015 -0.74200076
vn 0.46221608 0.41637164 -0.78293741
vn -0.45848301 0.42081872 -0.78275472
vn -0.46259561 0.41634786 -0.78272587
vn 0.35006809 0.51976907 -0.77928972
vn -0.34640631 0.52551258 -0.77707088
vn -0.35279664 0.51947594 -0.77825397
vn 0.57299453 0.27935386 -0.7704795
vn 0.59058821 0.13864823 -0.79497313
vn -0.58784556 0.13422221 -0.79776061
vn -0.58234912 0.1382914 -0.80108988
vn 0.15932344 0.62727255 -0.7623288
vn 0.24447173 0.62063569 -0.74501336
vn 0.62227219 0.026938723 -0.78233725
vn 0.59035528 0.043428671 -0.8059743
vn 0.58571428 0.13442481 -0.79929262
vn 0.48994261 0.28619829 -0.82343596
vn 0.46445307 0.42002243 -0.77965665
vn -0.58728343 0.04282726 -0.80824751
vn -0.61757606 0.026842009 -0.786053
vn -0.61777753 -0.0095539857 -0.78629488
vn -0.48825029 0.28623512 -0.82442772
vn -0.48694575 0.28715259 -0.82488012
vn 0.085073292 0.63579875 -0.76715219
vn 0.16443509 0.63211232 -0.75722855
vn 0.054447848 0.86710656 -0.49513802
vn -0.088944279 0.63562143 -0.76686007
vn -0.054760441 0.86326569 -0.5017705
vn -0.084075183 0.63958287 -0.76411068
vn -0.16325784 0.6320883 -0.75750333
vn -0.52156252 -1.0431251e-15 -0.85321307
vn 0.26337603 0.53422266 -0.80326784
vn 0.35375535 0.52460271 -0.77437019
vn -0.26055264 0.5395996 -0.80059016
vn -0.26668614 0.53392726 -0.80237162
vn -0.018201696 0.64041513 -0.76781321
vn 0.018600024 0.64040273 -0.76781404
vn 0.37471268 0.43068179 -0.82103813
vn -0.37570706 0.43057007 -0.82064223
vn -0.371503 0.43498805 -0.82022613
vn 0.018593485 0.64090824 -0.76739228
vn 0.089249648 0.63952798 -0.76356953
vn 0.018500743 0.64348978 -0.76523107
vn -0.018115001 0.64349431 -0.7652365
vn -0.018213302 0.64041591 -0.76781231
vn -0.017705301 0.6407575 -0.76753914
vn 0.017885568 0.64041203 -0.76782322
vn 0.46472338 9.2944671e-16 -0.88545591
vn -0.46472293 -9.2944586e-16 -0.88545614
vn 0.52386636 8.6232816e-05 -0.85180044
vn 0.52373821 0.022024866 -0.85159451
vn 0.17776841 0.54564941 -0.81894147
vn 0.26745644 0.53902858 -0.79869598
vn 0.49097139 0.28693193 -0.8225674
vn 0.5075134 0.13366029 -0.85121387
vn -0.17580914 0.55063063 -0.81602514
vn -0.18151434 0.5453831 -0.81829691
vn -0.51914918 0.00029934559 -0.85468358
vn -0.51902056 0.022156047 -0.85447454
vn -0.50482053 0.13017391 -0.85335279
vn -0.50024879 0.13337126 -0.8555485
vn 0.39364845 0.34001544 -0.85406697
vn 0.43492755 0.29090956 -0.85217935
vn 0.37730291 0.43441123 -0.81788105
vn -0.39761388 0.29279947 -0.86958134
vn 0.28448161 0.44268131 -0.85035491
vn -0.28192475 0.44698283 -0.84895509
vn -0.28624511 0.44252568 -0.84984398
vn 0.50738436 0.021425726 -0.86145347
vn 0.50334114 0.13033387 -0.85420185
vn 0.52386439 8.6376873e-05 -0.85180169
vn 0.52354342 0.034921832 -0.85128301
vn -0.50435632 0.030957378 -0.86294055
vn -0.51902342 0.022156151 -0.85447282
vn -0.51915133 0.00029919832 -0.85468227
vn 0.096743613 0.55417252 -0.82676083
vn 0.18208711 0.55034149 -0.81484264
vn -0.095713764 0.55792642 -0.8243525
vn -0.099956766 0.55398434 -0.82650465
vn 0.017838744 0.6417948 -0.76666892
vn 0.017887834 0.64046794 -0.76777655
vn 0.038072318 0.55939102 -0.8280291
vn 0.10038069 0.55789924 -0.82381558
vn -0.017673591 0.64179671 -0.76667118
vn -0.017717998 0.6404776 -0.76777244
vn -0.037836965 0.55923837 -0.828143
vn -0.0077215326 0.53019923 -0.84783792
vn 0.008134461 0.530195 -0.84783673
vn 0.19437119 0.45243517 -0.87035751
vn 0.28750309 0.44662249 -0.84727228
vn -0.19253621 0.45682842 -0.86846852
vn -0.19699116 0.45224616 -0.86986661
vn 0.30125648 0.34580556 -0.88862985
vn -0.45910501 0.33351597 -0.82340127
vn -0.30151179 0.34573159 -0.8885721
vn -0.2989445 0.34862429 -0.88830924
vn 0.40724027 0.24723497 -0.87922138
vn 0.41649225 0.12953235 -0.8998642
vn -0.40472564 0.24723063 -0.88038296
vn -0.41404074 0.12723601 -0.90132195
vn -0.41092667 0.1293209 -0.90244967
vn -0.51919073 0.00029919832 -0.85465837
vn -0.51889843 0.033549752 -0.8541773
vn 0.52389884 8.6376873e-05 -0.85178047
vn 0.52357918 0.034927387 -0.85126078
vn 0.41730881 -0.00015724383 -0.90876472
vn 0.36185166 -0.0055438909 -0.93221921
vn 0.41740459 -0.00015042693 -0.90872073
vn 0.41733477 -0.00015691371 -0.9087528
vn -0.41187471 -0.00041226915 -0.9112404
vn -0.41187924 -0.00041220061 -0.91123831
vn -0.4118681 -0.0004132569 -0.91124338
vn -0.36185169 -0.0055314894 -0.93221927
vn 0.41722244 0.021051306 -0.90856057
vn 0.10747309 0.46014485 -0.88131505
vn 0.19785389 0.45665005 -0.86736643
vn -0.10645714 0.46366119 -0.87959373
vn -0.10999475 0.45998153 -0.88108921
vn -0.41178718 0.021496912 -0.91102648
vn 0.35460523 7.0921047e-16 -0.9350161
vn 0.41724747 0.021052046 -0.90854901
vn 0.41672954 0.021423837 -0.90877801
vn 0.41354886 0.12734568 -0.90153223
vn -0.41419107 0.021567451 -0.9099344
vn -0.41180411 0.019728227 -0.91105884
vn 0.30316323 0.34846026 -0.8869428
vn 0.31292057 0.25029871 -0.91620481
vn -0.3107934 0.251477 -0.91660613
vn -0.31182665 0.25023466 -0.91659522
vn 0.008205615 0.52751565 -0.84950572
vn 0.0081281876 0.53019351 -0.84783775
vn 0.048569102 0.46509603 -0.88392687
vn 0.11056879 0.46369043 -0.87907094
vn -0.0077860453 0.52751738 -0.84950852
vn -0.0077151931 0.53019768 -0.84783894
vn -0.048466928 0.46492463 -0.88402265
vn 0.20796362 0.35270661 -0.9123317
vn -0.20945227 0.35259506 -0.91203427
vn -0.20625542 0.35618851 -0.91136622
vn -0.3232944 -6.4658879e-16 -0.94629842
vn 0.31373501 0.25146899 -0.91560566
vn 0.3213082 0.12668693 -0.93846226
vn -0.31927088 0.12609376 -0.93923718
vn -0.31853229 0.12657465 -0.93942326
vn -0.013635512 0.39861253 -0.91701806
vn 0.014107868 0.39860868 -0.91701257
vn 0.11654454 0.35876429 -0.92612392
vn 0.21057512 0.35610762 -0.91040951
vn -0.11829238 0.35864884 -0.92594707
vn -0.11554311 0.36177123 -0.92507911
vn 0.21783572 0.25371262 -0.94243169
vn -0.21623476 0.25608397 -0.942159
vn -0.21827751 0.25363669 -0.94234991
vn 0.23931462 4.786292e-16 -0.97094208
vn -0.23931485 -4.7862973e-16 -0.97094202
vn 0.41731456 0.021435609 -0.90850925
vn 0.32293952 0.024244992 -0.946109
vn 0.32055873 0.12616003 -0.93878949
vn -0.32090762 0.025357932 -0.94677097
vn -0.41179135 0.019727971 -0.91106462
vn 0.014016165 0.40339577 -0.91491824
vn 0.014116476 0.39860213 -0.91701531
vn 0.04523604 0.36300084 -0.93069011
vn 0.11900018 0.36180887 -0.92462605
vn -0.013553043 0.40339833 -0.91492409
vn -0.045100026 0.36287051 -0.93074751
vn -0.013644188 0.39860579 -0.91702086
vn 0.30698574 -0.00021075134 -0.9517141
vn 0.30695722 0.013292105 -0.95163047
vn -0.3010267 5.4990691e-05 -0.95361573
vn -0.301002 0.012447868 -0.95354223
vn 0.21958907 0.25608966 -0.94138128
vn 0.22518936 0.12575549 -0.96616524
vn -0.22367743 0.126635 -0.96640158
vn -0.22511588 0.12571186 -0.96618807
vn 0.12337118 0.25757664 -0.95834953
vn -0.12240068 0.25979188 -0.95787591
vn -0.12430529 0.25749296 -0.9582513
vn -0.027330115 0.26135871 -0.96485478
vn 0.027771393 0.26136154 -0.96484137
vn 0.027771957 0.26131463 -0.96485406
vn 0.027782002 0.26056468 -0.9650566
vn 0.1251252 0.25985637 -0.9575063
vn -0.027330549 0.26131782 -0.9648658
vn -0.027330497 0.26132217 -0.96486461
vn -0.028199656 0.2604582 -0.96507323
vn 0.02851882 0.26132002 -0.96483082
vn 0.2282254 0.026353247 -0.97325158
vn 0.19080348 0.034296587 -0.98102891
vn 0.30696651 0.013292224 -0.95162749
vn 0.22655556 0.12667827 -0.96572524
vn -0.30100134 0.01244786 -0.95354247
vn -0.30104733 0.012438331 -0.95352805
vn -0.22673729 0.028141653 -0.97354931
vn 0.30699459 -0.00021097195 -0.95171124
vn -0.30102625 5.5001336e-05 -0.95361584
vn 0.12854703 0.12652653 -0.98359883
vn -0.12760745 0.12734367 -0.98361576
vn -0.12894472 0.12648967 -0.98355156
vn 0.1909298 0.00022176854 -0.98160368
vn 0.19093329 0.00022176854 -0.98160297
vn 0.19092461 0.0085144583 -0.9815678
vn -0.30107063 5.5001336e-05 -0.95360184
vn 0.12310581 -0.0037327311 -0.99238652
vn 0.072483964 -0.0099215973 -0.99732023
vn 0.19092914 0.00022156103 -0.9816038
vn -0.18455131 -3.4498149e-05 -0.9828229
vn -0.12310592 -0.0036271585 -0.99238694
vn -0.061471589 -0.011184883 -0.99804616
vn -0.18455246 -3.4439294e-05 -0.98282266
vn -0.1845441 0.0079083554 -0.98279244
vn 0.12053709 2.4107421e-16 -0.9927088
vn 0.028462298 0.26622748 -0.96348995
vn 0.028523978 0.26132837 -0.96482843
vn 0.052302748 0.12750819 -0.99045753
vn 0.12987293 0.12739857 -0.98331207
vn -0.028140018 0.2662299 -0.96349871
vn -0.028196098 0.26132318 -0.96483946
vn -0.052038401 0.12744446 -0.99047965
vn -0.10951717 -2.1903433e-16 -0.99398488
vn -0.067337811 0.13614659 -0.98839754
vn 0.067399792 0.13617651 -0.98838919
vn 0.13086405 0.028465426 -0.99099159
vn 0.19092052 0.0085144285 -0.98156857
vn -0.18454522 0.0079083638 -0.9827922
vn -0.12991644 0.028195359 -0.99112397
vn 0.072490327 0.0079722432 -0.99733728
vn -0.061476424 0.0071205557 -0.99808311
vn 0.023552524 0.0078118779 -0.99969208
vn 0.023533925 0.034301504 -0.99913442
vn -0.023053706 0.034285598 -0.99914616
vn -0.063367717 0.0071267043 -0.9979648
vn -0.0230537 0.034297377 -0.99914575
vn -0.061474767 -2.2591867e-06 -0.99810863
vn -0.061474983 0.0016773378 -0.99810719
vn 0.072475575 -0.00073006621 -0.99736995
vn 0.072440691 0.034805469 -0.99676526
vn 0.067003973 0.034226079 -0.9971655
vn 0.0097280219 -2.2633606e-06 -0.99995267
vn 0.0097271418 0.0016619709 -0.9999513

# Mesh '' with 5376 faces
usemtl DefaultMaterial
f  1//1 2//1 3//1
f  2//2 4//2 3//2
f  5//3 6//3 3//3
f  6//4 7//4 3//4
f  8//5 5//5 3//5
f  9//6 10//6 3//6
f  11//7 12//7 3//7
f  12//8 13//8 3//8
f  14//9 11//9 3//9
f  15//10 1//10 3//10
f  16//11 15//11 3//11
f  17//12 16//12 3//12
f  18//13 17//13 3//13
f  13//14 18//14 3//14
f  10//15 14//15 3//15
f  7//16 9//16 3//16
f  19//17 8//17 3//17
f  4//18 20//18 3//18
f  21//19 22//19 3//19
f  23//20 24//20 3//20
f  24//21 25//21 3//21
f  25//22 21//22 3//22
f  22//23 26//23 3//23
f  26//24 27//24 3//24
f  27//25 19//25 3//25
f  28//26 29//26 3//26
f  30//27 31//27 3//27
f  32//28 33//28 3//28
f  33//29 34//29 3//29
f  35//30 28//30 3//30
f  34//31 35//31 3//31
f  20//32 36//32 3//32
f  36//33 32//33 3//33
f  31//34 37//34 3//34
f  38//35 30//35 3//35
f  39//36 38//36 3//36
f  29//37 39//37 3//37
f  37//38 40//38 3//38
f  40//39 41//39 3//39
f  41//40 42//40 3//40
f  42//41 43//41 3//41
f  43//42 44//42 3//42
f  44//43 23//43 3//43
f  4//44 45//44 20//44
f  45//45 36//45 20//45
f  46//46 47//46 19//46
f  47//47 48//47 19//47
f  48//48 8//48 19//48
f  27//49 49//49 19//49
f  49//50 46//50 19//50
f  50//51 51//51 37//51
f  51//52 52//52 37//52
f  52//53 40//53 37//53
f  31//54 53//54 37//54
f  53//55 54//55 37//55
f  54//56 55//56 37//56
f  55//57 56//57 37//57
f  56//58 57//58 37//58
f  57//59 50//59 37//59
f  58//60 59//60 14//60
f  59//61 11//61 14//61
f  10//62 58//62 14//62
f  9//63 58//63 10//63
f  60//64 58//64 9//64
f  7//65 60//65 9//65
f  6//66 60//66 7//66
f  59//67 12//67 11//67
f  61//68 60//68 6//68
f  5//69 61//69 6//69
f  62//70 13//70 12//70
f  59//71 62//71 12//71
f  8//72 61//72 5//72
f  63//73 18//73 13//73
f  62//74 63//74 13//74
f  63//75 17//75 18//75
f  48//76 61//76 8//76
f  63//77 16//77 17//77
f  47//78 61//78 48//78
f  39//79 64//79 38//79
f  64//80 65//80 38//80
f  65//81 30//81 38//81
f  29//82 66//82 39//82
f  66//83 64//83 39//83
f  65//84 31//84 30//84
f  46//85 67//85 47//85
f  67//86 61//86 47//86
f  28//87 68//87 29//87
f  68//88 66//88 29//88
f  35//89 69//89 28//89
f  69//90 68//90 28//90
f  49//91 70//91 46//91
f  70//92 71//92 46//92
f  72//93 67//93 46//93
f  71//94 72//94 46//94
f  73//95 53//95 31//95
f  65//96 73//96 31//96
f  34//97 69//97 35//97
f  73//98 54//98 53//98
f  74//99 55//99 54//99
f  73//100 74//100 54//100
f  33//101 75//101 34//101
f  75//102 69//102 34//102
f  74//103 56//103 55//103
f  76//104 57//104 56//104
f  74//105 76//105 56//105
f  76//106 50//106 57//106
f  77//107 78//107 50//107
f  78//108 51//108 50//108
f  76//109 79//109 50//109
f  79//110 77//110 50//110
f  70//111 80//111 71//111
f  80//112 81//112 71//112
f  81//113 72//113 71//113
f  63//114 15//114 16//114
f  82//115 49//115 27//115
f  83//116 82//116 27//116
f  26//117 83//117 27//117
f  84//118 83//118 26//118
f  22//119 84//119 26//119
f  85//120 84//120 22//120
f  21//121 85//121 22//121
f  86//122 70//122 49//122
f  82//123 86//123 49//123
f  87//124 42//124 41//124
f  88//125 87//125 41//125
f  40//126 88//126 41//126
f  89//127 80//127 70//127
f  86//128 89//128 70//128
f  90//129 43//129 42//129
f  87//130 90//130 42//130
f  91//131 85//131 21//131
f  25//132 91//132 21//132
f  32//133 92//133 33//133
f  92//134 75//134 33//134
f  93//135 88//135 40//135
f  52//136 93//136 40//136
f  94//137 44//137 43//137
f  90//138 94//138 43//138
f  95//139 23//139 44//139
f  96//140 95//140 44//140
f  94//141 96//141 44//141
f  97//142 93//142 52//142
f  51//143 97//143 52//143
f  98//144 99//144 80//144
f  89//145 98//145 80//145
f  99//146 81//146 80//146
f  100//147 91//147 25//147
f  24//148 100//148 25//148
f  101//149 102//149 95//149
f  102//150 23//150 95//150
f  96//151 101//151 95//151
f  103//152 97//152 51//152
f  78//153 103//153 51//153
f  23//154 104//154 24//154
f  105//155 100//155 24//155
f  104//156 105//156 24//156
f  106//157 107//157 99//157
f  98//158 106//158 99//158
f  107//159 81//159 99//159
f  23//160 108//160 104//160
f  109//161 105//161 104//161
f  108//162 109//162 104//162
f  110//163 4//163 2//163
f  111//164 110//164 2//164
f  1//165 111//165 2//165
f  112//166 45//166 4//166
f  110//167 113//167 4//167
f  113//168 114//168 4//168
f  114//169 115//169 4//169
f  115//170 112//170 4//170
f  116//171 117//171 102//171
f  101//172 116//172 102//172
f  117//173 23//173 102//173
f  77//174 118//174 78//174
f  119//175 103//175 78//175
f  118//176 119//176 78//176
f  120//177 121//177 107//177
f  106//178 120//178 107//178
f  121//179 81//179 107//179
f  122//180 1//180 15//180
f  63//181 122//181 15//181
f  36//182 123//182 32//182
f  123//183 92//183 32//183
f  124//184 125//184 36//184
f  125//185 123//185 36//185
f  115//186 124//186 36//186
f  112//187 115//187 36//187
f  45//188 112//188 36//188
f  126//189 127//189 117//189
f  116//190 126//190 117//190
f  127//191 23//191 117//191
f  125//192 92//192 123//192
f  128//193 92//193 125//193
f  124//194 128//194 125//194
f  122//195 111//195 1//195
f  23//196 129//196 108//196
f  130//197 109//197 108//197
f  129//198 130//198 108//198
f  77//199 131//199 118//199
f  132//200 119//200 118//200
f  131//201 132//201 118//201
f  23//202 133//202 129//202
f  134//203 130//203 129//203
f  133//204 134//204 129//204
f  135//205 136//205 121//205
f  120//206 135//206 121//206
f  136//207 81//207 121//207
f  137//208 138//208 127//208
f  126//209 137//209 127//209
f  138//210 23//210 127//210
f  77//211 139//211 131//211
f  139//212 132//212 131//212
f  140//213 141//213 136//213
f  135//214 140//214 136//214
f  141//215 81//215 136//215
f  141//216 142//216 81//216
f  143//217 72//217 81//217
f  142//218 143//218 81//218
f  144//219 145//219 138//219
f  137//220 144//220 138//220
f  145//221 23//221 138//221
f  23//222 146//222 133//222
f  147//223 134//223 133//223
f  146//224 147//224 133//224
f  148//225 149//225 77//225
f  149//226 139//226 77//226
f  150//227 148//227 77//227
f  79//228 150//228 77//228
f  151//229 152//229 141//229
f  140//230 151//230 141//230
f  152//231 142//231 141//231
f  153//232 154//232 155//232
f  156//233 153//233 155//233
f  154//234 156//234 155//234
f  149//235 157//235 139//235
f  157//236 132//236 139//236
f  148//237 158//237 149//237
f  158//238 159//238 149//238
f  159//239 157//239 149//239
f  23//240 160//240 146//240
f  161//241 147//241 146//241
f  160//242 161//242 146//242
f  162//243 163//243 145//243
f  144//244 162//244 145//244
f  164//245 23//245 145//245
f  163//246 164//246 145//246
f  165//247 110//247 111//247
f  122//248 165//248 111//248
f  166//249 167//249 154//249
f  167//250 168//250 154//250
f  169//251 166//251 154//251
f  153//252 169//252 154//252
f  170//253 156//253 154//253
f  168//254 170//254 154//254
f  151//255 171//255 152//255
f  171//256 142//256 152//256
f  114//257 172//257 115//257
f  172//258 124//258 115//258
f  173//259 174//259 171//259
f  151//260 173//260 171//260
f  175//261 142//261 171//261
f  174//262 175//262 171//262
f  176//263 177//263 160//263
f  23//264 176//264 160//264
f  178//265 161//265 160//265
f  177//266 178//266 160//266
f  148//267 179//267 158//267
f  179//268 180//268 158//268
f  180//269 159//269 158//269
f  181//270 182//270 183//270
f  184//271 181//271 183//271
f  185//272 184//272 183//272
f  182//273 185//273 183//273
f  186//274 187//274 163//274
f  162//275 186//275 163//275
f  187//276 164//276 163//276
f  173//277 188//277 174//277
f  189//278 175//278 174//278
f  190//279 189//279 174//279
f  188//280 190//280 174//280
f  176//281 191//281 177//281
f  192//282 178//282 177//282
f  191//283 192//283 177//283
f  167//284 193//284 168//284
f  193//285 194//285 168//285
f  194//286 170//286 168//286
f  181//287 195//287 182//287
f  195//288 196//288 182//288
f  196//289 197//289 182//289
f  198//290 185//290 182//290
f  197//291 198//291 182//291
f  199//292 200//292 181//292
f  200//293 201//293 181//293
f  201//294 195//294 181//294
f  184//295 199//295 181//295
f  202//296 203//296 179//296
f  148//297 202//297 179//297
f  203//298 204//298 179//298
f  204//299 180//299 179//299
f  205//300 206//300 187//300
f  186//301 205//301 187//301
f  206//302 207//302 187//302
f  207//303 164//303 187//303
f  208//304 189//304 190//304
f  209//305 208//305 190//305
f  188//306 210//306 190//306
f  210//307 209//307 190//307
f  176//308 211//308 191//308
f  211//309 212//309 191//309
f  213//310 192//310 191//310
f  212//311 213//311 191//311
f  214//312 169//312 153//312
f  215//313 216//313 153//313
f  216//314 217//314 153//314
f  217//315 214//315 153//315
f  156//316 218//316 153//316
f  218//317 215//317 153//317
f  211//318 219//318 212//318
f  220//319 213//319 212//319
f  219//320 220//320 212//320
f  211//321 221//321 219//321
f  221//322 220//322 219//322
f  60//323 218//323 58//323
f  218//324 156//324 58//324
f  156//325 59//325 58//325
f  222//326 209//326 221//326
f  211//327 222//327 221//327
f  209//328 223//328 221//328
f  223//329 220//329 221//329
f  222//330 208//330 209//330
f  210//331 223//331 209//331
f  156//332 170//332 59//332
f  170//333 224//333 59//333
f  224//334 62//334 59//334
f  61//335 218//335 60//335
f  225//336 226//336 194//336
f  227//337 225//337 194//337
f  193//338 227//338 194//338
f  226//339 224//339 194//339
f  224//340 170//340 194//340
f  224//341 63//341 62//341
f  228//342 122//342 63//342
f  224//343 228//343 63//343
f  67//344 229//344 61//344
f  229//345 218//345 61//345
f  184//346 64//346 66//346
f  230//347 184//347 66//347
f  68//348 230//348 66//348
f  231//349 204//349 203//349
f  232//350 231//350 203//350
f  233//351 232//351 203//351
f  202//352 233//352 203//352
f  185//353 65//353 64//353
f  184//354 185//354 64//354
f  234//355 235//355 206//355
f  205//356 234//356 206//356
f  235//357 207//357 206//357
f  198//358 73//358 65//358
f  185//359 198//359 65//359
f  69//360 236//360 68//360
f  237//361 230//361 68//361
f  236//362 237//362 68//362
f  238//363 239//363 235//363
f  234//364 238//364 235//364
f  239//365 207//365 235//365
f  72//366 229//366 67//366
f  75//367 240//367 69//367
f  240//368 236//368 69//368
f  241//369 231//369 232//369
f  242//370 241//370 232//370
f  233//371 243//371 232//371
f  243//372 242//372 232//372
f  198//373 74//373 73//373
f  244//374 241//374 242//374
f  245//375 244//375 242//375
f  243//376 245//376 242//376
f  246//377 113//377 110//377
f  165//378 246//378 110//378
f  198//379 76//379 74//379
f  247//380 244//380 245//380
f  248//381 247//381 245//381
f  249//382 248//382 245//382
f  243//383 249//383 245//383
f  247//384 248//384 239//384
f  238//385 247//385 239//385
f  250//386 207//386 239//386
f  248//387 250//387 239//387
f  249//388 250//388 248//388
f  198//389 251//389 76//389
f  251//390 79//390 76//390
f  251//391 150//391 79//391
f  143//392 229//392 72//392
f  252//393 114//393 113//393
f  246//394 252//394 113//394
f  83//395 86//395 82//395
f  253//396 86//396 83//396
f  84//397 253//397 83//397
f  85//398 253//398 84//398
f  253//399 89//399 86//399
f  88//400 244//400 87//400
f  244//401 238//401 87//401
f  238//402 90//402 87//402
f  92//403 240//403 75//403
f  238//404 94//404 90//404
f  91//405 253//405 85//405
f  254//406 255//406 215//406
f  255//407 216//407 215//407
f  218//408 256//408 215//408
f  256//409 254//409 215//409
f  253//410 98//410 89//410
f  93//411 97//411 88//411
f  97//412 244//412 88//412
f  238//413 96//413 94//413
f  196//414 257//414 197//414
f  257//415 258//415 197//415
f  258//416 259//416 197//416
f  259//417 260//417 197//417
f  260//418 261//418 197//418
f  261//419 262//419 197//419
f  262//420 263//420 197//420
f  263//421 264//421 197//421
f  264//422 265//422 197//422
f  265//423 266//423 197//423
f  267//424 198//424 197//424
f  266//425 267//425 197//425
f  268//426 101//426 96//426
f  238//427 268//427 96//427
f  253//428 106//428 98//428
f  100//429 253//429 91//429
f  268//430 116//430 101//430
f  269//431 165//431 122//431
f  270//432 269//432 122//432
f  228//433 270//433 122//433
f  271//434 272//434 199//434
f  272//435 200//435 199//435
f  273//436 274//436 199//436
f  274//437 275//437 199//437
f  275//438 271//438 199//438
f  184//439 230//439 199//439
f  230//440 276//440 199//440
f  276//441 273//441 199//441
f  103//442 119//442 97//442
f  119//443 244//443 97//443
f  277//444 240//444 92//444
f  128//445 277//445 92//445
f  278//446 279//446 226//446
f  225//447 278//447 226//447
f  279//448 280//448 226//448
f  280//449 224//449 226//449
f  105//450 253//450 100//450
f  109//451 253//451 105//451
f  253//452 120//452 106//452
f  137//453 126//453 116//453
f  268//454 137//454 116//454
f  253//455 135//455 120//455
f  281//456 202//456 148//456
f  150//457 281//457 148//457
f  109//458 134//458 253//458
f  134//459 161//459 253//459
f  161//460 178//460 253//460
f  178//461 192//461 253//461
f  192//462 220//462 253//462
f  220//463 223//463 253//463
f  223//464 210//464 253//464
f  173//465 151//465 253//465
f  210//466 173//466 253//466
f  151//467 140//467 253//467
f  140//468 135//468 253//468
f  164//469 282//469 23//469
f  282//470 283//470 23//470
f  284//471 285//471 23//471
f  286//472 284//472 23//472
f  285//473 287//473 23//473
f  287//474 288//474 23//474
f  288//475 289//475 23//475
f  290//476 176//476 23//476
f  289//477 290//477 23//477
f  283//478 291//478 23//478
f  291//479 292//479 23//479
f  292//480 286//480 23//480
f  130//481 134//481 109//481
f  231//482 244//482 119//482
f  293//483 231//483 119//483
f  132//484 293//484 119//484
f  294//485 143//485 142//485
f  295//486 294//486 142//486
f  175//487 295//487 142//487
f  296//488 297//488 289//488
f  297//489 290//489 289//489
f  298//490 296//490 289//490
f  288//491 298//491 289//491
f  299//492 300//492 254//492
f  300//493 255//493 254//493
f  256//494 301//494 254//494
f  301//495 299//495 254//495
f  268//496 144//496 137//496
f  302//497 298//497 288//497
f  287//498 302//498 288//498
f  157//499 293//499 132//499
f  303//500 283//500 282//500
f  164//501 303//501 282//501
f  304//502 291//502 283//502
f  305//503 304//503 283//503
f  303//504 305//504 283//504
f  297//505 176//505 290//505
f  205//506 162//506 268//506
f  234//507 205//507 268//507
f  238//508 234//508 268//508
f  162//509 144//509 268//509
f  306//510 302//510 287//510
f  285//511 306//511 287//511
f  147//512 161//512 134//512
f  297//513 211//513 176//513
f  157//514 180//514 293//514
f  180//515 204//515 293//515
f  204//516 231//516 293//516
f  159//517 180//517 157//517
f  297//518 307//518 211//518
f  307//519 222//519 211//519
f  308//520 233//520 202//520
f  281//521 308//521 202//521
f  205//522 186//522 162//522
f  309//523 295//523 175//523
f  189//524 309//524 175//524
f  307//525 208//525 222//525
f  304//526 292//526 291//526
f  310//527 306//527 285//527
f  284//528 310//528 285//528
f  210//529 188//529 173//529
f  311//530 303//530 164//530
f  207//531 311//531 164//531
f  312//532 218//532 229//532
f  313//533 312//533 229//533
f  143//534 313//534 229//534
f  278//535 314//535 279//535
f  314//536 315//536 279//536
f  315//537 280//537 279//537
f  316//538 286//538 292//538
f  317//539 316//539 292//539
f  304//540 317//540 292//540
f  318//541 166//541 169//541
f  319//542 318//542 169//542
f  214//543 319//543 169//543
f  250//544 311//544 207//544
f  320//545 167//545 166//545
f  318//546 320//546 166//546
f  320//547 193//547 167//547
f  321//548 319//548 214//548
f  217//549 321//549 214//549
f  322//550 227//550 193//550
f  320//551 323//551 193//551
f  323//552 324//552 193//552
f  324//553 322//553 193//553
f  286//554 325//554 284//554
f  325//555 310//555 284//555
f  326//556 327//556 286//556
f  327//557 328//557 286//557
f  328//558 329//558 286//558
f  329//559 325//559 286//559
f  316//560 330//560 286//560
f  331//561 326//561 286//561
f  332//562 331//562 286//562
f  330//563 332//563 286//563
f  333//564 334//564 273//564
f  334//565 274//565 273//565
f  276//566 335//566 273//566
f  335//567 333//567 273//567
f  264//568 336//568 265//568
f  336//569 337//569 265//569
f  337//570 338//570 265//570
f  338//571 266//571 265//571
f  339//572 330//572 316//572
f  317//573 339//573 316//573
f  307//574 340//574 208//574
f  341//575 189//575 208//575
f  342//576 341//576 208//576
f  340//577 342//577 208//577
f  343//578 344//578 299//578
f  344//579 300//579 299//579
f  301//580 345//580 299//580
f  345//581 343//581 299//581
f  346//582 311//582 250//582
f  249//583 346//583 250//583
f  213//584 220//584 192//584
f  343//585 347//585 344//585
f  347//586 348//586 344//586
f  348//587 300//587 344//587
f  348//588 349//588 300//588
f  349//589 255//589 300//589
f  350//590 351//590 255//590
f  351//591 352//591 255//591
f  352//592 353//592 255//592
f  353//593 354//593 255//593
f  354//594 216//594 255//594
f  349//595 355//595 255//595
f  355//596 350//596 255//596
f  354//597 356//597 216//597
f  356//598 217//598 216//598
f  356//599 321//599 217//599
f  357//600 227//600 322//600
f  324//601 358//601 322//601
f  358//602 357//602 322//602
f  359//603 225//603 227//603
f  357//604 360//604 227//604
f  360//605 359//605 227//605
f  354//606 321//606 356//606
f  359//607 361//607 225//607
f  361//608 362//608 225//608
f  362//609 278//609 225//609
f  363//610 314//610 278//610
f  362//611 364//611 278//611
f  364//612 363//612 278//612
f  365//613 243//613 233//613
f  308//614 365//614 233//614
f  358//615 360//615 357//615
f  366//616 347//616 343//616
f  345//617 366//617 343//617
f  198//618 367//618 251//618
f  367//619 150//619 251//619
f  256//620 218//620 312//620
f  301//621 256//621 312//621
f  345//622 301//622 312//622
f  368//623 345//623 312//623
f  313//624 368//624 312//624
f  369//625 370//625 114//625
f  252//626 369//626 114//626
f  370//627 371//627 114//627
f  371//628 172//628 114//628
f  372//629 321//629 354//629
f  353//630 372//630 354//630
f  373//631 270//631 228//631
f  224//632 280//632 228//632
f  280//633 315//633 228//633
f  315//634 373//634 228//634
f  373//635 269//635 270//635
f  246//636 374//636 252//636
f  374//637 369//637 252//637
f  375//638 372//638 353//638
f  352//639 375//639 353//639
f  376//640 196//640 195//640
f  201//641 376//641 195//641
f  143//642 368//642 313//642
f  246//643 165//643 269//643
f  377//644 378//644 269//644
f  378//645 379//645 269//645
f  379//646 380//646 269//646
f  380//647 381//647 269//647
f  381//648 382//648 269//648
f  382//649 383//649 269//649
f  383//650 374//650 269//650
f  374//651 246//651 269//651
f  373//652 384//652 269//652
f  384//653 385//653 269//653
f  385//654 386//654 269//654
f  386//655 387//655 269//655
f  387//656 388//656 269//656
f  388//657 377//657 269//657
f  389//658 376//658 201//658
f  200//659 389//659 201//659
f  363//660 373//660 314//660
f  373//661 315//661 314//661
f  390//662 345//662 368//662
f  143//663 390//663 368//663
f  391//664 389//664 200//664
f  272//665 391//665 200//665
f  172//666 392//666 124//666
f  393//667 128//667 124//667
f  392//668 393//668 124//668
f  244//669 247//669 238//669
f  394//670 391//670 272//670
f  271//671 394//671 272//671
f  395//672 332//672 330//672
f  339//673 395//673 330//673
f  358//674 396//674 360//674
f  396//675 359//675 360//675
f  376//676 397//676 196//676
f  397//677 257//677 196//677
f  241//678 244//678 231//678
f  398//679 331//679 332//679
f  399//680 398//680 332//680
f  395//681 399//681 332//681
f  400//682 310//682 325//682
f  329//683 400//683 325//683
f  341//684 309//684 189//684
f  401//685 400//685 329//685
f  328//686 401//686 329//686
f  402//687 403//687 277//687
f  393//688 402//688 277//688
f  404//689 405//689 277//689
f  403//690 404//690 277//690
f  406//691 407//691 277//691
f  408//692 406//692 277//692
f  405//693 408//693 277//693
f  128//694 393//694 277//694
f  407//695 409//695 277//695
f  409//696 410//696 277//696
f  410//697 411//697 277//697
f  411//698 412//698 277//698
f  412//699 413//699 277//699
f  413//700 240//700 277//700
f  243//701 414//701 249//701
f  415//702 346//702 249//702
f  414//703 415//703 249//703
f  335//704 236//704 240//704
f  413//705 416//705 240//705
f  416//706 335//706 240//706
f  276//707 237//707 236//707
f  335//708 276//708 236//708
f  276//709 230//709 237//709
f  417//710 394//710 271//710
f  275//711 417//711 271//711
f  266//712 338//712 418//712
f  338//713 419//713 418//713
f  419//714 367//714 418//714
f  367//715 198//715 418//715
f  198//716 267//716 418//716
f  267//717 266//717 418//717
f  371//718 420//718 172//718
f  420//719 392//719 172//719
f  419//720 150//720 367//720
f  294//721 390//721 143//721
f  396//722 421//722 359//722
f  421//723 361//723 359//723
f  422//724 258//724 257//724
f  423//725 422//725 257//725
f  397//726 423//726 257//726
f  424//727 425//727 366//727
f  425//728 347//728 366//728
f  345//729 424//729 366//729
f  421//730 362//730 361//730
f  426//731 259//731 258//731
f  422//732 426//732 258//732
f  281//733 150//733 419//733
f  338//734 281//734 419//734
f  427//735 370//735 369//735
f  374//736 427//736 369//736
f  402//737 393//737 392//737
f  420//738 402//738 392//738
f  428//739 375//739 352//739
f  351//740 428//740 352//740
f  429//741 414//741 243//741
f  365//742 429//742 243//742
f  430//743 425//743 424//743
f  345//744 390//744 424//744
f  390//745 430//745 424//745
f  431//746 326//746 331//746
f  398//747 431//747 331//747
f  432//748 401//748 328//748
f  433//749 432//749 328//749
f  327//750 433//750 328//750
f  434//751 435//751 333//751
f  435//752 334//752 333//752
f  335//753 416//753 333//753
f  416//754 434//754 333//754
f  364//755 436//755 363//755
f  436//756 437//756 363//756
f  437//757 384//757 363//757
f  384//758 373//758 363//758
f  438//759 428//759 351//759
f  350//760 438//760 351//760
f  439//761 417//761 275//761
f  274//762 439//762 275//762
f  440//763 326//763 431//763
f  441//764 440//764 431//764
f  398//765 441//765 431//765
f  326//766 442//766 327//766
f  443//767 433//767 327//767
f  442//768 443//768 327//768
f  338//769 308//769 281//769
f  444//770 260//770 259//770
f  426//771 444//771 259//771
f  326//772 445//772 442//772
f  445//773 443//773 442//773
f  446//774 326//774 440//774
f  447//775 446//775 440//775
f  448//776 447//776 440//776
f  441//777 448//777 440//777
f  371//778 449//778 420//778
f  403//779 402//779 420//779
f  449//780 403//780 420//780
f  450//781 425//781 430//781
f  451//782 450//782 430//782
f  390//783 451//783 430//783
f  444//784 261//784 260//784
f  451//785 390//785 294//785
f  452//786 451//786 294//786
f  453//787 454//787 294//787
f  454//788 455//788 294//788
f  455//789 452//789 294//789
f  295//790 456//790 294//790
f  456//791 457//791 294//791
f  457//792 453//792 294//792
f  336//793 458//793 337//793
f  459//794 338//794 337//794
f  458//795 459//795 337//795
f  371//796 460//796 449//796
f  461//797 403//797 449//797
f  460//798 461//798 449//798
f  462//799 297//799 296//799
f  298//800 462//800 296//800
f  463//801 438//801 350//801
f  355//802 463//802 350//802
f  302//803 462//803 298//803
f  311//804 304//804 303//804
f  304//805 305//805 303//805
f  464//806 435//806 434//806
f  416//807 464//807 434//807
f  462//808 307//808 297//808
f  326//809 465//809 445//809
f  466//810 443//810 445//810
f  467//811 466//811 445//811
f  465//812 467//812 445//812
f  468//813 425//813 450//813
f  452//814 468//814 450//814
f  469//815 452//815 450//815
f  451//816 469//816 450//816
f  470//817 326//817 446//817
f  447//818 470//818 446//818
f  326//819 471//819 465//819
f  472//820 467//820 465//820
f  471//821 472//821 465//821
f  473//822 326//822 470//822
f  474//823 473//823 470//823
f  447//824 474//824 470//824
f  306//825 462//825 302//825
f  349//826 475//826 355//826
f  476//827 463//827 355//827
f  475//828 476//828 355//828
f  436//829 477//829 437//829
f  385//830 384//830 437//830
f  477//831 385//831 437//831
f  478//832 262//832 261//832
f  444//833 478//833 261//833
f  479//834 370//834 427//834
f  383//835 479//835 427//835
f  374//836 383//836 427//836
f  480//837 481//837 308//837
f  481//838 482//838 308//838
f  482//839 365//839 308//839
f  338//840 459//840 308//840
f  459//841 483//841 308//841
f  483//842 484//842 308//842
f  484//843 485//843 308//843
f  485//844 480//844 308//844
f  336//845 486//845 458//845
f  483//846 459//846 458//846
f  486//847 483//847 458//847
f  334//848 487//848 274//848
f  487//849 439//849 274//849
f  309//850 488//850 295//850
f  488//851 456//851 295//851
f  462//852 489//852 307//852
f  489//853 340//853 307//853
f  371//854 490//854 460//854
f  491//855 492//855 460//855
f  490//856 491//856 460//856
f  492//857 461//857 460//857
f  339//858 317//858 304//858
f  311//859 339//859 304//859
f  326//860 493//860 471//860
f  494//861 472//861 471//861
f  493//862 494//862 471//862
f  310//863 462//863 306//863
f  495//864 320//864 318//864
f  319//865 495//865 318//865
f  495//866 323//866 320//866
f  321//867 495//867 319//867
f  495//868 324//868 323//868
f  496//869 497//869 493//869
f  326//870 496//870 493//870
f  498//871 494//871 493//871
f  497//872 498//872 493//872
f  499//873 435//873 464//873
f  413//874 499//874 464//874
f  416//875 413//875 464//875
f  500//876 370//876 479//876
f  382//877 500//877 479//877
f  383//878 382//878 479//878
f  501//879 502//879 473//879
f  502//880 326//880 473//880
f  503//881 501//881 473//881
f  474//882 503//882 473//882
f  489//883 504//883 340//883
f  504//884 342//884 340//884
f  400//885 462//885 310//885
f  496//886 505//886 497//886
f  505//887 498//887 497//887
f  506//888 507//888 324//888
f  508//889 509//889 324//889
f  495//890 508//890 324//890
f  509//891 510//891 324//891
f  510//892 511//892 324//892
f  511//893 506//893 324//893
f  507//894 512//894 324//894
f  512//895 513//895 324//895
f  513//896 358//896 324//896
f  491//897 514//897 492//897
f  404//898 461//898 492//898
f  514//899 404//899 492//899
f  436//900 515//900 477//900
f  515//901 385//901 477//901
f  516//902 425//902 468//902
f  517//903 516//903 468//903
f  452//904 517//904 468//904
f  491//905 518//905 514//905
f  405//906 404//906 514//906
f  518//907 405//907 514//907
f  346//908 395//908 339//908
f  311//909 346//909 339//909
f  504//910 519//910 342//910
f  519//911 520//911 342//911
f  520//912 341//912 342//912
f  521//913 502//913 501//913
f  522//914 521//914 501//914
f  503//915 522//915 501//915
f  523//916 524//916 525//916
f  496//917 523//917 525//917
f  526//918 496//918 525//918
f  524//919 489//919 525//919
f  489//920 462//920 525//920
f  462//921 526//921 525//921
f  505//922 496//922 526//922
f  462//923 527//923 526//923
f  527//924 505//924 526//924
f  527//925 498//925 505//925
f  336//926 528//926 486//926
f  484//927 483//927 486//927
f  528//928 484//928 486//928
f  336//929 529//929 528//929
f  485//930 484//930 528//930
f  529//931 485//931 528//931
f  482//932 530//932 365//932
f  530//933 429//933 365//933
f  513//934 531//934 358//934
f  531//935 532//935 358//935
f  532//936 533//936 358//936
f  533//937 396//937 358//937
f  534//938 263//938 262//938
f  535//939 534//939 262//939
f  478//940 535//940 262//940
f  536//941 502//941 521//941
f  537//942 536//942 521//942
f  522//943 537//943 521//943
f  538//944 539//944 515//944
f  436//945 538//945 515//945
f  386//946 385//946 515//946
f  539//947 386//947 515//947
f  372//948 495//948 321//948
f  538//949 540//949 539//949
f  541//950 386//950 539//950
f  540//951 541//951 539//951
f  542//952 397//952 376//952
f  389//953 542//953 376//953
f  375//954 495//954 372//954
f  543//955 516//955 517//955
f  544//956 543//956 517//956
f  455//957 544//957 517//957
f  452//958 455//958 517//958
f  394//959 542//959 389//959
f  391//960 394//960 389//960
f  545//961 502//961 536//961
f  546//962 545//962 536//962
f  537//963 546//963 536//963
f  547//964 543//964 544//964
f  454//965 547//965 544//965
f  455//966 454//966 544//966
f  548//967 370//967 500//967
f  549//968 548//968 500//968
f  381//969 549//969 500//969
f  382//970 381//970 500//970
f  346//971 399//971 395//971
f  550//972 502//972 545//972
f  546//973 551//973 545//973
f  551//974 550//974 545//974
f  533//975 421//975 396//975
f  422//976 423//976 397//976
f  542//977 422//977 397//977
f  520//978 552//978 341//978
f  552//979 553//979 341//979
f  553//980 554//980 341//980
f  554//981 555//981 341//981
f  555//982 556//982 341//982
f  556//983 557//983 341//983
f  557//984 488//984 341//984
f  488//985 309//985 341//985
f  532//986 421//986 533//986
f  346//987 398//987 399//987
f  558//988 502//988 550//988
f  559//989 558//989 550//989
f  551//990 559//990 550//990
f  401//991 462//991 400//991
f  560//992 263//992 534//992
f  561//993 560//993 534//993
f  535//994 561//994 534//994
f  432//995 462//995 401//995
f  417//996 542//996 394//996
f  562//997 548//997 549//997
f  380//998 562//998 549//998
f  381//999 380//999 549//999
f  415//1000 563//1000 346//1000
f  563//1001 564//1001 346//1001
f  564//1002 565//1002 346//1002
f  565//1003 551//1003 346//1003
f  551//1004 546//1004 346//1004
f  546//1005 537//1005 346//1005
f  537//1006 503//1006 346//1006
f  503//1007 447//1007 346//1007
f  447//1008 448//1008 346//1008
f  448//1009 441//1009 346//1009
f  441//1010 398//1010 346//1010
f  566//1011 548//1011 562//1011
f  380//1012 566//1012 562//1012
f  414//1013 567//1013 415//1013
f  567//1014 563//1014 415//1014
f  568//1015 543//1015 547//1015
f  453//1016 568//1016 547//1016
f  454//1017 453//1017 547//1017
f  569//1018 570//1018 568//1018
f  570//1019 543//1019 568//1019
f  456//1020 569//1020 568//1020
f  457//1021 456//1021 568//1021
f  453//1022 457//1022 568//1022
f  439//1023 571//1023 417//1023
f  571//1024 542//1024 417//1024
f  370//1025 490//1025 371//1025
f  538//1026 572//1026 540//1026
f  387//1027 541//1027 540//1027
f  572//1028 387//1028 540//1028
f  336//1029 573//1029 529//1029
f  480//1030 485//1030 529//1030
f  573//1031 480//1031 529//1031
f  542//1032 426//1032 422//1032
f  574//1033 362//1033 421//1033
f  532//1034 574//1034 421//1034
f  491//1035 575//1035 518//1035
f  408//1036 405//1036 518//1036
f  575//1037 408//1037 518//1037
f  370//1038 576//1038 490//1038
f  577//1039 491//1039 490//1039
f  576//1040 577//1040 490//1040
f  577//1041 578//1041 491//1041
f  578//1042 575//1042 491//1042
f  578//1043 408//1043 575//1043
f  538//1044 579//1044 572//1044
f  579//1045 580//1045 572//1045
f  388//1046 387//1046 572//1046
f  580//1047 388//1047 572//1047
f  581//1048 582//1048 573//1048
f  336//1049 581//1049 573//1049
f  481//1050 480//1050 573//1050
f  582//1051 481//1051 573//1051
f  583//1052 584//1052 499//1052
f  584//1053 435//1053 499//1053
f  413//1054 412//1054 499//1054
f  412//1055 583//1055 499//1055
f  577//1056 585//1056 578//1056
f  406//1057 408//1057 578//1057
f  585//1058 406//1058 578//1058
f  584//1059 586//1059 435//1059
f  586//1060 334//1060 435//1060
f  587//1061 487//1061 334//1061
f  586//1062 588//1062 334//1062
f  588//1063 587//1063 334//1063
f  589//1064 558//1064 559//1064
f  551//1065 565//1065 559//1065
f  565//1066 564//1066 559//1066
f  564//1067 589//1067 559//1067
f  349//1068 590//1068 475//1068
f  590//1069 476//1069 475//1069
f  560//1070 591//1070 263//1070
f  591//1071 592//1071 263//1071
f  592//1072 264//1072 263//1072
f  593//1073 591//1073 560//1073
f  594//1074 593//1074 560//1074
f  561//1075 594//1075 560//1075
f  592//1076 581//1076 264//1076
f  581//1077 336//1077 264//1077
f  595//1078 584//1078 583//1078
f  412//1079 595//1079 583//1079
f  429//1080 596//1080 414//1080
f  596//1081 597//1081 414//1081
f  597//1082 598//1082 414//1082
f  598//1083 599//1083 414//1083
f  599//1084 567//1084 414//1084
f  428//1085 438//1085 375//1085
f  438//1086 495//1086 375//1086
f  600//1087 548//1087 566//1087
f  601//1088 600//1088 566//1088
f  380//1089 601//1089 566//1089
f  579//1090 548//1090 600//1090
f  602//1091 579//1091 600//1091
f  379//1092 602//1092 600//1092
f  601//1093 379//1093 600//1093
f  530//1094 596//1094 429//1094
f  581//1095 603//1095 582//1095
f  603//1096 481//1096 582//1096
f  587//1097 604//1097 487//1097
f  604//1098 439//1098 487//1098
f  523//1099 605//1099 524//1099
f  605//1100 504//1100 524//1100
f  504//1101 489//1101 524//1101
f  606//1102 579//1102 602//1102
f  378//1103 606//1103 602//1103
f  379//1104 378//1104 602//1104
f  580//1105 579//1105 606//1105
f  377//1106 580//1106 606//1106
f  378//1107 377//1107 606//1107
f  377//1108 388//1108 580//1108
f  607//1109 584//1109 595//1109
f  411//1110 607//1110 595//1110
f  412//1111 411//1111 595//1111
f  433//1112 608//1112 432//1112
f  608//1113 462//1113 432//1113
f  577//1114 609//1114 585//1114
f  610//1115 406//1115 585//1115
f  609//1116 610//1116 585//1116
f  604//1117 611//1117 439//1117
f  611//1118 612//1118 439//1118
f  612//1119 613//1119 439//1119
f  613//1120 571//1120 439//1120
f  614//1121 591//1121 593//1121
f  615//1122 614//1122 593//1122
f  616//1123 615//1123 593//1123
f  594//1124 616//1124 593//1124
f  617//1125 584//1125 607//1125
f  618//1126 617//1126 607//1126
f  410//1127 618//1127 607//1127
f  411//1128 410//1128 607//1128
f  619//1129 617//1129 618//1129
f  409//1130 619//1130 618//1130
f  410//1131 409//1131 618//1131
f  609//1132 577//1132 619//1132
f  577//1133 617//1133 619//1133
f  407//1134 609//1134 619//1134
f  409//1135 407//1135 619//1135
f  407//1136 610//1136 609//1136
f  443//1137 608//1137 433//1137
f  542//1138 478//1138 426//1138
f  478//1139 444//1139 426//1139
f  581//1140 620//1140 603//1140
f  482//1141 481//1141 603//1141
f  620//1142 530//1142 603//1142
f  530//1143 482//1143 603//1143
f  466//1144 608//1144 443//1144
f  452//1145 469//1145 451//1145
f  621//1146 558//1146 589//1146
f  564//1147 563//1147 589//1147
f  563//1148 621//1148 589//1148
f  622//1149 623//1149 590//1149
f  349//1150 622//1150 590//1150
f  623//1151 476//1151 590//1151
f  624//1152 625//1152 614//1152
f  625//1153 591//1153 614//1153
f  626//1154 624//1154 614//1154
f  615//1155 626//1155 614//1155
f  461//1156 404//1156 403//1156
f  472//1157 498//1157 608//1157
f  467//1158 472//1158 608//1158
f  466//1159 467//1159 608//1159
f  498//1160 527//1160 608//1160
f  527//1161 462//1161 608//1161
f  463//1162 476//1162 438//1162
f  476//1163 495//1163 438//1163
f  523//1164 627//1164 605//1164
f  627//1165 519//1165 605//1165
f  519//1166 504//1166 605//1166
f  516//1167 347//1167 425//1167
f  628//1168 364//1168 362//1168
f  574//1169 628//1169 362//1169
f  523//1170 629//1170 627//1170
f  629//1171 520//1171 627//1171
f  520//1172 519//1172 627//1172
f  503//1173 474//1173 447//1173
f  630//1174 631//1174 621//1174
f  631//1175 558//1175 621//1175
f  563//1176 567//1176 621//1176
f  567//1177 630//1177 621//1177
f  632//1178 631//1178 630//1178
f  567//1179 632//1179 630//1179
f  542//1180 535//1180 478//1180
f  494//1181 498//1181 472//1181
f  542//1182 561//1182 535//1182
f  537//1183 522//1183 503//1183
f  523//1184 633//1184 629//1184
f  633//1185 520//1185 629//1185
f  634//1186 635//1186 633//1186
f  523//1187 634//1187 633//1187
f  552//1188 520//1188 633//1188
f  635//1189 552//1189 633//1189
f  636//1190 570//1190 569//1190
f  488//1191 557//1191 569//1191
f  456//1192 488//1192 569//1192
f  555//1193 636//1193 569//1193
f  556//1194 555//1194 569//1194
f  557//1195 556//1195 569//1195
f  541//1196 387//1196 386//1196
f  570//1197 637//1197 635//1197
f  634//1198 570//1198 635//1198
f  637//1199 552//1199 635//1199
f  638//1200 570//1200 636//1200
f  554//1201 638//1201 636//1201
f  555//1202 554//1202 636//1202
f  570//1203 638//1203 637//1203
f  553//1204 552//1204 637//1204
f  638//1205 553//1205 637//1205
f  554//1206 553//1206 638//1206
f  626//1207 615//1207 561//1207
f  615//1208 616//1208 561//1208
f  616//1209 594//1209 561//1209
f  542//1210 626//1210 561//1210
f  379//1211 601//1211 380//1211
f  639//1212 640//1212 632//1212
f  640//1213 631//1213 632//1213
f  641//1214 639//1214 632//1214
f  567//1215 641//1215 632//1215
f  623//1216 495//1216 476//1216
f  642//1217 640//1217 639//1217
f  641//1218 599//1218 639//1218
f  599//1219 642//1219 639//1219
f  640//1220 643//1220 620//1220
f  581//1221 640//1221 620//1221
f  597//1222 596//1222 620//1222
f  596//1223 530//1223 620//1223
f  643//1224 597//1224 620//1224
f  640//1225 644//1225 643//1225
f  598//1226 597//1226 643//1226
f  644//1227 598//1227 643//1227
f  645//1228 640//1228 642//1228
f  599//1229 645//1229 642//1229
f  640//1230 645//1230 644//1230
f  646//1231 598//1231 644//1231
f  645//1232 646//1232 644//1232
f  599//1233 646//1233 645//1233
f  610//1234 407//1234 406//1234
f  647//1235 364//1235 628//1235
f  574//1236 647//1236 628//1236
f  542//1237 624//1237 626//1237
f  516//1238 543//1238 347//1238
f  543//1239 648//1239 347//1239
f  649//1240 348//1240 347//1240
f  650//1241 649//1241 347//1241
f  648//1242 650//1242 347//1242
f  651//1243 349//1243 348//1243
f  649//1244 651//1244 348//1244
f  652//1245 622//1245 349//1245
f  651//1246 652//1246 349//1246
f  653//1247 623//1247 622//1247
f  652//1248 653//1248 622//1248
f  654//1249 604//1249 587//1249
f  588//1250 654//1250 587//1250
f  647//1251 655//1251 364//1251
f  656//1252 436//1252 364//1252
f  657//1253 656//1253 364//1253
f  655//1254 657//1254 364//1254
f  574//1255 655//1255 647//1255
f  658//1256 538//1256 436//1256
f  656//1257 658//1257 436//1257
f  653//1258 495//1258 623//1258
f  659//1259 579//1259 538//1259
f  658//1260 659//1260 538//1260
f  660//1261 548//1261 579//1261
f  659//1262 660//1262 579//1262
f  661//1263 370//1263 548//1263
f  660//1264 661//1264 548//1264
f  662//1265 576//1265 370//1265
f  661//1266 662//1266 370//1266
f  599//1267 641//1267 567//1267
f  663//1268 664//1268 653//1268
f  652//1269 663//1269 653//1269
f  664//1270 508//1270 653//1270
f  508//1271 495//1271 653//1271
f  665//1272 625//1272 624//1272
f  542//1273 665//1273 624//1273
f  662//1274 577//1274 576//1274
f  586//1275 666//1275 588//1275
f  667//1276 654//1276 588//1276
f  666//1277 667//1277 588//1277
f  570//1278 648//1278 543//1278
f  586//1279 668//1279 666//1279
f  669//1280 667//1280 666//1280
f  668//1281 669//1281 666//1281
f  670//1282 657//1282 655//1282
f  671//1283 670//1283 655//1283
f  574//1284 671//1284 655//1284
f  672//1285 673//1285 326//1285
f  673//1286 496//1286 326//1286
f  502//1287 672//1287 326//1287
f  673//1288 523//1288 496//1288
f  674//1289 672//1289 502//1289
f  675//1290 674//1290 502//1290
f  558//1291 675//1291 502//1291
f  676//1292 657//1292 670//1292
f  532//1293 676//1293 670//1293
f  671//1294 532//1294 670//1294
f  677//1295 650//1295 648//1295
f  570//1296 678//1296 648//1296
f  678//1297 677//1297 648//1297
f  598//1298 646//1298 599//1298
f  592//1299 679//1299 581//1299
f  679//1300 640//1300 581//1300
f  532//1301 671//1301 574//1301
f  663//1302 680//1302 664//1302
f  681//1303 508//1303 664//1303
f  680//1304 681//1304 664//1304
f  586//1305 682//1305 668//1305
f  683//1306 669//1306 668//1306
f  682//1307 683//1307 668//1307
f  586//1308 684//1308 682//1308
f  685//1309 683//1309 682//1309
f  684//1310 685//1310 682//1310
f  686//1311 657//1311 676//1311
f  531//1312 686//1312 676//1312
f  532//1313 531//1313 676//1313
f  663//1314 687//1314 680//1314
f  509//1315 681//1315 680//1315
f  687//1316 509//1316 680//1316
f  654//1317 667//1317 604//1317
f  667//1318 611//1318 604//1318
f  688//1319 657//1319 686//1319
f  689//1320 688//1320 686//1320
f  513//1321 689//1321 686//1321
f  531//1322 513//1322 686//1322
f  690//1323 625//1323 665//1323
f  571//1324 690//1324 665//1324
f  542//1325 571//1325 665//1325
f  663//1326 691//1326 687//1326
f  692//1327 509//1327 687//1327
f  691//1328 692//1328 687//1328
f  634//1329 678//1329 570//1329
f  693//1330 688//1330 689//1330
f  512//1331 693//1331 689//1331
f  513//1332 512//1332 689//1332
f  694//1333 688//1333 693//1333
f  512//1334 694//1334 693//1334
f  586//1335 695//1335 684//1335
f  696//1336 685//1336 684//1336
f  695//1337 696//1337 684//1337
f  697//1338 688//1338 694//1338
f  512//1339 507//1339 694//1339
f  507//1340 506//1340 694//1340
f  506//1341 697//1341 694//1341
f  663//1342 698//1342 691//1342
f  698//1343 692//1343 691//1343
f  699//1344 700//1344 698//1344
f  663//1345 699//1345 698//1345
f  510//1346 692//1346 698//1346
f  700//1347 510//1347 698//1347
f  699//1348 701//1348 700//1348
f  511//1349 510//1349 700//1349
f  701//1350 511//1350 700//1350
f  679//1351 702//1351 640//1351
f  703//1352 631//1352 640//1352
f  702//1353 703//1353 640//1353
f  586//1354 704//1354 695//1354
f  705//1355 696//1355 695//1355
f  704//1356 705//1356 695//1356
f  701//1357 699//1357 697//1357
f  699//1358 688//1358 697//1358
f  506//1359 701//1359 697//1359
f  669//1360 611//1360 667//1360
f  506//1361 511//1361 701//1361
f  586//1362 706//1362 704//1362
f  707//1363 705//1363 704//1363
f  706//1364 707//1364 704//1364
f  708//1365 625//1365 690//1365
f  709//1366 708//1366 690//1366
f  613//1367 709//1367 690//1367
f  571//1368 613//1368 690//1368
f  710//1369 708//1369 709//1369
f  612//1370 710//1370 709//1370
f  613//1371 612//1371 709//1371
f  586//1372 711//1372 706//1372
f  712//1373 707//1373 706//1373
f  711//1374 712//1374 706//1374
f  708//1375 713//1375 711//1375
f  586//1376 708//1376 711//1376
f  714//1377 712//1377 711//1377
f  713//1378 714//1378 711//1378
f  708//1379 710//1379 713//1379
f  710//1380 714//1380 713//1380
f  612//1381 714//1381 710//1381
f  683//1382 611//1382 669//1382
f  681//1383 509//1383 508//1383
f  715//1384 634//1384 523//1384
f  673//1385 715//1385 523//1385
f  685//1386 696//1386 683//1386
f  696//1387 611//1387 683//1387
f  716//1388 675//1388 558//1388
f  631//1389 716//1389 558//1389
f  696//1390 705//1390 611//1390
f  712//1391 612//1391 611//1391
f  707//1392 712//1392 611//1392
f  705//1393 707//1393 611//1393
f  692//1394 510//1394 509//1394
f  661//1395 717//1395 662//1395
f  717//1396 577//1396 662//1396
f  712//1397 714//1397 612//1397
f  718//1398 673//1398 672//1398
f  674//1399 718//1399 672//1399
f  717//1400 719//1400 577//1400
f  719//1401 720//1401 577//1401
f  720//1402 721//1402 577//1402
f  721//1403 722//1403 577//1403
f  722//1404 617//1404 577//1404
f  722//1405 723//1405 617//1405
f  723//1406 584//1406 617//1406
f  723//1407 724//1407 584//1407
f  724//1408 586//1408 584//1408
f  724//1409 725//1409 586//1409
f  725//1410 708//1410 586//1410
f  725//1411 726//1411 708//1411
f  726//1412 625//1412 708//1412
f  661//1413 719//1413 717//1413
f  726//1414 727//1414 625//1414
f  727//1415 591//1415 625//1415
f  727//1416 728//1416 591//1416
f  728//1417 592//1417 591//1417
f  728//1418 729//1418 592//1418
f  729//1419 679//1419 592//1419
f  729//1420 702//1420 679//1420
f  677//1421 730//1421 650//1421
f  730//1422 731//1422 650//1422
f  731//1423 732//1423 650//1423
f  732//1424 649//1424 650//1424
f  732//1425 733//1425 649//1425
f  733//1426 651//1426 649//1426
f  733//1427 734//1427 651//1427
f  734//1428 652//1428 651//1428
f  734//1429 735//1429 652//1429
f  735//1430 663//1430 652//1430
f  735//1431 736//1431 663//1431
f  736//1432 699//1432 663//1432
f  736//1433 737//1433 699//1433
f  737//1434 688//1434 699//1434
f  737//1435 738//1435 688//1435
f  738//1436 657//1436 688//1436
f  738//1437 739//1437 657//1437
f  739//1438 656//1438 657//1438
f  739//1439 740//1439 656//1439
f  740//1440 658//1440 656//1440
f  740//1441 741//1441 658//1441
f  741//1442 659//1442 658//1442
f  741//1443 742//1443 659//1443
f  742//1444 660//1444 659//1444
f  742//1445 743//1445 660//1445
f  743//1446 661//1446 660//1446
f  743//1447 720//1447 661//1447
f  720//1448 719//1448 661//1448
f  744//1449 745//1449 634//1449
f  715//1450 744//1450 634//1450
f  745//1451 678//1451 634//1451
f  678//1452 730//1452 677//1452
f  746//1453 716//1453 631//1453
f  703//1454 746//1454 631//1454
f  728//1455 747//1455 729//1455
f  747//1456 702//1456 729//1456
f  748//1457 731//1457 730//1457
f  678//1458 748//1458 730//1458
f  749//1459 748//1459 678//1459
f  750//1460 749//1460 678//1460
f  745//1461 750//1461 678//1461
f  747//1462 751//1462 702//1462
f  752//1463 703//1463 702//1463
f  751//1464 752//1464 702//1464
f  753//1465 673//1465 718//1465
f  674//1466 753//1466 718//1466
f  754//1467 755//1467 753//1467
f  755//1468 673//1468 753//1468
f  756//1469 754//1469 753//1469
f  674//1470 756//1470 753//1470
f  755//1471 757//1471 673//1471
f  757//1472 758//1472 673//1472
f  758//1473 715//1473 673//1473
f  675//1474 759//1474 674//1474
f  760//1475 756//1475 674//1475
f  759//1476 760//1476 674//1476
f  743//1477 761//1477 720//1477
f  761//1478 721//1478 720//1478
f  762//1479 744//1479 715//1479
f  763//1480 762//1480 715//1480
f  758//1481 764//1481 715//1481
f  764//1482 763//1482 715//1482
f  765//1483 759//1483 675//1483
f  716//1484 766//1484 675//1484
f  766//1485 767//1485 675//1485
f  767//1486 765//1486 675//1486
f  768//1487 769//1487 745//1487
f  744//1488 768//1488 745//1488
f  769//1489 750//1489 745//1489
f  770//1490 746//1490 703//1490
f  752//1491 770//1491 703//1491
f  748//1492 749//1492 731//1492
f  749//1493 771//1493 731//1493
f  772//1494 732//1494 731//1494
f  773//1495 772//1495 731//1495
f  771//1496 773//1496 731//1496
f  774//1497 733//1497 732//1497
f  772//1498 774//1498 732//1498
f  775//1499 734//1499 733//1499
f  774//1500 775//1500 733//1500
f  776//1501 735//1501 734//1501
f  775//1502 776//1502 734//1502
f  777//1503 736//1503 735//1503
f  776//1504 777//1504 735//1504
f  778//1505 737//1505 736//1505
f  777//1506 778//1506 736//1506
f  779//1507 738//1507 737//1507
f  778//1508 779//1508 737//1508
f  780//1509 739//1509 738//1509
f  779//1510 780//1510 738//1510
f  781//1511 740//1511 739//1511
f  780//1512 781//1512 739//1512
f  761//1513 782//1513 721//1513
f  782//1514 783//1514 721//1514
f  783//1515 784//1515 721//1515
f  784//1516 785//1516 721//1516
f  785//1517 722//1517 721//1517
f  786//1518 741//1518 740//1518
f  781//1519 786//1519 740//1519
f  787//1520 742//1520 741//1520
f  786//1521 787//1521 741//1521
f  785//1522 788//1522 722//1522
f  788//1523 723//1523 722//1523
f  789//1524 790//1524 744//1524
f  790//1525 791//1525 744//1525
f  791//1526 768//1526 744//1526
f  762//1527 789//1527 744//1527
f  792//1528 743//1528 742//1528
f  787//1529 792//1529 742//1529
f  788//1530 793//1530 723//1530
f  793//1531 724//1531 723//1531
f  783//1532 782//1532 743//1532
f  782//1533 761//1533 743//1533
f  792//1534 783//1534 743//1534
f  793//1535 794//1535 724//1535
f  794//1536 725//1536 724//1536
f  794//1537 795//1537 725//1537
f  795//1538 726//1538 725//1538
f  796//1539 771//1539 749//1539
f  797//1540 796//1540 749//1540
f  750//1541 797//1541 749//1541
f  795//1542 798//1542 726//1542
f  798//1543 727//1543 726//1543
f  798//1544 799//1544 727//1544
f  799//1545 728//1545 727//1545
f  799//1546 800//1546 728//1546
f  800//1547 747//1547 728//1547
f  800//1548 751//1548 747//1548
f  746//1549 801//1549 716//1549
f  801//1550 802//1550 716//1550
f  802//1551 803//1551 716//1551
f  803//1552 804//1552 716//1552
f  804//1553 766//1553 716//1553
f  799//1554 805//1554 800//1554
f  805//1555 751//1555 800//1555
f  769//1556 797//1556 750//1556
f  806//1557 773//1557 771//1557
f  796//1558 806//1558 771//1558
f  805//1559 807//1559 751//1559
f  808//1560 752//1560 751//1560
f  807//1561 808//1561 751//1561
f  809//1562 810//1562 769//1562
f  810//1563 811//1563 769//1563
f  811//1564 812//1564 769//1564
f  813//1565 809//1565 769//1565
f  768//1566 813//1566 769//1566
f  812//1567 797//1567 769//1567
f  814//1568 813//1568 768//1568
f  815//1569 814//1569 768//1569
f  791//1570 816//1570 768//1570
f  816//1571 815//1571 768//1571
f  817//1572 801//1572 746//1572
f  770//1573 818//1573 746//1573
f  818//1574 819//1574 746//1574
f  819//1575 817//1575 746//1575
f  808//1576 820//1576 752//1576
f  821//1577 770//1577 752//1577
f  820//1578 821//1578 752//1578
f  792//1579 822//1579 783//1579
f  822//1580 784//1580 783//1580
f  756//1581 823//1581 754//1581
f  823//1582 755//1582 754//1582
f  823//1583 824//1583 755//1583
f  824//1584 757//1584 755//1584
f  760//1585 825//1585 756//1585
f  825//1586 823//1586 756//1586
f  824//1587 758//1587 757//1587
f  759//1588 825//1588 760//1588
f  826//1589 764//1589 758//1589
f  824//1590 826//1590 758//1590
f  765//1591 827//1591 759//1591
f  827//1592 825//1592 759//1592
f  767//1593 827//1593 765//1593
f  826//1594 763//1594 764//1594
f  826//1595 762//1595 763//1595
f  826//1596 789//1596 762//1596
f  766//1597 827//1597 767//1597
f  828//1598 827//1598 766//1598
f  804//1599 828//1599 766//1599
f  803//1600 828//1600 804//1600
f  829//1601 790//1601 789//1601
f  826//1602 829//1602 789//1602
f  829//1603 791//1603 790//1603
f  802//1604 828//1604 803//1604
f  801//1605 830//1605 802//1605
f  830//1606 828//1606 802//1606
f  831//1607 832//1607 796//1607
f  832//1608 806//1608 796//1608
f  833//1609 831//1609 796//1609
f  797//1610 833//1610 796//1610
f  829//1611 816//1611 791//1611
f  817//1612 834//1612 801//1612
f  834//1613 830//1613 801//1613
f  829//1614 835//1614 816//1614
f  835//1615 815//1615 816//1615
f  806//1616 832//1616 773//1616
f  832//1617 831//1617 773//1617
f  831//1618 836//1618 773//1618
f  836//1619 837//1619 773//1619
f  837//1620 772//1620 773//1620
f  837//1621 838//1621 772//1621
f  838//1622 774//1622 772//1622
f  838//1623 839//1623 774//1623
f  839//1624 775//1624 774//1624
f  839//1625 840//1625 775//1625
f  840//1626 776//1626 775//1626
f  840//1627 841//1627 776//1627
f  841//1628 777//1628 776//1628
f  841//1629 842//1629 777//1629
f  842//1630 778//1630 777//1630
f  842//1631 843//1631 778//1631
f  843//1632 779//1632 778//1632
f  843//1633 844//1633 779//1633
f  844//1634 780//1634 779//1634
f  844//1635 845//1635 780//1635
f  845//1636 781//1636 780//1636
f  846//1637 847//1637 797//1637
f  847//1638 848//1638 797//1638
f  848//1639 833//1639 797//1639
f  812//1640 846//1640 797//1640
f  845//1641 849//1641 781//1641
f  849//1642 786//1642 781//1642
f  849//1643 850//1643 786//1643
f  850//1644 787//1644 786//1644
f  850//1645 851//1645 787//1645
f  851//1646 792//1646 787//1646
f  852//1647 853//1647 792//1647
f  853//1648 854//1648 792//1648
f  854//1649 822//1649 792//1649
f  851//1650 852//1650 792//1650
f  835//1651 814//1651 815//1651
f  854//1652 784//1652 822//1652
f  799//1653 855//1653 805//1653
f  855//1654 807//1654 805//1654
f  856//1655 857//1655 814//1655
f  835//1656 856//1656 814//1656
f  857//1657 813//1657 814//1657
f  854//1658 853//1658 784//1658
f  853//1659 858//1659 784//1659
f  858//1660 859//1660 784//1660
f  859//1661 785//1661 784//1661
f  819//1662 834//1662 817//1662
f  859//1663 860//1663 785//1663
f  860//1664 788//1664 785//1664
f  861//1665 862//1665 807//1665
f  855//1666 861//1666 807//1666
f  863//1667 808//1667 807//1667
f  862//1668 863//1668 807//1668
f  860//1669 864//1669 788//1669
f  864//1670 793//1670 788//1670
f  864//1671 865//1671 793//1671
f  865//1672 794//1672 793//1672
f  865//1673 866//1673 794//1673
f  866//1674 795//1674 794//1674
f  866//1675 867//1675 795//1675
f  867//1676 798//1676 795//1676
f  867//1677 868//1677 798//1677
f  868//1678 799//1678 798//1678
f  869//1679 855//1679 799//1679
f  868//1680 870//1680 799//1680
f  870//1681 869//1681 799//1681
f  869//1682 861//1682 855//1682
f  871//1683 872//1683 813//1683
f  857//1684 871//1684 813//1684
f  872//1685 809//1685 813//1685
f  821//1686 873//1686 770//1686
f  873//1687 874//1687 770//1687
f  874//1688 875//1688 770//1688
f  875//1689 818//1689 770//1689
f  818//1690 834//1690 819//1690
f  856//1691 871//1691 857//1691
f  875//1692 834//1692 818//1692
f  856//1693 872//1693 871//1693
f  876//1694 877//1694 812//1694
f  877//1695 878//1695 812//1695
f  878//1696 879//1696 812//1696
f  811//1697 880//1697 812//1697
f  880//1698 876//1698 812//1698
f  879//1699 846//1699 812//1699
f  874//1700 881//1700 875//1700
f  881//1701 834//1701 875//1701
f  856//1702 809//1702 872//1702
f  882//1703 883//1703 808//1703
f  863//1704 882//1704 808//1704
f  883//1705 884//1705 808//1705
f  884//1706 885//1706 808//1706
f  885//1707 886//1707 808//1707
f  886//1708 887//1708 808//1708
f  887//1709 820//1709 808//1709
f  852//1710 858//1710 853//1710
f  873//1711 881//1711 874//1711
f  821//1712 881//1712 873//1712
f  888//1713 810//1713 809//1713
f  856//1714 888//1714 809//1714
f  835//1715 888//1715 856//1715
f  881//1716 889//1716 834//1716
f  889//1717 830//1717 834//1717
f  890//1718 836//1718 831//1718
f  833//1719 890//1719 831//1719
f  888//1720 811//1720 810//1720
f  891//1721 881//1721 821//1721
f  820//1722 891//1722 821//1722
f  888//1723 880//1723 811//1723
f  892//1724 876//1724 880//1724
f  888//1725 892//1725 880//1725
f  887//1726 891//1726 820//1726
f  886//1727 893//1727 887//1727
f  893//1728 891//1728 887//1728
f  825//1729 894//1729 823//1729
f  894//1730 824//1730 823//1730
f  895//1731 826//1731 824//1731
f  896//1732 895//1732 824//1732
f  897//1733 896//1733 824//1733
f  894//1734 897//1734 824//1734
f  898//1735 899//1735 825//1735
f  899//1736 894//1736 825//1736
f  827//1737 900//1737 825//1737
f  900//1738 901//1738 825//1738
f  901//1739 898//1739 825//1739
f  902//1740 903//1740 833//1740
f  904//1741 890//1741 833//1741
f  903//1742 904//1742 833//1742
f  848//1743 905//1743 833//1743
f  905//1744 902//1744 833//1744
f  892//1745 877//1745 876//1745
f  885//1746 893//1746 886//1746
f  892//1747 906//1747 877//1747
f  906//1748 878//1748 877//1748
f  907//1749 908//1749 836//1749
f  908//1750 909//1750 836//1750
f  909//1751 837//1751 836//1751
f  904//1752 907//1752 836//1752
f  890//1753 904//1753 836//1753
f  910//1754 838//1754 837//1754
f  911//1755 910//1755 837//1755
f  909//1756 912//1756 837//1756
f  912//1757 911//1757 837//1757
f  913//1758 914//1758 838//1758
f  914//1759 915//1759 838//1759
f  915//1760 839//1760 838//1760
f  910//1761 913//1761 838//1761
f  916//1762 840//1762 839//1762
f  917//1763 916//1763 839//1763
f  915//1764 918//1764 839//1764
f  918//1765 917//1765 839//1765
f  919//1766 841//1766 840//1766
f  920//1767 919//1767 840//1767
f  916//1768 920//1768 840//1768
f  921//1769 922//1769 848//1769
f  922//1770 905//1770 848//1770
f  847//1771 923//1771 848//1771
f  923//1772 924//1772 848//1772
f  924//1773 921//1773 848//1773
f  925//1774 926//1774 841//1774
f  926//1775 927//1775 841//1775
f  927//1776 842//1776 841//1776
f  919//1777 925//1777 841//1777
f  928//1778 929//1778 842//1778
f  929//1779 843//1779 842//1779
f  927//1780 930//1780 842//1780
f  930//1781 928//1781 842//1781
f  931//1782 844//1782 843//1782
f  929//1783 932//1783 843//1783
f  932//1784 933//1784 843//1784
f  933//1785 931//1785 843//1785
f  934//1786 845//1786 844//1786
f  931//1787 935//1787 844//1787
f  935//1788 934//1788 844//1788
f  936//1789 849//1789 845//1789
f  937//1790 936//1790 845//1790
f  934//1791 938//1791 845//1791
f  938//1792 937//1792 845//1792
f  939//1793 940//1793 849//1793
f  940//1794 941//1794 849//1794
f  941//1795 850//1795 849//1795
f  936//1796 939//1796 849//1796
f  942//1797 851//1797 850//1797
f  943//1798 942//1798 850//1798
f  941//1799 944//1799 850//1799
f  944//1800 943//1800 850//1800
f  945//1801 852//1801 851//1801
f  946//1802 945//1802 851//1802
f  942//1803 946//1803 851//1803
f  947//1804 948//1804 861//1804
f  949//1805 862//1805 861//1805
f  950//1806 949//1806 861//1806
f  948//1807 950//1807 861//1807
f  869//1808 870//1808 861//1808
f  951//1809 947//1809 861//1809
f  870//1810 951//1810 861//1810
f  952//1811 953//1811 858//1811
f  953//1812 954//1812 858//1812
f  954//1813 859//1813 858//1813
f  955//1814 952//1814 858//1814
f  852//1815 955//1815 858//1815
f  956//1816 957//1816 859//1816
f  957//1817 860//1817 859//1817
f  954//1818 958//1818 859//1818
f  958//1819 956//1819 859//1819
f  959//1820 955//1820 852//1820
f  945//1821 959//1821 852//1821
f  960//1822 961//1822 860//1822
f  961//1823 962//1823 860//1823
f  962//1824 864//1824 860//1824
f  957//1825 963//1825 860//1825
f  963//1826 960//1826 860//1826
f  964//1827 965//1827 864//1827
f  965//1828 966//1828 864//1828
f  966//1829 865//1829 864//1829
f  962//1830 967//1830 864//1830
f  967//1831 964//1831 864//1831
f  968//1832 907//1832 904//1832
f  903//1833 968//1833 904//1833
f  969//1834 970//1834 865//1834
f  970//1835 971//1835 865//1835
f  971//1836 866//1836 865//1836
f  966//1837 972//1837 865//1837
f  972//1838 969//1838 865//1838
f  973//1839 974//1839 826//1839
f  974//1840 975//1840 826//1840
f  975//1841 829//1841 826//1841
f  895//1842 973//1842 826//1842
f  976//1843 977//1843 827//1843
f  977//1844 900//1844 827//1844
f  828//1845 978//1845 827//1845
f  978//1846 979//1846 827//1846
f  979//1847 976//1847 827//1847
f  980//1848 981//1848 866//1848
f  981//1849 982//1849 866//1849
f  982//1850 867//1850 866//1850
f  971//1851 983//1851 866//1851
f  983//1852 980//1852 866//1852
f  984//1853 868//1853 867//1853
f  985//1854 984//1854 867//1854
f  982//1855 986//1855 867//1855
f  986//1856 985//1856 867//1856
f  987//1857 870//1857 868//1857
f  988//1858 987//1858 868//1858
f  989//1859 988//1859 868//1859
f  984//1860 989//1860 868//1860
f  987//1861 990//1861 870//1861
f  990//1862 951//1862 870//1862
f  991//1863 892//1863 888//1863
f  835//1864 991//1864 888//1864
f  992//1865 889//1865 881//1865
f  891//1866 992//1866 881//1866
f  949//1867 993//1867 862//1867
f  994//1868 863//1868 862//1868
f  993//1869 994//1869 862//1869
f  906//1870 879//1870 878//1870
f  884//1871 995//1871 885//1871
f  995//1872 893//1872 885//1872
f  996//1873 997//1873 847//1873
f  997//1874 998//1874 847//1874
f  998//1875 999//1875 847//1875
f  999//1876 1000//1876 847//1876
f  1000//1877 1001//1877 847//1877
f  1001//1878 923//1878 847//1878
f  846//1879 996//1879 847//1879
f  883//1880 995//1880 884//1880
f  892//1881 1002//1881 906//1881
f  1002//1882 879//1882 906//1882
f  995//1883 1003//1883 893//1883
f  1003//1884 891//1884 893//1884
f  899//1885 897//1885 894//1885
f  994//1886 1004//1886 863//1886
f  1004//1887 1005//1887 863//1887
f  1005//1888 1006//1888 863//1888
f  1006//1889 1007//1889 863//1889
f  1007//1890 882//1890 863//1890
f  946//1891 1008//1891 945//1891
f  1008//1892 959//1892 945//1892
f  1002//1893 1009//1893 879//1893
f  1009//1894 846//1894 879//1894
f  1009//1895 996//1895 846//1895
f  1010//1896 1011//1896 829//1896
f  1011//1897 1012//1897 829//1897
f  975//1898 1013//1898 829//1898
f  1013//1899 1010//1899 829//1899
f  1012//1900 835//1900 829//1900
f  1014//1901 1015//1901 828//1901
f  830//1902 1014//1902 828//1902
f  1015//1903 1016//1903 828//1903
f  1016//1904 978//1904 828//1904
f  1002//1905 996//1905 1009//1905
f  1017//1906 883//1906 882//1906
f  1007//1907 1018//1907 882//1907
f  1018//1908 1017//1908 882//1908
f  1017//1909 995//1909 883//1909
f  1018//1910 995//1910 1017//1910
f  1002//1911 997//1911 996//1911
f  1007//1912 995//1912 1018//1912
f  1002//1913 998//1913 997//1913
f  1019//1914 999//1914 998//1914
f  1020//1915 1019//1915 998//1915
f  1002//1916 1020//1916 998//1916
f  1021//1917 995//1917 1007//1917
f  1006//1918 1021//1918 1007//1918
f  1019//1919 1000//1919 999//1919
f  1005//1920 1021//1920 1006//1920
f  1022//1921 1002//1921 892//1921
f  1023//1922 1022//1922 892//1922
f  991//1923 1023//1923 892//1923
f  1003//1924 1024//1924 891//1924
f  1024//1925 992//1925 891//1925
f  1004//1926 1021//1926 1005//1926
f  1019//1927 1001//1927 1000//1927
f  1019//1928 923//1928 1001//1928
f  994//1929 1021//1929 1004//1929
f  1019//1930 924//1930 923//1930
f  1022//1931 1020//1931 1002//1931
f  1021//1932 1025//1932 995//1932
f  1025//1933 1026//1933 995//1933
f  1026//1934 1003//1934 995//1934
f  993//1935 1021//1935 994//1935
f  1027//1936 921//1936 924//1936
f  1019//1937 1027//1937 924//1937
f  1028//1938 1021//1938 993//1938
f  949//1939 1028//1939 993//1939
f  1012//1940 1029//1940 835//1940
f  1029//1941 1030//1941 835//1941
f  1030//1942 1031//1942 835//1942
f  1031//1943 991//1943 835//1943
f  1032//1944 1014//1944 830//1944
f  889//1945 1033//1945 830//1945
f  1033//1946 1032//1946 830//1946
f  1027//1947 922//1947 921//1947
f  1027//1948 905//1948 922//1948
f  950//1949 1028//1949 949//1949
f  948//1950 1028//1950 950//1950
f  1034//1951 902//1951 905//1951
f  1027//1952 1034//1952 905//1952
f  947//1953 1028//1953 948//1953
f  951//1954 1035//1954 947//1954
f  1035//1955 1036//1955 947//1955
f  1036//1956 1028//1956 947//1956
f  1034//1957 903//1957 902//1957
f  1037//1958 968//1958 903//1958
f  1038//1959 1037//1959 903//1959
f  1034//1960 1038//1960 903//1960
f  928//1961 1039//1961 929//1961
f  1039//1962 932//1962 929//1962
f  1037//1963 907//1963 968//1963
f  990//1964 1040//1964 951//1964
f  1040//1965 1035//1965 951//1965
f  1019//1966 1034//1966 1027//1966
f  1036//1967 1041//1967 1028//1967
f  1041//1968 1021//1968 1028//1968
f  946//1969 1042//1969 1008//1969
f  1042//1970 959//1970 1008//1970
f  1042//1971 1043//1971 959//1971
f  1043//1972 955//1972 959//1972
f  1044//1973 952//1973 955//1973
f  1043//1974 1044//1974 955//1974
f  1044//1975 953//1975 952//1975
f  1044//1976 954//1976 953//1976
f  942//1977 1045//1977 946//1977
f  1045//1978 1042//1978 946//1978
f  943//1979 1045//1979 942//1979
f  944//1980 1045//1980 943//1980
f  941//1981 1045//1981 944//1981
f  1046//1982 1045//1982 941//1982
f  940//1983 1046//1983 941//1983
f  1047//1984 958//1984 954//1984
f  1044//1985 1047//1985 954//1985
f  1047//1986 956//1986 958//1986
f  939//1987 1046//1987 940//1987
f  936//1988 1046//1988 939//1988
f  1047//1989 957//1989 956//1989
f  1047//1990 963//1990 957//1990
f  1048//1991 960//1991 963//1991
f  1047//1992 1048//1992 963//1992
f  1048//1993 961//1993 960//1993
f  1048//1994 962//1994 961//1994
f  1049//1995 967//1995 962//1995
f  1048//1996 1049//1996 962//1996
f  1049//1997 964//1997 967//1997
f  1049//1998 965//1998 964//1998
f  1050//1999 966//1999 965//1999
f  1049//2000 1050//2000 965//2000
f  1050//2001 972//2001 966//2001
f  1050//2002 969//2002 972//2002
f  1051//2003 970//2003 969//2003
f  1050//2004 1051//2004 969//2004
f  1051//2005 971//2005 970//2005
f  1051//2006 983//2006 971//2006
f  1051//2007 1052//2007 983//2007
f  1052//2008 980//2008 983//2008
f  1052//2009 981//2009 980//2009
f  1052//2010 982//2010 981//2010
f  1053//2011 986//2011 982//2011
f  1052//2012 1053//2012 982//2012
f  1053//2013 985//2013 986//2013
f  937//2014 1054//2014 936//2014
f  1054//2015 1046//2015 936//2015
f  938//2016 1054//2016 937//2016
f  934//2017 1054//2017 938//2017
f  935//2018 1054//2018 934//2018
f  1055//2019 1054//2019 935//2019
f  931//2020 1055//2020 935//2020
f  933//2021 1055//2021 931//2021
f  932//2022 1055//2022 933//2022
f  1053//2023 984//2023 985//2023
f  1053//2024 989//2024 984//2024
f  1056//2025 988//2025 989//2025
f  1053//2026 1056//2026 989//2026
f  1056//2027 987//2027 988//2027
f  1056//2028 990//2028 987//2028
f  1039//2029 1055//2029 932//2029
f  1057//2030 1055//2030 1039//2030
f  928//2031 1057//2031 1039//2031
f  930//2032 1057//2032 928//2032
f  927//2033 1057//2033 930//2033
f  926//2034 1058//2034 927//2034
f  1058//2035 1057//2035 927//2035
f  925//2036 1058//2036 926//2036
f  919//2037 1058//2037 925//2037
f  920//2038 1058//2038 919//2038
f  1059//2039 1058//2039 920//2039
f  916//2040 1059//2040 920//2040
f  917//2041 1059//2041 916//2041
f  918//2042 1059//2042 917//2042
f  915//2043 1059//2043 918//2043
f  1060//2044 1059//2044 915//2044
f  914//2045 1060//2045 915//2045
f  913//2046 1060//2046 914//2046
f  910//2047 1060//2047 913//2047
f  911//2048 1061//2048 910//2048
f  1061//2049 1060//2049 910//2049
f  912//2050 1061//2050 911//2050
f  909//2051 1061//2051 912//2051
f  908//2052 1061//2052 909//2052
f  1037//2053 1061//2053 908//2053
f  907//2054 1037//2054 908//2054
f  1056//2055 1040//2055 990//2055
f  1038//2056 1061//2056 1037//2056
f  1046//2057 1062//2057 1045//2057
f  1062//2058 1043//2058 1045//2058
f  1043//2059 1042//2059 1045//2059
f  1054//2060 1063//2060 1046//2060
f  1063//2061 1062//2061 1046//2061
f  1055//2062 1064//2062 1054//2062
f  1064//2063 1063//2063 1054//2063
f  1057//2064 1065//2064 1055//2064
f  1065//2065 1064//2065 1055//2065
f  1058//2066 1066//2066 1057//2066
f  1066//2067 1065//2067 1057//2067
f  1059//2068 1067//2068 1058//2068
f  1067//2069 1066//2069 1058//2069
f  1060//2070 1068//2070 1059//2070
f  1068//2071 1067//2071 1059//2071
f  1061//2072 1069//2072 1060//2072
f  1069//2073 1068//2073 1060//2073
f  1038//2074 1070//2074 1061//2074
f  1070//2075 1069//2075 1061//2075
f  1020//2076 1071//2076 1019//2076
f  1071//2077 1034//2077 1019//2077
f  1041//2078 1072//2078 1021//2078
f  1072//2079 1025//2079 1021//2079
f  1073//2080 1020//2080 1022//2080
f  1023//2081 1074//2081 1022//2081
f  1074//2082 1075//2082 1022//2082
f  1075//2083 1076//2083 1022//2083
f  1076//2084 1073//2084 1022//2084
f  1026//2085 1077//2085 1003//2085
f  1077//2086 1024//2086 1003//2086
f  1031//2087 1078//2087 991//2087
f  1078//2088 1079//2088 991//2088
f  1080//2089 1023//2089 991//2089
f  1079//2090 1080//2090 991//2090
f  1081//2091 1033//2091 889//2091
f  992//2092 1081//2092 889//2092
f  898//2093 1082//2093 899//2093
f  1082//2094 897//2094 899//2094
f  1073//2095 1083//2095 1020//2095
f  1083//2096 1071//2096 1020//2096
f  1072//2097 1084//2097 1025//2097
f  1084//2098 1026//2098 1025//2098
f  898//2099 1085//2099 1082//2099
f  1085//2100 1086//2100 1082//2100
f  1086//2101 1087//2101 1082//2101
f  1087//2102 897//2102 1082//2102
f  1087//2103 896//2103 897//2103
f  901//2104 1085//2104 898//2104
f  1087//2105 1088//2105 896//2105
f  1088//2106 895//2106 896//2106
f  900//2107 1085//2107 901//2107
f  1088//2108 973//2108 895//2108
f  977//2109 1085//2109 900//2109
f  1089//2110 1090//2110 1032//2110
f  1090//2111 1014//2111 1032//2111
f  1033//2112 1091//2112 1032//2112
f  1091//2113 1089//2113 1032//2113
f  977//2114 1092//2114 1085//2114
f  1093//2115 1086//2115 1085//2115
f  1092//2116 1094//2116 1085//2116
f  1094//2117 1095//2117 1085//2117
f  1095//2118 1093//2118 1085//2118
f  976//2119 1092//2119 977//2119
f  1096//2120 974//2120 973//2120
f  1088//2121 1096//2121 973//2121
f  1096//2122 975//2122 974//2122
f  1062//2123 1097//2123 1043//2123
f  1097//2124 1044//2124 1043//2124
f  1098//2125 1047//2125 1044//2125
f  1099//2126 1098//2126 1044//2126
f  1097//2127 1099//2127 1044//2127
f  1100//2128 1048//2128 1047//2128
f  1098//2129 1100//2129 1047//2129
f  1101//2130 1049//2130 1048//2130
f  1100//2131 1101//2131 1048//2131
f  1102//2132 1050//2132 1049//2132
f  1101//2133 1102//2133 1049//2133
f  1103//2134 1051//2134 1050//2134
f  1102//2135 1103//2135 1050//2135
f  1104//2136 1052//2136 1051//2136
f  1103//2137 1104//2137 1051//2137
f  1105//2138 1053//2138 1052//2138
f  1104//2139 1105//2139 1052//2139
f  1106//2140 1056//2140 1053//2140
f  1105//2141 1106//2141 1053//2141
f  1107//2142 1035//2142 1056//2142
f  1035//2143 1040//2143 1056//2143
f  1106//2144 1107//2144 1056//2144
f  979//2145 1092//2145 976//2145
f  1108//2146 1013//2146 975//2146
f  1096//2147 1108//2147 975//2147
f  1109//2148 1092//2148 979//2148
f  978//2149 1109//2149 979//2149
f  1109//2150 1110//2150 1092//2150
f  1110//2151 1094//2151 1092//2151
f  1080//2152 1074//2152 1023//2152
f  1024//2153 1111//2153 992//2153
f  1111//2154 1081//2154 992//2154
f  1034//2155 1112//2155 1038//2155
f  1112//2156 1070//2156 1038//2156
f  1034//2157 1113//2157 1112//2157
f  1113//2158 1070//2158 1112//2158
f  1107//2159 1036//2159 1035//2159
f  1114//2160 1036//2160 1107//2160
f  1115//2161 1114//2161 1107//2161
f  1106//2162 1115//2162 1107//2162
f  1116//2163 1113//2163 1034//2163
f  1117//2164 1116//2164 1034//2164
f  1118//2165 1117//2165 1034//2165
f  1071//2166 1118//2166 1034//2166
f  1119//2167 1041//2167 1036//2167
f  1114//2168 1119//2168 1036//2168
f  1016//2169 1109//2169 978//2169
f  1120//2170 1010//2170 1013//2170
f  1108//2171 1120//2171 1013//2171
f  1120//2172 1011//2172 1010//2172
f  1121//2173 1012//2173 1120//2173
f  1012//2174 1011//2174 1120//2174
f  1108//2175 1121//2175 1120//2175
f  1015//2176 1109//2176 1016//2176
f  1122//2177 1091//2177 1033//2177
f  1081//2178 1122//2178 1033//2178
f  1076//2179 1123//2179 1073//2179
f  1123//2180 1083//2180 1073//2180
f  1015//2181 1124//2181 1109//2181
f  1124//2182 1125//2182 1109//2182
f  1125//2183 1110//2183 1109//2183
f  1084//2184 1126//2184 1026//2184
f  1126//2185 1077//2185 1026//2185
f  1014//2186 1124//2186 1015//2186
f  1093//2187 1087//2187 1086//2187
f  1095//2188 1127//2188 1093//2188
f  1127//2189 1087//2189 1093//2189
f  1128//2190 1118//2190 1071//2190
f  1083//2191 1128//2191 1071//2191
f  1129//2192 1072//2192 1041//2192
f  1119//2193 1129//2193 1041//2193
f  1127//2194 1130//2194 1087//2194
f  1130//2195 1088//2195 1087//2195
f  1063//2196 1131//2196 1062//2196
f  1131//2197 1097//2197 1062//2197
f  1064//2198 1132//2198 1063//2198
f  1132//2199 1131//2199 1063//2199
f  1065//2200 1133//2200 1064//2200
f  1133//2198 1132//2198 1064//2198
f  1066//2201 1134//2201 1065//2201
f  1134//2202 1133//2202 1065//2202
f  1067//2203 1135//2203 1066//2203
f  1135//2204 1134//2204 1066//2204
f  1068//2205 1136//2205 1067//2205
f  1136//2206 1135//2206 1067//2206
f  1069//2207 1137//2207 1068//2207
f  1137//2208 1136//2208 1068//2208
f  1070//2209 1138//2209 1069//2209
f  1138//2210 1137//2210 1069//2210
f  1113//2211 1116//2211 1070//2211
f  1116//2212 1139//2212 1070//2212
f  1139//2213 1138//2213 1070//2213
f  1131//2214 1140//2214 1097//2214
f  1140//2215 1099//2215 1097//2215
f  1130//2216 1141//2216 1088//2216
f  1141//2217 1096//2217 1088//2217
f  1142//2218 1143//2218 1095//2218
f  1143//2219 1127//2219 1095//2219
f  1094//2220 1144//2220 1095//2220
f  1144//2221 1145//2221 1095//2221
f  1145//2222 1142//2222 1095//2222
f  1121//2223 1029//2223 1012//2223
f  1146//2224 1030//2224 1121//2224
f  1030//2225 1029//2225 1121//2225
f  1108//2226 1147//2226 1121//2226
f  1147//2227 1146//2227 1121//2227
f  1090//2228 1124//2228 1014//2228
f  1143//2229 1130//2229 1127//2229
f  1141//2230 1148//2230 1096//2230
f  1148//2231 1149//2231 1096//2231
f  1149//2232 1108//2232 1096//2232
f  1090//2233 1089//2233 1124//2233
f  1089//2234 1150//2234 1124//2234
f  1150//2235 1151//2235 1124//2235
f  1151//2236 1125//2236 1124//2236
f  1110//2237 1152//2237 1094//2237
f  1152//2238 1144//2238 1094//2238
f  1080//2239 1153//2239 1074//2239
f  1153//2240 1075//2240 1074//2240
f  1154//2241 1111//2241 1024//2241
f  1077//2242 1155//2242 1024//2242
f  1155//2243 1154//2243 1024//2243
f  1156//2244 1128//2244 1083//2244
f  1123//2245 1156//2245 1083//2245
f  1157//2246 1084//2246 1072//2246
f  1129//2247 1157//2247 1072//2247
f  1158//2248 1159//2248 1080//2248
f  1159//2249 1153//2249 1080//2249
f  1079//2250 1158//2250 1080//2250
f  1160//2251 1122//2251 1081//2251
f  1111//2252 1161//2252 1081//2252
f  1161//2253 1160//2253 1081//2253
f  1146//2254 1031//2254 1030//2254
f  1091//2255 1150//2255 1089//2255
f  1142//2256 1162//2256 1143//2256
f  1162//2257 1130//2257 1143//2257
f  1075//2258 1163//2258 1076//2258
f  1163//2259 1123//2259 1076//2259
f  1126//2260 1164//2260 1077//2260
f  1164//2261 1155//2261 1077//2261
f  1165//2262 1162//2262 1142//2262
f  1145//2263 1166//2263 1142//2263
f  1166//2264 1165//2264 1142//2264
f  1149//2265 1147//2265 1108//2265
f  1146//2266 1078//2266 1031//2266
f  1125//2267 1167//2267 1110//2267
f  1167//2268 1152//2268 1110//2268
f  1168//2269 1166//2269 1145//2269
f  1144//2270 1168//2270 1145//2270
f  1146//2271 1079//2271 1078//2271
f  1169//2272 1079//2272 1146//2272
f  1147//2273 1170//2273 1146//2273
f  1170//2274 1169//2274 1146//2274
f  1171//2275 1114//2275 1115//2275
f  1106//2276 1171//2276 1115//2276
f  1172//2277 1150//2277 1091//2277
f  1122//2278 1172//2278 1091//2278
f  1131//2279 1173//2279 1140//2279
f  1173//2280 1099//2280 1140//2280
f  1174//2281 1098//2281 1099//2281
f  1175//2282 1174//2282 1099//2282
f  1173//2283 1175//2283 1099//2283
f  1176//2284 1100//2284 1098//2284
f  1174//2285 1176//2285 1098//2285
f  1177//2286 1101//2286 1100//2286
f  1176//2287 1177//2287 1100//2287
f  1178//2288 1102//2288 1101//2288
f  1177//2289 1178//2289 1101//2289
f  1179//2290 1103//2290 1102//2290
f  1178//2291 1179//2291 1102//2291
f  1180//2292 1104//2292 1103//2292
f  1179//2293 1180//2293 1103//2293
f  1181//2294 1105//2294 1104//2294
f  1180//2295 1181//2295 1104//2295
f  1182//2296 1106//2296 1105//2296
f  1181//2297 1182//2297 1105//2297
f  1183//2298 1184//2298 1106//2298
f  1184//2299 1171//2299 1106//2299
f  1182//2300 1183//2300 1106//2300
f  1184//2301 1185//2301 1171//2301
f  1185//2302 1114//2302 1171//2302
f  1172//2303 1186//2303 1150//2303
f  1186//2304 1151//2304 1150//2304
f  1132//2305 1187//2305 1131//2305
f  1187//2306 1173//2306 1131//2306
f  1133//2307 1188//2307 1132//2307
f  1188//2308 1187//2308 1132//2308
f  1134//2309 1189//2309 1133//2309
f  1189//2310 1188//2310 1133//2310
f  1135//2311 1190//2311 1134//2311
f  1190//2312 1189//2312 1134//2312
f  1136//2313 1191//2313 1135//2313
f  1191//2314 1190//2314 1135//2314
f  1137//2315 1192//2315 1136//2315
f  1192//2316 1191//2316 1136//2316
f  1138//2317 1193//2317 1137//2317
f  1193//2318 1192//2318 1137//2318
f  1139//2319 1194//2319 1138//2319
f  1194//2320 1193//2320 1138//2320
f  1116//2321 1195//2321 1139//2321
f  1195//2322 1196//2322 1139//2322
f  1196//2323 1197//2323 1139//2323
f  1197//2324 1194//2324 1139//2324
f  1117//2325 1195//2325 1116//2325
f  1165//2326 1198//2326 1162//2326
f  1198//2327 1199//2327 1162//2327
f  1199//2328 1130//2328 1162//2328
f  1165//2329 1200//2329 1198//2329
f  1200//2330 1199//2330 1198//2330
f  1118//2331 1201//2331 1117//2331
f  1201//2332 1196//2332 1117//2332
f  1196//2333 1195//2333 1117//2333
f  1184//2334 1183//2334 1185//2334
f  1202//2335 1114//2335 1185//2335
f  1183//2336 1202//2336 1185//2336
f  1203//2337 1156//2337 1123//2337
f  1163//2338 1203//2338 1123//2338
f  1204//2339 1126//2339 1084//2339
f  1157//2340 1204//2340 1084//2340
f  1128//2341 1205//2341 1118//2341
f  1205//2342 1201//2342 1118//2342
f  1202//2343 1206//2343 1114//2343
f  1206//2344 1207//2344 1114//2344
f  1207//2345 1119//2345 1114//2345
f  1208//2346 1168//2346 1144//2346
f  1152//2347 1208//2347 1144//2347
f  1199//2348 1141//2348 1130//2348
f  1166//2349 1209//2349 1165//2349
f  1209//2350 1210//2350 1165//2350
f  1210//2351 1200//2351 1165//2351
f  1211//2352 1075//2352 1153//2352
f  1159//2353 1212//2353 1153//2353
f  1213//2354 1211//2354 1153//2354
f  1214//2355 1213//2355 1153//2355
f  1212//2356 1214//2356 1153//2356
f  1215//2357 1216//2357 1111//2357
f  1216//2358 1161//2358 1111//2358
f  1154//2359 1217//2359 1111//2359
f  1217//2360 1215//2360 1111//2360
f  1169//2361 1158//2361 1079//2361
f  1149//2362 1218//2362 1147//2362
f  1218//2363 1170//2363 1147//2363
f  1160//2364 1172//2364 1122//2364
f  1169//2365 1159//2365 1158//2365
f  1161//2366 1172//2366 1160//2366
f  1151//2367 1219//2367 1125//2367
f  1219//2368 1167//2368 1125//2368
f  1220//2369 1148//2369 1141//2369
f  1199//2370 1220//2370 1141//2370
f  1211//2371 1221//2371 1075//2371
f  1221//2372 1163//2372 1075//2372
f  1164//2373 1222//2373 1155//2373
f  1222//2374 1154//2374 1155//2374
f  1168//2375 1223//2375 1166//2375
f  1223//2376 1209//2376 1166//2376
f  1156//2377 1224//2377 1128//2377
f  1224//2378 1205//2378 1128//2378
f  1207//2379 1225//2379 1119//2379
f  1225//2380 1129//2380 1119//2380
f  1169//2381 1212//2381 1159//2381
f  1148//2382 1226//2382 1149//2382
f  1226//2383 1218//2383 1149//2383
f  1210//2384 1227//2384 1200//2384
f  1227//2385 1199//2385 1200//2385
f  1210//2386 1228//2386 1227//2386
f  1228//2387 1199//2387 1227//2387
f  1210//2388 1229//2388 1228//2388
f  1230//2389 1199//2389 1228//2389
f  1229//2390 1230//2390 1228//2390
f  1231//2391 1212//2391 1169//2391
f  1170//2392 1232//2392 1169//2392
f  1232//2393 1231//2393 1169//2393
f  1230//2394 1220//2394 1199//2394
f  1216//2395 1172//2395 1161//2395
f  1233//2396 1208//2396 1152//2396
f  1167//2397 1233//2397 1152//2397
f  1234//2398 1229//2398 1210//2398
f  1235//2399 1234//2399 1210//2399
f  1209//2400 1235//2400 1210//2400
f  1236//2401 1226//2401 1148//2401
f  1220//2402 1236//2402 1148//2402
f  1216//2403 1237//2403 1172//2403
f  1237//2404 1238//2404 1172//2404
f  1238//2405 1186//2405 1172//2405
f  1201//2406 1239//2406 1196//2406
f  1239//2407 1197//2407 1196//2407
f  1240//2408 1203//2408 1163//2408
f  1221//2409 1240//2409 1163//2409
f  1241//2410 1164//2410 1126//2410
f  1204//2411 1241//2411 1126//2411
f  1208//2412 1242//2412 1168//2412
f  1242//2413 1223//2413 1168//2413
f  1234//2414 1243//2414 1229//2414
f  1243//2415 1244//2415 1229//2415
f  1244//2416 1230//2416 1229//2416
f  1234//2417 1245//2417 1243//2417
f  1245//2418 1244//2418 1243//2418
f  1246//2419 1236//2419 1220//2419
f  1230//2420 1246//2420 1220//2420
f  1203//2421 1247//2421 1156//2421
f  1247//2422 1224//2422 1156//2422
f  1248//2423 1235//2423 1209//2423
f  1223//2424 1248//2424 1209//2424
f  1225//2425 1249//2425 1129//2425
f  1249//2426 1157//2426 1129//2426
f  1244//2427 1246//2427 1230//2427
f  1218//2428 1250//2428 1170//2428
f  1250//2429 1232//2429 1170//2429
f  1235//2430 1251//2430 1234//2430
f  1251//2431 1252//2431 1234//2431
f  1252//2432 1245//2432 1234//2432
f  1231//2433 1214//2433 1212//2433
f  1215//2434 1237//2434 1216//2434
f  1252//2435 1253//2435 1245//2435
f  1253//2436 1244//2436 1245//2436
f  1186//2437 1254//2437 1151//2437
f  1254//2438 1219//2438 1151//2438
f  1213//2439 1255//2439 1211//2439
f  1255//2440 1256//2440 1211//2440
f  1256//2441 1221//2441 1211//2441
f  1257//2442 1217//2442 1154//2442
f  1222//2443 1258//2443 1154//2443
f  1258//2444 1257//2444 1154//2444
f  1259//2445 1260//2445 1244//2445
f  1261//2446 1259//2446 1244//2446
f  1253//2447 1261//2447 1244//2447
f  1260//2448 1246//2448 1244//2448
f  1252//2449 1262//2449 1253//2449
f  1262//2450 1263//2450 1253//2450
f  1263//2451 1264//2451 1253//2451
f  1264//2452 1261//2452 1253//2452
f  1265//2453 1236//2453 1246//2453
f  1260//2454 1265//2454 1246//2454
f  1231//2455 1213//2455 1214//2455
f  1263//2456 1266//2456 1264//2456
f  1266//2457 1261//2457 1264//2457
f  1226//2458 1267//2458 1218//2458
f  1267//2459 1250//2459 1218//2459
f  1261//2460 1266//2460 1268//2460
f  1266//2461 1263//2461 1268//2461
f  1263//2462 1262//2462 1268//2462
f  1262//2463 1269//2463 1268//2463
f  1269//2464 1270//2464 1268//2464
f  1259//2465 1261//2465 1268//2465
f  1271//2466 1259//2466 1268//2466
f  1272//2467 1271//2467 1268//2467
f  1273//2467 1272//2467 1268//2467
f  1270//2467 1273//2467 1268//2467
f  1274//2468 1275//2468 1276//2468
f  1277//2469 1278//2469 1276//2469
f  1275//2469 1277//2469 1276//2469
f  1278//2470 1279//2470 1276//2470
f  1279//2470 1280//2470 1276//2470
f  1280//2470 1274//2470 1276//2470
f  1274//2468 1281//2468 1275//2468
f  1282//2467 1283//2467 1275//2467
f  1281//2467 1282//2467 1275//2467
f  1283//2467 1277//2467 1275//2467
f  1251//2471 1284//2471 1252//2471
f  1284//2472 1269//2472 1252//2472
f  1269//2473 1262//2473 1252//2473
f  1285//2474 1202//2474 1183//2474
f  1182//2475 1285//2475 1183//2475
f  1265//2476 1286//2476 1236//2476
f  1286//2477 1226//2477 1236//2477
f  1248//2478 1287//2478 1235//2478
f  1287//2479 1251//2479 1235//2479
f  1217//2480 1237//2480 1215//2480
f  1286//2481 1267//2481 1226//2481
f  1288//2482 1233//2482 1167//2482
f  1219//2483 1288//2483 1167//2483
f  1289//2484 1248//2484 1223//2484
f  1242//2485 1289//2485 1223//2485
f  1290//2486 1260//2486 1259//2486
f  1271//2487 1290//2487 1259//2487
f  1284//2488 1270//2488 1269//2488
f  1233//2489 1291//2489 1208//2489
f  1291//2490 1242//2490 1208//2490
f  1231//2491 1255//2491 1213//2491
f  1292//2492 1293//2492 1260//2492
f  1290//2493 1292//2493 1260//2493
f  1293//2494 1265//2494 1260//2494
f  1240//2495 1294//2495 1203//2495
f  1294//2496 1247//2496 1203//2496
f  1249//2497 1295//2497 1157//2497
f  1295//2498 1204//2498 1157//2498
f  1287//2499 1296//2499 1251//2499
f  1296//2500 1284//2500 1251//2500
f  1297//2501 1240//2501 1221//2501
f  1256//2502 1297//2502 1221//2502
f  1298//2503 1222//2503 1164//2503
f  1241//2504 1298//2504 1164//2504
f  1299//2467 1271//2467 1272//2467
f  1300//2505 1299//2505 1272//2505
f  1279//2505 1300//2505 1272//2505
f  1273//2506 1279//2506 1272//2506
f  1270//2467 1301//2467 1273//2467
f  1280//2506 1279//2506 1273//2506
f  1301//2507 1280//2507 1273//2507
f  1278//2470 1300//2470 1279//2470
f  1301//2507 1302//2507 1280//2507
f  1302//2470 1274//2470 1280//2470
f  1271//2508 1292//2508 1290//2508
f  1257//2509 1237//2509 1217//2509
f  1303//2510 1304//2510 1231//2510
f  1304//2511 1255//2511 1231//2511
f  1232//2512 1305//2512 1231//2512
f  1305//2513 1303//2513 1231//2513
f  1296//2514 1270//2514 1284//2514
f  1306//2515 1286//2515 1265//2515
f  1293//2516 1306//2516 1265//2516
f  1187//2517 1307//2517 1173//2517
f  1308//2518 1175//2518 1173//2518
f  1307//2519 1308//2519 1173//2519
f  1308//2520 1309//2520 1175//2520
f  1309//2521 1310//2521 1175//2521
f  1310//2522 1174//2522 1175//2522
f  1311//2523 1176//2523 1174//2523
f  1312//2524 1311//2524 1174//2524
f  1310//2525 1313//2525 1174//2525
f  1313//2526 1312//2526 1174//2526
f  1314//2527 1315//2527 1176//2527
f  1315//2528 1177//2528 1176//2528
f  1311//2529 1314//2529 1176//2529
f  1316//2530 1178//2530 1177//2530
f  1317//2531 1316//2531 1177//2531
f  1315//2532 1318//2532 1177//2532
f  1318//2533 1317//2533 1177//2533
f  1319//2534 1320//2534 1178//2534
f  1320//2535 1179//2535 1178//2535
f  1316//2536 1319//2536 1178//2536
f  1321//2537 1322//2537 1179//2537
f  1322//2538 1323//2538 1179//2538
f  1323//2539 1324//2539 1179//2539
f  1324//2540 1180//2540 1179//2540
f  1320//2541 1325//2541 1179//2541
f  1325//2542 1321//2542 1179//2542
f  1326//2543 1327//2543 1180//2543
f  1327//2544 1328//2544 1180//2544
f  1328//2545 1181//2545 1180//2545
f  1324//2546 1329//2546 1180//2546
f  1329//2547 1326//2547 1180//2547
f  1330//2548 1331//2548 1181//2548
f  1331//2549 1182//2549 1181//2549
f  1328//2550 1332//2550 1181//2550
f  1332//2551 1330//2551 1181//2551
f  1333//2552 1285//2552 1182//2552
f  1334//2553 1335//2553 1182//2553
f  1335//2554 1336//2554 1182//2554
f  1336//2555 1337//2555 1182//2555
f  1337//2556 1338//2556 1182//2556
f  1338//2557 1339//2557 1182//2557
f  1339//2558 1333//2558 1182//2558
f  1331//2559 1340//2559 1182//2559
f  1340//2560 1334//2560 1182//2560
f  1341//2561 1342//2561 1187//2561
f  1188//2562 1343//2562 1187//2562
f  1343//2563 1344//2563 1187//2563
f  1344//2564 1341//2564 1187//2564
f  1342//2565 1307//2565 1187//2565
f  1345//2566 1343//2566 1188//2566
f  1189//2567 1346//2567 1188//2567
f  1346//2568 1347//2568 1188//2568
f  1347//2569 1345//2569 1188//2569
f  1348//2570 1346//2570 1189//2570
f  1349//2571 1348//2571 1189//2571
f  1190//2572 1349//2572 1189//2572
f  1350//2573 1349//2573 1190//2573
f  1191//2574 1351//2574 1190//2574
f  1351//2575 1352//2575 1190//2575
f  1352//2576 1350//2576 1190//2576
f  1192//2577 1353//2577 1191//2577
f  1353//2578 1351//2578 1191//2578
f  1354//2579 1355//2579 1192//2579
f  1355//2580 1356//2580 1192//2580
f  1356//2581 1353//2581 1192//2581
f  1193//2582 1357//2582 1192//2582
f  1357//2583 1358//2583 1192//2583
f  1358//2584 1354//2584 1192//2584
f  1359//2585 1357//2585 1193//2585
f  1194//2586 1360//2586 1193//2586
f  1360//2587 1361//2587 1193//2587
f  1361//2588 1359//2588 1193//2588
f  1362//2589 1363//2589 1194//2589
f  1363//2590 1360//2590 1194//2590
f  1197//2591 1364//2591 1194//2591
f  1364//2592 1365//2592 1194//2592
f  1365//2593 1362//2593 1194//2593
f  1366//2594 1367//2594 1197//2594
f  1239//2595 1368//2595 1197//2595
f  1368//2596 1369//2596 1197//2596
f  1369//2597 1370//2597 1197//2597
f  1370//2598 1366//2598 1197//2598
f  1367//2599 1371//2599 1197//2599
f  1371//2600 1364//2600 1197//2600
f  1342//2601 1372//2601 1307//2601
f  1372//2602 1308//2602 1307//2602
f  1333//2603 1202//2603 1285//2603
f  1373//2604 1281//2604 1274//2604
f  1302//2470 1373//2470 1274//2470
f  1373//2604 1374//2604 1281//2604
f  1375//2467 1282//2467 1281//2467
f  1374//2467 1375//2467 1281//2467
f  1201//2605 1368//2605 1239//2605
f  1257//2606 1376//2606 1237//2606
f  1376//2607 1377//2607 1237//2607
f  1377//2608 1238//2608 1237//2608
f  1289//2609 1378//2609 1248//2609
f  1378//2610 1287//2610 1248//2610
f  1258//2611 1376//2611 1257//2611
f  1304//2612 1256//2612 1255//2612
f  1379//2613 1380//2613 1278//2613
f  1277//2613 1379//2613 1278//2613
f  1380//2470 1300//2470 1278//2470
f  1283//2467 1379//2467 1277//2467
f  1381//2614 1368//2614 1201//2614
f  1382//2615 1381//2615 1201//2615
f  1383//2616 1382//2616 1201//2616
f  1205//2617 1384//2617 1201//2617
f  1384//2618 1385//2618 1201//2618
f  1385//2619 1383//2619 1201//2619
f  1386//2620 1387//2620 1202//2620
f  1387//2621 1388//2621 1202//2621
f  1339//2622 1386//2622 1202//2622
f  1333//2623 1339//2623 1202//2623
f  1388//2624 1389//2624 1202//2624
f  1389//2625 1206//2625 1202//2625
f  1381//2626 1390//2626 1368//2626
f  1390//2627 1369//2627 1368//2627
f  1391//2628 1392//2628 1271//2628
f  1392//2629 1292//2629 1271//2629
f  1393//2630 1394//2630 1271//2630
f  1394//2631 1395//2631 1271//2631
f  1395//2632 1391//2632 1271//2632
f  1299//2467 1393//2467 1271//2467
f  1296//2633 1396//2633 1270//2633
f  1396//2467 1301//2467 1270//2467
f  1392//2634 1293//2634 1292//2634
f  1287//2635 1397//2635 1296//2635
f  1397//2636 1396//2636 1296//2636
f  1391//2637 1293//2637 1392//2637
f  1287//2638 1398//2638 1397//2638
f  1398//2639 1396//2639 1397//2639
f  1399//2640 1400//2640 1205//2640
f  1400//2641 1384//2641 1205//2641
f  1224//2642 1401//2642 1205//2642
f  1401//2643 1402//2643 1205//2643
f  1402//2644 1399//2644 1205//2644
f  1389//2645 1403//2645 1206//2645
f  1403//2646 1404//2646 1206//2646
f  1404//2647 1405//2647 1206//2647
f  1405//2648 1207//2648 1206//2648
f  1306//2649 1406//2649 1286//2649
f  1406//2650 1267//2650 1286//2650
f  1250//2651 1407//2651 1232//2651
f  1407//2652 1305//2652 1232//2652
f  1391//2653 1408//2653 1293//2653
f  1408//2654 1306//2654 1293//2654
f  1409//2655 1289//2655 1242//2655
f  1291//2656 1409//2656 1242//2656
f  1395//2657 1408//2657 1391//2657
f  1410//2658 1250//2658 1267//2658
f  1406//2659 1410//2659 1267//2659
f  1411//2660 1398//2660 1287//2660
f  1378//2661 1411//2661 1287//2661
f  1238//2662 1412//2662 1186//2662
f  1412//2663 1254//2663 1186//2663
f  1410//2664 1407//2664 1250//2664
f  1411//2665 1396//2665 1398//2665
f  1413//2666 1414//2666 1224//2666
f  1414//2667 1401//2667 1224//2667
f  1247//2668 1415//2668 1224//2668
f  1415//2669 1416//2669 1224//2669
f  1416//2670 1413//2670 1224//2670
f  1417//2671 1225//2671 1207//2671
f  1405//2672 1418//2672 1207//2672
f  1418//2673 1419//2673 1207//2673
f  1419//2674 1420//2674 1207//2674
f  1420//2675 1421//2675 1207//2675
f  1421//2676 1417//2676 1207//2676
f  1297//2677 1422//2677 1240//2677
f  1422//2678 1294//2678 1240//2678
f  1304//2679 1423//2679 1256//2679
f  1423//2680 1424//2680 1256//2680
f  1424//2681 1425//2681 1256//2681
f  1426//2682 1297//2682 1256//2682
f  1425//2683 1426//2683 1256//2683
f  1295//2684 1427//2684 1204//2684
f  1427//2685 1241//2685 1204//2685
f  1428//2686 1258//2686 1222//2686
f  1298//2687 1428//2687 1222//2687
f  1288//2688 1429//2688 1233//2688
f  1429//2689 1291//2689 1233//2689
f  1430//2690 1288//2690 1219//2690
f  1254//2691 1430//2691 1219//2691
f  1431//2692 1406//2692 1306//2692
f  1408//2693 1431//2693 1306//2693
f  1409//2694 1432//2694 1289//2694
f  1432//2695 1378//2695 1289//2695
f  1303//2696 1423//2696 1304//2696
f  1303//2697 1424//2697 1423//2697
f  1428//2698 1376//2698 1258//2698
f  1433//2699 1415//2699 1247//2699
f  1294//2700 1434//2700 1247//2700
f  1434//2701 1435//2701 1247//2701
f  1435//2702 1433//2702 1247//2702
f  1436//2703 1249//2703 1225//2703
f  1417//2704 1437//2704 1225//2704
f  1437//2705 1438//2705 1225//2705
f  1438//2706 1439//2706 1225//2706
f  1439//2707 1436//2707 1225//2707
f  1338//2708 1386//2708 1339//2708
f  1394//2709 1408//2709 1395//2709
f  1440//2710 1441//2710 1408//2710
f  1394//2711 1440//2711 1408//2711
f  1441//2712 1431//2712 1408//2712
f  1378//2713 1442//2713 1411//2713
f  1442//2714 1396//2714 1411//2714
f  1443//2715 1444//2715 1428//2715
f  1298//2716 1443//2716 1428//2716
f  1444//2717 1376//2717 1428//2717
f  1445//2718 1425//2718 1424//2718
f  1303//2719 1445//2719 1424//2719
f  1393//2720 1440//2720 1394//2720
f  1431//2721 1446//2721 1406//2721
f  1446//2722 1410//2722 1406//2722
f  1443//2723 1447//2723 1444//2723
f  1448//2724 1376//2724 1444//2724
f  1447//2725 1448//2725 1444//2725
f  1432//2726 1442//2726 1378//2726
f  1449//2467 1393//2467 1299//2467
f  1450//2727 1449//2727 1299//2727
f  1300//2727 1450//2727 1299//2727
f  1396//2467 1451//2467 1301//2467
f  1451//2728 1302//2728 1301//2728
f  1380//2470 1450//2470 1300//2470
f  1451//2728 1452//2728 1302//2728
f  1452//2470 1373//2470 1302//2470
f  1453//2729 1445//2729 1303//2729
f  1305//2730 1454//2730 1303//2730
f  1454//2731 1453//2731 1303//2731
f  1426//2732 1455//2732 1297//2732
f  1455//2733 1422//2733 1297//2733
f  1427//2734 1456//2734 1241//2734
f  1456//2735 1298//2735 1241//2735
f  1432//2736 1457//2736 1442//2736
f  1457//2737 1396//2737 1442//2737
f  1458//2738 1409//2738 1291//2738
f  1429//2739 1458//2739 1291//2739
f  1448//2740 1459//2740 1376//2740
f  1459//2741 1377//2741 1376//2741
f  1460//2742 1407//2742 1410//2742
f  1446//2743 1460//2743 1410//2743
f  1407//2744 1461//2744 1305//2744
f  1461//2745 1454//2745 1305//2745
f  1462//2746 1463//2746 1294//2746
f  1463//2747 1434//2747 1294//2747
f  1422//2748 1464//2748 1294//2748
f  1464//2749 1465//2749 1294//2749
f  1465//2750 1462//2750 1294//2750
f  1436//2751 1466//2751 1249//2751
f  1466//2752 1467//2752 1249//2752
f  1467//2753 1468//2753 1249//2753
f  1468//2754 1469//2754 1249//2754
f  1469//2755 1295//2755 1249//2755
f  1460//2756 1461//2756 1407//2756
f  1430//2757 1470//2757 1288//2757
f  1470//2758 1429//2758 1288//2758
f  1471//2759 1446//2759 1431//2759
f  1441//2760 1471//2760 1431//2760
f  1472//2761 1374//2761 1373//2761
f  1452//2470 1472//2470 1373//2470
f  1472//2761 1473//2761 1374//2761
f  1474//2467 1375//2467 1374//2467
f  1473//2467 1474//2467 1374//2467
f  1377//2762 1475//2762 1238//2762
f  1475//2763 1412//2763 1238//2763
f  1476//2764 1430//2764 1254//2764
f  1412//2765 1476//2765 1254//2765
f  1477//2766 1478//2766 1426//2766
f  1479//2767 1477//2767 1426//2767
f  1425//2768 1479//2768 1426//2768
f  1478//2769 1480//2769 1426//2769
f  1480//2770 1455//2770 1426//2770
f  1456//2771 1481//2771 1298//2771
f  1481//2772 1443//2772 1298//2772
f  1458//2773 1482//2773 1409//2773
f  1482//2774 1432//2774 1409//2774
f  1483//2775 1484//2775 1441//2775
f  1485//2776 1483//2776 1441//2776
f  1440//2777 1485//2777 1441//2777
f  1484//2778 1471//2778 1441//2778
f  1486//2779 1487//2779 1425//2779
f  1488//2780 1489//2780 1425//2780
f  1490//2781 1486//2781 1425//2781
f  1489//2782 1490//2782 1425//2782
f  1445//2783 1488//2783 1425//2783
f  1487//2784 1479//2784 1425//2784
f  1491//2785 1492//2785 1443//2785
f  1493//2786 1447//2786 1443//2786
f  1494//2787 1493//2787 1443//2787
f  1492//2788 1494//2788 1443//2788
f  1481//2789 1495//2789 1443//2789
f  1495//2790 1491//2790 1443//2790
f  1496//2791 1497//2791 1372//2791
f  1342//2792 1496//2792 1372//2792
f  1498//2793 1308//2793 1372//2793
f  1497//2794 1498//2794 1372//2794
f  1341//2795 1496//2795 1342//2795
f  1499//2796 1309//2796 1308//2796
f  1498//2797 1499//2797 1308//2797
f  1500//2798 1496//2798 1341//2798
f  1344//2799 1500//2799 1341//2799
f  1501//2800 1310//2800 1309//2800
f  1499//2801 1501//2801 1309//2801
f  1502//2802 1500//2802 1344//2802
f  1343//2803 1502//2803 1344//2803
f  1503//2804 1313//2804 1310//2804
f  1501//2805 1503//2805 1310//2805
f  1504//2806 1502//2806 1343//2806
f  1345//2807 1504//2807 1343//2807
f  1505//2808 1312//2808 1313//2808
f  1503//2809 1505//2809 1313//2809
f  1506//2810 1504//2810 1345//2810
f  1347//2811 1506//2811 1345//2811
f  1507//2812 1311//2812 1312//2812
f  1505//2813 1507//2813 1312//2813
f  1508//2814 1506//2814 1347//2814
f  1346//2815 1508//2815 1347//2815
f  1509//2816 1314//2816 1311//2816
f  1507//2817 1509//2817 1311//2817
f  1510//2818 1508//2818 1346//2818
f  1348//2819 1510//2819 1346//2819
f  1511//2820 1315//2820 1314//2820
f  1509//2821 1511//2821 1314//2821
f  1512//2822 1510//2822 1348//2822
f  1349//2823 1512//2823 1348//2823
f  1511//2824 1318//2824 1315//2824
f  1513//2825 1512//2825 1349//2825
f  1350//2826 1513//2826 1349//2826
f  1514//2827 1317//2827 1318//2827
f  1511//2828 1514//2828 1318//2828
f  1515//2829 1513//2829 1350//2829
f  1352//2830 1515//2830 1350//2830
f  1516//2831 1316//2831 1317//2831
f  1514//2832 1516//2832 1317//2832
f  1517//2833 1515//2833 1352//2833
f  1351//2834 1517//2834 1352//2834
f  1518//2835 1319//2835 1316//2835
f  1516//2836 1518//2836 1316//2836
f  1353//2837 1519//2837 1351//2837
f  1519//2838 1517//2838 1351//2838
f  1518//2839 1520//2839 1319//2839
f  1520//2840 1320//2840 1319//2840
f  1520//2841 1325//2841 1320//2841
f  1520//2842 1521//2842 1325//2842
f  1521//2843 1321//2843 1325//2843
f  1521//2844 1522//2844 1321//2844
f  1522//2845 1322//2845 1321//2845
f  1522//2846 1323//2846 1322//2846
f  1356//2847 1523//2847 1353//2847
f  1523//2848 1524//2848 1353//2848
f  1524//2849 1519//2849 1353//2849
f  1522//2850 1525//2850 1323//2850
f  1525//2851 1324//2851 1323//2851
f  1525//2852 1526//2852 1324//2852
f  1526//2853 1329//2853 1324//2853
f  1526//2854 1326//2854 1329//2854
f  1526//2855 1327//2855 1326//2855
f  1527//2856 1328//2856 1327//2856
f  1526//2857 1527//2857 1327//2857
f  1528//2858 1332//2858 1328//2858
f  1527//2859 1528//2859 1328//2859
f  1355//2860 1523//2860 1356//2860
f  1529//2861 1523//2861 1355//2861
f  1354//2862 1529//2862 1355//2862
f  1530//2863 1330//2863 1332//2863
f  1528//2864 1530//2864 1332//2864
f  1530//2865 1331//2865 1330//2865
f  1530//2866 1340//2866 1331//2866
f  1530//2867 1531//2867 1340//2867
f  1531//2868 1334//2868 1340//2868
f  1531//2869 1532//2869 1334//2869
f  1532//2870 1335//2870 1334//2870
f  1532//2871 1336//2871 1335//2871
f  1533//2872 1529//2872 1354//2872
f  1358//2873 1533//2873 1354//2873
f  1532//2874 1534//2874 1336//2874
f  1534//2875 1337//2875 1336//2875
f  1534//2876 1535//2876 1337//2876
f  1535//2877 1536//2877 1337//2877
f  1536//2878 1537//2878 1337//2878
f  1537//2879 1538//2879 1337//2879
f  1538//2880 1539//2880 1337//2880
f  1539//2881 1540//2881 1337//2881
f  1540//2882 1541//2882 1337//2882
f  1541//2883 1338//2883 1337//2883
f  1541//2884 1386//2884 1338//2884
f  1542//2885 1533//2885 1358//2885
f  1357//2886 1542//2886 1358//2886
f  1359//2887 1542//2887 1357//2887
f  1543//2888 1542//2888 1359//2888
f  1361//2889 1543//2889 1359//2889
f  1544//2890 1543//2890 1361//2890
f  1360//2891 1544//2891 1361//2891
f  1545//2892 1544//2892 1360//2892
f  1363//2893 1545//2893 1360//2893
f  1362//2894 1545//2894 1363//2894
f  1546//2895 1545//2895 1362//2895
f  1365//2896 1546//2896 1362//2896
f  1547//2897 1546//2897 1365//2897
f  1364//2898 1547//2898 1365//2898
f  1548//2899 1547//2899 1364//2899
f  1371//2900 1548//2900 1364//2900
f  1367//2901 1548//2901 1371//2901
f  1366//2902 1549//2902 1367//2902
f  1549//2903 1548//2903 1367//2903
f  1370//2904 1550//2904 1366//2904
f  1550//2905 1549//2905 1366//2905
f  1369//2906 1551//2906 1370//2906
f  1551//2907 1552//2907 1370//2907
f  1552//2908 1550//2908 1370//2908
f  1390//2909 1551//2909 1369//2909
f  1381//2910 1551//2910 1390//2910
f  1393//2911 1485//2911 1440//2911
f  1541//2912 1553//2912 1386//2912
f  1553//2913 1387//2913 1386//2913
f  1553//2914 1388//2914 1387//2914
f  1382//2915 1554//2915 1381//2915
f  1554//2916 1555//2916 1381//2916
f  1555//2917 1551//2917 1381//2917
f  1383//2918 1554//2918 1382//2918
f  1556//2919 1554//2919 1383//2919
f  1385//2920 1556//2920 1383//2920
f  1553//2921 1389//2921 1388//2921
f  1384//2922 1556//2922 1385//2922
f  1557//2923 1558//2923 1380//2923
f  1379//2923 1557//2923 1380//2923
f  1558//2470 1450//2470 1380//2470
f  1559//2467 1557//2467 1379//2467
f  1283//2467 1559//2467 1379//2467
f  1553//2924 1560//2924 1389//2924
f  1560//2925 1561//2925 1389//2925
f  1561//2926 1403//2926 1389//2926
f  1453//2927 1488//2927 1445//2927
f  1493//2928 1448//2928 1447//2928
f  1556//2929 1562//2929 1554//2929
f  1562//2930 1555//2930 1554//2930
f  1563//2931 1457//2931 1432//2931
f  1482//2932 1563//2932 1432//2932
f  1561//2933 1404//2933 1403//2933
f  1400//2934 1556//2934 1384//2934
f  1564//2935 1565//2935 1422//2935
f  1565//2936 1464//2936 1422//2936
f  1455//2937 1566//2937 1422//2937
f  1566//2938 1567//2938 1422//2938
f  1567//2939 1564//2939 1422//2939
f  1568//2940 1569//2940 1295//2940
f  1569//2941 1570//2941 1295//2941
f  1570//2942 1427//2942 1295//2942
f  1469//2943 1571//2943 1295//2943
f  1571//2944 1568//2944 1295//2944
f  1561//2945 1405//2945 1404//2945
f  1561//2946 1572//2946 1405//2946
f  1572//2947 1418//2947 1405//2947
f  1399//2948 1556//2948 1400//2948
f  1563//2949 1396//2949 1457//2949
f  1393//2950 1483//2950 1485//2950
f  1402//2951 1573//2951 1399//2951
f  1573//2952 1574//2952 1399//2952
f  1574//2953 1556//2953 1399//2953
f  1575//2954 1576//2954 1393//2954
f  1576//2955 1577//2955 1393//2955
f  1577//2956 1483//2956 1393//2956
f  1449//2467 1575//2467 1393//2467
f  1578//2957 1579//2957 1396//2957
f  1580//2958 1578//2958 1396//2958
f  1563//2959 1580//2959 1396//2959
f  1579//2467 1451//2467 1396//2467
f  1577//2960 1484//2960 1483//2960
f  1482//2961 1580//2961 1563//2961
f  1471//2962 1581//2962 1446//2962
f  1581//2963 1460//2963 1446//2963
f  1401//2964 1573//2964 1402//2964
f  1555//2965 1552//2965 1551//2965
f  1572//2966 1419//2966 1418//2966
f  1572//2967 1582//2967 1419//2967
f  1582//2968 1420//2968 1419//2968
f  1582//2969 1583//2969 1420//2969
f  1583//2970 1421//2970 1420//2970
f  1453//2971 1489//2971 1488//2971
f  1414//2972 1573//2972 1401//2972
f  1583//2973 1417//2973 1421//2973
f  1413//2974 1573//2974 1414//2974
f  1584//2975 1458//2975 1429//2975
f  1470//2976 1584//2976 1429//2976
f  1416//2977 1573//2977 1413//2977
f  1415//2978 1585//2978 1416//2978
f  1585//2979 1586//2979 1416//2979
f  1586//2980 1573//2980 1416//2980
f  1583//2981 1437//2981 1417//2981
f  1587//2982 1490//2982 1489//2982
f  1453//2983 1587//2983 1489//2983
f  1583//2984 1588//2984 1437//2984
f  1588//2985 1438//2985 1437//2985
f  1494//2986 1448//2986 1493//2986
f  1589//2987 1590//2987 1455//2987
f  1590//2988 1591//2988 1455//2988
f  1591//2989 1566//2989 1455//2989
f  1480//2990 1592//2990 1455//2990
f  1592//2991 1593//2991 1455//2991
f  1593//2992 1589//2992 1455//2992
f  1594//2993 1595//2993 1427//2993
f  1595//2994 1596//2994 1427//2994
f  1596//2995 1456//2995 1427//2995
f  1570//2996 1597//2996 1427//2996
f  1597//2997 1594//2997 1427//2997
f  1598//2998 1461//2998 1460//2998
f  1581//2999 1598//2999 1460//2999
f  1599//3000 1587//3000 1453//3000
f  1454//3001 1600//3001 1453//3001
f  1600//3002 1599//3002 1453//3002
f  1601//3003 1439//3003 1438//3003
f  1588//3004 1601//3004 1438//3004
f  1433//3005 1585//3005 1415//3005
f  1435//3006 1602//3006 1433//3006
f  1602//3007 1585//3007 1433//3007
f  1601//3008 1436//3008 1439//3008
f  1603//3009 1581//3009 1471//3009
f  1484//3010 1603//3010 1471//3010
f  1601//3011 1604//3011 1436//3011
f  1604//3012 1466//3012 1436//3012
f  1434//3013 1602//3013 1435//3013
f  1560//3014 1572//3014 1561//3014
f  1588//3015 1604//3015 1601//3015
f  1476//3016 1605//3016 1430//3016
f  1605//3017 1470//3017 1430//3017
f  1494//3018 1606//3018 1448//3018
f  1606//3019 1607//3019 1448//3019
f  1607//3020 1459//3020 1448//3020
f  1461//3021 1608//3021 1454//3021
f  1608//3022 1600//3022 1454//3022
f  1598//3023 1608//3023 1461//3023
f  1584//3024 1609//3024 1458//3024
f  1609//3025 1482//3025 1458//3025
f  1610//3026 1602//3026 1434//3026
f  1463//3027 1610//3027 1434//3027
f  1478//3028 1611//3028 1480//3028
f  1611//3029 1612//3029 1480//3029
f  1612//3030 1592//3030 1480//3030
f  1613//3031 1614//3031 1456//3031
f  1614//3032 1615//3032 1456//3032
f  1615//3033 1481//3033 1456//3033
f  1596//3034 1616//3034 1456//3034
f  1616//3035 1613//3035 1456//3035
f  1604//3036 1467//3036 1466//3036
f  1576//3037 1617//3037 1484//3037
f  1577//3038 1576//3038 1484//3038
f  1617//3039 1603//3039 1484//3039
f  1604//3040 1618//3040 1467//3040
f  1618//3041 1468//3041 1467//3041
f  1555//3042 1619//3042 1552//3042
f  1619//3043 1550//3043 1552//3043
f  1459//3044 1620//3044 1377//3044
f  1620//3045 1475//3045 1377//3045
f  1618//3046 1621//3046 1468//3046
f  1621//3047 1469//3047 1468//3047
f  1622//3048 1476//3048 1412//3048
f  1475//3049 1622//3049 1412//3049
f  1462//3050 1623//3050 1463//3050
f  1623//3051 1610//3051 1463//3051
f  1621//3052 1571//3052 1469//3052
f  1465//3053 1623//3053 1462//3053
f  1540//3054 1553//3054 1541//3054
f  1624//3055 1623//3055 1465//3055
f  1464//3056 1624//3056 1465//3056
f  1582//3057 1588//3057 1583//3057
f  1609//3058 1625//3058 1482//3058
f  1625//3059 1578//3059 1482//3059
f  1578//3060 1580//3060 1482//3060
f  1574//3061 1562//3061 1556//3061
f  1624//3062 1626//3062 1623//3062
f  1626//3063 1610//3063 1623//3063
f  1621//3064 1627//3064 1571//3064
f  1627//3065 1568//3065 1571//3065
f  1627//3066 1569//3066 1568//3066
f  1565//3067 1628//3067 1464//3067
f  1628//3068 1624//3068 1464//3068
f  1603//3069 1629//3069 1581//3069
f  1629//3070 1598//3070 1581//3070
f  1630//3071 1585//3071 1602//3071
f  1610//3072 1630//3072 1602//3072
f  1564//3073 1628//3073 1565//3073
f  1567//3074 1628//3074 1564//3074
f  1627//3075 1570//3075 1569//3075
f  1566//3076 1631//3076 1567//3076
f  1632//3077 1628//3077 1567//3077
f  1631//3078 1632//3078 1567//3078
f  1633//3079 1617//3079 1576//3079
f  1575//3080 1633//3080 1576//3080
f  1625//3081 1579//3081 1578//3081
f  1627//3082 1597//3082 1570//3082
f  1634//3083 1584//3083 1470//3083
f  1605//3084 1634//3084 1470//3084
f  1635//2467 1575//2467 1449//2467
f  1636//3085 1635//3085 1449//3085
f  1450//3085 1636//3085 1449//3085
f  1579//2467 1637//2467 1451//2467
f  1637//3086 1452//3086 1451//3086
f  1558//2470 1636//2470 1450//2470
f  1637//3086 1638//3086 1452//3086
f  1638//2470 1472//2470 1452//2470
f  1639//3087 1594//3087 1597//3087
f  1627//3088 1639//3088 1597//3088
f  1591//3089 1631//3089 1566//3089
f  1640//3090 1624//3090 1628//3090
f  1632//3091 1640//3091 1628//3091
f  1590//3092 1631//3092 1591//3092
f  1641//3093 1560//3093 1553//3093
f  1540//3094 1641//3094 1553//3094
f  1642//3095 1490//3095 1587//3095
f  1599//3096 1642//3096 1587//3096
f  1643//3097 1631//3097 1590//3097
f  1589//3098 1643//3098 1590//3098
f  1639//3099 1595//3099 1594//3099
f  1639//3100 1596//3100 1595//3100
f  1644//3101 1582//3101 1572//3101
f  1560//3102 1644//3102 1572//3102
f  1645//3103 1616//3103 1596//3103
f  1646//3104 1645//3104 1596//3104
f  1639//3105 1646//3105 1596//3105
f  1593//3106 1643//3106 1589//3106
f  1647//3107 1648//3107 1649//3107
f  1650//3108 1651//3108 1649//3108
f  1651//3108 1647//3108 1649//3108
f  1648//3109 1652//3109 1649//3109
f  1652//3109 1650//3109 1649//3109
f  1647//3107 1653//3107 1648//3107
f  1653//3110 1654//3110 1648//3110
f  1655//3109 1652//3109 1648//3109
f  1656//3109 1655//3109 1648//3109
f  1654//3109 1656//3109 1648//3109
f  1657//3111 1658//3111 1650//3111
f  1658//3111 1651//3111 1650//3111
f  1652//3109 1659//3109 1650//3109
f  1659//3109 1657//3109 1650//3109
f  1653//3110 1660//3110 1654//3110
f  1660//3112 1661//3112 1654//3112
f  1662//3109 1656//3109 1654//3109
f  1661//3109 1662//3109 1654//3109
f  1663//3113 1664//3113 1657//3113
f  1664//3113 1658//3113 1657//3113
f  1665//3109 1666//3109 1657//3109
f  1659//3109 1667//3109 1657//3109
f  1667//3109 1665//3109 1657//3109
f  1666//3109 1668//3109 1657//3109
f  1668//3109 1669//3109 1657//3109
f  1669//3109 1663//3109 1657//3109
f  1660//3112 1670//3112 1661//3112
f  1670//3114 1671//3114 1661//3114
f  1671//3109 1662//3109 1661//3109
f  1669//3115 1672//3115 1663//3115
f  1672//3115 1664//3115 1663//3115
f  1670//3114 1673//3114 1671//3114
f  1673//3116 1674//3116 1671//3116
f  1674//3109 1662//3109 1671//3109
f  1668//3117 1675//3117 1669//3117
f  1675//3117 1672//3117 1669//3117
f  1673//3116 1676//3116 1674//3116
f  1676//3118 1677//3118 1674//3118
f  1677//3109 1662//3109 1674//3109
f  1666//3119 1678//3119 1668//3119
f  1678//3119 1675//3119 1668//3119
f  1676//3118 1679//3118 1677//3118
f  1679//3120 1680//3120 1677//3120
f  1681//3109 1662//3109 1677//3109
f  1680//3109 1681//3109 1677//3109
f  1665//3121 1682//3121 1666//3121
f  1682//3121 1678//3121 1666//3121
f  1679//3120 1683//3120 1680//3120
f  1683//3122 1681//3122 1680//3122
f  1667//3123 1684//3123 1665//3123
f  1684//3123 1682//3123 1665//3123
f  1683//3122 1685//3122 1681//3122
f  1685//3124 1662//3124 1681//3124
f  1659//3125 1686//3125 1667//3125
f  1686//3125 1684//3125 1667//3125
f  1685//3124 1687//3124 1662//3124
f  1687//3126 1656//3126 1662//3126
f  1652//3127 1688//3127 1659//3127
f  1688//3127 1686//3127 1659//3127
f  1687//3126 1689//3126 1656//3126
f  1689//3128 1655//3128 1656//3128
f  1655//3129 1690//3129 1652//3129
f  1690//3129 1688//3129 1652//3129
f  1689//3128 1690//3128 1655//3128
f  1562//3130 1619//3130 1555//3130
f  1691//3131 1608//3131 1598//3131
f  1629//3132 1691//3132 1598//3132
f  1592//3133 1643//3133 1593//3133
f  1692//3134 1629//3134 1603//3134
f  1617//3135 1692//3135 1603//3135
f  1645//3136 1613//3136 1616//3136
f  1693//3137 1694//3137 1494//3137
f  1695//3138 1693//3138 1494//3138
f  1492//3139 1695//3139 1494//3139
f  1694//3140 1606//3140 1494//3140
f  1696//3141 1614//3141 1613//3141
f  1645//3142 1696//3142 1613//3142
f  1586//3143 1574//3143 1573//3143
f  1612//3144 1697//3144 1592//3144
f  1697//3145 1643//3145 1592//3145
f  1611//3146 1697//3146 1612//3146
f  1696//3147 1615//3147 1614//3147
f  1698//3148 1481//3148 1615//3148
f  1696//3149 1698//3149 1615//3149
f  1478//3150 1697//3150 1611//3150
f  1477//3151 1697//3151 1478//3151
f  1698//3152 1495//3152 1481//3152
f  1699//3153 1700//3153 1477//3153
f  1479//3154 1699//3154 1477//3154
f  1700//3155 1697//3155 1477//3155
f  1701//3156 1473//3156 1472//3156
f  1638//2470 1701//2470 1472//2470
f  1701//3156 1702//3156 1473//3156
f  1702//2467 1474//2467 1473//2467
f  1698//3157 1491//3157 1495//3157
f  1703//3158 1699//3158 1479//3158
f  1487//3159 1703//3159 1479//3159
f  1704//3160 1631//3160 1643//3160
f  1705//3161 1704//3161 1643//3161
f  1697//3162 1705//3162 1643//3162
f  1706//3163 1492//3163 1491//3163
f  1698//3164 1706//3164 1491//3164
f  1706//3165 1695//3165 1492//3165
f  1486//3166 1703//3166 1487//3166
f  1707//3167 1693//3167 1695//3167
f  1708//3168 1707//3168 1695//3168
f  1706//3169 1708//3169 1695//3169
f  1622//3170 1709//3170 1476//3170
f  1709//3171 1605//3171 1476//3171
f  1710//3172 1711//3172 1599//3172
f  1711//3173 1712//3173 1599//3173
f  1712//3174 1642//3174 1599//3174
f  1600//3175 1713//3175 1599//3175
f  1713//3176 1710//3176 1599//3176
f  1490//3177 1703//3177 1486//3177
f  1714//3178 1694//3178 1693//3178
f  1707//3179 1714//3179 1693//3179
f  1634//3180 1715//3180 1584//3180
f  1715//3181 1609//3181 1584//3181
f  1712//3182 1703//3182 1490//3182
f  1642//3183 1712//3183 1490//3183
f  1714//3184 1606//3184 1694//3184
f  1716//3185 1645//3185 1646//3185
f  1717//3186 1716//3186 1646//3186
f  1639//3187 1717//3187 1646//3187
f  1711//3188 1700//3188 1699//3188
f  1703//3189 1711//3189 1699//3189
f  1691//3190 1718//3190 1608//3190
f  1718//3191 1600//3191 1608//3191
f  1719//3192 1696//3192 1645//3192
f  1716//3193 1719//3193 1645//3193
f  1633//3194 1720//3194 1617//3194
f  1720//3195 1692//3195 1617//3195
f  1718//3196 1713//3196 1600//3196
f  1714//3197 1721//3197 1606//3197
f  1721//3198 1722//3198 1606//3198
f  1722//3199 1723//3199 1606//3199
f  1723//3200 1607//3200 1606//3200
f  1588//3201 1724//3201 1604//3201
f  1724//3202 1618//3202 1604//3202
f  1721//3203 1714//3203 1707//3203
f  1725//3204 1721//3204 1707//3204
f  1708//3205 1725//3205 1707//3205
f  1726//3206 1720//3206 1633//3206
f  1575//3207 1726//3207 1633//3207
f  1727//3208 1622//3208 1475//3208
f  1620//3209 1727//3209 1475//3209
f  1728//3210 1625//3210 1609//3210
f  1729//3211 1728//3211 1609//3211
f  1715//3212 1729//3212 1609//3212
f  1730//3213 1698//3213 1696//3213
f  1719//3214 1730//3214 1696//3214
f  1731//3215 1717//3215 1639//3215
f  1627//3216 1731//3216 1639//3216
f  1732//3217 1627//3217 1621//3217
f  1618//3218 1732//3218 1621//3218
f  1607//3219 1733//3219 1459//3219
f  1733//3220 1620//3220 1459//3220
f  1728//3221 1579//3221 1625//3221
f  1734//3222 1724//3222 1588//3222
f  1582//3223 1734//3223 1588//3223
f  1735//3224 1632//3224 1631//3224
f  1704//3225 1735//3225 1631//3225
f  1736//3226 1644//3226 1560//3226
f  1641//3227 1736//3227 1560//3227
f  1692//3228 1737//3228 1629//3228
f  1737//3229 1691//3229 1629//3229
f  1725//3230 1722//3230 1721//3230
f  1712//3231 1711//3231 1703//3231
f  1738//3232 1706//3232 1698//3232
f  1730//3233 1738//3233 1698//3233
f  1739//3234 1630//3234 1610//3234
f  1626//3235 1739//3235 1610//3235
f  1740//3236 1634//3236 1605//3236
f  1709//3237 1740//3237 1605//3237
f  1741//3238 1742//3238 1558//3238
f  1557//3238 1741//3238 1558//3238
f  1742//2470 1636//2470 1558//2470
f  1743//2467 1741//2467 1557//2467
f  1559//2467 1743//2467 1557//2467
f  1574//3239 1744//3239 1562//3239
f  1744//3240 1745//3240 1562//3240
f  1745//3241 1619//3241 1562//3241
f  1746//3242 1700//3242 1711//3242
f  1710//3243 1746//3243 1711//3243
f  1640//3244 1747//3244 1624//3244
f  1747//3245 1626//3245 1624//3245
f  1748//3246 1734//3246 1582//3246
f  1644//3247 1748//3247 1582//3247
f  1749//3248 1720//3248 1726//3248
f  1575//3249 1749//3249 1726//3249
f  1750//3250 1586//3250 1585//3250
f  1630//3251 1750//3251 1585//3251
f  1729//3252 1579//3252 1728//3252
f  1751//3253 1752//3253 1575//3253
f  1752//3254 1753//3254 1575//3254
f  1753//3255 1749//3255 1575//3255
f  1635//2467 1751//2467 1575//2467
f  1754//3256 1755//3256 1579//3256
f  1756//3257 1754//3257 1579//3257
f  1729//3258 1756//3258 1579//3258
f  1755//2467 1637//2467 1579//2467
f  1715//3259 1756//3259 1729//3259
f  1753//3260 1720//3260 1749//3260
f  1732//3261 1757//3261 1627//3261
f  1757//3262 1731//3262 1627//3262
f  1758//3263 1705//3263 1697//3263
f  1700//3264 1758//3264 1697//3264
f  1759//3265 1737//3265 1692//3265
f  1720//3266 1759//3266 1692//3266
f  1760//3267 1700//3267 1746//3267
f  1710//3268 1760//3268 1746//3268
f  1761//3269 1708//3269 1706//3269
f  1738//3270 1761//3270 1706//3270
f  1539//3271 1641//3271 1540//3271
f  1762//3272 1718//3272 1691//3272
f  1737//3273 1762//3273 1691//3273
f  1763//3274 1764//3274 1717//3274
f  1731//3275 1763//3275 1717//3275
f  1764//3276 1716//3276 1717//3276
f  1708//3277 1765//3277 1725//3277
f  1765//3278 1722//3278 1725//3278
f  1766//3279 1640//3279 1632//3279
f  1735//3280 1766//3280 1632//3280
f  1740//3281 1767//3281 1634//3281
f  1767//3282 1715//3282 1634//3282
f  1727//3283 1768//3283 1622//3283
f  1768//3284 1709//3284 1622//3284
f  1769//3285 1719//3285 1716//3285
f  1764//3286 1769//3286 1716//3286
f  1757//3287 1770//3287 1731//3287
f  1770//3288 1763//3288 1731//3288
f  1771//3289 1736//3289 1641//3289
f  1539//3290 1771//3290 1641//3290
f  1772//3291 1559//3291 1773//3291
f  1559//3291 1283//3291 1773//3291
f  1283//3109 1774//3109 1773//3109
f  1775//2467 1772//2467 1773//2467
f  1776//2467 1775//2467 1773//2467
f  1774//2467 1776//2467 1773//2467
f  1283//3109 1282//3109 1774//3109
f  1282//3292 1777//3292 1774//3292
f  1777//2467 1776//2467 1774//2467
f  1375//3292 1777//3292 1282//3292
f  1753//3293 1778//3293 1720//3293
f  1778//3294 1759//3294 1720//3294
f  1779//3295 1748//3295 1644//3295
f  1736//3296 1779//3296 1644//3296
f  1780//3297 1781//3297 1700//3297
f  1760//3298 1782//3298 1700//3298
f  1782//3299 1780//3299 1700//3299
f  1781//3300 1758//3300 1700//3300
f  1752//3301 1778//3301 1753//3301
f  1783//3302 1780//3302 1710//3302
f  1780//3303 1782//3303 1710//3303
f  1782//3304 1760//3304 1710//3304
f  1713//3305 1784//3305 1710//3305
f  1784//3306 1783//3306 1710//3306
f  1762//3307 1785//3307 1718//3307
f  1785//3308 1713//3308 1718//3308
f  1754//3309 1756//3309 1715//3309
f  1767//3310 1754//3310 1715//3310
f  1786//3311 1730//3311 1719//3311
f  1769//3312 1786//3312 1719//3312
f  1785//3313 1784//3313 1713//3313
f  1761//3314 1787//3314 1708//3314
f  1787//3315 1788//3315 1708//3315
f  1788//3316 1765//3316 1708//3316
f  1724//3317 1789//3317 1618//3317
f  1789//3318 1790//3318 1618//3318
f  1790//3319 1732//3319 1618//3319
f  1788//3320 1791//3320 1722//3320
f  1765//3321 1788//3321 1722//3321
f  1791//3322 1792//3322 1722//3322
f  1792//3323 1723//3323 1722//3323
f  1793//3324 1727//3324 1620//3324
f  1733//3325 1793//3325 1620//3325
f  1794//3326 1789//3326 1724//3326
f  1734//3327 1794//3327 1724//3327
f  1723//3328 1795//3328 1607//3328
f  1795//3329 1733//3329 1607//3329
f  1759//3330 1796//3330 1737//3330
f  1796//3331 1762//3331 1737//3331
f  1538//3332 1771//3332 1539//3332
f  1797//3333 1757//3333 1732//3333
f  1790//3334 1797//3334 1732//3334
f  1798//3335 1738//3335 1730//3335
f  1786//3336 1798//3336 1730//3336
f  1799//3337 1794//3337 1734//3337
f  1748//3338 1799//3338 1734//3338
f  1800//3339 1739//3339 1626//3339
f  1747//3340 1800//3340 1626//3340
f  1801//3341 1740//3341 1709//3341
f  1768//3342 1801//3342 1709//3342
f  1802//3343 1750//3343 1630//3343
f  1739//3344 1802//3344 1630//3344
f  1803//3345 1704//3345 1705//3345
f  1758//3346 1803//3346 1705//3346
f  1787//3347 1791//3347 1788//3347
f  1804//3348 1779//3348 1736//3348
f  1771//3349 1804//3349 1736//3349
f  1766//3350 1805//3350 1640//3350
f  1805//3351 1747//3351 1640//3351
f  1806//3352 1803//3352 1758//3352
f  1781//3353 1806//3353 1758//3353
f  1807//3354 1764//3354 1763//3354
f  1770//3355 1808//3355 1763//3355
f  1808//3356 1807//3356 1763//3356
f  1809//3357 1808//3357 1770//3357
f  1757//3358 1809//3358 1770//3358
f  1810//3359 1574//3359 1586//3359
f  1811//3360 1810//3360 1586//3360
f  1750//3361 1811//3361 1586//3361
f  1812//3362 1813//3362 1704//3362
f  1813//3363 1735//3363 1704//3363
f  1803//3364 1812//3364 1704//3364
f  1814//3365 1796//3365 1759//3365
f  1778//3366 1814//3366 1759//3366
f  1815//3367 1778//3367 1752//3367
f  1751//3368 1815//3368 1752//3368
f  1767//3369 1816//3369 1754//3369
f  1816//3370 1755//3370 1754//3370
f  1817//3371 1799//3371 1748//3371
f  1779//3372 1817//3372 1748//3372
f  1775//3373 1743//3373 1772//3373
f  1743//3373 1559//3373 1772//3373
f  1375//3374 1818//3374 1777//3374
f  1818//2467 1776//2467 1777//2467
f  1474//3374 1818//3374 1375//3374
f  1819//3375 1761//3375 1738//3375
f  1798//3376 1819//3376 1738//3376
f  1807//3377 1820//3377 1764//3377
f  1820//3378 1769//3378 1764//3378
f  1821//2467 1751//2467 1635//2467
f  1822//3379 1821//3379 1635//3379
f  1636//3379 1822//3379 1635//3379
f  1755//2467 1823//2467 1637//2467
f  1823//3380 1638//3380 1637//3380
f  1742//2470 1822//2470 1636//2470
f  1823//3380 1824//3380 1638//3380
f  1824//2470 1825//2470 1638//2470
f  1825//2470 1701//2470 1638//2470
f  1826//3381 1781//3381 1780//3381
f  1783//3382 1826//3382 1780//3382
f  1827//3383 1785//3383 1762//3383
f  1796//3384 1827//3384 1762//3384
f  1801//3385 1828//3385 1740//3385
f  1828//3386 1767//3386 1740//3386
f  1761//3387 1829//3387 1787//3387
f  1829//3388 1791//3388 1787//3388
f  1745//3389 1830//3389 1619//3389
f  1830//3390 1550//3390 1619//3390
f  1797//3391 1831//3391 1757//3391
f  1831//3392 1809//3392 1757//3392
f  1832//3393 1833//3393 1778//3393
f  1815//3394 1832//3394 1778//3394
f  1833//3395 1814//3395 1778//3395
f  1793//3396 1834//3396 1727//3396
f  1834//3397 1768//3397 1727//3397
f  1835//3398 1836//3398 1830//3398
f  1745//3399 1835//3399 1830//3399
f  1837//3400 1550//3400 1830//3400
f  1836//3401 1837//3401 1830//3401
f  1751//3402 1832//3402 1815//3402
f  1838//3403 1786//3403 1769//3403
f  1820//3404 1838//3404 1769//3404
f  1839//3405 1840//3405 1781//3405
f  1826//3406 1839//3406 1781//3406
f  1840//3407 1806//3407 1781//3407
f  1825//3408 1702//3408 1701//3408
f  1825//3408 1841//3408 1702//3408
f  1841//2467 1842//2467 1702//2467
f  1842//2467 1474//2467 1702//2467
f  1843//3409 1766//3409 1735//3409
f  1813//3410 1843//3410 1735//3410
f  1844//3411 1744//3411 1574//3411
f  1845//3412 1844//3412 1574//3412
f  1846//3413 1845//3413 1574//3413
f  1810//3414 1846//3414 1574//3414
f  1847//3415 1816//3415 1767//3415
f  1828//3416 1847//3416 1767//3416
f  1827//3417 1848//3417 1785//3417
f  1848//3418 1784//3418 1785//3418
f  1537//3419 1771//3419 1538//3419
f  1537//3420 1804//3420 1771//3420
f  1849//3421 1850//3421 1783//3421
f  1850//3422 1839//3422 1783//3422
f  1839//3423 1826//3423 1783//3423
f  1784//3424 1851//3424 1783//3424
f  1851//3425 1849//3425 1783//3425
f  1847//3426 1755//3426 1816//3426
f  1852//3427 1853//3427 1789//3427
f  1794//3428 1852//3428 1789//3428
f  1853//3429 1790//3429 1789//3429
f  1854//3430 1817//3430 1779//3430
f  1804//3431 1854//3431 1779//3431
f  1848//3432 1851//3432 1784//3432
f  1819//3433 1855//3433 1761//3433
f  1855//3434 1829//3434 1761//3434
f  1853//3435 1856//3435 1790//3435
f  1856//3436 1797//3436 1790//3436
f  1857//3437 1793//3437 1733//3437
f  1795//3438 1857//3438 1733//3438
f  1829//3439 1858//3439 1791//3439
f  1858//3440 1859//3440 1791//3440
f  1859//3441 1792//3441 1791//3441
f  1860//3442 1812//3442 1803//3442
f  1806//3443 1860//3443 1803//3443
f  1861//3444 1852//3444 1794//3444
f  1799//3445 1861//3445 1794//3445
f  1831//3446 1862//3446 1809//3446
f  1862//3447 1863//3447 1809//3447
f  1863//3448 1808//3448 1809//3448
f  1536//3449 1864//3449 1537//3449
f  1864//3450 1804//3450 1537//3450
f  1865//3451 1798//3451 1786//3451
f  1838//3452 1865//3452 1786//3452
f  1792//3453 1866//3453 1723//3453
f  1866//3454 1795//3454 1723//3454
f  1867//3455 1800//3455 1747//3455
f  1805//3456 1867//3456 1747//3456
f  1814//3457 1868//3457 1796//3457
f  1868//3458 1827//3458 1796//3458
f  1863//3459 1869//3459 1808//3459
f  1869//3460 1807//3460 1808//3460
f  1870//3461 1802//3461 1739//3461
f  1800//3462 1870//3462 1739//3462
f  1871//3463 1831//3463 1797//3463
f  1856//3464 1871//3464 1797//3464
f  1872//3465 1860//3465 1806//3465
f  1840//3466 1872//3466 1806//3466
f  1871//3467 1873//3467 1831//3467
f  1873//3468 1862//3468 1831//3468
f  1874//3469 1811//3469 1750//3469
f  1802//3470 1874//3470 1750//3470
f  1855//3471 1858//3471 1829//3471
f  1875//3472 1801//3472 1768//3472
f  1834//3473 1875//3473 1768//3473
f  1876//3474 1861//3474 1799//3474
f  1817//3475 1876//3475 1799//3475
f  1843//3476 1877//3476 1766//3476
f  1877//3477 1805//3477 1766//3477
f  1878//3478 1820//3478 1807//3478
f  1869//3479 1878//3479 1807//3479
f  1850//3480 1840//3480 1839//3480
f  1879//3481 1835//3481 1745//3481
f  1744//3482 1879//3482 1745//3482
f  1880//3483 1846//3483 1810//3483
f  1811//3484 1880//3484 1810//3484
f  1881//3485 1854//3485 1804//3485
f  1882//3486 1881//3486 1804//3486
f  1864//3487 1882//3487 1804//3487
f  1883//3488 1819//3488 1798//3488
f  1865//3489 1883//3489 1798//3489
f  1884//3490 1868//3490 1814//3490
f  1833//3491 1884//3491 1814//3491
f  1878//3492 1885//3492 1820//3492
f  1885//3493 1838//3493 1820//3493
f  1886//3494 1840//3494 1850//3494
f  1849//3495 1886//3495 1850//3495
f  1887//3496 1876//3496 1817//3496
f  1888//3497 1887//3497 1817//3497
f  1854//3498 1888//3498 1817//3498
f  1819//3499 1889//3499 1855//3499
f  1889//3500 1858//3500 1855//3500
f  1890//3501 1863//3501 1862//3501
f  1873//3502 1891//3502 1862//3502
f  1891//3503 1890//3503 1862//3503
f  1892//3504 1848//3504 1827//3504
f  1868//3505 1892//3505 1827//3505
f  1893//3506 1813//3506 1812//3506
f  1860//3507 1893//3507 1812//3507
f  1875//3508 1894//3508 1801//3508
f  1894//3509 1828//3509 1801//3509
f  1895//3510 1873//3510 1871//3510
f  1896//3511 1895//3511 1871//3511
f  1856//3512 1896//3512 1871//3512
f  1897//3513 1898//3513 1742//3513
f  1741//3513 1897//3513 1742//3513
f  1898//2470 1822//2470 1742//2470
f  1899//2467 1897//2467 1741//2467
f  1743//2467 1899//2467 1741//2467
f  1819//3514 1900//3514 1889//3514
f  1900//3515 1858//3515 1889//3515
f  1901//3516 1893//3516 1860//3516
f  1872//3517 1901//3517 1860//3517
f  1886//3518 1902//3518 1840//3518
f  1902//3519 1872//3519 1840//3519
f  1895//3520 1903//3520 1873//3520
f  1903//3521 1891//3521 1873//3521
f  1904//3522 1905//3522 1833//3522
f  1832//3523 1904//3523 1833//3523
f  1905//3524 1884//3524 1833//3524
f  1751//3525 1904//3525 1832//3525
f  1828//3526 1906//3526 1847//3526
f  1906//3527 1755//3527 1847//3527
f  1893//3528 1907//3528 1813//3528
f  1908//3529 1843//3529 1813//3529
f  1907//3530 1908//3530 1813//3530
f  1857//3531 1909//3531 1793//3531
f  1909//3532 1834//3532 1793//3532
f  1890//3533 1869//3533 1863//3533
f  1910//3534 1911//3534 1853//3534
f  1912//3535 1910//3535 1853//3535
f  1913//3536 1912//3536 1853//3536
f  1852//3537 1913//3537 1853//3537
f  1911//3538 1856//3538 1853//3538
f  1914//3539 1906//3539 1828//3539
f  1894//3540 1914//3540 1828//3540
f  1915//3541 1913//3541 1852//3541
f  1916//3542 1915//3542 1852//3542
f  1917//3543 1916//3543 1852//3543
f  1861//3544 1917//3544 1852//3544
f  1918//3545 1896//3545 1856//3545
f  1911//3546 1918//3546 1856//3546
f  1919//3547 1904//3547 1751//3547
f  1920//3548 1921//3548 1751//3548
f  1921//3549 1922//3549 1751//3549
f  1922//3550 1919//3550 1751//3550
f  1821//2467 1920//2467 1751//2467
f  1914//3551 1923//3551 1755//3551
f  1923//3552 1924//3552 1755//3552
f  1924//3553 1925//3553 1755//3553
f  1906//3554 1914//3554 1755//3554
f  1925//2467 1823//2467 1755//2467
f  1919//3555 1905//3555 1904//3555
f  1926//3556 1867//3556 1805//3556
f  1877//3557 1926//3557 1805//3557
f  1894//3558 1923//3558 1914//3558
f  1867//3559 1927//3559 1800//3559
f  1928//3560 1870//3560 1800//3560
f  1927//3561 1928//3561 1800//3561
f  1892//3562 1929//3562 1848//3562
f  1929//3563 1851//3563 1848//3563
f  1930//3564 1865//3564 1838//3564
f  1885//3565 1930//3565 1838//3565
f  1776//3566 1899//3566 1775//3566
f  1899//3566 1743//3566 1775//3566
f  1474//3567 1931//3567 1818//3567
f  1931//2467 1776//2467 1818//2467
f  1842//3567 1931//3567 1474//3567
f  1932//3568 1900//3568 1819//3568
f  1883//3569 1932//3569 1819//3569
f  1933//3570 1934//3570 1849//3570
f  1934//3571 1886//3571 1849//3571
f  1851//3572 1935//3572 1849//3572
f  1935//3573 1933//3573 1849//3573
f  1936//3574 1888//3574 1854//3574
f  1881//3575 1936//3575 1854//3575
f  1890//3576 1878//3576 1869//3576
f  1870//3577 1937//3577 1802//3577
f  1938//3578 1874//3578 1802//3578
f  1937//3579 1938//3579 1802//3579
f  1929//3580 1935//3580 1851//3580
f  1939//3581 1917//3581 1861//3581
f  1940//3582 1939//3582 1861//3582
f  1941//3583 1940//3583 1861//3583
f  1876//3584 1941//3584 1861//3584
f  1942//3585 1901//3585 1872//3585
f  1902//3586 1942//3586 1872//3586
f  1943//3587 1857//3587 1795//3587
f  1866//3588 1943//3588 1795//3588
f  1908//3589 1944//3589 1843//3589
f  1944//3590 1877//3590 1843//3590
f  1945//3591 1903//3591 1895//3591
f  1896//3592 1945//3592 1895//3592
f  1900//3593 1946//3593 1858//3593
f  1946//3594 1947//3594 1858//3594
f  1947//3595 1859//3595 1858//3595
f  1948//3596 1890//3596 1891//3596
f  1903//3597 1949//3597 1891//3597
f  1949//3598 1948//3598 1891//3598
f  1950//3599 1949//3599 1903//3599
f  1945//3600 1950//3600 1903//3600
f  1951//3601 1907//3601 1893//3601
f  1901//3602 1951//3602 1893//3602
f  1859//3603 1952//3603 1792//3603
f  1952//3604 1866//3604 1792//3604
f  1874//3605 1953//3605 1811//3605
f  1954//3606 1880//3606 1811//3606
f  1953//3607 1954//3607 1811//3607
f  1884//3608 1955//3608 1868//3608
f  1955//3609 1892//3609 1868//3609
f  1956//3610 1941//3610 1876//3610
f  1887//3611 1957//3611 1876//3611
f  1957//3612 1956//3612 1876//3612
f  1958//3613 1875//3613 1834//3613
f  1909//3614 1958//3614 1834//3614
f  1934//3615 1902//3615 1886//3615
f  1880//3616 1959//3616 1846//3616
f  1959//3617 1960//3617 1846//3617
f  1960//3618 1845//3618 1846//3618
f  1932//3619 1946//3619 1900//3619
f  1961//3620 1885//3620 1878//3620
f  1890//3621 1961//3621 1878//3621
f  1962//3622 1951//3622 1901//3622
f  1942//3623 1962//3623 1901//3623
f  1963//3624 1883//3624 1865//3624
f  1930//3625 1963//3625 1865//3625
f  1964//3626 1950//3626 1945//3626
f  1896//3627 1964//3627 1945//3627
f  1948//3628 1965//3628 1890//3628
f  1965//3629 1961//3629 1890//3629
f  1966//3630 1967//3630 1950//3630
f  1964//3631 1966//3631 1950//3631
f  1967//3632 1949//3632 1950//3632
f  1944//3633 1968//3633 1877//3633
f  1969//3634 1926//3634 1877//3634
f  1968//3635 1969//3635 1877//3635
f  1970//3636 1971//3636 1907//3636
f  1951//3637 1970//3637 1907//3637
f  1972//3638 1908//3638 1907//3638
f  1971//3639 1972//3639 1907//3639
f  1973//3640 1948//3640 1949//3640
f  1967//3641 1973//3641 1949//3641
f  1974//3642 1955//3642 1884//3642
f  1905//3643 1974//3643 1884//3643
f  1918//3644 1975//3644 1896//3644
f  1975//3645 1976//3645 1896//3645
f  1976//3646 1977//3646 1896//3646
f  1977//3647 1964//3647 1896//3647
f  1926//3648 1978//3648 1867//3648
f  1978//3649 1979//3649 1867//3649
f  1979//3650 1927//3650 1867//3650
f  1980//3651 1902//3651 1934//3651
f  1933//3652 1980//3652 1934//3652
f  1981//3653 1982//3653 1888//3653
f  1936//3654 1981//3654 1888//3654
f  1982//3655 1887//3655 1888//3655
f  1972//3656 1983//3656 1908//3656
f  1983//3657 1944//3657 1908//3657
f  1984//3658 1985//3658 1911//3658
f  1910//3659 1984//3659 1911//3659
f  1985//3660 1918//3660 1911//3660
f  1986//3661 1987//3661 1902//3661
f  1980//3662 1986//3662 1902//3662
f  1987//3663 1942//3663 1902//3663
f  1962//3664 1970//3664 1951//3664
f  1988//3118 1989//3118 1990//3118
f  1991//3118 1988//3118 1990//3118
f  1992//2467 1991//2467 1990//2467
f  1535//2467 1992//2467 1990//2467
f  1536//3109 1535//3109 1990//3109
f  1989//3109 1536//3109 1990//3109
f  1534//3665 1992//3665 1535//3665
f  1989//3109 1864//3109 1536//3109
f  1988//2470 1864//2470 1989//2470
f  1993//3666 1882//3666 1864//3666
f  1988//2470 1993//2470 1864//2470
f  1994//3667 1995//3667 1964//3667
f  1995//3668 1966//3668 1964//3668
f  1977//3669 1996//3669 1964//3669
f  1996//3670 1994//3670 1964//3670
f  1933//3671 1986//3671 1980//3671
f  1997//3672 1998//3672 1744//3672
f  1999//3673 1997//3673 1744//3673
f  1844//3674 1999//3674 1744//3674
f  1998//3675 1879//3675 1744//3675
f  1958//3676 2000//3676 1875//3676
f  2000//3677 1894//3677 1875//3677
f  2001//3678 1929//3678 1892//3678
f  1955//3679 2001//3679 1892//3679
f  1915//3680 2002//3680 1913//3680
f  2002//3681 1912//3681 1913//3681
f  1883//3682 2003//3682 1932//3682
f  2003//3683 1946//3683 1932//3683
f  1928//3684 2004//3684 1870//3684
f  2004//3685 1937//3685 1870//3685
f  1961//3686 1930//3686 1885//3686
f  2005//3687 2006//3687 1966//3687
f  1995//3688 2005//3688 1966//3688
f  2006//3689 1967//3689 1966//3689
f  1922//3690 2007//3690 1905//3690
f  1919//3691 1922//3691 1905//3691
f  2007//3692 1974//3692 1905//3692
f  2008//3693 1962//3693 1942//3693
f  1987//3694 2008//3694 1942//3694
f  1939//3695 2009//3695 1917//3695
f  2009//3696 1916//3696 1917//3696
f  1943//3697 2010//3697 1857//3697
f  2010//3698 1909//3698 1857//3698
f  1883//3699 2011//3699 2003//3699
f  2011//3700 1946//3700 2003//3700
f  1963//3701 2012//3701 1883//3701
f  2012//3702 2011//3702 1883//3702
f  1938//3703 2013//3703 1874//3703
f  2013//3704 1953//3704 1874//3704
f  1983//3705 2014//3705 1944//3705
f  2014//3706 1968//3706 1944//3706
f  1924//3707 1923//3707 1894//3707
f  2000//3708 1924//3708 1894//3708
f  2006//3709 2015//3709 1967//3709
f  2015//3710 1973//3710 1967//3710
f  2016//3711 1965//3711 1948//3711
f  1973//3712 2016//3712 1948//3712
f  2017//3713 2018//3713 2005//3713
f  1995//3714 2017//3714 2005//3714
f  2019//3715 2006//3715 2005//3715
f  2018//3716 2019//3716 2005//3716
f  2020//3717 1970//3717 1962//3717
f  2008//3718 2020//3718 1962//3718
f  2021//3719 2022//3719 1972//3719
f  2022//3720 2023//3720 1972//3720
f  1971//3721 2021//3721 1972//3721
f  2023//3722 2024//3722 1972//3722
f  2024//3723 1983//3723 1972//3723
f  2025//3724 2017//3724 1995//3724
f  1994//3725 2026//3725 1995//3725
f  2026//3726 2025//3726 1995//3726
f  1921//3727 2007//3727 1922//3727
f  2000//3728 2027//3728 1924//3728
f  2027//3729 1925//3729 1924//3729
f  1956//3730 2028//3730 1941//3730
f  2028//3731 1940//3731 1941//3731
f  2029//2467 1920//2467 1821//2467
f  2030//3732 2029//3732 1821//3732
f  1822//3732 2030//3732 1821//3732
f  1925//2467 2031//2467 1823//2467
f  2031//3733 1824//3733 1823//3733
f  1898//2470 2030//2470 1822//2470
f  2031//3733 2032//3733 1824//3733
f  2032//2470 2033//2470 1824//2470
f  2033//2470 1825//2470 1824//2470
f  2001//3734 2034//3734 1929//3734
f  2034//3735 1935//3735 1929//3735
f  1976//3736 2035//3736 1977//3736
f  2035//3737 1996//3737 1977//3737
f  2036//3738 2037//3738 1961//3738
f  2037//3739 1930//3739 1961//3739
f  1965//3740 2036//3740 1961//3740
f  1954//3741 2038//3741 1880//3741
f  2038//3742 1959//3742 1880//3742
f  1969//3743 2039//3743 1926//3743
f  2039//3744 1978//3744 1926//3744
f  2040//3745 2041//3745 1933//3745
f  2041//3746 1986//3746 1933//3746
f  1935//3747 2042//3747 1933//3747
f  2042//3748 2040//3748 1933//3748
f  2043//3749 1971//3749 1970//3749
f  2020//3750 2043//3750 1970//3750
f  1676//3751 1837//3751 1836//3751
f  1835//3752 1676//3752 1836//3752
f  1679//3753 1676//3753 1835//3753
f  1879//3754 1679//3754 1835//3754
f  1528//3109 1527//3109 1497//3109
f  1664//3109 1991//3109 1497//3109
f  1658//3109 1664//3109 1497//3109
f  1991//3109 1992//3109 1497//3109
f  1992//3109 1534//3109 1497//3109
f  1534//3109 1532//3109 1497//3109
f  1527//3109 1526//3109 1497//3109
f  1526//3109 1525//3109 1497//3109
f  1525//3109 1498//3109 1497//3109
f  1532//3109 1531//3109 1497//3109
f  1531//3109 1530//3109 1497//3109
f  1530//3109 1528//3109 1497//3109
f  1496//3109 1647//3109 1497//3109
f  1647//3109 1651//3109 1497//3109
f  1651//3109 1658//3109 1497//3109
f  1525//3109 1499//3109 1498//3109
f  1525//3109 1501//3109 1499//3109
f  1500//3109 1653//3109 1496//3109
f  1653//3109 1647//3109 1496//3109
f  1502//3109 1653//3109 1500//3109
f  1504//3109 1653//3109 1502//3109
f  1525//3109 1503//3109 1501//3109
f  1525//3109 1505//3109 1503//3109
f  1525//3109 1507//3109 1505//3109
f  1506//3109 1653//3109 1504//3109
f  1508//3109 1653//3109 1506//3109
f  1510//3109 1653//3109 1508//3109
f  1525//3109 1509//3109 1507//3109
f  1525//3109 1511//3109 1509//3109
f  1525//3109 1522//3109 1511//3109
f  1522//3109 1521//3109 1511//3109
f  1521//3109 1518//3109 1511//3109
f  1518//3109 1514//3109 1511//3109
f  1660//3109 1653//3109 1510//3109
f  1512//3109 1660//3109 1510//3109
f  1513//3109 1660//3109 1512//3109
f  1515//3109 1660//3109 1513//3109
f  1518//3109 1516//3109 1514//3109
f  1517//3109 1660//3109 1515//3109
f  1521//3109 1520//3109 1518//3109
f  1670//3109 1660//3109 1517//3109
f  1519//3109 1670//3109 1517//3109
f  1524//3109 1670//3109 1519//3109
f  1523//3109 1670//3109 1524//3109
f  1673//3109 1670//3109 1523//3109
f  1529//3109 1673//3109 1523//3109
f  1533//3109 1673//3109 1529//3109
f  1542//3109 1673//3109 1533//3109
f  1543//3109 1673//3109 1542//3109
f  1544//3109 1673//3109 1543//3109
f  1672//3109 1991//3109 1664//3109
f  1545//3109 1673//3109 1544//3109
f  1676//3109 1673//3109 1545//3109
f  1546//3109 1676//3109 1545//3109
f  1547//3109 1676//3109 1546//3109
f  1675//3109 1991//3109 1672//3109
f  1548//3109 1676//3109 1547//3109
f  1549//3109 1676//3109 1548//3109
f  1550//3109 1676//3109 1549//3109
f  1837//3109 1676//3109 1550//3109
f  1988//3109 1991//3109 1675//3109
f  1678//3109 1988//3109 1675//3109
f  1882//3109 1993//3109 1988//3109
f  2017//3109 2025//3109 1988//3109
f  2025//3109 2026//3109 1988//3109
f  2026//3109 1994//3109 1988//3109
f  1994//3109 1996//3109 1988//3109
f  1996//3109 2035//3109 1988//3109
f  2035//3109 1976//3109 1988//3109
f  1976//3109 1975//3109 1988//3109
f  2044//3109 2045//3109 1988//3109
f  2045//3109 2046//3109 1988//3109
f  2046//3109 2047//3109 1988//3109
f  2047//3109 2048//3109 1988//3109
f  2048//3109 2049//3109 1988//3109
f  2049//3109 2017//3109 1988//3109
f  1956//3109 1957//3109 1988//3109
f  2028//3109 1956//3109 1988//3109
f  1957//3109 1887//3109 1988//3109
f  1887//3109 1982//3109 1988//3109
f  1982//3109 1981//3109 1988//3109
f  1975//3109 1918//3109 1988//3109
f  1918//3109 1985//3109 1988//3109
f  1985//3109 1984//3109 1988//3109
f  1984//3109 1910//3109 1988//3109
f  1910//3109 1912//3109 1988//3109
f  1912//3109 2002//3109 1988//3109
f  2002//3109 1915//3109 1988//3109
f  1915//3109 1916//3109 1988//3109
f  1916//3109 2009//3109 1988//3109
f  2009//3109 1939//3109 1988//3109
f  1939//3109 1940//3109 1988//3109
f  1940//3109 2028//3109 1988//3109
f  1678//3109 1682//3109 1988//3109
f  1682//3109 1684//3109 1988//3109
f  1684//3109 2044//3109 1988//3109
f  1981//3109 1936//3109 1988//3109
f  1936//3109 1881//3109 1988//3109
f  1881//3109 1882//3109 1988//3109
f  1998//3109 1997//3109 1679//3109
f  1997//3109 1999//3109 1679//3109
f  1999//3109 1844//3109 1679//3109
f  1844//3109 1683//3109 1679//3109
f  1879//3109 1998//3109 1679//3109
f  1960//3109 1959//3109 1683//3109
f  1844//3109 1845//3109 1683//3109
f  1845//3109 1960//3109 1683//3109
f  1959//3109 2038//3109 1683//3109
f  2038//3109 1954//3109 1683//3109
f  1954//3109 1685//3109 1683//3109
f  2013//3109 1938//3109 1685//3109
f  1938//3109 1937//3109 1685//3109
f  1937//3109 2004//3109 1685//3109
f  2004//3109 1928//3109 1685//3109
f  1928//3109 1927//3109 1685//3109
f  1927//3109 1979//3109 1685//3109
f  1979//3109 1687//3109 1685//3109
f  1954//3109 1953//3109 1685//3109
f  1953//3109 2013//3109 1685//3109
f  1686//3109 2044//3109 1684//3109
f  2039//3109 1969//3109 1687//3109
f  1979//3109 1978//3109 1687//3109
f  1978//3109 2039//3109 1687//3109
f  1969//3109 1968//3109 1687//3109
f  1968//3109 2014//3109 1687//3109
f  2014//3109 1689//3109 1687//3109
f  1688//3109 2044//3109 1686//3109
f  2050//3109 2051//3109 1689//3109
f  2051//3109 1690//3109 1689//3109
f  2024//3109 2023//3109 1689//3109
f  2023//3109 2022//3109 1689//3109
f  2022//3109 2050//3109 1689//3109
f  2014//3109 1983//3109 1689//3109
f  1983//3109 2024//3109 1689//3109
f  1690//3109 2052//3109 1688//3109
f  2052//3109 2044//3109 1688//3109
f  2051//3109 2053//3109 1690//3109
f  2053//3109 2052//3109 1690//3109
f  2049//3755 2018//3755 2017//3755
f  2048//3756 2018//3756 2049//3756
f  2054//3757 2018//3757 2048//3757
f  2047//3758 2054//3758 2048//3758
f  2021//3759 2050//3759 2022//3759
f  2021//3760 2051//3760 2050//3760
f  2046//3761 2054//3761 2047//3761
f  2055//3762 2054//3762 2046//3762
f  2045//3763 2055//3763 2046//3763
f  2056//3764 2053//3764 2051//3764
f  2021//3765 2056//3765 2051//3765
f  2044//3766 2055//3766 2045//3766
f  2057//3767 2055//3767 2044//3767
f  2052//3768 2057//3768 2044//3768
f  2057//3769 2052//3769 2053//3769
f  2056//3770 2057//3770 2053//3770
f  2033//3771 1841//3771 1825//3771
f  2033//3771 2058//3771 1841//3771
f  2058//2467 2059//2467 1841//2467
f  2059//2467 1842//2467 1841//2467
f  2060//3772 2061//3772 1971//3772
f  2043//3773 2060//3773 1971//3773
f  2061//3774 2021//3774 1971//3774
f  2061//3775 2056//3775 2021//3775
f  2034//3776 2042//3776 1935//3776
f  2062//3777 1943//3777 1866//3777
f  1952//3778 2062//3778 1866//3778
f  2061//3779 2063//3779 2056//3779
f  2063//3780 2057//3780 2056//3780
f  2064//3781 2055//3781 2057//3781
f  2063//3782 2064//3782 2057//3782
f  2011//3783 2012//3783 1946//3783
f  2012//3784 2065//3784 1946//3784
f  2065//3785 2066//3785 1946//3785
f  2066//3786 1947//3786 1946//3786
f  2054//3787 2067//3787 2018//3787
f  2068//3788 2019//3788 2018//3788
f  2067//3789 2068//3789 2018//3789
f  2069//3790 2054//3790 2055//3790
f  2064//3791 2069//3791 2055//3791
f  2037//3792 1963//3792 1930//3792
f  2069//3793 2067//3793 2054//3793
f  2019//3794 2070//3794 2006//3794
f  2070//3795 2015//3795 2006//3795
f  1947//3796 2071//3796 1859//3796
f  2071//3797 1952//3797 1859//3797
f  1974//3798 2072//3798 1955//3798
f  2072//3799 2001//3799 1955//3799
f  2041//3800 1987//3800 1986//3800
f  2073//3801 1958//3801 1909//3801
f  2010//3802 2073//3802 1909//3802
f  2074//3803 2016//3803 1973//3803
f  2015//3804 2074//3804 1973//3804
f  2060//3805 2075//3805 2061//3805
f  2075//3806 2063//3806 2061//3806
f  2020//3807 2076//3807 2043//3807
f  2076//3808 2060//3808 2043//3808
f  2068//3809 2077//3809 2019//3809
f  2077//3810 2070//3810 2019//3810
f  2078//3811 2008//3811 1987//3811
f  2079//3812 2078//3812 1987//3812
f  2080//3813 2079//3813 1987//3813
f  2041//3814 2080//3814 1987//3814
f  2008//3815 2081//3815 2020//3815
f  2081//3816 2076//3816 2020//3816
f  2082//3817 2083//3817 2012//3817
f  1963//3818 2082//3818 2012//3818
f  2083//3819 2065//3819 2012//3819
f  2078//3820 2081//3820 2008//3820
f  2075//3821 2084//3821 2063//3821
f  2084//3822 2064//3822 2063//3822
f  2067//3823 2085//3823 2068//3823
f  2085//3824 2086//3824 2068//3824
f  2086//3825 2077//3825 2068//3825
f  2040//3826 2080//3826 2041//3826
f  2087//3827 2072//3827 1974//3827
f  2007//3828 2087//3828 1974//3828
f  2016//3829 2088//3829 1965//3829
f  2088//3830 2036//3830 1965//3830
f  2089//3831 2069//3831 2064//3831
f  2084//3832 2089//3832 2064//3832
f  2082//3833 2090//3833 2083//3833
f  2090//3834 2065//3834 2083//3834
f  2091//3835 2079//3835 2080//3835
f  2040//3836 2091//3836 2080//3836
f  2076//3837 2092//3837 2060//3837
f  2092//3838 2075//3838 2060//3838
f  2093//3839 2085//3839 2067//3839
f  2069//3840 2093//3840 2067//3840
f  2089//3841 2093//3841 2069//3841
f  2037//3842 2082//3842 1963//3842
f  2073//3843 2094//3843 1958//3843
f  2094//3844 2000//3844 1958//3844
f  2095//3845 2034//3845 2001//3845
f  2072//3846 2095//3846 2001//3846
f  2070//3847 2096//3847 2015//3847
f  2096//3848 2074//3848 2015//3848
f  2097//3849 2079//3849 2091//3849
f  2040//3850 2097//3850 2091//3850
f  2098//3851 2099//3851 1776//3851
f  2099//3851 1899//3851 1776//3851
f  1931//2467 2098//2467 1776//2467
f  1842//3852 2100//3852 1931//3852
f  2100//2467 2101//2467 1931//2467
f  2101//2467 2098//2467 1931//2467
f  2099//2467 1897//2467 1899//2467
f  2059//3852 2100//3852 1842//3852
f  2102//3853 2103//3853 2007//3853
f  1921//3854 2102//3854 2007//3854
f  2103//3855 2087//3855 2007//3855
f  1920//3856 2102//3856 1921//3856
f  2062//3857 2104//3857 1943//3857
f  2104//3858 2010//3858 1943//3858
f  2105//3859 2027//3859 2000//3859
f  2094//3860 2105//3860 2000//3860
f  2106//3861 2084//3861 2075//3861
f  2092//3862 2107//3862 2075//3862
f  2107//3863 2106//3863 2075//3863
f  2036//3864 2108//3864 2037//3864
f  2108//3865 2109//3865 2037//3865
f  2109//3866 2082//3866 2037//3866
f  2081//3867 2110//3867 2076//3867
f  2110//3868 2092//3868 2076//3868
f  2105//3869 1925//3869 2027//3869
f  2082//3870 2111//3870 2090//3870
f  2111//3871 2065//3871 2090//3871
f  2077//3872 2112//3872 2070//3872
f  2112//3873 2096//3873 2070//3873
f  2095//3874 2113//3874 2034//3874
f  2113//3875 2042//3875 2034//3875
f  2114//3876 2115//3876 2040//3876
f  2115//3877 2097//3877 2040//3877
f  2042//3878 2116//3878 2040//3878
f  2116//3879 2114//3879 2040//3879
f  2078//3880 2117//3880 2081//3880
f  2117//3881 2110//3881 2081//3881
f  2113//3882 2116//3882 2042//3882
f  2118//3883 2088//3883 2016//3883
f  2074//3884 2118//3884 2016//3884
f  2111//3885 2119//3885 2065//3885
f  2119//3886 2120//3886 2065//3886
f  2120//3887 2066//3887 2065//3887
f  2121//3888 2062//3888 1952//3888
f  2071//3889 2121//3889 1952//3889
f  2122//3890 2123//3890 1898//3890
f  1897//3890 2122//3890 1898//3890
f  2123//2470 2030//2470 1898//2470
f  2099//2467 2122//2467 1897//2467
f  2124//3891 2103//3891 2102//3891
f  1920//3892 2124//3892 2102//3892
f  2094//3893 2125//3893 2105//3893
f  2125//3894 1925//3894 2105//3894
f  2106//3895 2126//3895 2084//3895
f  2126//3896 2089//3896 2084//3896
f  2086//3897 2127//3897 2077//3897
f  2127//3898 2112//3898 2077//3898
f  2066//3899 2128//3899 1947//3899
f  2128//3900 2071//3900 1947//3900
f  2129//3901 2117//3901 2078//3901
f  2079//3902 2129//3902 2078//3902
f  2109//3903 2130//3903 2082//3903
f  2130//3904 2111//3904 2082//3904
f  2087//3905 2131//3905 2072//3905
f  2131//3906 2095//3906 2072//3906
f  2097//3907 2129//3907 2079//3907
f  2110//3908 2132//3908 2092//3908
f  2132//3909 2107//3909 2092//3909
f  2115//3910 2129//3910 2097//3910
f  2133//3911 2073//3911 2010//3911
f  2104//3912 2133//3912 2010//3912
f  2134//3913 2127//3913 2086//3913
f  2085//3914 2134//3914 2086//3914
f  2130//3915 2119//3915 2111//3915
f  2135//3916 2093//3916 2089//3916
f  2126//3917 2135//3917 2089//3917
f  2136//3918 2137//3918 1920//3918
f  2137//3919 2138//3919 1920//3919
f  2138//3920 2124//3920 1920//3920
f  2029//2467 2136//2467 1920//2467
f  2125//3921 2139//3921 1925//3921
f  2139//3922 2140//3922 1925//3922
f  2140//3923 2141//3923 1925//3923
f  2141//2467 2031//2467 1925//2467
f  2094//3924 2139//3924 2125//3924
f  2138//3925 2103//3925 2124//3925
f  2093//3926 2142//3926 2085//3926
f  2142//3927 2134//3927 2085//3927
f  2135//3928 2142//3928 2093//3928
f  2143//3929 2108//3929 2036//3929
f  2088//3930 2143//3930 2036//3930
f  2144//3931 2118//3931 2074//3931
f  2096//3932 2144//3932 2074//3932
f  2145//3933 2131//3933 2087//3933
f  2103//3934 2145//3934 2087//3934
f  2132//3935 2146//3935 2107//3935
f  2146//3936 2106//3936 2107//3936
f  2117//3937 2147//3937 2110//3937
f  2147//3938 2132//3938 2110//3938
f  2133//3939 2148//3939 2073//3939
f  2148//3940 2094//3940 2073//3940
f  2149//3941 2113//3941 2095//3941
f  2131//3942 2149//3942 2095//3942
f  2138//3943 2137//3943 2103//3943
f  2137//3944 2150//3944 2103//3944
f  2150//3945 2145//3945 2103//3945
f  2151//3946 2129//3946 2115//3946
f  2114//3947 2151//3947 2115//3947
f  2121//3948 2152//3948 2062//3948
f  2152//3949 2104//3949 2062//3949
f  2148//3950 2140//3950 2094//3950
f  2140//3951 2139//3951 2094//3951
f  2112//3952 2153//3952 2096//3952
f  2153//3953 2144//3953 2096//3953
f  2146//3954 2154//3954 2106//3954
f  2154//3955 2126//3955 2106//3955
f  2155//3956 2147//3956 2117//3956
f  2129//3957 2155//3957 2117//3957
f  2156//3958 2151//3958 2114//3958
f  2116//3959 2157//3959 2114//3959
f  2157//3960 2156//3960 2114//3960
f  2158//3961 2159//3961 2109//3961
f  2159//3962 2160//3962 2109//3962
f  2160//3963 2130//3963 2109//3963
f  2108//3964 2158//3964 2109//3964
f  2149//3965 2161//3965 2113//3965
f  2161//3966 2116//3966 2113//3966
f  2130//3967 2162//3967 2119//3967
f  2162//3968 2163//3968 2119//3968
f  2163//3969 2120//3969 2119//3969
f  2151//3970 2164//3970 2129//3970
f  2164//3971 2155//3971 2129//3971
f  2165//3972 2135//3972 2126//3972
f  2154//3973 2166//3973 2126//3973
f  2166//3974 2165//3974 2126//3974
f  2161//3975 2157//3975 2116//3975
f  2118//3976 2167//3976 2088//3976
f  2167//3977 2143//3977 2088//3977
f  2168//3978 2121//3978 2071//3978
f  2128//3979 2168//3979 2071//3979
f  2147//3980 2169//3980 2132//3980
f  2169//3981 2146//3981 2132//3981
f  2127//3982 2170//3982 2112//3982
f  2170//3983 2153//3983 2112//3983
f  2160//3984 2162//3984 2130//3984
f  2120//3985 2171//3985 2066//3985
f  2171//3986 2128//3986 2066//3986
f  2145//3987 2172//3987 2131//3987
f  2172//3988 2149//3988 2131//3988
f  2173//3989 2058//3989 2033//3989
f  2032//2470 2173//2470 2033//2470
f  2173//3989 2174//3989 2058//3989
f  2174//2467 2175//2467 2058//2467
f  2175//2467 2059//2467 2058//2467
f  2156//3990 2164//3990 2151//3990
f  2176//3991 2155//3991 2164//3991
f  2156//3992 2176//3992 2164//3992
f  2134//3993 2177//3993 2127//3993
f  2177//3994 2170//3994 2127//3994
f  2159//3995 2162//3995 2160//3995
f  2178//3996 2133//3996 2104//3996
f  2152//3997 2178//3997 2104//3997
f  2179//3998 2142//3998 2135//3998
f  2165//3999 2179//3999 2135//3999
f  2158//4000 2162//4000 2159//4000
f  2180//4001 2150//4001 2137//4001
f  2136//4002 2180//4002 2137//4002
f  2148//4003 2181//4003 2140//4003
f  2181//4004 2141//4004 2140//4004
f  2182//2467 2136//2467 2029//2467
f  2183//4005 2182//4005 2029//4005
f  2030//4005 2183//4005 2029//4005
f  2141//2467 2184//2467 2031//2467
f  2184//4006 2032//4006 2031//4006
f  2123//2470 2183//2470 2030//2470
f  2184//4006 2185//4006 2032//4006
f  2185//2470 2186//2470 2032//2470
f  2186//2470 2173//2470 2032//2470
f  2187//4007 2177//4007 2134//4007
f  2142//4008 2187//4008 2134//4008
f  2179//4009 2187//4009 2142//4009
f  2169//4010 2188//4010 2146//4010
f  2188//4011 2154//4011 2146//4011
f  2189//4012 2169//4012 2147//4012
f  2155//4013 2189//4013 2147//4013
f  2190//4014 2172//4014 2145//4014
f  2150//4015 2190//4015 2145//4015
f  2191//4016 2167//4016 2118//4016
f  2144//4017 2191//4017 2118//4017
f  2192//4018 2193//4018 2108//4018
f  2143//4019 2192//4019 2108//4019
f  2193//4020 2158//4020 2108//4020
f  2178//4021 2194//4021 2133//4021
f  2194//4022 2148//4022 2133//4022
f  2195//4023 2161//4023 2149//4023
f  2172//4024 2195//4024 2149//4024
f  2101//4025 2196//4025 2098//4025
f  2196//4025 2099//4025 2098//4025
f  2059//4026 2197//4026 2100//4026
f  2197//2467 2101//2467 2100//2467
f  2196//2467 2122//2467 2099//2467
f  2198//4026 2197//4026 2059//4026
f  2175//2467 2198//2467 2059//2467
f  2199//4027 2200//4027 2150//4027
f  2180//4028 2199//4028 2150//4028
f  2200//4029 2190//4029 2150//4029
f  2201//4030 2155//4030 2176//4030
f  2156//4031 2201//4031 2176//4031
f  2136//4032 2199//4032 2180//4032
f  2168//4033 2202//4033 2121//4033
f  2202//4034 2152//4034 2121//4034
f  2201//4035 2189//4035 2155//4035
f  2203//4036 2181//4036 2148//4036
f  2194//4037 2204//4037 2148//4037
f  2204//4038 2205//4038 2148//4038
f  2205//4039 2203//4039 2148//4039
f  2206//4040 2207//4040 2156//4040
f  2207//4041 2201//4041 2156//4041
f  2157//4042 2208//4042 2156//4042
f  2208//4043 2206//4043 2156//4043
f  2188//4044 2209//4044 2154//4044
f  2209//4045 2166//4045 2154//4045
f  2203//4046 2141//4046 2181//4046
f  2158//4047 2193//4047 2162//4047
f  2193//4048 2210//4048 2162//4048
f  2210//4049 2211//4049 2162//4049
f  2211//4050 2163//4050 2162//4050
f  2212//4051 2191//4051 2144//4051
f  2153//4052 2212//4052 2144//4052
f  2195//4053 2213//4053 2161//4053
f  2213//4054 2157//4054 2161//4054
f  2213//4055 2208//4055 2157//4055
f  2214//4056 2168//4056 2128//4056
f  2171//4057 2214//4057 2128//4057
f  2215//4058 2188//4058 2169//4058
f  2189//4059 2215//4059 2169//4059
f  2163//4060 2216//4060 2120//4060
f  2216//4061 2171//4061 2120//4061
f  2209//4062 2217//4062 2166//4062
f  2217//4063 2165//4063 2166//4063
f  2207//4064 2189//4064 2201//4064
f  2190//4065 2218//4065 2172//4065
f  2218//4066 2195//4066 2172//4066
f  2219//4067 2220//4067 2143//4067
f  2220//4068 2221//4068 2143//4068
f  2221//4069 2192//4069 2143//4069
f  2167//4070 2219//4070 2143//4070
f  2170//4071 2222//4071 2153//4071
f  2222//4072 2212//4072 2153//4072
f  2223//4073 2178//4073 2152//4073
f  2202//4074 2223//4074 2152//4074
f  2192//4075 2210//4075 2193//4075
f  2217//4076 2224//4076 2165//4076
f  2224//4077 2179//4077 2165//4077
f  2177//4078 2225//4078 2170//4078
f  2225//4079 2222//4079 2170//4079
f  2224//4080 2226//4080 2179//4080
f  2226//4081 2187//4081 2179//4081
f  2227//4082 2215//4082 2189//4082
f  2228//4083 2227//4083 2189//4083
f  2207//4084 2228//4084 2189//4084
f  2229//3119 2230//3119 2123//3119
f  2122//3119 2229//3119 2123//3119
f  2230//2470 2183//2470 2123//2470
f  2196//2467 2229//2467 2122//2467
f  2231//4085 2200//4085 2199//4085
f  2136//4086 2231//4086 2199//4086
f  2232//4087 2218//4087 2190//4087
f  2200//4088 2232//4088 2190//4088
f  2205//4089 2141//4089 2203//4089
f  2233//4090 2209//4090 2188//4090
f  2215//4091 2233//4091 2188//4091
f  2187//4092 2234//4092 2177//4092
f  2234//4093 2225//4093 2177//4093
f  2226//4094 2235//4094 2187//4094
f  2235//4095 2234//4095 2187//4095
f  2223//4096 2236//4096 2178//4096
f  2236//4097 2194//4097 2178//4097
f  2237//4098 2213//4098 2195//4098
f  2218//4099 2237//4099 2195//4099
f  2206//4100 2228//4100 2207//4100
f  2238//4101 2239//4101 2200//4101
f  2231//4102 2238//4102 2200//4102
f  2239//4103 2232//4103 2200//4103
f  2206//4104 2227//4104 2228//4104
f  2240//4105 2241//4105 2167//4105
f  2242//4106 2240//4106 2167//4106
f  2191//4107 2242//4107 2167//4107
f  2241//4108 2219//4108 2167//4108
f  2136//4109 2238//4109 2231//4109
f  2214//4110 2243//4110 2168//4110
f  2243//4111 2202//4111 2168//4111
f  2221//4112 2210//4112 2192//4112
f  2236//4113 2244//4113 2194//4113
f  2244//4114 2204//4114 2194//4114
f  2245//4115 2238//4115 2136//4115
f  2182//2467 2245//2467 2136//2467
f  2205//4116 2246//4116 2141//4116
f  2246//2467 2184//2467 2141//2467
f  2204//4117 2246//4117 2205//4117
f  2247//4118 2239//4118 2238//4118
f  2245//4119 2247//4119 2238//4119
f  2244//4120 2246//4120 2204//4120
f  2213//4121 2248//4121 2208//4121
f  2248//4122 2249//4122 2208//4122
f  2249//4123 2206//4123 2208//4123
f  2237//4124 2248//4124 2213//4124
f  2220//4125 2210//4125 2221//4125
f  2250//4126 2217//4126 2209//4126
f  2233//4127 2250//4127 2209//4127
f  2211//4128 2251//4128 2163//4128
f  2251//4129 2216//4129 2163//4129
f  2252//4130 2214//4130 2171//4130
f  2216//4131 2252//4131 2171//4131
f  2253//4132 2215//4132 2227//4132
f  2254//4133 2253//4133 2227//4133
f  2206//4134 2254//4134 2227//4134
f  2253//4135 2255//4135 2215//4135
f  2255//4136 2256//4136 2215//4136
f  2256//4137 2233//4137 2215//4137
f  2257//4138 2258//4138 2191//4138
f  2258//4139 2259//4139 2191//4139
f  2259//4140 2242//4140 2191//4140
f  2212//4141 2257//4141 2191//4141
f  2232//4142 2260//4142 2218//4142
f  2260//4143 2237//4143 2218//4143
f  2219//4144 2261//4144 2220//4144
f  2261//4145 2210//4145 2220//4145
f  2262//4146 2223//4146 2202//4146
f  2243//4147 2262//4147 2202//4147
f  2263//4148 2224//4148 2217//4148
f  2250//4149 2263//4149 2217//4149
f  2185//3118 2175//3118 2186//3118
f  2175//3109 2173//3109 2186//3109
f  2175//3109 2174//3109 2173//3109
f  2185//3118 2264//3118 2175//3118
f  2264//2467 2265//2467 2175//2467
f  2265//2467 2198//2467 2175//2467
f  2254//4150 2255//4150 2253//4150
f  2241//4151 2261//4151 2219//4151
f  2266//4152 2267//4152 2212//4152
f  2267//4153 2268//4153 2212//4153
f  2268//4154 2269//4154 2212//4154
f  2269//4155 2257//4155 2212//4155
f  2222//4156 2266//4156 2212//4156
f  2249//4157 2270//4157 2206//4157
f  2270//4158 2254//4158 2206//4158
f  2271//4159 2260//4159 2232//4159
f  2239//4160 2271//4160 2232//4160
f  2272//4161 2226//4161 2224//4161
f  2263//4162 2272//4162 2224//4162
f  2261//4163 2273//4163 2210//4163
f  2273//4164 2274//4164 2210//4164
f  2274//4165 2211//4165 2210//4165
f  2262//4166 2275//4166 2223//4166
f  2275//4167 2236//4167 2223//4167
f  2254//4168 2256//4168 2255//4168
f  2276//4169 2248//4169 2237//4169
f  2260//4170 2276//4170 2237//4170
f  2277//4171 2250//4171 2233//4171
f  2278//4172 2279//4172 2233//4172
f  2279//4173 2280//4173 2233//4173
f  2280//4174 2277//4174 2233//4174
f  2256//4175 2281//4175 2233//4175
f  2281//4176 2278//4176 2233//4176
f  2282//4177 2283//4177 2239//4177
f  2247//4178 2282//4178 2239//4178
f  2283//4179 2271//4179 2239//4179
f  2245//4180 2282//4180 2247//4180
f  2284//4181 2246//4181 2244//4181
f  2236//4182 2284//4182 2244//4182
f  2197//2467 2285//2467 2101//2467
f  2285//4183 2286//4183 2101//4183
f  2286//4183 2196//4183 2101//4183
f  2287//2467 2288//2467 2197//2467
f  2288//2467 2289//2467 2197//2467
f  2289//2467 2285//2467 2197//2467
f  2290//2467 2287//2467 2197//2467
f  2291//2467 2290//2467 2197//2467
f  2198//4184 2291//4184 2197//4184
f  2292//4185 2282//4185 2245//4185
f  2182//2467 2292//2467 2245//2467
f  2293//4186 2294//4186 2182//4186
f  2183//4186 2293//4186 2182//4186
f  2294//2467 2292//2467 2182//2467
f  2295//4187 2185//4187 2184//4187
f  2246//2467 2296//2467 2184//2467
f  2296//2467 2295//2467 2184//2467
f  2284//4188 2296//4188 2246//4188
f  2230//2470 2293//2470 2183//2470
f  2295//4187 2297//4187 2185//4187
f  2297//2470 2298//2470 2185//2470
f  2298//3118 2264//3118 2185//3118
f  2286//2467 2299//2467 2196//2467
f  2299//2467 2229//2467 2196//2467
f  2265//4184 2291//4184 2198//4184
f  2300//4189 2301//4189 2222//4189
f  2301//4190 2302//4190 2222//4190
f  2302//4191 2303//4191 2222//4191
f  2225//4192 2300//4192 2222//4192
f  2303//4193 2266//4193 2222//4193
f  2304//4194 2235//4194 2226//4194
f  2305//4195 2304//4195 2226//4195
f  2272//4196 2305//4196 2226//4196
f  2252//4197 2306//4197 2214//4197
f  2306//4198 2243//4198 2214//4198
f  2240//4199 2261//4199 2241//4199
f  2275//4200 2307//4200 2236//4200
f  2307//4201 2284//4201 2236//4201
f  2308//4202 2270//4202 2249//4202
f  2248//4203 2308//4203 2249//4203
f  2307//4204 2296//4204 2284//4204
f  2242//4205 2309//4205 2240//4205
f  2310//4206 2261//4206 2240//4206
f  2309//4207 2310//4207 2240//4207
f  2276//4208 2308//4208 2248//4208
f  2311//4209 2312//4209 2225//4209
f  2313//4210 2311//4210 2225//4210
f  2234//4211 2314//4211 2225//4211
f  2314//4212 2313//4212 2225//4212
f  2312//4213 2300//4213 2225//4213
f  2274//4214 2315//4214 2211//4214
f  2315//4215 2251//4215 2211//4215
f  2254//4216 2316//4216 2256//4216
f  2316//4217 2281//4217 2256//4217
f  2304//4218 2317//4218 2235//4218
f  2317//4219 2234//4219 2235//4219
f  2318//4220 2314//4220 2234//4220
f  2317//4221 2318//4221 2234//4221
f  2319//4222 2252//4222 2216//4222
f  2251//4223 2319//4223 2216//4223
f  2316//4224 2278//4224 2281//4224
f  2320//4225 2321//4225 2242//4225
f  2321//4226 2309//4226 2242//4226
f  2259//4227 2320//4227 2242//4227
f  2321//4228 2310//4228 2309//4228
f  2322//2470 2323//2470 2298//2470
f  2297//2470 2322//2470 2298//2470
f  2324//2506 2264//2506 2298//2506
f  2323//2506 2324//2506 2298//2506
f  2322//4229 2324//4229 2323//4229
f  2325//2467 2265//2467 2264//2467
f  2326//2467 2325//2467 2264//2467
f  2324//2467 2326//2467 2264//2467
f  2322//4229 2327//4229 2324//4229
f  2327//2467 2326//2467 2324//2467
f  2320//4230 2310//4230 2321//4230
f  2328//4231 2263//4231 2250//4231
f  2277//4232 2329//4232 2250//4232
f  2329//4233 2328//4233 2250//4233
f  2271//4234 2330//4234 2260//4234
f  2330//4235 2276//4235 2260//4235
f  2331//4236 2262//4236 2243//4236
f  2306//4237 2331//4237 2243//4237
f  2270//4238 2332//4238 2254//4238
f  2332//4239 2316//4239 2254//4239
f  2316//4240 2279//4240 2278//4240
f  2310//4241 2333//4241 2261//4241
f  2333//4242 2273//4242 2261//4242
f  2259//4243 2334//4243 2320//4243
f  2334//4244 2310//4244 2320//4244
f  2335//4245 2330//4245 2271//4245
f  2283//4246 2335//4246 2271//4246
f  2336//4247 2272//4247 2263//4247
f  2337//4248 2336//4248 2263//4248
f  2328//4249 2338//4249 2263//4249
f  2338//4250 2339//4250 2263//4250
f  2339//4251 2340//4251 2263//4251
f  2340//4252 2337//4252 2263//4252
f  2341//4253 2280//4253 2279//4253
f  2316//4254 2341//4254 2279//4254
f  2258//4255 2334//4255 2259//4255
f  2331//4256 2342//4256 2262//4256
f  2342//4257 2275//4257 2262//4257
f  2343//4258 2296//4258 2307//4258
f  2275//4259 2343//4259 2307//4259
f  2292//4260 2344//4260 2282//4260
f  2344//4261 2283//4261 2282//4261
f  2345//4262 2308//4262 2276//4262
f  2330//4263 2345//4263 2276//4263
f  2346//4264 2344//4264 2292//4264
f  2347//4265 2348//4265 2292//4265
f  2348//4266 2349//4266 2292//4266
f  2349//4267 2346//4267 2292//4267
f  2294//2467 2347//2467 2292//2467
f  2343//4268 2350//4268 2296//4268
f  2350//4269 2351//4269 2296//4269
f  2351//4270 2352//4270 2296//4270
f  2352//2467 2295//2467 2296//2467
f  2341//4271 2277//4271 2280//4271
f  2353//4272 2332//4272 2270//4272
f  2308//4273 2353//4273 2270//4273
f  2346//4274 2354//4274 2283//4274
f  2344//4275 2346//4275 2283//4275
f  2354//4276 2335//4276 2283//4276
f  2319//4277 2355//4277 2252//4277
f  2355//4278 2306//4278 2252//4278
f  2273//4279 2356//4279 2274//4279
f  2356//4280 2315//4280 2274//4280
f  2342//4281 2350//4281 2275//4281
f  2350//4282 2343//4282 2275//4282
f  2345//4283 2353//4283 2308//4283
f  2357//4284 2358//4284 2272//4284
f  2358//4285 2359//4285 2272//4285
f  2359//4286 2360//4286 2272//4286
f  2360//4287 2305//4287 2272//4287
f  2336//4288 2357//4288 2272//4288
f  2361//4289 2319//4289 2251//4289
f  2315//4290 2361//4290 2251//4290
f  2257//4291 2362//4291 2258//4291
f  2362//4292 2334//4292 2258//4292
f  2349//4293 2354//4293 2346//4293
f  2299//4294 2363//4294 2230//4294
f  2229//4294 2299//4294 2230//4294
f  2363//2470 2293//2470 2230//2470
f  2341//4295 2329//4295 2277//4295
f  2342//4296 2351//4296 2350//4296
f  2332//4297 2364//4297 2316//4297
f  2364//4298 2341//4298 2316//4298
f  2365//4299 2328//4299 2329//4299
f  2341//4300 2365//4300 2329//4300
f  2334//4301 2366//4301 2310//4301
f  2366//4302 2333//4302 2310//4302
f  2269//4303 2362//4303 2257//4303
f  2367//4304 2368//4304 2305//4304
f  2368//4305 2369//4305 2305//4305
f  2369//4306 2370//4306 2305//4306
f  2360//4307 2371//4307 2305//4307
f  2371//4308 2367//4308 2305//4308
f  2370//4309 2304//4309 2305//4309
f  2268//4310 2372//4310 2269//4310
f  2372//4311 2362//4311 2269//4311
f  2335//4312 2373//4312 2330//4312
f  2373//4313 2345//4313 2330//4313
f  2374//4314 2331//4314 2306//4314
f  2355//4315 2374//4315 2306//4315
f  2375//4316 2338//4316 2328//4316
f  2365//4317 2375//4317 2328//4317
f  2375//4318 2339//4318 2338//4318
f  2267//4319 2372//4319 2268//4319
f  2376//4320 2364//4320 2332//4320
f  2353//4321 2376//4321 2332//4321
f  2375//4322 2340//4322 2339//4322
f  2377//4323 2373//4323 2335//4323
f  2354//4324 2377//4324 2335//4324
f  2266//4325 2372//4325 2267//4325
f  2333//4326 2378//4326 2273//4326
f  2378//4327 2356//4327 2273//4327
f  2379//4328 2353//4328 2345//4328
f  2373//4329 2379//4329 2345//4329
f  2380//4330 2372//4330 2266//4330
f  2303//4331 2380//4331 2266//4331
f  2374//4332 2381//4332 2331//4332
f  2381//4333 2342//4333 2331//4333
f  2361//4334 2382//4334 2319//4334
f  2382//4335 2355//4335 2319//4335
f  2364//4336 2383//4336 2341//4336
f  2383//4337 2365//4337 2341//4337
f  2348//4338 2384//4338 2354//4338
f  2349//4339 2348//4339 2354//4339
f  2384//4340 2377//4340 2354//4340
f  2379//4341 2376//4341 2353//4341
f  2362//4342 2385//4342 2334//4342
f  2385//4343 2366//4343 2334//4343
f  2386//4344 2337//4344 2340//4344
f  2375//4345 2386//4345 2340//4345
f  2387//4346 2361//4346 2315//4346
f  2356//4347 2387//4347 2315//4347
f  2302//4348 2380//4348 2303//4348
f  2381//4349 2388//4349 2342//4349
f  2388//4350 2351//4350 2342//4350
f  2289//4351 2389//4351 2285//4351
f  2389//4351 2286//4351 2285//4351
f  2390//2467 2290//2467 2291//2467
f  2265//4352 2390//4352 2291//4352
f  2389//2467 2391//2467 2286//2467
f  2391//2467 2299//2467 2286//2467
f  2325//4352 2390//4352 2265//4352
f  2386//4353 2336//4353 2337//4353
f  2388//4354 2352//4354 2351//4354
f  2386//4355 2357//4355 2336//4355
f  2301//4356 2380//4356 2302//4356
f  2300//4357 2392//4357 2301//4357
f  2392//4358 2380//4358 2301//4358
f  2386//4359 2393//4359 2357//4359
f  2393//4360 2358//4360 2357//4360
f  2312//4361 2392//4361 2300//4361
f  2394//4362 2395//4362 2294//4362
f  2293//4362 2394//4362 2294//4362
f  2395//2467 2347//2467 2294//2467
f  2396//4363 2297//4363 2295//4363
f  2352//2467 2396//2467 2295//2467
f  2363//2470 2394//2470 2293//2470
f  2396//4363 2397//4363 2297//4363
f  2398//2470 2322//2470 2297//2470
f  2397//2470 2398//2470 2297//2470
f  2347//4364 2399//4364 2348//4364
f  2399//4365 2384//4365 2348//4365
f  2400//4366 2359//4366 2358//4366
f  2393//4367 2400//4367 2358//4367
f  2377//4368 2401//4368 2373//4368
f  2401//4369 2379//4369 2373//4369
f  2402//4370 2352//4370 2388//4370
f  2381//4371 2402//4371 2388//4371
f  2400//4372 2360//4372 2359//4372
f  2400//4373 2371//4373 2360//4373
f  2311//4374 2403//4374 2312//4374
f  2403//4375 2392//4375 2312//4375
f  2313//4376 2403//4376 2311//4376
f  2404//4377 2374//4377 2355//4377
f  2382//4378 2404//4378 2355//4378
f  2405//4379 2403//4379 2313//4379
f  2314//4380 2405//4380 2313//4380
f  2383//4381 2406//4381 2365//4381
f  2406//4382 2375//4382 2365//4382
f  2398//4383 2327//4383 2322//4383
f  2398//4383 2407//4383 2327//4383
f  2407//2467 2326//2467 2327//2467
f  2408//4384 2383//4384 2364//4384
f  2376//4385 2408//4385 2364//4385
f  2372//4386 2409//4386 2362//4386
f  2409//4387 2385//4387 2362//4387
f  2410//4388 2367//4388 2371//4388
f  2400//4389 2410//4389 2371//4389
f  2366//4390 2411//4390 2333//4390
f  2411//4391 2378//4391 2333//4391
f  2318//4392 2405//4392 2314//4392
f  2410//4393 2368//4393 2367//4393
f  2412//4394 2405//4394 2318//4394
f  2317//4395 2412//4395 2318//4395
f  2304//4396 2412//4396 2317//4396
f  2413//4397 2369//4397 2368//4397
f  2410//4398 2413//4398 2368//4398
f  2414//4399 2412//4399 2304//4399
f  2370//4400 2414//4400 2304//4400
f  2369//4401 2414//4401 2370//4401
f  2413//4402 2414//4402 2369//4402
f  2415//4403 2401//4403 2377//4403
f  2384//4404 2415//4404 2377//4404
f  2416//4405 2376//4405 2379//4405
f  2401//4406 2416//4406 2379//4406
f  2416//4407 2408//4407 2376//4407
f  2387//4408 2417//4408 2361//4408
f  2417//4409 2382//4409 2361//4409
f  2404//4410 2418//4410 2374//4410
f  2418//4411 2381//4411 2374//4411
f  2419//4412 2387//4412 2356//4412
f  2378//4413 2419//4413 2356//4413
f  2420//4414 2421//4414 2384//4414
f  2422//4415 2420//4415 2384//4415
f  2399//4416 2422//4416 2384//4416
f  2421//4417 2415//4417 2384//4417
f  2347//4418 2422//4418 2399//4418
f  2423//4419 2402//4419 2381//4419
f  2424//4420 2423//4420 2381//4420
f  2418//4421 2424//4421 2381//4421
f  2423//4422 2352//4422 2402//4422
f  2406//4423 2425//4423 2375//4423
f  2425//4424 2386//4424 2375//4424
f  2380//4425 2426//4425 2372//4425
f  2426//4426 2409//4426 2372//4426
f  2427//4427 2406//4427 2383//4427
f  2408//4428 2427//4428 2383//4428
f  2385//4429 2428//4429 2366//4429
f  2428//4430 2411//4430 2366//4430
f  2424//4431 2352//4431 2423//4431
f  2347//4432 2420//4432 2422//4432
f  2429//4433 2430//4433 2347//4433
f  2430//4434 2431//4434 2347//4434
f  2431//4435 2420//4435 2347//4435
f  2395//2467 2429//2467 2347//2467
f  2424//4436 2432//4436 2352//4436
f  2432//4437 2433//4437 2352//4437
f  2433//4438 2434//4438 2352//4438
f  2434//2467 2396//2467 2352//2467
f  2415//4439 2435//4439 2401//4439
f  2435//4440 2416//4440 2401//4440
f  2436//4441 2404//4441 2382//4441
f  2417//4442 2436//4442 2382//4442
f  2437//4443 2393//4443 2386//4443
f  2425//4444 2437//4444 2386//4444
f  2392//4445 2438//4445 2380//4445
f  2438//4446 2426//4446 2380//4446
f  2431//4447 2421//4447 2420//4447
f  2391//4448 2439//4448 2363//4448
f  2299//4448 2391//4448 2363//4448
f  2439//2470 2394//2470 2363//2470
f  2418//4449 2432//4449 2424//4449
f  2440//4450 2427//4450 2408//4450
f  2416//4451 2440//4451 2408//4451
f  2435//4452 2440//4452 2416//4452
f  2441//4453 2419//4453 2378//4453
f  2411//4454 2441//4454 2378//4454
f  2419//4455 2442//4455 2387//4455
f  2442//4456 2417//4456 2387//4456
f  2443//4457 2435//4457 2415//4457
f  2421//4458 2443//4458 2415//4458
f  2437//4459 2444//4459 2393//4459
f  2444//4460 2400//4460 2393//4460
f  2403//4461 2445//4461 2392//4461
f  2445//4462 2438//4462 2392//4462
f  2436//4463 2446//4463 2404//4463
f  2446//4464 2418//4464 2404//4464
f  2447//4465 2425//4465 2406//4465
f  2427//4466 2447//4466 2406//4466
f  2430//4467 2448//4467 2421//4467
f  2431//4468 2430//4468 2421//4468
f  2448//4469 2443//4469 2421//4469
f  2409//4470 2449//4470 2385//4470
f  2449//4471 2428//4471 2385//4471
f  2288//4472 2450//4472 2289//4472
f  2450//4472 2389//4472 2289//4472
f  2451//2467 2290//2467 2390//2467
f  2325//4473 2451//4473 2390//4473
f  2450//2467 2452//2467 2389//2467
f  2452//2467 2391//2467 2389//2467
f  2326//4473 2451//4473 2325//4473
f  2433//4474 2432//4474 2418//4474
f  2446//4475 2433//4475 2418//4475
f  2453//4476 2410//4476 2400//4476
f  2444//4477 2453//4477 2400//4477
f  2405//4478 2454//4478 2403//4478
f  2454//4479 2445//4479 2403//4479
f  2455//4480 2413//4480 2410//4480
f  2453//4481 2455//4481 2410//4481
f  2412//4482 2456//4482 2405//4482
f  2456//4483 2454//4483 2405//4483
f  2443//4484 2457//4484 2435//4484
f  2457//4485 2440//4485 2435//4485
f  2458//4486 2414//4486 2413//4486
f  2459//4487 2458//4487 2413//4487
f  2460//4488 2459//4488 2413//4488
f  2455//4489 2460//4489 2413//4489
f  2414//4490 2458//4490 2412//4490
f  2458//4491 2459//4491 2412//4491
f  2459//4492 2456//4492 2412//4492
f  2461//4493 2436//4493 2417//4493
f  2442//4494 2461//4494 2417//4494
f  2462//4495 2447//4495 2427//4495
f  2440//4496 2462//4496 2427//4496
f  2463//4497 2441//4497 2411//4497
f  2428//4498 2463//4498 2411//4498
f  2447//4499 2464//4499 2425//4499
f  2464//4500 2437//4500 2425//4500
f  2426//4501 2465//4501 2409//4501
f  2465//4502 2449//4502 2409//4502
f  2457//4503 2462//4503 2440//4503
f  2441//4504 2466//4504 2419//4504
f  2466//4505 2442//4505 2419//4505
f  2467//4506 2407//4506 2398//4506
f  2397//2470 2467//2470 2398//2470
f  2467//4506 2468//4506 2407//4506
f  2468//2467 2326//2467 2407//2467
f  2469//4507 2470//4507 2395//4507
f  2394//4507 2469//4507 2395//4507
f  2470//2467 2429//2467 2395//2467
f  2471//4508 2397//4508 2396//4508
f  2434//2467 2471//2467 2396//2467
f  2439//2470 2469//2470 2394//2470
f  2471//4508 2472//4508 2397//4508
f  2472//2470 2467//2470 2397//2470
f  2473//4509 2457//4509 2443//4509
f  2448//4510 2473//4510 2443//4510
f  2429//4511 2474//4511 2430//4511
f  2474//4512 2448//4512 2430//4512
f  2475//4513 2456//4513 2459//4513
f  2460//4514 2475//4514 2459//4514
f  2461//4515 2476//4515 2436//4515
f  2476//4516 2446//4516 2436//4516
f  2477//4517 2434//4517 2433//4517
f  2446//4518 2477//4518 2433//4518
f  2478//4519 2479//4519 2448//4519
f  2474//4520 2478//4520 2448//4520
f  2479//4521 2473//4521 2448//4521
f  2429//4522 2478//4522 2474//4522
f  2480//4523 2477//4523 2446//4523
f  2476//4524 2480//4524 2446//4524
f  2480//4525 2434//4525 2477//4525
f  2481//4526 2444//4526 2437//4526
f  2464//4527 2481//4527 2437//4527
f  2438//4528 2482//4528 2426//4528
f  2482//4529 2465//4529 2426//4529
f  2483//4530 2464//4530 2447//4530
f  2462//4531 2483//4531 2447//4531
f  2484//4532 2463//4532 2428//4532
f  2449//4533 2484//4533 2428//4533
f  2473//4534 2485//4534 2457//4534
f  2485//4535 2462//4535 2457//4535
f  2486//4536 2461//4536 2442//4536
f  2466//4537 2486//4537 2442//4537
f  2485//4538 2483//4538 2462//4538
f  2481//4539 2487//4539 2444//4539
f  2487//4540 2453//4540 2444//4540
f  2445//4541 2488//4541 2438//4541
f  2488//4542 2482//4542 2438//4542
f  2463//4543 2489//4543 2441//4543
f  2489//4544 2466//4544 2441//4544
f  2490//4545 2485//4545 2473//4545
f  2479//4546 2490//4546 2473//4546
f  2287//4547 2491//4547 2288//4547
f  2491//4547 2450//4547 2288//4547
f  2492//2467 2493//2467 2451//2467
f  2493//2467 2290//2467 2451//2467
f  2326//4548 2492//4548 2451//4548
f  2491//2467 2494//2467 2450//2467
f  2494//2467 2452//2467 2450//2467
f  2495//2467 2496//2467 2326//2467
f  2468//2467 2495//2467 2326//2467
f  2496//4548 2492//4548 2326//4548
f  2486//4549 2497//4549 2461//4549
f  2497//4550 2476//4550 2461//4550
f  2498//4551 2434//4551 2480//4551
f  2476//4552 2498//4552 2480//4552
f  2429//4553 2499//4553 2478//4553
f  2499//4554 2479//4554 2478//4554
f  2500//4555 2501//4555 2429//4555
f  2501//4556 2499//4556 2429//4556
f  2470//2467 2500//2467 2429//2467
f  2498//4557 2502//4557 2434//4557
f  2502//4558 2503//4558 2434//4558
f  2503//2467 2471//2467 2434//2467
f  2504//4559 2455//4559 2453//4559
f  2487//4560 2504//4560 2453//4560
f  2454//4561 2505//4561 2445//4561
f  2505//4562 2488//4562 2445//4562
f  2483//4563 2506//4563 2464//4563
f  2506//4564 2481//4564 2464//4564
f  2501//4565 2507//4565 2479//4565
f  2499//4566 2501//4566 2479//4566
f  2507//4567 2490//4567 2479//4567
f  2508//4568 2484//4568 2449//4568
f  2465//4569 2508//4569 2449//4569
f  2497//4570 2498//4570 2476//4570
f  2452//4571 2509//4571 2439//4571
f  2391//4571 2452//4571 2439//4571
f  2509//2470 2469//2470 2439//2470
f  2497//4572 2502//4572 2498//4572
f  2510//4573 2460//4573 2455//4573
f  2504//4574 2510//4574 2455//4574
f  2456//4575 2511//4575 2454//4575
f  2511//4576 2505//4576 2454//4576
f  2490//4577 2512//4577 2485//4577
f  2512//4578 2483//4578 2485//4578
f  2513//4579 2514//4579 2460//4579
f  2514//4580 2515//4580 2460//4580
f  2515//4581 2475//4581 2460//4581
f  2516//4582 2513//4582 2460//4582
f  2510//4583 2516//4583 2460//4583
f  2475//4584 2515//4584 2456//4584
f  2515//4585 2514//4585 2456//4585
f  2514//4586 2513//4586 2456//4586
f  2513//4587 2511//4587 2456//4587
f  2489//4588 2517//4588 2466//4588
f  2518//4589 2486//4589 2466//4589
f  2517//4590 2518//4590 2466//4590
f  2512//4591 2506//4591 2483//4591
f  2484//4592 2519//4592 2463//4592
f  2519//4593 2489//4593 2463//4593
f  2520//4594 2487//4594 2481//4594
f  2506//4595 2520//4595 2481//4595
f  2521//4596 2508//4596 2465//4596
f  2482//4597 2521//4597 2465//4597
f  2522//4598 2512//4598 2490//4598
f  2507//4599 2522//4599 2490//4599
f  2518//4600 2523//4600 2486//4600
f  2523//4601 2497//4601 2486//4601
f  2519//4602 2524//4602 2489//4602
f  2524//4603 2517//4603 2489//4603
f  2525//4604 2468//4604 2467//4604
f  2472//2470 2525//2470 2467//2470
f  2525//4604 2495//4604 2468//4604
f  2526//4605 2527//4605 2507//4605
f  2501//4606 2526//4606 2507//4606
f  2527//4607 2522//4607 2507//4607
f  2500//4608 2526//4608 2501//4608
f  2528//4609 2502//4609 2497//4609
f  2523//4610 2528//4610 2497//4610
f  2528//4611 2503//4611 2502//4611
f  2529//4612 2530//4612 2487//4612
f  2520//4613 2529//4613 2487//4613
f  2530//4614 2504//4614 2487//4614
f  2531//4615 2521//4615 2482//4615
f  2488//4616 2531//4616 2482//4616
f  2532//4617 2520//4617 2506//4617
f  2533//4618 2532//4618 2506//4618
f  2512//4619 2533//4619 2506//4619
f  2534//4620 2535//4620 2470//4620
f  2469//4620 2534//4620 2470//4620
f  2535//2467 2500//2467 2470//2467
f  2536//4621 2472//4621 2471//4621
f  2503//2467 2536//2467 2471//2467
f  2509//2470 2534//2470 2469//2470
f  2536//4621 2537//4621 2472//4621
f  2537//2470 2525//2470 2472//2470
f  2508//4622 2538//4622 2484//4622
f  2538//4623 2519//4623 2484//4623
f  2290//4624 2539//4624 2287//4624
f  2539//4624 2491//4624 2287//4624
f  2496//4625 2493//4625 2492//4625
f  2539//2467 2540//2467 2491//2467
f  2540//2467 2494//2467 2491//2467
f  2495//2467 2541//2467 2496//2467
f  2541//2467 2542//2467 2496//2467
f  2542//4625 2493//4625 2496//4625
f  2522//4626 2533//4626 2512//4626
f  2500//4627 2543//4627 2526//4627
f  2543//4628 2527//4628 2526//4628
f  2544//4629 2518//4629 2517//4629
f  2524//4630 2544//4630 2517//4630
f  2545//4631 2503//4631 2528//4631
f  2523//4632 2545//4632 2528//4632
f  2530//4633 2510//4633 2504//4633
f  2546//4634 2531//4634 2488//4634
f  2505//4635 2546//4635 2488//4635
f  2538//4636 2547//4636 2519//4636
f  2547//4637 2524//4637 2519//4637
f  2548//4638 2533//4638 2522//4638
f  2527//4639 2548//4639 2522//4639
f  2544//4640 2549//4640 2518//4640
f  2549//4641 2523//4641 2518//4641
f  2550//4642 2511//4642 2513//4642
f  2516//4643 2550//4643 2513//4643
f  2532//4644 2529//4644 2520//4644
f  2521//4645 2551//4645 2508//4645
f  2551//4646 2538//4646 2508//4646
f  2552//4647 2516//4647 2510//4647
f  2530//4648 2552//4648 2510//4648
f  2511//4649 2546//4649 2505//4649
f  2500//4650 2553//4650 2543//4650
f  2553//4651 2527//4651 2543//4651
f  2553//4652 2554//4652 2527//4652
f  2554//4653 2555//4653 2527//4653
f  2555//4654 2548//4654 2527//4654
f  2556//4655 2503//4655 2545//4655
f  2523//4656 2556//4656 2545//4656
f  2549//4657 2557//4657 2523//4657
f  2557//4658 2556//4658 2523//4658
f  2493//2506 2542//2506 2290//2506
f  2542//2506 2539//2506 2290//2506
f  2542//2467 2558//2467 2539//2467
f  2558//2467 2540//2467 2539//2467
f  2541//2467 2559//2467 2542//2467
f  2559//2467 2558//2467 2542//2467
f  2548//4659 2560//4659 2533//4659
f  2560//4660 2532//4660 2533//4660
f  2561//4661 2544//4661 2524//4661
f  2547//4662 2561//4662 2524//4662
f  2562//4663 2550//4663 2516//4663
f  2563//4664 2562//4664 2516//4664
f  2564//4665 2563//4665 2516//4665
f  2552//4666 2564//4666 2516//4666
f  2565//4667 2546//4667 2511//4667
f  2562//4668 2565//4668 2511//4668
f  2550//4669 2562//4669 2511//4669
f  2557//4670 2503//4670 2556//4670
f  2500//4671 2554//4671 2553//4671
f  2566//4672 2567//4672 2500//4672
f  2567//4673 2568//4673 2500//4673
f  2568//4674 2554//4674 2500//4674
f  2535//2467 2566//2467 2500//2467
f  2557//4675 2569//4675 2503//4675
f  2569//4676 2570//4676 2503//4676
f  2570//2467 2536//2467 2503//2467
f  2563//4677 2565//4677 2562//4677
f  2571//4678 2552//4678 2530//4678
f  2529//4679 2571//4679 2530//4679
f  2568//4680 2555//4680 2554//4680
f  2549//4681 2569//4681 2557//4681
f  2494//4682 2572//4682 2509//4682
f  2452//4682 2494//4682 2509//4682
f  2572//2470 2534//2470 2509//2470
f  2573//4683 2529//4683 2532//4683
f  2560//4684 2573//4684 2532//4684
f  2551//4685 2574//4685 2538//4685
f  2574//4686 2547//4686 2538//4686
f  2573//4687 2571//4687 2529//4687
f  2531//4688 2575//4688 2521//4688
f  2575//4689 2551//4689 2521//4689
f  2576//4690 2560//4690 2548//4690
f  2555//4691 2576//4691 2548//4691
f  2561//4692 2577//4692 2544//4692
f  2577//4693 2549//4693 2544//4693
f  2578//4694 2564//4694 2552//4694
f  2571//4695 2578//4695 2552//4695
f  2567//4696 2555//4696 2568//4696
f  2567//4697 2579//4697 2555//4697
f  2579//4698 2576//4698 2555//4698
f  2576//4699 2580//4699 2560//4699
f  2580//4700 2573//4700 2560//4700
f  2577//4701 2581//4701 2549//4701
f  2581//4702 2569//4702 2549//4702
f  2581//4703 2570//4703 2569//4703
f  2582//4704 2561//4704 2547//4704
f  2574//4705 2582//4705 2547//4705
f  2583//4706 2584//4706 2564//4706
f  2578//4707 2583//4707 2564//4707
f  2584//4708 2563//4708 2564//4708
f  2585//4709 2586//4709 2565//4709
f  2563//4710 2587//4710 2565//4710
f  2587//4711 2585//4711 2565//4711
f  2586//4712 2546//4712 2565//4712
f  2588//4713 2495//4713 2525//4713
f  2537//2470 2588//2470 2525//2470
f  2588//4713 2541//4713 2495//4713
f  2589//4714 2578//4714 2571//4714
f  2573//4715 2589//4715 2571//4715
f  2546//4716 2590//4716 2531//4716
f  2590//4717 2575//4717 2531//4717
f  2591//4718 2587//4718 2563//4718
f  2584//4719 2591//4719 2563//4719
f  2580//4720 2589//4720 2573//4720
f  2592//4721 2574//4721 2551//4721
f  2575//4722 2592//4722 2551//4722
f  2593//4723 2594//4723 2584//4723
f  2583//4724 2593//4724 2584//4724
f  2594//4725 2591//4725 2584//4725
f  2591//4726 2594//4726 2587//4726
f  2594//4727 2595//4727 2587//4727
f  2595//4728 2585//4728 2587//4728
f  2593//4729 2595//4729 2594//4729
f  2596//4730 2597//4730 2535//4730
f  2534//4730 2596//4730 2535//4730
f  2597//2467 2566//2467 2535//2467
f  2598//4731 2537//4731 2536//4731
f  2570//2467 2598//2467 2536//2467
f  2572//2470 2596//2470 2534//2470
f  2598//4731 2599//4731 2537//4731
f  2599//2470 2588//2470 2537//2470
f  2566//4732 2600//4732 2567//4732
f  2600//4733 2579//4733 2567//4733
f  2601//4734 2583//4734 2578//4734
f  2589//4735 2601//4735 2578//4735
f  2602//4736 2580//4736 2576//4736
f  2579//4737 2602//4737 2576//4737
f  2586//4738 2603//4738 2546//4738
f  2603//4739 2590//4739 2546//4739
f  2604//4740 2570//4740 2581//4740
f  2577//4741 2604//4741 2581//4741
f  2582//4742 2605//4742 2561//4742
f  2605//4743 2577//4743 2561//4743
f  2606//4744 2607//4744 2580//4744
f  2602//4745 2606//4745 2580//4745
f  2607//4746 2589//4746 2580//4746
f  2592//4747 2582//4747 2574//4747
f  2607//4748 2601//4748 2589//4748
f  2590//4749 2608//4749 2575//4749
f  2608//4750 2592//4750 2575//4750
f  2600//4751 2609//4751 2579//4751
f  2609//4752 2602//4752 2579//4752
f  2566//4753 2610//4753 2600//4753
f  2610//4754 2609//4754 2600//4754
f  2605//4755 2611//4755 2577//4755
f  2611//4756 2604//4756 2577//4756
f  2611//4757 2570//4757 2604//4757
f  2612//4758 2593//4758 2583//4758
f  2601//4759 2612//4759 2583//4759
f  2585//4760 2613//4760 2586//4760
f  2613//4761 2603//4761 2586//4761
f  2614//4762 2595//4762 2593//4762
f  2615//4763 2614//4763 2593//4763
f  2616//4764 2615//4764 2593//4764
f  2612//4765 2616//4765 2593//4765
f  2595//4766 2614//4766 2585//4766
f  2614//4767 2615//4767 2585//4767
f  2615//4768 2613//4768 2585//4768
f  2617//4769 2613//4769 2615//4769
f  2616//4770 2617//4770 2615//4770
f  2618//4771 2612//4771 2601//4771
f  2607//4772 2618//4772 2601//4772
f  2603//4773 2619//4773 2590//4773
f  2619//4774 2608//4774 2590//4774
f  2606//4775 2618//4775 2607//4775
f  2620//4776 2582//4776 2592//4776
f  2621//4777 2620//4777 2592//4777
f  2608//4778 2621//4778 2592//4778
f  2622//4779 2606//4779 2602//4779
f  2609//4780 2622//4780 2602//4780
f  2620//4781 2623//4781 2582//4781
f  2623//4782 2624//4782 2582//4782
f  2624//4783 2605//4783 2582//4783
f  2625//4784 2570//4784 2611//4784
f  2605//4785 2625//4785 2611//4785
f  2566//4786 2626//4786 2610//4786
f  2626//4787 2609//4787 2610//4787
f  2627//4788 2626//4788 2566//4788
f  2628//4789 2629//4789 2566//4789
f  2629//4790 2630//4790 2566//4790
f  2630//4791 2627//4791 2566//4791
f  2597//2467 2628//2467 2566//2467
f  2625//4792 2631//4792 2570//4792
f  2631//4793 2632//4793 2570//4793
f  2632//4794 2633//4794 2570//4794
f  2633//4795 2634//4795 2570//4795
f  2634//2467 2598//2467 2570//2467
f  2627//4796 2609//4796 2626//4796
f  2635//4797 2616//4797 2612//4797
f  2618//4798 2635//4798 2612//4798
f  2613//4799 2636//4799 2603//4799
f  2636//4800 2619//4800 2603//4800
f  2605//4801 2631//4801 2625//4801
f  2540//4802 2637//4802 2572//4802
f  2494//4802 2540//4802 2572//4802
f  2637//2470 2596//2470 2572//2470
f  2627//4803 2630//4803 2609//4803
f  2630//4804 2638//4804 2609//4804
f  2638//4805 2622//4805 2609//4805
f  2624//4806 2631//4806 2605//4806
f  2624//4807 2632//4807 2631//4807
f  2639//4808 2618//4808 2606//4808
f  2622//4809 2639//4809 2606//4809
f  2621//4810 2640//4810 2620//4810
f  2640//4811 2623//4811 2620//4811
f  2641//4812 2617//4812 2616//4812
f  2642//4813 2641//4813 2616//4813
f  2643//4814 2642//4814 2616//4814
f  2635//4815 2643//4815 2616//4815
f  2617//4816 2641//4816 2613//4816
f  2641//4817 2642//4817 2613//4817
f  2642//4818 2636//4818 2613//4818
f  2639//4819 2635//4819 2618//4819
f  2644//4820 2621//4820 2608//4820
f  2619//4821 2644//4821 2608//4821
f  2645//4822 2541//4822 2588//4822
f  2599//2470 2645//2470 2588//2470
f  2645//4822 2559//4822 2541//4822
f  2646//4823 2639//4823 2622//4823
f  2638//4824 2646//4824 2622//4824
f  2640//4825 2647//4825 2623//4825
f  2647//4826 2624//4826 2623//4826
f  2648//4827 2636//4827 2642//4827
f  2643//4828 2648//4828 2642//4828
f  2649//4829 2643//4829 2635//4829
f  2639//4830 2649//4830 2635//4830
f  2650//4831 2644//4831 2619//4831
f  2636//4832 2650//4832 2619//4832
f  2646//4833 2649//4833 2639//4833
f  2644//4834 2651//4834 2621//4834
f  2651//4835 2640//4835 2621//4835
f  2652//4836 2653//4836 2597//4836
f  2596//4836 2652//4836 2597//4836
f  2653//2467 2628//2467 2597//2467
f  2654//4837 2599//4837 2598//4837
f  2634//2467 2654//2467 2598//2467
f  2637//2470 2652//2470 2596//2470
f  2654//4837 2655//4837 2599//4837
f  2655//2470 2645//2470 2599//2470
f  2630//4838 2629//4838 2638//4838
f  2629//4839 2656//4839 2638//4839
f  2656//4840 2646//4840 2638//4840
f  2647//4841 2633//4841 2624//4841
f  2633//4842 2632//4842 2624//4842
f  2657//4843 2648//4843 2643//4843
f  2658//4844 2657//4844 2643//4844
f  2659//4845 2658//4845 2643//4845
f  2649//4846 2659//4846 2643//4846
f  2648//4847 2657//4847 2636//4847
f  2658//4848 2650//4848 2636//4848
f  2657//4849 2658//4849 2636//4849
f  2628//4850 2660//4850 2629//4850
f  2660//4851 2656//4851 2629//4851
f  2661//4852 2634//4852 2633//4852
f  2647//4853 2661//4853 2633//4853
f  2662//4854 2649//4854 2646//4854
f  2656//4855 2662//4855 2646//4855
f  2651//4856 2663//4856 2640//4856
f  2663//4857 2647//4857 2640//4857
f  2662//4858 2659//4858 2649//4858
f  2650//4859 2664//4859 2644//4859
f  2664//4860 2651//4860 2644//4860
f  2665//4861 2650//4861 2658//4861
f  2659//4862 2665//4862 2658//4862
f  2666//4863 2665//4863 2659//4863
f  2667//4864 2666//4864 2659//4864
f  2662//4865 2667//4865 2659//4865
f  2665//4866 2666//4866 2650//4866
f  2666//4867 2668//4867 2650//4867
f  2668//4868 2664//4868 2650//4868
f  2667//4869 2668//4869 2666//4869
f  2669//4870 2670//4870 2656//4870
f  2671//4871 2669//4871 2656//4871
f  2660//4872 2671//4872 2656//4872
f  2670//4873 2662//4873 2656//4873
f  2672//4874 2661//4874 2647//4874
f  2673//4875 2672//4875 2647//4875
f  2663//4876 2673//4876 2647//4876
f  2628//4877 2671//4877 2660//4877
f  2672//4878 2634//4878 2661//4878
f  2670//4879 2667//4879 2662//4879
f  2664//4880 2674//4880 2651//4880
f  2674//4881 2663//4881 2651//4881
f  2628//4882 2669//4882 2671//4882
f  2628//4883 2675//4883 2669//4883
f  2675//4884 2670//4884 2669//4884
f  2673//4885 2634//4885 2672//4885
f  2676//4886 2677//4886 2628//4886
f  2677//4887 2678//4887 2628//4887
f  2678//4888 2675//4888 2628//4888
f  2653//2467 2676//2467 2628//2467
f  2673//4889 2679//4889 2634//4889
f  2680//4890 2676//4890 2634//4890
f  2681//4891 2680//4891 2634//4891
f  2679//4892 2681//4892 2634//4892
f  2676//2467 2654//2467 2634//2467
f  2663//4893 2679//4893 2673//4893
f  2558//4894 2682//4894 2637//4894
f  2540//4894 2558//4894 2637//4894
f  2682//2470 2652//2470 2637//2470
f  2683//4895 2668//4895 2667//4895
f  2684//4896 2683//4896 2667//4896
f  2685//4897 2684//4897 2667//4897
f  2670//4898 2685//4898 2667//4898
f  2668//4899 2683//4899 2664//4899
f  2683//4900 2684//4900 2664//4900
f  2684//4901 2674//4901 2664//4901
f  2682//4902 2559//4902 2645//4902
f  2655//2470 2682//2470 2645//2470
f  2682//4902 2558//4902 2559//4902
f  2686//4903 2674//4903 2684//4903
f  2685//4904 2686//4904 2684//4904
f  2678//4905 2685//4905 2670//4905
f  2675//4906 2678//4906 2670//4906
f  2681//4907 2679//4907 2663//4907
f  2674//4908 2681//4908 2663//4908
f  2655//3109 2654//3109 2653//3109
f  2652//3109 2655//3109 2653//3109
f  2654//2467 2676//2467 2653//2467
f  2682//2470 2655//2470 2652//2470
f  2677//4909 2685//4909 2678//4909
f  2674//4910 2680//4910 2681//4910
f  2677//4911 2687//4911 2685//4911
f  2687//4912 2686//4912 2685//4912
f  2687//4913 2688//4913 2674//4913
f  2688//4914 2680//4914 2674//4914
f  2686//4915 2687//4915 2674//4915
f  2689//4916 2676//4916 2680//4916
f  2688//4917 2689//4917 2680//4917
f  2676//4918 2690//4918 2677//4918
f  2690//4919 2687//4919 2677//4919
f  2690//4920 2688//4920 2687//4920
f  2676//4921 2689//4921 2690//4921
f  2689//4922 2688//4922 2690//4922

